0,1,2,3,4,5,6,label
0.6720246,-0.19624156,0.11168216,-0.7091999,-0.77321225,-0.009160608,-0.09347226,1
-0.13567841,0.33859247,-0.020953104,-0.72274834,-0.8484889,0.117212534,-0.28890568,1
0.5638825,0.7608681,0.25340384,-0.6863084,-0.8143887,-0.19451219,-0.23455492,1
0.1971346,0.0867908,-0.12522712,-0.77591044,-0.80105263,-0.07138312,-0.1878761,0
0.9267369,0.50804925,0.0065279454,-0.7694699,-0.7830787,-0.2950045,-0.08297145,1
-0.03873256,0.525905,-0.030431494,-0.7983779,-0.76609176,-0.23888683,-0.33025223,1
0.7339778,0.29344088,-0.05736196,-0.7415577,-0.764497,-0.28690633,0.32564408,1
-0.06784436,0.6057588,0.333754,-0.8237631,-0.6487001,0.45558465,0.15916789,0
0.23761684,0.31638345,0.174591,-0.941124,-0.5730008,0.076855764,0.117682695,1
0.58040774,0.8495448,0.38973063,-0.7477083,-0.7381139,-0.37049818,-0.4860898,1
0.0901244,0.7745714,-0.12546596,-0.8248309,-0.7627074,0.0021121427,-0.42896497,0
0.80182993,0.3597912,0.22196758,-0.7768699,-0.7351034,-0.18202715,-0.58351666,0
0.13956693,0.23174569,0.09297083,-0.8236604,-0.7181999,0.00030638278,-0.30819803,0
0.44906998,0.47675544,-0.22692743,-0.6305247,-0.8911201,0.09181464,0.14735246,1
0.65285647,-0.03862536,0.20815639,-0.7437483,-0.74979746,0.019428082,-0.39088058,0
-0.059500635,0.645327,0.0058672875,-0.81658477,-0.7482182,-0.38413325,-0.39726195,1
0.6540191,0.27845216,0.009999536,-0.7356222,-0.75957996,-0.29605192,0.2999577,1
-0.30739176,0.5656054,0.16811197,-0.6771207,-0.85866493,-0.33167526,-0.20409347,1
0.70780754,0.0776535,0.31191665,-0.7998933,-0.73214316,0.24376449,-0.6743828,0
0.88384604,0.08865696,0.29013646,-0.75544447,-0.74047333,-0.1983347,-0.3961649,1
0.12282561,0.22935392,0.043543518,-0.89722854,-0.64835316,-0.42068413,-0.22178492,0
-0.43771005,0.3245493,0.43123695,-0.71854824,-0.781848,-0.03104446,-0.27996147,0
-0.2954918,0.5266552,0.043871567,-0.7029884,-0.8498392,-0.23738493,-0.27505052,1
0.21820986,-0.4199183,-0.18000725,-0.7272057,-0.7774751,-0.13404429,-0.36751103,1
0.24251816,-1.0,-0.03881271,-0.6918676,-0.803142,0.09132433,-0.494995,1
0.6339073,0.28775224,-0.043016195,-0.8259239,-0.71807045,0.12687023,-0.3087374,1
-0.14538524,0.00589332,0.49249423,-0.8738053,-0.5647284,-0.78228205,-0.02729334,1
-0.34719443,0.6971077,0.01915592,-0.62866545,-0.9478956,-0.0885125,-0.42606252,1
0.48739576,0.8265017,0.22291334,-0.6714477,-0.8338536,-0.11486893,-0.4125566,1
0.19191118,0.29398853,-0.036619663,-0.89924073,-0.6690131,-0.36244857,-0.34434927,0
0.5043094,0.6097657,-0.11339691,-0.67239296,-0.8624801,-0.11192951,-0.009027094,1
-0.021928579,0.67728937,0.47331628,-0.50810397,-0.9595558,0.1927394,-0.27965933,0
0.8209975,0.3085553,0.080147505,-0.72874016,-0.7937071,-0.0774637,-0.23601377,1
-0.018568963,0.59285206,0.048898317,-0.86660737,-0.6740844,-0.4977171,-0.24543537,1
0.76211095,0.49875045,0.28677687,-0.78327364,-0.7209954,-0.26785928,-0.58730906,0
0.5472551,0.720231,0.12637892,-0.82831174,-0.7107664,0.09485489,-0.31176332,0
-0.0068951547,0.8000108,-0.21038735,-0.81284356,-0.81279486,-0.08013666,-0.67722607,0
0.028945148,0.33490348,0.596102,-0.82503706,-0.6281555,-0.09111715,0.029441237,0
0.19687268,0.33765018,0.060398467,-0.84901184,-0.68660975,0.36640587,0.06630227,1
0.69335735,0.82360494,0.2628783,-0.71784776,-0.7767528,-0.47438282,0.28760463,1
0.045473307,-0.1118018,0.1856131,-0.81557596,-0.7143764,-0.12809417,-0.15952528,1
0.63061035,0.45683232,0.26399517,-0.85815847,-0.6318559,-0.14553201,-0.08377357,0
-0.2237575,0.65769714,0.082757935,-0.79149544,-0.7468791,-0.33539107,-0.20552982,1
-0.04214689,0.76975334,0.028982967,-0.7330278,-0.8370578,0.13961037,-0.4520207,0
0.7210325,0.30366516,-0.09075366,-0.74062914,-0.76821774,-0.25957674,0.33418196,0
0.28261465,0.32434824,-0.0887323,-0.8626875,-0.72199464,0.017124668,-0.47203612,0
-0.015095353,-0.2614327,0.15763651,-0.8637822,-0.67015123,-0.2023047,-0.51685387,0
0.7280588,0.17199445,0.3351416,-0.76664966,-0.731434,-0.103476666,-0.5761893,0
0.83876306,0.03215182,0.11465712,-0.725047,-0.78598094,-0.042974364,-0.38229296,0
0.7158207,0.40133926,0.2505541,-0.7756764,-0.7354491,-0.1067599,-0.48964638,0
-0.19819272,0.4851892,0.27790052,-0.8335461,-0.66800475,-0.48664737,-0.09616017,0
0.22732365,-0.4487617,-0.18803865,-0.7219705,-0.7721626,-0.18723363,-0.281044,1
0.6811125,0.5525584,-0.06373398,-0.83679676,-0.72429764,0.07756679,-0.4124471,1
0.15047061,0.3231413,-0.0032022744,-0.88632655,-0.6768328,-0.38946548,-0.40766093,1
0.70428896,0.48496336,0.08762973,-0.84465355,-0.69528717,-0.003641799,-0.2603121,0
-0.46078682,0.15406784,0.38558975,-0.6874929,-0.8117182,0.068071574,-0.13366188,1
0.4207515,0.55666333,0.29902393,-0.6344559,-0.8567205,0.019363396,-0.21450174,1
0.7479304,0.76432556,0.43180135,-0.706467,-0.7697364,-0.4627762,-0.18326071,1
0.5720222,0.370631,0.3004943,-0.86570334,-0.6350381,-0.012880109,-0.46723768,0
0.62723094,0.73282385,-0.01854384,-0.8138368,-0.73849463,0.02166789,-0.1811369,0
-0.16524395,0.41565007,0.19735038,-0.8022102,-0.7143191,-0.2662288,-0.03845954,1
0.36198175,0.7717556,0.3418417,-0.78985214,-0.71532947,0.067794055,-0.6965587,0
0.37787998,0.67905295,0.23888838,-0.6525961,-0.85771406,0.07521963,-0.41051328,1
-0.06740746,-0.23463714,0.28025797,-0.75553775,-0.7461878,-0.14018987,-0.07950823,1
0.5730177,0.21389134,0.5288737,-0.7345058,-0.7167391,-0.27215466,-0.38338074,0
-0.048336,-0.22014004,0.2538312,-0.7627083,-0.7553844,-0.05486065,-0.2469228,0
0.7391593,0.1932887,0.3686459,-0.7857383,-0.69986147,-0.21345955,-0.48550433,0
0.90748626,0.49779892,0.07853483,-0.7588267,-0.7652733,-0.2320594,-0.37461403,1
-0.11651078,0.60412467,0.21791065,-0.881387,-0.6555133,-0.4391472,-0.33160305,0
0.6810442,-0.06204167,0.08049903,-0.7546658,-0.7657571,0.18284324,-0.30098167,0
-0.035826653,-0.81586087,0.38417014,-0.7343259,-0.6578914,-0.41454756,-0.13035983,1
0.2237778,0.33241892,-0.15684262,-0.8586896,-0.7171514,-0.37779114,-0.3697973,1
0.41554415,0.9450993,0.04978767,-0.7497472,-0.8052372,0.14365074,-0.37556097,0
-0.35313326,0.7825237,0.3914441,-0.7257905,-0.7463303,0.60723627,0.12066874,0
0.7696566,0.2533698,-0.19958007,-0.7298618,-0.81125695,-0.18501186,0.020574331,1
0.79095864,0.64728725,0.18359616,-0.6746469,-0.8427806,-0.13760963,-0.26569337,1
-0.06662938,-0.11439049,0.107397355,-0.79352945,-0.73887527,-0.05080595,-0.23188993,1
0.8863089,0.38249335,0.2469261,-0.7570099,-0.74863505,-0.24615334,-0.31917965,1
0.53080183,0.5349449,0.105345376,-0.82533324,-0.698491,0.07873097,-0.2527375,0
0.14304876,0.2532412,-0.056098342,-0.8813337,-0.70554924,-0.22740567,-0.6087191,0
0.14678045,0.3181401,-0.04632938,-0.8749252,-0.69735396,-0.33393443,-0.45307824,0
0.6804529,0.4328153,-0.112240866,-0.81813425,-0.7316417,0.076125056,-0.17418066,0
0.5786206,-0.07283589,0.46392274,-0.71725816,-0.7415428,-0.08565825,-0.21032833,1
-0.24551386,0.53926826,-0.044269696,-0.658339,-0.92625046,-0.09996561,-0.45298702,1
0.70285624,0.015589386,-0.00977096,-0.71519434,-0.7828197,-0.067899436,-0.33299902,1
0.4608307,0.29793108,0.4476524,-0.86750877,-0.59755605,-0.10456765,-0.38223824,0
-0.08853459,0.6377113,-0.027996048,-0.8674469,-0.7019028,-0.2845394,-0.3744263,0
0.730198,0.3039116,0.10860492,-0.820874,-0.71011496,-0.031447276,-0.33951592,0
-0.09037128,0.50295407,-0.08717984,-0.7194726,-0.8739195,-0.1591158,-0.47159708,0
-0.12887618,0.5236,0.119169414,-0.7064135,-0.84849304,-0.077350534,-0.28375676,0
-0.11395365,0.6866107,0.38892096,-0.84882855,-0.6587604,-0.13810211,-0.50588834,0
0.56497836,-0.5842073,0.57787323,-0.77742016,-0.7012796,0.32983235,-0.73336947,0
0.92406046,0.3055907,0.21455377,-0.75578004,-0.75504583,-0.22311619,-0.3946253,1
0.08422911,-0.034654647,0.13531595,-0.83848137,-0.713808,-0.07603684,-0.44961113,0
-0.17495102,-0.36101466,0.21179269,-0.7026708,-0.7998562,0.001766324,-0.17445052,1
0.6327673,0.5794077,0.01734063,-0.68378377,-0.81669927,-0.27737775,0.41369677,1
-0.04900062,-0.4928527,-0.014464363,-0.62930053,-0.84754384,-0.024172626,-0.33120757,1
0.6087154,0.60766125,-0.0175011,-0.85384303,-0.70235026,0.08773492,-0.41316345,0
0.32533956,0.23410572,0.41303888,-0.8260364,-0.6438085,0.044279948,-0.45686957,0
0.7367048,0.31013635,0.15086806,-0.7519885,-0.7410405,-0.23074241,-0.3388412,1
0.70081997,0.26500437,0.08739801,-0.73979014,-0.77725065,-0.013809316,-0.3886642,1
0.6394886,0.5354507,0.18215272,-0.85836303,-0.67756385,0.08597855,-0.6307943,0
0.35118538,0.2958721,-0.12491724,-0.87656015,-0.7110567,0.013390891,-0.3296399,0
-0.089327574,0.076600015,-0.03075552,-0.65899664,-0.81892926,-0.18955563,-0.21483813,1
0.7694126,0.31371883,0.14416823,-0.7680735,-0.75023603,-0.08525406,-0.5319132,1
0.8080352,0.23862208,0.28136644,-0.77166915,-0.7428266,-0.09183819,-0.6547575,1
0.6951344,-0.07576704,0.028189093,-0.75022715,-0.7705349,0.16368872,-0.26369795,0
0.25924116,0.65548587,-0.11869678,-0.816344,-0.7600566,-0.048389316,-0.3659738,0
0.6959821,0.5288154,0.051869243,-0.84120256,-0.7234058,0.10806677,-0.61288154,0
0.95287174,0.3889516,0.14587134,-0.7625693,-0.7606814,-0.1925251,-0.34656838,1
-0.24613798,0.6614007,0.17754212,-0.82430285,-0.7068733,-0.37584028,-0.35198614,0
-1.0,0.49328893,0.90008026,-0.43658656,-0.9272545,-0.5635594,0.97001266,1
0.9096125,0.18049444,0.21061131,-0.75579333,-0.7672957,-0.049796414,-0.40006578,0
0.86477506,0.22582242,0.2395193,-0.7322042,-0.77028936,-0.17461309,-0.20248188,1
0.14530638,-0.09889731,0.096256465,-0.81520635,-0.73456514,-0.06893398,-0.23041928,0
0.7158294,0.68071234,-0.035171628,-0.6936456,-0.8212556,-0.3065304,0.42175508,1
0.7708271,0.4302103,0.33247972,-0.78690696,-0.708694,-0.2781378,-0.5370351,0
0.65170735,0.2571174,-0.29321206,-0.6976033,-0.825994,-0.021627463,0.17863107,1
0.06447092,-0.22200567,0.06502579,-0.82258373,-0.72481227,-0.0012577772,-0.27271712,1
0.76228404,0.41301465,0.20687085,-0.79262185,-0.7303956,-0.07987709,-0.5544039,0
-0.009659946,-0.11376235,0.07379849,-0.80712557,-0.7316209,-0.06946345,-0.24325825,1
0.4882872,0.7859993,-0.08138588,-0.77125555,-0.78115994,0.13427196,-0.2710608,0
-0.05820173,0.4246642,0.16317488,-0.8857402,-0.6321784,-0.5252797,-0.057946384,1
0.5328867,0.64724195,0.21361691,-0.740603,-0.7329849,-0.4553854,0.29491746,1
-0.102914095,0.7069843,0.13762257,-0.8659456,-0.6774712,-0.45510203,-0.33396795,1
0.61247635,0.8088908,0.17811024,-0.7211882,-0.80281746,-0.092948794,-0.6108923,0
0.4753258,0.81239533,0.3905393,-0.7321083,-0.7485937,-0.25093,-0.44760734,1
-0.26952064,0.6868181,0.2197518,-0.7407472,-0.81256723,-0.014146604,-0.26394597,0
0.3092173,0.78244627,0.3569539,-0.6812542,-0.8008965,-0.07827555,-0.29720265,0
-0.25058573,0.53118247,0.0070033297,-0.6713134,-0.89574957,-0.13520999,-0.30028835,0
0.5111336,0.64656144,0.3029213,-0.70227283,-0.7871971,-0.14895955,-0.498074,1
-0.095469534,0.42843708,0.11705613,-0.7262962,-0.84431565,0.07064578,-0.33897203,0
0.022806853,0.7302644,-0.039293185,-0.8422629,-0.722545,-0.06173487,-0.32483554,0
0.7807677,0.0003618002,0.27230203,-0.7592849,-0.74137646,-0.051082194,-0.47730148,0
0.49800104,0.3716923,0.3931704,-0.8566867,-0.6210926,-0.08721402,-0.39608318,0
0.77246153,0.05505398,0.1708245,-0.7810332,-0.73531526,0.02707871,-0.47200185,1
-0.51188207,0.6186675,0.1710258,-0.58887076,-0.9551693,-0.12845138,-0.32464352,1
0.4029085,0.8209001,0.3135625,-0.80672807,-0.68706626,-0.18097308,-0.1628641,0
0.8598143,0.4721839,0.05599183,-0.80574983,-0.750238,-0.2130363,-0.23568991,0
0.4091646,0.6252975,-0.044615656,-0.92724144,-0.5970945,0.36012214,0.3374185,0
0.73633933,0.55527157,0.1169791,-0.8183501,-0.7218848,0.008634351,-0.40755323,0
0.8813425,0.3021831,0.056788348,-0.7358753,-0.7611244,-0.41637224,0.4897803,1
0.8285218,0.24717742,0.29268414,-0.7414589,-0.7684361,-0.10549112,-0.40761787,0
0.36687353,0.44167545,-0.10257232,-0.86820114,-0.6775707,0.593629,0.5058328,1
-0.491302,0.28913757,0.34699565,-0.63200134,-0.8748081,0.06937255,-0.26368785,1
0.7150366,0.06755072,0.15138263,-0.723762,-0.7615391,-0.2600386,0.2790798,1
0.685271,0.07250491,0.5106429,-0.7302739,-0.72090685,-0.28728244,-0.30731425,0
0.05154583,0.45291567,-0.05264969,-0.8799671,-0.67688775,-0.42069355,-0.24798992,1
-0.17177868,0.67139745,0.06421615,-0.7022259,-0.8661544,-0.2802273,-0.3535974,1
0.7415681,0.1225951,0.13526157,-0.7132598,-0.78555804,-0.08898699,-0.30704808,1
0.0061730742,0.1825242,-0.04969451,-0.78735006,-0.7889511,0.011250399,-0.35561982,1
0.6219712,0.72683585,0.051226154,-0.7327013,-0.7894938,-0.10172099,-0.39119118,1
0.68695134,0.46114913,0.3808808,-0.78550905,-0.68720627,-0.3731301,-0.4545337,1
0.7150979,0.024260014,0.026224487,-0.7263591,-0.778794,-0.0065299273,-0.1285059,1
0.032570362,0.05659914,0.09761583,-0.84202784,-0.6875794,-0.4350062,-0.47043556,0
0.9728759,0.43393064,0.18481529,-0.7625362,-0.76050264,-0.23152736,-0.4085713,1
-0.051801294,0.8723555,0.14871415,-0.7913704,-0.71672195,0.5206328,0.11817095,0
0.01998496,0.60631484,0.089726985,-0.89181685,-0.6674038,-0.41176718,-0.40538728,0
-0.052299738,0.78852737,0.058136366,-0.846047,-0.72519034,-0.31163722,-0.43583632,0
0.7340959,0.4493172,0.16698638,-0.75394017,-0.7628649,-0.10951668,-0.32723236,1
0.9369498,0.25436664,-0.22936335,-0.70004576,-0.8394993,-0.23547785,0.94497025,1
0.73577744,0.34839123,0.08269814,-0.8445494,-0.6996941,0.056784466,-0.3045105,0
0.24585524,0.66947865,-0.1289129,-0.87160707,-0.7245659,-0.018964857,-0.46904424,0
0.7635776,0.46586192,0.26552582,-0.7714554,-0.719775,-0.31508696,-0.44634688,1
0.7658566,0.36096588,0.29930094,-0.77411866,-0.7171314,-0.2652359,-0.4806805,0
0.081829995,0.75579214,0.03088262,-0.83787334,-0.7376202,-0.0018587708,-0.5442695,1
0.5795352,0.48158106,0.051369667,-0.8288109,-0.7062247,0.12789282,-0.3125152,0
0.23749396,0.11298509,-0.07512085,-0.8292743,-0.7336482,0.0044465736,-0.36201376,0
0.42232218,0.21128018,0.34941792,-0.80468035,-0.6927693,0.18157396,-0.48054433,0
0.6892799,0.24340995,-0.32442808,-0.7118933,-0.8304808,0.051696375,-0.025045544,1
0.99999994,0.353054,0.14992473,-0.75292397,-0.7700693,-0.20530114,-0.28752163,1
0.62519085,0.43543917,-0.18544286,-0.7944208,-0.7544626,0.06822649,-0.2606818,1
0.09334937,0.21902353,-0.087671205,-0.8636788,-0.7286387,-0.14684965,-0.67867434,0
0.5359931,0.7892959,0.22903237,-0.69630015,-0.81742036,-0.08151284,-0.5643455,0
0.051952124,-0.07619479,0.13756272,-0.8048108,-0.7193365,-0.20869526,-0.2630146,1
0.5136225,0.7060464,0.050287835,-0.7458195,-0.8029391,0.15475836,-0.39307347,1
-0.4856851,0.3747502,0.4537739,-0.69161373,-0.7789798,-0.22332604,-0.038192406,0
-0.78802216,0.5863932,0.61694515,-0.46437994,-0.95518434,-0.46057764,0.8126589,1
0.7646811,0.4736113,0.21000853,-0.798172,-0.7204732,-0.15770066,-0.5950178,1
-0.041201204,-0.051660955,0.26466668,-0.806969,-0.70250577,-0.38507354,-0.29755586,0
0.964129,0.18481866,0.19706434,-0.73828024,-0.76784164,-0.22288646,-0.313632,0
0.23624966,0.27026057,-0.16200364,-0.83901185,-0.7423329,-0.5022073,-0.22100092,1
0.18280314,0.73912954,-0.16388515,-0.84050506,-0.7506772,-0.008880697,-0.42896476,0
-0.11195946,0.3749306,0.10853876,-0.7946236,-0.7794391,0.041858435,-0.46661493,0
0.815531,0.22434957,0.1307755,-0.7470975,-0.7561122,-0.17136346,-0.33497217,1
-0.47125638,0.5455982,0.39963743,-0.65438783,-0.8535222,-0.12922505,-0.21213518,1
-0.24806029,0.59121424,0.4206466,-0.7534968,-0.7127836,0.58529454,0.13096425,0
0.39399093,0.8392072,0.15273592,-0.7362959,-0.79080266,0.13882618,-0.26106763,0
0.028054565,0.3418241,0.1452403,-0.8360425,-0.7185087,-0.3275231,-0.47005868,0
0.4071902,0.6934781,0.26864684,-0.68256986,-0.81082016,-0.060860477,-0.43635225,0
0.043471664,0.7727184,-0.11095445,-0.8010268,-0.7789457,0.020258047,-0.3251725,0
0.6929102,0.14923018,0.173302,-0.6825385,-0.8223909,-0.01238507,-0.39188468,1
0.05725345,-0.44597912,0.1076616,-0.7299178,-0.7312751,-0.24139813,-0.36895412,1
0.85959345,0.4733851,0.16576877,-0.7699443,-0.7600358,-0.14184602,-0.5638102,1
0.69812,0.65483606,-0.061951056,-0.7832449,-0.77170557,0.002313733,-0.25534314,0
0.019264162,0.64791375,-0.05095452,-0.7422731,-0.8402312,-0.1109034,-0.30405816,0
0.6211768,0.34137365,-0.067328334,-0.8387903,-0.71062875,0.14554176,-0.2900409,0
0.7524837,0.7711457,0.15503728,-0.77012044,-0.7683504,-0.4140069,-0.19386737,1
0.5647293,0.9453563,0.21725786,-0.8484521,-0.683532,-0.03625159,-0.72130126,0
0.67362446,0.3590008,0.45124784,-0.71781826,-0.74688655,-0.31119883,-0.13827682,1
0.41897398,0.97677994,0.3026719,-0.7372478,-0.78416777,-0.0031574443,-0.38378188,1
0.6591886,0.8833089,0.012068257,-0.800974,-0.7505813,-0.068033725,-0.3811375,0
0.10046436,0.55791116,-0.06415078,-0.880329,-0.6899731,-0.41152614,-0.3970013,1
0.10659295,0.9290528,0.06108225,-0.8694899,-0.6405055,0.35902536,0.3451286,1
0.077046186,0.14749718,0.100304246,-0.83624035,-0.7262539,-0.26903853,-0.62588,0
-0.20913535,0.5727122,-0.050559625,-0.72129947,-0.8451942,-0.18291308,-0.5087036,1
0.60150087,0.8188461,0.20374921,-0.72858745,-0.7843326,-0.16534899,-0.54125255,0
-0.32321876,0.3764075,-0.024921134,-0.6189884,-0.948714,-0.061154455,-0.28626204,1
0.33585215,0.8285523,0.42647958,-0.64531916,-0.8532818,0.0015538484,-0.585907,1
0.106481165,0.7779809,0.08890614,-0.8511216,-0.66621935,0.49225205,0.052826583,0
0.30370998,0.06284723,-0.26277348,-0.79394317,-0.7789506,-0.499891,-0.096231356,0
0.19115911,0.65291715,-0.20554876,-0.84870976,-0.73729134,-0.013589703,-0.28938818,1
-0.04654014,0.73170364,0.28911445,-0.7905309,-0.7439381,-0.043434888,-0.4415862,0
-0.043201536,0.7693882,-0.19546297,-0.8090008,-0.8143736,-0.043443628,-0.6393006,0
0.4922952,-0.22791022,0.33644935,-0.7304581,-0.7168534,-0.05249099,-0.07664019,1
-0.19102418,-0.23297668,0.54888415,-0.75746864,-0.70171547,-0.32173535,-0.07584514,1
-0.017227232,-0.34390903,-0.056821167,-0.67215574,-0.79681444,-0.19541526,-0.22527352,1
0.55028194,0.046536237,0.32052994,-0.75375557,-0.6960581,-0.2144688,-0.21105914,1
0.05029431,-0.053791076,0.09014207,-0.7835968,-0.7801284,0.065506846,-0.41960797,0
0.7381241,0.0494802,0.33185774,-0.7520657,-0.7295401,-0.16652524,-0.47596377,1
0.118554145,0.16889589,0.07011765,-0.8798668,-0.6589317,-0.43245926,-0.25743884,0
0.75979364,0.4950088,-0.049850672,-0.8312737,-0.7281198,0.06569882,-0.26034084,0
-0.04269421,0.58575076,0.0052187145,-0.7789186,-0.8003005,-0.3137742,-0.3770883,1
0.7388518,0.36914414,0.21210322,-0.78167003,-0.7237329,-0.17137222,-0.5081931,0
0.39739245,0.10504365,0.2602321,-0.8890971,-0.6095437,0.43625408,0.14659727,0
0.5243966,0.20459928,0.34472302,-0.80792046,-0.6994524,0.16584173,-0.5681701,0
0.6205256,-0.06500223,0.35626435,-0.77532864,-0.70183057,-0.04080508,-0.4320017,0
-0.2716213,0.609283,0.7902862,-0.8193563,-0.54563063,0.346987,0.63194853,0
0.8711184,0.5454052,0.15040769,-0.8031662,-0.699484,-0.61197037,-0.198217,0
0.6721871,0.5969641,-0.051067322,-0.8397595,-0.6941862,0.022028789,-0.17166077,0
-0.07668638,0.5945935,0.12306952,-0.853028,-0.6712202,-0.5505989,-0.23718217,1
0.054813832,0.1933184,-0.013480037,-0.85774326,-0.72055846,-0.20595086,-0.66327715,0
0.6360705,0.3898934,0.35534582,-0.7934394,-0.6841707,-0.23797041,-0.28398588,0
-0.25018442,0.25142547,0.16699061,-0.7154178,-0.82252675,0.027986944,-0.23767646,0
0.7271149,0.4392989,0.07442359,-0.8167874,-0.715912,-0.0701142,-0.2888413,1
0.21086016,-0.33528155,0.2570075,-0.82977897,-0.70967656,0.19343355,-0.84767395,0
-0.19367605,0.33201793,0.021883018,-0.7244246,-0.8355543,0.09789714,-0.3083052,1
-0.030989379,0.6811167,0.118811175,-0.7858988,-0.7388869,0.39619365,0.16034585,1
0.15935156,0.26972583,-0.028908014,-0.8791828,-0.68115306,-0.38036498,-0.32747227,1
0.081853,0.34596232,-0.26599056,-0.74316823,-0.8397416,-0.38692093,-0.13378066,1
0.8970777,0.28909943,0.02286093,-0.7550759,-0.76725245,-0.2700761,0.23079377,1
0.14277482,0.09039852,-0.12486002,-0.88721454,-0.6823665,-0.23806354,-0.32889777,1
0.797649,0.29448578,0.20281719,-0.7443577,-0.76918006,-0.12496136,-0.51549387,1
0.21699224,0.03876415,-0.2958392,-0.8095164,-0.76848376,-0.4073159,-0.15759656,1
-0.07816082,0.7910713,0.2533332,-0.7525475,-0.8007132,0.07128969,-0.72277004,0
0.18989514,0.77153283,-0.0529989,-0.8510674,-0.68072,0.4793108,0.071668416,0
0.50803965,0.5602671,0.030245394,-0.8175012,-0.70758617,0.07073684,-0.25591007,0
0.73854023,0.7785741,0.12505157,-0.6672935,-0.8481058,-0.19900894,-0.14626801,1
-0.017373323,0.04829973,0.110303834,-0.9006187,-0.62259567,-0.376169,-0.22750981,1
0.83903897,-0.04112661,0.04384484,-0.7032798,-0.8074274,-0.13997675,0.26102924,1
0.22414848,0.26796633,0.0031092167,-0.8180592,-0.7452788,0.0425404,-0.42836428,0
0.30426246,0.27595732,0.3707552,-0.9372743,-0.54456383,0.32038707,-0.081081,0
-0.0028000176,0.6341835,0.077949755,-0.872541,-0.6656362,-0.50497544,-0.1805298,0
-0.11214545,0.78876734,0.2409049,-0.7756603,-0.75625855,-0.06621597,-0.3940541,0
0.32648352,0.99039984,0.33942032,-0.7515925,-0.773283,0.12370536,-0.76878065,0
0.86061966,0.1394095,0.1932748,-0.76153994,-0.7515075,-0.10433421,-0.5042253,1
0.10186136,-0.23330688,-0.12675983,-0.7269536,-0.8271049,-0.30113477,-0.12940972,1
-0.0027430058,0.23140103,0.18895417,-0.7917223,-0.750177,-0.15926728,-0.1754583,1
0.8371641,0.259697,0.18960088,-0.7553951,-0.7601989,-0.10531408,-0.3001818,1
0.8880806,0.5112266,0.24542344,-0.778163,-0.7284189,-0.54689866,0.08212721,1
0.43099296,-0.4104169,0.29358822,-0.6441948,-0.8331455,0.31078765,-0.21859711,0
-0.12348762,0.2392832,0.35571218,-0.7931507,-0.7056561,-0.36017296,-0.078329325,1
0.7853894,0.7642768,0.11565338,-0.70345324,-0.81020325,-0.36957029,0.35761207,1
0.1402367,0.66144544,-0.06659095,-0.8249564,-0.7423704,-0.027450599,-0.40174928,1
0.6330098,0.14350942,0.12060647,-0.7464037,-0.7418639,-0.118863255,-0.34462458,1
0.19725795,0.11272219,-0.12944645,-0.8563006,-0.7268839,0.16343704,-0.46612975,0
0.7771839,0.46660787,-0.07842429,-0.7553205,-0.76491284,-0.3027789,0.23191702,1
0.34318388,0.8997851,0.37633294,-0.6259984,-0.8631684,-0.14255,-0.4646213,1
0.78633016,0.47676635,0.008955002,-0.8160695,-0.7289878,-0.046615448,-0.24745518,1
0.10599685,0.35723498,0.0101899505,-0.8985044,-0.6522915,-0.4344939,-0.32560465,0
0.81226856,0.027145684,0.12212146,-0.74050033,-0.7572688,-0.2450704,0.20950219,1
-0.29851615,0.3955828,0.1347446,-0.6868923,-0.8386473,-0.10667446,-0.0961594,1
-0.09073517,-0.8081565,0.47952345,-0.75387466,-0.72587633,0.036093563,-0.24808973,0
0.5714247,0.653866,0.07215256,-0.67243814,-0.84086585,-0.05194266,-0.34169823,0
0.93263465,0.44388428,0.044379465,-0.7644944,-0.7800985,-0.32504392,-0.03213221,1
0.9406137,0.41169962,0.17297882,-0.7535457,-0.75189376,-0.43483227,0.34820724,1
0.17965558,0.11232214,0.06282403,-0.868836,-0.6687125,0.49259114,0.022779197,1
0.09426296,0.7990099,0.40818888,-0.6606364,-0.8362396,0.22398108,-0.4361162,0
0.74380934,0.6624247,-0.040470853,-0.79301035,-0.7645887,-0.011045769,-0.26931208,0
0.7323121,0.04147774,0.12618971,-0.73461074,-0.7540638,-0.12020029,-0.24061038,1
0.7204877,0.20620735,0.37719613,-0.76507616,-0.7237449,-0.18156075,-0.614383,0
-0.12516043,0.5756072,0.04624457,-0.7627458,-0.7931904,-0.11785995,-0.28919318,1
0.13489337,0.16409324,0.065121844,-0.8391925,-0.72803795,-0.2607512,-0.5506195,0
0.64879644,0.42945138,0.106969096,-0.82091486,-0.7223267,0.14574729,-0.5174405,0
0.67902815,0.6099155,0.2854839,-0.7510618,-0.7355394,-0.3332024,-0.3966151,1
-0.0027524233,0.84751254,0.045479506,-0.8186696,-0.75382936,0.051880345,-0.5291148,0
0.14132248,0.42459208,0.122328945,-0.83462244,-0.7347188,-0.18015373,-0.37063733,0
0.62645715,0.082416415,0.5178983,-0.7357092,-0.7190804,-0.22505705,-0.41670957,0
0.33386016,0.444498,0.057059124,-0.9197253,-0.61282694,0.41407764,0.15211797,1
0.3862551,0.12210305,-0.09143323,-0.8655645,-0.72027856,0.04063517,-0.451877,1
-0.09169644,0.50743157,0.09202226,-0.80814475,-0.7503948,-0.357825,-0.3133182,0
0.62508935,0.8240607,0.48127124,-0.6804084,-0.7858094,-0.43165657,-0.18183637,1
0.8363951,-0.18890071,0.349725,-0.7141297,-0.7787466,-0.029387861,-0.51010895,0
-0.042036712,-0.002241701,0.06950469,-0.7747251,-0.76020336,-0.09417844,-0.1690525,1
0.62774837,0.48135272,-0.00425826,-0.8312032,-0.7089884,0.0117363855,-0.31085032,1
0.31140384,0.06795862,-0.5147099,-0.7987885,-0.8140268,-0.31309322,-0.1302055,1
0.9167449,0.27546605,0.13498634,-0.7281113,-0.79061913,-0.12702513,-0.08505544,1
0.7323282,0.47890544,-0.009815559,-0.74142355,-0.7615277,-0.36017007,0.3715685,1
0.19244148,0.29890183,-0.1300731,-0.8478941,-0.7427873,-0.28064293,-0.6222414,1
0.55942196,0.80787575,0.28141207,-0.6804172,-0.8185108,-0.20453793,-0.44617766,1
-0.031173825,0.05194524,0.09146832,-0.79368156,-0.74154663,-0.11817727,-0.13455492,1
-0.05023861,0.4678683,0.08412512,-0.84317154,-0.70371705,-0.43350905,-0.44402206,1
0.3075,0.6444907,0.3723827,-0.6598276,-0.81540745,-0.05964953,-0.39579862,0
-0.075084984,0.8338535,0.8151367,-0.69956267,-0.69803184,0.08130148,0.091436416,0
0.3940166,0.4419239,0.021101058,-0.92509013,-0.5878501,0.37842417,0.33105415,0
0.5997621,0.4582253,-0.14117348,-0.7738851,-0.7588531,0.06412923,-0.25629535,0
-0.031462908,0.8920676,0.69404894,-0.66048425,-0.7835396,0.3688637,-0.039585456,0
0.06103939,0.6707618,-0.1349585,-0.8051089,-0.77667284,0.07895124,-0.3307013,1
-0.3259145,0.6214598,0.2507117,-0.75749743,-0.76946443,-0.14966068,-0.16059685,0
-0.15515307,0.6197324,-0.023277089,-0.7926592,-0.75734264,-0.291704,-0.18957248,0
0.10061741,0.14960225,0.046000525,-0.84462655,-0.6795087,-0.5189837,-0.17409113,1
0.12561879,0.22301564,-0.024040565,-0.8837424,-0.6947945,-0.2578839,-0.57720554,0
-0.4036324,0.003625214,0.3146338,-0.66415244,-0.819062,-0.025917672,-0.09777978,1
0.76628023,0.44940585,0.122152396,-0.76581573,-0.75161153,-0.16558497,-0.5217315,1
0.70227635,0.22974727,0.06164275,-0.7202327,-0.77636874,-0.15303284,-0.26396677,1
0.69494677,0.30340198,0.11324184,-0.75359285,-0.73883253,-0.32328275,0.25197893,1
-0.25317544,0.52142507,0.10506192,-0.72951406,-0.8203485,-0.19229236,-0.46745035,1
0.053086787,0.63613755,-0.059131533,-0.8216095,-0.7496452,0.038955778,-0.3682214,0
0.68388724,0.6543993,0.037890673,-0.8442202,-0.7054465,-0.020923927,-0.38517538,0
-0.023030698,0.6808914,0.04837379,-0.8504383,-0.72042066,-0.2896034,-0.5354501,0
0.453887,0.7597085,-0.012019366,-0.72252315,-0.82320535,0.14966324,-0.2517952,1
0.16899152,0.26258472,0.09292462,-0.94521475,-0.5743333,0.17314681,0.011286676,0
-0.31580597,0.7182231,0.31859276,-0.75530356,-0.76757985,-0.42160136,-0.4037848,0
0.5456174,0.5842361,0.20058505,-0.6809675,-0.8011184,-0.31733403,0.31935096,1
-0.3054282,0.65702766,0.33982265,-0.8498393,-0.64556015,-0.53005207,-0.07308476,0
0.6737068,0.53030246,-0.0055417717,-0.85636777,-0.699069,0.063907444,-0.3724928,0
0.69236207,0.49659812,-0.1027118,-0.734391,-0.7762748,-0.29411393,0.36112297,0
0.008950502,0.7281011,-0.06550431,-0.8022484,-0.77938163,0.09153058,-0.42942023,0
0.73853254,0.54593205,0.072080255,-0.8231576,-0.708604,-0.15571898,-0.23756607,0
0.8026337,0.53334254,0.24714053,-0.7896292,-0.7232721,-0.2541702,-0.61601907,0
0.09767775,0.01358366,-0.050292894,-0.7981539,-0.7805802,0.050631255,-0.37091866,0
-0.015409172,0.74535024,0.06969829,-0.8798747,-0.6895753,-0.3637315,-0.40391976,0
0.6267257,0.44026315,-0.049649686,-0.8487449,-0.7093398,0.15439257,-0.41899067,0
0.51332414,0.66887105,0.2558877,-0.6711226,-0.81851566,-0.14351349,-0.33571205,1
0.84182525,0.39312932,0.14469886,-0.7744034,-0.7525855,-0.10427286,-0.4731006,0
-0.13933718,0.6304658,0.013175026,-0.82658505,-0.74529856,-0.22396031,-0.5698974,0
0.7050926,0.17260669,0.007290274,-0.76658356,-0.77547646,0.14496318,-0.24182181,1
0.05175349,0.6896311,-0.05099398,-0.8607286,-0.7103344,-0.38852024,-0.34661868,1
0.56279576,0.19209605,0.05688806,-0.81089324,-0.73146486,0.251034,-0.31318262,0
-0.3141815,0.39017192,0.2373802,-0.71071553,-0.8213701,-0.023269646,-0.21264395,0
0.4327613,0.78798985,0.22333556,-0.6893906,-0.8095421,-0.10217204,-0.40582743,0
0.16794114,0.11684425,-0.032654256,-0.8408209,-0.7158981,-0.36810824,-0.36404145,1
0.91113055,0.1122407,0.17557576,-0.7523816,-0.7657327,-0.10122608,-0.50382173,0
0.14820671,0.35796005,0.006425105,-0.8971685,-0.6583268,-0.4506483,-0.33543292,1
0.63129246,0.18930124,0.15325525,-0.83035326,-0.7021245,0.22004646,-0.3904614,0
0.81004435,0.1733443,0.032140777,-0.73736465,-0.7684543,-0.26987535,0.24436933,1
0.29301184,0.74453795,0.5883354,-0.72809446,-0.70913213,0.107542366,0.10100478,0
0.1453837,-0.3538193,-0.051219016,-0.6942726,-0.789908,-0.20180994,-0.29593885,1
-0.53326774,0.46022052,0.49075338,-0.69031876,-0.7714478,-0.28813052,0.014600545,0
0.7640265,-0.085559934,0.28367224,-0.76104784,-0.7495537,0.075747505,-0.5170891,1
0.08710183,-0.33884335,0.13972501,-0.78528017,-0.7420113,-0.06465177,-0.22725914,1
0.78875244,0.47636616,0.18278117,-0.800837,-0.7303499,-0.09688587,-0.7087153,1
-0.039544374,-0.09216407,0.10967667,-0.7920232,-0.7624359,-0.10383228,-0.57904184,1
0.6567869,0.6190165,0.15468088,-0.83141744,-0.699476,-0.01699344,-0.4264949,0
0.18411897,-0.11424729,0.0146246925,-0.84175843,-0.73774326,-0.1275709,-0.67160964,0
-0.18598723,0.5316587,0.01690156,-0.7880759,-0.762223,-0.22876877,-0.33062807,0
0.238169,0.69008315,0.19529767,-0.6829494,-0.8637096,0.15441519,-0.3897791,0
-0.40545613,0.32872722,0.3294553,-0.6807795,-0.84417427,0.06172374,-0.25070333,0
0.99825007,0.29209915,0.17631178,-0.75397843,-0.76363117,-0.21090558,-0.27930173,1
0.87624025,0.20766035,-0.23221052,-0.6899105,-0.8356914,-0.28482324,0.9336417,1
-0.40162188,0.66939026,0.08810632,-0.6781121,-0.87645465,-0.20043358,-0.31644648,1
0.62715983,0.824939,0.4810798,-0.68047166,-0.78580177,-0.43415284,-0.18037441,1
0.43440005,0.285367,-0.22130376,-0.79726934,-0.7820703,-0.30863613,-0.06067705,0
0.87979245,0.18557833,0.27980635,-0.7632283,-0.73447454,-0.22129413,-0.3746055,1
-0.298644,0.6102745,0.19855797,-0.7205498,-0.81893617,-0.051411726,-0.13560595,0
0.19270174,0.40101516,0.009770945,-0.95135045,-0.5857092,0.20403376,-0.012491912,0
0.67791355,0.26209557,0.13635036,-0.7325314,-0.77957606,-0.044547055,-0.3867642,1
0.7763293,0.4080085,0.16429386,-0.7689561,-0.7429651,-0.18626082,-0.5450599,0
-0.11512259,0.36872226,0.34764153,-0.81615967,-0.7061658,-0.26933467,-0.26465434,1
-0.20816708,0.6114608,0.049208507,-0.7955049,-0.73854786,-0.3780708,-0.13848025,1
0.9961296,0.40678424,-0.011972591,-0.7608689,-0.7916113,-0.29817802,-0.013217002,1
0.59033,0.59624916,0.02697435,-0.8250536,-0.71267873,0.06462522,-0.4385978,0
0.8885066,0.34608382,0.15224113,-0.76763415,-0.73585534,-0.40444425,0.2864235,1
0.21050751,-0.08544633,-0.02543962,-0.8716489,-0.6896159,-0.25593042,-0.34522134,1
0.79502666,0.10036376,-0.15639898,-0.68938184,-0.8215546,-0.27800378,0.9276328,1
0.17014934,0.30268708,0.00862401,-0.89778167,-0.65632784,-0.42876083,-0.24057455,0
0.17086616,0.67470443,-0.1537402,-0.82404584,-0.75731957,-0.053820908,-0.29943916,0
0.5780223,0.64543813,-0.12808114,-0.7069845,-0.8328444,-0.15468323,-0.019830763,0
0.42142555,0.89555347,0.4143331,-0.7046741,-0.78446317,-0.1842755,-0.5073383,1
0.13023849,0.03774804,-0.014056012,-0.79060435,-0.7766176,-0.034308374,-0.3217036,0
0.31403494,-0.5955194,0.63094515,-0.67631555,-0.7312244,0.07555662,-0.05368033,0
-0.19110548,0.5121814,0.2586438,-0.7661936,-0.7739293,-0.26939657,-0.49512938,0
-0.32857263,0.19877286,0.35153776,-0.6706996,-0.83152056,-0.03962872,-0.059704542,1
0.7219528,0.49507302,0.22122392,-0.77934235,-0.72717315,-0.2163411,-0.5876036,1
-0.06580877,0.54740965,0.08742732,-0.83329874,-0.71183974,-0.34135008,-0.25571355,1
0.74609625,0.12434378,0.085645646,-0.68606234,-0.82584995,-0.014880851,-0.4008932,1
0.48628443,0.86720955,0.11284568,-0.78475606,-0.7612493,0.16017178,-0.47646827,0
0.1515575,-0.41536558,-0.042302504,-0.6892348,-0.79452574,-0.18447584,-0.30363446,1
0.6362852,0.33301792,0.2459652,-0.78224003,-0.7181738,-0.09132939,-0.42850846,1
0.12956281,0.012694895,0.012700662,-0.8141853,-0.73905754,-0.10992716,-0.2585378,0
0.70541686,0.2586997,0.13150704,-0.7656981,-0.7451632,-0.07178753,-0.44214594,0
0.00041911006,0.73922694,-0.17175516,-0.75150186,-0.82859796,0.03811854,-0.29315177,1
0.7039099,0.6093008,0.023481488,-0.8473397,-0.71337533,0.052208662,-0.47486705,0
0.9195795,0.3906065,0.22975713,-0.76253843,-0.73911434,-0.3107357,-0.21241239,1
0.7279959,0.06456113,0.118854955,-0.7042943,-0.7899862,-0.20778245,0.2971472,1
-0.11185479,0.6968422,-0.065274924,-0.7142562,-0.87678105,-0.19947284,-0.44373733,1
-0.053519845,0.13598712,0.24536121,-0.8678189,-0.6425457,-0.4327408,-0.20268215,1
0.77130234,0.069553375,0.2599181,-0.76607007,-0.7461393,0.018795088,-0.5262165,0
0.0015645325,0.3679688,0.18802577,-0.9230348,-0.5984044,-0.5236696,-0.16208765,0
0.59103334,0.051080346,0.2507031,-0.8210385,-0.70571715,0.2914127,-0.67994887,0
-0.11420372,0.4432921,0.079465404,-0.7768704,-0.76281345,-0.28197634,-0.21156363,1
-0.21317959,0.5078676,0.061375156,-0.71199745,-0.8386274,-0.02592028,-0.29739618,0
0.054353148,-0.103568226,0.18181902,-0.7820627,-0.75508696,-0.10908917,-0.25562924,0
0.1893804,0.78773797,-0.07847282,-0.8570019,-0.68816733,0.5201201,0.13804284,0
0.6763505,0.37995547,-0.066071466,-0.7243961,-0.7885636,-0.23590502,0.23976332,1
-0.022656262,-0.5533732,0.4032568,-0.77132386,-0.74111366,0.041551128,-0.36385024,0
0.6945032,0.3800309,0.076841295,-0.8456323,-0.7070588,0.10738315,-0.50767565,0
0.09243807,0.043206632,0.12915605,-0.82200176,-0.7208302,-0.14210959,-0.15370236,0
-0.028479785,-0.590946,0.08452985,-0.70659846,-0.8261517,-0.079443574,-0.35547653,1
0.75864875,0.35136798,0.14554588,-0.81741154,-0.72375166,0.104664594,-0.4392557,0
0.5864044,0.8807856,0.28301352,-0.70181704,-0.80429214,-0.24305181,-0.49575114,1
-0.10051599,0.22282547,-0.18135518,-0.64487445,-0.9556729,-0.05733681,-0.23234263,1
-0.05420062,0.8649148,0.17607483,-0.8534517,-0.64588594,0.3629865,0.19405922,0
0.2130602,0.63502467,-0.08959602,-0.882687,-0.6964008,-0.08496467,-0.3911871,0
0.0798713,0.025495261,0.049567543,-0.8932006,-0.64757466,-0.32689106,-0.28513816,1
0.5175915,0.6819703,0.20569134,-0.6676675,-0.838066,-0.053348545,-0.40575486,1
0.6879101,0.4093658,0.26150554,-0.86207974,-0.6667618,0.049273625,-0.8210268,0
0.86472607,0.26636237,0.17305176,-0.7660126,-0.7544685,-0.066842526,-0.156958,0
0.6603142,0.4314053,0.1080921,-0.84805804,-0.696652,0.06255883,-0.46769542,0
0.519884,0.78696394,-0.03377019,-0.82094437,-0.7258477,0.060338274,-0.2121,0
-0.56355137,0.61691713,0.17778598,-0.56257576,-0.97573817,-0.10271933,-0.25796798,1
0.8947071,0.3756025,0.034751147,-0.73750365,-0.763047,-0.42970452,0.52035123,1
0.65468836,-0.087255776,-0.0050418526,-0.70091087,-0.7967525,0.033658683,-0.15289891,1
-0.076580286,0.5874947,0.15908346,-0.84936213,-0.670526,-0.52224064,-0.1266861,0
0.7089937,0.6413678,0.08787224,-0.8417972,-0.71156585,0.060116246,-0.6127269,0
0.59955,0.33250087,-0.039601684,-0.83776367,-0.71549034,0.18914527,-0.42515647,0
0.9058766,0.30117765,0.04659529,-0.7573161,-0.7623371,-0.2961808,0.24963814,1
-0.31534183,0.8952491,-0.9077512,1.0,0.9822811,-0.042454805,-0.97394717,1
0.039688945,0.86902964,0.08749234,-0.8571863,-0.6616076,0.40701795,0.2095767,0
0.3267072,0.72837913,0.58296263,-0.7945853,-0.63029444,-0.01796937,0.2270582,0
0.005808264,0.5330696,0.1423737,-0.91090083,-0.6425887,-0.4095235,-0.3712259,0
0.7232859,-0.26807618,0.23746705,-0.76024204,-0.7395408,0.10178496,-0.5271597,0
0.07708663,-0.25950837,-0.018100366,-0.76547176,-0.78853583,0.05205889,-0.30012336,0
0.06873095,0.02943942,0.14872599,-0.8335359,-0.71951467,-0.25950968,-0.6217813,0
-0.12383056,0.5853087,-0.00753434,-0.7898504,-0.77392083,-0.3020321,-0.44521517,1
0.24531469,-0.012792319,-0.2650321,-0.81061184,-0.7777407,-0.3130798,-0.17695627,1
0.51400185,0.59743285,-0.015428841,-0.6480868,-0.88449717,-0.09095545,0.016275495,1
0.71037585,0.6399908,0.17857309,-0.67505693,-0.84076494,-0.09570903,-0.31786302,1
0.58631724,0.28236824,0.246708,-0.86571556,-0.64691067,0.09719093,-0.54406226,0
-0.17091268,0.47102746,0.107892096,-0.8181502,-0.71550065,-0.31272602,-0.28014368,1
0.13765594,-0.06584692,0.0603844,-0.8607253,-0.682662,-0.3023066,-0.3106357,0
0.50515914,0.40074617,0.11601797,-0.6348313,-0.8652595,0.06892507,-0.06967248,1
0.32584774,0.5112058,0.18926492,-0.6806965,-0.8615597,0.15210332,-0.3349418,0
-0.013844967,0.47602344,0.020660013,-0.80229735,-0.73628277,-0.6547107,-0.08232753,1
0.32040405,0.71883214,-0.017739192,-0.9015939,-0.62103385,0.3920123,0.35673183,0
0.4961383,0.8778085,-0.07141517,-0.7504117,-0.8041242,0.051660255,-0.3830137,0
0.08360568,0.0012942255,-0.091215745,-0.8099569,-0.76417,-0.16005343,-0.5691396,0
0.06459209,0.21205804,0.22383025,-0.85319185,-0.64716387,0.35254508,0.22011945,0
0.85919946,0.44242144,0.3564836,-0.7781799,-0.71053386,-0.38972282,-0.42905325,1
0.753708,0.43411484,-0.02520068,-0.80720747,-0.7515401,0.059510916,-0.5085518,1
0.33791965,0.19766916,0.1583262,-0.8852834,-0.62177896,0.4706937,0.17798552,1
0.9702682,0.036023945,0.1869999,-0.74405056,-0.7591519,-0.30141538,0.29822397,1
0.25571218,0.67977154,0.19699255,-0.76307,-0.7575634,0.21051872,-0.3384809,0
0.115168914,-0.028443456,0.1748543,-0.89418983,-0.6305428,-0.40814325,-0.1819985,0
0.47209138,0.7455286,0.07667683,-0.7079284,-0.7941278,-0.2576613,0.31994003,1
0.6044158,0.5367367,0.17410284,-0.8507621,-0.6824468,0.10881461,-0.5037215,0
0.94118756,0.31568062,0.22105023,-0.76065934,-0.74610937,-0.23754545,-0.20712355,0
0.75659657,0.19339769,0.30729085,-0.78944474,-0.7157386,-0.08778371,-0.62037987,0
0.2487262,0.32697445,-0.08109966,-0.88811684,-0.69038427,-0.35132462,-0.34501147,1
-0.028391898,0.86742514,0.37532872,-0.8048034,-0.6480156,0.5322312,0.43561035,0
0.8671067,-0.288718,0.08605518,-0.69662774,-0.8132299,0.08552061,-0.120231524,1
0.7531101,0.16127937,0.0878558,-0.72677326,-0.77390563,-0.12010269,-0.29876554,1
0.6561583,0.026866078,0.29274106,-0.81574,-0.71202564,0.27055958,-0.7218803,0
-0.4458112,0.39477897,0.23892161,-0.6695117,-0.8363462,-0.04016741,-0.06670341,0
0.7947861,-0.07082844,0.08831633,-0.7299485,-0.77635896,-0.01575493,-0.37439218,1
0.764159,0.25189713,0.19363883,-0.7626679,-0.7338341,-0.1941595,-0.35671562,1
0.6022788,0.86782026,0.07934569,-0.79696274,-0.74676615,-0.033306323,-0.33983645,0
0.10136154,0.72420293,0.21345048,-0.8419849,-0.67947894,0.6026104,-0.23948406,0
-0.052197605,0.7684893,0.25108206,-0.7954767,-0.732611,0.4166568,0.17760107,0
-0.027243614,-0.35452944,-0.07579903,-0.6958586,-0.77868915,-0.15420619,-0.25642344,1
0.93857545,0.44528556,0.10725291,-0.76043975,-0.75587565,-0.38687044,0.29022473,1
0.6067718,0.7554753,0.21837577,-0.72984385,-0.77895445,-0.15552932,-0.53420484,0
0.018639803,-0.37795025,0.07668694,-0.7459971,-0.7887215,0.04462029,-0.27545014,1
0.9202296,0.39237273,0.12901087,-0.76088566,-0.7501809,-0.40038058,0.28772253,1
0.6952898,0.34925,0.11491758,-0.7304594,-0.76965296,-0.14390038,-0.09617521,1
-0.35080427,0.2958765,0.32506824,-0.72484374,-0.783788,-0.03576884,-0.13874552,1
0.6934829,0.6471989,0.03089863,-0.8480946,-0.7115045,0.04126583,-0.4167529,0
0.05335456,0.45823827,-0.047684103,-0.88030696,-0.6750181,-0.4395165,-0.23401698,1
0.6782891,0.62341917,0.096273914,-0.8438238,-0.7047534,0.058162645,-0.59218913,0
-0.41518146,0.022606283,0.42698658,-0.6539954,-0.84291726,0.09135233,-0.25115612,1
0.7738395,0.21521232,0.12646909,-0.6922417,-0.80099493,-0.1860086,-0.16701847,1
-0.17690307,0.590802,0.0004798025,-0.6967143,-0.8825544,-0.19289646,-0.40287864,1
0.09748539,0.5799802,-0.10326517,-0.87456524,-0.69930947,-0.016864441,-0.35906646,0
0.50493765,0.55301464,0.2582901,-0.6827766,-0.8218906,0.04345651,-0.20331928,0
-0.38388884,0.6014744,0.5457777,-0.76901305,-0.71406585,-0.51112807,-0.34511906,1
0.14549623,0.0075080097,-0.20766038,-0.8224145,-0.7379593,-0.44688666,-0.083365604,0
-0.053613454,0.5338146,-0.06360966,-0.822709,-0.7617887,-0.2147814,-0.58733094,0
-0.04657492,-0.13342196,0.042239547,-0.7500928,-0.81095123,0.13268013,-0.33208263,1
-0.23969376,0.61493313,0.0054875985,-0.69820523,-0.87114537,0.049400747,-0.22788608,1
0.56448144,-0.6695849,0.40242288,-0.7312742,-0.74069935,0.2737999,-0.304223,0
0.6984087,0.6390641,0.30973098,-0.7003101,-0.7898384,-0.25397176,-0.18401721,0
0.74118805,0.28139642,-0.08174288,-0.7380667,-0.7808018,-0.20766792,0.18590972,1
-0.049654454,0.7345437,0.126606,-0.81312585,-0.75448257,-0.28497612,-0.4515271,0
0.092163116,0.6905248,-0.08214906,-0.8538924,-0.72314394,-0.031654634,-0.2555265,1
0.76504135,0.17046778,0.045794047,-0.7373477,-0.77418745,-0.07705791,-0.40584826,1
0.7598055,0.052000314,0.03152375,-0.71366286,-0.7777735,-0.15439305,-0.17808086,1
-0.1179232,-0.15371785,0.40895805,-0.8117255,-0.6810803,-0.20017338,-0.2571078,0
-0.25323766,0.4429028,0.008915067,-0.638785,-0.9276245,0.13272306,-0.2859874,0
0.051322192,0.6596478,-0.14458457,-0.8168331,-0.74896574,-0.063734815,-0.25183156,1
-0.15527275,0.5604758,0.216402,-0.8428225,-0.67617214,-0.49720538,-0.25352132,0
-0.5004917,0.39059132,0.18259528,-0.63037753,-0.90073705,-0.049022373,-0.420442,1
0.7828006,0.34791937,0.32084942,-0.77818465,-0.71219575,-0.27218306,-0.35468957,0
0.67865795,-0.15701425,-0.22041884,-0.6971648,-0.8313786,0.16855106,-0.07711707,1
-0.24898821,0.2992802,0.25584307,-0.7849809,-0.7307926,-0.2457156,-0.22895382,1
-0.17662132,0.3455963,0.17436415,-0.7846473,-0.7542514,-0.22471352,-0.4058348,0
-0.22700763,0.5115586,0.09003718,-0.7561782,-0.7946414,-0.2054999,-0.4368443,1
0.7790241,0.640453,-0.026171654,-0.82553476,-0.7343528,-0.026451513,-0.40235925,0
0.81920326,0.3602028,0.022072814,-0.816298,-0.73243386,0.0031600818,-0.30733123,0
0.18719874,0.55606544,-0.11346279,-0.83849233,-0.7536075,0.03711371,-0.45110875,1
0.8016199,0.5402295,0.2748102,-0.77171254,-0.71598554,-0.4190414,-0.40956634,1
0.26255247,0.2014038,0.12492619,-0.89606893,-0.6553953,-0.015872888,-0.6554563,0
0.7862179,0.47259945,0.19717032,-0.8064222,-0.7208213,-0.11519528,-0.6881709,1
0.19021033,0.056311667,0.0791447,-0.83122355,-0.72224975,0.105476916,-0.53156734,0
0.23109281,0.3121012,0.13604547,-0.5791444,-0.9169535,0.29428384,-0.18783185,0
0.18417197,0.82821906,-0.06682673,-0.891439,-0.6528743,0.46869457,0.115451336,0
0.037495464,0.0361259,-0.007726833,-0.7761811,-0.7986096,0.05941622,-0.39738256,0
-0.03517455,0.7373601,-0.030130371,-0.82220954,-0.7472738,-0.35645533,-0.3790142,0
0.9547024,0.32039216,0.23171914,-0.7587697,-0.75277096,-0.25412178,-0.44445407,1
-0.021340251,0.45642203,-0.10167004,-0.8054306,-0.721618,-0.6618684,0.003799647,1
0.78539443,0.08609852,0.113186896,-0.7605043,-0.7539732,-0.00674624,-0.38533673,1
0.34965843,-0.14974096,-0.42713678,-0.8041083,-0.8101974,-0.22382694,-0.23705605,1
0.20368789,0.14395665,0.0645017,-0.89341104,-0.66526276,-0.3510779,-0.36521742,1
-0.10152188,0.7455586,0.07130492,-0.84883064,-0.7085775,-0.35051927,-0.37187076,0
-0.013958573,0.60440385,0.015306644,-0.8387748,-0.72016513,-0.33261603,-0.31853104,1
0.115679115,-0.12389687,0.15673016,-0.8248129,-0.7139024,-0.109578095,-0.17079519,0
-0.09577277,0.7694001,0.2422376,-0.78588235,-0.743121,-0.09019782,-0.38156006,0
0.690246,0.5477412,0.44554266,-0.75792176,-0.7287954,-0.3082597,-0.4638107,1
0.7239325,0.48619896,0.07104258,-0.74561375,-0.7854382,-0.048039448,-0.4237959,1
0.7749009,0.58348393,0.0033149868,-0.8373911,-0.72682565,0.032171756,-0.42629644,1
-0.13819158,-0.3144552,0.4303336,-0.770204,-0.70974314,-0.15939882,-0.13313055,0
0.4911985,0.95478725,0.098697744,-0.7520312,-0.78761464,-0.040095102,-0.34767514,0
0.74725604,0.46194535,0.3291677,-0.77937007,-0.7118942,-0.29191512,-0.4684456,0
0.7297002,0.04933077,0.14840654,-0.74937934,-0.75985444,0.011216916,-0.48998135,1
0.7230189,-0.21364033,0.22116956,-0.7381905,-0.7519072,0.018475868,-0.35025796,1
0.7404452,0.4410179,0.15858878,-0.78141207,-0.7299953,-0.16064492,-0.40408045,0
-0.07603216,0.68910885,0.040877096,-0.84897,-0.70130295,-0.41238537,-0.30952305,0
0.014176697,0.739274,0.10948864,-0.9003931,-0.61258286,0.10702127,0.13130558,0
-0.11918479,0.32499245,0.27580422,-0.82087326,-0.7010646,-0.24401116,-0.18641783,1
-0.06763911,0.41740018,0.049573086,-0.7902139,-0.7580029,-0.2628307,-0.24299526,1
0.9574262,0.1447247,0.24533647,-0.75671697,-0.7491492,-0.1805833,-0.24629584,0
0.5069243,0.33531663,-0.036238268,-0.78308475,-0.72090274,-0.065422185,-0.087217346,1
-0.065853626,0.57381004,0.35653692,-0.7725408,-0.7511587,-0.00538671,-0.6388414,0
0.7210541,0.22907941,-0.06553371,-0.7261346,-0.78344524,-0.22563438,0.26646388,1
0.5147112,0.323999,0.17253566,-0.9328265,-0.59897226,0.47175318,-0.16128585,0
0.2567468,-0.43195057,-0.08316401,-0.68791014,-0.8653092,0.003920041,-0.20505273,1
0.3448251,0.23809232,-0.12182225,-0.8634139,-0.72734314,0.044153288,-0.5081564,0
0.774407,0.43061098,0.11021482,-0.754717,-0.7373005,-0.43634742,0.31866443,1
-0.07890189,0.5887296,0.15939184,-0.87479234,-0.64400077,-0.57120717,-0.1868315,1
0.5628011,0.6836486,0.10773069,-0.7005662,-0.82288617,0.010263838,-0.32149133,1
-0.107678086,0.33222622,0.3073843,-0.9114052,-0.58496225,-0.571987,-0.12373163,0
0.7407813,0.79129064,0.19168481,-0.6968606,-0.8132522,-0.35844684,0.317106,1
0.69981074,0.24279243,-0.10741019,-0.725624,-0.7817198,-0.2415698,0.30421913,1
0.7077478,0.19860612,-0.0218011,-0.8136961,-0.7360691,0.13986132,-0.430102,1
0.8616672,0.27044457,0.2503091,-0.71975595,-0.79555273,-0.12451052,-0.52411705,0
0.18296514,-0.17752498,0.19135953,-0.85888326,-0.69108295,0.22020215,-0.742343,0
-0.12433264,0.53221196,0.26408595,-0.8149235,-0.6995555,-0.057111777,-0.3460911,0
0.40046713,0.74021184,0.29259786,-0.7181797,-0.7821459,-0.09789484,-0.4306177,1
-0.18299252,0.34098464,0.38464856,-0.81958586,-0.62131697,-1.0,0.19404331,1
0.15874933,0.60526705,-0.15193447,-0.8551371,-0.7340531,0.031436473,-0.3389822,0
0.75264895,-0.020930678,0.04048176,-0.71801835,-0.79652506,0.0420869,-0.47380826,1
0.7154143,0.53999513,-0.13834104,-0.7236162,-0.80145204,-0.2358643,0.30371165,1
0.1443906,0.46405613,-0.20945671,-0.79844654,-0.7839422,0.030547813,-0.31880894,0
0.7495291,0.37507173,-0.0055814534,-0.7236159,-0.79500604,-0.23830856,0.2101438,1
0.6860255,0.82377064,0.21995085,-0.76184136,-0.76261777,-0.18642148,-0.6183047,0
0.8766819,0.23278508,0.16910505,-0.7312296,-0.75064254,-0.45104277,0.50909036,0
-0.014617562,0.5134419,0.11466332,-0.88227844,-0.6642801,-0.4334137,-0.39198947,0
0.6548536,0.64975214,0.25346607,-0.8643979,-0.6634468,-0.04231133,-0.7641648,0
0.8951145,0.1615298,0.26216525,-0.73260516,-0.7693187,-0.1744939,-0.3240982,1
-0.38080066,-0.4684143,0.69785553,-0.76596534,-0.6460765,-0.31556422,0.0353927,0
0.54565364,-0.12689549,0.32999277,-0.74240685,-0.70904934,-0.12698744,-0.27893707,1
0.7636306,0.28523892,0.1328127,-0.7891719,-0.7319313,-0.06189738,-0.49016696,0
-0.19287753,0.4718529,0.1471719,-0.75940835,-0.7723232,-0.26912758,-0.21169323,1
0.124757364,0.37935638,0.020924434,-0.89113253,-0.6662776,-0.41420707,-0.27290538,0
0.8504027,0.5415801,0.23419221,-0.7766899,-0.7461296,-0.21420115,-0.6151159,0
0.7732065,0.33577412,0.41263545,-0.74507165,-0.70705533,-0.60420245,0.41522735,0
0.688023,0.4363569,0.33087283,-0.7496729,-0.74711806,-0.20441297,-0.5429034,1
-0.0014010668,-0.33936113,0.29007602,-0.86787736,-0.66240305,-0.18430483,-0.6127827,0
0.41346306,0.34961143,0.023788713,-0.87152493,-0.71086264,-0.0015554205,-0.5282501,0
0.761584,0.3099021,0.1875357,-0.73181856,-0.7805766,-0.105499476,-0.4898888,1
0.7903851,0.25758135,0.24959648,-0.72470653,-0.7964928,-0.023152336,-0.5873946,0
0.05255294,0.29974496,0.14678897,-0.9074387,-0.61513394,-0.53333807,-0.15246093,0
0.8095089,0.07830462,0.12689175,-0.74996835,-0.77265364,0.03290166,-0.33926815,1
0.20076026,0.47001395,0.010556929,-0.86528563,-0.70743924,0.016443707,-0.5720781,1
0.0043875575,0.8076767,0.13381533,-0.8392165,-0.6795818,0.5014695,0.11715588,0
0.06744179,0.2605921,0.09717434,-0.8759461,-0.6784265,-0.36832348,-0.5478705,1
0.24184518,-0.32194084,0.057763442,-0.83606225,-0.7141512,0.21545285,-0.4661247,0
0.31820732,0.18718399,-0.10686612,-0.88674235,-0.7040654,0.096261576,-0.4678264,0
0.65183806,0.14560688,0.23243412,-0.7016924,-0.80305916,-0.00070510805,-0.6192144,0
0.38508248,0.07689649,0.51154983,-0.9000959,-0.53252375,0.43404567,0.6163464,0
-0.09288314,0.6177375,-0.027579278,-0.83905905,-0.7227033,-0.27546585,-0.37087432,0
0.13720171,0.12367475,-0.14666334,-0.76200664,-0.82724047,-0.20286942,-0.4005776,1
-0.0133782625,-0.047168195,0.32265073,-0.80949575,-0.70842046,-0.19203609,-0.22789837,0
0.84755445,-0.03709793,0.23774782,-0.69298136,-0.82204026,0.028040305,-0.31579113,1
0.21841952,0.8236043,0.36162668,-0.6161178,-0.8943363,-0.1012061,-0.10898031,1
-0.1575171,0.034603238,0.49710238,-0.87192464,-0.5653241,-0.79301906,-0.016693458,1
0.36188063,0.6520457,0.16924833,-0.71035755,-0.8285317,0.021773621,-0.27620706,0
-0.19140846,0.5716645,0.1651239,-0.77269006,-0.7638006,-0.19035572,-0.11549908,0
0.7686174,-0.010330796,0.08813452,-0.73285514,-0.7602656,-0.22980322,0.29186738,1
0.97202265,0.4387517,0.16931275,-0.7613183,-0.7541345,-0.27482188,-0.22556117,0
0.067578316,-0.3220309,0.13956702,-0.75037277,-0.6934965,-0.4349971,-0.19690642,1
-0.31796294,0.54510057,0.39211988,-0.7691947,-0.7361261,-0.41123703,-0.39793462,0
0.6596643,0.9268259,0.24889106,-0.6451745,-0.8764588,-0.15862621,-0.4005402,1
0.7192712,0.4632165,0.2534421,-0.7412413,-0.7517607,-0.2501523,-0.18609715,1
0.72658956,0.51391214,0.13557635,-0.74550813,-0.75010586,-0.25824493,-0.25161514,1
0.14137104,0.81876075,-0.013135627,-0.8670631,-0.6706656,0.46661478,0.07205385,0
0.77529895,0.3473628,-0.047868297,-0.7325439,-0.7795893,-0.16951671,-0.26479384,1
0.19564167,0.32299772,-0.15326107,-0.8820758,-0.69440615,-0.33483213,-0.28809372,0
0.37233198,0.31948617,0.08854492,-0.8590678,-0.7166024,0.011875577,-0.52988046,0
0.19275281,0.47494334,-0.09108803,-0.900296,-0.67550236,-0.38481092,-0.3078844,0
0.06481585,-0.70854235,0.26965162,-0.7623467,-0.7610677,0.13139188,-0.31706136,0
0.32562956,0.5911538,-0.030827433,-0.91917366,-0.61153877,0.33411625,0.120381564,0
0.097558305,0.4743107,-0.13634047,-0.83293384,-0.73914874,0.0050581098,-0.33291525,1
0.85548604,0.35227916,0.2413175,-0.78008634,-0.73545843,-0.16963881,-0.5504506,1
-0.122763574,0.37161875,0.19037265,-0.8098705,-0.7306482,-0.13383436,-0.23929322,0
0.12759507,0.20957072,-0.04371412,-0.893386,-0.698723,-0.15850666,-0.6482879,0
-0.068232685,0.22953105,0.24849287,-0.88714516,-0.6377331,-0.39258167,-0.3293393,0
0.7264557,0.39145213,0.09033213,-0.76956934,-0.75044805,-0.07792516,-0.41609266,1
0.50766414,0.9158424,0.29805923,-0.7811875,-0.73237216,-0.08927122,-0.37768018,1
0.22885045,0.16437127,-0.13636315,-0.8444633,-0.72132957,-0.36333388,-0.26191682,1
-0.23775297,0.71250397,0.024368934,-0.7132865,-0.87160504,-0.16222224,-0.4948658,1
0.107198656,-0.016986579,-0.06890014,-0.836974,-0.7474931,-0.09506598,-0.66099906,0
-0.17084724,-0.32230425,0.38091817,-0.7796961,-0.71523064,-0.04616029,-0.15348515,1
-0.1793778,0.4935137,0.12833007,-0.7631665,-0.77140117,-0.27531636,-0.21339303,1
-0.050283104,0.45668548,-0.003062874,-0.70870745,-0.85606605,-0.05537918,-0.26915398,1
-0.12939513,0.6001011,-0.0127501935,-0.74740833,-0.8192684,-0.059446413,-0.31367904,1
0.06781766,0.24074326,-0.030492887,-0.86201996,-0.718846,-0.214616,-0.6313255,0
0.65974516,0.58247346,0.17164707,-0.8378645,-0.69866747,0.0125875175,-0.577657,0
0.34783047,0.1513319,-0.13114747,-0.8516459,-0.73284966,0.05385287,-0.3672074,0
0.5659929,0.9758701,0.067046866,-0.773145,-0.78265905,0.011828996,-0.3745264,1
0.64451975,0.039924294,-0.0416632,-0.7013956,-0.8051831,0.03505379,-0.17201702,1
-0.015488505,0.64488935,0.2528068,-0.7811574,-0.76367193,0.045093536,-0.50041723,0
0.17928828,0.27604282,0.53757966,-0.62813795,-0.82035613,0.09968518,-0.32600993,0
-0.59911245,0.59714925,0.71108985,-0.6623339,-0.7846472,-0.50596315,-0.16418777,1
0.42274213,0.33724988,-0.15344656,-0.81022584,-0.7736752,-0.30383104,-0.25946835,0
0.7205452,0.2213862,0.2974413,-0.71557236,-0.7957203,-0.008610718,-0.550719,0
0.63216,0.80933326,0.24075735,-0.74659437,-0.7670789,-0.16242185,-0.54989874,0
0.22428733,0.23954329,-0.04614483,-0.8731814,-0.7168671,-0.25594813,-0.63455266,0
0.5146849,-0.3658709,0.4902837,-0.74008286,-0.6836323,-0.16017714,-0.21738318,0
0.75458425,0.47501844,0.23481813,-0.7772119,-0.721736,-0.28349915,-0.4724465,1
0.6533214,0.19176991,0.38604853,-0.7703726,-0.71855426,-0.09581159,-0.4189344,1
0.0657475,0.07143912,0.2544223,-0.8412492,-0.681425,-0.25740927,-0.16099903,0
0.5332322,0.7011486,0.21887377,-0.6962922,-0.8045673,-0.15122625,-0.28651103,1
0.43432313,0.0048494637,0.5976174,-0.7646748,-0.63360727,-0.40723392,-0.06633872,1
0.21502268,-0.19231498,0.9908669,-0.8109915,-0.5333276,-0.03211493,0.20761046,0
0.6094458,0.69142467,0.08413478,-0.7272906,-0.7908976,-0.06159667,-0.32788777,1
-0.016541779,-0.041558236,0.16597183,-0.7432553,-0.803332,-0.01510144,-0.30495784,0
0.057753205,-0.6227187,0.15126884,-0.78064126,-0.75809,0.16323644,-0.34966546,0
0.46829122,0.6036916,-0.013216332,-0.66458434,-0.83947325,-0.16677618,0.2604581,1
0.0876994,-0.15836972,0.06296879,-0.8770911,-0.66584015,-0.23492053,-0.37484047,0
0.5759931,-0.32731622,0.35902566,-0.735079,-0.7185619,-0.05070489,-0.37383372,0
0.19852255,0.16174653,0.08421566,-0.93887615,-0.5793221,0.17473397,0.03737673,1
-0.066892624,0.6789285,0.00800626,-0.8359637,-0.7156978,-0.40786982,-0.32925934,0
0.5660697,0.58100134,0.3104105,-0.60316616,-0.8796338,-0.12493741,-0.104049504,0
0.26649076,0.5300838,0.09472347,-0.71776104,-0.8044559,0.33701393,-0.33743203,0
0.6517091,0.38743725,0.30518794,-0.8302154,-0.6750644,-0.058754716,-0.39318192,1
0.5711239,0.63948095,-0.053155825,-0.72283995,-0.8215858,0.11687562,-0.13717206,1
-0.16233072,0.2926225,-0.011147708,-0.74786526,-0.8174646,-0.06647964,-0.553759,1
0.6825738,0.20094852,0.19556287,-0.78112274,-0.71285206,-0.14963228,-0.37841696,1
-0.0026246011,-0.4361276,0.24647963,-0.76342505,-0.75170606,-0.2861252,-0.30493036,1
0.8744704,0.26801527,-0.028944403,-0.7257275,-0.79288346,-0.26853114,0.32629478,1
0.70637804,0.8109999,0.45924604,-0.71860796,-0.749252,-0.5002712,-0.1635217,1
0.90640694,0.3874955,-0.009197295,-0.73496175,-0.7806809,-0.36115247,0.393937,1
0.87314475,0.6766037,0.11162858,-0.73419106,-0.7881943,-0.38831884,0.29094732,1
0.007992238,0.67285746,-0.062743366,-0.8345432,-0.7249537,-0.065097935,-0.18997467,1
0.48117054,0.7025504,0.23590027,-0.7155067,-0.7851964,-0.08407112,-0.44186962,0
0.70491374,0.19550915,-0.34196183,-0.70230794,-0.8355457,0.044394776,0.05644536,0
-0.3010012,0.35640678,0.45237473,-0.762668,-0.7055723,-0.45901772,0.0057190955,1
-0.3126052,0.6597798,0.107398205,-0.74956256,-0.80832964,-0.15812366,-0.3946678,1
0.7527769,0.48761767,0.16792291,-0.7725484,-0.7381514,-0.21074063,-0.5281346,1
-0.19132167,0.6941533,0.2667984,-0.8285904,-0.6988179,-0.43567923,-0.38156933,0
0.6588626,0.14951454,0.07966265,-0.7009062,-0.78574,-0.13589542,-0.21776558,1
-0.3302002,0.661144,-0.05750051,-0.6150155,-0.9602631,-0.10799313,-0.31931877,1
0.6642426,-0.28565162,0.15866226,-0.72731876,-0.76290154,0.09201765,-0.40803975,0
-0.22574663,0.20600183,0.2359197,-0.68257475,-0.8417058,0.0052272677,-0.108832985,1
0.073743254,0.26157066,0.16515455,-0.92580867,-0.62158525,-0.3857549,-0.39480203,0
0.5177115,0.771618,-0.0311279,-0.7618246,-0.77814317,0.04095614,-0.19612446,1
0.6807346,-0.0070955455,0.1601002,-0.7207572,-0.79033726,0.09597352,-0.5233028,1
-0.16614464,0.4739663,0.12006847,-0.7817077,-0.7502725,-0.30528757,-0.19572897,1
0.06525284,0.6796552,-0.058872834,-0.8705867,-0.70340866,-0.3596063,-0.33025652,1
-0.21303713,0.26294178,0.116250664,-0.7273828,-0.8127788,-0.16302173,-0.47114632,1
-0.0060899258,0.7071616,0.075686574,-0.8045983,-0.70807236,0.5784767,0.043005854,0
0.78117454,0.24855757,0.31259125,-0.72708213,-0.7388982,-0.4874512,0.41798913,0
0.22304952,0.035021782,-0.49975628,-0.8131292,-0.7978046,-0.24947919,-0.17221965,1
0.09896469,0.14755109,-0.049238473,-0.83667237,-0.7166888,-0.3188212,-0.2171071,0
0.8693357,0.48769552,0.30466455,-0.75389504,-0.73746145,-0.38188168,-0.32395327,1
0.6621225,-0.13222161,-0.23488957,-0.6861353,-0.8444709,0.18617544,-0.046098664,1
-0.13522843,0.32535252,-0.657274,0.18215203,-0.0846743,0.0063651428,-0.49734002,1
0.80440396,0.33022985,0.16938816,-0.78725106,-0.73659354,-0.06050136,-0.4751379,0
0.8518909,0.45516577,0.19018787,-0.75235224,-0.77924377,-0.10539271,-0.42735505,1
0.23082614,-0.41241378,-0.26746908,-0.7841398,-0.7886084,-0.2481028,-0.25140908,1
0.13312678,0.78166264,0.03455309,-0.83708405,-0.7082671,0.585145,-0.008911043,1
-0.08823326,0.5673642,-0.014768615,-0.76278245,-0.80145025,-0.09213721,-0.29588497,1
0.75044036,0.16967121,0.08609158,-0.7616922,-0.7528388,-0.030177064,-0.38575637,1
0.6414398,-0.014452606,-0.034200713,-0.6825479,-0.8245038,0.07629146,-0.08496477,1
0.72732514,0.104784355,0.21226302,-0.74150795,-0.72721213,-0.398897,0.3419242,1
-0.02771774,0.8238849,0.16723621,-0.83159125,-0.72558147,0.044831216,-0.6306863,0
0.7057941,0.30979806,0.19773787,-0.7315541,-0.77916837,-0.07188952,-0.4955957,0
0.6106862,0.27052793,0.23648205,-0.8384188,-0.67491215,-0.03684509,-0.33318812,0
0.19395764,-0.15865564,-0.21440336,-0.803282,-0.7591806,-0.3921773,-0.16198948,1
0.71980256,0.45274398,0.22804733,-0.7849279,-0.71563435,-0.22195163,-0.47415438,0
0.3826854,0.74552655,0.28452003,-0.7771553,-0.7434353,0.17967612,-0.63084745,0
0.29894122,0.2909664,0.23584725,-0.8897768,-0.6010133,0.36756143,0.26313716,1
-0.053867847,-0.0420537,0.09103513,-0.7181072,-0.8272697,-0.011074774,-0.34560078,1
0.7999784,0.3150692,-0.17802179,-0.6634518,-0.8696173,-0.20759201,0.9185475,1
0.0058535635,0.094664276,0.23032174,-0.80374384,-0.7296519,-0.18783045,-0.21850924,0
0.7256167,0.116157115,0.39736155,-0.7631294,-0.71569014,-0.1882595,-0.47355253,1
0.74550986,0.24937376,0.25220993,-0.7556273,-0.7322881,-0.22053625,-0.38750428,1
0.1575792,0.8163749,0.39055988,-0.91544443,-0.5596728,0.19753167,0.095920235,0
0.58021754,0.9376951,0.14972502,-0.8071111,-0.7392176,0.02253671,-0.5517709,1
0.5577421,0.6279478,0.08337009,-0.67701995,-0.83239037,-0.042022355,-0.08769512,0
0.77159584,0.04056683,0.3277026,-0.7336662,-0.76591945,-0.044027504,-0.5414928,0
0.8579072,0.41005135,0.36486483,-0.7712643,-0.71350753,-0.3885603,-0.36746877,0
0.55394286,0.45227206,-0.078414604,-0.6721994,-0.84148395,-0.0071786568,-0.050489888,1
0.9324693,0.054068834,0.114030935,-0.7192066,-0.79386723,-0.105344415,-0.26949847,1
0.64504397,0.3256407,0.27187654,-0.76110756,-0.7158013,-0.25604188,-0.23514059,1
0.29528347,0.46178517,0.15304771,-0.92864084,-0.5735112,0.2524394,0.21505779,1
0.22283848,0.045413196,0.11219873,-0.8276527,-0.74673307,-0.062635124,-0.40909535,1
0.4937986,0.67880154,0.16500889,-0.70005786,-0.8215362,0.084940925,-0.25347608,0
0.5821356,-0.09153035,-0.00062960386,-0.8001992,-0.7334988,0.32769558,-0.43834704,0
0.890455,0.31166035,0.26143897,-0.7682212,-0.73349464,-0.22650102,-0.24253646,0
0.74653125,0.3304863,0.2073578,-0.7574692,-0.73778266,-0.22469863,-0.4113211,1
0.201225,-0.13716826,-0.2747812,-0.74737424,-0.8318119,-0.28233808,-0.12550636,1
0.71188855,0.46573725,0.103426486,-0.731533,-0.7885682,-0.10286687,-0.47428784,0
-0.08607656,0.72874296,0.13223585,-0.82254833,-0.71493506,-0.10602021,-0.12950233,1
-0.18011093,0.8414417,0.4696934,-0.7777904,-0.72221386,-0.18875721,-0.47602072,0
0.7090875,0.56873107,0.012323089,-0.8472799,-0.70675504,0.013799094,-0.40966702,1
-0.3497821,0.4018526,0.37509727,-0.6468444,-0.88252115,0.059783474,-0.28369594,0
-0.14558685,0.49296653,-0.026747882,-0.7692892,-0.8016809,-0.14698467,-0.57103366,1
0.77925384,0.47866082,0.3173225,-0.78799635,-0.7120126,-0.27623582,-0.54576373,0
0.5505464,0.69167256,0.061861858,-0.8037827,-0.7133499,-0.13783649,-0.14336856,1
0.738556,0.180474,-0.130034,-0.7313879,-0.78338826,-0.18192358,0.29678792,1
0.68215233,0.8533605,0.37452537,-0.70973945,-0.779781,-0.38036016,-0.30352217,1
0.6941201,0.33228084,0.052958272,-0.7446394,-0.7460398,-0.35580143,0.34852332,0
0.6092307,0.54321194,0.0047299117,-0.84377635,-0.69010156,-0.047581494,-0.28161055,1
-0.03361681,-0.5435179,0.23023856,-0.8084779,-0.7005032,-0.019260399,-0.21057707,0
0.43969342,0.64226425,0.58754146,-0.71066225,-0.7420987,-0.3025217,-0.45787144,0
0.8255658,0.4737574,0.19556934,-0.7406888,-0.7785386,-0.16312182,-0.28903955,1
0.24062006,0.1494209,-0.08454135,-0.87889266,-0.69282997,-0.31512797,-0.32645518,1
0.14806566,0.49554306,-0.06412147,-0.8947622,-0.677173,-0.38208625,-0.2955606,1
-0.24205244,0.7508546,0.24909396,-0.8302379,-0.6909599,-0.48649612,-0.27754626,0
0.4978074,0.7738453,-0.05814913,-0.78686225,-0.76461214,0.1339002,-0.27876204,1
0.13709648,0.61397254,0.0965021,-0.8860657,-0.68147504,-0.0033349246,-0.7277322,0
0.75291663,0.15797843,0.33482966,-0.75973445,-0.73734045,-0.10833146,-0.57368195,0
0.7359098,0.113690734,0.028624497,-0.7161674,-0.78828335,-0.07112158,-0.31901395,1
0.12265074,0.21073447,0.04638733,-0.8618381,-0.7030985,-0.32117802,-0.48055837,0
0.14129268,0.79157233,-0.08951375,-0.84509176,-0.7427447,-0.021933407,-0.4328615,0
0.58289236,0.2594772,0.51197046,-0.7954083,-0.6573894,0.12558743,-0.003900528,0
0.70277756,0.3491331,-0.1052748,-0.7339196,-0.7664515,-0.32680443,0.40096843,1
0.59943736,0.27171063,-0.04565206,-0.81243366,-0.7278234,0.20890415,-0.37547562,0
0.64892197,0.7074816,0.16391626,-0.70961535,-0.8023738,-0.13197243,-0.40438217,1
0.05884254,0.39881206,-0.01374045,-0.8669753,-0.70066845,-0.32266444,-0.37801436,1
0.7336874,0.7197924,0.21224144,-0.70596075,-0.807884,-0.15812516,-0.2863784,1
0.011729032,0.19952579,0.116303265,-0.862447,-0.6932559,-0.31066614,-0.56323266,0
0.7436807,0.4338823,0.0909616,-0.7195233,-0.79027766,-0.1418867,-0.12687713,1
0.12450087,0.0722765,-0.055907965,-0.81116354,-0.76366967,0.20198318,-0.41680026,0
-0.1586735,0.8794303,0.4879042,-0.7777928,-0.65715045,0.5249147,0.48208606,0
0.026171833,0.5519368,-0.02640307,-0.8450443,-0.735665,-0.2840944,-0.5236294,0
0.34030417,0.0031024814,0.13940933,-0.68921345,-0.81948453,0.07119435,-0.08514759,1
0.8055349,0.3341116,0.15687601,-0.78280336,-0.7443518,-0.04213033,-0.484591,0
0.18008672,-0.73559725,-0.25993696,-0.6907271,-0.8035742,-0.043319605,-0.32585147,1
0.07632774,0.19061993,-0.024271548,-0.86759543,-0.7091302,-0.22956957,-0.6517165,0
0.15401873,-0.18406957,-0.21906126,-0.7495972,-0.81383836,-0.3246423,-0.07432139,1
0.65612066,0.3966096,-0.09516716,-0.81432027,-0.73162717,0.085302785,-0.1692713,0
0.7399634,0.25729105,0.12443648,-0.82487553,-0.69060445,0.014655463,-0.22007121,0
0.03127405,0.10910952,0.20735608,-0.8927199,-0.62042296,-0.49247906,-0.16323414,0
0.0814257,0.65207887,-0.2280457,-0.80832213,-0.7774624,0.036646158,-0.3091853,0
0.8392793,0.32435063,0.061128348,-0.73467606,-0.7812556,-0.13099942,-0.08052908,1
0.82028043,0.06544551,0.40227735,-0.7401712,-0.7331178,-0.24419363,-0.31100446,0
0.76918864,0.0999987,0.22312313,-0.75740725,-0.7500918,-0.039390054,-0.3625378,0
0.1234415,0.08361083,0.026153907,-0.87581396,-0.69409674,-0.20537576,-0.55028725,0
-0.016302377,-0.18243843,0.31207448,-0.8316396,-0.68058825,-0.16226271,-0.3086357,0
-0.1402115,0.3768894,0.039133213,-0.7653889,-0.7894693,-0.1889946,-0.500935,1
0.4594288,0.634217,0.27844703,-0.6610297,-0.83168554,-0.06714853,-0.4274842,1
-0.21575814,0.064198494,0.09760073,-0.66169286,-0.87334096,0.11222401,-0.18923104,0
-0.40113539,0.54854524,0.48739126,-0.77023435,-0.68211126,0.33202428,0.27517605,0
0.6230745,0.5587461,0.027576156,-0.6781197,-0.82138723,-0.26286435,0.4084999,1
-0.08000404,0.59556425,0.007288933,-0.89730185,-0.65399534,-0.3774651,-0.25810027,1
0.6921847,0.43263957,0.069190875,-0.8220928,-0.73177505,0.11744802,-0.3658618,0
-0.21586657,0.7487315,0.07818398,-0.7466373,-0.829296,-0.17667902,-0.5967456,1
0.16808723,-0.3730113,-0.04428181,-0.7480864,-0.83118975,-0.047036454,-0.49237046,1
-0.042895377,0.43931636,0.48714328,-0.689991,-0.7797287,0.2632899,-0.2533237,0
0.53945655,0.89619905,0.30996475,-0.6870812,-0.8165238,-0.2247493,-0.4980608,1
0.09971212,0.026862383,0.12866269,-0.82998765,-0.71049523,-0.1548247,-0.15008895,0
0.6529532,0.4816543,0.1959336,-0.8443893,-0.694037,0.079461396,-0.6566545,0
0.08942643,-0.32607692,-0.15555412,-0.72457653,-0.85265946,-0.06022557,-0.42311004,1
-0.13861844,0.64466274,-0.08379726,-0.73173976,-0.8597422,-0.17759041,-0.44918972,1
0.49429673,0.03906104,0.42992246,-0.8947153,-0.5552424,0.38981733,0.06482479,0
0.6551701,0.695424,0.33090222,-0.7206072,-0.7674996,-0.26072425,-0.27377158,0
-0.08279839,-0.074830055,0.122774124,-0.77283037,-0.7779579,0.06478138,-0.39770094,0
0.15842438,0.34417698,0.4536552,-0.65544003,-0.7736946,-0.064001605,0.031384915,1
-0.0811598,-0.42478442,0.41533488,-0.7778966,-0.70725435,-0.12664081,-0.15558961,0
0.17763934,-0.57219476,0.009886652,-0.7672056,-0.7911437,0.15086535,-0.37402678,1
0.9461462,0.54430896,0.18380688,-0.76587677,-0.7521551,-0.28984365,-0.34982595,1
0.0031810105,0.5643245,0.12588415,-0.8958983,-0.6521777,-0.45158246,-0.36991915,1
0.73188853,0.055048525,0.15756091,-0.76477635,-0.7432638,-0.023963809,-0.5654706,0
0.6864275,0.5601078,-0.029967964,-0.8391717,-0.71962917,0.08482666,-0.30685794,0
0.39908144,0.784654,0.15440217,-0.8151904,-0.714207,0.17975506,-0.579047,0
-0.9236957,0.08519176,0.67533576,-0.50735545,-0.9500641,0.27616897,-0.1882734,0
-0.2862922,0.51595235,0.34690532,-0.83526504,-0.67926085,-0.34681955,-0.3170152,0
-0.11380705,0.73330605,0.13761649,-0.87360716,-0.67512536,-0.3918051,-0.2792398,0
0.98541284,0.039769977,0.09858206,-0.7362621,-0.77735174,-0.25443122,0.30421436,1
0.023079306,0.64148545,-0.12910002,-0.85789365,-0.7123748,-0.35072768,-0.35834077,1
0.1787943,-0.09087545,-0.022024333,-0.8461021,-0.72282624,-0.21653266,-0.55593646,1
0.7428149,0.2016836,0.41830805,-0.7532058,-0.729945,-0.22373502,-0.38937768,0
0.6239573,0.51992714,0.43383995,-0.7978436,-0.66288114,-0.40429056,-0.37599078,1
0.14021863,-0.07717043,0.13833915,-0.8293857,-0.7114355,0.14586973,-0.40767032,0
0.5959244,0.23578632,0.12428381,-0.8261255,-0.713034,0.24494246,-0.56527007,0
0.7517592,0.40502098,0.06860236,-0.76699823,-0.75341356,-0.09991171,-0.35530794,1
0.19296144,-0.4080639,-0.09124975,-0.754224,-0.8339212,-0.0056350604,-0.5246116,1
0.76114213,0.4915343,0.16284494,-0.7686795,-0.73988855,-0.22071627,-0.47793898,1
0.83405966,0.56094,0.45416182,-0.7608536,-0.6992697,-0.5648977,-0.12980577,1
0.61852574,0.57011306,0.067357,-0.704505,-0.80559146,-0.09543483,-0.08308183,0
0.6373173,0.52478844,-0.032104254,-0.84581995,-0.7071679,0.072574094,-0.37577572,0
0.34339252,0.31636065,0.05190517,-0.9224747,-0.60724944,0.44875777,0.016453266,0
0.25751394,-0.101923734,0.05148969,-0.8428431,-0.7174259,0.17895848,-0.4585148,0
0.6633407,0.46897915,0.20114353,-0.8452316,-0.6919867,0.07256101,-0.6348235,0
0.94617826,0.24964255,0.048214704,-0.7320884,-0.776055,-0.35654786,0.46619838,1
0.6909317,-0.87049985,0.2546826,-0.7013689,-0.8050537,0.45303243,-0.6603098,0
0.60679907,0.59751964,-0.07735486,-0.84715873,-0.7117274,0.10846974,-0.38537523,0
0.14533663,-0.4441687,-0.072776124,-0.7377743,-0.74120724,-0.22140974,-0.32607514,1
-0.07224381,0.3357135,0.15525389,-0.87614346,-0.64522564,-0.4815517,-0.23556438,1
0.355668,0.37203053,-0.16619733,-0.8750353,-0.7168577,0.0019966662,-0.31143218,0
-0.078825265,0.5369599,0.031883687,-0.8265914,-0.71160966,-0.38390502,-0.19927858,1
-0.018077046,0.5035889,-0.10696292,-0.7988009,-0.78435487,-0.24246833,-0.5057838,1
0.19454592,0.6184186,0.27763397,-0.8693416,-0.6175379,0.29741725,0.32118303,1
0.8848887,0.3737588,0.18301737,-0.7320343,-0.79123664,-0.14177747,-0.4669025,0
0.14253001,0.052337468,0.030435413,-0.8383803,-0.7310243,-0.05077776,-0.48181343,0
0.4986962,0.90040356,0.34514534,-0.6741892,-0.81898195,-0.24380656,-0.46610314,0
0.42828074,0.02170232,0.30383533,-0.834787,-0.6374297,-0.017555803,-0.09122032,1
0.15242161,0.37602475,-0.17111576,-0.8926422,-0.6852373,-0.33746338,-0.36490738,1
0.7510091,0.29489213,0.07670124,-0.7575569,-0.76653904,-0.026427202,-0.48257273,0
0.18539143,0.0017026067,-0.36438206,-0.8048356,-0.77647185,-0.3463399,-0.114709705,1
0.19711803,-0.1038008,-0.16056812,-0.81584466,-0.7411634,-0.4358077,-0.042525306,1
0.5408439,0.6511847,0.26153177,-0.6935205,-0.7957396,-0.16544211,-0.35415742,1
0.9784932,0.6234206,-0.06416218,-0.7935513,-0.7625011,-0.06879031,0.2522726,1
-0.007342458,-0.124819934,0.28926486,-0.8341263,-0.68166274,-0.17295639,-0.3038076,0
0.60722476,0.79997766,0.037640728,-0.77517956,-0.7595145,-0.060171828,-0.15477568,1
0.5398705,0.45096523,0.5414677,-0.83157176,-0.6006908,-0.074019834,0.0974434,0
0.73951006,0.39200667,0.026017599,-0.737258,-0.7930705,-0.03292851,-0.4278568,1
0.09145358,0.7553752,-0.020647377,-0.8496764,-0.681966,0.5124906,0.09974697,0
0.69679296,0.21920976,0.18163514,-0.75598824,-0.74180025,-0.10609894,-0.33475554,1
0.67127556,0.59801877,0.4251465,-0.7372745,-0.7311995,-0.4202191,-0.32473502,1
0.8626523,0.44927156,0.19909868,-0.7824071,-0.73531264,-0.185325,-0.3682772,0
0.5642536,0.8638258,0.25472054,-0.6866839,-0.81773883,-0.20505765,-0.43734568,0
0.08198476,0.15282956,-0.12840119,-0.7582926,-0.8287261,-0.19090775,-0.4069262,1
0.9347211,0.42284417,0.18835384,-0.77098584,-0.7454357,-0.22371879,-0.26694188,0
-0.0862717,0.55175424,0.18056875,-0.85330385,-0.6791971,-0.47749326,-0.35798806,0
0.30062434,0.64419675,0.16924115,-0.63013756,-0.87416214,0.12239939,-0.18490794,1
0.5821688,0.5021558,0.0021782145,-0.8307971,-0.7059556,0.10694677,-0.34308356,0
-0.017255217,0.6288421,0.030259572,-0.8808977,-0.66817755,-0.44704077,-0.30929512,0
-0.67385817,0.39569056,0.6560525,-0.6666987,-0.7651447,-0.31371176,0.06309995,0
0.78626084,0.23509285,0.29577494,-0.7708603,-0.7220456,-0.2034313,-0.40039185,0
0.61238825,0.3344001,0.43570542,-0.7461246,-0.7296108,-0.24120069,-0.526633,1
-0.0075188577,0.77817315,0.60840565,-0.6958839,-0.77729774,0.15478575,-0.5880085,0
0.853848,0.21848467,0.14100644,-0.71608007,-0.7745929,-0.2602855,-0.06933552,1
-0.07725808,0.8511899,-0.017323062,-0.7912964,-0.78365,0.03163916,-0.41394192,0
0.64761055,0.84418,0.27185187,-0.7398643,-0.77013224,-0.21261826,-0.47233486,1
0.69848484,0.17266826,-0.32030603,-0.70395744,-0.82792145,0.017798133,0.092374384,0
0.1336745,-0.42100215,-0.2078408,-0.7411257,-0.8313265,-0.07698639,-0.29310736,1
0.21266034,-0.23990703,0.10314825,-0.8339222,-0.7300996,0.026105471,-0.36106673,0
0.9513097,0.51816255,8.0406666e-05,-0.7549509,-0.78850484,-0.3629754,0.07439968,1
-0.11538151,-0.20628399,0.35846925,-0.7614287,-0.73066103,-0.23723948,-0.18629014,1
-0.021549076,-0.14196214,0.069547966,-0.7826736,-0.7748597,0.0734628,-0.41434264,0
-0.0440045,-0.30590498,0.3335091,-0.8062581,-0.69680387,-0.122718714,-0.17302254,0
0.06282091,0.71562856,0.08231454,-0.7779208,-0.79729956,0.12765895,-0.562893,0
-0.096269995,0.66110724,0.10325801,-0.85877615,-0.6770303,-0.48668873,-0.307882,0
-0.15821034,0.51761734,0.14690518,-0.78659546,-0.75037485,-0.16973999,-0.13160503,0
0.8335704,0.042053044,0.33216214,-0.744394,-0.74012136,-0.1964158,-0.40577972,1
0.31409055,-0.23122323,-0.17864498,-0.7963624,-0.7724051,-0.40227857,-0.2069135,1
0.7878402,0.22286367,0.16432662,-0.6775694,-0.83772814,-0.03346642,-0.12662312,1
0.14204673,0.3347868,0.14015053,-0.86458004,-0.6964633,0.1003961,-0.67724276,0
0.34656334,0.4034933,0.009599179,-0.9200623,-0.6129014,0.42948008,0.09581387,0
0.215927,0.20212463,0.23119457,-0.8988226,-0.5844922,0.3402181,0.26576746,1
-0.06988025,0.31013322,0.51990926,-0.83326894,-0.6156085,0.1366171,0.46736526,1
0.37106326,0.8655082,0.3077442,-0.74550074,-0.7764559,0.10747838,-0.50256413,0
0.10284102,0.05172667,0.28339294,-0.87119055,-0.6207756,0.3299889,0.15172687,0
0.14392896,-0.35464132,-0.04088597,-0.696468,-0.7853132,-0.21687767,-0.28719643,1
0.6993308,0.6235193,0.28639382,-0.75476813,-0.74366623,-0.5214282,-0.016455933,1
0.7733288,0.4431311,0.1555592,-0.79973716,-0.71992564,-0.14709914,-0.4857229,0
0.047450423,0.69117373,0.04309287,-0.8090867,-0.7346179,0.44480485,0.05284062,0
-0.40590966,0.45803276,0.27982265,-0.71172315,-0.80776054,-0.0132898465,-0.09090735,1
0.11499287,0.38002142,-0.16510758,-0.85774416,-0.728401,-0.27683437,-0.5467366,1
0.30418321,0.50846094,0.02748365,-0.91278315,-0.61975634,0.41354096,0.059494317,0
0.8319655,0.26592687,0.14499804,-0.7706317,-0.7486076,-0.10475775,-0.5150261,1
0.10499631,0.7569347,0.012005538,-0.8686208,-0.6618704,0.50401187,0.106751114,0
-0.2255776,0.5632392,0.16157979,-0.81133866,-0.7364233,-0.26335603,-0.5254972,0
-0.23745859,0.6283329,0.2361086,-0.84178895,-0.6711774,-0.5126085,-0.2701153,0
-0.13018832,0.49358335,-0.04621528,-0.7240476,-0.8296628,-0.114140995,-0.14600584,1
0.7290091,0.30920994,0.3432348,-0.76967967,-0.71612173,-0.2400317,-0.44950277,1
-0.02373454,0.705756,0.053439006,-0.8027432,-0.74685335,-0.10388384,-0.22277054,1
0.11239044,-0.5507863,0.009971105,-0.7388884,-0.82759494,0.0057127327,-0.45734644,1
0.75288475,0.20681703,0.07575782,-0.76712626,-0.74890137,-0.044792663,-0.3726297,1
0.66318715,0.034523427,-0.11699095,-0.69459194,-0.8118314,-0.12136966,0.2566772,1
-0.06551638,0.32881126,0.084016144,-0.79349726,-0.7736452,-0.24294572,-0.3037734,1
-0.31212354,0.50334483,0.14608185,-0.6919,-0.83239746,-0.12174977,-0.20041281,0
0.089551374,0.7560173,-0.11620845,-0.8187226,-0.7628608,-0.00019223988,-0.3637817,0
0.71801996,0.5264531,0.05365414,-0.8230475,-0.7150427,-0.07769263,-0.3679357,0
0.14305341,-0.21080256,-0.07150856,-0.777293,-0.80938476,-0.06661916,-0.4843558,1
0.6573322,0.123054355,0.094139,-0.8240864,-0.7157788,0.26130617,-0.4262694,0
0.88816285,0.44102734,0.1617482,-0.7854734,-0.74550176,-0.14765142,-0.6112832,1
0.6680602,0.79504144,0.018729694,-0.8329996,-0.706359,-0.0020274445,-0.21571632,0
-0.022468448,-0.5047205,0.1483354,-0.7914387,-0.7261797,0.015127249,-0.23267826,0
0.48791152,0.88150084,0.2103951,-0.70845217,-0.81296945,-0.048896737,-0.51948184,0
0.62333965,0.48590267,0.2897088,-0.8454955,-0.67178386,-0.03859137,-0.56678826,0
0.63877475,0.8263527,0.37166196,-0.70451343,-0.7769378,-0.39296082,-0.3034571,1
0.8490749,-0.22098255,0.2671463,-0.697487,-0.80496633,0.03556806,-0.26880887,1
0.00865525,-0.060830474,0.13289249,-0.76103795,-0.77886933,-0.048102528,-0.2516371,0
0.1510619,0.12278199,0.15452072,-0.919181,-0.5904401,0.19438097,0.042362034,0
0.1289443,0.21227178,-0.15605536,-0.78539675,-0.80698323,-0.22373281,-0.47681844,0
-0.06500238,0.49246675,-0.09112792,-0.76127577,-0.81805193,-0.16490108,-0.5791221,1
-0.06726271,0.054551393,0.12596926,-0.82982314,-0.7007763,-0.33986217,-0.46292257,0
0.101220205,-0.3324033,0.02432292,-0.6934379,-0.7946298,-0.15193921,-0.37797052,0
0.036556244,-0.5226185,0.19898239,-0.7747923,-0.7400233,-0.015074097,-0.19316445,1
-0.09169486,0.63290507,0.07561757,-0.8251811,-0.7360042,-0.33394152,-0.46095943,0
0.7600709,0.0047269464,0.09656298,-0.7640105,-0.75526184,0.07149188,-0.4611935,0
0.07878116,0.63702065,0.019178018,-0.89655346,-0.6831506,-0.3349555,-0.4484508,0
-0.11572993,0.47031093,0.0069061145,-0.7937282,-0.7672253,-0.23057687,-0.51646197,1
0.56968594,0.60423994,0.16356578,-0.66965014,-0.8385922,-0.03938923,-0.37969905,1
0.020647287,0.47761118,0.26799202,-0.7675717,-0.78973424,0.19723961,-0.8391377,0
0.57938653,0.2436336,-0.025289863,-0.8307809,-0.71563625,0.2013036,-0.4062304,0
-0.1522964,-0.028396279,0.35018522,-0.75856155,-0.7330651,-0.29704925,-0.1490379,1
0.110707074,0.6905079,-0.14921331,-0.7934729,-0.7917759,0.044684067,-0.39923453,0
0.3084513,0.30099306,-0.114351735,-0.88585144,-0.7037888,0.03575568,-0.47198308,0
0.12804705,0.69149846,-0.06754297,-0.8475579,-0.73098856,0.016611852,-0.28816065,0
-0.07057366,0.6547158,0.108530454,-0.86002105,-0.6813991,-0.4240472,-0.22523242,0
0.7687832,0.4835453,0.0067422017,-0.83320475,-0.7289583,0.06540254,-0.47205725,0
0.7748987,0.20562555,0.116261706,-0.76934093,-0.74581856,-0.04896019,-0.3867613,1
0.31041655,0.4146111,0.18498571,-0.62651527,-0.86412066,0.13724823,-0.36071146,1
-0.10790244,-0.46062446,0.37323636,-0.73789674,-0.66432846,-0.4717746,-0.17018056,1
0.8528782,0.38385853,0.23592278,-0.7597147,-0.7472656,-0.20653023,-0.2045402,1
0.84961104,0.72168785,-0.05329661,-0.7596926,-0.79813814,0.02095788,0.2347542,1
0.46549532,0.7915026,0.3042942,-0.7011605,-0.809138,-0.017889552,-0.4902583,0
0.77100766,-0.0052216053,0.1679403,-0.7307056,-0.78902495,0.10086441,-0.34895656,0
0.72710717,0.35751972,0.14009768,-0.75135446,-0.7411607,-0.2452246,-0.29580724,1
-0.07103941,0.7274214,0.11357133,-0.83382684,-0.70514166,-0.1336526,-0.31568164,0
0.090117365,0.474694,0.36038712,-0.56732416,-0.9140094,0.28956026,-0.14806482,0
-0.440381,0.17136215,0.25597137,-0.6483257,-0.8775446,0.17636031,-0.25251898,0
0.6003572,0.471258,0.31148505,-0.8401437,-0.66979027,-0.05387266,-0.4679856,0
0.76425695,0.38883403,0.32612944,-0.78185815,-0.7067155,-0.27274743,-0.35228556,0
0.93143725,0.0068157613,0.2563575,-0.73587537,-0.776333,-0.07148912,-0.38754648,0
0.8328939,0.011750996,0.30662084,-0.74842596,-0.75777936,-0.04564003,-0.58353025,0
0.35398948,0.829456,0.34509736,-0.77537805,-0.7448389,0.14092055,-0.6107724,0
0.6097121,-0.0005695224,-0.055213824,-0.77554405,-0.75527847,0.17826146,-0.27357906,1
-0.20172936,0.60443425,0.34432316,-0.74813443,-0.75948447,0.5286426,0.09409797,1
0.6564306,0.68348837,0.015375644,-0.670563,-0.86912113,-0.18393955,0.016174138,1
0.72971606,0.2953976,0.13999686,-0.7590889,-0.7584597,-0.038535297,-0.4345949,1
0.5028768,0.6652155,0.12652017,-0.6515512,-0.85687745,-0.026785843,-0.35055363,0
0.6725075,0.8118309,0.27917296,-0.7076366,-0.79271984,-0.305005,-0.40683186,1
0.7875196,-0.08069146,0.3386088,-0.74866784,-0.74221265,-0.0722563,-0.52662086,0
0.7438061,0.8246454,0.24586682,-0.70231116,-0.80565566,-0.300591,-0.327296,1
0.80159974,0.39841828,0.058665313,-0.8152212,-0.72426355,-0.055785984,-0.25931624,1
0.52058816,0.6008475,-0.0772122,-0.67261344,-0.8402955,-0.14761011,0.30304462,0
0.47973388,-0.16068852,0.31717724,-0.8885397,-0.634812,0.6595013,-0.3129978,0
0.030390263,-0.06799239,0.28580648,-0.82856935,-0.68168676,-0.23569132,-0.06789091,0
0.9167172,0.3620586,0.042618066,-0.72466356,-0.7916876,-0.21445625,-0.17108771,1
0.013125867,-0.34825963,0.181282,-0.7404374,-0.69060695,-0.4337613,-0.133643,1
-0.031127661,-0.013821006,0.066952504,-0.75751287,-0.79451025,0.009611845,-0.25250337,0
0.663906,0.592148,0.15293701,-0.8362027,-0.71297455,0.083302066,-0.6952734,0
-0.08111313,0.31419265,-0.16070718,-0.6872282,-0.8832355,-0.23244083,-0.13226414,1
-0.18557787,0.54291755,0.06774001,-0.7943516,-0.73631895,-0.35165188,-0.15232788,0
0.45756388,0.72023916,0.23302063,-0.6517387,-0.8483431,-0.06146111,-0.39958948,1
0.19192506,0.37999722,0.047839187,-0.95494825,-0.570866,0.13995351,0.02781722,0
0.40388706,0.80608654,0.07252508,-0.7525148,-0.7974246,0.19710425,-0.42807102,0
0.017372757,-0.19033879,0.122635365,-0.7254766,-0.82343733,0.06548731,-0.23838295,0
0.0038066506,0.6342466,0.018220626,-0.8549228,-0.7010692,-0.39040133,-0.31488022,1
0.006698042,0.7513515,-0.20300484,-0.81716645,-0.8069386,-0.071919605,-0.6870985,0
-0.005448699,-0.25556403,0.19181162,-0.82226276,-0.68789995,-0.37101647,-0.4713118,0
0.30041596,0.5120828,0.19956785,-0.93118477,-0.58218676,0.39060444,-0.16450384,0
0.1183119,0.1398563,0.020795792,-0.8451758,-0.72441727,-0.25324935,-0.4872601,0
0.2516215,0.33714175,0.0067188516,-0.86905944,-0.681283,-0.17455521,-0.23837331,0
0.0725579,-0.031265974,-0.070221305,-0.75213856,-0.82460546,0.0826837,-0.31186607,1
0.21303266,0.24084425,-0.086184666,-0.87608224,-0.7185818,-0.22340982,-0.64856005,0
0.20102352,-0.051859707,0.99999994,-0.8330071,-0.5057842,-0.12844464,0.2167561,0
0.6132152,0.94634485,0.04335507,-0.8025181,-0.7581981,0.012527019,-0.4336961,1
0.1922467,-0.055906147,-0.17254478,-0.8208388,-0.7552442,0.19167498,-0.4248805,1
0.37288666,0.7694543,0.5375186,-0.6989182,-0.7556102,-0.3112902,-0.1887886,1
0.85404944,0.40394083,0.1851463,-0.74284047,-0.7385078,-0.5146022,0.50233924,0
-0.08543989,-0.9656006,0.25104198,-0.7102129,-0.7969829,-0.009997524,-0.38517374,1
0.69240355,0.21645686,0.0048677474,-0.8233357,-0.7270903,0.14642926,-0.5120746,0
-0.09429136,0.4352591,0.10305321,-0.772199,-0.7898024,-0.061569925,-0.35333598,0
0.69092214,0.29151717,-0.015578464,-0.801933,-0.75279033,0.15956059,-0.4364677,1
0.5446817,0.40122724,0.22975573,-0.73733026,-0.75705856,-0.10360134,-0.39599186,0
-0.40788263,0.27676362,0.5637038,-0.7238619,-0.7386073,-0.28938076,-0.018174544,0
-0.21589798,0.45823202,0.369013,-0.80765766,-0.63705826,-0.99332297,0.19943261,1
-0.009757787,-0.08483526,0.24130604,-0.761218,-0.75608057,-0.16136333,-0.09351228,0
0.07976708,0.122486725,0.06069351,-0.87705564,-0.6865391,-0.27940717,-0.5932349,0
-0.17128718,0.6528101,0.12363928,-0.8499732,-0.67963254,-0.44581628,-0.1343296,0
0.22976708,0.5630729,-0.12168759,-0.7608138,-0.8169295,-0.21135001,-0.14893153,0
0.7493676,0.45574683,0.19982818,-0.76888365,-0.7246876,-0.2935075,-0.37228683,1
0.7245698,0.253399,-0.18603694,-0.71350384,-0.8029139,-0.1999251,0.34123236,1
-0.14194745,0.35108247,0.21658576,-0.7459558,-0.76837,0.6363734,0.15490448,0
-0.23634684,0.2512233,-0.14765212,-0.5941024,-1.0,0.0019359514,-0.21070959,1
0.7326491,-0.044480294,0.40085027,-0.7427802,-0.7415849,-0.071832635,-0.5358976,1
0.5766133,0.58024836,0.32536554,-0.8603523,-0.6445991,-0.099882245,-0.6703678,0
0.8853608,0.44225663,0.15058057,-0.76183,-0.7376499,-0.45456377,0.36337525,1
0.6558683,0.2781237,0.060518615,-0.7227284,-0.75313354,-0.3946377,0.48377085,1
0.35585013,0.26043585,-0.2071335,-0.837469,-0.7490814,-0.004525006,-0.3423702,0
-0.241368,0.5415888,0.36169124,-0.8277369,-0.66771615,-0.55626154,-0.22311026,0
0.6431197,-0.14998242,0.34526607,-0.772524,-0.7093525,0.03504668,-0.20189299,0
0.8172415,0.3738984,0.26690656,-0.79213613,-0.71859443,-0.16731894,-0.4539173,0
0.08776155,0.49130207,-0.13026085,-0.8850151,-0.68944764,-0.32532325,-0.29582214,0
0.7700222,0.31413004,0.15075265,-0.751605,-0.7423907,-0.23290248,-0.27259192,1
0.22822374,0.24480432,-0.1544087,-0.87330806,-0.7036412,0.03903985,-0.33217245,1
0.7307811,0.26955953,-0.09650172,-0.7949049,-0.7576199,0.10273875,-0.40129134,0
-0.033987403,0.80423,-0.052310914,-0.7826662,-0.792819,0.040847257,-0.2929136,0
0.26529676,0.25817025,-0.12752661,-0.82258886,-0.76359135,0.07881673,-0.39879087,0
0.39676815,0.84634376,0.3255864,-0.78117025,-0.73745465,0.090406835,-0.7344022,0
0.72046816,0.457665,0.030199334,-0.79276556,-0.7656848,0.0962833,-0.45326918,0
0.29914483,0.24826601,-0.18514454,-0.82872534,-0.7566419,0.044474244,-0.32504088,0
0.106213704,-0.026052713,0.19024742,-0.9409282,-0.55416095,0.19638535,0.059491694,1
-0.096003205,0.62671435,0.1298709,-0.8461129,-0.67964256,-0.53080773,-0.23217976,1
0.2590881,0.84164906,0.45122874,-0.59591866,-0.88301456,-0.08154485,-0.5087446,1
-0.33982694,0.58904266,0.42398468,-0.78571004,-0.6766774,0.31720456,0.26861316,0
0.8974449,0.40776655,0.20982379,-0.7424114,-0.7679742,-0.25325632,-0.39287362,1
0.66495705,0.3469994,0.17077467,-0.7363178,-0.77695906,-0.05293091,-0.38793084,1
0.48982227,0.1887157,0.36770278,-0.7947982,-0.7110649,0.19676194,-0.5772509,0
-0.2072478,0.56627125,0.16227916,-0.7657014,-0.79711705,-0.029900245,-0.41008568,0
0.62254596,0.68884057,0.21136096,-0.69902164,-0.8165085,-0.30343544,0.06797367,0
0.7945336,0.3271407,0.076374516,-0.7645595,-0.74670625,-0.2967927,0.12454116,1
0.7574274,0.3391009,0.16640337,-0.76389855,-0.75778043,-0.044800926,-0.4534459,0
0.15891111,0.8791844,0.50316274,-0.6970153,-0.8071603,0.19873598,-0.75143164,0
0.0499036,0.23157015,-0.019678429,-0.87058693,-0.6850949,-0.32583117,-0.34551826,1
0.8748503,0.36842722,0.24266174,-0.7370148,-0.76578766,-0.25466472,-0.2739725,1
0.734017,0.563908,0.17767864,-0.81521004,-0.7048709,-0.4321932,-0.15003538,0
0.2010326,0.6011052,0.07163872,-0.87951016,-0.64540446,-0.26422364,0.017837912,0
0.14738165,0.8235224,-1.3053417e-05,-0.88000005,-0.64949054,0.38800716,0.13176516,1
0.63006425,0.6784347,-0.021678075,-0.7150487,-0.79466534,-0.30850095,0.29276842,1
0.2700671,0.7863722,-0.06472595,-0.889568,-0.65936726,0.44301242,0.12328234,0
0.20108302,0.29992747,0.022811152,-0.82796884,-0.7424774,0.081141666,-0.6050465,0
0.5805035,0.8086051,-0.10025339,-0.7811158,-0.7744398,0.04989505,-0.2862041,0
0.80747175,0.5330447,0.22760339,-0.7878709,-0.7306099,-0.4511391,-0.18052623,1
0.07512015,-0.043858737,0.021880738,-0.81451815,-0.73988885,-0.23160155,-0.46753556,1
0.5827062,0.08870253,0.2072148,-0.7378862,-0.72401994,-0.32166743,0.40831906,1
0.12706217,0.048974544,-0.015147194,-0.88706625,-0.6979417,-0.12858045,-0.65889853,0
0.5964375,0.91643625,0.058776237,-0.8020296,-0.75387096,0.011813045,-0.3321659,0
0.7993022,0.23135895,0.13964885,-0.74756956,-0.75499624,-0.17091699,-0.38835362,1
0.12352733,0.29593724,0.0644868,-0.85599923,-0.68278813,-0.6991313,-0.11916363,1
0.9115076,0.015776157,0.26084292,-0.7584637,-0.75582534,-0.03376511,-0.3952952,0
0.16544262,0.2905541,0.010198265,-0.8994926,-0.6596597,-0.39572215,-0.29432684,0
0.154269,-0.23448616,-0.032004118,-0.76444316,-0.8101977,-0.13971335,-0.45501858,1
-0.39262903,0.3244216,0.32881182,-0.6613549,-0.8525897,-0.28266954,-0.24734627,0
0.69650614,0.57726145,-0.08050981,-0.8171789,-0.7372474,0.0468677,-0.17897101,0
-0.03249395,0.75293773,-0.021990195,-0.80526173,-0.7556779,-0.031864434,-0.2704053,0
-0.017270803,-0.22164547,0.28030026,-0.82224876,-0.67593485,-0.23102383,-0.075473845,1
0.052470654,0.77829564,0.07848522,-0.82162255,-0.68741614,0.47067744,0.107604235,1
-0.2518447,0.4278168,0.72120696,-0.77015823,-0.6244945,0.62737435,0.47140372,0
0.8139614,0.4741445,0.1119308,-0.77462256,-0.7536709,-0.13080613,-0.53517765,1
0.5812041,0.195638,0.3158337,-0.8298112,-0.68355894,0.15696558,-0.5809736,0
0.1551858,0.6896603,-0.12521309,-0.8410746,-0.7485809,0.01013501,-0.33226013,0
0.9884936,0.44699687,0.24849841,-0.7563415,-0.75579655,-0.30819878,-0.31352726,0
-0.038481623,0.10310161,0.2556284,-0.8746688,-0.60608715,-0.6403587,0.009762347,1
0.833942,0.40705487,0.2719838,-0.78656,-0.7251363,-0.20744273,-0.58929896,0
0.69539356,0.5004129,0.026765078,-0.8321722,-0.72454154,0.07652655,-0.44623786,0
0.6972251,0.64129925,0.2859677,-0.7610148,-0.7350717,-0.5436213,-0.024940595,1
0.2933064,-0.59184766,-0.13186112,-0.7372188,-0.7698763,-0.086627215,-0.4319083,1
0.8071269,0.07005754,0.19414395,-0.73947006,-0.76176596,-0.10603612,-0.42245245,1
-0.23445243,-0.84120226,0.2265099,-0.6047788,-0.9105119,0.13905826,-0.37915367,1
0.61295617,0.45040274,-0.012815669,-0.70179087,-0.80061954,-0.15078822,-0.29784057,1
0.6728316,0.48752674,0.24482884,-0.8615596,-0.66928196,0.038154513,-0.7822365,0
0.017718822,0.22705033,0.05405341,-0.8173165,-0.7431228,-0.31027132,-0.32210618,1
0.6080618,0.9388396,0.100223236,-0.8110464,-0.7251139,0.01504337,-0.287019,1
0.673254,0.5451259,0.23974241,-0.86599416,-0.66422343,0.004411012,-0.76765835,0
0.30898508,0.7241596,-0.06120144,-0.90422225,-0.63896215,0.4044428,0.15003201,0
0.009839445,0.88876903,0.073499665,-0.84532,-0.6776757,0.464081,0.17442375,0
0.9027219,0.32991794,-0.1800392,-0.7280086,-0.8162152,0.06126921,0.55662966,1
0.40433475,0.82336247,0.17438738,-0.67694384,-0.830543,-0.0604981,-0.43856257,0
-0.23312813,0.5050336,0.0132698715,-0.6712869,-0.89252335,0.071041405,-0.21903145,1
0.80603,0.2799386,0.24877274,-0.7674534,-0.7312938,-0.21460447,-0.44274977,1
0.54304916,0.6100349,-0.05781029,-0.8300887,-0.71957314,0.10083023,-0.24673374,0
-0.14663514,0.36181557,-0.28860584,-0.644678,-0.9714864,-0.006663747,-0.22937982,1
0.21628731,0.34485388,-0.087130934,-0.900341,-0.678618,-0.3309182,-0.35673916,0
0.4131717,0.51025,-0.08855404,-0.9193853,-0.6347715,0.47584164,0.08065879,1
0.18151952,0.113327965,-0.124385506,-0.76906276,-0.812509,-0.06450866,-0.3894066,1
0.7739284,-0.13178173,0.121393524,-0.72535515,-0.7859089,0.08570953,-0.27557287,1
-0.17815727,0.57548237,-0.1363492,-0.70844746,-0.8777965,-0.124326356,-0.36588612,0
0.34022373,0.4573185,0.24749476,-0.62969095,-0.871739,0.18710154,-0.412229,0
-0.080316424,-0.28219646,0.28717184,-0.7360103,-0.7743408,-0.03116265,-0.16420828,1
-0.13621718,0.7894441,0.06065759,-0.85959136,-0.6988384,-0.38402376,-0.3999128,0
0.22887525,0.87423503,0.6218636,-0.7495835,-0.6940601,0.12099859,-0.10424106,0
0.81336427,0.640717,-9.6172094e-05,-0.84132844,-0.72459155,-0.011908777,-0.42091134,1
-0.1676805,0.7082695,-0.04553561,-0.8154506,-0.74672884,-0.27364036,-0.2806023,1
0.557534,-0.35817683,0.38342413,-0.75742984,-0.70739615,0.075485945,-0.22625148,0
0.7596811,-0.08137578,-0.043389335,-0.7122605,-0.8062404,0.09294364,-0.17039652,1
0.7351321,0.7380301,0.08046365,-0.7255276,-0.78382236,-0.3685372,0.2873807,1
-0.09267998,0.62086624,0.13326718,-0.8384896,-0.68622595,-0.50812495,-0.20010552,0
0.21506503,0.19213703,-0.033150256,-0.85910714,-0.6976537,-0.61017954,-0.1772781,1
0.8337438,0.22668645,0.21461385,-0.7775947,-0.7443665,-0.06805193,-0.67966676,0
0.6151973,-0.0024252534,0.1683999,-0.6839298,-0.79273945,-0.07705664,-0.24066122,1
0.03285697,0.80255723,0.1791388,-0.7938763,-0.7634588,0.015321262,-0.66193604,0
0.18589191,0.32993853,-0.15123987,-0.8334035,-0.7357055,-0.5642842,-0.15827891,1
0.9593593,0.22340262,0.20728111,-0.74889356,-0.76434124,-0.17090476,-0.28664514,1
0.28083837,0.4993468,0.41102555,-0.711886,-0.8016118,0.3666072,-0.64309776,0
0.3223848,0.3725371,0.05594778,-0.92140067,-0.60179716,0.40348867,0.116918504,0
0.03976643,0.6697985,-0.0005236566,-0.86884665,-0.69000286,-0.4370192,-0.32767907,1
0.12728418,0.24889296,-0.22184518,-0.7562259,-0.8121905,-0.46853703,-0.09547655,1
-0.25091988,0.47114027,0.0050361753,-0.6896568,-0.853816,-0.28482825,-0.02100204,1
0.23574148,0.93289244,0.022421882,-0.84786654,-0.7043155,0.4527737,0.1247161,0
-0.27869713,0.6614568,0.13322343,-0.7066045,-0.84283817,-0.31704625,-0.32024127,0
-0.38852936,0.70287645,0.25745422,-0.660171,-0.8857399,-0.059016638,-0.3146533,1
0.0040258765,0.7631476,0.13232975,-0.8454326,-0.6458958,0.31619245,0.24650246,1
0.11923882,0.4663614,-0.16184074,-0.83327746,-0.7486789,0.053412512,-0.3568121,1
-0.19035846,0.41785467,0.05611702,-0.7041583,-0.857109,-0.23170894,-0.38909712,1
0.92348534,0.5411556,-0.032428905,-0.7679097,-0.78643256,-0.2957421,-0.05537525,0
-0.046788096,-0.020498723,0.1724823,-0.8122074,-0.70956546,-0.17304572,-0.15762818,0
0.68824434,0.15437518,0.018335573,-0.7750085,-0.77533287,0.2142942,-0.39305747,1
0.11089857,0.13037694,0.12580736,-0.85225886,-0.718802,-0.21700421,-0.6644578,0
0.24950762,0.2919277,-0.25482935,-0.8508622,-0.7323848,0.025032513,-0.33228454,1
0.74739563,0.24855012,0.15313439,-0.7332335,-0.7730324,-0.11068734,-0.42045397,1
-0.22751552,0.79994494,-0.025553435,-0.7214708,-0.85360456,0.2055895,-0.41984558,0
0.5658945,0.5229504,0.024274401,-0.8466389,-0.68069875,-0.04512729,-0.20925723,1
0.7661754,0.3710301,0.23650756,-0.7583346,-0.7589686,-0.106039785,-0.6249372,0
-0.10419071,0.42504233,-0.1070597,-0.71118146,-0.8498492,-0.025896288,-0.20403466,1
0.04951614,-0.43755388,0.08711311,-0.7340121,-0.80386263,0.04045236,-0.2996566,1
-0.33857298,0.5558753,0.2985835,-0.81095344,-0.6942348,-0.39911485,-0.24589042,0
0.6060344,0.7886512,0.17320329,-0.7216911,-0.8035668,-0.07069568,-0.6528843,0
0.62308645,0.064237684,0.1835701,-0.7011461,-0.78582644,-0.17363603,0.19445091,1
-0.18181622,0.5433289,-0.07765378,-0.692396,-0.8690756,-0.029413685,-0.19900294,1
0.9260273,0.27138335,0.13395011,-0.7471146,-0.75154454,-0.4182281,0.41107178,1
0.26780847,-0.61194384,0.5884286,-0.6336934,-0.78949094,0.23040089,-0.12716211,0
0.02983585,0.6204386,0.04671543,-0.8751122,-0.6717555,-0.49716,-0.25767,1
0.7749748,0.19826828,-0.0060911924,-0.7368473,-0.77594805,-0.2159665,0.22926924,1
0.8394334,0.48767936,0.31945598,-0.79334235,-0.7095331,-0.3018803,-0.50718254,1
0.7292963,0.23224795,0.11184352,-0.7353599,-0.7661704,-0.13185838,-0.3662548,1
0.5658053,-0.6042289,0.57969433,-0.7728674,-0.70822793,0.36945242,-0.7525451,0
0.33542082,-0.11705592,0.6194095,-0.8939408,-0.52164525,0.44385397,0.6035655,0
0.20688505,-0.10896808,-0.33261,-0.796943,-0.78219056,-0.33748782,-0.20170861,1
0.24007231,0.9463441,0.40342653,-0.6387307,-0.86384,0.035084948,-0.5456875,0
0.017924339,-0.49172097,0.10054979,-0.77966535,-0.7768632,0.20285031,-0.4920817,0
0.648979,-0.12278968,0.041371226,-0.7075866,-0.7823015,0.0059315786,-0.14364277,1
0.42968643,0.48419473,-0.03002575,-0.8999,-0.69677496,-0.055810433,-0.45564044,0
0.31397346,0.487445,0.0095029175,-0.9112686,-0.6250238,0.4378912,0.05976841,0
-0.13336277,0.6104722,0.10857931,-0.8092413,-0.7549145,-0.24631968,-0.60267854,0
0.30901438,0.29419416,-0.11500469,-0.8847393,-0.704947,0.0384344,-0.47371238,0
0.089196384,0.14969394,0.08368695,-0.86235857,-0.6831866,-0.3602311,-0.36911565,1
0.758108,0.34193182,0.14718202,-0.7765899,-0.741278,-0.106717914,-0.5916157,0
-0.16342926,0.8521144,0.45912254,-0.78537965,-0.7145646,-0.215253,-0.4628932,0
-0.05086419,-0.56393236,0.18565664,-0.76220024,-0.75498694,0.07380301,-0.2741549,1
0.9562643,0.35410795,0.095932186,-0.76212835,-0.7565139,-0.35735038,0.25654697,1
-0.08644086,-0.6450689,0.17294326,-0.73742414,-0.7869801,0.19664642,-0.32822433,1
0.7147618,0.6316919,0.006774828,-0.69090605,-0.81656474,-0.31125373,0.42137283,1
-0.3192377,0.09798436,0.2624752,-0.6414386,-0.8893233,0.20156997,-0.24713416,1
0.71684337,0.3269137,0.08468835,-0.7479631,-0.7665061,-0.0690648,-0.33224803,1
0.013246119,0.8366171,-0.05147074,-0.8085668,-0.7748452,0.04288152,-0.41440195,0
0.03182268,-0.6312137,0.05397757,-0.7045141,-0.8086047,-0.13993265,-0.4988246,1
0.78221345,-0.21453655,0.27249804,-0.71079636,-0.7800943,-0.0031278953,-0.47828433,1
0.1620855,-0.55373335,-0.27830058,-0.7143688,-0.8640037,-0.0016719773,-0.25128016,1
-0.09069687,0.7916082,-0.014585748,-0.84104574,-0.735179,-0.27971342,-0.46709806,0
-0.14767921,0.57203746,0.123665795,-0.8363805,-0.71062285,-0.3490534,-0.45775405,0
0.011451781,0.74758744,0.061981313,-0.7973553,-0.73974985,0.3914346,0.13146916,0
0.6204316,-0.017231107,0.002042368,-0.69422597,-0.8178512,0.14397492,-0.17984474,1
0.69311655,-0.048532784,0.02123148,-0.71721464,-0.77809906,-0.16515474,0.2954055,1
-0.14359644,0.045764178,0.28405696,-0.74844885,-0.76229304,-0.40135992,-0.24125844,0
0.13762796,-0.5052191,-0.13940772,-0.7146948,-0.7665061,-0.19391084,-0.26341292,1
0.6700093,0.45422527,0.30604848,-0.8070598,-0.7134267,0.035288557,-0.50969845,0
0.09421474,-0.10076213,0.16820265,-0.8667849,-0.67857164,-0.2831005,-0.57619095,0
0.2696499,0.41146562,0.13857833,-0.9570725,-0.56040406,0.028235868,0.14118764,1
0.3440306,0.83126473,0.57780296,-0.6748412,-0.76769555,-0.38873175,-0.35076025,0
-0.09330371,0.24956676,-0.15521729,-0.66567284,-0.9082404,-0.10277285,-0.17675754,1
-0.117954284,0.67939675,0.2652681,-0.78817683,-0.720475,0.40662682,0.15681759,1
-0.1948536,0.63040483,-0.112069875,-0.69054747,-0.89690644,-0.15343136,-0.37589034,1
-0.0028244853,-0.115805745,0.056384504,-0.78579867,-0.7575718,-0.23291692,-0.57423675,0
0.8129866,0.33766365,-0.05692807,-0.8053631,-0.7504693,0.05556962,-0.32487166,0
0.79527164,0.35334954,0.14671116,-0.7473117,-0.7659518,-0.13552716,-0.25934967,1
-0.27636993,0.25427023,-0.09583095,-0.6009668,-0.97162795,-0.09757949,-0.1141365,1
0.40830588,0.3832041,-0.11544788,-0.8926996,-0.6543562,0.59914833,0.5019742,1
0.9074541,0.35162917,0.25730205,-0.7730406,-0.72727,-0.27694127,-0.20274028,0
0.75615513,0.09681933,0.34490693,-0.7432122,-0.7615379,-0.01485946,-0.54976475,0
0.18304579,0.22462961,-0.042430505,-0.86256987,-0.71875846,-0.2688775,-0.5033158,0
0.7225958,0.44027832,0.06398111,-0.81980807,-0.7356149,0.08116327,-0.4710824,1
-0.093942285,-0.36878538,0.19094501,-0.7860911,-0.72048014,-0.05092959,-0.17456926,0
-0.31678212,0.6822332,0.26397094,-0.7403083,-0.7994635,-0.26882422,-0.5099146,1
0.69635224,0.3032543,0.18817684,-0.7475962,-0.7331191,-0.2696489,-0.2571594,1
0.92379844,0.3858571,0.19854775,-0.7619838,-0.7491806,-0.24799879,-0.2899232,1
-0.16395482,0.35951456,0.027365401,-0.75502706,-0.795055,-0.061666813,-0.22295503,1
0.10089059,-0.046935707,0.38325262,-0.86798453,-0.60403895,0.26238093,0.25136125,1
-0.109900266,-0.29580712,0.42617998,-0.78866607,-0.6770438,-0.30558306,0.033182025,1
0.32545474,0.8535626,0.45770645,-0.6375867,-0.8327002,-0.20623845,-0.4498099,1
0.7146177,0.16638952,-0.05320345,-0.7208909,-0.7869106,-0.20214266,0.2589553,1
0.67899764,0.48143888,0.40466675,-0.7823272,-0.6993624,-0.29499373,-0.47871333,0
-0.0074090958,0.083598435,0.18611243,-0.84028816,-0.6686438,-0.48882487,-0.23585029,1
-0.13363159,0.72091067,0.34243345,-0.749563,-0.77996016,0.009167433,-0.64105445,0
0.8741475,0.38677487,0.2431046,-0.75471413,-0.7531655,-0.23828323,-0.42454398,0
-0.12780571,-0.3975259,0.15914658,-0.7229894,-0.7743903,-0.07143281,-0.11274959,1
-0.32734054,0.54040176,0.083633594,-0.66103417,-0.8838842,0.009795524,-0.26852947,1
0.14108777,0.1968995,-0.08124736,-0.8289946,-0.743043,-0.088591985,-0.2692071,1
-0.13919684,0.58469224,0.10193514,-0.793639,-0.7640556,-0.34739944,-0.31041592,0
0.69032973,0.32412273,0.22777224,-0.7716464,-0.7130203,-0.23192461,-0.259107,1
0.6498567,0.38946483,0.20690149,-0.71509326,-0.77895147,-0.14618897,-0.09271787,1
0.7670468,0.18016979,0.096755296,-0.7513919,-0.7609459,-0.061914183,-0.40830314,1
0.019082636,-0.012562692,-0.27529553,-0.6877401,-0.9277478,0.00059470534,-0.29578,1
-0.08005744,0.7978142,0.41377595,-0.81039035,-0.69351643,-0.23203143,-0.46931368,0
0.6542424,0.6696304,0.14045537,-0.8718144,-0.66224253,0.017767243,-0.4743232,0
0.08478078,-0.09662008,0.10748226,-0.79698116,-0.77711797,0.09843199,-0.5022794,0
0.46492004,0.33047667,0.18047757,-1.0,-0.4988472,0.7759438,0.36453778,0
0.055064768,0.8482479,0.06475771,-0.797273,-0.7788281,0.054492876,-0.5574492,0
0.6678132,0.3202138,-0.07196188,-0.8220514,-0.72494924,0.10758768,-0.24372168,1
0.14066641,0.37440062,0.06920922,-0.86763096,-0.67416734,-0.06770466,-0.27639574,0
0.6447677,0.68552816,0.035394125,-0.7136413,-0.8110988,-0.23995362,0.14682186,1
-0.2896316,0.53075683,0.12083506,-0.6633771,-0.8785051,-0.045019723,-0.2507638,1
0.06793097,-0.67242956,0.057322673,-0.7331355,-0.7945192,0.09262711,-0.23098148,1
0.4758299,0.7146009,-0.044310585,-0.8220793,-0.7345533,0.16028506,-0.31026554,0
0.70868576,0.29240996,0.16019838,-0.78055155,-0.7240796,-0.11996682,-0.40214437,0
0.9031333,0.4082431,0.28817403,-0.7666019,-0.7176052,-0.5364268,0.3697102,1
0.18287426,0.0833298,-0.21764484,-0.7721901,-0.7938884,-0.4644521,-0.106470585,1
-0.1559692,0.7159429,0.15544154,-0.8127852,-0.74418503,-0.28524548,-0.50715077,0
0.7861039,0.26307303,0.29463723,-0.7818994,-0.7190305,-0.19220385,-0.5936482,1
0.28268865,0.48141137,0.037666418,-0.90473837,-0.6262317,0.43296397,0.07537675,0
-0.040602326,0.6490538,0.0416298,-0.8189051,-0.72431105,-0.078473955,-0.22196,0
-0.04420674,-0.42565465,0.11533689,-0.7994765,-0.6960769,-0.4701833,0.028099984,1
0.63139784,0.49633497,-0.0032415092,-0.85910946,-0.6980954,0.12281887,-0.4597345,0
0.7779391,0.36759907,0.10381923,-0.770135,-0.7458367,-0.13831533,-0.44967544,0
0.6973126,0.083523035,0.2353989,-0.7586868,-0.7516758,0.052542016,-0.4841789,0
-0.030681998,0.6317755,0.17375275,-0.920851,-0.5652585,-0.017073616,0.22249237,0
0.4282586,0.4832901,0.20201957,-0.5948797,-0.8997307,0.055605426,-0.32245126,1
0.55699587,-0.26449025,0.48575854,-0.6506937,-0.8251868,0.16983467,-0.43444514,0
0.15592058,-0.45799333,0.16630235,-0.8238273,-0.7144365,0.28279072,-0.5244056,0
0.64859,0.67465353,0.09275998,-0.69878495,-0.817955,-0.094496526,-0.38642085,0
0.11634332,0.24876867,0.0846425,-0.8480653,-0.7200274,-0.3058777,-0.57278955,0
-0.040273428,0.7550907,0.24252829,-0.7964056,-0.73215765,0.4131738,0.18397206,0
-0.082965314,-0.42872047,0.42509347,-0.78563625,-0.68451387,-0.23677285,-0.015030026,1
0.3491399,0.52395785,0.12545453,-0.9392066,-0.57739544,0.25547186,0.19019368,1
0.77305996,0.39487362,0.13559057,-0.74955034,-0.7435557,-0.40947515,0.30502248,1
-0.16388825,0.6778029,-0.006574586,-0.67960805,-0.90079933,-0.21534505,-0.3373394,1
0.9513722,0.24595216,0.2158648,-0.7666956,-0.74714243,-0.1847106,-0.32441646,0
0.7109998,0.45330346,0.0936736,-0.84493506,-0.69543517,0.004130654,-0.27541962,0
0.45627287,0.40267593,0.27612472,-0.71426976,-0.7642188,-0.1281465,-0.32438293,1
0.68340844,0.15530942,0.29169682,-0.77104074,-0.7040397,-0.22195579,-0.26478148,1
0.2265782,0.013132185,0.96150374,-0.83663076,-0.506095,-0.16312675,0.2435131,0
0.24547082,0.35997707,-0.18067351,-0.86308646,-0.7212386,0.024649143,-0.32721525,1
0.08601868,0.0066210926,0.016169555,-0.8484004,-0.7197068,-0.19896373,-0.6023144,0
-0.22715342,0.7373182,-0.065420255,-0.6972641,-0.8999398,-0.09975727,-0.48461223,1
-0.09193835,-0.16547674,0.25331998,-0.755157,-0.7817409,0.098762825,-0.28353587,0
-0.5142366,0.317496,0.244331,-0.62788105,-0.88362694,0.09775616,-0.12638725,0
-0.22675925,0.66159964,0.27779055,-0.7731004,-0.7645299,-0.21701278,-0.2931685,1
0.57269156,0.6819751,0.115775466,-0.716567,-0.7927865,-0.081272006,-0.27701664,1
0.07258418,0.46205413,-0.04196614,-0.8907123,-0.678304,-0.34942946,-0.40029705,1
-0.04051134,0.0107604265,0.16028962,-0.8353046,-0.69768,-0.27172944,-0.3496998,1
-0.16129926,0.3890656,0.028573245,-0.64454216,-0.9174856,0.063978106,-0.27454242,1
0.44187617,0.4570556,-0.0453984,-0.8941188,-0.70529145,-0.03902587,-0.47210214,0
0.18787542,0.7976335,0.3928651,-0.7267609,-0.7755078,0.14123902,-0.5774938,0
0.76975566,0.3055007,0.34302044,-0.7819562,-0.71588403,-0.22470242,-0.59797204,1
0.6797997,0.7746185,0.50485003,-0.7094779,-0.7461658,-0.5242301,-0.12465905,1
0.7954459,0.3423809,0.3000043,-0.7327143,-0.76299995,-0.23745503,-0.3183509,1
0.1970152,-0.4949522,-0.14179295,-0.7367317,-0.77117765,-0.0708438,-0.46791935,1
0.6239029,0.7044045,0.47624174,-0.7165141,-0.7430218,-0.4762814,-0.2447189,1
-0.22465968,0.017278194,0.35404474,-0.7383182,-0.7520096,-0.49733815,-0.15864933,1
0.04074517,-0.39474052,0.0018648133,-0.6715848,-0.7993515,-0.17372558,-0.21349765,1
0.32665968,0.46102026,0.1615521,-0.570077,-0.92029846,0.112122536,-0.26876846,1
0.20214525,0.73224664,0.090661585,-0.8848262,-0.62936074,0.39881217,0.14082748,1
0.65017533,0.6746502,0.15214676,-0.70541424,-0.8043395,-0.122483514,-0.19039145,1
0.78138846,0.01756671,0.08570585,-0.7355684,-0.7655148,-0.08525859,-0.3075816,1
0.30984557,0.4996457,0.02375812,-0.91529727,-0.614541,0.39987615,0.10059327,0
0.8608112,0.22003697,0.19676745,-0.7578087,-0.78083795,-0.20908847,-0.3576712,1
0.67536193,0.45955324,0.22686961,-0.83947444,-0.684057,-0.011514746,-0.44503307,0
0.62939906,0.34774685,0.044201642,-0.81940275,-0.7127841,0.11764079,-0.34016013,1
0.7264912,0.2966367,-0.12967223,-0.7992566,-0.7495231,0.085798115,-0.1995132,1
-0.53815424,0.6500664,0.10588953,-0.60674787,-0.94616616,-0.0670941,-0.34016523,1
0.04541406,0.22205576,0.1192951,-0.7936848,-0.7576559,-0.13726088,-0.18853688,1
-0.21765006,0.3928898,0.08218613,-0.704929,-0.850432,0.051438645,-0.3296142,0
0.5267442,0.8053964,0.27774268,-0.69422394,-0.8076154,-0.16002017,-0.28940332,1
0.36969656,-0.11543265,0.6495764,-0.7481115,-0.6944346,0.42244762,-0.25100222,0
0.8774787,0.5230395,0.1419883,-0.7645457,-0.7577703,-0.22519475,-0.50515527,0
0.5305117,-0.33800626,0.35405535,-0.73789376,-0.72234744,0.06961228,-0.15367232,0
0.7815982,0.1898262,-0.14725229,-0.6877469,-0.85212445,0.18981585,0.45553648,1
0.61950773,0.7381503,0.19971102,-0.7271402,-0.7809414,-0.17012076,-0.47914684,1
0.2372078,0.16852552,0.22274469,-0.8406434,-0.7149914,0.08040388,-0.6844603,0
0.029131621,0.7226925,0.080559775,-0.8859214,-0.68275124,-0.39333153,-0.42192227,0
0.070986,0.24336523,0.16342013,-0.89212203,-0.62679654,-0.5634217,-0.19644162,0
0.56365764,-0.17883092,0.3341572,-0.743717,-0.7072653,-0.11954394,-0.27340403,1
0.65775716,0.1638293,0.25576454,-0.77479595,-0.715103,-0.10532401,-0.39970437,0
0.10983123,0.28240588,0.00359191,-0.82633924,-0.7360345,-0.14281973,-0.14490354,0
0.13844402,0.29378182,-0.18552193,-0.8714726,-0.6979457,-0.34608746,-0.32106993,1
0.6885307,-0.16086566,0.05234412,-0.6993381,-0.7889292,0.0015732422,-0.029326722,1
0.85645425,0.23103847,0.2747457,-0.7543823,-0.7507638,-0.15200773,-0.3519116,1
0.851075,0.2900171,0.20812637,-0.7433818,-0.7734151,-0.13312393,-0.54528236,1
-0.5648886,-0.35399127,0.3186139,-0.55782473,-0.9657931,0.37350377,-0.6462487,0
-0.07027951,0.90069824,0.19438231,-0.79078674,-0.7144599,0.5054966,0.16293761,1
0.3086883,0.67574185,0.2394998,-0.6104668,-0.886205,0.07455377,-0.2916977,0
0.6198723,0.5617391,-0.01968567,-0.8425565,-0.7004039,-0.00085603446,-0.32356852,1
0.5695908,0.39953178,0.23850536,-0.8249735,-0.6988563,0.09258969,-0.595855,0
-0.35373205,0.29882264,0.37383002,-0.75911427,-0.7258465,-0.19635665,0.014776409,1
0.5844059,0.093527436,0.3452738,-0.7609941,-0.71576744,-0.08623169,-0.3401649,0
0.34222573,0.3389881,0.3236333,-0.6424898,-0.8454977,0.16511393,-0.40433323,0
-0.20430022,0.5469805,0.2378101,-0.76494974,-0.7474843,0.56677747,0.11869913,0
0.72922707,0.3398709,0.21320058,-0.77262133,-0.73565555,-0.13976301,-0.5663812,0
-0.39705622,0.45175603,0.1377618,-0.6424304,-0.8978442,-0.1360352,-0.27580917,1
0.6169641,0.76905656,-0.1122611,-0.7888054,-0.76829237,0.020204216,-0.37453753,0
0.12714307,-0.83868206,0.03376557,-0.70856106,-0.8312019,0.055651024,-0.66489875,1
0.97798806,0.5170346,-0.074536815,-0.7856338,-0.77232635,0.02392359,0.3533557,1
0.77364314,0.3442327,0.3232376,-0.7990369,-0.70432484,-0.1924541,-0.62728834,1
0.8749366,0.3874137,0.28116706,-0.7607492,-0.74178904,-0.29773474,-0.47920325,1
0.6492975,0.81485856,0.42635623,-0.72652954,-0.74658895,-0.44711003,-0.2912771,0
-0.17304271,0.6729292,0.1485856,-0.7964287,-0.7610866,-0.24091713,-0.5156083,0
0.83981955,-0.2200591,0.0707021,-0.7071746,-0.7928723,-0.014684863,-0.27872926,1
0.6589085,0.4504409,-0.010170251,-0.82913685,-0.7147513,0.04579112,-0.20339209,0
0.088907465,0.39271536,0.17471296,-0.8169342,-0.75173676,-0.12204885,-0.38066512,0
0.41481304,0.8121575,-0.028999105,-0.78623676,-0.7596407,0.13511474,-0.22184022,0
0.20708232,0.21664144,-0.005887881,-0.82289743,-0.73886216,0.08005917,-0.3582038,0
0.2258592,0.1902067,0.05087425,-0.88809794,-0.6750253,0.09218538,-0.6916757,0
-0.30308908,0.2348966,0.45940188,-0.7360004,-0.7362749,0.55962133,0.16661322,0
0.7819048,0.27599323,0.2443261,-0.758863,-0.73212355,-0.23912747,-0.3837513,1
0.79744995,0.25243068,0.1611615,-0.76623297,-0.74632305,-0.12690054,-0.5682915,1
0.025228202,0.41067347,0.13222103,-0.9156508,-0.61136436,-0.54612267,-0.15258533,0
0.45985,0.45021617,0.40287796,-0.6439993,-0.84688324,0.040884465,-0.562369,0
0.41057095,0.7823769,0.53094,-0.6976371,-0.762619,-0.28383964,-0.17103642,1
0.05952981,0.29017192,0.060982637,-0.89032555,-0.6678841,-0.3700512,-0.5179669,0
0.7651734,0.45530805,0.09862991,-0.7781004,-0.74524903,-0.123948775,-0.51789284,1
0.053195924,-0.6914021,0.3095453,-0.8049855,-0.72467726,0.16914582,-0.3968838,0
0.93733525,0.51585793,0.033575863,-0.7712209,-0.7502744,-0.40704918,0.29683757,1
-0.47845125,0.15366404,0.34094796,-0.6591074,-0.82806253,0.004267566,-0.065643445,0
0.6233809,0.4499902,-0.072369546,-0.84157085,-0.7103414,0.12221034,-0.26299986,0
0.5386504,0.6306261,-0.255924,-0.70352733,-0.83336776,0.16110858,0.3575036,1
0.69724727,0.30012524,0.12156385,-0.74262923,-0.7442092,-0.22117022,-0.19006741,1
-0.02634558,0.7083873,-0.10452898,-0.8329076,-0.74532735,-0.30882782,-0.4223623,1
-0.27558923,0.61126643,0.054233044,-0.67313224,-0.8853501,-0.0077599213,-0.21944971,1
0.6587259,0.28358877,0.16781798,-0.76337093,-0.74313414,-0.081977285,-0.4251309,0
0.03631264,0.8829599,0.082769156,-0.7927443,-0.78382474,0.06034574,-0.56636316,0
0.91684186,0.40177298,0.39014778,-0.7532365,-0.7303384,-0.42493248,-0.23933741,0
0.71832013,0.23290169,0.09948119,-0.7280943,-0.77139497,-0.25735122,0.24604625,1
-0.18907863,0.60126686,0.16867755,-0.8809053,-0.6412974,-0.4644692,-0.19747409,0
0.74904215,0.037900507,0.05838704,-0.7358727,-0.76307386,-0.2155653,0.266856,1
0.5378015,0.7427756,-0.010866806,-0.77695507,-0.7652376,0.07435745,-0.15368651,0
0.68998384,0.6258749,0.20051473,-0.6417059,-0.86759204,-0.09709885,-0.21139254,1
0.97760004,0.2039381,0.17669234,-0.75439817,-0.76554376,-0.13894384,-0.28681412,0
0.16050467,-0.017911553,0.040708445,-0.86966276,-0.6697418,-0.3738857,-0.22475448,1
0.013441533,0.181703,0.019045547,-0.8099349,-0.7616933,-0.010287099,-0.3866741,0
0.29434866,0.0205141,0.87440324,-0.83558726,-0.54319054,0.0035563186,0.0975011,0
0.5015155,0.6956974,0.17634484,-0.69804037,-0.8112618,-0.024429083,-0.3568191,1
0.23726156,0.45816815,-0.23929161,-0.87338585,-0.7171267,0.015601344,-0.37881202,1
0.56464225,0.8043226,0.2876983,-0.7509965,-0.75669855,-0.14162783,-0.585245,1
0.16321357,-0.0089508295,-0.29380184,-0.81597316,-0.75929046,-0.3622412,-0.16792196,1
0.70616376,0.2958172,-0.17817181,-0.73469085,-0.8076357,-0.15452644,-0.047294453,1
0.64258593,0.38279194,0.06151323,-0.8198749,-0.69909227,-0.080684945,-0.19122195,1
-0.2781973,0.6816372,0.26732075,-0.7504012,-0.7836289,-0.41934612,-0.32580176,0
-0.18379569,0.5273603,0.14894639,-0.7653455,-0.75556135,-0.04336573,-0.22218886,1
0.75238955,0.13846692,0.26502696,-0.74927276,-0.73474044,-0.19945699,-0.37147388,1
0.27963984,-0.0035959482,0.8913405,-0.8405322,-0.5214641,-0.0894884,0.17601153,0
0.8749277,0.44853044,0.107425824,-0.7721664,-0.7579861,-0.14319324,-0.5202811,1
0.69838846,0.048306525,0.30732003,-0.7752146,-0.71757275,-0.037689354,-0.41499418,0
-0.4138251,0.5118679,0.3179365,-0.7258058,-0.7920517,-0.05090535,-0.2771126,0
0.6832608,-0.3963288,0.12962921,-0.6854098,-0.8017618,0.11825171,-0.15955986,1
-0.021220058,0.62262774,-0.021650538,-0.8517268,-0.708256,-0.3937578,-0.37559924,1
0.740655,0.16093634,-0.076547965,-0.7375145,-0.77616537,-0.1866343,0.19981518,1
0.009240866,-0.03719455,0.12262162,-0.75940037,-0.782355,-0.049341276,-0.24875094,0
0.51863724,0.85903966,0.110603124,-0.8091083,-0.72921854,0.08875197,-0.40235397,0
0.1988985,0.21708949,0.001287654,-0.88709974,-0.6997936,-0.25007898,-0.65896964,0
0.6983133,-0.14725491,-0.26417324,-0.6881673,-0.8408726,0.15305781,0.015352368,1
0.040103853,0.22260708,-0.013753787,-0.8574129,-0.69228464,-0.37975946,-0.42176083,1
0.75175756,0.09531216,0.31963944,-0.7256566,-0.7759055,-0.04037882,-0.5406802,0
0.09824708,-0.43891543,-0.023067921,-0.7488287,-0.8209912,-0.043955807,-0.5285146,1
-0.18146867,0.60802823,0.22567305,-0.8377856,-0.7042836,-0.38488203,-0.5643471,0
0.46704608,0.0047561526,0.32484186,-0.829616,-0.65071666,0.0832521,-0.22216211,1
0.15677315,-0.04862404,0.04406219,-0.8739725,-0.675635,-0.3082445,-0.3930139,1
0.75985605,0.5693309,0.102337316,-0.7422115,-0.7583033,-0.41314325,0.30624515,1
0.7554378,0.2305153,0.19065382,-0.80596113,-0.7301917,0.1283096,-0.5118614,0
0.5373499,0.23602125,0.030858822,-0.8292206,-0.68941593,0.065523505,-0.18121111,0
0.6376383,0.14138031,0.044999845,-0.7101194,-0.7751212,-0.26765102,0.3301134,1
0.8813366,0.3586964,0.08213759,-0.75862074,-0.77963746,-0.2906924,-0.07891491,1
0.7655944,0.37228426,-0.043894842,-0.7882706,-0.7661107,0.08115293,-0.25231862,1
0.6329025,0.4426216,0.10907993,-0.82315445,-0.72128916,0.16856098,-0.4746312,0
0.76243985,0.19376001,0.15833776,-0.7603562,-0.7440257,-0.11312322,-0.4154616,0
0.24835509,-0.016443282,0.0017303601,-0.81199294,-0.76915556,-0.017945059,-0.33168432,0
0.32711393,0.732852,0.16025338,-0.7715542,-0.7446006,0.091707245,-0.3196032,0
-0.19379032,0.61169416,0.16719663,-0.7863835,-0.75041527,0.021241583,-0.33331457,0
-0.059105307,-0.3743012,0.12090938,-0.74683815,-0.79010206,0.09423101,-0.32849476,1
0.116616726,0.18044198,0.00876376,-0.8423178,-0.6897206,-0.4981058,-0.18349993,1
0.1664478,0.8477687,0.22368357,-0.6695622,-0.8720562,0.08922529,-0.35376993,0
0.18413879,0.4673818,0.16617578,-0.9257796,-0.56937706,0.28392673,0.20313215,0
0.1422242,0.27353132,-0.038452372,-0.89977944,-0.67589486,-0.26105726,-0.3446509,1
0.9158262,0.062885016,0.21763705,-0.76565355,-0.75365454,-0.052387845,-0.490698,0
-0.23377341,0.4988589,0.2746693,-0.7745036,-0.73826325,-0.22431931,-0.058825538,0
0.3065184,0.4124046,-0.0826212,-0.89071614,-0.69680685,-0.03186786,-0.5444217,0
0.19517055,-0.2594831,-0.032057256,-0.7124951,-0.770834,-0.29942185,-0.2676479,0
0.06520328,-0.47773516,-0.026246607,-0.7271297,-0.8189594,0.11240488,-0.27672946,1
0.007963806,0.8329771,-0.08871576,-0.80295604,-0.7840121,0.048999906,-0.44241047,0
0.6290921,0.54820675,0.2121643,-0.78629935,-0.72164464,-0.13289756,-0.44745994,1
0.069978595,0.18566398,0.24786521,-0.85466254,-0.6562174,-0.11527378,-0.23657745,0
0.9096601,0.45006984,0.12669021,-0.7579952,-0.7706726,-0.17752074,-0.49398518,1
-0.024041384,0.83195615,-0.027505338,-0.7976799,-0.7820243,0.05328846,-0.40827972,0
-0.58715475,0.63696337,0.76169884,-0.69032717,-0.75520736,-0.55179477,-0.18921289,1
0.90603745,0.23882836,0.15325359,-0.7379546,-0.7732712,-0.15128982,-0.080454916,1
0.6771786,0.94900227,0.068902776,-0.8311666,-0.7085159,-0.045638368,-0.26222888,1
0.7207227,0.15802659,0.24477431,-0.6998444,-0.8031044,-0.043839328,-0.46227342,1
0.75249225,0.46319193,0.16797003,-0.7965169,-0.7249453,-0.37280452,-0.21679842,0
0.04304385,0.97672015,0.4910452,-0.64421487,-0.8779896,0.3622526,-0.8183823,0
0.063332886,0.81280124,0.0069545954,-0.9074376,-0.6251623,0.13413443,0.04304123,0
0.15673983,0.3094963,0.014595717,-0.901004,-0.654339,-0.43284708,-0.327366,0
-0.0057902634,-0.02889821,-0.0035275668,-0.8287392,-0.7342527,-0.15964538,-0.55928874,1
-0.23768854,0.3180725,0.34111497,-0.64521444,-0.9115586,0.20248729,-0.4486539,0
0.43893015,0.665774,0.09458251,-0.6576192,-0.831282,-0.14197974,-0.20514262,1
0.045524597,-0.384099,0.08634186,-0.76015955,-0.7623499,-0.3110277,-0.07546194,1
-0.119016826,0.54946244,0.11810004,-0.79631513,-0.74565995,-0.37745616,-0.47038782,1
0.5333459,0.6680885,0.24365886,-0.69441766,-0.8087235,-0.09034852,-0.5295818,0
-0.2060076,0.4743139,0.104985714,-0.70062214,-0.84468937,-0.022150904,-0.16708492,1
0.07864019,0.65977454,-0.23539323,-0.81229836,-0.7677118,0.016847335,-0.28320867,0
-0.14834023,0.38818508,0.093075804,-0.7417931,-0.8120401,0.016129792,-0.26866627,1
0.08186597,0.11518785,0.026012823,-0.86533415,-0.6999837,-0.26421878,-0.584129,0
0.1313617,0.69233835,0.15991414,-0.89942795,-0.6305047,0.117278695,0.10139793,0
0.7041788,0.4037477,0.075491644,-0.7828378,-0.7340169,-0.10301188,-0.4206279,0
0.09754574,0.120581135,0.23235884,-0.8994344,-0.614878,-0.54611945,-0.19280167,1
0.649034,0.5271468,0.09198843,-0.8278401,-0.71656114,0.0076236427,-0.49625406,0
0.33082885,0.49256682,-0.15684873,-0.8762813,-0.71335894,-0.040151507,-0.283773,0
0.097039655,0.9999999,0.5972835,-0.6796669,-0.78187037,0.28206027,-0.17047295,0
0.7606994,0.46227074,-0.003176123,-0.8270648,-0.7338957,0.07188624,-0.45685902,1
-0.0461452,0.71883404,-0.026389197,-0.791775,-0.7820889,0.091163576,-0.39544255,0
0.19001503,0.11923896,-0.09576805,-0.8346749,-0.7344049,-0.3109879,-0.3836031,1
0.46803528,0.550735,0.21553537,-0.694648,-0.7994396,-0.03798136,-0.42266652,1
0.06845382,0.30178213,0.24744788,-0.8714852,-0.6258795,0.27907482,0.17637393,0
0.46343988,0.696103,0.24089041,-0.6965692,-0.8076057,-0.043572355,-0.51931024,0
0.80471134,0.14912495,0.2521831,-0.767325,-0.7412805,-0.11450498,-0.61024845,0
0.061499774,-0.038678855,-0.17223164,-0.75005496,-0.81226003,-0.25572205,-0.09622879,1
0.0705955,0.85865647,0.14831874,-0.8382337,-0.72662646,-0.00027185678,-0.65486133,0
0.19175646,0.18811402,0.007921919,-0.8519458,-0.7267859,-0.27647966,-0.5547415,1
0.11968562,-0.48723495,-0.100564525,-0.7088293,-0.7818616,-0.09102165,-0.33310908,1
0.44866297,0.09905718,0.17770934,-0.797074,-0.7198453,0.2775242,-0.47621334,0
0.7281877,0.26498875,0.31514284,-0.7612233,-0.7199145,-0.25965574,-0.42726713,1
0.06641388,-0.042176604,0.032353714,-0.7225752,-0.84592164,0.048797816,-0.38531846,1
0.45017487,0.28288883,-0.012846887,-0.9249656,-0.62636954,0.535542,0.0249345,1
0.73769224,0.17415729,0.2134561,-0.7634339,-0.73624235,-0.10503549,-0.36700374,0
0.9136569,0.5087748,0.2475043,-0.7663754,-0.7497459,-0.2907599,-0.5048338,0
0.73366326,0.473552,-0.00018782914,-0.7337876,-0.7896373,-0.23701735,0.15881634,1
0.044043243,0.07158962,-0.17475432,-0.7424118,-0.82689613,-0.23060745,-0.0734912,1
0.12301329,-0.12377402,0.1357345,-0.83858657,-0.7189008,-0.03050486,-0.49156284,0
0.8916631,0.08139697,0.27476615,-0.7491666,-0.7550997,-0.113799445,-0.32668203,0
0.12857662,0.7735799,0.22521108,-0.8194393,-0.6939384,0.4490528,0.15797603,0
0.16101053,-0.36962122,-0.30405575,-0.75298554,-0.8128778,-0.25303414,-0.1458737,1
-0.0323312,0.13618396,0.001791656,-0.78350943,-0.77460253,-0.02501645,-0.2833825,1
0.2213502,-0.79248285,-0.10443179,-0.72193664,-0.7780938,0.022514835,-0.46847206,1
0.015516251,0.350265,0.15214601,-0.8315868,-0.72326213,-0.3140431,-0.4791851,0
0.86602014,0.38181776,0.20143682,-0.75749093,-0.7571545,-0.19758233,-0.45389366,1
0.23393384,0.78744704,-0.080899075,-0.8393668,-0.7078205,0.6253507,0.52593136,1
0.54109836,0.84029746,0.088036366,-0.76481396,-0.77805775,0.028691947,-0.33158633,0
0.69405776,0.41318494,0.28208065,-0.73639846,-0.7520639,-0.23423415,-0.18148026,1
0.69423234,0.20987782,-0.04670663,-0.71915674,-0.7826852,-0.122635774,-0.29785258,1
0.80108595,0.26882643,0.21600547,-0.760726,-0.7349001,-0.22698756,-0.37551555,1
-0.2891934,0.4988833,0.015792385,-0.6599396,-0.9081763,0.14297847,-0.29378626,1
-0.34714735,0.3942299,0.2897257,-0.6917612,-0.7993125,-0.20634344,0.04382512,1
0.64651775,0.340547,0.054035313,-0.7776255,-0.77412945,0.1678763,-0.4532681,1
0.32169092,-0.013397485,0.111442365,-0.9419751,-0.59064543,0.2898949,0.03494242,1
0.98174363,0.23604786,0.15564719,-0.75236595,-0.77090704,-0.1317411,-0.29440948,0
0.114328355,0.22980078,0.012239523,-0.888987,-0.67612445,-0.30524302,-0.4043087,1
0.115349054,0.17813037,0.15327418,-0.82997185,-0.7246808,0.1456942,-0.7096529,0
0.029659659,0.63845956,-0.028232992,-0.82283354,-0.746142,0.041509107,-0.39992887,1
0.008942187,0.2232042,0.36853573,-0.9224049,-0.5469095,-0.010168627,0.007402599,0
-0.0236108,0.7388743,-0.03966832,-0.8034621,-0.76534134,0.021921724,-0.34176493,0
0.7917023,0.3644207,0.3169886,-0.7859577,-0.7047682,-0.27574968,-0.31716764,0
0.016705453,-0.304003,0.25597996,-0.8186069,-0.7062054,-0.022927508,-0.26327756,1
0.7868275,0.34482822,0.19985977,-0.7682362,-0.734868,-0.21152684,-0.4536549,1
0.58634925,0.51798826,0.0036882013,-0.69983643,-0.80281806,-0.28453296,0.29911774,1
0.15338558,-0.036798894,-0.05385098,-0.7556348,-0.8162186,-0.0024911985,-0.24860981,0
-0.24498111,0.560307,0.014286742,-0.68694746,-0.8681317,-0.031198494,-0.19247401,1
-0.0016046762,0.458961,0.068490446,-0.86379164,-0.66665536,-0.5231353,-0.15139127,1
0.248182,0.8049169,0.41155615,-0.7344268,-0.77081937,0.17314023,-0.516153,0
0.4863199,0.64721787,0.13569748,-0.82000035,-0.7063519,0.06367713,-0.38065243,0
-0.11476949,-0.23995948,0.34786904,-0.76280516,-0.722433,-0.2009131,-0.028149799,1
-0.060955793,0.1366957,-0.23961651,-0.6469329,-0.8518789,-0.15275644,-0.18564895,1
0.3831755,0.17356959,0.23880179,-0.88082993,-0.6220677,0.4453823,0.15587369,0
0.7733625,0.468031,0.30755824,-0.79226243,-0.70590436,-0.26905668,-0.4407299,0
0.041056097,0.43630525,-0.036048353,-0.8934694,-0.67458284,-0.33419037,-0.42370263,0
0.60326785,0.8437471,0.39254355,-0.69460535,-0.78434724,-0.38797018,-0.30019045,1
0.49056816,0.73077345,0.027533427,-0.73610073,-0.81104094,0.15189129,-0.31191134,1
0.8460249,0.21051744,0.30540013,-0.7772429,-0.72074354,-0.19425437,-0.33220053,0
0.08839853,0.68865967,0.0069201365,-0.90011907,-0.68213487,-0.3418048,-0.43807232,0
-0.043180168,0.57885945,0.039349414,-0.83156985,-0.74154323,-0.20827648,-0.5691973,0
-0.48404378,0.6509681,0.053483963,-0.56735116,-0.99487716,-0.047518063,-0.3162784,1
-0.34192485,0.21868117,0.1828963,-0.6551097,-0.86682534,0.059745267,-0.17411262,1
0.19960259,-0.0013627708,-0.24524507,-0.7852254,-0.77309453,-0.48753604,-0.038474113,1
0.6359231,0.29298642,-0.00286071,-0.8316923,-0.7070453,0.09307727,-0.28803006,0
0.39114702,0.75318015,0.09420654,-0.7759596,-0.7504092,0.15616891,-0.2671767,0
0.023052573,0.76774514,0.011197127,-0.87195885,-0.7065066,-0.3430523,-0.44057566,0
-0.084949255,0.2415803,0.0034378543,-0.7688717,-0.7975905,-0.22182307,-0.37873304,1
0.8079503,0.3709841,0.05439642,-0.75093347,-0.7545954,-0.35256788,0.25484306,1
0.7133251,0.6454112,0.29103827,-0.7566886,-0.7397888,-0.32214603,-0.47890556,1
0.17636786,-0.010774523,-0.3783658,-0.8023259,-0.7796565,-0.33496392,-0.1339603,1
0.70613027,0.3273198,-0.0029476583,-0.83225244,-0.725424,0.1674799,-0.3628806,0
0.9147565,0.36167794,0.06634721,-0.7628508,-0.7919315,-0.2203968,-0.30872333,0
0.42305627,0.34847948,-0.18793532,-0.8141453,-0.76896584,-0.3051988,-0.14033648,0
0.30023468,0.23589475,-0.08979908,-0.8676378,-0.7179915,0.048728988,-0.4867279,0
-0.012593418,0.6472038,0.034991227,-0.78434396,-0.7858851,0.16795778,-0.5484108,0
-0.5561062,0.5500865,0.5284305,-0.6975346,-0.761318,0.53362364,0.22030964,0
0.33744925,0.4368172,0.12385218,-0.9220263,-0.6052163,0.3995133,0.094944626,1
0.8799579,0.18283361,-0.16110644,-0.69782996,-0.818946,-0.31215444,1.0,1
0.83863986,0.4455157,0.11100849,-0.77773935,-0.75025517,-0.12513305,-0.49536726,0
0.7909702,0.29752573,0.15160201,-0.7475212,-0.75507826,-0.20167643,-0.36518586,1
0.90189517,0.23510727,0.09382833,-0.7189164,-0.7942809,-0.1616832,-0.22409332,1
0.51347816,0.8080268,0.2501626,-0.7369086,-0.7634438,-0.1840753,-0.4386627,1
-0.0029967427,-0.6026104,-0.08382964,-0.644818,-0.83708227,0.0065790787,-0.2980041,1
-0.121017784,0.27770618,0.22185445,-0.8230355,-0.6853637,-0.3013639,-0.018759474,1
0.09410839,0.3586526,0.025057018,-0.85224134,-0.7120993,-0.35200858,-0.38534096,0
-0.17876619,0.5454319,-0.099779665,-0.70309305,-0.8826211,-0.13748422,-0.31549132,1
0.6440939,-0.122998446,0.16048628,-0.8186725,-0.7123094,0.3232396,-0.4550972,0
0.5776436,0.881038,0.19530787,-0.79668814,-0.6979082,-0.24482489,-0.038727477,1
0.05775535,0.20571937,0.25884634,-0.89495933,-0.6177507,-0.5623834,-0.20921274,1
0.07493758,-0.1997127,0.14263692,-0.79288316,-0.77762127,0.13552894,-0.5225773,0
0.009973347,0.82127583,0.074829206,-0.80569017,-0.70565724,0.4948966,0.10320678,1
0.7344644,0.23919693,0.020560145,-0.7263573,-0.7819463,-0.11337918,-0.3653637,1
0.6042353,0.46608198,0.03454224,-0.83361614,-0.70478475,0.13646504,-0.324044,0
0.65789396,0.29551938,0.039807357,-0.7878786,-0.74467194,0.04644054,-0.26463336,1
-0.022601724,-0.2563491,0.45331776,-0.83676755,-0.64951336,-0.26215944,-0.13917707,0
0.53531903,-0.19657099,0.49692407,-0.6827003,-0.76538795,-0.076025456,-0.49019283,1
0.7834643,0.45416856,0.23779999,-0.7719942,-0.7399051,-0.20362642,-0.5897994,0
0.7504853,-0.36876523,0.34641713,-0.7304311,-0.7505463,0.0481226,-0.38957724,0
0.46380204,0.11600684,0.007280402,-0.7405464,-0.7941401,0.30964407,-0.24718983,1
-0.05551222,0.44951487,0.14842525,-0.83224994,-0.68679667,-0.6652805,-0.17433488,1
-0.06736764,0.7069266,0.06858963,-0.8890135,-0.66588175,-0.37813774,-0.25002688,0
0.7652707,0.59066784,0.06863379,-0.82443076,-0.69754034,-0.107920915,-0.13242246,1
0.6468444,0.326821,0.2559284,-0.7611811,-0.7181868,-0.24593525,-0.24188977,1
0.41755515,0.8925677,0.40497887,-0.7002161,-0.79152006,-0.16361228,-0.5182165,1
0.7207287,-0.16699493,0.44390196,-0.7477266,-0.7288345,-0.038967516,-0.30684942,0
0.91358316,0.121397644,0.27110448,-0.7648179,-0.7460244,-0.13463482,-0.41934085,0
0.7639599,0.41045642,-0.050731122,-0.81285393,-0.745449,0.051995933,-0.49949577,1
0.068356335,0.23550302,0.134087,-0.875732,-0.6512799,-0.4995936,-0.20100284,0
0.7350149,0.6081306,0.009707473,-0.79626375,-0.7591154,-0.0022236481,-0.3483585,0
0.13701506,-0.2599998,-0.08557896,-0.8140706,-0.7303442,-0.3966033,-0.115978196,1
-0.006993979,0.62100184,0.011694074,-0.9018525,-0.6624414,-0.35013986,-0.30257624,0
0.70543987,-0.8085395,0.13993017,-0.6808551,-0.82716376,0.4424979,-0.33267388,1
0.67122746,0.8053316,-0.00707902,-0.73394495,-0.8168113,0.11395191,0.1046949,0
0.6926061,0.7471662,0.38109887,-0.7514184,-0.74068546,-0.33916098,-0.42482197,1
0.50918823,-0.21406782,0.4228727,-0.7164626,-0.71246505,-0.1763549,-0.17182034,1
0.61578965,0.20196411,0.098264396,-0.70857006,-0.7689062,-0.3101975,0.39490455,1
0.2174472,-0.21381205,-0.2504646,-0.7310811,-0.7830263,-0.17107701,-0.39412132,0
0.5307246,0.40911585,0.14007837,-0.83935905,-0.6943973,0.2049213,-0.6422858,0
0.66633236,0.11875036,-0.024765328,-0.71976286,-0.77390826,-0.235894,0.3108251,1
0.73265845,0.35082638,0.3636882,-0.7856792,-0.70448583,-0.22176592,-0.5355166,0
-0.014331579,-0.022670448,0.14942148,-0.7713908,-0.75693303,-0.14706203,-0.29192823,1
0.13040148,-0.3825913,0.19569293,-0.80076563,-0.7360172,-0.19213937,-0.52288055,0
0.6614946,0.60721546,-0.022111043,-0.72365856,-0.7839136,-0.33525652,0.29258507,1
0.6809993,0.0787881,0.09105213,-0.76041955,-0.7460503,-0.0001527667,-0.42013872,0
0.49437517,0.82371897,0.24944133,-0.68298465,-0.8338435,-0.042962413,-0.61992633,0
-0.12143543,0.6986985,0.2474608,-0.7656046,-0.7512392,0.66478115,0.12594002,1
-0.07484645,0.5590442,0.006699495,-0.7778794,-0.79898554,-0.16673553,-0.46992183,1
-0.15168878,-0.09150863,0.30435246,-0.8641474,-0.60460603,-0.53064275,-0.04652697,1
0.7223828,0.63656366,0.24779701,-0.6991182,-0.807421,-0.14137095,-0.2254814,0
-0.08447784,0.6857251,0.23484653,-0.7688074,-0.776064,0.062042773,-0.49177295,0
-0.06957537,-0.74629927,0.41718048,-0.74174184,-0.65490574,-0.405123,-0.22094971,1
0.73114955,0.39239168,0.23729599,-0.75708663,-0.74809444,-0.18039384,-0.5512478,0
0.3511232,0.7921177,0.10292819,-0.715601,-0.8065391,0.1507037,-0.18542455,0
0.6827096,0.568659,-0.07559633,-0.83855295,-0.72267884,0.06819166,-0.3995819,1
0.2735215,0.45341152,-0.20995152,-0.86176544,-0.72734445,-0.0024779662,-0.3184502,1
0.6610019,0.511966,0.008591123,-0.8158722,-0.74141157,0.08851224,-0.5005486,0
0.703723,0.74882114,0.2899554,-0.7230612,-0.77343345,-0.3280601,-0.3723086,1
-0.3507163,0.46215102,0.29160696,-0.65736026,-0.8591578,-0.3859989,-0.24198234,1
0.6987669,0.5907341,0.14036971,-0.7361804,-0.7618273,-0.2551702,-0.25841865,1
0.058038622,0.62778544,-0.021211937,-0.7486829,-0.8135356,0.07045181,-0.36200434,0
0.8844692,0.5006333,0.017044537,-0.71846914,-0.8051043,-0.32576117,0.3771404,1
0.15107334,0.3795929,0.29093397,-0.9536098,-0.5289777,-0.06614913,0.18881688,1
0.10882597,0.27804872,-0.07227278,-0.8994709,-0.6613302,-0.35121524,-0.2875303,0
-0.2094447,0.54347515,0.1859914,-0.6919737,-0.84527135,-0.13161325,-0.22051272,0
0.049632996,0.83613396,0.007601902,-0.8215237,-0.75905216,0.009320244,-0.43727508,0
-0.032265067,0.51810944,-0.119649366,-0.81220806,-0.7779355,-0.19550194,-0.6100677,0
0.09409404,-0.25454408,-0.17866364,-0.7379807,-0.7550101,-0.20310003,-0.30974826,1
-0.23160505,0.38633892,0.3027365,-0.81783473,-0.68156695,-0.4190958,-0.12520471,0
0.5939023,-0.30948436,0.32559818,-0.7280973,-0.7468714,0.07500912,-0.408902,0
0.39606568,-0.14482436,0.7411705,-0.82272714,-0.5712744,0.09556863,0.11070913,0
0.019790411,-0.66660726,0.07586998,-0.7777751,-0.7576638,0.16148558,-0.33134958,1
0.6606194,-0.2975992,0.061266534,-0.7007646,-0.81310785,0.26893684,-0.26840368,1
-0.17732114,0.31863576,0.005134836,-0.7137852,-0.8403841,-0.26956403,-0.27886078,1
0.042949945,0.11657721,0.19483729,-0.87478435,-0.64086425,-0.49657178,-0.19043665,0
-0.15228555,0.4991235,0.05682832,-0.7813962,-0.80443156,-0.016585968,-0.685359,0
-0.1888563,0.809211,-1.0,0.9689921,1.0,-0.018180713,-1.0,1
0.27541655,0.2884411,-0.21407405,-0.8594619,-0.72813433,0.046754777,-0.36156452,1
-0.3027863,0.5846028,0.062852144,-0.66911244,-0.8783901,-0.018391557,-0.23718974,0
-0.2529438,0.17727727,0.53006244,-0.6954833,-0.79323375,1.0,-0.3759365,0
0.8314664,0.45517418,0.17335579,-0.7891444,-0.7415783,-0.11966021,-0.66949415,0
0.70501316,0.64386725,0.124733105,-0.8385952,-0.71144736,0.037046254,-0.60440016,0
0.6660929,0.4289284,-0.13502046,-0.8204158,-0.73386514,0.11236419,-0.22650495,1
0.5908781,0.6809806,0.0008369237,-0.70721585,-0.798812,-0.31100518,0.30025804,1
0.5038513,0.78311276,0.15192038,-0.6504926,-0.86047995,-0.06949252,-0.3567469,0
0.28694394,0.79546535,0.33529896,-0.6309731,-0.8619587,0.0018347278,-0.29738647,0
0.6775172,0.48001635,0.11044548,-0.83223677,-0.7162109,0.12414111,-0.61618066,0
-0.16765592,0.43684033,0.30356514,-0.8822544,-0.6211201,-0.5293939,-0.2447251,0
0.12169254,0.52294743,-0.04324062,-0.8890854,-0.6793175,-0.393738,-0.2808206,1
0.5590205,0.07763535,0.323749,-0.8001394,-0.7190149,0.28577006,-0.64498913,0
0.9759904,0.41653472,0.14766185,-0.7606623,-0.76199543,-0.21587384,-0.28599793,1
0.18099597,0.4939646,-0.05429153,-0.8847337,-0.68295914,-0.08451673,-0.36166522,0
0.61766577,-0.13589191,0.27773726,-0.75995487,-0.71476305,-0.044032156,-0.39209807,0
-0.42187184,0.42601895,0.19620682,-0.6411099,-0.88632923,0.052660674,-0.24090253,1
-0.09727523,0.25907382,0.14977157,-0.77591586,-0.75105697,-0.20509359,-0.113386005,1
0.056227177,0.7067385,-0.11026049,-0.8542308,-0.72247046,-0.0005553812,-0.35196963,0
0.028919697,0.5438047,-0.02523674,-0.88938713,-0.68054104,-0.33798933,-0.414665,0
-0.05950129,0.66112065,0.00013129413,-0.80154896,-0.7267949,-0.038566187,-0.008871973,0
-0.48911548,0.44790524,0.37630257,-0.54425174,-0.9257853,-0.3479128,0.62578994,1
0.91326606,0.43545413,-0.14243284,-0.7534306,-0.7982916,0.047672883,0.39694,1
0.8930521,0.33562952,0.18362786,-0.7349594,-0.7911053,-0.08731495,-0.35282636,0
0.031057328,0.64157355,-0.035159573,-0.85179794,-0.7146768,-0.34059185,-0.301202,1
0.7426739,0.38403305,-0.15501767,-0.7394914,-0.7823911,-0.22760296,0.2962969,0
0.55861276,0.9272038,0.13073263,-0.8079056,-0.73870164,0.06071885,-0.57653964,0
-0.34925514,0.6002909,0.38711146,-0.6729937,-0.848601,-0.096222535,-0.19476804,0
0.024059564,-0.31233257,0.20686334,-0.7653575,-0.76099753,-0.022964545,-0.2588758,0
0.7519071,0.02512753,0.17718552,-0.73687965,-0.74038494,-0.33133245,0.29673082,1
-0.21321899,0.42638373,0.3037854,-0.81104636,-0.70385116,-0.23372073,-0.15934615,0
0.27966794,-0.2152785,0.016018376,-0.84427345,-0.7087216,0.07651284,-0.3288242,0
-0.0893656,0.8777224,0.1824474,-0.7607824,-0.79801345,0.054918468,-0.4993407,0
0.499601,0.7356616,0.27362218,-0.6624495,-0.8392996,-0.09831507,-0.46233827,1
-0.023435414,0.7346349,0.007342063,-0.7534331,-0.8109151,0.06600034,-0.30077213,0
0.41410667,0.745237,0.36497644,-0.6387131,-0.8482816,-0.11198466,-0.4488876,1
0.5426816,0.40170643,0.20711213,-0.84802485,-0.6653962,0.057814375,-0.2488109,0
0.123475745,-0.12521449,-0.12950861,-0.72118556,-0.775953,-0.2267823,-0.24559437,1
0.7851821,0.7242371,0.07522857,-0.71374404,-0.8054186,-0.19488773,-0.26222515,1
0.5811097,0.914028,0.1880049,-0.80849546,-0.72818255,-0.022088736,-0.50946474,0
