-0.9533389674141635,0.3574943257493067,-0.7155064277657532,-0.5284183410811464,1.0
-0.9468792694198922,0.369829309514229,-0.6475802174210468,-0.6253016248785813,2.0
-0.9353144748968212,0.3164969895091962,-0.7281415504368898,-0.5550717767279149,0.0
-0.9786603527591284,0.31490440551624255,-0.6275433566562248,-0.5458852984515868,1.0
-0.9681238046326975,0.3222609743766703,-0.6672164541633392,-0.5604598773844028,0.0
-0.9608754942703435,0.33636363414418824,-0.6912610842721922,-0.5442885712843586,0.0
-0.982370830474989,0.3067587900035801,-0.6224216724750938,-0.5260680475071859,1.0
-0.8961610011518136,0.35384995473362957,-0.784749737583158,-0.5156760579482078,1.0
-0.48739156436836206,0.45649929147392987,-0.8323042899229008,-0.3659531180620379,0.0
-0.950879065148576,0.3657526812337244,-0.6647598257391352,-0.6511754148829324,2.0
-0.9857021450832417,0.31659573472145275,-0.60343596231958,-0.5446824556669998,0.0
-0.9820707857511228,0.3107418655586662,-0.6311215538610024,-0.5338333989104626,1.0
-0.9508917011396398,0.38867081351847743,-0.6542585335861788,-0.6679556823504367,2.0
-0.9495560654880507,0.3398910051151213,-0.7079168609901421,-0.5726557213059215,2.0
-0.948918389422573,0.36085474134898865,-0.7095947299787893,-0.5132496861396723,0.0
-0.1654633929138143,0.21903447941448498,-0.6103884791344184,-0.39682996793431036,2.0
-0.8681427119575968,0.3555443089385757,-0.7343688924850126,-0.7075039715156812,2.0
-0.9552810213778096,0.35740451206470764,-0.7060976044704106,-0.5265080221260274,1.0
-0.9270831145395523,0.39308210845582203,-0.6908770948664614,-0.6262519266610784,2.0
-0.5974847009213163,0.12618563330148633,-0.8045289937707018,-0.5605720345440393,1.0
-0.9885077095950698,0.298075645098778,-0.5555331850200684,-0.6368021742488246,2.0
-0.9681488176057805,0.3185574998581672,-0.6604467886315963,-0.5318404523680696,1.0
-0.9289996343471635,0.3108921555573811,-0.6494204542279828,-0.64356659046811,2.0
-0.9684041995583408,0.33650767208193905,-0.6642412917366471,-0.5287427479342699,1.0
-0.965236262593488,0.28598987584476,-0.614194201403408,-0.5904633110280696,0.0
-0.7407547095507546,0.4186407023944354,-0.7823404198842044,-0.5369036474168447,0.0
-0.9338209900077215,0.376287689613293,-0.6987814655218941,-0.6780413798096746,2.0
-0.9548927630620263,0.3964011601397099,-0.6468284406598303,-0.6523039554746617,2.0
-0.9806166549285737,0.3087159781148948,-0.6195095506271481,-0.552428995344003,1.0
-0.731495160421787,0.2727036801896296,-0.8472924370974628,-0.6350243658539128,1.0
-0.9800976384909139,0.30936732634761765,-0.5909451988210925,-0.6366952314560064,2.0
-0.9579586712270849,0.3193941809202872,-0.6714884735269447,-0.5602707450624694,0.0
-0.9706510501556206,0.337037840416243,-0.6521858219518332,-0.5270609989191729,1.0
-0.8822981219541919,0.3229159531326328,-0.7972577037894055,-0.5872314560263606,0.0
-0.9272399589382514,0.3425083019840984,-0.7525766244006912,-0.5384595587662802,1.0
-0.9796022674233734,0.2973422252757306,-0.6017111524666021,-0.5996789907960168,0.0
-0.9470436865017201,0.38841285076117826,-0.6777112716579041,-0.6655215781851317,2.0
-0.832392623221705,0.35426335553727795,-0.8452374067712579,-0.5581101885040372,1.0
-0.9274235850267447,0.35108765687126436,-0.6992395885071856,-0.6953001575218829,2.0
-0.898783574256796,0.3131562881738366,-0.6769873017515317,-0.6915265982753271,2.0
-0.9781221081534144,0.32108367398238324,-0.5880300242974943,-0.665227518232476,2.0
-0.9586294207049814,0.3859600286267663,-0.6362044005559089,-0.5979729709539492,0.0
-0.9596176529733242,0.35259544898012607,-0.6472436478587242,-0.6231894223604072,2.0
-0.9599701027323131,0.35833082760388574,-0.6793260417395691,-0.593970473390066,0.0
-0.9777517712510072,0.31783399077219393,-0.6348449859773413,-0.5399244101793446,1.0
-0.978160069634383,0.3210519454193863,-0.6097147860626921,-0.5880428494137406,0.0
-0.9174523677562159,0.34389299210976687,-0.8008790765151265,-0.5529860114424515,0.0
-0.9717491122795999,0.27787445897974994,-0.5895855052674875,-0.6575592600629065,2.0
-0.9696389344823352,0.3117614893997028,-0.661468231401868,-0.5434510671669233,1.0
-0.9140671297773516,0.3094656930949196,-0.7828198750941959,-0.5812968445185569,1.0
-0.8948778628915797,0.3210740430221682,-0.8058374640265574,-0.5817711936369441,1.0
-0.9103990165150133,0.38756943013005896,-0.764095586463737,-0.5600672289492886,2.0
-0.9859099743145645,0.3218411081619774,-0.6092197502326473,-0.5402692405851622,0.0
-0.8945376159369736,0.4371354916895832,-0.7511339385398997,-0.5413261531719854,0.0
-0.967332236812249,0.35278866023653194,-0.6689339184644072,-0.5237685024691995,1.0
-0.9611449815511567,0.3580874239636799,-0.6591422801722413,-0.6108380539495948,0.0
-0.9557459069182695,0.33426286902491653,-0.7318841613201466,-0.5217884377740305,1.0
-0.9809884844699603,0.2772195331598257,-0.5781456223029149,-0.655687279042116,2.0
-0.6937812062126749,0.24123549492763846,-0.8570184606394803,-0.5991284293251649,1.0
-0.9866810273981983,0.30383338231513807,-0.5760752434620733,-0.6346170869551969,2.0
-0.9779489921727171,0.30190599445632116,-0.6098178806791286,-0.6286310196305595,2.0
-0.9791369444556951,0.31906912978344265,-0.6229499046299296,-0.5582203658730778,0.0
-0.9813314695605566,0.32279805008770307,-0.585824038484904,-0.638072508918168,2.0
-0.9682801010786024,0.30489623344297023,-0.5986744962102462,-0.6672353555900136,2.0
-0.8948636194769823,0.34478941218248876,-0.7460747824743849,-0.5893052699856239,1.0
-0.9049373764821202,0.35703169012618985,-0.7979074161362965,-0.5448659360250625,0.0
-0.9747490150751075,0.3602558838520498,-0.6511438858569676,-0.5396526790806858,0.0
-0.49559473108038354,0.017380917436127852,-0.6280302900438774,-0.815485483687529,2.0
-0.9377048137107938,0.36115332333160416,-0.7624476221049366,-0.5346495312539866,1.0
-0.9116973546967628,0.3421391085875792,-0.8028773761648644,-0.5568729444650109,1.0
-0.9316946308916132,0.3481138494263495,-0.7671434188004589,-0.533413643908684,1.0
-0.9834414189331709,0.29764653354960713,-0.6111047667608136,-0.5509216462209187,0.0
-0.9064879380224546,0.37021620719341186,-0.7790483267171052,-0.5472833197999956,0.0
-0.9581945768976269,0.35288370438860417,-0.6875210764751165,-0.5114307762987063,1.0
-0.9866710000860371,0.2973348770442041,-0.5465539400398363,-0.655234156998939,2.0
-0.8165648173655189,0.3601167191147181,-0.9145318161577477,-0.5647040757230677,1.0
-0.9149965268264141,0.34888490798517857,-0.7242808850546516,-0.6500573195376004,2.0
-0.9580955449354265,0.34799237319346416,-0.6621195066587305,-0.6518733276064278,2.0
-0.4128046382429327,0.09289095712315287,-0.8944113423413517,-0.6570032282108261,0.0
-0.9629411371170519,0.34798622653729516,-0.6254046850362651,-0.6160033287261215,2.0
-0.9799445695065657,0.326495233490503,-0.6258541491602362,-0.5329059095566786,0.0
-0.982203612374197,0.30885014774210107,-0.6289504505501654,-0.5363665183106952,1.0
-0.8386293124615558,0.32412979455716096,-0.8101603702251334,-0.5619558062705537,1.0
-0.9586784376867754,0.3490769045637472,-0.6933950976331681,-0.5312178570076159,0.0
-0.9258402318894977,0.30442468293510844,-0.7359191955345887,-0.5643904904762214,1.0
-0.9105300078410559,0.30610496307483737,-0.7319849045140865,-0.5959045452423015,1.0
-0.9744095979184568,0.3290872949716001,-0.6176909977620126,-0.617774499182066,2.0
-0.9886177363001745,0.294401349427223,-0.547000284023419,-0.6478514074265613,2.0
-0.9753995064116169,0.32687350376400537,-0.6500385228629654,-0.5382804718172324,0.0
-0.9849686394798474,0.29530670652027585,-0.5708175908060075,-0.641220262700454,2.0
-0.87770117428037,0.3934434334982023,-0.8059310141032898,-0.5161942388078842,1.0
-0.9129215271677064,0.4092211514111007,-0.7219776900299696,-0.5490844201939101,0.0
-0.9691826516325085,0.3607534005362766,-0.6387444624070369,-0.6242943778917899,2.0
-0.9834650469224059,0.3007966939813154,-0.5671082904242688,-0.6497506343448652,2.0
-0.9057226497962115,0.34308362266742737,-0.7405717702472476,-0.5687247272961465,1.0
-0.9379442127634948,0.35235102472132207,-0.73075381661961,-0.532632221315177,1.0
-0.883577013140932,0.37324750862263345,-0.8763383813502149,-0.5130891794956404,1.0
-0.9286347371687727,0.31199537466743577,-0.7384551248984219,-0.5540611218734104,1.0
-0.9832167338816088,0.28605259831103785,-0.6063600841848629,-0.5436332899976031,1.0
-0.9507283471435151,0.29836435615561535,-0.6786218330518747,-0.58239414606485,0.0
-0.9330834978648218,0.3936807523895439,-0.7331006328150048,-0.5151532397138481,1.0
-0.855407248672639,0.39391534411108153,-0.7921971145825247,-0.5661830121939729,0.0
-0.9292824859207105,0.34426414854512283,-0.7417949378479088,-0.5309695028559591,0.0
-0.9648938728039265,0.35357960611046346,-0.6745099572647328,-0.5395768156227088,0.0
-0.8310604121597519,0.4884966894453688,-0.7149965896203805,-0.6055844046321078,2.0
-0.9523687483308626,0.35261664812112353,-0.7226926160785252,-0.5591155939781214,0.0
-0.9711583702073889,0.3306193238341197,-0.6702235095237695,-0.5368449279957984,1.0
-0.9621506523136205,0.28138261941771686,-0.6255335864471144,-0.597020400253365,0.0
-0.9413866798515022,0.33918852834893515,-0.7181561514476346,-0.5511745485376136,0.0
-0.9576317945414157,0.32776815144513416,-0.6409800508149209,-0.6836140734589842,2.0
-0.8887832927339812,0.34901721420050746,-0.7321710900024256,-0.5843390399716618,0.0
-0.9525147156990572,0.3275920525597828,-0.6387837768462956,-0.6752710076289651,2.0
-0.9810882386585701,0.30397498188518635,-0.6037472868883944,-0.6377937612847142,2.0
-0.9713526126991792,0.335669256604149,-0.6653878959677484,-0.5060406263895082,1.0
-0.9502063564203301,0.33002931701874283,-0.7271495405941334,-0.5335500999999027,1.0
-0.9631533075601483,0.3490787825236915,-0.6106821853301492,-0.6497934334246424,2.0
-0.9689173647231396,0.3133731529456745,-0.6540746181886493,-0.5524231322037562,0.0
-0.8762959055381012,0.35221686224279014,-0.8529718725507578,-0.5785728924034839,1.0
-0.6652806416273106,0.30589238121477086,-0.7905902848899485,-0.6015701719569502,1.0
-0.9635240723910067,0.3385274738344429,-0.6004517363224011,-0.6423235042929847,2.0
-0.8772635048373287,0.3591583860385838,-0.8020786359104382,-0.5970578924944,0.0
-0.9208207060642178,0.3874345017368209,-0.7083031666285953,-0.6753494652534284,2.0
-0.9640821954802842,0.33201174927699034,-0.6544019908047403,-0.5685861395319619,0.0
-0.7763780984729142,0.47818271722031513,-0.7641505008784176,-0.5280035110392686,0.0
-0.9452882940270044,0.35830541193239673,-0.7097308634446307,-0.5166028387986729,1.0
-0.7482239105860156,0.33351303422163314,-0.6527621960484539,-0.699876918954478,2.0
-0.967414856239536,0.31880908936007074,-0.6649323292411278,-0.5448468386501674,1.0
-0.9825347849476234,0.307822710389903,-0.6081657951170771,-0.5643403829276964,0.0
-0.6677408099915433,0.5438167681956778,-0.6046463403218342,-0.6279277188744115,0.0
-0.8227177814418066,0.285498376596861,-0.8079130993552235,-0.7710936763750272,2.0
-0.9362620073633832,0.35244220219808914,-0.6555153978002359,-0.6946797299626006,2.0
-0.9893660861896134,0.29743001990540624,-0.603667017793627,-0.5400693643552169,1.0
-0.7867119986663219,0.5145382312377225,-0.713915450035278,-0.5939964966490205,0.0
-0.9713778516701884,0.31791005699135233,-0.6628428612717445,-0.543502047565402,1.0
-0.9632163020615333,0.30104061530288967,-0.5986375036424514,-0.6591306877613198,2.0
-0.9818714467516759,0.3175703224686264,-0.6339365738464099,-0.5389956986798597,1.0
-0.9837818470610864,0.3241319663616701,-0.6222388802437571,-0.5212722832636203,1.0
-0.9553769253930158,0.3504641689595617,-0.7189685862830016,-0.5360053265136016,1.0
-0.9738717069112828,0.32879078701090036,-0.6143577808673915,-0.6080990186209037,0.0
-0.9566152136425893,0.33883186966913215,-0.6233919745657962,-0.6630846563138569,2.0
-0.9847584128732791,0.32140521694805657,-0.6088071556378042,-0.5478418629793868,0.0
-0.9554800419737544,0.36382255502857924,-0.6607945278551657,-0.6320485747361679,2.0
-0.9299399971011881,0.3470417036418597,-0.662161478191559,-0.6984655498440996,2.0
-0.8079968099143282,0.5688809689915497,-0.5423855614592035,-0.4638494361761434,2.0
-0.974782416218823,0.3388122944417724,-0.6677355664502276,-0.5162609164230462,1.0
-0.8441966216807639,0.38456354967358153,-0.780327796261678,-0.5641690947554285,1.0
-0.9391558130269143,0.3383136609652161,-0.713767768274219,-0.5491601932425674,1.0
-0.9763837220170285,0.32807885818637356,-0.6380747027655318,-0.5443765223796676,0.0
-0.9785664538431396,0.3004014054031833,-0.6279796569141513,-0.5484164309460915,1.0
-0.9687278598324522,0.32599079535713166,-0.6485088189718109,-0.5770143357932033,0.0
-0.958535308195253,0.36547323452758174,-0.6868788317888328,-0.49228447294791455,1.0
-0.9742182712214157,0.3260467624102855,-0.6301078630711371,-0.5783624027745807,0.0
-0.9327030224917203,0.3185379280362864,-0.7263761240501435,-0.561276294753541,1.0
-0.9520993441316145,0.3780703677088002,-0.6316888199066102,-0.6773815153286005,2.0
-0.7804639704128453,0.2378231816717094,-0.7212874800545007,-0.6591749038858385,1.0
-0.9317720406295102,0.3307158906576407,-0.6985020808657519,-0.6416128865071529,0.0
-0.9869763824364921,0.3170886389842927,-0.5907511438234083,-0.5763882410571163,2.0
-0.9469354178730259,0.35570107195519574,-0.7361246058958185,-0.5315154965190847,0.0
-0.9337829636368287,0.3376393670215109,-0.7051375796688975,-0.5576153896580245,1.0
-0.9728536194944414,0.31538604954935945,-0.6061426605537121,-0.6502318905888649,2.0
-0.9007185628544903,0.2952987657347886,-0.6447353291828162,-0.7300165981988765,2.0
-0.45978098077052476,-0.04221496001510011,-0.6868424999437774,-0.5950333427523717,1.0
-0.9746030443894357,0.3349210596645532,-0.6443310945077506,-0.5442498367381869,0.0
-0.9167023502231455,0.3754589047201067,-0.7999506977807547,-0.5278766813367055,1.0
-0.7530745412602164,0.37164167711239326,-0.7844665961495408,-0.702798928823567,2.0
-0.7990809438942275,0.463783059281075,-0.7012899556430465,-0.7520999800317365,2.0
-0.9259439596987193,0.3210659946314542,-0.656348913747153,-0.6981000943893759,2.0
-0.9886696026273007,0.2998700871177389,-0.5790561650159163,-0.6134247933830903,2.0
-0.8355973490275856,0.29618577877728214,-0.8361587484956062,-0.6139681514116183,1.0
-0.7250458669370912,0.25139072490749753,-0.9300325537626563,-0.6316509648673277,1.0
-0.9681934281947469,0.3336460644290481,-0.6554034727534408,-0.5226992574336243,1.0
-0.9459238654995984,0.33175393702378386,-0.6817771371608068,-0.6249856193788487,2.0
-0.9428682364228824,0.3611124936692844,-0.677421560709416,-0.6005377270186055,2.0
-0.9762896502504729,0.33680621660086857,-0.6537645719554985,-0.5613645285992117,0.0
-0.9654618089186973,0.3088761888233378,-0.6640432022886392,-0.553691339724418,0.0
-0.9120587791566028,0.3719328940601791,-0.7893488726571148,-0.5388195221615941,1.0
-0.536026068536511,0.45392506421658896,-0.4932422942329827,-0.6493603016050269,2.0
-0.9255842557836981,0.4004614781867073,-0.6928903208697871,-0.5930320331269681,0.0
-0.9670888195582716,0.3164428068844639,-0.633814006662841,-0.5912711598255708,0.0
-0.8859322996278941,0.3970039056661548,-0.7452201181881773,-0.6332910606960023,2.0
-0.9749190933740915,0.33302505798846616,-0.641270914824963,-0.5535953082400195,0.0
-0.9602646386078153,0.3716857451486127,-0.6392223765932754,-0.6446615543380687,2.0
-0.8219667404950675,0.2583326431813645,-0.7065871107870477,-0.7335231185330489,2.0
-0.9324803316924132,0.3216797842443879,-0.7438479118570976,-0.5643974908354242,1.0
-0.905795665126445,0.26433534700817396,-0.641846451844434,-0.6995870447674499,2.0
-0.9518692103308493,0.37795116444471705,-0.678305322692273,-0.620090496284812,2.0
-0.9243511327036948,0.35771977669177346,-0.7312010544422025,-0.6599850843283733,2.0
-0.9576120500211638,0.3592878312024356,-0.6799927784999041,-0.6064155492247628,0.0
-0.987036206696597,0.29479037610498393,-0.6030780734030131,-0.5819335968118399,0.0
-0.9793909338811057,0.3007067922425089,-0.5941646623471373,-0.6488745458642029,2.0
-0.6294718559959155,0.5661714692509541,-0.7187721408739861,-0.5796030801757102,2.0
-0.9767340734538008,0.3144377544220745,-0.5854787040240748,-0.6705230561234998,2.0
-0.740837092735642,0.33181360050873937,-0.7728672115539167,-0.8017540598160704,2.0
-0.9819656004226403,0.3067070402827916,-0.5872675574990479,-0.6284760770178549,2.0
-0.9938168764348184,0.30104383014751396,-0.5577783183573415,-0.6006083516680344,0.0
-0.9891051807617934,0.30647680795872223,-0.5593452305126619,-0.6367438387025872,2.0
-0.9271321668662024,0.3638928357062065,-0.7533299764221068,-0.5395442416272951,0.0
-0.7847250567938122,0.3612211277557829,-0.7457813518062387,-0.7797198788013402,2.0
-0.9818182107724941,0.3212254700769115,-0.600718012626116,-0.6024434831640967,2.0
-0.9537517939015079,0.31919527122487595,-0.686892579515667,-0.5491105000684587,1.0
-0.9360824937705194,0.3653226037387687,-0.765350399821229,-0.520219258012269,1.0
-0.8650792228880602,0.3136037682441219,-0.80794181923519,-0.5905484086301949,1.0
-0.9448506080116865,0.3542747442823585,-0.7004437524648129,-0.5664301323297629,0.0
-0.973212154165815,0.3361362117685587,-0.6550275158520462,-0.5262791370115298,1.0
-0.9900812373472719,0.30511676201185767,-0.6063292800909869,-0.5305429611087119,1.0
-0.9556585149694529,0.3691817303647837,-0.7153802004139129,-0.5243236940540391,1.0
-0.11698665837126965,0.2307964377029299,-0.6232704237404622,-0.3909919126273762,2.0
-0.9499566670396558,0.35468324659799255,-0.6311735822993421,-0.6732352735289997,2.0
-0.9860229376333234,0.2926110088417072,-0.6075537972946748,-0.5350200891988147,1.0
-0.9696994593614572,0.3270729104639194,-0.6543712861133201,-0.5515528486663773,0.0
-0.979193021993812,0.3327617601140441,-0.638303794792692,-0.542442974738155,0.0
-0.9823983953122764,0.2894759163841465,-0.6008732891122048,-0.5961527991196519,0.0
-0.9745507996502932,0.3141380349863438,-0.6394956024919981,-0.5706894898452577,0.0
-0.8868020180829118,0.30454712115308585,-0.7327499455153306,-0.7000938391142982,2.0
-0.9174175230430252,0.3944831394571096,-0.718099638836974,-0.5520658930384139,0.0
-0.7989333375419377,0.2757394326610456,-0.7539333322062495,-0.7399991972043611,2.0
-0.9545861180942488,0.33161031660081086,-0.6621829285102103,-0.6344765214508196,2.0
-0.980928243946291,0.3144432216672288,-0.633342939551159,-0.5315509351466399,1.0
-0.9370961780819982,0.30563562224580376,-0.6821235517478881,-0.6048121024482601,0.0
-0.9383154447344892,0.30964265113151673,-0.7097933692056501,-0.5815599840270365,0.0
-0.9190508746776817,0.34701639166981757,-0.6663503914039055,-0.7156081493376705,2.0
-0.9481368247366609,0.29816337872802684,-0.6623312343912072,-0.6440339271721154,2.0
-0.9599108304722386,0.340582099044457,-0.701760274347869,-0.5204650662644117,1.0
-0.9677604169869685,0.3397191173111061,-0.653933889394782,-0.5499043982770762,0.0
-0.975422043362236,0.31574128334447904,-0.6417379248912636,-0.5696360773657619,0.0
-0.9601492425686934,0.3410657832176158,-0.6222423766082966,-0.6507790055999817,2.0
-0.990086235537821,0.2967934511237345,-0.5840124997629652,-0.5443608893103592,0.0
-0.9654573970089413,0.2968405312647999,-0.6671166743204742,-0.5682110828892695,1.0
-0.9285221245384847,0.40769415667355213,-0.6838601856564855,-0.5896774765562097,0.0
-0.8907276916559975,0.3470308526207452,-0.8186214267861764,-0.5162040568796348,1.0
-0.9290549761715841,0.2893139667833072,-0.681169665965376,-0.6834996813352716,2.0
-0.9034780990945724,0.32210374467763186,-0.7685418816031919,-0.5652174868585997,1.0
-0.9287446134893272,0.3196598273480633,-0.7313796387586752,-0.5691657322047836,0.0
-0.9511267478793903,0.3563946228481366,-0.7281010928160351,-0.513982752636788,1.0
-0.9673628213117055,0.3109829235101392,-0.6177096942849715,-0.6522460117599315,2.0
-0.9670475933346782,0.3348074273695731,-0.685746414725001,-0.5207452079137406,1.0
-0.9750170623830631,0.3164760813826841,-0.6283381178329235,-0.5323277919675258,1.0
-0.8594636865668047,0.34598680640371227,-0.7984006970069935,-0.6776449555804978,2.0
-0.7884081698368399,0.38556136794822354,-0.847080271688659,-0.6525366516843004,2.0
-0.8692353233960387,0.35533714082067874,-0.8493698372622821,-0.5230954118933513,1.0
-0.8387890109882428,0.44280491354538554,-0.8006465954126487,-0.4891088898206159,0.0
-0.7745584972037125,0.472031116158866,-0.5071132165848672,-0.8310111841624448,2.0
-0.9587126820553374,0.3633574795771957,-0.616099628662061,-0.5141091063213312,1.0
-0.9575734539273193,0.3368441801997804,-0.715908620170321,-0.5331019533943396,1.0
-0.9882136095004915,0.2955312204620565,-0.5663145161338308,-0.6280862078612383,2.0
-0.9380056410957474,0.3302934150082914,-0.7458128982624365,-0.5548593786744386,1.0
-0.951242605391749,0.34759423964325287,-0.7265331735959539,-0.531022535652068,1.0
-0.9826529453286634,0.32171361837970075,-0.6247594456334226,-0.5600183022976073,0.0
-0.9904229551581917,0.3044110450580016,-0.5570971875888099,-0.6335835058569399,2.0
-0.9587647208057459,0.32180216866474903,-0.658639122427184,-0.5790921456166427,0.0
-0.9304538589597438,0.33655353009961375,-0.7388351379470938,-0.5440747199529473,1.0
-0.9429908479777482,0.36139848886516346,-0.7294782380477289,-0.5399180673589701,1.0
-0.943873492265993,0.3375424251304313,-0.7584521534321813,-0.5143516870145297,1.0
-0.9447030560026788,0.3329885598919293,-0.7318036000756687,-0.5395205834106465,0.0
-0.9386093439423787,0.3523503538127542,-0.66974113424841,-0.6658525955565532,2.0
-0.9679684041813127,0.3284115838349354,-0.6514436835721498,-0.5550685060636215,0.0
-0.9897632019984799,0.2932705301565152,-0.6009282877590734,-0.5311657462693338,1.0
-0.9350613666440877,0.3522741518923096,-0.7358117319146464,-0.541432671156566,1.0
-0.956944893219034,0.34348197911374617,-0.6685442527059352,-0.6721681286480397,2.0
-0.8983929950881675,0.43368688007547573,-0.6926565462434863,-0.7111298909022169,2.0
-0.9273749174260231,0.3923285036226188,-0.7210235800026762,-0.5843195930645494,0.0
-0.9544350993132253,0.34042841389073075,-0.6293654069084249,-0.68969499863369,2.0
-0.8653014813279892,0.37177603073772525,-0.8455973872676346,-0.5137099201491366,1.0
-0.9398635687744343,0.354563370759448,-0.6619065311341196,-0.6798240315002648,2.0
-0.9012345317948517,0.36792705486241695,-0.7392241701639694,-0.688331817046191,2.0
-0.9618861827379183,0.35007627969665406,-0.6462817709428695,-0.6385577890690572,2.0
-0.9283967528906364,0.3414456456956783,-0.724570521215973,-0.5448489611806914,1.0
-0.9451147279543408,0.3655918044725784,-0.6629155928360735,-0.678811351967308,2.0
-0.9469020756447466,0.36477601553227296,-0.6544824059887717,-0.6831787770921192,2.0
-0.7469916971659845,0.32924775365549086,-0.8582400376521292,-0.558807184410034,1.0
-0.9930864857084112,0.2942378524652457,-0.5780421478598095,-0.5570707513076509,0.0
-0.9421833906605399,0.368047091388084,-0.6684387187437634,-0.6766494234507598,2.0
-0.9794535605383595,0.3118431282800613,-0.5754633404513411,-0.6671773254691389,2.0
-0.9188758170360994,0.3075250724965238,-0.6385710196074094,-0.7272069743188545,2.0
-0.9093028974890309,0.33220450582910566,-0.7663476610380016,-0.5532741472995232,0.0
-0.9710874722511915,0.31460423023285666,-0.6498009327077681,-0.5571668282685853,0.0
-0.9618909413198884,0.3317388289287417,-0.6927927696302147,-0.5334983985797831,1.0
-0.9698641035102372,0.31805046091298234,-0.6545383904096636,-0.5475997817270337,0.0
-0.564326724290378,0.15969357639872897,-0.7859058754536973,-0.7725779555678343,1.0
-0.9054058703833064,0.4263555111505124,-0.7046441508087091,-0.6971613767284732,2.0
-0.8616872824936271,0.3151382792449704,-0.8087983835981616,-0.721103178880848,2.0
-0.9704571711735075,0.3516213388540882,-0.6419417470009319,-0.5642644387388537,0.0
-0.9798328102492315,0.32185163580059106,-0.5774733798578955,-0.6515208129064327,2.0
-0.9859711921509807,0.3058977212225825,-0.6235230548730114,-0.5313831686597883,1.0
-0.9782605275823631,0.3395337127006326,-0.6273817605740761,-0.5923214648079148,0.0
-0.9119097100702229,0.33113910626193654,-0.7576229553200697,-0.557632080330044,1.0
-0.7078416548204638,0.2099504960203401,-0.792343854857649,-0.6911602606248727,1.0
-0.9618224172231035,0.33798783873943355,-0.6856426056987525,-0.5271254036437047,1.0
-0.9253769190331216,0.3622149873350729,-0.7652766667205998,-0.5113083949526461,0.0
-0.6648551972348429,0.33243977084851106,-0.9175955606509663,-0.5356209985350437,1.0
-0.7514412783596188,0.31998675900782403,-0.8542776655224985,-0.7002789537593483,0.0
-0.8709467234705478,0.35641783992826637,-0.8511609806804404,-0.5053860684486543,1.0
-0.9765795514434137,0.3480765634296927,-0.620661169723311,-0.5802229677967602,0.0
-0.9042402588077105,0.3436836179950783,-0.8015365228852558,-0.5727565102586534,1.0
-0.9614123155895409,0.3338289963287286,-0.6101825113826409,-0.6800797199781558,2.0
-0.9906984013696188,0.29751414927570247,-0.5688055856546943,-0.6063380052368914,2.0
-0.9856736438944442,0.295843830858967,-0.5890684379403502,-0.5607091861134798,0.0
-0.9462142431979629,0.3057352076707689,-0.6787515606849166,-0.6434085659407235,2.0
-0.9675306360775892,0.3078247173688216,-0.6654820443264438,-0.5416497538690891,0.0
-0.959677030939204,0.3467825240060403,-0.634943455966445,-0.6724803535781132,2.0
-0.9873912603413634,0.30831448526681426,-0.558435015674897,-0.6414298255412324,2.0
-0.9833309348933543,0.31689267933377463,-0.6221354451337687,-0.5647039364546446,0.0
-0.9852048705659704,0.3063791653886678,-0.5731061790756053,-0.6344297442052257,2.0
-0.7374836375899108,0.21361773429482028,-0.8656553020651079,-0.6608902144998382,1.0
-0.9490628091691138,0.38376938429247,-0.6889258485151084,-0.564844462340568,0.0
-0.9643697194168905,0.3337747687943738,-0.6856562391961616,-0.5185418701419298,1.0
-0.7491545755042975,0.4020955513061959,-0.752864524802466,-0.7171387303232799,2.0
-0.9851728505640459,0.33216314835343486,-0.5922957431516075,-0.63971727977953,2.0
-0.987372913879725,0.30005194333602964,-0.5681223608111274,-0.6400419676451823,2.0
-0.9765222029437689,0.3346407274764635,-0.6234256326805939,-0.5908878563418346,2.0
-0.9697079915935486,0.3097982675761957,-0.6236786983047643,-0.6163336650628636,2.0
-0.9912226635845052,0.3012612693494118,-0.5531777509761446,-0.6439313986708435,2.0
-0.9367105061653619,0.35290959708599523,-0.7360617371720491,-0.5524884495324213,0.0
-0.9117881387001787,0.36055806095399723,-0.7211182772370538,-0.6555997761052725,2.0
-0.9458551232745872,0.3636100378890904,-0.6875056183461188,-0.6475693865891913,2.0
-0.9912912712054516,0.3054868942042947,-0.5881268335067604,-0.5509397111650484,0.0
-0.9756055494137479,0.33567992286143145,-0.6084716442889389,-0.6244833314369642,0.0
-0.835843379764387,0.3385879144049062,-0.7953630964994077,-0.5602669373544387,1.0
-0.915327962539762,0.3480223243906086,-0.7796556156098655,-0.5319201149998852,1.0
-0.9410678208233865,0.32826521127581787,-0.7408098335157275,-0.5215258501371904,1.0
-0.950854608374111,0.3193029913049344,-0.6561135862799168,-0.6578673038574954,2.0
-0.9708881738248389,0.31059840561710667,-0.657406281213568,-0.5420376874898319,1.0
-0.927011977092234,0.34703955171307616,-0.7520695060707647,-0.5223614419543703,1.0
-0.9543527329946606,0.36743603969354044,-0.6685500473762973,-0.6223104303935709,2.0
-0.9222617874852951,0.31387263725137643,-0.6867979101719852,-0.6208340954777658,0.0
-0.8306182855003684,0.3687270357069777,-0.7186233074566963,-0.7336809091719959,2.0
-0.9719558626958066,0.33820298052357306,-0.6140801859470251,-0.6490429142616181,2.0
-0.9826472793056173,0.31594536904369297,-0.6267924160221794,-0.5357194948551727,1.0
-0.9603524900863677,0.30837631910104546,-0.6254901856156339,-0.6502975654291925,2.0
-0.9399788062217562,0.3595104351611296,-0.7511889367769125,-0.5234375781585109,1.0
-0.8801071964305868,0.3615619867571841,-0.749707609040161,-0.6655227751571415,2.0
-0.9652266950385628,0.32222819547265075,-0.6205447345021817,-0.6673798715471089,2.0
-0.9119790270726612,0.3305368406181757,-0.6950696059996473,-0.5813405447988338,0.0
-0.9454907259223077,0.333529923455914,-0.7082117323759152,-0.552717835515596,1.0
-0.8685441038689234,0.48524838484121746,-0.7394824895092839,-0.5442805991299647,0.0
-0.907149592521157,0.3708536573716999,-0.788200208517303,-0.5270937627177419,1.0
-0.8650060170633407,0.36013616400487736,-0.8433426198701007,-0.56718372301437,1.0
-0.9607328325231724,0.3536383063449248,-0.6651131744734012,-0.5708208496755591,0.0
-0.9472844415572657,0.36594707967366535,-0.7334301224711264,-0.5124574095685721,1.0
-0.9732275693796899,0.33251888304925364,-0.6402971398010912,-0.5450452557481179,1.0
-0.9795020318304598,0.3328171070308282,-0.6606411096778019,-0.5181811970309744,1.0
-0.9862652323915276,0.2927323151883408,-0.5959330089479384,-0.5733742103372084,0.0
-0.9657769658015687,0.30881124123235654,-0.6345180285528085,-0.5465780480088098,0.0
-0.9350793260906688,0.36784980624415214,-0.7482950238159869,-0.5405410597948358,1.0
-0.9512641486625942,0.32909686639200364,-0.6274708216174346,-0.6978729747608714,2.0
-0.9336524390767329,0.29555405609860114,-0.6926877171017782,-0.6096209264342178,0.0
-0.42729504986400313,0.5184114833990842,0.0580472150585406,-0.8773676855363766,2.0
-0.7602597223012268,0.4656600558064532,-0.704997080629738,-0.7445662194874022,2.0
-0.8543094227385657,0.30974301955641137,-0.8407051226006311,-0.5467415488961312,1.0
-0.9532141354459202,0.35129573298822125,-0.722541177968821,-0.5353041461594862,0.0
-0.959231685905525,0.3205435425588142,-0.7043346549967966,-0.5238344996832718,1.0
-0.8115489832917216,0.26689308313794574,-0.7521218191816472,-0.7377455358714613,2.0
-0.9135740256985977,0.34811463914315244,-0.7936018232201297,-0.518490344515591,1.0
-0.5637597693555964,0.34045599971221807,-0.6143573325403073,-0.7384521986610216,2.0
-0.9723043426083666,0.31539224094231594,-0.6295956217686534,-0.6068632435062807,0.0
-0.9387124424868276,0.37328309068090576,-0.7511228580215416,-0.5285999553684924,1.0
-0.9446175090041136,0.35857892864771207,-0.7127096284574548,-0.567496895848223,0.0
-0.9860612217075926,0.30113093116206013,-0.5870022524537344,-0.6371370728626006,2.0
-0.5653111317887494,0.29831008174196216,-0.8405096273307981,-0.8025916700078966,0.0
-0.9634243252110412,0.3371639400286031,-0.6879333708631424,-0.5545164999528086,0.0
-0.8745469200287698,0.3835488205940277,-0.8778637727789562,-0.5338947023302892,1.0
-0.8414058087554586,0.3958464125726483,-0.7618335243016132,-0.6139648842473551,0.0
-0.9689724181615751,0.3459334795950336,-0.6690329568809494,-0.5268831430011869,1.0
-0.9593612684142625,0.321708582497039,-0.6087568795503424,-0.6945890817218852,2.0
-0.9855935158365228,0.30267121494635274,-0.5962261718505436,-0.5769542803770873,0.0
-0.9687031044741057,0.32671029099511617,-0.6627550873943026,-0.5543163021674729,0.0
-0.9286030886377732,0.34260526417041953,-0.7749869939330611,-0.5157501944048711,1.0
-0.9860127584225049,0.3079765771251692,-0.627322050910862,-0.5315682519464255,1.0
-0.9052115637972362,0.36963642325081175,-0.7861080542585044,-0.5398407005517514,1.0
-0.9883302441130546,0.29580382759587576,-0.6165643645227934,-0.5399245109991975,1.0
-0.9616108348272221,0.3615686101449128,-0.6415902559579745,-0.6626884765292311,2.0
-0.9837452841106616,0.31624827372047837,-0.573606090817782,-0.6198604989060497,2.0
-0.9407652799358804,0.37968206537697174,-0.7323162699889508,-0.5481150751977543,0.0
-0.9735985882367374,0.3203701301270109,-0.6282655258721378,-0.5760670220307694,0.0
-0.9040002926295662,0.34399636240431386,-0.7832220217831399,-0.534102656096208,1.0
-0.8637599764236401,0.3797897995468887,-0.7604455053330976,-0.6407339718424436,2.0
-0.8091439481544087,0.39434457753556096,-0.8352271035958412,-0.5412157678632346,0.0
-0.860948427754274,0.28230144316672495,-0.7276979861730452,-0.7285771714063607,2.0
-0.9105358766664441,0.37122205593682284,-0.7204618906803527,-0.6578397053624166,2.0
-0.9492257322130775,0.29371321677873385,-0.6706572116599228,-0.5950805842952792,0.0
-0.8735138562056234,0.2973466205628458,-0.7217577383010327,-0.6819234762746489,2.0
-0.9793149045496238,0.3287126267579131,-0.6217280843604198,-0.5754097555216344,0.0
-0.9701846930962568,0.32169528678089526,-0.6129174056169054,-0.678900769210062,2.0
-0.9146460287983749,0.33710805802670785,-0.777204497301243,-0.541292355048523,1.0
-0.9790503492798563,0.30935507324811695,-0.6115581306714841,-0.5456296181238861,0.0
-0.9562855685268934,0.35831905694978083,-0.6234923010100926,-0.6934114556926196,2.0
-0.8967800295204027,0.32395752025476754,-0.706326541153441,-0.6812282543914893,2.0
-0.9698571271610403,0.3149293415600506,-0.648904653480323,-0.532800116056412,1.0
-0.9447675012567791,0.3579505365157633,-0.7380413966366561,-0.54272568598764,0.0
-0.911761901896377,0.32931421062215266,-0.7215971711679973,-0.67659071360992,2.0
-0.9414922259588357,0.35495861472086676,-0.6900134574468255,-0.5235812993617726,1.0
-0.9767987307535517,0.32808323898145597,-0.6248712707546787,-0.5982980756207029,0.0
-0.9161968312720907,0.3388231767280288,-0.7528200538058264,-0.559397232555177,1.0
-0.9446995074172518,0.3413540754390053,-0.6875893798391524,-0.6145166951382781,2.0
-0.964579727924743,0.31002112185404196,-0.5878184423337195,-0.6816890076170783,2.0
-0.9778825402221109,0.3205928234995019,-0.5876145135467188,-0.658455299177908,2.0
-0.9359640503860411,0.36042179595026264,-0.6577393319672722,-0.6961597910209285,2.0
-0.9745667068456074,0.31681741791870244,-0.6396468068719863,-0.5322733641676376,1.0
-0.9853930988797208,0.3006801015853918,-0.5722876647941583,-0.6465176433642364,2.0
-0.9705625684479067,0.3022845634848569,-0.6433818759031449,-0.5366092338936809,1.0
-0.9447124476867234,0.34689884838755397,-0.7347080881538149,-0.5306403507813173,1.0
-0.9064679885295372,0.42701447184669084,-0.7734344830530433,-0.5576506084663281,0.0
-0.7430816625197614,0.42293327986198437,-0.7919982008063817,-0.7397315886245672,2.0
-0.9183488390746729,0.3995465734736207,-0.7716509350845925,-0.4893400016560809,1.0
-0.9341302263671123,0.3322966306478759,-0.747447580050159,-0.5469350169973153,1.0
-0.9584931422979512,0.3322634238680556,-0.6483420724341648,-0.6370246545889702,2.0
-0.9030281142287626,0.3252159152008881,-0.7894868566012363,-0.5959110825976349,2.0
-0.9174495314082286,0.3457862625870638,-0.7489828705434608,-0.6577112751306471,0.0
-0.8357881698051509,0.38411323191360225,-0.8838069368081214,-0.5180280220546047,1.0
-0.9520367402067901,0.3027448110904646,-0.6501193651545092,-0.5791519156471608,0.0
-0.8205214478886149,0.525156735860075,-0.7506960449171333,-0.4360388669317828,1.0
-0.9745896914250094,0.3337994984980709,-0.6261739760546365,-0.6237354274913708,2.0
-0.9572663990744125,0.33441768990848314,-0.7064682397785743,-0.5383800707673247,1.0
-0.9665334038311305,0.32702658255291045,-0.6693959055348745,-0.5347431336252162,1.0
-0.953228648874222,0.3258540334768482,-0.697900177747398,-0.5660292571570849,0.0
-0.9503176828868262,0.3130872517686976,-0.702913917461348,-0.5367083795381596,1.0
-0.9632398787518727,0.35197792694325897,-0.645759976666082,-0.5892786393923096,2.0
-0.9599003710610097,0.3424210475986603,-0.6570225871447549,-0.6570654278926141,2.0
-0.5528045914645712,0.2660101607021491,-0.874212525867222,-0.7618003550276172,2.0
-0.9719471150377894,0.3131398803322712,-0.6561742876221603,-0.512533805807307,1.0
-0.972881450884729,0.3199273943125209,-0.6359924350228445,-0.5275470965787934,1.0
-0.8824432344353321,0.4295727038592166,-0.7234753599355297,-0.5631812043824767,0.0
-0.9698845901015072,0.34337774021743717,-0.6357858849532553,-0.6240439037669541,0.0
-0.9021842451749676,0.3506299664446541,-0.7715823866662233,-0.5392269939343908,1.0
-0.9495887291847213,0.33872142777978353,-0.7160813535014264,-0.5265991075958677,1.0
-0.8660332989470849,0.3128954737936305,-0.7065350743714599,-0.7271591209825333,2.0
-0.9204620200146325,0.32925343975220617,-0.6603122626398259,-0.7217214483708805,2.0
-0.9223654791093706,0.35200251338836946,-0.7743207620455346,-0.5375773813291566,1.0
-0.963353867031688,0.31335650350722155,-0.6614325098539395,-0.5698348866938598,0.0
-0.9844008011243081,0.2890081724247059,-0.6069635964195532,-0.5563206386620786,1.0
-0.9643472222525817,0.3260735325532684,-0.6803466914426812,-0.535552576228082,1.0
-0.9647828420923816,0.35025943768157236,-0.6624111726321499,-0.5651638478925853,0.0
-0.8121988531731495,0.39547029749094437,-0.8686741752563141,-0.5549596475067056,0.0
-0.9818121601809245,0.3018440854322395,-0.5826842933755625,-0.6464322542058386,2.0
-0.9002956627628278,0.3815715208096597,-0.7472141831243688,-0.6794501548108554,2.0
-0.9205114533211608,0.35499267353157876,-0.7878875816001614,-0.5511083795877346,0.0
-0.9881074628052974,0.30312231213335766,-0.608676054535617,-0.5613245190169767,0.0
-0.9466778964462825,0.3339234426661315,-0.619254543642821,-0.7162777630043893,2.0
-0.983918721415191,0.30568003485981193,-0.569175194932672,-0.6348892797258223,2.0
-0.9306444073707082,0.3377745624261984,-0.7593250534398281,-0.5534295704035661,1.0
-0.960849190403007,0.3609141158901368,-0.7014664327924343,-0.5352422101952476,1.0
-0.9766684522285716,0.30942142015611507,-0.6247244005127772,-0.5888710583004217,0.0
-0.9584902190229341,0.29698711510175646,-0.6648772599436567,-0.5759097491655326,1.0
-0.9688985483514813,0.3008687413559623,-0.6285850978736454,-0.6123814485529038,2.0
-0.910680206118365,0.35381326188132056,-0.7745990503905674,-0.577368197158998,0.0
-0.9782891948281702,0.33425812049075304,-0.6419271953795826,-0.522417045698062,1.0
-0.9159291996771075,0.36324142063809733,-0.720458094987718,-0.6756827976139476,2.0
-0.8714155352432575,0.35851239902448423,-0.8417635497625613,-0.5510129485005658,1.0
-0.9613648952463815,0.3488219563460227,-0.6889030335048653,-0.5373305467446905,0.0
-0.5619580701092715,0.293851828045794,-0.8576504790188452,-0.6013827594454159,1.0
-0.9391828002244373,0.3516694806433845,-0.6281881126009341,-0.6387015181103078,2.0
-0.9744742404943737,0.33823806354721264,-0.6367717687677026,-0.5703128635758609,0.0
-0.9825412628832965,0.28988650265798455,-0.6100897127626895,-0.550606115301437,1.0
-0.647166999481517,0.16648940355700154,-0.7301877928201538,-0.7538417376471157,2.0
-0.9809056113008805,0.31201034509741155,-0.6370589711998705,-0.5133607975205356,1.0
-0.9405838948194465,0.36096667534207766,-0.675205677290228,-0.5018264354979154,1.0
-0.9726659602647229,0.3218932506877679,-0.6305021866243744,-0.6415689228865307,2.0
-0.8615167397152407,0.48500110277000624,-0.6742792075209694,-0.5206582489176494,0.0
-0.7718701629190684,0.4647925892857284,-0.8782769006461517,-0.5287969271720846,0.0
-0.6688060204479936,0.17227509296882712,-0.8337243657962218,-0.6575953117414718,2.0
-0.9774921008354276,0.3101378261123304,-0.6365161824057618,-0.512593313407107,1.0
-0.9625107712946156,0.33742927339956813,-0.6326955249704302,-0.6702843216517579,2.0
-0.9703209705436996,0.30539381308292507,-0.637472348213389,-0.547330694612853,1.0
-0.971741265364301,0.33779978647325065,-0.6679468486108094,-0.5319105793731644,1.0
-0.8080295039892798,0.3948676904662122,-0.9148698291866965,-0.556144099058055,1.0
-0.9175881096458868,0.3609021432368723,-0.7987050904046735,-0.5311418969297099,0.0
-0.7290509577082932,0.3018036637133453,-0.9190983111475296,-0.5479974212753995,1.0
-0.9694848842639204,0.3399683027983213,-0.6208628769276529,-0.6462502064942722,2.0
-0.9745862581734195,0.3476655172371913,-0.6512565732659535,-0.5231683878513846,0.0
-0.9675598886274468,0.3138467467754636,-0.6608150254654531,-0.5354790396020025,1.0
-0.6810767090369856,0.3235112573548108,-0.6972850735275101,-0.6521100508048829,1.0
-0.9494594535639134,0.36745065786022235,-0.6911410595112575,-0.6299591746187468,2.0
-0.9525297445044062,0.3651822744577502,-0.6732609135531107,-0.6464097166970751,2.0
-0.9390638289788896,0.3750279533962178,-0.731814168303309,-0.5306031704590866,0.0
-0.9106256137040093,0.40184748279329907,-0.7176723516227731,-0.5666422638259367,0.0
-0.7402055021519449,0.3334614252389862,-0.8967331347200701,-0.6314219878719702,1.0
-0.7290188679148509,0.3077832724521737,-0.9258471211637913,-0.5360667564056861,1.0
-0.962829898734065,0.3211450800027604,-0.615101442562835,-0.6810182219094508,2.0
-0.7872158720291518,0.4735778187908811,-0.6837386052746601,-0.5712721571708226,0.0
-0.9085655710945643,0.4069785105622032,-0.7876476546437166,-0.5176704387109926,1.0
-0.966414408153043,0.30360705382877956,-0.6183138950231208,-0.6446365813419449,2.0
-0.9839578469939906,0.31523936411783554,-0.6229952799638863,-0.5396835282157868,0.0
-0.7735488249945411,0.4451980435677426,-0.7252173143908681,-0.5053477639778798,0.0
-0.9453916694611162,0.3807343686045056,-0.7187880805782849,-0.5062198690563592,1.0
-0.9692927325888525,0.3392514328100588,-0.6312120704032058,-0.6296932236377639,2.0
-0.9914417451801584,0.2912491283241416,-0.5910001724616405,-0.5608372023680535,1.0
-0.9831193189690149,0.31629891403573446,-0.6208589467280623,-0.5589786636185528,2.0
-0.7620943110744046,0.2583259373760365,-0.8338623024989241,-0.6546580957461908,1.0
-0.7141530672894983,0.3284077769956598,-0.9191371147555553,-0.592888930486461,1.0
-0.991396879313417,0.2890052451700462,-0.5790699145049113,-0.566407594093509,0.0
-0.8271169076423183,0.3341378084594092,-0.8534860282724881,-0.6018531019452813,1.0
-0.9434711785725194,0.3775972953152605,-0.7412202023086716,-0.5126783847335274,0.0
-0.9761192046091018,0.304049154142733,-0.6416205101955593,-0.5492299791222086,1.0
-0.9840434782959746,0.28795736838401526,-0.6204303519092467,-0.5378626505450219,1.0
-0.7971134398515113,0.27206644719443984,-0.8021156950002917,-0.6460506218005014,2.0
-0.24895226916550262,0.06621083968814262,-0.6472523352733869,-0.8121515619070893,2.0
-0.956544873069777,0.3682721896543365,-0.6938662710759489,-0.5202545555722795,0.0
-0.9546176351548107,0.3716702290796736,-0.7146593505429252,-0.5150157659515551,1.0
-0.8935790841589832,0.3231551655613884,-0.7540419198162573,-0.6748440058031552,2.0
-0.9853130511281936,0.3048730938712466,-0.5649068373794411,-0.6733065000282015,2.0
-0.9670975445500674,0.31158660459664356,-0.6730951755995792,-0.5445764126375977,1.0
-0.9283624091878975,0.3687148996359182,-0.7447739739726934,-0.5340428778968749,0.0
-0.9463754058504593,0.3334061152417872,-0.7303780975296946,-0.537953067644469,1.0
-0.8306442545494432,0.3290558520428453,-0.828582047135368,-0.5842368651135167,1.0
-0.9175820092314646,0.4127274560828497,-0.7147399641303882,-0.6658906739757606,2.0
-0.9891501796457771,0.2978334971435084,-0.5625460707163848,-0.6185666373846205,2.0
-0.8846280583477103,0.3480688810692012,-0.8470654699946352,-0.5485033687753771,1.0
-0.9191169628970092,0.3545958571014061,-0.7519260732403721,-0.5354073275020078,0.0
-0.9364601507667032,0.34641264701728075,-0.7443187561352432,-0.5350009634604606,1.0
-0.9844405715355523,0.30418868538012617,-0.6024043780132068,-0.5836260873658949,0.0
-0.8808587069911692,0.3090913395000773,-0.7102618384746078,-0.6008223986957508,0.0
-0.9628464427731381,0.32303777001353556,-0.6760353768822698,-0.5368570824251443,0.0
-0.954455166954607,0.2927700624015485,-0.6743598456259435,-0.6013516055133761,0.0
-0.9640118788198677,0.3495566769751035,-0.6854304205281666,-0.5346636151096685,1.0
-0.9879098787976857,0.2902797224282384,-0.5751277239605854,-0.6296749290822412,2.0
-0.9805357873569939,0.2972953997904513,-0.5780334849987409,-0.670698386548623,2.0
-0.9664561396449033,0.3422685930981593,-0.6278032303193992,-0.6605232089960046,2.0
-0.9665525622001122,0.31339716058543726,-0.650073652767977,-0.6404917913876738,2.0
-0.9442649529999266,0.35076881596152193,-0.6373719876647121,-0.6957046692471215,2.0
-0.9753985963241831,0.31675648073262636,-0.6427833070983456,-0.5364098865930637,1.0
-0.8443709350333296,0.49016052692535517,-0.8135847769265038,-0.5639094796567695,0.0
-0.9065650617353292,0.37903478923278594,-0.6851298207730518,-0.6980110437606899,2.0
-0.9865718423881851,0.3202738743210864,-0.6152120030925211,-0.5399063431033556,0.0
-0.971516702735517,0.3253244175992287,-0.607460514305493,-0.6590240120878812,2.0
-0.7811736435613299,0.4152653900999342,-0.7969713406170805,-0.5325918152980016,1.0
-0.9581663994681481,0.3256401416154535,-0.691720625897232,-0.5421974793029675,0.0
-0.6533372418252781,0.37829242324262646,-0.7279760556794922,-0.7188905603775771,2.0
-0.9077880424580742,0.38168595901662744,-0.7912994446659615,-0.5323729664242082,1.0
-0.9633909754222888,0.34762816792819173,-0.6528234748312125,-0.5488604867273859,1.0
-0.9313692440464266,0.3418343439142226,-0.7194477977808664,-0.580115589617325,1.0
-0.7524482723408621,0.5181492813367959,-0.4658105120568706,-0.8155039535886586,2.0
-0.9836524660903593,0.3177000438855111,-0.6268420586629441,-0.5390987736258485,0.0
-0.9349774867598883,0.3618657992010635,-0.7224239213226653,-0.6150849436451207,2.0
-0.9680651450304344,0.3257025209985478,-0.6618454693026988,-0.5206040192591338,1.0
-0.977511101499774,0.30746248068775295,-0.5905463088861406,-0.640926281475256,2.0
-0.867201196257653,0.4661386120939949,-0.6872420501366068,-0.7003863281914051,2.0
-0.9523026806030243,0.3455316499186908,-0.6265271408550938,-0.6983021752266892,2.0
-0.9822610254611203,0.31478541739212135,-0.6247057890064835,-0.526502047323131,1.0
-0.943841166012947,0.3954539392286211,-0.6865854810497273,-0.5811160785291304,0.0
-0.9462194710140693,0.3580481394374166,-0.7230366498950659,-0.520804615237309,1.0
-0.967840314061015,0.32245729109746196,-0.6746501653471924,-0.5170167493418287,1.0
-0.9567233381845033,0.3356743066968901,-0.7142922949668635,-0.5294672695830097,1.0
-0.9658127792823091,0.3202902820212305,-0.6465692167814588,-0.5593524035265593,0.0
-0.9585429093505542,0.358970117663624,-0.6930838450830125,-0.5307069008565433,1.0
-0.9327349580184386,0.3847243071047166,-0.6656939282589234,-0.6771073395860983,2.0
-0.6720792439944591,0.3452491606559578,-0.7719620977300132,-0.5931917880945596,1.0
-0.9736030019860101,0.3122087529310692,-0.6659797501697251,-0.5433275558517681,1.0
-0.9171723620454639,0.3684120184173234,-0.7062700757868965,-0.6749076385190038,2.0
-0.9749479325559097,0.3424607356953858,-0.6269055159992196,-0.6132702494622778,2.0
-0.9789868145851003,0.28798347979671607,-0.5717447976710346,-0.6405989379240075,2.0
-0.9491019498791833,0.384812089017787,-0.6592870994727531,-0.670970908300877,2.0
-0.9838204168315222,0.30511175324644174,-0.6158905056435813,-0.5557543388693329,0.0
-0.96341328377583,0.30135538246144006,-0.588737558534795,-0.68409062992326,2.0
-0.9602178512635794,0.3581874827246673,-0.6836057537831435,-0.5610475321717966,0.0
-0.9632736296214519,0.30023504570667076,-0.6673906903205278,-0.5392614746687149,1.0
-0.9169736233835778,0.28838578824968364,-0.6227974790979491,-0.7283513754929954,2.0
-0.9454896491097421,0.3487232161303322,-0.6786168959090866,-0.6576996901417951,2.0
-0.9820172635173808,0.2925408344339525,-0.5649420774705317,-0.6404592714821754,2.0
-0.9532366344249328,0.3346141134787583,-0.6389906920111958,-0.6850732668604456,2.0
-0.5774258801348371,0.32320812031808543,-0.9570112229069939,-0.6012061963007147,1.0
-0.9198129903256608,0.38001613417345304,-0.7324087671686618,-0.564765692482746,1.0
-0.9591641732480752,0.34273254351183585,-0.6864207132360024,-0.5457093254323215,1.0
-0.9536605852434497,0.36755979403111244,-0.6785994549878771,-0.6301579522791023,2.0
-0.9589045219972663,0.3462329456141456,-0.6933144055383199,-0.5264843590776916,0.0
-0.979330605371602,0.32631732357561577,-0.6502870124234383,-0.5411344437658704,0.0
-0.956564068263591,0.34326968216949455,-0.6384009899814919,-0.6224157589269694,2.0
-0.9619256349221216,0.3443744950196702,-0.6863280364013682,-0.539168475662229,0.0
-0.6406463960193077,0.12286829177909903,-0.7976482283054813,-0.6953966181268809,1.0
-0.9780557940608993,0.3128626678035468,-0.6474539570371866,-0.5434386011898324,1.0
-0.9617548126092564,0.32309613740777193,-0.6300019613200355,-0.6539851474454441,2.0
-0.9757835115179126,0.304736511316333,-0.6629595880853886,-0.527921179496956,1.0
-0.9836322957211183,0.3063910067498522,-0.6149095991062149,-0.5433404959934593,1.0
-0.7717488379013933,0.4238043171423357,-0.7701282098218727,-0.7785103520423123,2.0
-0.9208048485219742,0.27317939994861745,-0.6539471673839679,-0.6558170716957932,0.0
-0.9592302045082829,0.3506768136031859,-0.6442545349199688,-0.6273139604873393,2.0
-0.9403465849381415,0.31967476938586353,-0.6775551358471771,-0.5762562475118888,0.0
-0.8802691195710521,0.28448826736265215,-0.750707017997597,-0.5777764228006025,1.0
-0.9754664605546575,0.3277203530811093,-0.6389734303757887,-0.5186135017977895,1.0
-0.8477491114605263,0.4439881084087727,-0.7240147945952782,-0.5766499643583611,0.0
-0.9837145523420776,0.30128981916477654,-0.5724968788229744,-0.6399210025303744,2.0
-0.9542605443578992,0.3330505862409241,-0.635826055250664,-0.6541715390786471,2.0
-0.6686029353880357,0.27780480874616104,-0.8989432524373995,-0.4438323875440361,1.0
-0.8900596215709387,0.33120922669816794,-0.7758076348551974,-0.6943537080177772,2.0
-0.9406045962221782,0.3686215482207561,-0.6647331703698597,-0.6714306725887218,2.0
-0.9044360687413827,0.44461660425521005,-0.6792912401812876,-0.5808715575512134,2.0
-0.9792892813551318,0.3194548858831484,-0.6312343653074837,-0.5721329407245571,0.0
-0.9847592603189961,0.32461563984027325,-0.5921621946480716,-0.579257165937155,0.0
-0.9674594763604312,0.29779896963224367,-0.6553519344105717,-0.5574077266312681,1.0
-0.876960565904906,0.38621985533413594,-0.7941469936837227,-0.5927661321408264,0.0
-0.9774037802892213,0.32526330891374666,-0.5795675787219658,-0.6515751113959595,2.0
-0.8456049642482003,0.3161080475804753,-0.8413386576016207,-0.5847754525813662,0.0
-0.8362606274983623,0.40869839309872436,-0.8028534083048787,-0.5350847237921855,1.0
-0.9804705220197101,0.3184774432309111,-0.6175459129086442,-0.540909076351108,1.0
-0.9774796890045685,0.3411294738665736,-0.6266081920154326,-0.5564547924231161,0.0
-0.8766685402090346,0.35130264706648806,-0.8052551971425466,-0.598865314196794,0.0
-0.9660472155212427,0.3511301284923982,-0.6210836807206487,-0.6319076017146653,2.0
-0.9775053870175755,0.2885081793673991,-0.6123385022446679,-0.6086533630321666,0.0
-0.9670492047882651,0.3213747054186512,-0.6444705662265817,-0.5623354151637516,1.0
-0.9870960429771626,0.29925635910196463,-0.5653609188656934,-0.6459634398708362,2.0
-0.9813830856994424,0.3009226752792862,-0.6307557836867801,-0.5330614126246983,1.0
-0.9668701100884379,0.3401651705206952,-0.6506868075639044,-0.5480741435201923,0.0
-0.9657204293939409,0.35078976439735765,-0.6923753525298735,-0.5245123869029291,1.0
-0.4736241412653998,0.2857789487983117,-0.7601252505459128,-0.7540040567404784,2.0
-0.9601514615735303,0.32199220966440417,-0.631076214897779,-0.648335447017574,2.0
-0.9762920232013909,0.31780727841763656,-0.6473829374573854,-0.5699509046510115,0.0
-0.9781855226857289,0.32824512681072787,-0.6252069083722768,-0.5759707653927355,0.0
-0.9745928584757448,0.32538331807875576,-0.589473455568232,-0.6346636354052368,2.0
-0.9415181922848734,0.3130930909386933,-0.6643278657534148,-0.7057855027947534,2.0
-0.925663313182991,0.33393448885696814,-0.7567612870454012,-0.5686313162697477,1.0
-0.9584184012693963,0.3359478802588004,-0.6353571903507912,-0.6727025988317155,2.0
-0.47294481636012004,0.7017937424359824,-0.2986616771303877,-0.4269837163185623,2.0
-0.9789836218662261,0.3095060098146239,-0.6506965305108857,-0.543011348041355,1.0
-0.7929887958826739,0.49966988064734374,-0.6786573129980114,-0.6470203646840438,2.0
-0.9725092879456837,0.33491143786580907,-0.6381630485281585,-0.6069057942642815,2.0
-0.9822240543290948,0.3071023865812611,-0.6135901025402041,-0.5452355540146088,0.0
-0.9304560916317777,0.36962172158428386,-0.7309311410406549,-0.6194256110497897,2.0
-0.9680940809478397,0.35253380940442225,-0.6812064617756186,-0.5232078240123822,1.0
-0.8571901294982923,0.44188251542246165,-0.7659536045878096,-0.6710054026442946,0.0
-0.9773691608474256,0.313792138909926,-0.6084774050479549,-0.6225638035577602,0.0
-0.9306139842273692,0.3599239330318615,-0.7619874836900833,-0.5076534859774261,1.0
-0.9382372867894127,0.3888738135815713,-0.6794430631270608,-0.6710775694504707,2.0
-0.9863365728045108,0.3246756995742252,-0.6053956749683143,-0.5437264100463791,0.0
-0.9848854294526028,0.31458097932428797,-0.5992346978337243,-0.6040916942523248,2.0
-0.9852297926179056,0.299332524219962,-0.5973292389992849,-0.55417536671977,0.0
-0.9803499543809042,0.3366040405974545,-0.6392219820574799,-0.5464708344750987,0.0
-0.9422450534242324,0.38812321798580107,-0.658061974205083,-0.6666888392182106,2.0
-0.8820302976332857,0.3031482023651548,-0.7653663050064184,-0.5963548260161685,0.0
-0.9432945027947126,0.36935441372007927,-0.6563795006920318,-0.6797739562580929,2.0
-0.9229531607017902,0.33408020447347486,-0.7620561881434805,-0.5541480905680353,1.0
-0.979825708331081,0.32045342369071067,-0.6374832717669718,-0.5298681314239849,1.0
-0.9875910199855955,0.2948156683019732,-0.5812310275118078,-0.6137487620888049,2.0
-0.9856250806052573,0.3290902405956355,-0.6029309326111708,-0.556641238674235,0.0
-0.8952205158356851,0.3288652510725892,-0.7934203213152108,-0.5382510992423984,1.0
-0.9791650700462861,0.30042326559919413,-0.5914321251740402,-0.6590161180468891,2.0
-0.9403358360951711,0.3338692673322225,-0.711243640326911,-0.5968787535252221,0.0
-0.9656771601089575,0.32027391430289026,-0.639955118850061,-0.6188957301537305,2.0
-0.9848571043637661,0.31073870514530055,-0.6110009013104216,-0.5684382021737242,0.0
-0.7700879386454189,0.23231003412937015,-0.7898297668846149,-0.7108272324850826,0.0
-0.9920513170384105,0.2977078432356176,-0.596302031903477,-0.5346182164300441,1.0
-0.7136783114216779,0.3887578230958947,-0.9771796731539933,-0.3996633850261694,1.0
-0.8948908334789577,0.40164064812235356,-0.8001934770665909,-0.6162256936444992,2.0
-0.9840327355938121,0.3040693886295396,-0.581952495852097,-0.6442722331727667,2.0
-0.9769896008219292,0.33084144483091477,-0.6251204818869789,-0.5675380154177756,0.0
-0.926351702858877,0.3621279973840831,-0.7596940651368363,-0.5425749898611965,1.0
-1.0,0.2816976594704107,-0.5343786488617784,-0.5700246524011273,0.0
-0.8190071823452334,0.341928456765405,-0.8116933608916617,-0.5640762597563741,1.0
-0.9853865276564259,0.29904385736961864,-0.6049167264912709,-0.5523864236046464,1.0
-0.9741545563805863,0.3028320909023619,-0.606548398216229,-0.6428458554634444,2.0
-0.9853295870744594,0.32183818136453984,-0.6069567389638152,-0.5375655232335947,0.0
-0.9468685248023088,0.34932824604701357,-0.728187470651051,-0.5143835361424616,1.0
-0.9197802108251867,0.3882668996993684,-0.7234593652682431,-0.6625908634538211,2.0
-0.9535463967598355,0.3334251183897851,-0.7128409875895362,-0.5372803983017578,1.0
-0.925096308521211,0.34227520196948663,-0.6968123841765157,-0.6559186585672824,2.0
-0.9402622321159552,0.41602120419196714,-0.6906217280215585,-0.5024895360224558,0.0
-0.9280347964301657,0.3439540411072754,-0.7628866390628753,-0.5394657350559978,1.0
-0.9827856055578879,0.3177831644138304,-0.6297842051642932,-0.5239295100526978,1.0
-0.9683069784125131,0.30707985676328586,-0.6482169140638919,-0.5489258936076846,1.0
-0.776201380072966,0.30785198027527705,-0.7764599597823774,-0.6641940805686208,1.0
-0.7683539703486855,0.3107571277852815,-0.8593626629930077,-0.6262824114958653,1.0
-0.9576942265105347,0.3481008813708892,-0.7067220843569832,-0.5307855199213595,1.0
-0.9028527407378281,0.35017558973900703,-0.7913332948002845,-0.5436719048035829,1.0
-0.981176550363346,0.3027475138273451,-0.6052468071912093,-0.5364187023930694,1.0
-0.9279905297332156,0.33589123031572293,-0.7335292291823069,-0.5730080375546925,0.0
-0.9808129153218258,0.31908175301187713,-0.613674915100384,-0.5426061681160714,1.0
-0.9816252892723246,0.2805365940727702,-0.5588538725730596,-0.6583578721278017,2.0
-0.9121451240413825,0.3703276443570461,-0.723298092799078,-0.5440203355994233,1.0
-0.945098121622551,0.36070300945519823,-0.6534443214416447,-0.679709137135915,2.0
-0.9145261158765291,0.32086988314078135,-0.7340352402446407,-0.5430446822610104,1.0
-0.9147896251696322,0.4027865391152249,-0.7351674505551713,-0.4978663321727381,1.0
-0.9737776518278893,0.3172444016052326,-0.6637373635477952,-0.5298412426563454,1.0
-0.9607972348093888,0.3341884899945343,-0.6977319580769116,-0.5164884699870756,1.0
-0.9651554238761819,0.298579008842913,-0.6172498159787361,-0.6431276287472522,2.0
-0.989000931502382,0.30804458158216835,-0.5693546268140727,-0.6357049599935558,2.0
-0.8834219410265904,0.3637765147013131,-0.7766567157387438,-0.5738366406037994,0.0
-0.9750122951140999,0.30526100497489117,-0.5884708904762387,-0.6433141052897093,2.0
-0.9475769979464163,0.3776466398845843,-0.6653749043921099,-0.6752639684001389,2.0
-0.9488276515279302,0.3351433360966904,-0.7118780110804959,-0.5468861892995356,0.0
-0.9744949122985298,0.3153808391077165,-0.6276786389344164,-0.5357500839161502,1.0
-0.8824068210758433,0.35559352501943287,-0.7459710942246058,-0.6754106202220798,2.0
-0.9636617162958389,0.329353463700846,-0.6803024914915052,-0.5502582168982978,1.0
-0.8646724638741425,0.3974607078307357,-0.7578560284082565,-0.6549224322235894,2.0
-0.9858391246653979,0.30587272732132004,-0.5723662068855194,-0.6327610354289603,2.0
-0.8421830551106348,0.41424025555884303,-0.8255826734182855,-0.5511267222113888,0.0
-0.8778807857518109,0.2858497644927114,-0.7882434606837921,-0.5993375629690791,0.0
-0.971756799302731,0.3085895320236445,-0.6482019827744615,-0.5444710435280764,0.0
-0.94077902681376,0.3538243304304065,-0.7133460579549727,-0.6058493082254858,0.0
-0.96179651700738,0.36223949037246295,-0.6873843006353841,-0.5131600555814904,1.0
-0.7000451764219296,0.35791556527295826,-0.8994904272639936,-0.5778001169476582,1.0
-0.949111810977118,0.35290757560237845,-0.7309189321955754,-0.5294416462546655,0.0
-0.9872870470830702,0.3253505167873128,-0.5913053066728018,-0.5417198605876656,0.0
-0.9566866701904299,0.343106763428557,-0.6989872375220684,-0.5445859694357127,0.0
-0.9697630897012489,0.30132335644572983,-0.5905658313209009,-0.641939428807899,2.0
-0.9857960018412313,0.2978139557482922,-0.573979185375615,-0.6471184817879823,2.0
-0.8290350720252366,0.2874872262427062,-0.8424517422804557,-0.5941752656663544,1.0
-0.9617674114935868,0.37045149014524476,-0.6343643226175795,-0.6582904720773736,2.0
-0.9763350508993238,0.30773615744756816,-0.5963493873362532,-0.657641909397948,2.0
-0.9455841719670935,0.32865388718355415,-0.6400641297025546,-0.6839586164070002,2.0
-0.9829952872395613,0.32510176679571,-0.6047461600101147,-0.5902218248333212,0.0
-0.9730691379271902,0.3364616510414391,-0.6188799769326339,-0.6418247399316594,2.0
-0.9555192660977951,0.35309020416856685,-0.6654543380338442,-0.5707684820655987,0.0
-0.9570089554484748,0.3671808296215134,-0.640020116984624,-0.6572150238701998,2.0
-0.9631040469489147,0.2866898785512705,-0.6465902243762801,-0.5768611811358008,0.0
-0.9132146066811909,0.3981656324203999,-0.6840885721730379,-0.6968675304921245,2.0
-0.540082216127254,0.00999262866206313,-0.7132374226563616,-0.7538381960342267,2.0
-0.9112619647761031,0.3556708778622029,-0.7921940540672681,-0.5531789149389468,1.0
-0.9704332266666849,0.2999146137217098,-0.6051458621912387,-0.6551503136461988,2.0
-0.9599074674798193,0.3534546000758579,-0.709547232674254,-0.5311529378479023,0.0
-0.8369933748221347,0.36174095190050437,-0.870194954704052,-0.5564892541100331,1.0
-0.8634427131941055,0.3914680963497742,-0.6871668196837256,-0.6786148078459393,2.0
-0.9853854248189886,0.30826488578116856,-0.6140627974956187,-0.5520798445622908,0.0
-0.6465146353478279,0.28824322379938244,-0.7955726545214015,-0.8166046550886639,2.0
-0.8427303525770554,0.2803418874291859,-0.7438327877891031,-0.6192774020106453,1.0
-0.9811017898719963,0.32171045716015056,-0.6078778334791399,-0.6213367960556389,2.0
-0.8931387116489592,0.3293833473582727,-0.7514786433428722,-0.5803066721968875,0.0
-0.9841996415577948,0.32045533482931177,-0.6349137072284072,-0.5300503135520291,0.0
-0.8207377473692256,0.39292957180856225,-0.9201632099820971,-0.5221258507422999,1.0
-0.9575448977223685,0.3695101846353499,-0.7031642246945945,-0.5078753181413262,1.0
-0.8839627091022091,0.3519494614379384,-0.7974495871055716,-0.5599239596394572,1.0
-0.9010117528398898,0.4043239340367999,-0.8108806849774919,-0.5431235140349397,1.0
-0.8694489903396971,0.39426638478221043,-0.765637552630906,-0.6615882049749615,2.0
-0.9348422232445879,0.3345380849538856,-0.7563707000909642,-0.5357586080105491,1.0
-0.92878049183669,0.32237559900644597,-0.737226438040642,-0.5569009216903045,0.0
-0.9197760990110332,0.3518270918513927,-0.7173201552100548,-0.683119043321615,2.0
-0.9901344835606694,0.2995588097134463,-0.5585595832916175,-0.6219619374520564,2.0
-0.45989306915690037,0.8175073057852721,-0.21490300179439092,-0.5668997760542284,2.0
-0.9814333653140567,0.29356694549288304,-0.6038981385094209,-0.5566668663210643,1.0
-0.9168506768695419,0.3491076996741957,-0.7174955599239582,-0.6683656940882474,2.0
-0.9451452747862623,0.39035456586127576,-0.7186624957497866,-0.5094809379630711,1.0
-0.9667900720030413,0.34999690264650063,-0.6178687775261704,-0.6499144985323653,2.0
-0.9866105476148619,0.2908404142290685,-0.5765279288170496,-0.6419141043429598,2.0
-0.882973291084248,0.27024831176749387,-0.7803672061657997,-0.6632703460652322,0.0
-0.8923115031025639,0.35257255953085315,-0.7433130791617909,-0.5336850412239834,1.0
-0.8468095531901839,0.5025337948563289,-0.6981187344273906,-0.5415712723247748,0.0
-0.8642148816048406,0.41592772209944007,-0.8020005345161785,-0.5624027570336971,0.0
-0.9722543880472273,0.3144501146323086,-0.5930142040978527,-0.6815959207934812,2.0
-0.38922995877572397,0.36749754363568604,-0.878762058669548,-0.660790240170009,0.0
-0.5531458420096447,0.7259823543622408,-0.37770224521189366,-0.5328691764656787,2.0
-0.9223599063681708,0.3369776257236374,-0.7720411279917045,-0.5276590833986224,1.0
-0.9800371473039093,0.3122896470338894,-0.6333095895822362,-0.5473417461104174,0.0
-0.7302521973701561,0.5868294623162182,-0.4581962703719574,-0.30209946392827336,0.0
-0.9464159185737538,0.33466108582929815,-0.7018481024224078,-0.6384909970173727,2.0
-0.7949565244588201,0.2957006395908434,-0.8522589433276183,-0.6100579500177811,1.0
-0.9511247646086248,0.36378951990577046,-0.6923364090781191,-0.5390526586331186,0.0
-0.9762203973387881,0.3022706441995219,-0.6044866527984043,-0.6169371520723519,2.0
-0.9709778392853923,0.33894047338354766,-0.6669829206699036,-0.5217031517059131,1.0
-0.9467686242471477,0.3836749136850143,-0.6549271616345435,-0.6711450405747167,2.0
-0.9703323808337048,0.3296893872850694,-0.6473730814031237,-0.5942965677262818,0.0
-0.9491159712214197,0.35787239970530565,-0.662470857763127,-0.6661262543484213,2.0
-0.9654906283501979,0.3542703458271677,-0.6887097161360785,-0.5154405592736203,1.0
-0.946242737802399,0.3752492986010895,-0.7235409979150426,-0.5462670373073509,0.0
-0.908487472542562,0.40974662828718583,-0.7152935841602894,-0.6983887318370393,2.0
-0.8116287488639482,0.19089602615157564,-0.7256795545877045,-0.6565483790942209,1.0
-0.9847700591459821,0.3008251982310386,-0.6102623238363922,-0.5445345770973908,0.0
-0.9685013230881447,0.2809050801952961,-0.609249919248684,-0.5933274394800963,0.0
-0.9761521946433762,0.3261048552186685,-0.6287826130845882,-0.5744999195213121,0.0
-0.9822388037805053,0.2852331735055535,-0.6078917708100896,-0.5480349317814871,1.0
-0.9620207415000545,0.334877313892238,-0.6919725776820695,-0.5322523324669826,0.0
-0.9658759505678955,0.31595739756866875,-0.6613181792560051,-0.5504895893835656,0.0
-0.7661691323962128,0.42420923344234834,-0.8366878413851393,-0.49554496759325534,1.0
-0.9591465584753781,0.32234649596461934,-0.7015963879098468,-0.5313077072074003,1.0
-0.9544048735347054,0.3361845680597634,-0.6685315040778002,-0.6678815475162406,2.0
-0.9600216419534997,0.3329020520103391,-0.6937128354566094,-0.5343520543386694,1.0
-0.9716799469317015,0.33334568834051836,-0.6139708086854262,-0.6476845627432706,2.0
-0.8774801938155948,0.36553447029647324,-0.7062766075533283,-0.721155795555918,2.0
-0.9808963848325848,0.3217579419488657,-0.5856851482296019,-0.56787791127946,0.0
-0.9160963725426825,0.29883213324357544,-0.7415105024092897,-0.5867174005974073,0.0
-0.9900295601866408,0.313492041808849,-0.6117105127854843,-0.5320447913886082,1.0
-0.9746325950029273,0.305153003565503,-0.6014901354538792,-0.6540841920655908,2.0
-0.8757541271443825,0.2680169586541075,-0.7248854072347252,-0.6302904209856093,0.0
-0.972893704120583,0.33490049905262315,-0.6275660058809596,-0.6164827749870534,0.0
-0.9777437999404734,0.34522563130008094,-0.6366720430797137,-0.5366118310949655,0.0
-0.892465258753614,0.31442139308086076,-0.8061293652883447,-0.5309552232947208,1.0
-0.9863678283945627,0.29554986635680547,-0.6009861236644346,-0.5274143856682209,1.0
-0.9329941611993507,0.3805545061760851,-0.7005792208924622,-0.6768759563959846,2.0
-0.9420234617669065,0.39399446462137566,-0.6657218939883124,-0.6370241878785692,2.0
-0.9551378333737834,0.33110715449334815,-0.7048981590140886,-0.5362034244755721,0.0
-0.9308627468243094,0.3765356399022464,-0.7292705650089837,-0.5562779731666454,0.0
-0.9463137693681001,0.3595766524629119,-0.6433593003623614,-0.6790587407509576,2.0
-0.9626551080082917,0.34745083089900974,-0.6345023045216458,-0.6169501532403356,2.0
-0.95955832571877,0.3384358314830876,-0.6416970888929909,-0.6519667950171634,2.0
-0.9147676529538539,0.34476392791389804,-0.7735823876688472,-0.5534874775136697,1.0
-0.9301236306609859,0.39326393097353873,-0.7287685410603412,-0.5224432483150495,0.0
-0.9302519264348126,0.3513801629127217,-0.7697799665809218,-0.516749086339676,1.0
-0.9384385527225916,0.34691221333110667,-0.6732839979617926,-0.5741365239650329,0.0
-0.9734024755262811,0.3283672794777045,-0.6136313164545675,-0.626275477567462,2.0
-0.9722184944751978,0.3202095819811242,-0.6187823661370256,-0.6584827581262727,2.0
-0.9893260497417066,0.29300980242007313,-0.5555254751058925,-0.6388892607412836,2.0
-0.9907079623088683,0.2899456091727079,-0.5706037547776681,-0.5945884782869708,0.0
-0.6149150257100336,0.19673165802933773,-0.9011639795929638,-0.598389178786093,1.0
-0.9724035394909831,0.3408644721421262,-0.660585155986293,-0.5170124935065923,1.0
-0.9083515821328989,0.38061759941491063,-0.7888573370431534,-0.5453636642719851,1.0
-0.8246052715690659,0.368275725777448,-0.8630169012646823,-0.5709955495205452,1.0
-0.8833919180580088,0.4136588705243699,-0.7660818553037468,-0.552864290706315,0.0
-0.7696113461986369,0.3193277612230706,-0.9146831821470432,-0.6043840098691573,1.0
-0.9950327179567824,0.27658646974722245,-0.5658346999741681,-0.5836447440920807,0.0
-0.5997889232456668,0.6248269765665377,-0.2759101960787728,-0.8003499867979595,2.0
-0.9538879614608176,0.37290773406517447,-0.7192627119582615,-0.520505834345752,1.0
-0.9843287777476795,0.30329166934311513,-0.6103775236591559,-0.5370977427170532,1.0
-0.9265815211516938,0.3495025011107403,-0.7640782668930513,-0.5515083138262322,0.0
-0.9687888650702329,0.32748332969422284,-0.6710038080534783,-0.5218699467369277,1.0
-0.9686718889155439,0.3236569423688345,-0.6572368379628063,-0.5359020960581102,0.0
-0.9344871990369408,0.3512387274280417,-0.7683667523509884,-0.5340268578861053,1.0
-0.9711634469370313,0.35007829720811207,-0.6094185675060351,-0.6482080098076014,2.0
-0.8576245839261165,0.3474147327554607,-0.8493382270778537,-0.5687084070847256,1.0
-0.8670395871270641,0.344103873581127,-0.7949412208708745,-0.6786002834922554,2.0
-0.9414511040975306,0.28533130952894586,-0.6683828012221216,-0.5911063250331411,0.0
-0.981209644382266,0.3249142812368446,-0.6302967441725319,-0.5264918463356828,1.0
-0.9172353306830549,0.3616126863748619,-0.7667592163797392,-0.5431084579680159,0.0
-0.9852403207562468,0.3205164518427114,-0.6051721023827528,-0.5515837901610248,0.0
-0.5698078686967081,0.38585037690543716,-0.8857544039203691,-0.49511791930309773,1.0
-0.9381497476857766,0.36418504677426017,-0.7398344958833307,-0.5440291832450751,1.0
-0.947982064328382,0.36029481793103746,-0.7185020993203163,-0.5221502905005817,1.0
-0.9439572591725154,0.33216476259419475,-0.7077389770170455,-0.5406431661473599,0.0
-0.9766669713553775,0.33061590405854374,-0.6515918865223266,-0.5236290581826454,0.0
-0.9230549388095958,0.28460502560345236,-0.6993286047430647,-0.5751210160277285,1.0
-0.9262976784648551,0.3155394371400769,-0.6226004128153706,-0.7273049242614595,2.0
-0.9103262184704893,0.33539621406092485,-0.7869363471569562,-0.5494404456030159,1.0
-0.9591156245588233,0.373514341429854,-0.6363506185891931,-0.6648936397818044,2.0
-0.662839579506523,0.22732128573163368,-0.8363023908969391,-0.6017108211941046,1.0
-0.8062965725350406,0.4865877100892967,-0.6905901687326629,-0.5965438353981541,0.0
-0.9427931001143086,0.34530964724579327,-0.7039858570169224,-0.5759641454242111,0.0
-0.9635160552193601,0.33646822586753283,-0.6119112016067838,-0.6651162433919899,2.0
-0.9641823206795982,0.34075384515607987,-0.6692470861260758,-0.5218301924188449,1.0
-0.9588813702501614,0.36193463669415527,-0.6901231554338032,-0.5327898638814161,1.0
-0.8298736866751992,0.4792909990861279,-0.6901716963705881,-0.6118801469327015,2.0
-0.94866577185426,0.30597702015172557,-0.6621844420577294,-0.5786778270206785,0.0
-0.9492582286789613,0.3772368767423571,-0.6770181295623198,-0.5413150245349452,0.0
-0.930628790000089,0.40058771367098284,-0.668923217278402,-0.5122147965374793,0.0
-0.8490577405500649,0.36950084440156566,-0.7956800996385233,-0.6911805697191835,2.0
-0.9690710747142689,0.3076704896225418,-0.6559938268493857,-0.5833395427920088,0.0
-0.8013885051011193,0.3089358522694165,-0.8628676258208268,-0.6066810760042598,1.0
-0.953821341923157,0.34881636858162257,-0.7208993753421225,-0.5182617362385656,1.0
-0.9688726344525893,0.3151668890673315,-0.672116454727417,-0.5186017535519012,1.0
-0.8382966125524631,0.43558199454267543,-0.8263740188041588,-0.49373435272104577,1.0
-0.9427748195363359,0.3381593240112326,-0.7367693314055601,-0.5122287630742827,1.0
-0.9019115857079452,0.3625358457967424,-0.8046527299956926,-0.5638610913545826,1.0
-0.8346275299851743,0.4123036421283369,-0.85757187467066,-0.5071485059622877,1.0
-0.9750157290371951,0.3216985581925951,-0.637113641166178,-0.5502548269863311,0.0
-0.9277248185114971,0.4115665859891331,-0.7179310959473337,-0.5531083831119198,2.0
-0.9653998535011725,0.3171618153780303,-0.6323923059607871,-0.5672757762628674,0.0
-0.9460911153448338,0.3854831235230979,-0.7277148745611316,-0.524071258404923,0.0
-0.91167267268334,0.32867878024339,-0.7304216724898496,-0.5340929829833818,1.0
-0.8246254476093957,0.30758199327203006,-0.8192319005008761,-0.6676267334501449,2.0
-0.9641029413959327,0.28809868769126,-0.5809944622716883,-0.69061240964715,2.0
-0.9647853646055435,0.33936228271799374,-0.668660074082656,-0.529555466740455,1.0
-0.6737578066577881,0.5829316521802257,-0.5839498932662807,-0.5390240874417047,2.0
-0.9809309894816444,0.30240681538001907,-0.5864151377801885,-0.6629201569269118,2.0
-0.94726446837668,0.393287397430099,-0.6559003100840597,-0.6612439530992144,2.0
-0.9696559176187242,0.3484574313015806,-0.651561824626951,-0.5407725428356187,0.0
-0.8951551685320874,0.42984426204505577,-0.7579304534648296,-0.4993223840895713,1.0
-0.9573104504132143,0.3614807592704345,-0.6526706961613863,-0.6274568596039057,2.0
-0.9559663990815199,0.33007531459225387,-0.6519777150207086,-0.6666714612557372,2.0
-0.8905136811459253,0.3135645238686799,-0.7796917387559801,-0.5954384382175861,1.0
-0.9348843422060342,0.3310623453039252,-0.7328383393780173,-0.555172428744759,1.0
-0.9922599101763157,0.3019884626662893,-0.5739099621709531,-0.55106460147138,0.0
-0.7069275445873614,0.16750254675221168,-0.806165975134604,-0.6381739824205599,1.0
-0.9897483730348211,0.30340198326969703,-0.5712250640895072,-0.613454233304259,2.0
-0.7400685552271836,0.3330801112146968,-0.8303787104219444,-0.654074637659423,1.0
-0.9455311106731409,0.30464829742007593,-0.6578313334284143,-0.5821913178593165,0.0
-0.9625504519965271,0.32448157648708664,-0.6513728762750711,-0.6478373526730947,2.0
-0.9796737302302603,0.30912319485763523,-0.6280117579782576,-0.5467848508134455,1.0
-0.9083254529884734,0.3442241181262027,-0.7546245943821582,-0.5892743743439338,0.0
-0.8791844410093748,0.34836434009787864,-0.6977676395715584,-0.7141246142385731,2.0
-0.9553440220332817,0.32026730858530444,-0.7017850670691117,-0.5525592778458839,1.0
-0.9520156144184466,0.3089132992768374,-0.697253721590049,-0.5544649238111454,1.0
-0.6657840452970172,0.6063511252494189,-0.5851469495811319,-0.5310560339112511,0.0
-0.7142451016816405,0.29450097382791557,-0.8122873354934794,-0.5720006389469693,1.0
-0.8179701790739385,0.30773865425756475,-0.8238177888153911,-0.599045690188692,0.0
-0.9363931020439005,0.3695962816539,-0.7230903864799094,-0.6064162882459564,0.0
-0.9765778599305299,0.3233430619149327,-0.6227555020522654,-0.5964817247211018,0.0
-0.9265719727287544,0.3146018174660024,-0.7182575504469583,-0.666328910661778,2.0
-0.8174718187601828,0.38139777765578703,-0.8498103157695671,-0.5611377055107787,0.0
-0.9695993738917749,0.3453731335603317,-0.6105087614098906,-0.6680157605745508,2.0
-0.9831197397145824,0.31271608074729773,-0.632391526757086,-0.5311499046807958,1.0
-0.8941429131492866,0.3339458998393277,-0.8060838165424248,-0.5357168075068738,1.0
-0.9862719915130048,0.3097457207370019,-0.5778616592266541,-0.6281638713568783,2.0
-0.9871371719471258,0.28829752810406745,-0.5904745038649616,-0.5676867555152619,0.0
-0.9086479671739895,0.3651330474780099,-0.6735970084264714,-0.6888847692755327,2.0
-0.9499632389505597,0.36867160473366045,-0.703300722915431,-0.532034655509891,1.0
-0.9794762659745503,0.3211674104504851,-0.6364484418128334,-0.535387714389051,1.0
-0.9568331053266214,0.3261025163802711,-0.6143494220483912,-0.6948485083991416,2.0
-0.994397267870873,0.28186491390244056,-0.5771623103379816,-0.5448242518362931,1.0
-0.8306318430060028,0.27000692024517764,-0.7569279242955265,-0.622333493689965,1.0
-0.9580061439800376,0.3601902019851343,-0.6261275158332199,-0.6850595256188755,2.0
-0.9737268255870524,0.3297492755533947,-0.6449187439252926,-0.526699114908339,1.0
-0.9094618464633876,0.33452299744038094,-0.7879797630269761,-0.5560386746935645,1.0
-0.9717236696294443,0.2996473219543707,-0.6430718668769951,-0.5438211831816565,1.0
-0.972130735783114,0.32472327253963906,-0.6583681868024923,-0.54074834281279,1.0
-0.9144818822371271,0.3559561827740738,-0.814607973673449,-0.5389324307648945,1.0
-0.834660762399591,0.39880715899338864,-0.7610669967761348,-0.7248552919851063,2.0
-0.6618649073818608,0.7415771195953939,-0.26491991647247537,-0.4289590302397408,0.0
-0.8131515938861198,0.34243149963857905,-0.8861282179243387,-0.6036515918144355,1.0
-0.9827138195586966,0.3113239053014911,-0.6239544504029924,-0.5629362568900832,0.0
-0.9390034975510497,0.34971680770641295,-0.7078535408222378,-0.5948469174553305,0.0
-0.8331565313902694,0.37931131040848454,-0.7790926382337694,-0.5611356828011543,0.0
-0.8870164257631314,0.37456131471523274,-0.8937193535926073,-0.505708036138071,1.0
-0.9732115216797665,0.318194244343259,-0.6638510187687024,-0.527314768101392,1.0
-0.953061368137631,0.31912417642198193,-0.6092585060341276,-0.7140739760713766,2.0
-0.7521728687981805,0.2133620805383068,-0.8545745377553408,-0.7310033463017573,0.0
-0.8684219589909199,0.35494173641194393,-0.7737205432691104,-0.6675227211646202,2.0
-0.9793178233300074,0.3053657435386446,-0.594469947352726,-0.6622293742601089,2.0
-0.9548066803286898,0.34827047554354623,-0.6390956397590184,-0.6825776022955151,2.0
-0.9836764986658296,0.28352252916309834,-0.6068365244668752,-0.5618298845564779,1.0
-0.7959301030001431,0.2883073389175624,-0.8419144719608134,-0.5927631558337637,1.0
-0.9787324868965919,0.30120852492834427,-0.6345509661193669,-0.5503942778624729,0.0
-0.9690034794714298,0.34501175530279166,-0.6749917624512322,-0.5395734145871343,0.0
-0.9742983110839691,0.3303614363675363,-0.6024065857762257,-0.6544425321878738,2.0
-0.959662254519837,0.3526957034970133,-0.6747770473895102,-0.5125551150160252,1.0
-0.9833200543250064,0.30453807300805547,-0.6271205832390536,-0.5411212002269701,1.0
-0.9595317598308446,0.2993589192470405,-0.6727689582379581,-0.550428169496853,1.0
-0.9740123991897516,0.34066464395507573,-0.6129595781419879,-0.6357440145227236,0.0
-0.9355593047224212,0.35313163897823086,-0.7333227632379161,-0.5288821649275393,1.0
-0.9572712461409719,0.3187295769152192,-0.6111683217243196,-0.704123842625799,2.0
-0.9259186270158309,0.32198882142034885,-0.7613354117813793,-0.5333210796673888,1.0
-0.9546454086436972,0.3346165609496239,-0.7108135558427684,-0.524003652630289,1.0
-0.9326217711128747,0.3724652709427878,-0.7619436339463884,-0.5388763892580749,0.0
-0.6219951412220823,0.15747678452684896,-0.7624300535269497,-0.7140922068609442,0.0
-0.8667185090681457,0.3657269757099899,-0.8088115712693156,-0.5203780943553602,1.0
-0.9790806015374411,0.30196822591366435,-0.6341320153797234,-0.55588071321435,0.0
-0.970339006442494,0.31531650772828956,-0.6157537347212302,-0.6484960291625026,2.0
-0.9270570450438036,0.3782636227770288,-0.7363904675683496,-0.544416352887082,0.0
-0.9561747482767782,0.35046796665166996,-0.700221378587075,-0.5460785750531819,1.0
-0.38189664352502906,0.3984777872998573,-0.1771999024713098,-0.9186937776687034,2.0
-0.9825616516366719,0.29915376617687944,-0.6251323087322964,-0.5580840581329071,1.0
-0.9074250658416437,0.35470415086354146,-0.8051240382338776,-0.5400872997885982,1.0
-0.9906533446945998,0.3103486096505947,-0.560343605524971,-0.6227173728521719,2.0
-0.8440573640399555,0.3894051216923155,-0.6716936083068098,-0.7033327059524229,2.0
-0.6594626416581713,0.14707086535799327,-0.7659419259073719,-0.6262231630971538,1.0
-0.9741190223609116,0.33280496350714417,-0.6436070514706642,-0.5299933882754674,0.0
-0.9541695552020841,0.3414031616508128,-0.7283052145338011,-0.5414030560864287,1.0
-0.901720627765678,0.3564134348379702,-0.8081395741982862,-0.5318081149208006,1.0
-0.984047271325859,0.29806465878442456,-0.5984924539075378,-0.5510532129340256,0.0
-0.9683304052296702,0.31613956938763704,-0.6123795751146759,-0.6638467100847171,2.0
-0.6284519226702721,0.3345747832646319,-0.9316439909509332,-0.527136130757216,1.0
-0.9528359121799569,0.34411138085261717,-0.7124663531958072,-0.539680936010912,1.0
-0.7018085021397303,0.4731774239907905,-0.7240722094048679,-0.7156061442264047,2.0
-0.9680201435933233,0.34099106668559764,-0.6367624189165264,-0.6305420076313222,0.0
-0.5776544382758189,0.24769980109462064,-0.8022609477763851,-0.703083756169568,2.0
-0.9482479301541065,0.33046768462012793,-0.713304755510456,-0.5505400316786675,0.0
-0.94074020421742,0.3669037853379387,-0.6807627847091015,-0.6557240030224503,2.0
-0.9169790926086825,0.3592728120106081,-0.7044889065258645,-0.7185055673380889,2.0
-0.8194667287434512,0.3906114736822456,-0.8836516947397856,-0.45737161743281435,1.0
-0.9633967066378748,0.31959699167150474,-0.6743758270603178,-0.5398318597760426,1.0
-0.9595137912811454,0.30729659527669806,-0.6544788827978077,-0.5590498610504154,0.0
-0.8834326930672525,0.48198829174791835,-0.7109578340748087,-0.5269963997407505,1.0
-0.8154300753561061,0.33686184174391537,-0.8741194501675948,-0.5555033175781321,1.0
-0.9721490807219154,0.3200464148170962,-0.6554356811533576,-0.5362313672768197,1.0
-0.7206922734574107,0.3066296112598288,-0.920522220110271,-0.6354357606624365,1.0
-0.9430032468809197,0.34610701794823767,-0.7388610684232417,-0.5190105592515948,1.0
-0.9716333132741886,0.34609149534693356,-0.6723006456184424,-0.5332925277009477,1.0
-0.9003472189728452,0.3249511384886203,-0.720209304483314,-0.6762857092770386,2.0
-0.9259041180643557,0.33896033985142543,-0.7886129712960674,-0.5386127708455887,1.0
-0.9834661069366687,0.298680960431732,-0.5775425065538365,-0.6426388360367271,2.0
-0.9822858925440847,0.3142646811948419,-0.5861861985380225,-0.6258679702649755,2.0
-0.8188007280833741,0.3617892916203874,-0.863806710418132,-0.5697860415244328,0.0
-0.7859194668523639,0.32533584269375654,-0.7546460747235062,-0.6531726903256118,0.0
-0.976994444026515,0.32082589289930663,-0.6487919040780885,-0.5245252141215178,1.0
-0.9851628892135137,0.3085725196604726,-0.6280784239152383,-0.5396131004984743,1.0
-0.9185989214450959,0.36473023943118904,-0.6811555228752509,-0.7174857308192328,2.0
-0.9695630122427592,0.34370693201559355,-0.6624985623798681,-0.5412034720536789,0.0
-0.9728355668710512,0.3229871335699067,-0.6407011069873797,-0.5433414839270231,0.0
-0.9734847179125339,0.28330323989386197,-0.5805334976504857,-0.6741180020213776,2.0
-0.9890469413473599,0.30892653254411606,-0.5757915557276301,-0.628560927573214,2.0
-0.9458892174633181,0.37925410386637703,-0.7005859450468244,-0.5460787963151261,0.0
-0.9457832589521132,0.3339946523580014,-0.7168513182508696,-0.5536297306689281,0.0
-0.9720791197122436,0.3178036138986967,-0.6608306044060162,-0.5235919260584705,1.0
-0.9779341468221898,0.3177004361658121,-0.6322356532485255,-0.5730932176252936,0.0
-0.946645916870326,0.3209047895816359,-0.694950893750577,-0.5434050705088523,1.0
-0.8520465280313385,0.288513848748138,-0.6840505022288216,-0.7421488895209439,2.0
-0.9520943789836473,0.3916458748052184,-0.7114042859882411,-0.5498494877057514,0.0
-0.9716326992473119,0.3339989381538075,-0.6609281004446456,-0.5255095498552108,0.0
-0.7718954953463579,0.1979975957509049,-0.6126132832432173,-0.7752893024951557,2.0
-0.9748039046325554,0.3010218389403076,-0.6315554233790662,-0.5522705883473447,0.0
-0.9401499746761697,0.28313731295802297,-0.6701215699948346,-0.6081851341646256,0.0
-0.9767016289287738,0.30367844332317545,-0.5853105583516676,-0.6545097240367153,2.0
-0.9188944561661363,0.3248688612230621,-0.7659692012703745,-0.5821150811790001,1.0
-0.943827159658641,0.37356909872414296,-0.6538433674103352,-0.675931182269394,2.0
-0.80377831808752,0.3592994471708999,-0.8462671468742442,-0.5538745776725496,1.0
-0.9746146150618089,0.3174644848494902,-0.6631607752868117,-0.5363774750672458,1.0
-0.8018120254183151,0.4580949008073727,-0.6233066244161973,-0.7670856748751637,2.0
-0.9441352968414611,0.3776808687143498,-0.6769443724419295,-0.5748632128340403,0.0
-0.9601051866330819,0.3639378025885603,-0.7173379931789536,-0.5280887112909571,0.0
-0.9782197478235708,0.31554331482835657,-0.5755593689156153,-0.6421615033874779,2.0
-0.9364486495124276,0.3717710663264801,-0.6922966823165482,-0.6504569623362677,2.0
-0.8417534147890778,0.34725562723759396,-0.8594003040246566,-0.5784073125234441,1.0
-0.9678369266193398,0.3335517217681084,-0.6169841111871677,-0.6621791572553928,2.0
-0.966249149709645,0.34617809462128163,-0.6422493517499893,-0.621285854923545,0.0
-0.9831745687321752,0.29744870231328335,-0.5786777864141529,-0.6601279307192469,2.0
-0.9488614084201045,0.35359141909845443,-0.715554672537723,-0.5258851595483123,1.0
-0.8792004843122162,0.28654205089151086,-0.7787948635623753,-0.6678089399221816,0.0
-0.9846845873039558,0.31211325225698894,-0.5913897654401461,-0.5946042331477274,0.0
-0.9320320448041777,0.29660205003238393,-0.6721437656012254,-0.6914824238733354,2.0
-0.9856213944907368,0.2946805037459418,-0.6124151924649768,-0.5389177042899582,1.0
-0.9526908846352335,0.3492750147646308,-0.6998642525886061,-0.5549418282536801,0.0
-0.9895784141648646,0.3022023465186454,-0.5554018147018571,-0.6408805068530445,2.0
-0.9492984053287081,0.3431478630493298,-0.6691328608208577,-0.6310608574639107,2.0
-0.8518919599391339,0.2721481975689504,-0.7754401254829604,-0.6068962602585366,1.0
-0.9317574142534761,0.34686218319685125,-0.7654440387894408,-0.5428695766849032,1.0
-0.9410370350796138,0.34451903635357983,-0.7274938073043723,-0.5428690347335487,1.0
-0.8901860338843509,0.3762499721061855,-0.7259447594257087,-0.5773307276173937,1.0
-0.9857691764425967,0.30396748641853266,-0.5991670914176751,-0.5627308802475538,0.0
-0.9793473787711434,0.3100517661544929,-0.6358480892431306,-0.5230320846039364,1.0
-0.866650823464688,0.37912404941204186,-0.8669253723443795,-0.5093281109623824,1.0
-0.9426610610585722,0.3532314825971075,-0.7190219434794947,-0.6442614474788925,2.0
-0.9470367729000476,0.31977323543571,-0.7123366209376517,-0.5657625258865407,0.0
-0.9225599767687596,0.3928353611106913,-0.7016519966144674,-0.6822491648095714,2.0
-0.48960289848459543,0.7992288898038941,-0.4734322151039274,-0.3595784868490287,2.0
-0.8282576909305169,0.2721093562340936,-0.7767792204585213,-0.6189006853805106,1.0
-0.9343350566316878,0.3670170456447627,-0.6702979412244435,-0.6653184940637039,2.0
-0.9662110091418668,0.32819283987118597,-0.6183315127405179,-0.6352084237746698,2.0
-0.9738567993544139,0.3129612040182707,-0.6552669020503218,-0.5361324856263215,1.0
-0.9858168139982615,0.3079622471131149,-0.607468933985763,-0.550234188956769,0.0
-0.9838411546783642,0.32973387109263225,-0.6239210661362935,-0.527153402647679,0.0
-0.9849638490337054,0.31463166345333143,-0.5962113343908108,-0.6135616533651987,2.0
-0.8523067552475344,0.4130814710655129,-0.8442278549320477,-0.557515765038607,1.0
-0.873125177434341,0.3842507862247818,-0.7826400969340775,-0.5156481477928759,0.0
-0.8352670471543497,0.4378020096244647,-0.7741753994787252,-0.5507450640244508,0.0
-0.8347045976781219,0.2653836050184878,-0.7613290865829548,-0.6370296313844057,0.0
-0.9473195374067703,0.3276398521304217,-0.6758777745531385,-0.6142176133536749,2.0
-0.9744669925293532,0.3393562379540686,-0.6671905947710871,-0.5167662194682635,1.0
-0.9266447745628683,0.2631712901565528,-0.6701531231700356,-0.701019383589871,2.0
-0.9592646595262644,0.3244616528785982,-0.6060919069089667,-0.6902250166226247,2.0
-0.9534847188117193,0.34720012083311075,-0.6913471374758451,-0.51622561582698,1.0
-0.9625196110517945,0.3144189350436966,-0.6731577083108818,-0.5454132487624345,1.0
-0.971596961350499,0.3480967986138022,-0.6528758719097152,-0.5377027937765103,0.0
-0.9369821187695622,0.3714735913272809,-0.669310639759306,-0.6456314561767964,2.0
-0.8307708899713767,0.4829289641463015,-0.7367569375514937,-0.6412394680684965,2.0
-0.9643740082752376,0.31402040218474647,-0.6564000617282735,-0.5708180356218302,0.0
-0.9781728716359467,0.3293863173036816,-0.6430257506929141,-0.5196963675251276,1.0
-0.9419506061544742,0.31016144164912507,-0.7228765085796416,-0.5501553561671232,1.0
-0.9859006503276176,0.30612035964157785,-0.5853545591967526,-0.630359944013204,2.0
-0.949605122539205,0.2938597113560156,-0.6518443924415163,-0.6171324115597199,0.0
-0.8403939687632237,0.2946692199628995,-0.77658533681391,-0.7647246728606576,2.0
-0.9362350606095771,0.3434966026813825,-0.7110451916260919,-0.524470837563094,1.0
-0.9830309633985201,0.28147367374815163,-0.5588115071844997,-0.6583856872352205,2.0
-0.9267505448717513,0.3091167670328829,-0.6680168791874239,-0.7274631148475058,2.0
-0.8660334621873521,0.4104920140794898,-0.7537639436730885,-0.6240518316331377,2.0
-0.8505532322531112,0.3467234573273856,-0.8151891866521587,-0.6025724655838297,0.0
-0.9753039402790754,0.28170907102488696,-0.5701262153034654,-0.665278617554084,2.0
-0.9834770174854439,0.3041642190139932,-0.6217487014162215,-0.5546299771873708,0.0
-0.9487079032844602,0.3164970433699121,-0.7204527533782629,-0.549572894007583,1.0
-0.9938420609953789,0.28750408402621197,-0.5654914618512396,-0.5641367583615393,0.0
-0.9956260062475492,0.2884584677935403,-0.5599553725085119,-0.5735237380795205,0.0
-0.8641707284232484,0.3266274086047108,-0.8390788852210362,-0.520602590208445,1.0
-0.8751787391917154,0.30638171400945957,-0.7904156332682393,-0.6259302520653628,0.0
-0.6445599882687061,0.3244071568836029,-0.8287358025488808,-0.5962017226519085,0.0
-0.9788309959153063,0.31401918625219866,-0.619608111145184,-0.5561408662067148,0.0
-0.9670822041778038,0.29615386757542966,-0.6501492539642155,-0.5375799909713908,1.0
-0.9395893057405036,0.3349609391517671,-0.7009803194886528,-0.6345587910203198,2.0
-0.9419520769070153,0.3704614696649281,-0.6946656143975976,-0.6407777008826341,2.0
-0.9323533181983037,0.3334250562044218,-0.7060665846237705,-0.6528139445834177,2.0
-0.8510295264721297,0.32063539854476986,-0.8766606272467168,-0.520936177803095,1.0
-0.9543790282686653,0.3230791705896585,-0.6544132682348163,-0.6196587244510161,2.0
-0.8674776054543023,0.30911707247341597,-0.8254111724103983,-0.5878980561573881,1.0
-0.9563934209925967,0.32730984377566014,-0.6880758800166743,-0.5142468505472649,1.0
-0.7557112099177498,0.3385529990974076,-0.8962550081493007,-0.5328300636276102,1.0
-0.9228438556024268,0.3423569453804891,-0.7809051171865585,-0.5181290616719616,1.0
-0.9849429706527905,0.3075131861082018,-0.5995505253308749,-0.551496215257898,1.0
-0.8992962628255534,0.33511893352484357,-0.7339548700783818,-0.5791410452858192,1.0
-0.9069058126329729,0.37287343252994604,-0.7799647856086172,-0.6494006831485954,2.0
-0.8491809681647624,0.3682268234200206,-0.8475322467954546,-0.5591292698355482,0.0
-0.8243852127881057,0.3687277768970159,-0.8566282705731648,-0.5754105224154513,0.0
-0.9868943171627715,0.308376234665311,-0.6054832649900226,-0.5543728634628744,0.0
-0.7880957306464533,0.45102807142112156,-0.5449347712273731,-0.7965288145574787,2.0
-0.8595997169803027,0.40441705586972043,-0.755600141682224,-0.6915917100531307,2.0
-0.7840422816372492,0.48336174272487176,-0.7892146508733527,-0.5032787183268663,0.0
-0.9076310688392102,0.33068013483159503,-0.7698022963377591,-0.5389229204237209,1.0
-0.9171299989599732,0.3700044281617602,-0.7705485135848169,-0.5363133594915348,1.0
-0.9121252235456403,0.30473384798447045,-0.7259436249868568,-0.6634989196622233,2.0
-0.9364464134783921,0.3434001126729718,-0.7496385114835524,-0.5124532737936776,1.0
-0.9916451437534076,0.30376123700878205,-0.5542802857892417,-0.6293942431315794,2.0
-0.9674883192105874,0.3316438097256716,-0.6317933420176556,-0.6198710875152671,2.0
-0.9514224535309423,0.36756159024333784,-0.6687650277646366,-0.5972595700362298,0.0
-0.962594475656585,0.3071511240385071,-0.6398629383993341,-0.6394497793322642,2.0
-0.9704295241084874,0.3171439289104973,-0.6527517887701068,-0.5416463176272239,0.0
-0.9817055069244756,0.322369114862005,-0.6198049858825696,-0.5382822850648435,0.0
-0.9709145546033067,0.35328420343633155,-0.6610134420276906,-0.5521535097628062,0.0
-0.9895652129734506,0.30061743495958215,-0.5842408007173442,-0.5456077501825171,1.0
-0.9551561339658294,0.33675818275603003,-0.6223014789588589,-0.6752982242283253,2.0
-0.9911916274320627,0.2844317819738354,-0.5620215063691097,-0.5943769744647521,0.0
-0.9237248740997815,0.32777765817034904,-0.7154150067458691,-0.6520026648936145,2.0
-0.9582343132846964,0.32682880742963527,-0.67227149543059,-0.5644812593488099,0.0
-0.7812585303326516,0.32206879150107337,-0.9142400315311112,-0.5266119058496738,1.0
-0.9627798507271454,0.3589229167779651,-0.6633860980975712,-0.6250420505855988,2.0
-0.8365084242075388,0.3194717707476522,-0.8832864885064995,-0.554260980803247,1.0
-0.984290042390765,0.31467060764219995,-0.6192759852127013,-0.5506356837308906,0.0
-0.9623182157587471,0.32278160012161206,-0.6698584623670328,-0.5685927255953857,0.0
-0.9702436227025313,0.2872499209987071,-0.6286712321828484,-0.5558489695444839,0.0
-0.9440008300067211,0.3877681513733886,-0.755488127498976,-0.5108649083250685,1.0
-0.9281015864378334,0.41893296115128364,-0.6875468067902492,-0.6397843149227048,0.0
-0.9798585054042459,0.3337135238946974,-0.6362652593750534,-0.5208978948244924,1.0
-0.9679877215756106,0.35808558817529446,-0.666602930911042,-0.5135189740310976,0.0
-0.9520882307330215,0.3398761002148089,-0.7114849494094205,-0.5183862544328727,1.0
-0.9786403897871452,0.3314750735273962,-0.6299583825853949,-0.528152305850651,0.0
-0.9201442519745073,0.3293343662215821,-0.7185502703297187,-0.6697880351167217,2.0
-0.9503180718269799,0.36861806887519893,-0.6636708870557146,-0.6317833065806976,2.0
-0.8512409726859911,0.375731223768481,-0.8204398295938051,-0.5290271555456164,1.0
-0.3503850226730142,0.03040539331552239,-0.7255366430024542,-0.5647777547642586,1.0
-0.924034354373348,0.3757525779486131,-0.7576772982045957,-0.5174285296059818,1.0
-0.9661549283398505,0.30021079932459555,-0.6569061917290403,-0.5589922588228895,0.0
-0.9692232149070221,0.3400868048627384,-0.6545171445539202,-0.5374007672676883,1.0
-0.9444782763191332,0.34738862952396343,-0.7102140805276564,-0.5223149772193338,1.0
-0.7441589381825349,0.3982967055630571,-0.8511161212738396,-0.6238231328720943,2.0
-0.9431769715764411,0.35648990857440915,-0.7008328935043383,-0.5910737440624462,0.0
-0.9604266143267127,0.33864662081715896,-0.6648234554424663,-0.6089021341356426,0.0
-0.9273138554126349,0.3649808871248136,-0.7610821831122611,-0.5268242601608623,0.0
-0.7898503516464543,0.34262540761426596,-0.8632746040520067,-0.5905029335118652,1.0
-0.9415449055432971,0.38120225486402326,-0.682888756668581,-0.6687832155162978,2.0
-0.9723431139228783,0.31565232369737356,-0.6548478129287496,-0.5217614662754805,1.0
-0.9799809326758931,0.3360192193784059,-0.6447281863149327,-0.5270870212138112,0.0
-0.8647920876379774,0.38737445737553144,-0.81497295431679,-0.5163066430677458,0.0
-0.91510525116852,0.377480847431156,-0.7854672490344954,-0.5525634560786294,0.0
-0.9543703925156984,0.3670211908102614,-0.6586121614238355,-0.6650433662735626,2.0
-0.9422536119015967,0.29116106173064665,-0.6567291293128794,-0.6609714706116996,2.0
-0.8946647874516935,0.29521189465003794,-0.7599661791371155,-0.6000682418892668,0.0
-0.9665425864739897,0.3227150008458732,-0.6349432220951444,-0.6231630250349314,2.0
-0.8854487450322598,0.4349236347582145,-0.7893949934868593,-0.6157454805031425,0.0
-0.9784975658029788,0.3099788918758208,-0.5986294070790513,-0.6380348843217787,2.0
-0.9766778341931416,0.31498814677042614,-0.5984819909380635,-0.62976830213966,2.0
-0.8574289451180961,0.3917884506075423,-0.821806171738396,-0.5742446881532091,0.0
-0.9531971965317637,0.3460395950240966,-0.6985010712705194,-0.5267936813045745,0.0
-0.9833609094183771,0.2846576337397217,-0.55762928078165,-0.6580584641056422,2.0
-0.9658438008838075,0.3263057686590523,-0.6959347527109213,-0.5078352504052971,1.0
-0.950579543029384,0.3404793465875532,-0.7098288204733877,-0.5241580861663344,0.0
-0.9921630428366702,0.3015791098500627,-0.5559469747700899,-0.6129414966169395,0.0
-0.8389120693386717,0.3188248270946813,-0.849521082086253,-0.58256597742454,0.0
-0.9443606632402942,0.35402665124677746,-0.724571288586232,-0.5213034545698443,1.0
-0.9488880268161402,0.3123149581037785,-0.6722133910472359,-0.6430470624308734,2.0
-0.9115068685262477,0.4258810689359461,-0.7135094068639901,-0.6476449464070915,0.0
-0.932720119041684,0.39687104888862507,-0.7161542885335874,-0.5547268614647507,0.0
-0.9914814913775716,0.3015435279948111,-0.5620853714514689,-0.5884430655106909,0.0
-0.9825237153389643,0.3291683846330344,-0.6452435031419219,-0.5362798180154416,1.0
-0.9145224199660283,0.3675633798854817,-0.813989998938259,-0.5195963783077279,1.0
-0.9755958106537812,0.35053218893591415,-0.6217012694702407,-0.6332991713573939,2.0
-0.9590729753608598,0.31681690532903806,-0.7193456334043021,-0.5417756652011279,1.0
-0.9767864803295523,0.32402063423411487,-0.5968503776762675,-0.6514919172046152,2.0
-0.9819328214538778,0.30732037478076596,-0.5684267701790875,-0.6506125176807289,2.0
-0.8450491697622643,0.2853499743572965,-0.780632029132814,-0.6271566817286763,0.0
-0.9416524125779614,0.3288268137455563,-0.741916218525419,-0.5292690273429879,1.0
-0.9306181187939973,0.39401949390942187,-0.7094745199677723,-0.5912934703041619,0.0
-0.9759543570163518,0.31729202773942267,-0.6285639395290401,-0.5918470825298441,0.0
-0.9659381602609938,0.3183441654481469,-0.6796693112937837,-0.5220009558663985,1.0
-0.9805095041702565,0.3254290441742255,-0.6321890976390393,-0.5296122161438462,0.0
-0.9614084543260834,0.30137685672604025,-0.630092293329572,-0.6453438345196922,2.0
-0.8396472456191592,0.45609870790703444,-0.7114252927978967,-0.6448589309880136,2.0
-0.9721311617791096,0.32352558003289567,-0.6737652879585765,-0.5440093457530015,0.0
-0.9797720775524039,0.3270330928449859,-0.6477908506358011,-0.5141659643792398,1.0
-0.9500809172239759,0.34011901568875996,-0.6226138042614873,-0.6957732543495532,2.0
-0.9925582476737131,0.2957581889347863,-0.5887772054629616,-0.5462666328644906,1.0
-0.9572225295739213,0.33358993615524574,-0.6916758033264364,-0.5190705062675977,1.0
-0.9468069821932539,0.36116851491352187,-0.7146763515742584,-0.6293065681925404,2.0
-0.9593709414627027,0.3604939272510997,-0.7051018460943557,-0.5246212351805526,1.0
-0.9162055203588053,0.33616442889668186,-0.7849025104330096,-0.5752494049621425,0.0
-0.9752989179341602,0.28420935014419596,-0.5706632697217751,-0.6715944892549895,2.0
-0.9560929580640934,0.3540807451237946,-0.7232567047009798,-0.5142307285756378,0.0
-0.9599600092575173,0.29150449715488597,-0.5803752389571569,-0.6918476512622536,2.0
-0.9666961149477533,0.3145039027704099,-0.6633551929293486,-0.571418256777267,0.0
-0.706781685608286,0.2768555041483073,-0.8233782334378814,-0.6850230504742247,1.0
-0.9741433653734248,0.30860937374473324,-0.6296117820764728,-0.5499277396259774,1.0
-0.956220881006033,0.32688359326798144,-0.6985871149689747,-0.534262221087485,1.0
-0.8173455843319386,0.36041198747966224,-0.8961207027667758,-0.5616364808221,1.0
-0.9709104313617357,0.33208845170862766,-0.6817955815594148,-0.5300579357644597,1.0
-0.9705182304336863,0.3019237356478189,-0.6554492594247934,-0.5354584055732873,1.0
-0.9192634874098361,0.35191500872474263,-0.754796560198154,-0.5441961779374302,0.0
-0.46678126400957726,0.09371645520054736,-0.7197019679759092,-0.6206594993277925,1.0
-0.979127206750376,0.3032807711860425,-0.5733069035629019,-0.6694485632690879,2.0
-0.9816058264156107,0.3269728665228576,-0.6141743837470751,-0.5639330727061,0.0
-0.9830078459609135,0.2999430811282102,-0.6115818858197133,-0.5573089824738064,0.0
-0.8079971716168363,0.2864127268384455,-0.838257284569393,-0.6484684179138505,0.0
-0.932663402083082,0.3136187849984741,-0.6794820065752653,-0.6462776366057132,2.0
-0.9831275772988046,0.30638044705178574,-0.6301389594273193,-0.5316057334508411,0.0
-0.9582936601628772,0.3545346081722502,-0.6759908527610693,-0.5905202849574238,2.0
-0.9642085927746041,0.339602403488661,-0.6778407028835062,-0.5527900332789721,1.0
-0.611516982575077,0.45993590631753345,-0.43059966959426793,-0.7826479713838708,2.0
-0.9845338417797047,0.28827280076744843,-0.5787993193948081,-0.5986808976016575,0.0
-0.7862455998017852,0.33613801683546396,-0.8824999458622902,-0.5742697027168404,1.0
-0.6776947201151329,0.3191755885418083,-0.7729299865993693,-0.7955640028946694,2.0
-0.6867592448281264,0.6066033415317879,-0.33329254622891097,-0.5724337331756394,0.0
-0.9663509902803898,0.3312624221659116,-0.6763626750509465,-0.5290648602879114,1.0
-0.9794431483920023,0.29487080902994417,-0.6296702816219335,-0.5541839612565992,1.0
-0.9491776088019503,0.33527511065744675,-0.7109529276971701,-0.5386827197815129,1.0
-0.9595698230182723,0.3594820269518857,-0.6548388878018218,-0.6513189454178345,2.0
-0.9828056660792838,0.30960749133018384,-0.605453433676457,-0.5691398941123371,0.0
-0.9583102454113431,0.34049467988638443,-0.6873308229919051,-0.5418325467141542,0.0
-0.9787846163217419,0.3288980974829392,-0.6020618349439798,-0.6515246099374706,2.0
-0.8328637517915202,0.33201332475421846,-0.8005311067052344,-0.5927551148467326,0.0
-0.9641162290853872,0.35325941977174813,-0.6492535910494348,-0.639774531062783,2.0
-0.9816589748941418,0.2919096401949127,-0.5777557126747223,-0.5784105728411576,0.0
-0.976039185886823,0.30931497760584886,-0.5884720749415513,-0.6664838106690425,2.0
-0.9239754082507232,0.2790537910474673,-0.626188815607379,-0.72796711306178,2.0
-0.8847821738726388,0.4595128086834662,-0.7024240979647417,-0.49026324649144504,1.0
-0.6565256457136666,0.5071795100830115,-0.7509599949074737,-0.5959559300012142,0.0
-0.8816065174770121,0.4308809006247617,-0.698260439761374,-0.7058192624938614,2.0
-0.8744457620170603,0.3705989456561997,-0.828946260947628,-0.5691740379997975,0.0
-0.827524414408453,0.3223749915651263,-0.8756934857405534,-0.5264474270373188,1.0
-0.9800940419540289,0.31377641719694266,-0.6258819023808325,-0.5260319365676653,1.0
-0.8160037483903129,0.43484409114713685,-0.852245785130801,-0.5439974753834139,2.0
-0.9649571085437479,0.3250343951201877,-0.6814948912121979,-0.5492125328936645,0.0
-0.9754280976431373,0.32675553690221343,-0.5927234483596812,-0.6674377080109113,2.0
-0.5355968243271628,0.44503285804613985,-0.4963251684361866,-0.32517620416257625,0.0
-0.8433707664725645,0.5019666914779625,-0.7293447596511642,-0.5871688513988683,0.0
-0.777179486315453,0.3427389238186289,-0.8556317566811098,-0.765004517978612,2.0
-0.979447307871536,0.3204096400331935,-0.6148539047146883,-0.5843348601328127,0.0
-0.9359920999672917,0.3719021088645088,-0.7284752691761183,-0.5931295673933794,0.0
-0.8902261095936863,0.4256739804663482,-0.6975175868764445,-0.6870430608456398,2.0
-0.9655555752011207,0.32677618075652176,-0.6052343262558666,-0.6700167565372442,2.0
-0.9727657867223706,0.3328927084920457,-0.6554488099293819,-0.5345194516480469,1.0
-0.9478645940098104,0.3549473208993574,-0.7352433567250529,-0.5064394183166434,1.0
-0.9811525467199395,0.2921143333968738,-0.5784034339354112,-0.6340612899792373,2.0
-0.9161196636180522,0.40003167474849965,-0.6756043438530736,-0.6840155274907526,2.0
-0.9758674356530574,0.3157103369966401,-0.611683867686768,-0.5798620897254089,0.0
-0.9451376776522284,0.328587323278602,-0.7054964221363377,-0.5579283873954745,1.0
-0.9310912443207507,0.3427424786384247,-0.7423677091490566,-0.5621045133307051,1.0
-0.9456838638938934,0.372476397655402,-0.664083643087768,-0.6657516051322685,2.0
-0.9724545693137349,0.32690342067827466,-0.6465030172688728,-0.5531864906365019,0.0
-0.9259288804223531,0.40345531388616845,-0.696589979109123,-0.6392401439511178,2.0
-0.9857389380456473,0.30161518008685495,-0.5702003261357034,-0.641737010556486,2.0
-0.9814222926676549,0.31617033832238733,-0.5791985950007417,-0.6312838831389747,2.0
-0.9850071016827489,0.31802002756339165,-0.57929878129043,-0.6378535491217402,2.0
-0.9734577016322356,0.2829174257629736,-0.5869417455988614,-0.6609089897283856,2.0
-0.8608361333398875,0.30918107516862725,-0.7268985798584071,-0.7415917269971151,2.0
-0.9533723113993244,0.345849032008531,-0.7069634972405688,-0.5425774186215762,1.0
-0.9690208425194259,0.32073893775969897,-0.6573845037651497,-0.5352247942985199,0.0
-0.9398902001154741,0.40865809501642053,-0.7100084597787182,-0.5516606625929155,0.0
-0.9189228941549675,0.39475442174579445,-0.7859676618994099,-0.5231441493812393,1.0
-0.688850691100743,0.2765197433476092,-0.8281101665003637,-0.6014777658900974,1.0
-0.7293876264392622,0.5442994220616463,-0.6641451116657978,-0.568225484418471,0.0
-0.9902393539233054,0.29477917728965397,-0.5386076033268122,-0.6399373803405745,2.0
-0.9641793405817286,0.32512042040255157,-0.6607050047587502,-0.5716368999519076,0.0
-0.9700168747643154,0.32212971603167984,-0.6532640446563281,-0.5639598313439446,0.0
-0.968335449174795,0.33788291931073944,-0.6654606975110425,-0.5617805894514256,0.0
-0.9105053254242399,0.3991519918121085,-0.7450780896655881,-0.538676882305038,1.0
-0.9666861342348172,0.3307846550040254,-0.6752924448906609,-0.5496773310824481,1.0
-0.9720459044845241,0.32765510000643394,-0.6128261485074291,-0.6343396186628187,2.0
-0.9339291301736331,0.3015947506005081,-0.7166706833526489,-0.5664436331501767,1.0
-0.7918572050519703,0.5019958180110936,-0.7199638767731995,-0.5020785438698684,1.0
-0.9736595306119433,0.32104333852281336,-0.6548807303909634,-0.5325274001296947,1.0
-0.9467877098727042,0.36734441072135654,-0.7114097597406405,-0.5774245251870677,0.0
-0.9035764599738622,0.30867587854647416,-0.7179820634649821,-0.6797353463809026,2.0
-0.9710195095551574,0.33929700179404215,-0.6753751786712366,-0.5184409276008147,1.0
-0.9618619321337828,0.3142369426743819,-0.6484523387800776,-0.6255112607994034,2.0
-0.9505498821213593,0.31985002158221226,-0.6984750591513977,-0.5548196182954109,0.0
-0.7167308184914547,0.6565499804468165,-0.39361433915452515,-0.3395509815102378,0.0
-0.9333219462242635,0.2967625138728627,-0.7106919614076509,-0.5944645579842714,0.0
-0.9614721639045334,0.32455832188883094,-0.6553852505868126,-0.6242888372992084,2.0
-0.9616246233451753,0.3063608785215437,-0.6711347251817142,-0.5284260175332391,1.0
-0.9893645651704416,0.2957522033200525,-0.5713524416876159,-0.6166163150469286,0.0
-0.8824459544274298,0.427511706913153,-0.765458959506633,-0.5462563385982654,0.0
-0.9443164937327642,0.34386093381964977,-0.6836036541597735,-0.5577390432083728,0.0
-0.972396445723002,0.33104208666949086,-0.6229439332609715,-0.6569801924241961,2.0
-0.9742847278827064,0.30492606038690295,-0.6273065323836531,-0.5363965838515917,1.0
-0.9360874301038297,0.3699768129349408,-0.755144985475007,-0.5329409870146389,1.0
-0.7825190223378955,0.549591228931765,-0.5502056850596739,-0.7949408738871632,2.0
-0.9732545669826843,0.3352362068263918,-0.645594881919235,-0.5348147684597432,1.0
-0.9244680557505696,0.35369264233428316,-0.7363120256481254,-0.6290099697604014,2.0
-0.9753456109852121,0.3130180347012209,-0.6392083828154372,-0.5274361251729415,1.0
-0.9041074494466853,0.2958655587844305,-0.7662669250256715,-0.5465858228678724,1.0
-0.966644310427022,0.345807863327862,-0.6613351097403115,-0.5230919881131947,1.0
-0.9543934275903596,0.3162438143801992,-0.6736803783323464,-0.6123808386743227,0.0
-0.9725678972532299,0.32728240492116384,-0.6426198951036457,-0.5825016728501098,0.0
-0.9758864062139178,0.3200448298550416,-0.650798702997113,-0.5306486851437591,1.0
-0.8269045612486582,0.34458104720824073,-0.6714585906817087,-0.7187667557251878,2.0
-0.982280317559054,0.31755187339020086,-0.6113722049971114,-0.5439095355678466,0.0
-0.8591799852635337,0.31733402416275047,-0.7393485617892289,-0.5333489166704057,1.0
-0.6994288430448824,0.39733594424312246,-0.8234322331395691,-0.6782391805217771,2.0
-0.7139035877952216,0.2502917351248155,-0.9205115276284661,-0.6312522561282596,1.0
-0.938230267569505,0.3821588361263724,-0.6839363718584773,-0.6642436958067993,2.0
-0.9684129297524804,0.3150076269213994,-0.6466714563814043,-0.6064040250042089,2.0
-0.8135501206963572,0.27168928003894904,-0.8518268420148907,-0.5240662541939356,1.0
-0.9338245735724969,0.327048682597714,-0.6805288905753358,-0.6094475056069882,0.0
-0.95288804567828,0.3618666704625753,-0.6462125142962669,-0.6291507608815364,2.0
-0.9565569045706401,0.32629308064280554,-0.6504636650166392,-0.6447716725464396,2.0
-0.9732700763423134,0.2916394289727434,-0.580376678040301,-0.6563449632534758,2.0
-0.9001798046316607,0.4186983761337075,-0.7352971207479371,-0.5013113759077162,0.0
-0.9633642535152832,0.3032444184389654,-0.6162731032052297,-0.6635640979349435,2.0
-0.9827183874740347,0.29586877547636603,-0.6085916131264839,-0.5910698220002477,0.0
-0.9205280092794697,0.37470761334857217,-0.7169905438843674,-0.631401064134046,0.0
-0.8011201500604807,0.40113937660679905,-0.8939119130858739,-0.5530884717177723,0.0
-0.7412686718704191,0.35763231054658656,-0.8725789071383132,-0.5628487473914768,1.0
-0.9643791429747797,0.3462870077423003,-0.6903809943992851,-0.5174489465797762,1.0
-0.9217934283868066,0.33879257027774035,-0.7250222189444174,-0.6481607148752067,2.0
-0.9647570168458427,0.34181565369915357,-0.6867878000882557,-0.5443583842614678,0.0
-0.9787938661207252,0.31482357842687797,-0.5987877807588171,-0.6507401657488707,2.0
-0.9553520753515699,0.33146601669685344,-0.696670151437288,-0.5454773413601719,1.0
-0.9066258977613109,0.2847828578607969,-0.7122306506559316,-0.6800659744961428,2.0
-0.9626503752076345,0.3374129439526166,-0.6396676439984279,-0.6684067959058351,2.0
-0.9579547911435662,0.33653837060527714,-0.6959129900658412,-0.538336349632683,1.0
-0.9730201345519596,0.26863426433506005,-0.6201890161363351,-0.5746639210387408,1.0
-0.9772231741609485,0.3035598860685896,-0.5979434466131579,-0.6187843490508236,2.0
-0.9854964067717492,0.33155754055834624,-0.6197365436492588,-0.5446811264067501,0.0
-0.9264486999563488,0.31664546890184475,-0.7234533678545508,-0.5655727765331585,0.0
-0.9729279376436205,0.33181394729902514,-0.6445426839637715,-0.5757667538298167,0.0
-0.9886156568308935,0.3084385778136931,-0.5652635138645039,-0.6282253432131619,2.0
-0.9036473825632234,0.3518908236064572,-0.7713844152080932,-0.6535440096879054,2.0
-0.9753467937051384,0.30697725036998663,-0.5950435462533328,-0.6539670729109218,2.0
-0.9059121868328759,0.33991993454961983,-0.7355029753569005,-0.6840523313735538,2.0
-0.957165953144334,0.2941093616167936,-0.636233392012079,-0.6700536006868745,2.0
-0.95236898831748,0.30928689263296305,-0.6178693268127258,-0.6725041753511257,2.0
-0.9212878177949105,0.3441918473333573,-0.7558465564546484,-0.5475765554397584,0.0
-0.9712390991229065,0.28039190597924163,-0.5830790445898465,-0.6625443462511248,2.0
-0.9662088619857047,0.31808710318123007,-0.663904961359946,-0.5440204784209269,0.0
-0.9120531805206561,0.3352878409303067,-0.777223342873983,-0.6211812642595578,0.0
-0.846915816470517,0.3227101192711962,-0.8533018018913461,-0.5532443607082679,1.0
-0.9652775833320473,0.28416082039013474,-0.6354801930200449,-0.5969613949729485,0.0
-0.8960748759543357,0.33838551510810216,-0.7974484402076122,-0.5529746501437832,1.0
-0.9456704359802843,0.36204416238045456,-0.6699523723087482,-0.6547243424833268,2.0
-0.9796749580173127,0.3221947383483151,-0.6217887435261049,-0.5718839544666285,0.0
-0.5048870187987411,0.5397211423426933,-0.3097633425860013,-0.30868177251071266,0.0
-0.9574982566276412,0.37539023974760727,-0.6899284936673575,-0.5004912157415353,1.0
-0.8345129017557503,0.40825480563165345,-0.7938523664149691,-0.5036372115276985,1.0
-0.9686204729335265,0.32228530504175207,-0.6665991121135482,-0.5382578747322538,0.0
-0.7060985012187956,0.20683611681640798,-0.7341003808794572,-0.6121743484463164,0.0
-0.9614412166746417,0.30165156262493686,-0.6499461097431318,-0.6310809476926974,0.0
-0.8009344166683259,0.2920162680379864,-0.7783264157794463,-0.6201157480281437,1.0
-0.9329691027299923,0.4079269578265974,-0.7251703176573202,-0.5211951306832572,0.0
-0.978206205900051,0.2971931940990715,-0.6158823658961387,-0.5772179496105099,0.0
-0.9373775021137759,0.3446126766713992,-0.7080026045757077,-0.6485758000626205,2.0
-0.9689474933047432,0.3462276492448146,-0.6453665425947704,-0.6224302363478742,0.0
-0.9835432656305583,0.31360180705018237,-0.6034869258302646,-0.6109264203274531,2.0
-0.981693366079908,0.30809727713590973,-0.6082233719092969,-0.5514058110007709,1.0
-0.9687324522844597,0.3398545519939495,-0.6692975065031036,-0.5329876633811659,1.0
-0.9640210832785641,0.34466685677364295,-0.6212025732334834,-0.6853021043367336,2.0
-0.9419733285369322,0.3476461707751598,-0.724644268112806,-0.5584184448022163,0.0
-0.9810721916147326,0.2800815197936104,-0.5914660904208277,-0.5711954665528955,0.0
-0.9875560442473943,0.31186884262702885,-0.5738555167924021,-0.6567393211614272,2.0
-0.9774607563732762,0.2788952859914088,-0.615126363485968,-0.5541157940340383,0.0
-0.9434239194589419,0.3632458111545915,-0.7239368616408784,-0.5310674712384392,1.0
-0.9738530368864485,0.3335935219951636,-0.6309377778870031,-0.5313511801000703,1.0
0.15140147330641895,1.0000000000000002,1.0,-0.8995515374268337,2.0
-0.9603966868849183,0.3171862827669743,-0.6427568089474596,-0.6444873234309227,2.0
-0.9747752240912243,0.3202408552737697,-0.6674148796080636,-0.5269991424459753,1.0
-0.8564701683193607,0.33721815338852656,-0.8217396288280161,-0.5139688524196049,1.0
-0.9771746568475147,0.2885265619840743,-0.5708015474344583,-0.6535337585563346,2.0
-0.9166262550308565,0.35501920762237743,-0.7836988168738978,-0.5212377382103544,1.0
-0.9884771251323012,0.2813570167629608,-0.5600810726244787,-0.6568913947096475,2.0
-0.9297314633995024,0.3101685038319951,-0.7455187434713261,-0.5215846574441312,1.0
-0.9358941099965156,0.3414894719761234,-0.6824749685827797,-0.6798559421539634,2.0
-0.9863570033746252,0.3067699075099548,-0.6191280585668346,-0.5361640402269616,1.0
-0.8950495348689728,0.3351010842463265,-0.7615817901187779,-0.5673382460159199,0.0
-0.9509175818825201,0.3833088765681009,-0.6574820430634881,-0.6720376319051768,2.0
-0.9883595474789573,0.3017850492993433,-0.5710987726295053,-0.6359064042120663,2.0
-0.8921917232094436,0.3590025956009595,-0.8522186771159831,-0.595581930779733,2.0
-0.9177749432155274,0.33614852205071555,-0.7529314888580759,-0.5558401568281924,0.0
-0.973088891350027,0.3354776263316156,-0.6626286519462592,-0.5174545893051589,1.0
-0.9824479282121847,0.3121493748810055,-0.5938014110523336,-0.6499802599713985,2.0
-0.5966817722432762,0.10732344839330224,-0.7773088699420848,-0.8149149133539667,2.0
-0.9090014200595807,0.4290156490111294,-0.7210397837069504,-0.6455326792264562,2.0
-0.9423681580512556,0.3532821236431869,-0.7127761427886555,-0.621626499187407,2.0
-0.966264245175391,0.32111382871758026,-0.6735202209123152,-0.529405214078948,1.0
-0.9400925754716339,0.3754995026407617,-0.7165836738394212,-0.5556742884414565,0.0
-0.9767318750888228,0.32292483442487696,-0.6637331835484565,-0.520192451954506,1.0
-0.8978399950538862,0.325882130090673,-0.7722792690365832,-0.5969258312230836,0.0
-0.9871986059426001,0.30504821136949317,-0.593583845465883,-0.5877674173802588,0.0
-0.9532389796993115,0.34031681688554183,-0.6638380863897855,-0.6433956469174932,2.0
-0.9763802671707297,0.32009447621878123,-0.5964867896815742,-0.6531802178820172,2.0
-0.8893588485610511,0.3133584526773509,-0.7718963868805049,-0.563703223612717,1.0
-0.9784198528717881,0.286718375623626,-0.6139272990319982,-0.5556862549141646,0.0
-0.9211296623502324,0.40108869834052835,-0.7214520984104104,-0.6671015216921898,2.0
-0.9729293956378983,0.3274932113660054,-0.6582915277662598,-0.5359290426169173,1.0
-0.8952877858419895,0.41291310989663266,-0.7826495649619145,-0.5188306578954471,1.0
-0.9291480907737687,0.3784656407603297,-0.7350825956238025,-0.5533992589175618,0.0
-0.9058150105959518,0.28357415072558667,-0.6670178135266605,-0.6828801052778454,2.0
-0.8700300321991628,0.40866600227193206,-0.762462365519626,-0.6005645452159508,0.0
-0.8969439648136843,0.4119250473205452,-0.6783666375311355,-0.7029419270612302,2.0
-0.9685813902595564,0.33541176156634406,-0.5946319001141407,-0.6299068761716862,2.0
-0.9496859709926982,0.3183373751754902,-0.664754633967068,-0.5406342163781162,1.0
-0.6811651103258386,0.38282867139825266,-1.0,-0.4741665329839776,0.0
-0.9655199926810061,0.30641224935971645,-0.6497146091034444,-0.5930319888780392,0.0
-0.6938289268800494,0.5406258650027543,-0.5322886090055582,-0.8792445552786292,2.0
-0.9816503352363836,0.31880106902684313,-0.6411268896384115,-0.5355692010835205,0.0
-0.9169719501418611,0.3294351627441807,-0.7724599846707131,-0.564847803482303,1.0
-0.978247519866993,0.3141642974137185,-0.6464266397443055,-0.5456578559746712,1.0
-0.6169390550249008,0.30136009111161044,-0.8311455796575629,-0.6273461309792687,1.0
-0.8724167875546054,0.48585727466279893,-0.6804952788055015,-0.49520131025700354,0.0
-0.9771133461958517,0.3226970768831924,-0.6159760581855436,-0.5985607788709838,0.0
-0.7492028697221931,0.3573910163911531,-0.8537620597462799,-0.7182872239731674,2.0
-0.5468665198986595,0.109099862807957,-0.9186813261258159,-0.5859688090224613,1.0
-0.9684056248255812,0.32168882153696965,-0.6753819871928834,-0.5290225655724311,1.0
-0.9911497428643272,0.2936824829969417,-0.5814412546015609,-0.5342805292843025,0.0
-0.9453396098232025,0.2925450587765475,-0.6311210055348937,-0.698765763166764,2.0
-0.9723168954638953,0.3080066886767878,-0.6119209440128949,-0.6445068869793333,2.0
-0.9355937189256234,0.3447869162181816,-0.7361348900754436,-0.5535000281650019,0.0
-0.9537923233801541,0.3673765105391043,-0.6650194137103275,-0.5745203528972275,0.0
-0.9828954661267354,0.3068958478976368,-0.6261869828701486,-0.5398098331779294,1.0
-0.9663068907327718,0.36048006489566364,-0.653558564578763,-0.5381357904915121,0.0
-0.9412529805810417,0.40282886430953724,-0.6944988916581333,-0.6506218464177058,2.0
-0.9734275400876103,0.33906635229424065,-0.6453853988357514,-0.534630164404907,1.0
-0.9557200245490857,0.32624927507622337,-0.644384313787631,-0.6440875553926028,0.0
-0.9666040701051486,0.3331663451238659,-0.6256378940347622,-0.6525556109775029,2.0
-0.961612543905003,0.3175616711999723,-0.6727190071053389,-0.5306392811908632,0.0
-0.8389051230336968,0.4381227164522331,-0.8107826265242398,-0.5188636259445818,1.0
-0.9771678253565623,0.31505397674765745,-0.6521945334357708,-0.5282600412108368,1.0
-0.949874226345822,0.36132255383837303,-0.721901820682799,-0.5316665934618752,1.0
-0.8728276551113846,0.3787859480455752,-0.7861430129877329,-0.5556764178237042,1.0
-0.7932606818235008,0.3729449384368988,-0.8361219850424053,-0.5992061426376745,0.0
-0.8891432224226512,0.40451241236576385,-0.7223348629233165,-0.667657470610049,2.0
-0.9748979228163545,0.30184813477529504,-0.6066437003345494,-0.6428443657930316,2.0
-0.9256387736297071,0.3552954817523803,-0.6834634800692192,-0.6233431876436709,2.0
-0.9703274756325997,0.30122990871435884,-0.6535132295236207,-0.5440615307676456,0.0
-0.9807823041158864,0.3001907170056562,-0.5870028636828128,-0.6287347962303544,2.0
-0.9844302152551354,0.31512487629374064,-0.5835732807086007,-0.6301823064848726,2.0
-0.9890754201008568,0.3175888357978281,-0.5786878538259739,-0.6032083663923228,2.0
-0.8865383187013204,0.4217626387185367,-0.7851974634685703,-0.5241019728024872,0.0
-0.9065568831999808,0.3960392565094184,-0.7481129074981363,-0.5287662834240884,1.0
-0.9435226293510723,0.3268824545323987,-0.7552898107596098,-0.5432035498634028,1.0
-0.9860336214606618,0.27681292829097703,-0.555372944066865,-0.6593587428549977,2.0
-0.9403999589097081,0.38245399515506595,-0.6947445841569557,-0.5378006401976917,0.0
-0.9697423372430549,0.3187635008815,-0.592426214514684,-0.6902524812656614,2.0
-0.977861351286714,0.322512737138909,-0.6552531921407433,-0.5288822487191714,1.0
-0.9504435319077568,0.36314460056054176,-0.7344675605100653,-0.5155368779747204,1.0
-0.9674384109037145,0.3522498786709647,-0.5967514241012567,-0.6774234820211839,2.0
-0.9053117856465287,0.3061216639858436,-0.7200296117681717,-0.6113885623978894,0.0
-0.9612934683146466,0.3601164632690463,-0.6907763900378155,-0.5078389579505779,1.0
-0.7622140235283296,0.2767928832029412,-0.7420565437567237,-0.713451304245865,2.0
-0.9809491131429638,0.2950451369777618,-0.6262894141481471,-0.5587313625989646,0.0
-0.980690579272606,0.3318329724063991,-0.6427378435098117,-0.5299939355398384,0.0
-0.933018188972956,0.32402127338575243,-0.6541211583587611,-0.7160028719912062,2.0
-0.9348910156635907,0.3436266025650342,-0.7268337534252124,-0.5491979939099203,1.0
-0.9863776268577515,0.3094161924870362,-0.5826857381899858,-0.5902720880469041,0.0
-0.9545789423449255,0.36332991522661157,-0.6874816832194016,-0.547332764691875,1.0
-0.9873337266854056,0.30749495467991866,-0.6010360134175485,-0.5322286872005375,1.0
-0.974889514512083,0.3205233894734781,-0.6491015286742511,-0.5733692308483291,2.0
-0.7434580491390939,0.5051008340225731,-0.7185701253965877,-0.5204141801277606,0.0
-0.9917860862834625,0.3013208671436381,-0.5616423326948655,-0.6184195487323028,2.0
-0.8978191828530577,0.32783798911361023,-0.7768182953705812,-0.549088654893727,0.0
-0.7513738403277941,0.5664347271230944,-0.5559684142127984,-0.7071473396505201,2.0
-0.8466127657338067,0.3888979743467339,-0.818145400149975,-0.5462484307708166,0.0
-0.976573633627558,0.329410749893976,-0.6698990078192708,-0.5141295152143488,1.0
-0.9194280878840577,0.3594927407858825,-0.7699674205756357,-0.5664964937044131,1.0
-0.9125417333226874,0.36972653142567413,-0.7605343168398153,-0.5911837967175034,0.0
-0.9628986499895965,0.30138641198322247,-0.6529269141407764,-0.5632898772819115,0.0
-0.987124131129715,0.2944983011696481,-0.5788992213743092,-0.5475092536341327,0.0
-0.528594252623567,0.2316078407482151,-0.9125631260216893,-0.6455974514713867,1.0
-0.9814045280813116,0.30711100942273567,-0.616861362049217,-0.5339940957679382,1.0
-0.8544303877193016,0.48229403163166706,-0.6275850273912991,-0.7334621766919566,2.0
-0.9654666195779551,0.3537643562038041,-0.6942160570051359,-0.5265283959502238,1.0
-0.6674865253526524,0.5435610809684555,-0.7782017313007085,-0.5535889520130737,0.0
-0.9819724855096941,0.3115381218943551,-0.5867577483852149,-0.6253931602079873,2.0
-0.9604453528815919,0.35004081610468757,-0.6430327715480951,-0.6255025057483568,2.0
-0.9340492622370911,0.39719708448457164,-0.7152493128707331,-0.5911968879604159,0.0
-0.9261692365986863,0.29598091613068944,-0.7258825937030075,-0.5502317846799929,1.0
-0.8920227350297141,0.3768904044091347,-0.797603109424101,-0.5755608550651996,0.0
-0.9300978866376554,0.3710151410376159,-0.6715197725119866,-0.7159072409342864,2.0
-0.8875132718439432,0.3300350696487773,-0.7747159268632505,-0.5607016303776169,1.0
-0.9786314048313881,0.3056499541933686,-0.6164110788223263,-0.5527724290554578,0.0
-0.9652654869466792,0.3440589706183742,-0.6387572583251414,-0.6125527670254461,2.0
-0.963087659867464,0.3163646231229162,-0.6840807954629526,-0.5303962103879488,1.0
-0.9676768336225375,0.3351987070908191,-0.6223520520496403,-0.6642313690363448,2.0
-0.8377308749123086,0.376327567596663,-0.8423662157126622,-0.5118748633623212,1.0
-0.967937210239374,0.31092687420204645,-0.6720909095687744,-0.5563997406914154,0.0
-0.8624562844713397,0.4171576083969774,-0.7642767660158366,-0.6666526372014797,2.0
-0.953357933947641,0.30571779067692323,-0.6652654812014348,-0.5730336631668362,0.0
-0.9865440253599919,0.3086348544934979,-0.5883343153031954,-0.6346638501649502,2.0
-0.9639421272712843,0.35903270751764477,-0.693415648573033,-0.5290905325147437,1.0
-0.9883336543884256,0.29650439805455703,-0.5949225226751487,-0.5368556166690334,1.0
-0.8050964103176317,0.23983886379098218,-0.7224207224099145,-0.6446723722576319,2.0
-0.9710838909226647,0.3313070837844065,-0.665548137131324,-0.5593513120636626,2.0
-0.9744022050948593,0.31291271670037785,-0.5881869218606309,-0.6718956240591072,2.0
-0.9818787659655378,0.32855688679828765,-0.5930619390935373,-0.6219980129040097,2.0
-0.9226397294111927,0.3502765068611932,-0.7354432584634005,-0.6591145135197035,2.0
-0.8810375117256464,0.4034347567122444,-0.8005024630777942,-0.6621462840294725,2.0
-0.9593312734407932,0.3283387353429521,-0.685203932728377,-0.5516395399009674,1.0
-0.45814628412829256,0.7003082008194235,-0.20957093510559927,-0.6195930794864153,2.0
-0.9328735516391793,0.30054272021024064,-0.6817138470946748,-0.6138261010479321,0.0
-0.9430290942356512,0.3735045191642694,-0.6635737211929675,-0.6738449992150994,2.0
-0.9773455202504139,0.3344762244431226,-0.6407197953778375,-0.5675621121729271,2.0
-0.7866434396444082,0.23753354202298677,-0.7141303300888471,-0.6660992846389154,0.0
-0.9577303541133256,0.3346786862722464,-0.7056105713574481,-0.5502786848624021,0.0
-0.9795313875277984,0.34305126611901177,-0.637104609855472,-0.5162733687908463,0.0
-0.9838717078800605,0.30622904006073026,-0.5764612040435206,-0.6480602604178717,2.0
-0.8942071053723047,0.31498977364681785,-0.7260345367000377,-0.7199521704330041,2.0
-0.9500069746947932,0.3903195475526767,-0.6512996360944427,-0.6803810044447309,2.0
-0.8623214186233147,0.36215207995544124,-0.828718963222375,-0.5173184126895366,1.0
-0.9616559724712727,0.337925783237639,-0.6500719542054676,-0.5860594120811718,0.0
-0.9088294091669755,0.3333217789248325,-0.7827755584716113,-0.5569800502682924,1.0
-0.8396905760671919,0.3181293637688624,-0.7904132590332966,-0.6202137518722578,0.0
-0.8816821784078442,0.31209959215877964,-0.8015740928068332,-0.5843816665072405,0.0
-0.6805538511171494,0.26259137231343943,-0.7158095087247521,-0.6330135528040752,1.0
-0.9338875811862631,0.35904641559654865,-0.7327731288810557,-0.5324365435480163,0.0
-0.8402239869578814,0.30023806143934095,-0.8163452575484687,-0.5862200016823921,1.0
-0.9374016403968608,0.35137887037534,-0.6979980318218113,-0.5988873894072246,0.0
-0.9781199648000087,0.31487453906969914,-0.6325461752643665,-0.5597921254126503,0.0
-0.9593022742284445,0.30539919265157134,-0.6891279931030798,-0.5397802770690987,1.0
-0.9424283322687049,0.33865722893285827,-0.7446009110638735,-0.5234612521024621,1.0
-0.9781509983306804,0.309187924200523,-0.634054781222711,-0.5334172107261839,1.0
-0.9195972515114497,0.39313005282192737,-0.7842036048706799,-0.5405342222419616,0.0
-0.8838148042388339,0.3338230408605492,-0.7906645030634709,-0.5815634350706262,0.0
-0.9840272521926201,0.3087105526525696,-0.604552041115267,-0.5551568850035264,0.0
-0.9763006098606309,0.3340329402705082,-0.6563519872761614,-0.5524799132970986,1.0
-0.9553977785017947,0.3453913804818905,-0.6990296103175995,-0.5129287897142786,1.0
-0.9661567018369399,0.3292951006978307,-0.671710305102494,-0.5470109889261687,1.0
-0.826384653304958,0.35806864425537716,-0.8394660974598549,-0.6169395990249903,0.0
-0.9879428698048944,0.30687341504508714,-0.5861692817790376,-0.5843641195389608,2.0
-0.9495193812914915,0.3724097597117596,-0.6463929389623421,-0.6618501370985518,2.0
-0.983463186321742,0.29358046838692214,-0.6061679000007119,-0.5613699304078901,0.0
-0.9892217013195803,0.29538690989680927,-0.563386505949418,-0.6374549738242653,2.0
-0.9737404401958334,0.3277689631381376,-0.6459997686804123,-0.5618036534016241,0.0
-0.8520163334305668,0.3586884739819894,-0.7266498639089447,-0.5745507361039289,1.0
-0.9251777298291848,0.30432320262550905,-0.7504059286003302,-0.5426799000642732,1.0
-0.9745918001667385,0.3264914127592975,-0.5873182632126641,-0.6507289590750865,2.0
-0.9585962374997415,0.346729880769644,-0.6959568332664373,-0.5266299264823766,1.0
-0.9272611935217323,0.4317892420366404,-0.703385888589103,-0.6202559398477713,0.0
-0.9819073130997875,0.29372433390170727,-0.6077987642107647,-0.5367938524007276,1.0
-0.46850091873125566,0.7119285367946027,-0.36058788336782477,-0.3306915798746108,1.0
-0.9805377799604914,0.3046229492678628,-0.6093925636986309,-0.5831379337131449,0.0
-0.9782795330261792,0.3042526137847156,-0.6011779742543313,-0.6292958800591508,2.0
-0.9837005273875805,0.3013622531821548,-0.5791634859681669,-0.636327573939059,2.0
-0.9465600173403321,0.3332378769172171,-0.7369592915450162,-0.5503351502420329,1.0
-0.985982035370522,0.31263197290462924,-0.6180231590165087,-0.5307472985422749,1.0
-0.9820680471012012,0.32309501987162464,-0.6175544944825736,-0.5618435422790001,0.0
-0.512259945540972,0.2253444619714468,-0.7178008852986754,-0.757682290573501,2.0
-0.9637811848510812,0.3503892955087187,-0.6643167901321957,-0.6179003688545897,2.0
-0.974361729705372,0.31709403420676935,-0.60407542581806,-0.651026771756359,2.0
-0.9683434194320939,0.336184635109496,-0.6745065227904791,-0.5308028573094884,1.0
-0.9752397266612252,0.3222351820771077,-0.6362495540782195,-0.5559647984904079,1.0
-0.8697044436069756,0.42991257411317596,-0.7564052445169432,-0.5697916390234847,2.0
-0.8571597450086964,0.4512318071012194,-0.7087368609412336,-0.74315956420918,2.0
-0.9939396506183331,0.28019816656235036,-0.569528301033417,-0.5824887533667709,0.0
-0.9678681282108471,0.3101294978405004,-0.6604449393441507,-0.5416106459523963,1.0
-0.9872131958367365,0.31008464842430317,-0.6123773430109674,-0.537052597595163,0.0
-0.9867623670016386,0.3036805259254631,-0.565749352957369,-0.6288462019990045,2.0
-0.9565983184591671,0.3916627651654213,-0.691097695334308,-0.531991729007657,0.0
-0.8902868008677831,0.30541740425782543,-0.7527757550836217,-0.5786551220853325,0.0
-0.9735264780016417,0.299153716763217,-0.6486406355987755,-0.5571030570842447,1.0
-0.9712102085173048,0.3226116974875356,-0.6568102147893509,-0.5281021284348453,1.0
-0.5784262149442227,0.47480537792266153,-0.8357592172720831,-0.46677526802609204,0.0
-0.9243056949899272,0.364375492627624,-0.7702800633564939,-0.5504149903077135,0.0
-0.9755708859070604,0.3185862511362098,-0.5867801382060367,-0.6613029368158296,2.0
-0.9698211594572376,0.2984650092225699,-0.6590759605299445,-0.5408286345975133,0.0
-0.9810505124250872,0.2995789737405045,-0.5692841486175756,-0.6625606810013507,2.0
-0.9390682635447605,0.31965804636124096,-0.7055284128853496,-0.5530353518413269,1.0
-0.9613239913948747,0.3297717568411574,-0.6925695270412081,-0.5316068711413228,1.0
-0.9069988054512773,0.38833962297240227,-0.7826405504846315,-0.6074423763829917,0.0
-0.8135958331895212,0.37791418995598297,-0.9081792956573155,-0.5425075549150423,1.0
-0.9674123253161896,0.341304025353677,-0.6284918477832216,-0.6599785168224281,2.0
-0.5376393273771923,0.758461513236059,-0.2867215662475596,-0.4889882480586841,0.0
-0.9103653066140941,0.3924150286390671,-0.7250398167452304,-0.588483474531038,0.0
-0.9086751250976692,0.3287239149475904,-0.6786050736137622,-0.7222462151523867,2.0
-0.9766120082912947,0.28839410921789593,-0.5906123145580601,-0.66952900757866,2.0
-0.9777194154325447,0.30124481466045316,-0.6242374915710319,-0.5344791649039433,1.0
-0.9735055832428732,0.3255082335008977,-0.656319407106068,-0.5588829010499912,0.0
-0.9635188496553989,0.35170961679552104,-0.6925817393754852,-0.5397640274260682,0.0
-0.9894808931261483,0.3057435636722883,-0.5649235796481802,-0.6290619534723243,2.0
-0.8664413301444387,0.4405430154063404,-0.7803384547466223,-0.5370083425339329,0.0
-0.9882543009822602,0.28726921684616746,-0.57431173847519,-0.590328670058564,0.0
-0.9095491537252314,0.36713768387759704,-0.7791850113003046,-0.6551106219172365,2.0
-0.9814384574695637,0.3072634121372414,-0.6327057754314342,-0.5445051009001448,1.0
-0.9603340624533099,0.33780764632121824,-0.6841049041706139,-0.5643482994979363,0.0
-0.951706545065006,0.35415485746892433,-0.7202038827116307,-0.5128028195925919,1.0
-0.975036906124566,0.32473727137432906,-0.6204066174830789,-0.5940367161238139,2.0
-0.9785518204027982,0.28367722994824257,-0.572994918025475,-0.6651894993403146,2.0
-0.9691242210487894,0.301122851650668,-0.5953128941790922,-0.6803789289363019,2.0
-0.7693041331034169,0.2909094694232343,-0.848130762936896,-0.6217806814020465,1.0
-0.9486386529174785,0.34019723871326213,-0.63702607284242,-0.6551564467500024,2.0
-0.9717528420418107,0.3339649988952865,-0.6647794822024646,-0.5463942431633942,0.0
-0.9270246924942342,0.34063896389150394,-0.7815811927282507,-0.5175411863775286,1.0
-0.8702252852079775,0.3687685941342714,-0.7429003013031286,-0.6796484070105693,2.0
-0.9178937401915531,0.4260755641250802,-0.6776437582815249,-0.5993237260879848,0.0
-0.9714127298235828,0.3529067933798946,-0.6657774152307439,-0.5177797259941721,0.0
-0.798116733069483,0.450932362422782,-0.7218077672270952,-0.5473865871947003,0.0
-0.9681630518902867,0.31383616580885065,-0.6662317378532185,-0.5524322436712136,0.0
-0.9383436233382734,0.35220642035009947,-0.6966559150829501,-0.6532620665950697,2.0
-0.4522398569097361,0.26586671628046354,-0.8743545750079166,-0.6731328107444198,2.0
-0.9478536356059613,0.31927876288011947,-0.6959974215381561,-0.561094407769237,0.0
-0.9859472041558185,0.30582719201441616,-0.5995688971290359,-0.5613773183477774,0.0
-0.9749160794479762,0.3316647310768888,-0.6481934989226992,-0.5569111738370095,0.0
-0.9322244298337828,0.3268869412317617,-0.7399377434646026,-0.5524427706536215,1.0
-0.872773023713153,0.37871041560434987,-0.7388537320210266,-0.6661003906595829,2.0
-0.9734171950104522,0.33508675553450706,-0.6048070029986611,-0.6430477609550942,2.0
-0.9833461468941389,0.3222819424852223,-0.5860703889238239,-0.6255004591751678,2.0
-0.9113070961688061,0.34560864054409457,-0.787769237203555,-0.5604406295967412,0.0
-0.9881650208932703,0.28707894471396034,-0.5895365862888338,-0.555179946073899,0.0
-0.9918210366510928,0.29285412301215535,-0.5552062838774606,-0.644579385043033,2.0
-0.8648285660004137,0.40736589331162854,-0.7927629559722715,-0.5348507618970677,1.0
-0.9508109859536875,0.3472961701162252,-0.7249550317115968,-0.5310688244453037,1.0
-0.9360036711877694,0.3596799993764941,-0.6694031161546287,-0.7000277154641286,2.0
-0.9899850236806249,0.3014906947975169,-0.5753611630179299,-0.589297695804766,2.0
-0.9788516066410364,0.31705999033306415,-0.6313763282925667,-0.5305635825060917,1.0
-0.6798011122371399,0.2877897396906617,-0.8809601751856957,-0.6899507701007399,0.0
-0.9715283898851212,0.3140699383797002,-0.6592355222400726,-0.5202818562808538,1.0
-0.9753675144714518,0.29747093781048106,-0.6074828065626644,-0.5622829858121857,0.0
-0.8927927594825997,0.34560681106624086,-0.8150770270101774,-0.5573866894106811,1.0
-0.9418816436449519,0.34077863232092753,-0.697638882724586,-0.5246220893846958,0.0
-0.9884202341498811,0.29754084714172796,-0.5716652725286211,-0.6294460130725525,2.0
-0.8863367181007743,0.4199238095826388,-0.728422650729538,-0.6873945279018349,2.0
-0.9494932771787291,0.3676832617114556,-0.6818962404315558,-0.5989317383813748,0.0
-0.9678541235672051,0.306439328012539,-0.6035424792060355,-0.6525715145765092,2.0
-0.8039096443715467,0.5080979569875593,-0.8084670984709705,-0.47720459317347413,0.0
-0.9791114816471168,0.300297361018663,-0.5852235290365784,-0.6425180040283031,2.0
-0.22244265624822024,-0.38536089362787773,-0.46159917025057384,-1.0,1.0
-0.9735120097818146,0.3148097847730548,-0.6332487845171818,-0.5508079603681794,0.0
-0.8570408810789591,0.3404991809745604,-0.8307481512273284,-0.5508168672521915,1.0
-0.9802075680812803,0.3125006000996215,-0.6317129399676972,-0.540972034818678,1.0
-0.6662482636466913,0.5512420582288542,-0.6068154652749236,-0.42609275500775556,0.0
-0.9388886940560919,0.3492822120485457,-0.730313649757474,-0.5585128421415766,1.0
-0.962905611220123,0.3638117238618452,-0.6409002310530961,-0.6619244880452835,2.0
-0.9925637618907808,0.3161266916599892,-0.5792531522329052,-0.5746280764432302,0.0
-0.9677358689108363,0.3504123665537071,-0.6306969824925014,-0.6452351617282455,2.0
-0.9588140653226623,0.31934324681435855,-0.6987905271128876,-0.5371703003630783,1.0
-0.9742538375623289,0.335327056408354,-0.6524997544205617,-0.5374184088162673,1.0
-0.8995756515834278,0.3433178471744029,-0.7359735061993972,-0.6905367534114583,2.0
-0.8170506373637637,0.46350472897979944,-0.6994845831781503,-0.5297060488322637,1.0
-0.8804496180807424,0.37400134156891546,-0.8070461629113274,-0.5720176957119375,0.0
-0.9920955293739246,0.29915330095870285,-0.5736801092921078,-0.5466821356204109,1.0
-0.7122209153527248,0.19909344758495326,-0.7338587256712776,-0.5945430268636532,0.0
-0.9613444470315842,0.3485597318707488,-0.6980489262002227,-0.53880490865589,1.0
-0.9114999771431841,0.3418201484923274,-0.7642452102585664,-0.5663839060649449,0.0
-0.9023931673633705,0.35617006091084036,-0.7826409409334155,-0.5364800090205114,1.0
-0.9444768999458936,0.33181009945777523,-0.7171773589321025,-0.5364509175369022,0.0
-0.9054285139649723,0.35752248156342614,-0.7759179930762627,-0.5619810935329468,1.0
-0.931202999477086,0.4093205128294609,-0.7105394728914237,-0.5563720392763037,0.0
-0.8660577926929519,0.4096431243496438,-0.731823675633228,-0.673024297269278,2.0
-0.9572947002599499,0.33261362871626154,-0.690347387729733,-0.5442192645382993,0.0
-0.9752003101797263,0.3145603138220332,-0.6226372681005953,-0.6280247009384275,2.0
-0.9771148180738808,0.2900232359820679,-0.5825332690586978,-0.6581339604050467,2.0
-0.9561321564729768,0.3623971681734866,-0.6196716449244045,-0.6617683017061924,2.0
-0.8122244644043093,0.3439788651860815,-0.8267580594983778,-0.5925445629462736,0.0
-0.9408594041470327,0.39782716768478266,-0.6981289587701147,-0.6616319993118419,2.0
-0.9041110488331278,0.2911731163295344,-0.7295110936531812,-0.6969168112621397,2.0
-0.5860215426464797,0.3492929105115619,-0.7405092101125312,-0.7044349612531594,2.0
-0.8999652413801299,0.3400166998798047,-0.7684964649036102,-0.5595457723511118,0.0
-0.6504399197287773,0.5216607907455411,-0.5887355815577481,-0.5699808809315324,0.0
-0.36120415698001607,0.24012761190916893,-0.5762512981993166,-0.8227638797455556,2.0
-0.9632534852254517,0.3682598033035263,-0.6323380336585209,-0.6559991885366873,2.0
-0.9277841680521441,0.3934374293071433,-0.7412596817172733,-0.5476616262161196,0.0
-0.7410484096928736,0.32452057465432604,-0.9148847974444784,-0.5418410446962135,1.0
-0.9537318232377605,0.3776810726544434,-0.6646811447070106,-0.6699837696473294,2.0
-0.9819334035237292,0.30614171602354706,-0.6129944506404252,-0.5607329837887494,0.0
-0.9650537817731455,0.32029439363985773,-0.6676797052745199,-0.5440512614818429,0.0
-0.6303848972698536,0.3191081326006117,-0.5872045742190131,-0.7693528901858757,2.0
-0.9420453227623858,0.32818566083804407,-0.7238621849396685,-0.5455736474233596,0.0
-0.815702087288882,0.275356304777873,-0.7809203532645508,-0.7606245372209697,2.0
-0.967852307880767,0.3166112633858237,-0.6539755977597083,-0.6021556776843949,2.0
-0.8247425753366958,0.30054653244312307,-0.8004178645517107,-0.7336594830781624,2.0
-0.9337177283296533,0.35996706880352863,-0.7222305343791809,-0.5371664463567666,1.0
-0.9600833949511568,0.37306171702775925,-0.6916933507349853,-0.5620653764389217,0.0
-0.9911840617038432,0.3027196838030863,-0.6019799557227005,-0.5355281849112362,1.0
-0.9799117168322702,0.3100344767304827,-0.6383509325210789,-0.5313108509357874,1.0
-0.8633349865802441,0.3134460429524068,-0.8538730266885733,-0.5389062334929262,1.0
-0.9679801089611043,0.31568891686106354,-0.6544664366247246,-0.5722338366762771,0.0
-0.9811345962874438,0.33102568433774104,-0.5992076257131559,-0.5880604869308235,0.0
-0.9842780292105383,0.3113864200347701,-0.631914370796891,-0.5429064194139605,1.0
-0.9580656615440328,0.32171406528037305,-0.6755234641231406,-0.5685762376091602,0.0
-0.9806949523148176,0.31060769306879554,-0.6086614298564463,-0.5972064987836465,0.0
-0.9875897805171228,0.29766738172032037,-0.5659156126370439,-0.643732113770812,2.0
-0.9780765383714185,0.3162403672197212,-0.6049872043431295,-0.6540302159870013,2.0
-0.7581929747074998,0.19866634638956662,-0.8072407003879407,-0.6810092371059007,1.0
-0.974750222485388,0.31475635022829695,-0.6268852121781453,-0.549311115940143,1.0
-0.7640662094108625,0.5202691176465196,-0.6806786481882009,-0.6169074453237409,2.0
-0.8631592213926453,0.39530948756424134,-0.7137291793398329,-0.7067264160972337,2.0
-0.967521406417665,0.3392176854458971,-0.6158385791527236,-0.6499414444201367,2.0
-0.8994305359242456,0.4367777201030836,-0.7439467428209323,-0.5582406168732499,2.0
-0.9041669244801206,0.33591242326584053,-0.7840418553936152,-0.5930268005823021,0.0
-0.7844539674004756,0.31402110144216777,-0.8398254160708576,-0.5432855837505175,1.0
-0.9722089143893677,0.3180018684866949,-0.6621462821905102,-0.5410272041584672,1.0
-0.9909283805705615,0.2992814024764855,-0.5480958281202044,-0.6348756808129009,2.0
-0.9753891857694501,0.3073883029176689,-0.6169910843537056,-0.6250253990144381,2.0
-0.9632191287183238,0.33046406573877984,-0.707244173582691,-0.5283676055309052,0.0
-0.897552525984527,0.28567107031247524,-0.7298757429403819,-0.5818493519548859,1.0
-0.9812120754700535,0.3083635832833172,-0.5966795485535697,-0.565382891397499,0.0
-0.94372756280711,0.40481364953579835,-0.6717827211430808,-0.6823204941783587,2.0
-0.8653953498116749,0.37151071585811096,-0.8319672644948888,-0.5271710626584439,1.0
-0.9635256752083927,0.3591283124385612,-0.6935405679370111,-0.529129850518732,1.0
-0.9648461652518985,0.33059236231570927,-0.6150480238306931,-0.6348454054472537,2.0
-0.956310794940675,0.31175981870661096,-0.6496092880769713,-0.6472234215326869,2.0
-0.9743043930595148,0.33113992529732317,-0.6664429294509511,-0.5236599611000474,1.0
-0.92683153138045,0.2777800465597363,-0.6822280044336263,-0.6151595556620898,0.0
-0.9212818870700162,0.28910000164506355,-0.6830499933703619,-0.6657546703788554,2.0
-0.9529886354522795,0.320071683050581,-0.6668395118138324,-0.6387303249136693,2.0
-0.9897487064811474,0.28698690164406626,-0.5841220135620092,-0.5831331330545497,0.0
-0.9761465283155332,0.2828597939867756,-0.6273830101335213,-0.5286073631245676,0.0
-0.8639107747877854,0.36095058692125725,-0.849162222849074,-0.5728752171629212,1.0
-0.915026670156348,0.2964327257438999,-0.6954107384886922,-0.6870340414145647,2.0
-0.9087441774287482,0.38772560456387695,-0.7652155142563829,-0.6606306009877175,2.0
-0.9467623305426712,0.3795773148642223,-0.6623070632216406,-0.6752897355097129,2.0
-0.9598039479550993,0.31864852684484424,-0.6463653995907591,-0.6410266882611899,2.0
-0.9825734420272334,0.3081982558603404,-0.6138563025886682,-0.5449939035453273,1.0
-0.9545063561770956,0.33918511606371915,-0.7135975058313458,-0.5406942181743901,0.0
-0.8902214028028794,0.30996490741753097,-0.732407243431826,-0.7058811429405363,2.0
-0.9221077787367157,0.27838471541973103,-0.622557088474911,-0.7159301911335293,2.0
-0.8487478262401086,0.3330692528803922,-0.8433307175353992,-0.5824036839732526,1.0
0.25717478439688,0.08697508728163711,-0.2986636147464841,-0.34769269403697856,0.0
-0.9883949477459211,0.2900128365374103,-0.5960270885292045,-0.533427884852431,0.0
-0.7430903182022646,0.4426517673389382,-0.8473697442152782,-0.5340421507966643,0.0
-0.9863111451241978,0.3039627819556415,-0.5617769241402345,-0.6488589376753026,2.0
-0.9854403234899987,0.3027192093241623,-0.6112888103975489,-0.5423262062562517,0.0
-0.8415581247712909,0.3710971861227359,-0.7870956885907439,-0.6187104523753683,2.0
-0.9590235724933871,0.32774915190654313,-0.6612502529898628,-0.5607057393974575,0.0
-0.9440248804576472,0.35422559525556835,-0.7498903613717567,-0.51643343923461,1.0
-0.9158207834937385,0.3610699469647881,-0.7761705704393103,-0.5256855099089268,1.0
-0.9241666995904686,0.3414423720778678,-0.6914441899336884,-0.6697471756783038,2.0
-0.9869525603397635,0.31773885810646085,-0.6078570793258424,-0.5385881231345677,0.0
-0.9110634379101866,0.4283843617247584,-0.6735791265695495,-0.658733782171969,2.0
-0.9648112273400719,0.3555160736368364,-0.6454959981481652,-0.6227968560444221,2.0
-0.9847651473070831,0.313733841060407,-0.6093919745862819,-0.5365959161135216,1.0
-0.9197629059522014,0.30185715224501986,-0.7193222987867522,-0.6749748560604967,2.0
-0.9796871842301349,0.3262946890317314,-0.6235884657762968,-0.5647501224822096,0.0
-0.7750970347604764,0.29443996829512364,-0.8434925782262168,-0.6099370631283938,1.0
-0.9327491671178744,0.35772758564456364,-0.7527123035288855,-0.543110052834265,0.0
-0.7167965963542784,0.4076266623309826,-0.8363497276745997,-0.5203744942719736,0.0
-0.9058595523583207,0.34826141054088006,-0.7861034343430156,-0.5658711217471192,1.0
-0.9511679292191206,0.3403700279834097,-0.7181707677087157,-0.5218333690959309,1.0
-0.9325133658484935,0.31476178321294196,-0.7021969725948866,-0.5482308917285934,1.0
-0.9556424867425114,0.32511480059485326,-0.6726747019161502,-0.6229980920075098,2.0
-0.9826216055443798,0.28766801376220885,-0.5715254426916294,-0.6470269432974338,2.0
-0.9799728432082446,0.3279077482792375,-0.6289590629495719,-0.5432442046246753,1.0
-0.9876414177185279,0.2975510994977592,-0.5840282930419108,-0.5742890602369976,0.0
-0.9309028158274468,0.36063177313813927,-0.7306461703563177,-0.54460262648735,1.0
-0.9374650777914201,0.32772118378794574,-0.7373881944955277,-0.5322066561554005,0.0
-0.945466548551727,0.3627534271553428,-0.6550582774609971,-0.6739098309303753,2.0
-0.9498083393800935,0.3397977860957244,-0.7086290140274768,-0.548611557475715,1.0
-0.811901341976722,0.41489481914616244,-0.8102271170250291,-0.5011649551419212,1.0
-0.8644461996279588,0.3045467983113154,-0.7522596088954516,-0.6208587853473267,0.0
-0.9884870665118864,0.3153005711301553,-0.6201470191616667,-0.5227990156223632,0.0
-0.973331800983759,0.3272221440201677,-0.6334992554192623,-0.5281964492209887,1.0
-0.9739984723859777,0.30155816066953484,-0.5804524356806061,-0.6779192591624262,2.0
-0.9497265750448411,0.3188555152683063,-0.694973042386655,-0.5575932128687456,1.0
-0.7322060867979066,0.32873725378558377,-0.9378974294296474,-0.6063376683478883,1.0
-0.9877864573098237,0.30872696422666435,-0.6027820354023747,-0.5449244615008506,0.0
-0.979183364181706,0.2968893139865245,-0.5759058518700919,-0.6561566174356882,2.0
-0.9646193606474506,0.33063782597599606,-0.6278249319580066,-0.6307260522686737,2.0
-0.9769366605983212,0.3381825701012869,-0.5803339948225271,-0.6534246488937355,2.0
-0.9697897714651462,0.3257823293768944,-0.6515198484292981,-0.5497223470628176,0.0
-0.9890963513163824,0.2896232480997298,-0.5849308414904026,-0.5467433630864948,1.0
-0.9650991524764112,0.3463530023223835,-0.6837696516703394,-0.5266069075700459,0.0
-0.8367310241139637,0.29335263797296474,-0.772845228514183,-0.5378909983541093,1.0
-0.7726704227095034,0.40848790240383864,-0.7319299625099649,-0.6112292453094222,0.0
-0.9680364181781769,0.3272065981293623,-0.67291059285339,-0.5375839777660851,0.0
-0.96026854576238,0.36451511401670783,-0.6582226298993208,-0.6514763765651184,2.0
-0.9569952359019402,0.33768466816323134,-0.7257392535091977,-0.5475454686023729,1.0
-0.8578143479643798,0.3102368775520763,-0.850839997473226,-0.5404265037616638,1.0
-0.8656310302829208,0.3685151210335211,-0.8154624036021565,-0.5515561977754231,1.0
-0.5229163410039482,0.31945892517235625,-0.7220941276151597,-0.8441520005242518,2.0
-0.9758868517403494,0.3177857358585846,-0.6539015790931776,-0.5375945921545042,1.0
-0.7796373734594255,0.5840851011269083,-0.5491390187311358,-0.4326276750979833,1.0
-0.9252295429597902,0.35401728917920644,-0.7953773073505066,-0.5098221608290455,1.0
-0.9728073909194369,0.3216755520021639,-0.633137544706801,-0.5546955817549376,1.0
-0.943489806190584,0.3275138328167801,-0.6087431982063165,-0.7050160845346741,2.0
-0.9600983814969892,0.3371375602563864,-0.6471558116786553,-0.6675961720528532,2.0
-0.9327028234961934,0.40408738836793856,-0.677137030520481,-0.6487347921149885,2.0
-0.7487912020992917,0.22571833170862649,-0.7865353142031545,-0.642612014154774,2.0
-0.9567121521144021,0.2986066921542613,-0.6782678642448817,-0.5652915798332592,1.0
-0.9762692061552892,0.3211828125537445,-0.6166217112557761,-0.6256121975740465,2.0
-0.9624579135697776,0.31033126909733155,-0.6289633562217225,-0.6481696575902393,2.0
-0.9336273980149634,0.3776749620255997,-0.720749341778652,-0.5616816649863908,0.0
-0.9300575026455377,0.36428896309786085,-0.6651188747538441,-0.6705904165719299,2.0
-0.8239887352596927,0.3357081511320078,-0.8405441269509328,-0.6083755098773996,1.0
-0.9376151328557272,0.34754883491964284,-0.7511276014946358,-0.524461868989772,1.0
-0.9421889334535812,0.32221908265181615,-0.6538712398571329,-0.6287694059984728,2.0
-0.9783789466133594,0.31452103158668504,-0.5959242749650884,-0.6391102780775869,2.0
-0.9772033637655921,0.3213259999930447,-0.6290914372161643,-0.5544204265370719,1.0
-0.9635081150648955,0.3395739404497387,-0.6761769942443898,-0.5189925765710123,1.0
-0.9557688425356543,0.35211488863330964,-0.6505106157907078,-0.6609542787935823,2.0
-0.8736252660153385,0.37606279647987406,-0.7547425896284238,-0.6847394939469731,2.0
-0.8743470632258366,0.4765464285108065,-0.6308609878038749,-0.5029210541852659,0.0
-0.9885156956824239,0.2971627930458933,-0.5920245577411125,-0.560746984208051,0.0
-0.9059192250563869,0.39047296958185124,-0.752642395725396,-0.6817516209984108,2.0
-0.8289088245436111,0.45073984636357284,-0.7159639036309053,-0.581557295770541,0.0
-0.9505510660650893,0.38306397506215,-0.6732277899937286,-0.6612855816721156,2.0
-0.9363999752740323,0.3329684271466984,-0.6946086726433924,-0.6156179608955143,0.0
-0.9791628533538965,0.3081328660300123,-0.5729155249724653,-0.6699431549791376,2.0
-0.8838093136718252,0.2854176063576613,-0.7505854752356353,-0.5895501316263417,0.0
-0.8374075310116622,0.38226458787609324,-0.8918299792380082,-0.4496617633785915,1.0
-0.9026343965271252,0.3440961832318846,-0.8428818975652034,-0.5168684379303441,1.0
-0.9585799428324899,0.3523451957297333,-0.6482101210700298,-0.673897901922285,2.0
-0.9736008303414079,0.3267721967015394,-0.6607096498047992,-0.5427657601284316,1.0
-0.9767930170080521,0.3268808838644383,-0.6424589579054687,-0.5259556332566884,1.0
-0.9622774754795875,0.354441363626325,-0.6269100703407389,-0.657874619062601,2.0
-0.8354549049145259,0.3012371491336222,-0.8542658551062516,-0.591273620217644,1.0
-0.9529804549584364,0.338362795414454,-0.707629394910998,-0.5322084118387619,1.0
-0.842904348192114,0.29911434868303627,-0.8279128702040419,-0.5827635294897429,1.0
-0.9417575234361114,0.371659995634858,-0.6417003047749665,-0.6981076138735101,2.0
-0.639168935076379,0.325707201125677,-0.8251262427668178,-0.8259868590124659,2.0
-0.9793058103060257,0.30960391659058834,-0.6331449859638273,-0.5569062871534494,0.0
-0.9351098939573429,0.312923195937642,-0.7245503886786594,-0.5596937957265058,1.0
-0.9690203010710029,0.34082217643920726,-0.6586349702026011,-0.5348770834783817,0.0
-0.9016747866244771,0.2724359846845657,-0.7397779747328992,-0.5811996565328216,0.0
-0.6641534748987385,0.10384003068510789,-0.5696248658540827,-0.7085176566259515,1.0
-0.9510874878393188,0.3053254419149142,-0.587666861168242,-0.6945393294969616,2.0
-0.9893539371301491,0.28811608913091274,-0.5684419532768108,-0.6514812619155391,2.0
-0.9150963708323819,0.3078160342730313,-0.6842071901992692,-0.6990348329708325,2.0
-0.9381724585177892,0.3272733392194839,-0.6592695792948444,-0.6894627066296555,2.0
-0.9701505499950429,0.3384824662920954,-0.6043315077978255,-0.6308433129404125,2.0
-0.9682099495353823,0.31773369638617477,-0.6548429662207331,-0.5404376201967834,0.0
-0.9714921582844233,0.335540354978273,-0.6622859191658176,-0.5658181861027582,0.0
-0.9173934587751119,0.39152702627460056,-0.7431587383803825,-0.531661683367997,0.0
-0.9709517574408271,0.33345894230070444,-0.669567019706377,-0.5308911070416754,1.0
-0.9663113198380043,0.3199844980814676,-0.6726455830924555,-0.5262957790434613,1.0
-0.8973695491741721,0.4213090455709804,-0.7819803138367236,-0.5021988074504661,0.0
-0.7875616317051164,0.3548360246620267,-0.8208098751238778,-0.7175807294056017,2.0
-0.962687470162109,0.3526126391207136,-0.6938762214452756,-0.5436599398908429,0.0
-0.9547034737635279,0.3787870921384228,-0.6546984534337019,-0.6139197988716583,2.0
-0.9762871375108086,0.3171911697471498,-0.6367397818502222,-0.5800935455367836,0.0
-0.8049197793783394,0.37635328077546926,-0.8103172673735461,-0.5499490466431676,1.0
-0.9426197423847356,0.376890157097924,-0.6598774487086426,-0.6618216326568708,2.0
-0.9376854767558623,0.3556566027409779,-0.7169270535896042,-0.5829389402050182,0.0
-0.24146110163875623,0.4000158795604989,-0.211597744652744,-0.5101550572399448,2.0
-0.9034738939762196,0.4277878356807714,-0.6948753564488347,-0.7014495563692236,2.0
-0.8980228653969233,0.43318054587824695,-0.6820079919079896,-0.5150387101974125,0.0
-0.8317718794077593,0.39010373004635984,-0.8726927043187735,-0.5727352840116923,0.0
-0.9405785346437487,0.39193384849975843,-0.6663594656388816,-0.6774533215925643,2.0
-0.8624008433153654,0.3091891404297522,-0.8170093195156869,-0.7136169677739946,2.0
-0.5460281350263128,0.22108183938594272,-0.9420984039778195,-0.6623083961244062,0.0
-0.923225826282287,0.3785175504976295,-0.7507361096521179,-0.5288125947883658,0.0
-0.9827184049441255,0.31763459202393923,-0.6200479189345822,-0.5240657912436937,1.0
-0.9571440297913647,0.3126806815637211,-0.6896885693709233,-0.5352677612081125,1.0
-0.9595965586676167,0.3362018185078576,-0.6970694879886898,-0.5326362682405607,0.0
-0.9644414392254748,0.35520907132427854,-0.6435743631990349,-0.5463465432811179,0.0
-0.9766946117364075,0.31142103745984584,-0.6325033777240264,-0.5385785844510127,1.0
-0.9392582574537627,0.3675111039878531,-0.6831915482018514,-0.6751654846436596,2.0
-0.9719129904381362,0.31765469133350593,-0.6642965971004404,-0.521932120708,1.0
-0.922823131383011,0.36657575399977904,-0.7758334388824166,-0.5140565705778197,1.0
-0.8337230868561859,0.32358118593560287,-0.7873435291503142,-0.5902628799171467,1.0
-0.8311297768915892,0.26276362333190206,-0.780232684615472,-0.7005371697922921,2.0
-0.9849858068727174,0.30257100614066584,-0.5717071074809488,-0.6279001509379629,2.0
-0.9723488610346369,0.3349011826009447,-0.6112239508995145,-0.6410610003984921,2.0
-0.9599759093343823,0.3061435967482536,-0.6900238114089985,-0.5315281480348095,0.0
-0.9232383831110677,0.350573802748459,-0.738137237859121,-0.6347962164014074,2.0
-0.950541403537668,0.35786801964394066,-0.6957803611842783,-0.548534249987712,0.0
-0.9881020159609498,0.3071123314347284,-0.6071904081475136,-0.540945847535245,1.0
-0.9480608388697671,0.386353069528013,-0.6812439143680223,-0.6296033977336727,2.0
-0.9716142430562259,0.2999548963922469,-0.6391994288281176,-0.5376005248924428,1.0
-0.9509788104437251,0.2873154738745079,-0.6540012583579666,-0.6074141701991277,0.0
-0.9071083098629616,0.33248541121695857,-0.7361227184368284,-0.6733031286211109,2.0
-0.9750626581473982,0.3035743248764969,-0.605048012863794,-0.6120289690885659,2.0
-0.9496577321080047,0.32933539068569095,-0.7367024936136525,-0.5259404194819998,1.0
-0.9528732647609002,0.33700640228214584,-0.7131315601820504,-0.51366470944877,1.0
-0.8725497632131571,0.40041219491481717,-0.7752787128870692,-0.672717192714847,2.0
-0.9950095151254608,0.2855448399594081,-0.5710884662534657,-0.5454566761223495,0.0
-0.9475317501594804,0.3697151702981163,-0.7334929166610165,-0.5318180282561364,1.0
-0.9875577996932933,0.3144794607156705,-0.6159604444003645,-0.5391535604465003,1.0
-0.9679744760410243,0.3170807872174377,-0.6107661721292968,-0.6817329107716662,2.0
-0.9733991054013132,0.316455982234946,-0.6566272876153937,-0.5421290860495056,1.0
-0.7768551425996493,0.3149011852773358,-0.8492229170681619,-0.6333181024672101,1.0
-0.9280437328746352,0.3687588419880724,-0.7362755747488846,-0.5055688342176466,1.0
-0.9260434956227188,0.3969318566031793,-0.7416217746116689,-0.5114139281559038,1.0
-0.9020873138285028,0.3043293074863945,-0.7531062130405161,-0.6861396853775623,2.0
-0.9808727382865662,0.3141903302026451,-0.6355164969441218,-0.546098449627578,1.0
-0.9193490057407642,0.3137049935165452,-0.6984609076081932,-0.6739899519166077,2.0
-0.9812322154908956,0.33165899257410714,-0.6379245768283105,-0.5415873788978467,1.0
-0.8622450502654664,0.2955788602584058,-0.7176743902290732,-0.7628151398421024,2.0
-0.9882524589414006,0.32031698089775673,-0.5970571933195363,-0.552862715611761,0.0
-0.9726346636436546,0.31282540460721553,-0.6442827998835688,-0.5520944308806495,0.0
-0.8932143482351406,0.315327610417205,-0.76575460188314,-0.5926230675753851,1.0
-0.9110856606459652,0.4048796984696451,-0.7214406445124864,-0.6406639560377516,2.0
-0.9199858658869376,0.34548387236566674,-0.7743379739208915,-0.5704246057008681,1.0
-0.9480935273500184,0.3306518092371561,-0.7004853032486341,-0.5524161644034383,0.0
-0.8239764585847618,0.3069782950256779,-0.7852337769521747,-0.5442234007405501,1.0
-0.9576144951896027,0.3533561580314554,-0.6575728781567887,-0.6408671090427432,2.0
-0.9760268746408683,0.33364250121711475,-0.5965144915923941,-0.6365499861000533,2.0
-0.9576807682602527,0.33658638646842537,-0.6729641094263784,-0.5692705616281669,2.0
-0.9847976983190044,0.31269885792386326,-0.6050757500384386,-0.5511025236695701,1.0
-0.9389175707736703,0.38585513330238136,-0.7128411740482415,-0.6595051456663957,2.0
-0.9412756954127709,0.33642339203465826,-0.70888395553555,-0.5601288859837875,1.0
-0.9742182339473493,0.31868886867334156,-0.6348329505547877,-0.5813165864999806,0.0
-0.9275141588535378,0.3325967283735099,-0.7732994912179237,-0.5523467788780174,1.0
-0.6224558733382126,0.41475957845944933,-0.8626153100694678,-0.5641526932385333,0.0
-0.9766012892478673,0.3320222815869583,-0.6092320907231821,-0.5944011983605526,0.0
-0.9742220792475609,0.3314692280252977,-0.6700404053780036,-0.5246648988804474,1.0
-0.9742841336527643,0.33912708847603756,-0.6649505193499836,-0.5344541237611972,0.0
-0.9788831503766419,0.319469463548742,-0.6345922689975296,-0.5522432576802259,0.0
-0.969707698289293,0.3442917978894986,-0.6099787350027644,-0.6521428072914509,2.0
-0.9196965410519535,0.40938334296880863,-0.6933032659122094,-0.662903829347735,2.0
-0.9416622986070425,0.3269830002645895,-0.6412797979120216,-0.6924375873159686,2.0
-0.9852696995611798,0.32158515876533483,-0.6119899362328015,-0.5346695098478528,1.0
-0.9815797584365306,0.2991673022813684,-0.6091135481796941,-0.5762817966415053,0.0
-0.8227343469659827,0.3366776214624991,-0.7828460370648673,-0.7211603730805063,2.0
-0.9595783857441397,0.3648354770734533,-0.7093553243911759,-0.515998191905451,1.0
-0.6285734377415052,0.6960309243471792,-0.48861421850671366,-0.5276648421363846,2.0
-0.9721074229540729,0.3166778835907257,-0.5888580736262967,-0.6441615624461565,2.0
-0.7697373328350869,0.3438372242452734,-0.9766542203657104,-0.5079001450380829,1.0
-0.9566072810494143,0.33888944110936164,-0.704530454618509,-0.5268554556533467,1.0
-0.9683597284270224,0.3461064681147222,-0.6407559066098801,-0.6295761112642231,0.0
-0.9196231929173748,0.3460334810547891,-0.6997655392684384,-0.6719893086815398,2.0
-0.9931593326676854,0.2901779994572862,-0.5590345003179407,-0.6145392867349192,2.0
-0.9780139508049337,0.2885094154651392,-0.6175805731951103,-0.5459289549283926,0.0
-0.7460040635276184,0.3363811968895137,-0.9291699656766208,-0.6808539191267079,0.0
-0.9674100216003678,0.298056653659914,-0.6581329666027229,-0.548086278079611,1.0
-0.9465359885998055,0.3671581975736646,-0.6554685048344661,-0.6294047629660756,2.0
-0.3105159518538434,0.31540793235556114,-0.3889255245185737,-0.7887531055752146,2.0
-0.9702649199207971,0.33580087615786747,-0.644763490928578,-0.6208099417246598,2.0
-0.7581984202544577,0.3395469410790757,-0.7583926719236442,-0.6195048074858637,0.0
-0.6746922667088896,0.4808363833055465,-0.5346227793646984,-0.8075601098238386,2.0
-0.9895905725481179,0.2896539368386499,-0.5859344013915694,-0.5447018667187926,1.0
-0.970657919477788,0.31429651665337494,-0.6559107376335698,-0.5445231321229498,0.0
-0.926593989542611,0.342043136097713,-0.7638417909179138,-0.5306146433351357,0.0
-0.8714746974582255,0.35227318424460335,-0.8024375844990054,-0.5613194261739761,0.0
-0.5188746181451619,0.28646866179790414,-0.6654516135892184,-0.5311282693246838,0.0
-0.956228741424584,0.32809788374001153,-0.6692045692688804,-0.5536408040341584,0.0
-0.9818571218859822,0.32163169900376726,-0.6278665101653332,-0.564816097835908,2.0
-0.9720392720195511,0.346485145938672,-0.6349650495036744,-0.5981095445732597,0.0
-0.9756843827264012,0.32375979671062516,-0.6347943032311966,-0.5713621958927734,2.0
-0.9807385969389624,0.3122815545364702,-0.6275097497034297,-0.5378897383356901,1.0
-0.700465234041364,0.6384856170927553,-0.5826013017542074,-0.4596175604166583,2.0
-0.917644401579502,0.27521515003352237,-0.6937875763813635,-0.5740227651102381,0.0
-0.8955896150799225,0.3742478548914218,-0.7821565318272647,-0.5543848180667617,0.0
-0.8977689192554628,0.2612221817699347,-0.6345771413628017,-0.6742993915405134,0.0
-0.7993712422395596,0.30317238270837554,-0.8056588502552052,-0.6757367750587627,2.0
-0.974972881691026,0.3086944991148211,-0.6392136359205316,-0.540259057586354,0.0
-0.9608910215296483,0.36312759015314794,-0.6223745996942481,-0.6567590317237094,2.0
-0.9837668474831088,0.3073871794782723,-0.6127114655886879,-0.546908636322957,1.0
-0.9768866041656681,0.3324353443778381,-0.6014948224848111,-0.6298742172348237,2.0
-0.9271754010124744,0.3856426272919638,-0.7445599212929047,-0.6165743962426452,2.0
-0.9604780091186561,0.34638826410120627,-0.6354078412476599,-0.6719835771451549,2.0
-0.9470715001104867,0.34323820938810745,-0.733765781194807,-0.5307707096082067,1.0
-0.9478075460985051,0.34711827625347125,-0.6344523517652706,-0.6914987310098754,2.0
-0.4627964378853773,0.685378644319967,-0.1624951868711655,-0.4897468457050021,0.0
-0.8553291470959945,0.41568451856245686,-0.7637955627357393,-0.645768811512463,2.0
-0.9625577475348464,0.3212170187893814,-0.6884403295205762,-0.5311855589652589,1.0
-0.9740683507817273,0.3291104617766756,-0.6454744302366601,-0.5511011983697298,0.0
-0.9404279158929673,0.31998943024388393,-0.6642513264346205,-0.6283915406811726,2.0
-0.9654258711228871,0.3403126924559926,-0.6707981526077661,-0.5193752424700545,1.0
-0.9898639400404573,0.29802186622662735,-0.5678055152427854,-0.6096797934881111,2.0
-0.9761880325233557,0.31544116518623444,-0.6447324354048541,-0.540468853609919,0.0
-0.9892458587694739,0.29998268587861254,-0.568627638022205,-0.6271879031969444,2.0
-0.9498629555584338,0.3205834464325437,-0.679620058548888,-0.5374317535546581,1.0
-0.9949846002445459,0.2848533861247114,-0.5287144732756338,-0.6428431093700094,2.0
-0.9461708869775105,0.33771300753684946,-0.7231788996797397,-0.5416370711206976,1.0
-0.871167583270128,0.3734653098910918,-0.7904227426320828,-0.6981130128032544,2.0
-0.975196010411606,0.2915687377311722,-0.6376630459912151,-0.5478627532797699,1.0
-0.9709385466390799,0.29907934565658467,-0.6468554520122164,-0.5457882166349104,1.0
-0.9873594689079763,0.2998512371673721,-0.5847998262197172,-0.6389678230368002,2.0
-0.9492170707626734,0.35370280917648117,-0.7114069732738311,-0.524027847366079,1.0
-0.9488622377083401,0.3452248592791022,-0.7359068995583515,-0.5450264787017636,1.0
-0.8330432530458735,0.3606139611232994,-0.8149884633650454,-0.5911244295918453,0.0
-0.8908977312891293,0.2916816182496594,-0.7063674319570442,-0.6319530982121783,0.0
-0.9454994564373163,0.388422221395468,-0.6793830522133284,-0.6704004820794687,2.0
-0.8743400883099531,0.37263975633777124,-0.8305824103933197,-0.5532235096095935,0.0
-0.9743567645152121,0.32637280491913556,-0.6264191895895217,-0.6336704000022669,2.0
-0.8942995331758751,0.42242679435990094,-0.7540200454293343,-0.5532147045456811,0.0
-0.9378982625528857,0.38796346511636703,-0.7241323685954612,-0.5584604813547284,0.0
-0.9842114489544824,0.32787079579923206,-0.6290004832509932,-0.5302524964517793,0.0
-0.9822374003401051,0.32938593217005707,-0.6338424204567714,-0.5423687258235615,1.0
-0.8362721096330341,0.4316231143418258,-0.7780985515182534,-0.6859345842730987,2.0
-0.9690212764234791,0.3442997241723354,-0.6603696633497504,-0.5311784536669355,1.0
-0.9850578038062833,0.307739948259806,-0.5966452432083562,-0.6189067842708595,2.0
-0.9627444909266387,0.2878378125785056,-0.6678760675102778,-0.5955289908292594,0.0
-0.9753333888015422,0.3220281251723357,-0.6119922971980071,-0.6310177411725875,0.0
-0.9779921860212168,0.31222625035572815,-0.6299045408893916,-0.5308770354775133,1.0
-0.9754900233975639,0.323731502981592,-0.650925874424551,-0.5473805490174583,0.0
-0.9544066716900872,0.37410656677268983,-0.6526985096732028,-0.6332833005392235,2.0
-0.9370215963569797,0.3293074207653386,-0.6949697111479748,-0.6541734756003856,2.0
-0.8226570480195778,0.3624482450258882,-0.7591367018278394,-0.6714300675957422,0.0
-0.969904569552452,0.29846421509174637,-0.6536794889464767,-0.5236017034259302,0.0
-0.9693523994242473,0.33100779899076055,-0.6672479931458818,-0.5144405638769926,1.0
-0.6232828400112409,0.7649913297580038,-0.2807253647153283,-0.17402346476484826,0.0
-0.9052432950212091,0.3539470864397643,-0.7883517538545606,-0.5349047771384499,0.0
-0.9725925463144739,0.28723753374506145,-0.5910060079744035,-0.6468883882330051,2.0
-0.9365583578646204,0.35846630141332786,-0.7292711433560966,-0.519199809967204,1.0
-0.750000672014272,0.21955470889738,-0.727389424243275,-0.7041072533372313,0.0
-0.9529478365500892,0.34674111492644377,-0.6578675306722704,-0.6521179659509392,2.0
-0.8386984495448201,0.34683932484506563,-0.8590758082873219,-0.5798372625121109,1.0
-0.9461689186662688,0.35668869116901825,-0.7494752559821871,-0.5322768203433892,0.0
-0.9063241751501495,0.378985968061367,-0.7903254589825223,-0.5714451214749259,0.0
-0.942847896562882,0.29972876115130576,-0.626850877238422,-0.6632441315814059,2.0
-0.7560868248161714,0.2591514773039022,-0.8619139992504874,-0.61539370484309,1.0
-0.9272654723547636,0.35078455481780674,-0.7311698879886229,-0.6237456565925482,0.0
-0.8362753825788873,0.467925481853134,-0.7267505223284373,-0.5151910553949851,1.0
-0.9460153884641846,0.33177005241284846,-0.7377873297485164,-0.5567535896969216,0.0
-0.9869390447673323,0.2984505511935176,-0.5673438358583082,-0.640820777175646,2.0
-0.9783223595443065,0.3366419606499021,-0.6424321066386187,-0.541866468757122,1.0
-0.8360725843019419,0.3954762498303979,-0.8169688703158715,-0.5530162249736306,1.0
-0.7559803004060506,0.3389741280679933,-0.8862958427463978,-0.5583365951741989,1.0
-0.9515507544922075,0.3847667430796909,-0.6541789062047774,-0.6776763232109217,2.0
-0.9765371256391449,0.33822022493803716,-0.6446137611647877,-0.5462927255394563,0.0
-0.912908890308782,0.3619870294387984,-0.7817364370593355,-0.5437862158214627,1.0
-0.9311520422429808,0.37446005434937973,-0.7544040901736008,-0.5451467867280944,1.0
-0.9066646097769625,0.32960119723571824,-0.806442817100846,-0.5973227340528752,2.0
-0.9737247203533146,0.33118041460873904,-0.6612107156783559,-0.5243154319643273,1.0
-0.9598626252485231,0.3634724646018402,-0.664782342835643,-0.5314067020763293,1.0
-0.8293763317657276,0.26770775081546805,-0.75052425064789,-0.6267154716904433,1.0
-0.9235197868050571,0.355764046354129,-0.754508146202194,-0.5290836054258359,1.0
-0.8024525791226079,0.4155840105239073,-0.7945345039623424,-0.5786123410008546,0.0
-0.9523157330688455,0.3295989405892311,-0.7193535419777127,-0.5408751410702992,1.0
-0.9522700303671898,0.3223583981943873,-0.6999158511008612,-0.5421028341487181,1.0
-0.9700162457907283,0.31676315762469665,-0.6587412064614995,-0.5454664573407827,1.0
-0.9601580202390325,0.33859104442816446,-0.7079149117595963,-0.5212853152424097,1.0
-0.9869042644392687,0.31203440280618866,-0.5773541173089468,-0.6361672195640121,2.0
-0.9841623507290754,0.299224093743332,-0.6189054735825058,-0.5615239805435519,0.0
-0.9421967247792533,0.287256217541029,-0.6487176692758905,-0.6428260516463561,2.0
-0.9889516319987574,0.30844721613308124,-0.6028202872991933,-0.5411841291929369,0.0
-0.9797378454677995,0.31460008865779054,-0.6510332879547088,-0.5277433548881871,1.0
-0.9796246587263071,0.2814230329126091,-0.6137528323077454,-0.5437211302180682,1.0
-0.961083678612059,0.29377749037688916,-0.647945512920818,-0.5785316448727187,0.0
-0.9063836828879986,0.30726275194666075,-0.6492814163917434,-0.6998846441813356,2.0
-0.920376717360595,0.336314904146891,-0.7748282103642249,-0.5448319524732297,1.0
-0.8924865649375965,0.36496323410189174,-0.7821531088427309,-0.6086804890752462,0.0
-0.969188904246769,0.3387338874872874,-0.6684194450665529,-0.5331064797641051,1.0
-0.7395707194959711,0.44009100687516606,-0.6809569785059449,-0.6295964022360767,2.0
-0.8983086045568541,0.35455795355690434,-0.6949283784395814,-0.5721327010806837,1.0
-0.9732595595749114,0.3034252043497746,-0.6327657395181703,-0.5437951359308186,1.0
-0.9754472004231336,0.32072577577775463,-0.6319346259721029,-0.5511582573444666,0.0
-0.985544233734611,0.2832550231630309,-0.599931881229461,-0.5663382456833126,0.0
-0.9778225534730509,0.3059103709920006,-0.6259979063298737,-0.5639778615777378,0.0
-0.9901498197083515,0.29377781487727117,-0.5718497682518637,-0.6263586318906313,2.0
-0.9051437012205069,0.3164172330418304,-0.7234536086992669,-0.59393127542034,0.0
-0.9484611700759704,0.32944985937623034,-0.625421068615252,-0.6833537700149989,2.0
-0.9501500695665975,0.36793725335754246,-0.6744641522365167,-0.6246972919015827,2.0
-0.9836916821850609,0.2962325614201103,-0.5733414984308403,-0.6442824466789135,2.0
-0.9771278746011751,0.33225084236723584,-0.6302490047255506,-0.5220260794423975,1.0
-0.961250288283565,0.3405206906301184,-0.6846297381555437,-0.5110448308324665,1.0
-0.9484839918956429,0.35352882873136326,-0.6560869913484675,-0.6585227459865584,2.0
-0.8585511300060378,0.3002167492148887,-0.7517114907475418,-0.6238272654011925,0.0
-0.8207447236750023,0.25970260804419254,-0.7587274565847164,-0.6352291508213045,1.0
-0.8805465577831666,0.36502700726879805,-0.8146621656552104,-0.5486685419751052,1.0
-0.8765003607462729,0.34478809296739993,-0.8130763533004963,-0.5309761284155731,1.0
-0.9571641696336336,0.3513771824856743,-0.6932446473485789,-0.552438543932167,1.0
-0.9748079016724608,0.33160368458542844,-0.6320730811031144,-0.5812300024429301,0.0
-0.7747969681369102,0.3952625038016778,-0.8553073019034823,-0.5709718643949484,1.0
-0.9736929500516209,0.3249085578179606,-0.6596651467173851,-0.5533451444983444,2.0
-0.9552822184574702,0.33191523508888743,-0.6861346402774287,-0.617037436585814,2.0
-0.9008431211759674,0.29662994009036225,-0.6699944659819184,-0.6494554294680938,0.0
-0.8343298834025109,0.3555975463789225,-0.8888172305664328,-0.5521990347549038,1.0
-0.9350250851722118,0.3143899470210326,-0.6598586858110148,-0.6621583623444168,2.0
-0.9672480929926068,0.2994931775092959,-0.6462887201341918,-0.5550303928681464,0.0
-0.7809699248288027,0.2664312360856229,-0.8496288306683393,-0.648153543564942,0.0
-0.9533112345349558,0.3348874608438306,-0.705882804196537,-0.5333107834046544,0.0
-0.8440209618827355,0.3933464695631682,-0.8032796341482514,-0.5493467399574363,0.0
-0.9779060058451033,0.3261848453502765,-0.6397268886807752,-0.5295984432946843,1.0
-0.8825184242495148,0.27942254360391927,-0.7380981858884067,-0.6697233470564659,0.0
-0.9562245512109491,0.36150600082278217,-0.6471751051895774,-0.6659038509664227,2.0
-0.9623458906187219,0.33972897470366914,-0.6823259069666456,-0.5299550022060143,1.0
-0.9477868187114753,0.3155698579553222,-0.6008574407389087,-0.6767394411406047,2.0
-0.931782922806401,0.38273570251093536,-0.669779448708366,-0.6992676966242027,2.0
-0.9689772027679208,0.3223436463115471,-0.6802007141901607,-0.5255892684250949,1.0
-0.931674050334846,0.3875161813307266,-0.7423951746411548,-0.570171342167898,0.0
-0.993034402980699,0.28111738230725825,-0.5785332341713028,-0.5341655804799782,1.0
-0.964448836709838,0.29974279515301105,-0.6283567845538129,-0.620305715037321,0.0
-0.9603429816446082,0.33060116057505673,-0.686037738559256,-0.55321691230947,0.0
-0.9335926536726135,0.37648078943794977,-0.7426820597496131,-0.5502252387373435,0.0
-0.9719116171068444,0.33012138049188594,-0.6472158713766154,-0.5518789961552817,0.0
-0.669434647681052,0.3096975877462541,-0.7706136330789525,-0.753839905181409,2.0
-0.8766142264512155,0.33545393800057044,-0.8282460468188546,-0.5367703241101542,1.0
-0.8330391939850869,0.27553987831398036,-0.7882576478098994,-0.7627035889454077,2.0
-0.8758168345231837,0.28524860111757233,-0.7401950070046259,-0.6684630336181113,0.0
-0.9776386660277244,0.3275373840468308,-0.6521013774145579,-0.5234329473775217,1.0
-0.9498254441849182,0.324398183099338,-0.6243951924883803,-0.6849939397673864,2.0
-0.951898871342879,0.3630901570015047,-0.7042268125386747,-0.5423108033443957,1.0
-0.9065952087589196,0.33697949590481635,-0.8085998782665255,-0.5765620853883535,1.0
-0.9755928263809042,0.31334970181862054,-0.6509452021967967,-0.5302472641401003,1.0
-0.9366022933737733,0.3522026127116057,-0.7296403054970868,-0.5471820904309141,0.0
-0.9495956364281036,0.27669223316757424,-0.6727677231977626,-0.601426534889592,0.0
-0.6773032663951255,0.5975868638235853,-0.563891280830903,-0.4945834974698283,2.0
-0.9646310006296513,0.3350770593041603,-0.6391795388152867,-0.6270427979972312,2.0
-0.9523116235688507,0.37826947444447206,-0.6609713585799278,-0.677033824482736,2.0
-0.9060625877021652,0.4134490991078816,-0.6813712105449814,-0.6836742020874185,2.0
-0.9844165570094141,0.3004461556446637,-0.5808888120015241,-0.6362357405078236,2.0
-0.9603662422284988,0.32888491133235936,-0.6933647414488632,-0.5413560183072555,0.0
-0.824575213343334,0.40779892664382955,-0.675947526645411,-0.7720501498976619,2.0
-0.9780675925641666,0.3274677593198053,-0.6527787727254649,-0.5320247631177807,1.0
-0.8521822395285141,0.37917380584966803,-0.8150491800189065,-0.5679338563426212,0.0
-0.9906159420960798,0.31174488885686624,-0.5560893525911104,-0.6432574129619587,2.0
-0.9711665211251082,0.2807898555222664,-0.6254769596882699,-0.5708340602833992,0.0
-0.9069960509563264,0.3559756751593793,-0.7416945618790487,-0.6255777747071152,2.0
-0.8530623140769444,0.32709411746000766,-0.742107174610925,-0.7124472583212974,2.0
-0.8308750641015923,0.39920796367938893,-0.922966520313799,-0.5044539763052125,1.0
-0.888986113935557,0.352783402062407,-0.7692351676765543,-0.5339428551801878,1.0
-0.9154185732719472,0.3338037160173077,-0.6629988319412622,-0.7319861768892894,2.0
-0.9143602078350428,0.3878595949069655,-0.7296318086065124,-0.6212151289406931,0.0
-0.9629273645635469,0.3281554632089985,-0.6680911696289245,-0.5331964202953098,0.0
-0.976153100478836,0.32702832654816705,-0.603056085307843,-0.6542322082205401,2.0
-0.9110526896103117,0.357090874870483,-0.7863560476818362,-0.5311008527684823,1.0
-0.9636938752050822,0.30205697175468826,-0.6566549782251114,-0.5336001884953621,1.0
-0.9131564627589609,0.3653274458878578,-0.796061406998278,-0.5446648931628045,1.0
-0.9548951671275607,0.33419336154309587,-0.6341270145053379,-0.6818080779516849,2.0
-0.8503624025410939,0.38421450199832985,-0.7942021601495911,-0.5436010574710909,0.0
-0.9332332105355139,0.3680737576714033,-0.7484800199913835,-0.5309302639858017,0.0
-0.9653282089175337,0.34464589479153174,-0.69143520861133,-0.5156851631336208,1.0
-0.8584999768408973,0.2862480069557419,-0.7256970843530337,-0.5553500942287191,1.0
-0.9572584726016345,0.34303283414042085,-0.6653784765388222,-0.612570893251342,2.0
-0.9276231671751235,0.29606069941801516,-0.7222917845142284,-0.5521123033168579,1.0
-0.9811345507136364,0.31444119726846453,-0.6125018994496314,-0.5613004008732468,0.0
-0.9853368509607819,0.30682753526045364,-0.615787341116469,-0.5380889605240368,1.0
-0.9936427162787748,0.2977643875658205,-0.53839031245176,-0.6329397312209153,2.0
-0.9812196070822989,0.30673860140903086,-0.5912076792070972,-0.6298210994948608,2.0
-0.5280193218345516,0.7907164425945645,-0.2279536238333545,-0.27039692411481225,0.0
-0.9635164392746082,0.33305160527214006,-0.6841848843660383,-0.5201947532416635,1.0
-0.9399613246872931,0.3442616049281233,-0.7432211663307915,-0.5226814805059282,1.0
-0.6272004910998883,0.4947862540591775,-0.5626729098808725,-0.42153325886600135,0.0
-0.9876653396504647,0.31728081956876725,-0.576687775863497,-0.6331976749141981,2.0
-0.9629522910397833,0.3158219197778006,-0.6646224557866907,-0.5420005304054838,1.0
-0.7273410950623477,0.6570776315354331,-0.42074427426025246,-0.3196426700117321,0.0
-0.8378543673543498,0.4623986469438932,-0.6997027415446136,-0.7218929999654571,2.0
-0.9759470760504827,0.3248416770310123,-0.6676784792322328,-0.5140797995768226,1.0
-0.977332270530778,0.31471103154946506,-0.6312968441518182,-0.5351197249213181,1.0
-0.9500756332835872,0.3777396000132476,-0.6438272952649468,-0.6700771346727011,2.0
-0.937217125715193,0.3679567657792728,-0.7275930560822716,-0.538972556189136,1.0
-0.5958958823487677,0.13076017623844802,-0.8549128206525526,-0.8082101811409842,1.0
-0.9650439804898359,0.3560250986616432,-0.6289810927165651,-0.6626480964742658,2.0
-0.9541645691257581,0.36918981394335626,-0.6377948412984242,-0.6360791113810148,2.0
-0.9910755696016001,0.26892937402225603,-0.5705237293555214,-0.5873412185533515,0.0
-0.9526926912963585,0.3263148442796315,-0.6854359275892321,-0.5343680012475273,1.0
-0.9090306405097087,0.41291956367363813,-0.7454876569133315,-0.5642540613543627,0.0
-0.97842223850094,0.2999312162193688,-0.5859767728636849,-0.6419413165910125,2.0
-0.9717779265160578,0.3245917984969217,-0.6582439362514324,-0.5364021770842579,0.0
-0.9436172952112376,0.3153521002995797,-0.7071815553319593,-0.5406127942863584,1.0
-0.9376321111999782,0.3478944176917102,-0.7442881918424807,-0.5392188521149616,1.0
-0.7768384848581329,0.24583843317552695,-0.8710818113146158,-0.6616810401770407,2.0
-0.9663267149683505,0.3336349739822852,-0.6812635536832619,-0.5351707321920783,0.0
-0.9910241791300961,0.29150784633051646,-0.5498052714460482,-0.6442096135866369,2.0
-0.9734202757182574,0.32192608643202447,-0.6348753813478971,-0.5849205080587313,0.0
-0.9197367414842164,0.3789696093223029,-0.684996062840344,-0.7069463474437374,2.0
-0.7911144839056777,0.3233668752148793,-0.7140869385780632,-0.6894328802966763,2.0
-0.9802466356042151,0.30413262636767513,-0.6266206626406915,-0.5410537156630679,1.0
-0.9869345027953987,0.29588474595774883,-0.5782486428834275,-0.6504369663174022,2.0
-0.9613382266625163,0.35447887991387905,-0.6236638914024334,-0.6843433660282005,2.0
-0.9635654754502082,0.3153003832712312,-0.6709507483658084,-0.556054744690586,0.0
-0.6827207886809846,0.28717040202609917,-0.6465309275222267,-0.8280465070534259,2.0
-0.9577535458267068,0.3268417138633558,-0.6847734971678826,-0.5704754359456712,0.0
-0.9466774859084023,0.32104814066998527,-0.6606973360189103,-0.6522523819406542,0.0
-0.9676632759114622,0.33115911696885203,-0.6806540033886543,-0.524784074132844,1.0
-0.9141359951335887,0.19326696711940064,-0.5985456321098266,-0.6254812281468384,0.0
-0.9753874075669665,0.32616315497393455,-0.6126039959003221,-0.6247518052079124,0.0
-0.8568475930901063,0.3914911327787065,-0.7868189635782904,-0.5444950904872701,1.0
-0.837420555666651,0.32887672046806793,-0.8732254150396871,-0.6005695111128899,1.0
-0.274065348464978,0.6346236834426635,0.3570828203235956,-0.9071712840000727,2.0
-0.9410527304048714,0.3663696790967256,-0.7009368918651797,-0.6244883699905851,2.0
-0.9884728381150147,0.285755712377361,-0.5584948676786748,-0.6569760819440555,2.0
-0.8258858428048366,0.37617607575173256,-0.87308851202333,-0.48344689836501364,1.0
-0.8509218888955826,0.3323857988160631,-0.8255001388418501,-0.5523548958124653,0.0
-0.9182605605751443,0.30691510681624873,-0.7576497091744124,-0.5671779508976108,1.0
-0.9133152576091687,0.3742773269257598,-0.8090934326591918,-0.5260234019544363,1.0
-0.9906949163765363,0.28839684724012055,-0.5474685273688764,-0.6307174827433298,2.0
-0.7805701446746407,0.33125301728878004,-0.8941240318066593,-0.6091789091282915,1.0
-0.9838112620298278,0.30163021675226903,-0.6201853585474422,-0.5353269824633047,1.0
-0.8793336810677524,0.36604098072098706,-0.7897575076666052,-0.6818494171533807,2.0
-0.5589692136977236,0.22045180137119136,-0.802850781569381,-0.7566776540385247,2.0
-0.9578061925575975,0.32406701663623094,-0.701960071209203,-0.5365123823154636,1.0
-0.9639713216070643,0.3520266399051002,-0.677683772867119,-0.5383290630848805,0.0
-0.9303796613171762,0.3485877353438383,-0.730856560743802,-0.5590640696619386,0.0
-0.9296565652365473,0.41409567638920575,-0.7218929707269837,-0.519271727228366,1.0
-0.9434172403121878,0.3255945651629224,-0.6891617774125232,-0.5509348246485584,0.0
-0.9544655345293775,0.38282091876529656,-0.6718933463773713,-0.6312341742248117,2.0
-0.6464316461315762,0.6437137447580839,-0.6581529065010939,-0.4885045967077898,2.0
-0.9723530947401565,0.3445217303604974,-0.630861299459524,-0.5716904531159646,0.0
-0.9378631124372524,0.32139603982298237,-0.737787758629019,-0.588235449003532,0.0
-0.9714601374819917,0.31676329934492264,-0.6174526042261281,-0.6398995367738075,2.0
-0.9875816038151817,0.302998111216205,-0.5856462362425905,-0.6069982825441573,0.0
-0.9556096825254858,0.3737858656784046,-0.6668729818196074,-0.6525587394322311,2.0
-0.9533548251300529,0.35056006386287125,-0.6714511973416838,-0.5929124187833469,0.0
-0.9858943470183024,0.30862725129533053,-0.6043304780511626,-0.5485092219686887,0.0
-0.9750755762673726,0.31192695482771643,-0.5900079086959054,-0.6586370544627973,2.0
-0.9869607977428213,0.31372446971059137,-0.6105811177023571,-0.5476697093915837,0.0
-0.9078504477568414,0.3312208320237107,-0.7942810176679559,-0.5276903745940277,1.0
-0.9209323438390563,0.33476490944765247,-0.7518559086880547,-0.5619933695089084,1.0
-0.9654535890962688,0.33189133637728613,-0.6196249271860294,-0.6732567449644677,2.0
-0.979550946725959,0.31311403238674007,-0.6350969984306779,-0.533983557254547,1.0
-0.8565146914470867,0.26654045715688635,-0.7396321257314236,-0.6538503762742321,0.0
-0.6809059624182365,0.33988772357166,-0.927846789804174,-0.5068081078243953,1.0
-0.9640715895493681,0.356134184848867,-0.6380449196428244,-0.6504457269333781,2.0
-0.9737409352679975,0.2991074182462726,-0.6467910663760227,-0.5325871856910166,1.0
-0.9022930218961491,0.3839975715290328,-0.7941073499380048,-0.5687158230268842,2.0
-0.9929890974754843,0.2946030581994658,-0.5651514114189663,-0.6178725492684508,2.0
-0.8656953773111169,0.33361986369166624,-0.756074863035458,-0.7290613531460408,2.0
-0.9522927174938236,0.3723289744027012,-0.6624194196606141,-0.6603825396701349,2.0
-0.9514745097609318,0.32783816853753844,-0.7137339632298205,-0.5445320363034141,1.0
-0.6459185552285944,0.527341048772706,-0.4163384268625508,-0.9118089455259155,2.0
-0.9355184083002581,0.32448444507715385,-0.7483322652895352,-0.5441298069063626,1.0
-0.9319679570831833,0.3715939015055132,-0.74543765410494,-0.514583244377749,0.0
-0.9297767255369463,0.35517629634980513,-0.6992727181289803,-0.6348284793736686,2.0
-0.9065473323228331,0.3382826430693513,-0.6768704586862014,-0.7085993528340301,2.0
-0.9099544541834621,0.35894697253968066,-0.7580512023652277,-0.5378665906479656,1.0
-0.9328202000469972,0.37487476436486,-0.7459457518853936,-0.5237293860847776,0.0
-0.9640778575943273,0.3309201016826292,-0.6748846301757427,-0.5607060935563604,0.0
-0.9697237571690359,0.3389543056392311,-0.6211355611390538,-0.6317581850259478,2.0
-0.9739136119641227,0.340252449918644,-0.6523182198791276,-0.5505957974912454,0.0
-0.94601348387868,0.3272496820340266,-0.6863106303272373,-0.5769508657284252,0.0
-0.8826111755634264,0.27784684276339355,-0.6751837800213568,-0.7470911279521146,2.0
-0.9792537658131009,0.31415616627861814,-0.590705571969839,-0.6203100811352203,0.0
-0.9818677320547488,0.32381516508869035,-0.6182836540811271,-0.5489403492282864,0.0
-0.9706331345509452,0.3420438175944939,-0.6498062346692207,-0.5994864361397595,0.0
-0.9834127759972805,0.32115044222684563,-0.5777558794022308,-0.6427885808082837,2.0
-0.9050652128986842,0.38608726475917715,-0.7572099637464429,-0.6434688226673282,2.0
-0.9520323063357838,0.31301729212671464,-0.709088702683903,-0.5288509654645666,0.0
-0.9294826126224591,0.33795866510902905,-0.742886368609882,-0.5617202939243967,0.0
-0.9252333518275925,0.35897819535580017,-0.777039434920556,-0.5250783297393536,1.0
-0.7949945699590872,0.27507414150336007,-0.8829173146896597,-0.5961976654038532,1.0
-0.9694190043774263,0.33328099444808645,-0.6607902995890582,-0.5403824458101737,1.0
-0.9194256839767275,0.3637192427529412,-0.7977943477056348,-0.530814361689949,1.0
-0.9425045577487083,0.30285840610561987,-0.6803936487387494,-0.5800437789012234,0.0
-0.8636863620836965,0.3064463209793436,-0.7537399075374098,-0.6865179929772827,2.0
-0.9468813866349178,0.3432287610199476,-0.7414384908887094,-0.5399535145662703,1.0
-0.9785206580662476,0.28013764036419375,-0.5567086078157525,-0.6588097592002206,2.0
-0.802140432675435,0.2680587279861945,-0.8042809518791376,-0.7416987073300394,2.0
-0.9766010381026098,0.3076159868690272,-0.6092927309309986,-0.6345796125384755,2.0
-0.9878826285586213,0.29618328923923903,-0.5608474791326492,-0.6382480021091155,2.0
-0.9232401435093891,0.3517937817063642,-0.6751359260112889,-0.7212267660428884,2.0
-0.9915291857375619,0.3098592638740335,-0.551355322085751,-0.6332372273514942,2.0
-0.9432116940307338,0.40415105758124104,-0.6556263075683904,-0.67874288309634,2.0
-0.9479608891819122,0.34254951609956735,-0.7135660910237818,-0.5301464872577808,1.0
-0.8591886402099714,0.3459840251786486,-0.8027461444332485,-0.6645786093307643,2.0
-0.7766745934477042,0.2372641489708044,-0.816799206562811,-0.699378854271461,0.0
-0.9660924264624937,0.30813512711975216,-0.6564421402838374,-0.5383998336907787,1.0
-0.9391769008326132,0.36326078041851356,-0.6629019564076898,-0.6836786902281127,2.0
-0.9900127216624393,0.3037074771477937,-0.5827657707406,-0.6001953479620418,0.0
-0.9732347688636482,0.3254096143960345,-0.6565095794017595,-0.5384400932902905,1.0
-0.8901806838311059,0.3747692191085568,-0.8215707637691219,-0.5186108737814888,1.0
-0.7332378670055771,0.36206111620740716,-0.9409589259759829,-0.5445226273637118,1.0
-0.9753413275202798,0.33221953249861813,-0.6510192695521384,-0.5319959225052551,1.0
-0.927780590436732,0.32354860203639085,-0.7015124349037108,-0.6655290744567299,2.0
-0.937780726051537,0.31969116071333575,-0.6550756682614386,-0.644979576655684,2.0
-0.8303753892917818,0.32183965686479427,-0.7765236787065838,-0.5762919076812791,1.0
-0.9274224779277976,0.40318592723047536,-0.7029181635036533,-0.6626983773022039,2.0
-0.9233370997216318,0.3425386348883937,-0.7505681672399638,-0.5547664223970288,0.0
-0.9512736366670369,0.34218888805507974,-0.6921028568857739,-0.5355851674382401,1.0
-0.9686514442521643,0.3430848969811855,-0.6674189715405632,-0.5292337567220496,0.0
-0.9040543426281819,0.4238777241020187,-0.7359411866960655,-0.6752185757778784,2.0
-0.9909486179838084,0.27159334560259907,-0.5640332627110447,-0.5924655870528518,0.0
-0.9807527680540807,0.3233485992276811,-0.6376553830863356,-0.5251284748160865,1.0
-0.8734476793797354,0.4143895694707212,-0.6897211159079902,-0.6695778198333681,2.0
-0.978372582438531,0.31258196537969846,-0.6531909480110831,-0.5204025718832851,1.0
-0.9701836753103671,0.33950799491558253,-0.633344854834138,-0.6307643125325363,0.0
-0.981160547288982,0.30385375831489125,-0.6163857688458387,-0.523727042864664,1.0
-0.9355234550437705,0.32185150400854523,-0.6986671825954561,-0.6445370574899053,2.0
-0.98417274776722,0.3024896843285039,-0.5704660825409877,-0.6664175253575357,2.0
-0.954129241646354,0.3642863853747843,-0.6745757738293858,-0.6212832100536338,2.0
-0.9770636557268828,0.32055057663074604,-0.6278572030973062,-0.5450629426156027,0.0
-0.6866811370130685,0.33536607520193507,-0.7023377889340151,-0.7022108566224705,2.0
-0.9790715123763689,0.30687040422734313,-0.6017966147227366,-0.6339963510762215,2.0
-0.9821335264378402,0.30983873795104827,-0.6145227079514197,-0.5528816450160531,0.0
-0.8519661708597038,0.46497208941955,-0.7543991611793607,-0.5140867489886892,0.0
-0.9564383324457325,0.33219742439560573,-0.6629901386558715,-0.5974820879952936,2.0
-0.8906064868324058,0.3607009469539789,-0.8090472988356854,-0.5408483347473931,1.0
-0.8112172839819921,0.39543511717029334,-0.915903765508659,-0.4465135361608514,1.0
-0.6259728696405631,0.2575414097505848,-0.8688948676052355,-0.4582790598485592,1.0
-0.9510682082392952,0.3291725743456063,-0.7119834662227172,-0.5383575381500948,0.0
-0.8070777694181469,0.2696234725343895,-0.7922781142808225,-0.7498425323659981,2.0
-0.8528654793535634,0.4784450430199098,-0.6720464994802344,-0.5143891745632246,0.0
-0.8991648014104348,0.292830709938432,-0.747357990531809,-0.6057134377729185,0.0
-0.9772409204316171,0.3329766812655565,-0.6225097924019746,-0.6031862260128874,0.0
-0.9474083066208183,0.3259007538299117,-0.7337058120514777,-0.5471046417948056,0.0
-0.8642664896817691,0.3275471264892491,-0.7719461530399114,-0.5579089172772908,1.0
-0.9290097026838611,0.3397990040888165,-0.7610186305588977,-0.5508319628942131,1.0
-0.9279269294459183,0.3638487129781398,-0.6632531937725237,-0.7069759810139944,2.0
-0.9551703550046234,0.3465446633220082,-0.7121874820608667,-0.5363174136208585,0.0
-0.9243489881990539,0.41396639698428617,-0.6681688259796063,-0.6603048939680722,2.0
-0.9633520439843208,0.33602903094254183,-0.6681336584403289,-0.5280891656143106,1.0
-0.966619926456236,0.3218592969389837,-0.6658898743648182,-0.5318593737487308,1.0
-0.9658603746172928,0.3208031884696129,-0.6738973640905629,-0.5537846854596866,1.0
-0.9457961361271128,0.3947745519323979,-0.6857518221050296,-0.6520772682450217,2.0
-0.479487093447219,0.15064286232724608,-0.7258281888688422,-0.6674388998273011,0.0
-0.9483328883555158,0.328047377899447,-0.651277398983626,-0.6669265535284694,2.0
-0.9339251489167145,0.3331425186509972,-0.7078810348154126,-0.6170770666823542,0.0
-0.9547428438477193,0.3434766425297152,-0.7182297133437181,-0.5261404140794204,1.0
-0.9230452045223897,0.2811312649468617,-0.6115198512518945,-0.729027751601337,2.0
-0.8864087064046179,0.36657662231604726,-0.7931664935292533,-0.54237463349282,0.0
-0.9632799708784406,0.32475578709926106,-0.6646680440551809,-0.5802714302546854,0.0
-0.9611147410897803,0.3519263028010179,-0.6830425656031627,-0.529266426743534,1.0
-0.970386435272871,0.3432696030349738,-0.6647568848006947,-0.5583526006625674,0.0
-0.9718659549909957,0.31407848826433404,-0.6145990399324167,-0.6326169841334521,2.0
-0.968713759633563,0.3278733753018536,-0.6570833510667591,-0.5825965406781145,0.0
-0.8751578805456014,0.3840241326771768,-0.8243648956965237,-0.6538074463810453,2.0
-0.9607186672252613,0.35300481293435587,-0.6965183483955705,-0.5420679961343162,0.0
-0.8236612506296558,0.27018907236133644,-0.7987940756812477,-0.6701920296044819,0.0
-0.9744930208629764,0.30651238673629977,-0.626176073896041,-0.5536326135217037,0.0
-0.6053703516846297,0.33959749398038125,-0.6809183937646163,-0.6770569859792146,1.0
-0.9502452056173661,0.32776662063809386,-0.6769467098532863,-0.568087619136462,0.0
-0.9779316194585952,0.31952383039967686,-0.640951981449206,-0.5334266269082686,1.0
-0.9652832787721103,0.33549973720314336,-0.6629116089797051,-0.5479633268684428,0.0
-0.9454907135535111,0.3807198073058185,-0.6898095484145033,-0.6436277233159934,2.0
-0.9311938333533322,0.3907543016866684,-0.677693044868538,-0.6796659607232116,2.0
-0.9174360771084591,0.26428981105157895,-0.6428431117894468,-0.718919856178729,2.0
-0.9703262152647365,0.33937485245390586,-0.6302826495880519,-0.650006886377403,2.0
-0.9655439251929805,0.3260914273217452,-0.6601453534640814,-0.5581954194871716,0.0
1.0,-1.0,0.8888312681827579,0.9999999999999998,2.0
-0.9593595717210476,0.31401598468529196,-0.6883896028623203,-0.5505950337707861,1.0
-0.8059865882172459,0.4958707494637974,-0.720811491169782,-0.519588446630239,1.0
-0.8147243578251797,0.3330876906595692,-0.8791197051152388,-0.5976403844910179,1.0
-0.7521941761764238,0.3147485729002577,-0.922701331075601,-0.5139991029989779,1.0
-0.9717815261888922,0.3366365380007486,-0.6242696387664477,-0.5896244702946307,0.0
-0.9531513989643017,0.3247594306925861,-0.6955285375365802,-0.584359387281534,0.0
-0.8830472346959145,0.35412756421400954,-0.8034079260727591,-0.5458398417235945,1.0
-0.9349194800172407,0.3463040841247456,-0.7375782982209141,-0.5791654364776059,0.0
-0.9493447747461932,0.3619476744016461,-0.6983383528808825,-0.5455770104634661,0.0
-0.6125440695424746,0.4858518707434007,-0.6958851745165808,-0.668634739260947,2.0
-0.9704003508852941,0.33684845060858604,-0.6222026072598555,-0.6146065636357367,0.0
-0.973807767631736,0.3245869115591253,-0.6566599912839897,-0.5476206280828717,0.0
-0.9451398002150645,0.36628214696069167,-0.7292808386608314,-0.5416213230680212,0.0
-0.9179305326858497,0.32986121191293327,-0.7628135126003526,-0.5606962479549349,1.0
-0.9710084817917983,0.3296791481693833,-0.618331234746559,-0.6316918584183184,2.0
-0.8839424182988935,0.36789409799060496,-0.807093583497555,-0.49061575481721276,1.0
-0.8069686625070891,0.3173953808566438,-0.8188627942492067,-0.6219894651685088,1.0
-0.9786718947401744,0.2870446188094442,-0.6247712020724259,-0.5357288822980915,1.0
-0.5950506697469689,0.26600616818339823,-0.9323706593739687,-0.46783118725740835,1.0
-0.9674683993099495,0.33200497409847296,-0.681322959080505,-0.5340213762751858,1.0
-0.9595398317444037,0.35027261379406616,-0.689084774275245,-0.5258933620672531,1.0
-0.9410964153634506,0.3318814512139019,-0.6754259178434195,-0.6411202383682177,0.0
-0.9899420032316085,0.2841477753681325,-0.5921874971717778,-0.5623991254162901,0.0
-0.984885699049651,0.3116470916414464,-0.5815309224895612,-0.6228790762229004,2.0
-0.9897317039859008,0.31344074508655007,-0.605870586637352,-0.532522504448181,1.0
-0.8617201766232474,0.33047198648313736,-0.7746427358356487,-0.6797377706626958,2.0
-0.8758909643172043,0.33336721692794447,-0.7561307138261532,-0.7155874611429875,2.0
-0.9698451994139384,0.327465810415679,-0.6646747749291646,-0.5282495526362315,1.0
-0.8948946012764668,0.34327916881578713,-0.6862274622065616,-0.7523252918524619,2.0
-0.960893462117315,0.35214358528480194,-0.6686200483461712,-0.5562301202737372,0.0
-0.894713653953286,0.3263385602771725,-0.7743608537577463,-0.5899730750235338,0.0
-0.8265288417609941,0.4135973524644172,-0.7322104087987424,-0.7345437164721249,2.0
-0.9209063216852483,0.3025980322080993,-0.6893080661626731,-0.6812533691053497,2.0
-0.9207477160895352,0.38175853815327043,-0.7988325669195255,-0.5056301399624137,1.0
-0.9479489937034942,0.37418569025628207,-0.7183671981629519,-0.5289207787465827,1.0
-0.973426381117859,0.3335297501192236,-0.6248657760431904,-0.5960317528400711,0.0
-0.9660480011762014,0.32301144833530354,-0.6292232562215474,-0.6380934862234058,2.0
-0.7496901717560125,0.3006143412874484,-0.9142854311685887,-0.572564491970765,1.0
-0.9639575761325443,0.35570038077586885,-0.6876719504998046,-0.5237226323649417,0.0
-0.9773934880972742,0.33290872464422233,-0.6329520003010665,-0.5723803731190491,0.0
-0.8536549683785468,0.31730873128624637,-0.7962856482518672,-0.6133877314610193,1.0
-0.9683416252280644,0.31117492278683134,-0.6546557652615465,-0.5433901356542264,0.0
-0.9654936822091221,0.3481901081492705,-0.6249634824601258,-0.6172502151549735,2.0
-0.9723535137229073,0.2984939564346689,-0.6055220999055814,-0.5800168842354102,0.0
-0.9667733998394424,0.3043477310824524,-0.6150865946022932,-0.6570487305582349,2.0
-0.9848641688985547,0.30616434400256065,-0.6209304703993402,-0.5307529488120158,1.0
-0.9222827836437152,0.3498598843999244,-0.7581478934904222,-0.5497334753119136,0.0
-0.9505295053588054,0.288432216450448,-0.6439963924261072,-0.5888425510640308,0.0
-0.8993208017862689,0.3129756906367275,-0.7809879125371103,-0.5694673611468835,1.0
-0.8666207315912108,0.29550369440931273,-0.7638911441582255,-0.5849493118146186,1.0
-0.9827305603069509,0.31610672231249115,-0.6165715120109788,-0.541423176920804,0.0
-0.9463193835635628,0.3034797141992391,-0.681863159613035,-0.5901735927998619,0.0
-0.9684724427495585,0.31890941842991277,-0.6139364027820763,-0.6389378145907474,2.0
-0.8645558867089498,0.2732440704585134,-0.7275242323793908,-0.6607680404872941,0.0
-0.9529120264454646,0.35915113159394413,-0.6521847905404801,-0.6227890520611565,2.0
-0.9761718276015072,0.32174858946821994,-0.6375554921206918,-0.5323444471161425,0.0
-0.9722677038273432,0.3193091701325962,-0.6530333395564201,-0.5308283846162011,1.0
-0.9000380500032218,0.35513690188681724,-0.816034296021984,-0.5427910296456749,1.0
-0.9579895345980495,0.3403329317578742,-0.6416823846381599,-0.676660679520251,2.0
-0.9721346524340879,0.3309012150740455,-0.6468421535267899,-0.5726437738572079,0.0
-0.9604434039112771,0.36597791137762825,-0.6891138079176851,-0.5209638476001979,0.0
-0.9022963074297484,0.3030872351491385,-0.6972351305940576,-0.7130353148553228,2.0
-0.9521722677475247,0.33014348290999695,-0.6423284130421871,-0.6882115345998371,2.0
-0.8811696356473542,0.38711958983857464,-0.7896798098703416,-0.5367523993196324,1.0
-0.9151532832245332,0.34866900275904944,-0.7811362725907245,-0.5347027953047065,1.0
-0.9786063674429697,0.3265611692155825,-0.6440177563440683,-0.5499230174721217,0.0
-0.9811407438808989,0.2973160837278339,-0.5894502316301223,-0.63842926591854,2.0
-0.9817759646761669,0.30520576217248946,-0.5881942442345276,-0.6258704094910028,2.0
-0.9619039991464079,0.31345480495608063,-0.6762866058400313,-0.5416619312798083,1.0
-0.8952160578285839,0.19557361730535547,-0.6220601089892172,-0.6241507189584291,0.0
-0.9670019229035849,0.34642164815013277,-0.6619136995532394,-0.5459232359241718,1.0
-0.9734133715885468,0.33407379181651203,-0.6541749092350394,-0.5329405703680339,0.0
-0.9603101741252826,0.3213841813622496,-0.688228456141703,-0.5553201449712485,0.0
-0.26634807694438123,-0.1697753220323932,-0.4290719699435992,-0.850710565338145,1.0
-0.8077064233051052,0.29928284678053885,-0.8605767565107766,-0.6052187591260366,1.0
-0.960968498931232,0.3314699082816236,-0.6718962629381409,-0.5320351788047271,1.0
-0.9704596128703153,0.3080693210237578,-0.6107741878303985,-0.6413831022853774,2.0
-0.9766651486744995,0.32639507173027243,-0.6560366353980119,-0.522861126864858,1.0
-0.9523906196850365,0.3486889643739368,-0.7018767892160085,-0.6254142082949652,2.0
-0.9734019738103153,0.30929979956791015,-0.6560855349923995,-0.5293835892912871,0.0
-0.6771721091241862,0.37195836762625734,-0.7776149557924535,-0.7966470383672789,2.0
-0.9825838210938291,0.3217000046223055,-0.6199193700166208,-0.5424268627986891,1.0
-0.9647491514638312,0.3026565033834751,-0.605821836717858,-0.6843858801581758,2.0
-0.9865125596415031,0.303366133391559,-0.5804979117285592,-0.643711315721067,2.0
-0.9741209812733419,0.31800494271994617,-0.6027081490275962,-0.6605613668982486,2.0
-0.9356971938786655,0.37858411653188934,-0.7499787911875893,-0.5390974225519375,0.0
-0.9790178440619349,0.30101460735462043,-0.6087668771654164,-0.6347917010946181,2.0
-0.8808721398496813,0.42289612068883903,-0.7313924539052442,-0.523602200299854,0.0
-0.9325150422850856,0.34434540387708285,-0.7434858571247146,-0.5493661823727252,0.0
-0.8890332467686918,0.3146943199039943,-0.7093936270018054,-0.7247926046493584,2.0
-0.7312433522573853,0.1685419427593329,-0.6561769292854176,-0.7375519772556618,2.0
-0.9687588754376435,0.31660055542160803,-0.685147704989653,-0.5177721184032935,1.0
-0.9339779533650485,0.33358476656874886,-0.7405142935681442,-0.5328543331425747,1.0
-0.9718968296802736,0.3088753991603007,-0.6452549327059116,-0.5352481124400712,0.0
-0.9777633814324009,0.3194881774781123,-0.6378288127942762,-0.5351628678694956,1.0
-0.9747880094205008,0.3056644692010779,-0.6148640561355796,-0.6101648655277002,0.0
-0.9199289627743223,0.29365913115675635,-0.6679401470003494,-0.6918458893304477,2.0
-0.9707982709395027,0.3267703505777896,-0.678355170830346,-0.5238776322752329,1.0
-0.9310738099201389,0.3895669286314478,-0.7219786881484989,-0.6731382582964613,2.0
-0.9509828036726427,0.3381784985256682,-0.6872518709351968,-0.5908277650846636,0.0
-0.9024906286796602,0.34280869641114514,-0.8365007763416217,-0.5143660444749996,1.0
-0.9876864551277311,0.3058101361907368,-0.5851410496026762,-0.6247604398708432,2.0
-0.9867008053780548,0.29806285600984606,-0.6004325921909404,-0.560835552748516,0.0
-0.9923956843019058,0.29389054808926407,-0.548543079501181,-0.6272116240760288,2.0
-0.9443556087458723,0.32914413193956077,-0.734140553596463,-0.5034624070537667,1.0
-0.9753698871095695,0.31901954589825376,-0.6491938362719816,-0.5388953060208101,1.0
-0.9510796315477644,0.32542998673525686,-0.6758228040030569,-0.5836817404746943,0.0
-0.9505957027070205,0.36189075852532565,-0.6636110096466483,-0.6743893224256929,2.0
-0.9856390121433827,0.311279761678947,-0.5986515893338488,-0.5795172574260301,0.0
-0.9170010016766892,0.3524074443039688,-0.7776696450327291,-0.5102241800812407,1.0
-0.965615793205556,0.32723379120906126,-0.6677283036532174,-0.5385168649265888,1.0
-0.9757711538711225,0.33791138802564413,-0.6619746801289795,-0.5096411820129235,1.0
-0.9733832588799189,0.32781064012002276,-0.6416828143830283,-0.5992041044636666,0.0
-0.9543206596224812,0.34871811868364494,-0.7149714670239089,-0.5199896288669564,0.0
-0.9688170067641119,0.33529870896585556,-0.6259499471692372,-0.6691561714657838,2.0
-0.977936818042784,0.30312058576461653,-0.5859560279149685,-0.6397223556513204,2.0
-0.9641281794505365,0.33669327203403104,-0.6474706238003907,-0.6345967581188484,2.0
-0.9485900383194726,0.3529290407881388,-0.7315569424983831,-0.5269408877867532,1.0
-0.8591245183367846,0.4854487020042582,-0.6330120980761442,-0.7253341058690246,2.0
-0.9812984973724899,0.31904952648232543,-0.6164809752711532,-0.5630053477858932,0.0
-0.8913612253342464,0.39090326720540536,-0.7928262988317694,-0.5171268616870672,1.0
-0.8198414868583311,0.27224481909817516,-0.7837205752251091,-0.6398992324095426,0.0
-0.9904964068416907,0.3005914604333521,-0.5629253030188377,-0.6223310226502581,2.0
-0.953574598455729,0.3423435304254543,-0.704565412549951,-0.548392550051994,1.0
-0.9709147384784619,0.31698824852819396,-0.6328267751756678,-0.5990852052292731,2.0
-0.8882983860354458,0.3182099230119977,-0.8082277932495697,-0.5707335669844318,1.0
-0.9693478834700578,0.3297071873599887,-0.671108731628352,-0.5425983946452464,0.0
-0.9535256363814518,0.36998236397693185,-0.6692882013921139,-0.6334013511692133,2.0
-0.9584629841302028,0.32777242149380453,-0.7078718332010056,-0.5522814008174155,1.0
-0.9458801539193036,0.3754545621426565,-0.6891110167623375,-0.6689132698119012,2.0
-0.9583806515302218,0.32206283208348574,-0.6673449518568818,-0.5697483046571193,0.0
-0.9567545518566091,0.373964775332868,-0.7030488806626296,-0.5251311280460595,0.0
-0.9709031435889374,0.35677933289153885,-0.6464978601481864,-0.5610693905924837,0.0
-0.9792477516652028,0.29944764262489326,-0.6154132454817678,-0.5398803730593816,1.0
-0.9841879240254994,0.30801363144391286,-0.626861361106881,-0.5340787895823127,0.0
