-0.9785007564217678,0.0007593698997288428,-0.5534743849682129,0.0
-0.9386237059951148,-0.08705069385202606,-0.6139193303901931,1.0
-0.96887313258637,-0.0067063346428342455,-0.5863679768715335,0.0
-0.9004733662029805,-0.10994507992391811,-0.7071843609525532,0.0
-0.718452302217324,-0.3323177601253931,-0.7117310805253058,0.0
-0.9731155936374926,-0.02395258069106855,-0.5590941403977859,0.0
0.19273904588563773,0.5728644064314358,-0.31501464105158017,1.0
-0.830269245171287,-0.23330730731992141,-0.7268287543383625,0.0
-0.8862094361356416,-0.06944498134253772,-0.6863952474260655,1.0
-0.9777734431027599,-0.043295196630455446,-0.5561132098835246,0.0
-0.6167775761561993,-0.5746977307235781,-0.3153667259412397,0.0
-0.4781605637447502,-0.31821154116366107,-0.537011972946693,0.0
-0.9843176713366054,0.011056213886365476,-0.5501249430613255,0.0
-0.9454787775247395,-0.059404112335363746,-0.657001180285616,0.0
-0.8965550137835843,-0.16108409888370806,-0.6693037742435488,0.0
-0.9529648089764985,-0.05891297000724774,-0.6012632843048425,1.0
-0.9499813650110304,-0.017932948650870827,-0.5986047771666141,0.0
-0.6782019704082203,-0.01759595997517374,-0.7582592556377988,0.0
-0.9482305976308203,0.043110829577764506,-0.601094372679537,0.0
-0.9805244989418748,0.028184199858374018,-0.5424733286940896,1.0
-0.9151302617298713,-0.21050772572519977,-0.6291325663282822,0.0
-0.9826856702793739,0.00548175370544067,-0.548283084069507,1.0
-0.9684352922544757,-0.003867746086032138,-0.5716051665599071,0.0
-0.9580907691584712,-0.00809529181594957,-0.6005243258202928,0.0
-0.9820776109939643,0.018442789134011525,-0.5330955118003623,1.0
-0.5874490841545008,0.015419006508620922,-0.8968376909607949,0.0
-0.6639592217819187,-0.14911542532155214,-0.691549871535962,0.0
-0.7868327952300247,-0.18919739914672065,-0.7550023394709271,1.0
-0.9689310690244832,0.0051536311498980095,-0.5963784823987381,0.0
-0.9618978823019081,0.0016338527731423122,-0.5683493142130622,1.0
-0.747036802298992,-0.04396471080513044,-0.8273623115224118,0.0
-0.9388474607423781,-0.06151816862109876,-0.6168204455283779,1.0
-0.9374083958685981,-0.0851913726291684,-0.6122735436916118,0.0
-0.8953276344582579,-0.12360131895526229,-0.6983275054825497,1.0
-0.9399354507861987,-0.04913840319153233,-0.6213513743218598,1.0
-0.9683273218440199,0.005060079763439744,-0.5888294799799231,0.0
-0.8792438079008372,-0.1292976443982049,-0.674250765024645,0.0
-0.9452186824109592,0.0072818279802430025,-0.6043132270901609,0.0
-0.9366137571150308,-0.08770866928329868,-0.6128460486839351,1.0
-0.7761728631903344,-0.04091784932865624,-0.7322004499939558,1.0
-0.9885498121770153,-0.015639899585691668,-0.5323281707101233,0.0
-0.9562570148473148,-0.013124080388862099,-0.5962463938384258,1.0
-0.9514378476521266,-0.04434602518399106,-0.6119837750790157,0.0
-0.8684662101253612,-0.07878972469182333,-0.7301952115626389,0.0
-0.9244702643381026,-0.11136244675112295,-0.650250927621483,0.0
-0.9829393063029398,-0.022725762059759465,-0.5646082655666961,0.0
-0.9799453133648388,0.02686399364010332,-0.544727817773449,1.0
-0.8613387939637608,-0.10473530024139496,-0.7375796539697701,0.0
-0.9615578360468309,-0.0546338019393454,-0.5911597296937072,0.0
-0.9734276487887084,-0.0007399666829115553,-0.5594761309443282,1.0
-0.9387793934756199,-0.06238085752092605,-0.6147151476301257,1.0
-0.5454239218596957,-0.4567695452053623,-0.5666730020793479,0.0
-0.8891619740433947,0.10013485847116471,-0.6272281790233071,1.0
-0.9418502619094411,-0.028222139269121937,-0.6250040746184858,1.0
-0.928374017142144,-0.024921708394169205,-0.6390174866376921,1.0
-0.8178978566261655,0.03307472567123175,-0.7572107982303222,0.0
-0.9739903570065575,0.02257024967230871,-0.5412077815220039,1.0
-0.9643064692329055,-0.021850724331976892,-0.5754618589083473,1.0
-0.9721500048498685,-0.002322188336894737,-0.5594991098092896,1.0
-0.9021474322032758,-0.004814951968021994,-0.6378029720334362,1.0
-0.8603604391770054,-0.06569962951677731,-0.7680041431942355,0.0
-0.9350126019142431,-0.050344010110796256,-0.6384238639328202,1.0
-0.8978906406491477,-0.14144192247659615,-0.6954846209305371,0.0
-0.9708387652096171,-0.013049858130528426,-0.5765728259943286,0.0
-0.697645229431612,-0.12162854205800955,-0.7135491125854411,1.0
-0.751712659561696,-0.15995901258149314,-0.8447436885949858,0.0
-0.9050594613176963,-0.09087226579851987,-0.6392931595447595,1.0
-0.7504361064457953,0.08028420985224127,-0.759075177504762,0.0
-0.9479001914362832,0.09390001476198748,-0.5393809356554408,1.0
-0.8674898028844552,-0.09817898881094043,-0.7341272489310211,0.0
-0.8941195722633506,-0.1277626301538348,-0.6967651248606053,0.0
-0.9048879475919194,-0.1259188789945621,-0.6937494856595643,0.0
-0.9668714995369704,-0.030438150454269397,-0.5813939192854767,1.0
-0.8968266152905837,-0.02601987935799074,-0.6705863407964171,1.0
-0.9532272560724054,-0.02921515747204741,-0.6024618615495562,0.0
-0.6974061561255755,0.0762722223355734,-0.754591426339513,1.0
-0.9581059185747319,-0.032043133574909954,-0.6133523498809785,0.0
-0.9553290141710618,-0.06652604771679949,-0.6135324710101945,0.0
-0.9391434588400768,-0.0919233530057783,-0.6328901636051837,1.0
-0.9518160382853552,0.0046865413421082955,-0.5681724224834375,1.0
-0.9823188186338621,0.014978626088168662,-0.541067562650235,1.0
-0.9118419576865834,-0.13798014463985153,-0.6795224196601859,0.0
-0.9046469630558639,-0.11921232769538687,-0.6896019509305855,0.0
-0.9399618858218921,-0.06438069094442905,-0.6210962499178742,1.0
-0.9223234681846388,-0.10491038326446653,-0.6370409248686245,1.0
-0.9557876643005477,-0.04322237277581059,-0.611687067176024,0.0
-0.9868366404336543,0.004119038364208676,-0.5385469219360626,0.0
-0.8339656591371465,0.03099922207267211,-0.6583755956967279,1.0
-0.9046402426957256,-0.0835980017799336,-0.6437542106675729,1.0
-0.8055787492890506,-0.30433264904417645,-0.560973326114839,0.0
-0.9711202330992775,-0.0411992020313126,-0.5881299792074758,1.0
-0.9711333724881186,0.06467268383543284,-0.5361988039388519,1.0
-0.9265933199266192,-0.016123877772741796,-0.6147368086563934,1.0
-0.9530919484331161,0.031642653864948786,-0.5914136224958109,0.0
-0.966560611648718,-0.020542991954393644,-0.5884739472783179,0.0
-0.9863399789934161,0.013958715077813946,-0.5219241742561341,0.0
-0.9448194247127867,-0.03984815811167766,-0.6266554583771938,0.0
-0.9668575884285868,0.05113762089994203,-0.569265758318456,0.0
-0.9817200231592715,0.055028763895322935,-0.5338371350860902,1.0
-0.960270900773381,0.006154906051693013,-0.5715476247522581,1.0
-0.9792088114532792,-0.001447102769175597,-0.5423870192364164,0.0
-0.9578763819209343,-0.07258388054913473,-0.5996480412419084,0.0
-0.9514021914966706,-0.005107627506783348,-0.5930669583485058,1.0
-0.954199823734444,-0.04295405396664214,-0.6030021927776652,0.0
-0.9588968417482021,-0.04223668883579239,-0.6055228468253613,0.0
-0.9527831252790485,-0.01778039910242729,-0.6225422465891685,0.0
-0.8397274975749464,-0.026091770703878817,-0.7406100533700215,1.0
-0.9407672803343158,-0.05096970167298815,-0.6456823246826723,0.0
-0.9550334351083117,-0.0845907560726168,-0.5979495210250286,0.0
-0.6443982114847664,-0.07774640963760902,-0.8144213249727991,1.0
-0.8595723895493892,-0.03770915460773757,-0.6713780443642432,1.0
-0.9127503014324052,0.04154459859470891,-0.6353611017300045,0.0
-0.824237441950349,-0.05439909906511565,-0.7108547235292063,1.0
-0.8910480501600999,-0.059215150547597004,-0.7320232667501982,0.0
-0.9611703841099766,0.012579160338169762,-0.5821234668827051,1.0
-0.9449502308880381,-0.10811059317192419,-0.6100829375552612,1.0
-0.8957930982690434,0.01436952564616327,-0.6406441150335506,0.0
-0.7546805164649916,-0.10248030662013588,-0.7980013600918027,0.0
-0.6123260245965849,-0.024467162083660968,-0.8429646974702507,0.0
-0.9170418604892978,-0.16554604983386195,-0.6434102453564527,0.0
-0.8614182942636084,-0.14739219176580015,-0.7559717557546745,0.0
-0.8807734627696024,-0.013742298256928832,-0.6541454628093405,1.0
-0.8677679503865382,-0.06427416664371169,-0.7562266204898358,0.0
-0.9123235819586473,0.048287640633050785,-0.6201116809490094,1.0
-0.9818633970183099,0.042136466691750765,-0.5381236261468123,0.0
-0.9154341838588106,-0.1087808685635763,-0.6410691084762614,1.0
-0.9773155645571615,0.035437618725119024,-0.5495940707398272,1.0
-0.9815137052592893,0.01951899801174753,-0.5597190378632454,0.0
-0.931158918126821,-0.09479678428717649,-0.619752452070156,1.0
-0.9701017785592544,-0.0729192387355343,-0.5766976088742629,0.0
-0.9598495935918747,0.02966473833304012,-0.5596901973159869,1.0
-0.9572044960989744,-0.05775045778100985,-0.6208952866786926,0.0
-0.7374151489005208,0.06325324516970122,-0.7935439531612385,1.0
-0.9735847161976144,-0.0184153071311072,-0.5534251124523459,1.0
-0.8934755976461449,-0.1439419871769446,-0.6981802094679868,0.0
-0.9282699399931197,-0.05719518288091466,-0.6136699153410173,1.0
-0.6896786401691772,-0.3360875042480575,-0.7550014315063429,0.0
-0.8212146777897218,0.07401445328679074,-0.6905595220411092,1.0
-0.8624354141534146,-0.1324539457844011,-0.7384724754905511,0.0
-0.9318370645524567,-0.011376794639452043,-0.6464717129245484,1.0
-0.9819705760746454,0.022672852627394435,-0.5367141601461839,1.0
-0.9278539201536282,0.008659681380389722,-0.6034167852796587,0.0
-0.8738240281567506,-0.08054057085145111,-0.6593920572277299,1.0
-0.9642696411658762,-0.017459812473135466,-0.5810036078899918,1.0
-0.8306232782182129,-0.15806252244262364,-0.712933017385537,1.0
-0.9714330877358359,0.0533039760140607,-0.5483663826569242,0.0
-0.40045698284837566,-0.2956150434254438,-0.8257098219694614,0.0
-0.9178838002375651,-0.055152426063529686,-0.6560522434861006,0.0
-0.881226297842431,-0.1720553151910583,-0.6991237399759201,1.0
-0.9263971166780762,-0.14702824679501517,-0.633782804363447,1.0
-0.9375049319058727,-0.1322939481025546,-0.5949512010969157,1.0
-0.9036930266950537,-0.11882556265241309,-0.7101862753584719,0.0
-0.8694649941252466,-0.16970568912374062,-0.6982393432796518,1.0
-0.9785590526739055,-0.023780346639057634,-0.5543749092057324,0.0
-0.9754769277669912,0.01706970850102195,-0.5602449764305358,0.0
-0.2557607106503067,-0.6762811110663995,-0.17881323329965965,1.0
-0.8600874873295306,-0.04624418520503826,-0.7254271343891173,1.0
-0.4498074070433113,0.005481883207905103,-0.7972204740939618,1.0
-0.949752102340323,0.0007768982418441886,-0.596715529214948,1.0
-0.8595873731192748,-0.05710418503309127,-0.7857783778970071,1.0
-0.9254192628059469,-0.11794093458041852,-0.6448175944925606,1.0
-0.9628426690905302,-0.03911802726933497,-0.6048389448028237,0.0
-0.9584258299267554,-0.07227570801828605,-0.5893499366360548,0.0
-0.9665534253540596,0.0018565715515454564,-0.5736201974645149,1.0
-0.7913354910903801,-0.03993675657636573,-0.7673943490696369,1.0
-0.9651438546926927,-0.024398302671282353,-0.5971754734564738,0.0
-0.9700754710425311,-0.03696326996766132,-0.5707627611262334,0.0
-0.9873917024822843,0.02650665084069513,-0.5207081400459453,0.0
-0.8198211737183025,-0.3178991393350165,-0.605789448767944,0.0
-0.9079160987959769,-0.08854575613703441,-0.6548301154100301,1.0
-0.9803287992301727,-0.0024011971973474586,-0.5568104877904512,0.0
-0.8934801427064007,-0.03417780471655499,-0.6905653500067075,0.0
-0.9334377891077557,0.0019996221449121443,-0.6279815288533838,1.0
-0.9347020393461286,-0.06449806293394078,-0.655288965522918,1.0
-0.9147161900328576,-0.08908451293319221,-0.6189904818256562,1.0
-0.9043262756379832,-0.08958980593832515,-0.6621780373677684,1.0
-0.8978774348060603,-0.14220232355644016,-0.6661481248514697,1.0
-0.9600199314636039,-0.0388876557576917,-0.5803473927043421,0.0
-0.8826457431809254,-0.1072164610949728,-0.744078669129052,0.0
-0.9062132660294526,-0.0854129676208602,-0.6618772343690615,0.0
-0.8646428552412831,-0.1614742770659049,-0.718067567543397,1.0
-0.9617348929292846,0.018780540911833496,-0.5751785769477208,1.0
-0.33442637630315164,0.1778315307452896,-0.8888101309822344,1.0
-0.9654181089518941,0.009184927066889267,-0.5660508311280503,1.0
-0.8869287879196522,-0.09311362177754232,-0.6576031105779896,1.0
-0.9402396192456971,-0.07234275699852838,-0.6348675342807725,1.0
-0.9762184880001059,-0.04688922557944023,-0.5686411081154549,0.0
-0.9410852845474791,-0.01111419828809014,-0.6404534640871047,0.0
-0.7959593821015989,0.008265117307919748,-0.7309553128528451,0.0
-0.8833198629578639,-0.03344092181697822,-0.7337213259203192,1.0
-0.9862180172681753,-0.0033101993209930167,-0.5342819632239395,1.0
-0.9671177763913301,-0.0044454682148624,-0.579500524826151,1.0
-0.9780963325813521,0.018492119937216445,-0.5365719585484872,1.0
-0.6967783072433389,-0.12372541436369108,-0.8209562515551243,0.0
-0.8828351391738414,-0.006920248782490854,-0.6606306754793791,0.0
-0.9224355421008739,-0.098562336902516,-0.6419456291262567,1.0
-0.9671313341877206,0.031103962524917553,-0.567965329027176,0.0
-0.5585309724189397,-0.1923745850238635,-0.5133042832817404,1.0
-0.728769285029623,-0.11385247677721333,-0.7443415616843456,1.0
-0.13546826374748377,0.31258660695263746,-0.7880766373883727,1.0
-0.9463596532725888,-0.05402499152943918,-0.6329381412959136,0.0
-0.9531275007533185,-0.04274536324093386,-0.6124227039064724,0.0
-0.9028217634512121,-0.10753226586072728,-0.6826584975422305,1.0
-0.9146904336630448,-0.049275245835459724,-0.6706129719140865,0.0
-0.8817718164016317,-0.13406807188575237,-0.6678800336379371,1.0
-0.902663286918911,-0.08031791067388787,-0.6997051936295884,0.0
-0.7775578874610267,-0.1778776147267523,-0.7112930066360259,0.0
-0.9209868361114125,-0.11347276667846257,-0.651110077930547,1.0
-0.9692727545826081,-0.03913780476550451,-0.5812064029303596,0.0
-0.9838277907451958,0.025410316062519617,-0.533658895126223,1.0
-0.8878109624913716,-0.1459516946408681,-0.7049141342655134,0.0
-0.9679627515797301,-0.0017682101748168477,-0.5695367560552337,0.0
-0.9486960027548906,-0.06967950184239048,-0.6112820494918435,0.0
-0.9684176924056405,-0.025664776226843176,-0.589367066823768,0.0
-0.9242447476035779,-0.1484216657073147,-0.6423061145568271,0.0
-0.939464794233075,-0.10144294498555972,-0.6473702442434531,0.0
-0.9493056943734616,-0.057945729560378856,-0.6070091430172597,1.0
-0.9282814464329552,-0.010518340578751617,-0.6544051454385855,0.0
-0.9417811146622963,-0.06430071665667687,-0.6189941255473195,1.0
-0.9354039570519422,-0.062408214940984634,-0.6070534782646357,1.0
-0.8585654056485311,-0.128322227474765,-0.743249004379204,0.0
-0.7393521906600449,-0.13154510389862364,-0.6634486901870056,1.0
-0.9343871641273104,-0.12374032988677977,-0.630872722175928,1.0
-0.9426046224652377,-0.05132753688294637,-0.6261137954420768,1.0
-0.843185209404241,-0.04356862628970284,-0.7478797081817187,0.0
-0.7269829661550338,-0.2847226018239103,-0.6688279197869187,0.0
-0.968723743715619,-0.0004638598249081041,-0.558138771483969,1.0
-0.9821712185765141,0.030064370490414202,-0.5496638192058465,1.0
-0.9409977941793716,-0.12302599883162797,-0.6666873401355883,0.0
-0.9598335475463956,0.0064585029552877565,-0.6009401367781003,0.0
-0.9486028274589987,0.014227838842692048,-0.6075654330079991,1.0
-0.9683379643025974,0.026114181984778426,-0.5553717399299729,1.0
-0.8907985418235176,-0.027335390950612454,-0.6848508367269085,1.0
-0.9237583092334666,-0.04076359604394758,-0.6448549750949287,1.0
-0.4595684052245969,-0.26115804762174283,-0.9380433419572114,0.0
-0.9054149472226004,0.00412285751683393,-0.6483585862022565,1.0
-0.9473113637948187,-0.08819571920408906,-0.6198977850419648,0.0
-0.9355128770753216,-0.12678578835497956,-0.6170234963726284,1.0
-0.9536912389480547,-0.029964388267944276,-0.5705701268020098,1.0
-0.9498556449556599,-0.020148329426010275,-0.6241600179308445,0.0
-0.9627483248928015,-0.02738221002127375,-0.5860025495117064,1.0
-0.7611783702239027,-0.03439516371355843,-0.8197599134327511,0.0
-0.972823959918073,-0.004765528563484903,-0.5620255231629123,1.0
-0.9626896673008696,-0.07314868892193177,-0.6150343427772227,0.0
-0.9802128157936125,0.00013355979841933596,-0.5545330047972352,1.0
-0.9440947736461689,-0.03560897288189953,-0.6256995698954896,0.0
-0.9646124093261257,-0.042943750455475715,-0.55152760985077,1.0
-0.9587795446314525,-0.04323186485351713,-0.6009117263262775,0.0
-0.9718319485263933,0.03049212567953144,-0.5329766867436057,0.0
-0.9154118263490855,-0.1306790402688852,-0.6450614851147088,1.0
-0.9162792849514546,-0.09516112472671315,-0.6965195998988449,1.0
-0.9634125757919378,0.018736595137354886,-0.5544995811248461,0.0
-0.7493952958207578,-0.028213421638633676,-0.7724419161878069,0.0
-0.9760307680581419,-0.0026239403523839466,-0.554782017912265,1.0
-0.8092248911433176,-0.18493092374310724,-0.7261038846365212,0.0
-0.9266048892576055,0.01095107370025282,-0.6435326377205467,0.0
-0.9085116346568768,-0.04815740572544322,-0.6858966084527588,0.0
-0.04845484729433236,0.2796784559591369,-0.6549438502375863,1.0
-0.7914516264149712,0.022074311065523627,-0.7559954546519803,0.0
-0.9202729614296745,-0.09924670410264931,-0.6151097307506339,1.0
-0.9385650877747699,-0.055466292104540564,-0.6192470085358136,1.0
-0.9210489755390591,-0.1266065469844479,-0.6506322499693249,1.0
-0.954082811223345,-0.05507669768220985,-0.6039988337690589,0.0
-0.9435225405162436,0.008701126148117591,-0.5994993792214856,0.0
-0.9342115315079764,-0.05210633571066622,-0.5987545626424962,1.0
-0.8064671353252869,-0.1428402585125032,-0.75522591336892,1.0
-0.9645739081307687,-0.04787983020734126,-0.5906646838437752,0.0
-0.9852717526387001,0.043900450299834706,-0.523369493088224,1.0
-0.8815842384671719,0.07769754630195372,-0.6130119153623159,1.0
-0.21879818476619495,-0.4043439677877564,-0.09201808390145294,0.0
-0.3576772609615553,0.13147048869917285,-0.8467258381795706,1.0
-0.8557925913122262,-0.17873893671928065,-0.7156903714091234,1.0
-0.25042658819932884,-0.2873585423054863,-0.8565044533580177,0.0
-0.8560916105873568,0.09718440697176012,-0.6322492820926516,1.0
-0.8991987004530424,-0.05314257019804608,-0.6841404830999296,1.0
-0.9007286844075105,-0.04501275589969103,-0.6818809943728813,0.0
-0.9401258732285813,-0.10111407720807647,-0.6378572803588186,0.0
-0.9780418491348478,-0.031969242147279794,-0.551406323340569,0.0
-0.9262358205747342,-0.05359419632309203,-0.6546088213146077,0.0
-0.8894546671516933,0.010957936844612368,-0.6158507175635282,1.0
0.08162299597881761,-0.051170572381398445,-0.35927129164008376,1.0
-0.9256023305092138,-0.1033227187370695,-0.641118245365759,1.0
-0.9244244030476688,-0.05105222052601311,-0.6841443128844443,0.0
-0.9539111567420353,-0.0339383965965627,-0.6061064473661644,0.0
-0.9619191934402476,0.004338001424439013,-0.5800389788148573,0.0
-0.9543288325183839,-0.004565671872284384,-0.6195630667014671,0.0
-0.8544589907186904,-0.15464201007454248,-0.758978321302321,1.0
-0.8988039554366624,-0.04990415939942952,-0.6642789386171912,1.0
-0.954908206113006,-0.05774382960476218,-0.6061815854528387,0.0
-0.9328900010795704,-0.11542949227876677,-0.6333264043939821,0.0
-0.8748058416551898,0.005996428382635047,-0.7129466509339092,0.0
-0.9392551512125996,-0.09140367963158823,-0.6406858987404739,0.0
-0.9069884427507138,0.004159473918872336,-0.6291342336693213,1.0
-0.9659122679422414,0.059546947142865486,-0.5568978505271699,1.0
-0.9729131308133386,-0.03422563331007244,-0.5660889352270961,0.0
-0.8967351608467273,-0.12493715659240072,-0.6582351401349027,1.0
-0.9115591336016328,-0.1400424802985834,-0.6839290298470957,0.0
-0.9493652945732479,0.014977360868067502,-0.5948781872975974,1.0
-0.6589789941920698,-0.32383291484122667,-0.6320000315784815,1.0
-0.9461126461785734,-0.008815525290549839,-0.6016656582670884,1.0
-0.9818114491546369,0.00634734432617251,-0.5414909037053159,1.0
-0.8772062622090341,0.056751396868769774,-0.6466987841082904,0.0
-0.4690644402583766,-0.5524180247586452,-0.4150655002718352,1.0
-0.8529230281190607,-0.1496467140412777,-0.6492173876204252,1.0
-0.9690059781828599,-0.04336459772714254,-0.5848233039172397,0.0
-0.7005215096554522,-0.11155559896098682,-0.7184552415882002,1.0
-0.9768345394522805,-0.03177539610743388,-0.5454270732489461,0.0
-0.9706336310438934,0.00707237454902368,-0.5617269575755667,1.0
-0.9559471675328589,-0.059704834683237035,-0.604772759658361,0.0
-0.9738853361717579,-0.005271904576124045,-0.5636217724065894,0.0
-0.8022868296691104,-0.1649947653239055,-0.7630647182699932,0.0
-0.9131297297641235,-0.08469528615751261,-0.6798822546417542,0.0
-0.9075594841879281,-0.1382651318892101,-0.6805394864056573,1.0
-0.767627904140002,0.04235536460498719,-0.7843275112083673,1.0
-0.9448314935382023,0.052911335684942565,-0.5670837175284023,1.0
-0.5558755894286193,-0.48257289435818057,-0.5546012203716651,1.0
-0.9248944138042188,-0.115091501666721,-0.6461769554852113,0.0
-0.86439999226782,-0.033544285347133176,-0.698485504751893,0.0
-0.7905624077708101,0.0590838301679726,-0.7276541394279157,1.0
-0.9627510588504586,-0.048957151184784574,-0.5897328576710484,0.0
-0.9014392825048178,-0.12353509101024265,-0.6854682116968238,1.0
-0.933014875883589,-0.08534549002362969,-0.6616620491818437,0.0
-0.9523686172917946,-0.10055585016019514,-0.5734165165011555,1.0
-0.9683658239696852,0.03854308135540259,-0.5680382412320891,1.0
-0.8899262290051042,0.05540481670865639,-0.6514287367495667,0.0
-0.797625020446197,-0.11876603834311111,-0.738381073243818,1.0
-0.7718416023296979,-0.1680783276008988,-0.7584921150810748,0.0
-0.9715256409981211,-0.0032694027287588634,-0.5532381611986414,0.0
-0.9616963226768791,-0.03246413428229629,-0.5749333135062552,0.0
-0.9661329773472981,0.023084708430749917,-0.5626321794583117,1.0
-0.9724674468076244,0.014623363968618963,-0.5667051642971971,0.0
-0.9432347367364652,-0.03576666778778184,-0.6252769496580808,0.0
-0.779270189868761,-0.1286217286549941,-0.817696047740193,0.0
-0.953048166317159,-0.03977955743342594,-0.618356486658423,0.0
-0.935596422380794,-0.12539662792430745,-0.6319290553622238,0.0
-0.8810285983378515,-0.20841203990303983,-0.636640075679093,0.0
-0.9743211056240598,-0.020661144048769987,-0.5524096954094052,0.0
-0.5227329741052777,-0.17120879582830814,-0.5218340531628074,1.0
-0.9476087793056931,-0.07559934917265886,-0.6374980892570451,0.0
-0.9198318631751635,-0.10919005650712263,-0.6886743503441302,1.0
-0.8134165884425884,0.049627727580745226,-0.7402933703725084,0.0
-0.9391870662150861,-0.05765021926319632,-0.5973219266409654,1.0
-0.8229682858590042,-0.17883251783401477,-0.7827935994566223,1.0
-0.7825027119451371,-0.14840909718303563,-0.7543049235239618,0.0
-0.8487614331153969,-0.060657209564354,-0.723205449519838,1.0
-0.17339978428367564,0.10435448256254798,-0.9465467778896821,1.0
-0.8241647472701364,-0.03647094526466835,-0.7766492213385139,1.0
-0.907284426814583,-0.07529661108232781,-0.6532352080113261,1.0
-0.9558930955872786,0.03190982144099491,-0.5804100843854412,0.0
-0.9596415827259954,-0.05107748880335496,-0.6013784188662233,0.0
-0.9476775713710576,0.04316983450347456,-0.576035469105608,0.0
-0.9468749471656192,-0.1040280216783512,-0.6345909117534181,0.0
-0.9376189459644643,-0.045587243521627976,-0.6279350554958869,0.0
-0.9620692164588741,-0.05140545952542985,-0.6029437057406986,0.0
-1.0,0.056334353637289475,-0.4879925740966199,0.0
-0.8752845028190167,-0.0676215010535558,-0.7501638534769712,0.0
-0.964658593888342,-0.06360346815197582,-0.5965860107532116,0.0
-0.9756071896796441,0.022711395422851458,-0.5614873380610976,0.0
-0.9870382381429555,0.019439009581397437,-0.5220620280124464,0.0
-0.9403817574678351,-0.06688864851336913,-0.6418274941752296,0.0
-0.6925510547811637,-0.2389067151553531,-0.7285819860202903,1.0
-0.8660612242000073,-0.10947208644346816,-0.698355353633473,1.0
-0.952758691700798,-0.03927170300864553,-0.6078921495229604,0.0
-0.9523567775959556,-0.019330731244200032,-0.619183837420014,0.0
-0.9485161967610762,-0.021498410691861702,-0.607151771893082,1.0
-0.9199925854520851,-0.10870643094515509,-0.6255287032451485,1.0
-0.9705124848981133,0.0036360750950508863,-0.5670953444801067,0.0
-0.9087071626111933,-0.010272881973062052,-0.6174145582269441,1.0
-0.3172351931602767,0.02401504005928795,-0.6885578298696339,1.0
-0.7836723652698342,0.07350678933581303,-0.7255626484738468,0.0
-0.9844522381062257,0.014052506322979691,-0.519946617987019,1.0
-0.6955144905728606,0.13943641598783577,-0.7353415790296574,1.0
-0.9741523095614375,-0.03440774332859116,-0.5803452516178482,0.0
-0.46019983317427016,0.017232875696179498,-0.8619183977039208,1.0
-0.9362796396678449,-0.07723000972013494,-0.6415733008648667,1.0
-0.968178460790022,-0.04120384757423902,-0.5815412689925148,0.0
-0.89437602244922,-0.08957657299803928,-0.6671753221426922,1.0
-0.6458023694439707,-0.22144599259559364,-0.4363674892693292,1.0
-0.9759321063290985,-0.002433628106371065,-0.5544947805105034,0.0
-0.9699062148312998,0.015599981512262606,-0.5578002408298756,1.0
-0.9068972255512213,0.007649764178326801,-0.6366738616703675,1.0
-0.9580897610822583,-0.015959632068738287,-0.5973490375903986,0.0
-0.9719392272759478,0.019290430246333118,-0.5847059092521019,0.0
-0.953741099301348,-0.015938744224086983,-0.6059119768497273,0.0
-0.8451973665805986,-0.13978728918101618,-0.7538172151741356,1.0
-0.944763455004808,-0.07227457918528751,-0.589178005833048,1.0
-0.9514525423373835,-0.05115331795713617,-0.5927110975278482,1.0
-0.9212864132513581,-0.034265007272522095,-0.6329785015247645,1.0
-0.9585355725924191,-0.045941281972895556,-0.5828680397204238,1.0
-0.9440214623617996,0.03306009101781024,-0.6385424797295332,0.0
-0.9319621535964705,-0.040964459330355876,-0.6174287441696816,1.0
-0.9430780241937302,0.0017020216225498153,-0.60586160060366,1.0
-0.9819938464435193,-0.026226132731777596,-0.549462660027124,0.0
-0.892876564738809,-0.07678885078268949,-0.6910412784774058,0.0
-0.7610176012933757,-0.2583009705795206,-0.6282461719442057,0.0
-0.9557518807658278,0.005563829561337524,-0.606936016467798,0.0
-0.8887137420686615,-0.005915711644139371,-0.7094432929897035,1.0
-0.9817825025280245,0.007226670075507868,-0.5358377307163864,1.0
-0.7349544954393116,-0.0812338647128902,-0.7558514001971937,0.0
-0.9789761008045499,0.005935018749235868,-0.5509289206107241,0.0
-0.9512263680718039,-0.05895319530596166,-0.6084311895100873,0.0
-0.6400497530580667,0.09347776492814416,-0.7525024132653966,1.0
-0.8174708332653406,-0.0799154963122185,-0.7636833793007648,0.0
-0.9483071999082848,-0.04371471863354645,-0.6047713295946666,1.0
-0.9546562674155958,-0.0268138857318645,-0.6205820456913577,1.0
-0.9865023792212566,0.035618856994318535,-0.5318650625268334,1.0
-0.9682554747156559,0.007092781896499839,-0.5868733280006198,0.0
-0.7062262332939795,-0.22408552147521882,-0.6781813120362781,1.0
-0.9315391047754732,0.02488128661812372,-0.6418888053162828,0.0
-0.9680169364473361,-0.016947680976844952,-0.5722323038963367,0.0
-0.8491585549977859,-0.03876755151255061,-0.7514324976757705,0.0
-0.9377350475034971,-0.01743792232284299,-0.5946242897709799,1.0
-0.8619780925614773,-0.13528528947554552,-0.7690748227140125,1.0
-0.2919375923166274,0.6052400280847069,-0.7373467726784474,1.0
-0.9690265842424006,-0.056672266028758904,-0.5853625980850595,0.0
-0.6428748767674671,-0.3507614486938272,-0.5041056948874136,1.0
-0.9558623822764519,-0.05469848429714698,-0.6202739344538024,1.0
-0.9745759882094316,0.020937741161585366,-0.5555673882492111,1.0
-0.9715388530661195,-0.039234306741969864,-0.5755240742299883,0.0
-0.8904697839850231,-0.08586770854495861,-0.6929468533096933,0.0
-0.9636140975609819,0.010343920814234728,-0.5728067376635368,1.0
-0.9328520712104682,-0.07385678585791793,-0.6619858024720247,0.0
-0.905218725703031,-0.11409600399770338,-0.646389874076526,1.0
-0.972073532903288,0.03847833676344352,-0.5404406624824288,1.0
-0.9581138432048604,-0.049634048191508406,-0.5984272573787881,0.0
-0.9381521057171858,0.04277753894311509,-0.5675007353128425,1.0
-0.9839301853564901,0.03954526053024136,-0.5489276709785571,1.0
-0.952030510570009,-0.04147899626490105,-0.5608414808122598,1.0
-0.6243672513443257,-0.21974377990889568,-0.6539611450850998,1.0
-0.9260954314282362,-0.0478069890969814,-0.6700896023800276,1.0
-0.8520776268103792,-0.2343298425507067,-0.6968120549015769,1.0
-0.8617402943263424,-0.1281028623499205,-0.7687748244352304,1.0
-0.9270937018347313,-0.053466265571710116,-0.6615371732272289,0.0
-0.9585174806469121,-0.03797274954303534,-0.616214465695535,0.0
-0.5602168210027061,-0.22385671284233774,-0.7029297064132479,1.0
-0.9169022299506664,-0.06736369977599309,-0.6236561405470605,1.0
-0.9409417683346014,-0.055655857247771674,-0.6415541220528964,0.0
-0.9188591713323812,-0.1527328616031538,-0.6355024339016018,1.0
-0.9755747691025648,-0.007210414581060719,-0.5756769617328418,0.0
-0.9031151017072261,-0.08256025893812867,-0.6501795204418814,1.0
-0.9470015363402221,-0.07647089757622659,-0.5872933573374117,1.0
-0.9530364178072404,-0.046704159836285015,-0.600384119353397,0.0
-0.9606858049846476,-0.02069201787977233,-0.582255273491652,0.0
-0.9545149228213946,-0.03560888109267463,-0.6175803737362329,0.0
-0.9575896211968383,-0.09484439054695029,-0.6048772794329081,0.0
-0.9450716562702374,-0.01780206914968889,-0.6130008367869044,0.0
-0.5230159623810122,-0.06143068401491706,-0.8227558696831376,1.0
-0.9527952122315759,0.0528819833644891,-0.5672891404048847,0.0
-0.9715353856205478,0.013661208645582013,-0.5577376193080159,1.0
-0.8199846286491899,0.03903990602936927,-0.7784774273247467,0.0
0.8484521608382007,0.512713652954558,-0.5101959478810084,0.0
-0.9863479817645641,0.03635328472806851,-0.5296644269603332,1.0
-0.17849988627505453,-0.9087872774877891,-0.3304200995523047,1.0
-0.9480253623767558,-0.013406743657579046,-0.6125111114416821,1.0
-0.4938413175786965,-0.7267721319729741,-0.3590620442252147,1.0
-0.9190178908748801,-0.1253313139894187,-0.6801722758277418,0.0
-0.6902477410311347,0.06054231662619264,-0.8328849915149008,1.0
-0.8798762781654145,0.07387157620575535,-0.6346269615881859,0.0
-0.8955321612948901,-0.07126307974357741,-0.7036639552973687,0.0
-0.9433771870862356,-0.07309363655224477,-0.5998058442428604,1.0
-0.9741244177460916,0.004252757176866691,-0.5686507968193385,1.0
-0.8991274934644002,0.0014819542869982869,-0.6766744145141771,1.0
-0.9541729106019968,-0.00554249187343351,-0.5945638603190663,1.0
-0.9241707741996295,-0.06098941139819406,-0.6619490693125188,0.0
-0.9498219256861649,0.007021721873035652,-0.615415467150199,0.0
-0.9662535021691969,-0.007270508910245908,-0.5681096330088012,1.0
-0.9796363801174418,-0.028910818637763513,-0.5663312494133541,0.0
-0.7480671736660179,0.07523152771293462,-0.8048347061402221,1.0
-0.9163113733887809,-0.14373644870755492,-0.6467017286544943,1.0
-0.9610282588177198,-0.06910663978372106,-0.6026906794609118,0.0
-0.6393891241612556,-0.5878678037241792,-0.3396124906413489,0.0
-0.9740217272539382,-0.020494930928658422,-0.5543391545937013,1.0
-0.9489783060759714,-0.008645499454249278,-0.6269547855208395,1.0
-0.9560812681767059,-0.023370529040506245,-0.5885805806401732,1.0
-0.9105860758938173,-0.027308945191937176,-0.6363936094735628,0.0
-0.9773084650007197,-0.029138136398612156,-0.5563852503177502,0.0
-0.8847573598824974,-0.039607385892611605,-0.6925080382372386,1.0
-0.9788392295820542,0.029555274592723557,-0.5479539279621679,1.0
-0.8776555812071632,-0.1659885194085759,-0.6668557825818581,0.0
-0.8951483978060976,-0.125627454209363,-0.6970118869100891,0.0
-0.5729526334485359,-0.18323554530784397,-0.4297638689379285,1.0
-0.9002281441564661,-0.0325855629789996,-0.6475250595538389,0.0
-0.9814484437619941,0.01897367860801727,-0.551446235705486,1.0
-0.9789572621369201,0.0422477352581285,-0.5558355173052804,0.0
-0.8520517089568579,-0.17182472140153393,-0.6947733680100041,1.0
-0.9683087829454593,0.005453453200628441,-0.579005076800898,1.0
-0.8856023736156303,-0.16843135477212928,-0.7106600846519688,0.0
-0.8738082555002452,-0.19382491662139062,-0.6888361298435122,0.0
-0.8129034512344901,-0.03803311690154251,-0.7565569819131353,1.0
-0.974008308434503,-0.03249944551562724,-0.5661034782132703,0.0
-0.9466290865041789,-0.09473749250162299,-0.6021481112244107,1.0
-0.6631181944220594,0.1658601885160461,-0.822606300079932,1.0
-0.8539497735693462,-0.1912827308744925,-0.669122623674601,1.0
-0.733473272707095,0.056321075421739294,-0.8266629300689508,1.0
-0.9537377886594955,-0.05387919232895877,-0.625804712729256,0.0
-0.7297406896707391,0.06896201350696743,-0.7780585646598459,0.0
-0.8387686737530968,0.2154462080971391,-0.603883428813982,0.0
-0.9635557073663759,0.015156341878314328,-0.5842981993759848,0.0
-0.8095037284281016,-0.0978096843834218,-0.7663231576678894,0.0
-0.900497115573592,-0.09062109513209968,-0.6543109853935813,1.0
-0.45415911650234225,0.08724141180803174,-0.8989409479981134,1.0
-0.7474871352209523,-0.28321291457585396,-0.6856930033089732,1.0
-0.9471938346194515,-0.024511985449520823,-0.6081424460506619,1.0
-0.9073734718306091,-0.14825788310910293,-0.6627920703316325,1.0
-0.9403811238567868,-0.1309461722532444,-0.6477957386584177,0.0
-0.94433051178575,-0.06448060096985177,-0.5893268577998386,1.0
-0.9405756945590172,-0.06404625267897981,-0.6467360653937979,0.0
-0.9102483684937404,0.045692760883577696,-0.6344096832791234,0.0
-0.6933371046320225,-0.3841252972474608,-0.6752375780818991,1.0
-0.9336062895702195,-0.1240115135438445,-0.6478837355615723,1.0
-0.9072199737095974,-0.13594411962318514,-0.6675675265635794,1.0
-0.9429640690826473,-0.04917911784712026,-0.6151978385066336,1.0
-0.5260715838955277,-0.3182754163140058,-0.5765906742779303,0.0
-0.8893884209209293,-0.16768416887977874,-0.6506762748684709,0.0
-0.8747797453669693,-0.1471290266646491,-0.7444398915420468,0.0
-0.9767516321565637,0.041954367952435734,-0.5456605434351465,0.0
-0.9732830199613207,0.03210754466313864,-0.5649956909016096,0.0
-0.9789254944675637,-0.0037402397245305877,-0.5590884289818467,0.0
-0.934291833936718,-0.09524451760309505,-0.6304660901251459,1.0
-0.42910458253450817,-0.0767943379364991,-0.43500993240906616,1.0
-0.962072659048315,-0.05550906770985647,-0.595486508713782,0.0
-0.6372871412937966,-0.09876424560306958,-0.8065349357970983,1.0
-0.896774945105992,-0.04482133585583152,-0.6742665122473763,0.0
-0.9429952253229309,0.005204048715658743,-0.620290742142438,1.0
-0.6979661761085904,-0.2818508363994767,-0.6580411389509383,0.0
-0.9168244221514142,-0.15337452527354378,-0.6345763650344695,1.0
-0.9621907235372492,-0.02494536079544859,-0.5557427403419595,1.0
-0.8398663833380549,-0.16730451258457985,-0.6260824287785488,0.0
-0.6831081524476197,-0.25829851023842304,-0.8207127240151313,0.0
-0.9880405308008544,0.011913673829296492,-0.5212329750021747,0.0
-0.8399643400012319,0.030312270113427117,-0.6488056629707016,1.0
-0.9783094825556637,0.014044163111781818,-0.5534122732303726,0.0
-0.9567436817591508,-0.033208302151728084,-0.5818476896397465,1.0
-0.9739390969536355,-0.004162456441552227,-0.5611732951447627,0.0
-0.8308092382366834,-0.2239512612246088,-0.6976859015892677,0.0
-0.37826819704256903,-0.010812481787496955,-0.7748614457957853,1.0
-0.9575328768630929,-0.05966189048426023,-0.617129304669972,0.0
-0.9542896937220097,-0.0366164626145137,-0.6010919449265593,0.0
-0.8440908580623379,-0.014380610016652189,-0.6940338924110759,1.0
-0.9409368049816257,-0.08560809536410391,-0.6090080084566233,1.0
-0.6949812250191308,0.01141233478517055,-0.8068127552771297,1.0
-0.9276755698610686,-0.11080156366460227,-0.6500038776102267,1.0
-0.946061862065529,-0.020291373330876016,-0.6144691929144876,1.0
-0.8265864702600987,-0.057804969931264716,-0.7505285101157849,0.0
-0.9925603490350632,0.0408831554362126,-0.5190145538175984,0.0
-0.9792015432243217,0.014526306568579145,-0.5357381145561195,1.0
-0.882160619530271,-0.06517181596724107,-0.7046858701802342,1.0
-0.5698864264299355,-0.3929746496033865,-0.2907519509616055,0.0
-0.9621192242856336,-0.0725389257166279,-0.5952230313970922,1.0
-0.8557314652165404,-0.21215942179256334,-0.7368007455060098,1.0
-0.5123966459668461,-0.3126684693468864,-0.5898567646477925,0.0
-0.5186717760792116,0.33190238678580053,-0.8361437885668457,0.0
-0.9632977989051016,-0.01817983371390379,-0.5926514310891782,0.0
-0.9666810873054332,-0.07954988087901346,-0.5845596068373953,0.0
-0.9283714796994238,-0.13868980600053166,-0.6361686832581515,0.0
-0.9375892179826651,-0.04688787723537186,-0.62240119482163,1.0
-0.973234314123595,0.0056090062619723186,-0.5567039792875668,1.0
-0.9615617248786802,-0.06406012129452011,-0.5950363865526895,0.0
-0.9599903188297814,-0.008498766175933224,-0.5854955102410313,1.0
-0.9571719700600588,-0.028640221697430513,-0.5977594500435206,0.0
-0.7519931464267242,-0.2382092515016574,-0.6677938814672111,0.0
-0.8384024003711305,-0.11835599815959338,-0.8303734844921086,1.0
-0.6804717654551333,-0.06314133464182933,-0.7697680528137745,1.0
-0.8391549890421878,-0.11131026957935646,-0.7552140360696512,0.0
-0.87998691777287,-0.09308219002571864,-0.7017470022902486,0.0
-0.9637062555052567,-0.01748924136704632,-0.5737315048634958,0.0
-0.90883898511927,-0.08464469550431,-0.6723392104229351,0.0
-0.5407282010737814,0.19581843555140055,-0.7778167701245252,0.0
-0.29299049002484623,0.09615440254943497,-0.7556767601030145,1.0
-0.8783962051186327,0.03720914902032646,-0.6576435182062894,1.0
-0.9571547671709513,0.04989453568768647,-0.5828896487434065,0.0
-0.9321389331270851,-0.13781364293081252,-0.6183279315857353,1.0
-0.5466086994279935,-0.4519020631546307,-0.5827542291534675,1.0
-0.9615072650909421,-0.06190592866414762,-0.5963522686802403,1.0
-0.9340425725832926,-0.061010770951531165,-0.6570117328240429,0.0
-0.6295337364200084,-0.017115414287166376,-0.8672614343107484,0.0
-0.9407354228945638,-0.09511551701768661,-0.6258805115698093,0.0
-0.9789920181276978,0.028193335543666875,-0.5562504396517126,1.0
-0.9750095191896789,0.03336395655618997,-0.5528665490609802,1.0
-0.9178724976783363,-0.10274549347477566,-0.6726736771189015,0.0
-0.9505066754484847,-0.04295081611512514,-0.5982649287199632,1.0
-0.9290257572989726,-0.08956505534446838,-0.6543378829634935,0.0
-0.9363877704352992,-0.0652527140237522,-0.6241548868848669,0.0
-0.9150850385150197,-0.08540684352136704,-0.6168171102821878,1.0
-0.9569553856706334,-0.004270552726800832,-0.5598938049683875,1.0
-0.6988267634667419,-0.336261720220855,-0.7632814830320918,0.0
-0.6262224265933036,-0.1279500383562514,-0.7477674002073179,1.0
-0.38683116738491313,0.417990144764763,-0.8122239110168347,1.0
-0.9006126623412599,0.013481193648654105,-0.6760232810861971,0.0
-0.9295731218349075,-0.023004018803211172,-0.6703663853746957,0.0
-0.9489735948696795,-0.026348564728078783,-0.6164839016851135,0.0
-0.8631556042120253,-0.07169227901035055,-0.7225299772779419,0.0
-0.9637850452288863,-0.04754792885957259,-0.5970922733381914,0.0
-0.9554005248866122,-0.03600061725262893,-0.5929304440916721,1.0
-0.9623163778176048,0.0111540663205318,-0.5713108703267552,1.0
-0.9307450070787466,-0.048038199370291156,-0.6300468285081738,0.0
-0.9657147628489336,0.012247039305182186,-0.5648157333028927,1.0
-0.8987204330248125,0.016283784729344136,-0.65798263634364,0.0
-0.9283675810304142,-0.07337796579096895,-0.6380035646913841,1.0
-0.948730390575407,-0.013032153048424894,-0.6034230727774716,0.0
-0.9364520602736098,-0.11088132014258151,-0.66981619813886,0.0
-0.9367473087580489,-0.07678244823933897,-0.6311228723455893,1.0
-0.8912952260402278,-0.1199052874179264,-0.7068143260909603,0.0
-0.9383521251854602,-0.12808294668710213,-0.6024438569326374,0.0
-0.9589649240894761,-0.00652260648213434,-0.5978330845683031,0.0
-0.9378187481642342,-0.035092962909102646,-0.6323954384578788,0.0
-0.9611216391814981,-0.07112222044264621,-0.6133576815774053,0.0
-0.8134250635409834,0.07693286926490961,-0.708174800557263,0.0
-0.9373478920454341,-0.1337959617279726,-0.6409215283679304,1.0
-0.9601632844804205,-0.023224810912659176,-0.6050481594978181,1.0
-0.21625738628206692,-0.001272348652745059,-0.993038394129107,0.0
-0.9785619437690489,0.023704511687228647,-0.5447263282911207,0.0
-0.9521452055442223,-0.013815933556262164,-0.6317055110950113,0.0
-0.9091148598147519,-0.14431842104644993,-0.6919476950074357,1.0
-0.979739287962106,-0.02800832334695971,-0.5640496012307661,0.0
-0.9220566691718695,-0.05039368538220277,-0.690827152658066,0.0
-0.8515440964033326,-0.20409384514603807,-0.6901064916441056,1.0
-0.9775120054798551,0.009309050629306273,-0.5590175634115995,0.0
-0.9227925594192797,-0.08333017892975281,-0.6358202536606273,1.0
-0.9899561493866154,0.04476475272281755,-0.5075277077067953,1.0
-0.8498664520541748,-0.02735802617665521,-0.7029873917423378,1.0
-0.6858813315338477,-0.0837190865922667,-0.8320738812547934,1.0
-0.9159056442451783,-0.036615231214143146,-0.6371262322019523,0.0
-0.8886827500891114,-0.03943069136819867,-0.6388978661747083,1.0
-0.9394537507254453,-0.05949546071486276,-0.5915624945645668,1.0
-0.8588213673173137,-0.2062024331039333,-0.7251558914019587,1.0
-0.9444361846168878,-0.09559633958740284,-0.6424361559842774,0.0
-0.9543978141700115,-0.0757943362463492,-0.6097453326935651,0.0
-0.9489412710962727,-0.08636313797909453,-0.6145814575827764,1.0
-0.9222052497717697,-0.031152222725391865,-0.6080024807025277,1.0
-0.8789442074050061,-0.11950059064121946,-0.743647610936176,0.0
-0.9634361236517678,-0.028244045123733942,-0.5814545470122698,0.0
-0.9280754033322786,-0.11603311717270183,-0.6448451611392998,0.0
-0.8982049770478603,-0.0017756328430318727,-0.6573932665964727,1.0
-0.8677703319124097,-0.16294698060667434,-0.7249165398048734,1.0
-0.9134713880445379,-0.129841843246924,-0.6466778478125554,0.0
-0.8593089705472196,-0.2035574959405148,-0.6949039840332029,1.0
-0.9841822780291134,0.017332825822460513,-0.530784880538718,1.0
-0.9645861685483837,-0.02565828790040986,-0.5984112691687467,0.0
-0.8221773807960137,-0.20632508088037765,-0.7206584358335137,1.0
-0.9507563856272414,-0.0717830457644719,-0.5798539439403505,1.0
-0.9084991867023243,-0.052239867625192435,-0.6733712444075555,1.0
-0.9412590840857459,0.018806524638245392,-0.6134912499198677,1.0
-0.759139046179182,-0.21064644147438544,-0.7635153065098347,1.0
-0.900107398433654,-0.13597837512668193,-0.7133024773718485,0.0
-0.9101511099037287,-0.08162072392093328,-0.6481188435810168,1.0
-0.8333442062474891,0.0033106075207352537,-0.7373031781217992,1.0
-0.875692320134549,-0.15662636782996278,-0.6956287986889024,1.0
-0.9210780774153349,-0.13352130383695088,-0.6324502370974663,1.0
-0.9211918643010023,-0.15159795357113567,-0.635227326113499,1.0
-0.9632162241632711,0.0073666826981897415,-0.5677717017014466,1.0
-0.9809017084702735,0.028033669223371485,-0.5335945010873133,1.0
-0.9720454559043343,-0.024122383587040608,-0.5702978607393686,0.0
-0.9581769739455943,0.04942038130314319,-0.5688468570512711,1.0
-0.933613971236709,-0.05248319359041394,-0.6035742747448284,1.0
-0.9761962874995668,-0.022325440565596287,-0.5744601125110632,0.0
-0.884507042733505,0.07183036113845345,-0.6123709213935054,1.0
-0.8787461928747141,-0.06857870555429489,-0.6839935214568268,1.0
-0.9582631260290536,-0.06012620842204153,-0.6052613829066628,0.0
-0.8157415568053549,0.009416760452643294,-0.7264274676183086,0.0
-0.9647149221448196,-0.026186105112341814,-0.5795369155787773,0.0
-0.9645664838836788,-0.04468096727522168,-0.5889348455399511,0.0
-0.9266565550766076,-0.045194662054369464,-0.6361902846952852,0.0
-0.9761824138207325,0.023415483804914372,-0.5430102719233569,1.0
-0.9241008402638478,-0.06855891529226525,-0.6685245359525694,1.0
-0.8321898282733536,-0.0800925065307998,-0.6981999532502738,0.0
-0.1481554573520404,0.20671795155892608,-0.7881319385730652,1.0
-0.9159163101780041,-0.09871012763169959,-0.6258171749317288,1.0
-0.9587244651290742,-0.038353092891994164,-0.5834588412157796,1.0
-0.9905837528283121,0.041473326779128045,-0.5213042607195473,0.0
-0.9763596259764633,-0.0056106123878836775,-0.5679590619433241,1.0
-0.9539890818113149,-0.06461533683830437,-0.6062380034420708,0.0
-0.9890639195335046,0.043021523762376515,-0.5263877330412396,1.0
-0.9865230344719944,0.030771325189484777,-0.5241955742783264,1.0
-0.9855772273312702,0.03813363756714383,-0.5342118127313544,0.0
0.6218047399110072,-0.398582758983567,0.9999999999999999,1.0
-0.9445148353789152,-0.0479990494494457,-0.5918232809822683,1.0
-0.9717240714206441,-0.017850242939726764,-0.5691605015840772,0.0
-0.9628004310034339,-0.013917076755204358,-0.5915425001214375,0.0
-0.5999780458841312,-0.5461700531315834,-0.44580230430564627,1.0
-0.5303536853994304,-0.4006309521575608,-0.5391815372035174,0.0
-0.9273442472695178,-0.0740594884772332,-0.6566562282427333,0.0
-0.7763801743028461,0.060605125538381585,-0.7931879293456964,0.0
-0.9753116594288356,0.012746438068568566,-0.5504745613799376,0.0
-0.9192267392268447,-0.10836197494687874,-0.7063675831497358,0.0
-0.9166905558469227,-0.15421749285241923,-0.6442515229141608,1.0
-0.8564527676144686,-0.06318849635372276,-0.7487990352520546,0.0
-0.9141939284062186,0.005517320169166576,-0.6445606596630286,0.0
-0.9428594081249714,-0.015754470552546265,-0.6044071826570852,0.0
-0.9456811219500443,0.020926204998814507,-0.6107471411026095,0.0
-0.9517372376726313,-0.011436097471641829,-0.6170708050098801,1.0
-0.9389662165355127,-0.050918288148559136,-0.6328849829903209,1.0
-0.9666561759788961,0.0051119584851675864,-0.5789402371648393,1.0
-0.9509801507404547,-0.03514869153296998,-0.6003360560091028,1.0
-0.9760888118177731,-0.009900364648269426,-0.5665795234954375,1.0
-0.6946659054465998,-0.3126853424546656,-0.5505222844149196,1.0
-0.9485826436550304,-0.010564319952648601,-0.5994803137793727,1.0
-0.9683696392228395,0.020081303972074666,-0.5693338139411671,0.0
-0.9864895104654672,0.01506993142958224,-0.5204690733115239,1.0
-0.9190387561788155,-0.14797305989254053,-0.6668912148088713,1.0
-0.888396435483237,-0.18058735840013884,-0.6537215688404201,1.0
-0.26781853178393944,-0.5692624288559693,-0.2799210630047177,1.0
-0.8924427229203069,-0.16577052194940167,-0.6874159668776583,1.0
-0.9795778932334003,0.02064177259267848,-0.5426946132185315,1.0
-0.9907478399842302,0.05579391149436362,-0.5302172902679059,0.0
-0.9380602632403112,-0.10149803845401201,-0.610043312328198,1.0
-0.9473287611268216,-0.058250923875320285,-0.6140462994104621,0.0
-0.9655666650052563,0.03756918739889223,-0.5722391221132197,0.0
-0.8760286529892898,-0.05617231819703783,-0.7372974190817172,1.0
-0.9769075297990256,0.013485749630788219,-0.5469050394456743,1.0
-0.788703017346481,-0.23054046410511297,-0.745009740990827,0.0
-0.9705233053597739,0.008036479541866495,-0.569082872387443,1.0
-0.9603229450006275,-0.05464356997549193,-0.5845115460816536,0.0
-0.9484597331166068,-0.04192605128230898,-0.6170560023192587,0.0
-0.933652207979838,-0.10813670603379691,-0.641553195970144,0.0
-0.9696481359942425,0.012195589912752963,-0.5616977880000424,1.0
-0.8813691497453175,-0.1878387692911611,-0.7112878924933699,1.0
-0.12979398858662894,0.4030755875203358,-0.9774817260024131,0.0
-0.9473521498051651,0.02579318735635923,-0.576761577167173,1.0
-0.8442148314399933,-0.05762380206259598,-0.7194257527716913,0.0
-0.97626351942995,0.013892163504516941,-0.5423115154914471,1.0
-0.9799111533617796,0.0190523895208409,-0.5579329557419422,0.0
-0.9582618772465422,0.04495119934022464,-0.5608391392753542,1.0
-0.9294574800462635,-0.11729178481137117,-0.6107354541931671,1.0
-0.8747119870044474,0.01913179823316412,-0.6546594249374547,1.0
-0.802666641303276,-0.1891791061954348,-0.7208021745354878,1.0
-0.9565737402581409,-0.099115254656589,-0.6001865196729693,0.0
-0.9089122641523748,-0.15019100708576621,-0.6963157357627979,1.0
-0.9584944097451327,-0.0417209789875108,-0.6275982308643552,0.0
-0.9728105342650474,-0.03416033102095212,-0.5668834355813974,0.0
-0.8709879538591648,0.010161496486306251,-0.6819037703778172,1.0
-0.9702574418768724,0.009705931197804177,-0.5760960965099791,1.0
-0.9335064803640523,-0.035649382543052874,-0.6360780523725148,1.0
-0.8255913708691001,-0.2964855558703525,-0.5645193729331345,0.0
-0.9532811048058356,-0.05281157294254256,-0.5963299190707904,1.0
-0.9757671112105001,0.03027776995605716,-0.5528433429589423,1.0
-0.926956571697686,-0.03769936434338148,-0.6337617149859619,0.0
-0.9581227273441126,-0.04217841475611579,-0.607904703323249,0.0
-0.816206055537037,-0.1832035435549221,-0.6697012428534943,1.0
-0.9415322237322981,-0.08667532888037284,-0.6247326090844982,0.0
-0.9319068221328534,-0.116329823976323,-0.6321876354278863,0.0
-0.9691915499090858,0.005283704014169728,-0.5611016442210094,1.0
-0.91619707013602,-0.11696687132553164,-0.6738468223744478,0.0
-0.9458004893213335,0.019442618727420646,-0.5938460884243825,1.0
-0.7214169627256786,0.07348264356962814,-0.807377883122739,1.0
-0.9635998922563099,-0.01361745833028808,-0.5767318756346123,1.0
-0.8802242422805168,0.019952057542549667,-0.6793171297923765,1.0
-0.902164877839464,-0.02635943874377723,-0.6756171431446292,1.0
-0.9354754967290118,-0.028982740079022663,-0.6293331530733786,1.0
-0.9472825879676121,-0.0364682650398918,-0.5837927171487849,1.0
-0.9862713122603054,-0.004929963177062159,-0.5334327255214398,0.0
-0.9056121170576871,-0.09590461961638944,-0.6833355848252411,0.0
-0.9763587508022732,-0.016571426785605928,-0.5725766305114591,0.0
-0.7133142474819849,-0.18287215373084728,-0.6200800725057386,1.0
-0.961346024446134,-0.08443954262880393,-0.5980421219305875,0.0
-0.5070433692535774,0.1328108168690588,-0.6973315324325698,1.0
-0.9326566020032002,-0.09298929017816215,-0.6574292732472996,0.0
-0.7967838442424171,-0.13803233725583797,-0.7112083271896241,1.0
-0.8908175343509055,-0.18828450298821497,-0.7151867149746537,1.0
-0.9752743340204697,0.017993185080390148,-0.56054703747077,0.0
-0.9555247966856792,0.007318905455366412,-0.6074974885542679,0.0
-0.9527307985308869,0.0637317022366906,-0.5536896140337269,1.0
-0.9791176559076817,0.0164998110235621,-0.5367013202542907,1.0
-0.9657032835158903,-0.03173028257310219,-0.5752501983640177,0.0
-0.7573576764916435,-0.30164835069770146,-0.6640910319943757,1.0
-0.9457255188978576,-0.0961939321199125,-0.6444676415589783,0.0
-0.502238732078974,-0.5450908420408045,-0.6326637270154566,1.0
-0.9692245375797043,-0.04469626986153233,-0.5663369909712735,0.0
-0.96857453101033,-0.023072459860549004,-0.5774676216097414,0.0
-0.8462051324319892,-0.13171644807770605,-0.7358259479388864,0.0
-0.8933836294544654,-0.060249793219374,-0.6938218708977019,0.0
-0.6869508995794882,-0.005670085311050149,-0.7098246791514626,1.0
-0.9309483944434052,-0.10759460327608295,-0.6383709670581081,1.0
-0.8409046418836257,-0.23663667178824419,-0.7221707918551878,0.0
-0.9274884795560201,-0.06806500182641542,-0.6203203846911464,1.0
-0.7259814172878629,-0.17162997090289273,-0.8326747446036742,0.0
-0.8557771258451027,0.01887291793056621,-0.646662438677168,1.0
-0.9928731966670978,0.04170940710674653,-0.5121668657415528,0.0
-0.9625707464775997,-0.03058604547039521,-0.5831725434713404,0.0
-0.9743292155320296,-0.02398834012753858,-0.5652652943265865,0.0
-0.9531570530136213,-0.10338758823012736,-0.6041799462484361,0.0
-0.917506087228506,-0.0660099065697969,-0.6850538033355893,0.0
-0.5176189548484013,0.035249827872397305,-0.8066691858545878,1.0
-0.2426202348085873,0.2243704759110544,-0.783584398232946,1.0
-0.9349362194330558,-0.022546602857867457,-0.5717548009130651,1.0
-0.9498835235700962,-0.043236781669361485,-0.5978218038714971,1.0
-0.9614088365490603,0.018202917875626473,-0.5854569797980809,1.0
-0.7031106548910441,0.09250021630698257,-0.774219456960623,1.0
-0.9455096347988702,-0.026507360369799678,-0.6409294497523252,0.0
-0.9571306666790227,-0.06995763404617766,-0.6186288794483992,1.0
-0.748118254906634,-0.08511020611328438,-0.731175410819266,1.0
-0.9180602337537507,-0.09845281592871162,-0.6490573065542525,1.0
-0.9224172895558098,-0.030179580966753362,-0.6561652333876251,0.0
-0.9692413135298232,-0.043061244972298726,-0.5872005827651263,1.0
-0.5143486731685105,-0.8002746326531677,-0.22577695175113643,0.0
-0.8582479658172096,-0.1410164248000341,-0.7351318023436471,1.0
-0.8988685825373105,-0.1542496803918842,-0.6987463698989901,0.0
-0.8978950089793165,-0.17768297861198962,-0.6834167421204725,0.0
-0.6790281580755404,-0.11967778666453674,-0.8267057241670711,1.0
-0.8846182303043092,-0.043998126738126406,-0.7159755334209895,0.0
-0.911693666420871,-0.02770212496688237,-0.6297716150683663,1.0
-0.9577621499788166,-0.06276684842060934,-0.582124110480716,1.0
-0.9725342464354179,-0.007151458046372378,-0.5472866474369357,1.0
-0.8910461832693853,-0.1779557080778953,-0.6715398831758731,1.0
-0.9192174607119765,-0.03244248771727076,-0.6081996293389667,1.0
-0.9283685024524003,-0.09401928335992854,-0.6188232360680839,1.0
-0.970289948682984,0.018457731493971966,-0.5674422422196805,1.0
-0.9179694997979703,-0.12378566662717874,-0.6764441617456738,1.0
-0.9686103135080026,-0.03147347081123477,-0.5879586522707028,0.0
-0.8291077876872018,0.0112290843910679,-0.7296133855167555,1.0
-0.7820038110454242,-0.23872774587464032,-0.6960750322748261,0.0
-0.8958929752801946,-0.1821074950896293,-0.647023918286024,0.0
-0.7881037814850823,-0.28883090791238425,-0.6946016295237047,0.0
-0.9289930541788916,-0.04018506647413658,-0.6249078485940359,1.0
-0.9714532512841657,-0.03067479440731661,-0.5632749461392121,0.0
-0.9829933415855789,0.04028181629439018,-0.5270890660905666,1.0
-0.8663318246038608,-0.22222078810114512,-0.6983561824898539,1.0
-0.9645966026094668,0.04655654304683321,-0.5486550204185277,1.0
-0.95416635155031,-0.05341081725914189,-0.6092297738494259,1.0
-0.9551799545947783,-0.03335073991665523,-0.6060853054929792,0.0
-0.9053021193692358,-0.0641175725995875,-0.6715642488975176,1.0
-0.9034396261223501,-0.10528631839658059,-0.6780838526937483,0.0
-0.9298146003442639,-0.03966774043726319,-0.6633058222078563,0.0
-0.9601141262129671,-0.04167307795171615,-0.567219932141813,1.0
-0.8976514908269138,0.0445744660952391,-0.64675505584969,1.0
-0.9314195517897621,-0.10402715343321728,-0.6385265885366856,1.0
-0.9166139087189108,-0.1271160413377304,-0.625849852756821,0.0
-0.9298679931408298,-0.13931961661303321,-0.6502994061604952,1.0
-0.9287488756634661,-0.03629166656378208,-0.653663522130844,0.0
-0.9793268769009307,0.02491244760056119,-0.550836136382675,0.0
-0.956068783704607,0.033028778645056434,-0.5710695676312468,1.0
-0.9413957677217716,-0.019681544437645214,-0.6119238658349591,1.0
-0.9433714529990063,-0.02494065207676817,-0.5867137466200525,0.0
-0.7409329323935362,-0.12313653006462338,-0.8321954544150018,0.0
-0.7882028306965255,-0.34654461461605,-0.6533749005535096,0.0
-0.9004433344408269,0.020490012986638134,-0.6632066317870207,0.0
-0.9696423608596079,-0.03255714706583385,-0.5835035410480106,0.0
-0.9605021518986233,-0.06263589798055175,-0.6041626816040683,0.0
-0.7933273580352836,0.00787532038824662,-0.7505639180945385,1.0
-0.9435264791264718,-0.0662342572174042,-0.6401868597519725,0.0
-0.7600491406692395,-0.1648903734064174,-0.7255590926470077,1.0
-0.9068919318357931,0.02165815348727365,-0.6350843239442386,1.0
-0.9508050957213537,0.0122606386336412,-0.599751269935724,0.0
-0.902094872532764,-0.12989118205872185,-0.6962474909794424,0.0
-0.9672942946442546,0.0002017071703647455,-0.5768704206205506,0.0
-0.9783304560647976,0.012767536715209776,-0.561532275986308,0.0
-0.979668400052405,0.040899490362173024,-0.5392817514326032,0.0
-0.8954755616188939,-0.06113477035982706,-0.6402947608522312,0.0
-0.9501499657006848,0.0027650107799611356,-0.597736289244401,1.0
-0.9877016262902896,0.010347438408734908,-0.5195306218987148,0.0
-0.960482001262499,-0.007184037749390894,-0.5774952719907563,1.0
-0.893860212718319,-0.1965149372681162,-0.6741786751668304,1.0
-0.9733227899907427,0.04955058856898367,-0.5493381586298689,1.0
-0.8694719431004028,-0.08328535460652686,-0.773877485141521,0.0
-0.9176913451421695,-0.11374111040770124,-0.6430317528251625,1.0
-0.9133211924482229,-0.07169438253151049,-0.6754184142702437,0.0
-0.7696359652752531,-0.24376870880383447,-0.6910898836437566,1.0
-0.9547071391417397,-0.07319287985368972,-0.6051420548093324,0.0
-0.945194511395839,-0.050053174472866536,-0.6128847930716497,0.0
-0.7923879695731312,-0.16069272526532646,-0.7923548699391593,0.0
-0.9567506530769414,-0.056807436925197644,-0.5838337562686483,1.0
-0.922255295743617,-0.07347366271414678,-0.6475668384287703,1.0
-0.9496554945478991,-0.007748556606571991,-0.5813598112419412,0.0
-0.7946081941315617,-0.29452726258726125,-0.6182192866148787,0.0
-0.6519479943056823,0.15046851111721593,-0.8234255791803506,0.0
-0.030975774388086075,0.015409432362796058,0.006852271749663852,1.0
-0.7500022309431429,-0.044498314768958255,-0.761250098129544,0.0
-0.9135616545017439,-0.09372068553245215,-0.6409469555102766,1.0
-0.9417916828343279,-0.10537036216737206,-0.6342084056155056,1.0
-0.7612416656201455,-0.24346896824581132,-0.7390953578453401,0.0
-0.9850298176889514,0.0028465825247266097,-0.5249102163865492,1.0
-0.9587436162381129,-0.03993612932186054,-0.6064766483313164,0.0
-0.9857869307619738,0.01902416551724516,-0.5270352439635334,0.0
-0.9302265366136392,-0.11379589165925207,-0.6535525678671302,1.0
-0.8863595498853015,-0.27116342015664463,-0.6675910466588372,0.0
-0.9313510830484225,-0.03879363452145198,-0.6360581520197279,1.0
-0.8090663612784326,-0.32265045719518326,-0.6196927350444673,0.0
-0.9311725202646246,-0.0712851337774995,-0.6010443218121165,1.0
-0.9124501135883626,-0.1017199817931252,-0.6311909683761733,1.0
-0.9396146201609175,-0.10893705461502985,-0.6180909704089103,1.0
-0.9203895215060972,-0.05293568085157689,-0.6578900126303964,1.0
-0.7365454215610094,-0.031182441362779742,-0.68749343755482,1.0
-0.9531462889579103,-0.028515328050081314,-0.6039534690441195,0.0
-0.6869344832235575,-0.11482644645116165,-0.7501594619431529,1.0
-0.5313498798074793,-0.3856917152914245,-0.7673784403303737,0.0
-0.7755167884331747,0.0663145549063199,-0.6968451337733252,1.0
-0.7656066645949133,-0.14717249629675097,-0.7308868211722611,0.0
-0.948941682326216,-0.07884506980553191,-0.5918347388018471,1.0
-0.8432304467973013,0.01619625483433984,-0.7274767984213402,0.0
-0.915080235227448,-0.07700669653582633,-0.6779771993507284,1.0
-0.9484507758116564,0.017368483129756765,-0.596637166273558,1.0
-0.8830359289705072,-0.08164746236238446,-0.7252786215116134,1.0
-0.9628186185484355,0.009258869613229359,-0.5853362542781759,0.0
-0.9744959843137878,-0.0038179700366258035,-0.5543535730088297,1.0
-0.7990408268644875,-0.07619251214543966,-0.7701290772855743,1.0
-0.9655298465804307,-0.00803806385401077,-0.5840467288955208,1.0
-0.9744810049632541,-0.021800152333982893,-0.5778009097025377,0.0
-0.9390112299929952,-0.04168400349836318,-0.6131938576434189,0.0
-0.9619799350637407,-0.003160696562108524,-0.5800172960132358,0.0
-0.971587444868303,-0.028835574517847472,-0.5883888412606777,0.0
-0.9265196243729786,-0.13501931147126872,-0.6516806315950997,1.0
-0.9733090253707268,-0.014856227142748209,-0.5557073867313491,1.0
-0.9711289754166569,-0.007132033711288822,-0.5492688201626514,1.0
-0.3405356960693242,0.2531810750995782,-0.8104462875509884,1.0
-0.9345787320971073,-0.021446748655342955,-0.6053902835001103,1.0
-0.9185165948180768,-0.16629864624848978,-0.6633343397470987,1.0
-0.5704217821506976,-0.1446885668014003,-0.9912084791464304,0.0
-0.9141704634189591,-0.0772855249561995,-0.6670317366807185,0.0
-0.9815157522240578,0.036009561709638496,-0.5481126580224789,0.0
-0.7558365026313414,-0.22781707536734191,-0.7860576325531502,1.0
-0.8943428259394289,-0.047518394261735625,-0.6442769989676189,0.0
-0.9188546399438079,-0.057660141704100616,-0.6954357845415077,0.0
-0.8483391097739652,0.04474092374118925,-0.6337510318931284,1.0
-0.9649839839025244,-0.018012051026542804,-0.5804593629622207,0.0
-0.883511448369505,-0.08329286861294062,-0.7152536639166497,0.0
-0.9738712736513768,0.0487479202650446,-0.5593740167756739,1.0
-0.9227034841015933,0.002046524581279782,-0.6166471345961624,0.0
-0.6269791798624078,-0.3881628246710653,-0.6317693648515594,0.0
-0.9723786284423096,0.010398415284082863,-0.5605211461424398,1.0
-0.7563388834627194,-0.27663041976388675,-0.6466734914045889,1.0
-0.7459774059371498,-0.1884946982644161,-0.7390923613697935,1.0
-0.9518106751648501,-0.033449555364122696,-0.6230389847653329,0.0
-0.9818601172254816,0.06133209490412429,-0.5391662326493737,1.0
-0.9407979643239417,-0.11034656731913584,-0.5959555353554113,1.0
-0.9654178877021449,-0.0478588796542585,-0.5798093165028714,0.0
-0.9535129392799384,-0.05412747835936937,-0.5969929260940845,1.0
-0.8799975343437146,-0.08020484473797158,-0.7046886256912747,1.0
-0.8019664770309742,-0.08422513817402272,-0.7584241252588789,1.0
-0.9718253535128949,-0.02030946135226047,-0.5620114249810074,1.0
-0.8583482277401596,-0.05326382355905936,-0.7232789721267162,1.0
-0.811548662521858,-0.31596148432893034,-0.683370461263249,0.0
-0.7540753944873008,-0.1470862675591773,-0.7555574680200245,1.0
-0.9172158961525325,-0.07492120394717108,-0.6569549540855079,1.0
-0.7885679739847866,-0.1705497938636067,-0.7676503588976733,0.0
-0.8173057562525832,-0.09031610588267337,-0.7789737899005709,0.0
-0.972819652952355,-0.007530807365267539,-0.5555651012770827,1.0
-0.7641004657598909,-0.23716563478436056,-0.6851426137189115,1.0
-0.9107518184564851,-0.15482049038360896,-0.658525566881675,1.0
-0.9235054915217595,-0.13489162930097498,-0.6378622765176964,1.0
-0.6186239290483798,-0.05298500656691835,-0.9399064993058925,0.0
-0.937599514447967,-0.03507930302287363,-0.6195872025461674,0.0
-0.9239387639043619,-0.02028306847946456,-0.6078238894902916,1.0
-0.8533802279274575,-0.22745052992605522,-0.7272350737102591,0.0
-0.7176929788729234,-0.23791425966868388,-0.8363489146846106,0.0
-0.9544966327360637,-0.020948956954085093,-0.6062886745198264,0.0
-0.310282572669604,-0.3502132657865685,-0.2854122960889251,0.0
-0.4377808490666117,0.3217483023628746,-0.7953118904371933,1.0
-0.8447914899021681,0.0043451893013393555,-0.6754037948527863,1.0
-0.8913789221474008,-0.08239498895935424,-0.7170901751200478,0.0
-0.9527198242021953,-0.04128411324612941,-0.6173604160618698,0.0
-0.9706112009370299,-0.04177941627355047,-0.5592777166073758,0.0
-0.9819075610817702,-0.005500331358261348,-0.5512502581609351,0.0
-0.9230043379555464,-0.05431367737490047,-0.6129616436298128,1.0
-0.9627549440959128,-0.035525077664349355,-0.5927297359460533,1.0
-0.9287574040354657,-0.11159584383537555,-0.6704337800715197,0.0
-0.8973996801845507,-0.15132734001334908,-0.7107234306032767,1.0
-0.9780240414470429,0.017107157109821386,-0.5654323004633284,1.0
-0.9343414157708035,-0.02022504892037706,-0.592203939125547,1.0
-0.95777035777158,-0.030382521821022135,-0.5867413104355268,1.0
-0.9728323662638171,-0.026247790134275018,-0.5929679885749285,0.0
-0.9563785411389217,-0.0461661582537458,-0.5667741032694207,1.0
-0.9858535431205249,0.003941045297949565,-0.5201283599869807,1.0
-0.9550671480111161,-0.05331006208220016,-0.5905710469370961,0.0
-0.8579995677719932,0.004345001766518003,-0.6960795427896458,0.0
-0.9845856321946332,0.019041155735281062,-0.5349114323366828,1.0
-0.9698991109781276,-0.012179061251412958,-0.5812561815830111,0.0
-0.9757326573304409,0.00013769128144972692,-0.5750371830353913,0.0
-0.9595306439388593,-0.04140112990640072,-0.5764846111762797,1.0
-0.9740913678179557,0.02644979716453852,-0.5504639736017515,1.0
-0.9455305003730344,-0.044888337276256504,-0.6229048967921959,1.0
-0.9771339053268264,-0.03129346608869765,-0.5568565377857603,0.0
-0.9799999178908276,-0.017682497685594427,-0.5652232230964603,0.0
-0.981112742883549,0.01797869646556083,-0.5432254495184109,1.0
-0.9183394084505104,-0.1312820384515982,-0.6730545947408217,1.0
-0.7948028739260613,0.07116507865112912,-0.7244465096461152,0.0
-0.9671175626753848,-0.031289915303938015,-0.5868685306481453,1.0
-0.7292376360868312,-0.14478898993637293,-0.8230812512193997,1.0
-0.8944124627693164,0.01136321502011238,-0.6479221406607573,0.0
-0.9740008107916214,-0.012727753230870248,-0.5793699656570457,0.0
-0.8596358787118658,-0.11135468365070361,-0.7516558769923906,0.0
-0.9491551259723524,-0.09905767928014413,-0.6223530161871886,1.0
-0.9776269752749974,0.01283561372984672,-0.5480888113634058,1.0
-0.9135440587928992,-0.14617327652829365,-0.6659318738833007,0.0
-0.9226244930762001,-0.14775599768300196,-0.6508013155080636,1.0
-0.9477434726167234,-0.040721818228294696,-0.5893184044493567,1.0
-0.9340346826723044,-0.061866256684293276,-0.6349069437269165,1.0
-0.9486577019773467,0.06447348210368682,-0.54452890203678,1.0
-0.9706742058900384,0.03901566217351356,-0.5541931874655424,1.0
-0.9909352327791784,0.05609623146784484,-0.5027873845154518,1.0
-0.963473533070393,-0.02306698760702707,-0.5892449979043518,0.0
-0.9159143262093077,-0.06031079898569286,-0.6617169930436333,1.0
-0.9510064344235891,-0.05647466737413504,-0.5789807961308077,1.0
-0.9270196404882032,-0.007431516142126726,-0.6084955040110471,1.0
-0.7456657336801382,-0.022564205724816343,-0.7305940845179584,1.0
-0.9621561031259557,-0.057938603593618354,-0.5959400323621742,0.0
-0.8547995473678188,-0.23815991761710759,-0.615325239116036,0.0
-0.9452515285052273,-0.0357932302607321,-0.6225738701309768,0.0
-0.9307502334983716,0.0006971047336626346,-0.622087528501868,0.0
-0.8003507978053108,-0.06700172661349164,-0.7772123737260288,1.0
-0.9811373331488726,0.031846787694086054,-0.5383820359897348,1.0
-0.744495934927338,0.001294390036289804,-0.8749392025883912,1.0
-0.8943568713422921,-0.0758401867030105,-0.6496412153153373,1.0
-0.9595817580231826,-0.026620784569754176,-0.5987995305520363,0.0
-0.9370738653291554,-0.04318865340364652,-0.6241603377001195,1.0
-0.9197086406989692,-0.04134655795521547,-0.6415853930942917,0.0
-0.9380881990528807,-0.029930642586782488,-0.6272969353480737,0.0
-0.9763795863893159,0.019405000041434944,-0.5522538033812406,1.0
-0.973612318398834,-0.0024123017887655585,-0.5604390878442128,0.0
-0.8177190966728198,-0.10391662024647606,-0.7722098830063028,0.0
-0.8566211578678274,-0.07242004158943813,-0.7487563527190634,1.0
-0.875739777570022,0.05835496078142659,-0.6235931736420032,1.0
-0.9693498962368898,-0.03529209684279692,-0.5678551147961394,1.0
-0.8553872096662993,-0.13483809768168237,-0.7136665268440151,1.0
-0.8437431888883404,0.0364689940097261,-0.6828843799978785,1.0
-0.8786543400495054,0.020070659060962143,-0.637805114005117,1.0
-0.934412452082898,0.035170141710096595,-0.6225893301647125,1.0
-0.9105683491623845,-0.05798215379340332,-0.6779183158251958,0.0
1.0000000000000002,0.9678611522511306,0.7797656478738048,1.0
-0.9065734368736655,-0.1241412822141786,-0.6843968895147057,0.0
-0.9214550490001071,-0.13498064240865104,-0.66408596801403,0.0
-0.8265339206030902,0.03810097034868666,-0.7118662668260168,0.0
-0.7286583738672813,0.11237087969225013,-0.7179175810614039,1.0
-0.9685860344916802,-0.06009081728956055,-0.5435990006206127,1.0
-0.9340507897655914,-0.02158688877914868,-0.5906461954416412,1.0
-0.9708556626846063,0.026455854817595992,-0.5655200687835361,1.0
-0.9524674490516714,0.018502999559831146,-0.5944799518542128,1.0
-0.9605592543120238,-0.06277240364729492,-0.5741603843394385,1.0
-0.8695924411118355,0.013904323297531732,-0.6972007550333847,0.0
-0.840921182947361,-0.0038703555779197873,-0.7180636203307386,1.0
-0.8594809520230119,0.048802309044809616,-0.6974269137998865,1.0
-0.3542128345157428,-0.8898771880764164,-0.24316253562783469,1.0
-0.9307431276766234,-0.11721920311010202,-0.623571892709632,0.0
-0.9439455455367093,0.019440044412242855,-0.5981288708383458,1.0
-0.7604122420524975,-0.34415216894816486,-0.6392023424963892,1.0
-0.934231189834555,-0.015215786184397756,-0.6500080568592432,0.0
-0.9623532851145299,-0.04803175746537092,-0.578909444727312,0.0
-0.9504638732101832,-0.04037719376111294,-0.6031209585342423,1.0
-0.9495222652267415,-0.052347118764957,-0.5918337529143933,1.0
-0.9716001020128073,-0.03105658763975246,-0.5633163221698354,1.0
-0.9119554405090302,-0.14818523414778312,-0.6534639536094891,1.0
-0.1486123826764092,0.047156442478203955,-0.3799217464735402,1.0
-0.852141973993185,-0.10732061833479875,-0.7264461614186707,1.0
-0.9310264793184142,-0.06637264377769705,-0.6513968993525009,0.0
-0.7898199367774145,-0.08869103062045929,-0.7322207970210017,1.0
-0.7456704891088682,-0.2937761425837254,-0.7084899843809613,1.0
-0.9923384223429415,0.0629511360757545,-0.5267922139097955,0.0
-0.9169334741626884,-0.1712164896063466,-0.6564660506555267,1.0
-0.5927201548519305,-0.08716305404399133,-0.8134821101083143,1.0
-0.9255288219775568,-0.11434603295003073,-0.6522098075918821,0.0
-0.9147010143829231,-0.01655057877517528,-0.5993715370143372,1.0
-0.8325660634713378,-0.20369115942443106,-0.7352614380902169,0.0
-0.9048885072351801,-0.03848651122810645,-0.675310706029496,1.0
-0.9606999508488506,-0.03720590015258741,-0.5873996803778769,0.0
-0.8691666942712974,-0.2052591847767176,-0.6820163629393398,0.0
-0.9871045408379225,0.050094174976232184,-0.5313898841959542,0.0
-0.892138850609564,-0.12083883686639314,-0.7024450205702865,0.0
-0.6687064814405681,-0.04460304190589726,-0.8699104699171665,1.0
-0.9108782061136208,-0.11052255493076654,-0.6573694900384797,1.0
-0.8350705066763354,0.03602753368990773,-0.6946018255468756,0.0
-0.8680701350021599,-0.04390677359354728,-0.6516271689228057,0.0
-0.9729624590732177,0.006574915676985246,-0.5569075749216276,1.0
-0.3207275907570001,0.10340697205950791,-0.9095764512483326,1.0
-0.9431659710276658,-0.014414422299061154,-0.5983800026444432,1.0
-0.9550704115326965,0.005879110924105285,-0.5868438270981664,1.0
-0.8904021248694564,-0.07162638811703194,-0.6524390917050044,1.0
-0.9029608116226904,-0.14653521940833236,-0.6989744998450118,0.0
-0.8905463253709465,-0.03008832975544093,-0.7170109012516019,1.0
-0.7911652329985844,-0.013769886891415471,-0.8133117763168227,1.0
-0.9774122840442488,0.015164542593799901,-0.5509757136055233,1.0
-0.8001009903240898,-0.2610221525804214,-0.6210744767790197,1.0
-0.9821927511035908,-0.011847141507266103,-0.5433001306066179,1.0
-0.9698510237080334,-0.025216069933392843,-0.5816155182055562,0.0
-0.9685339774403312,-0.008634485478365074,-0.5567491342929357,0.0
-0.9178893901603697,-0.09685610641085174,-0.6371735483126149,1.0
-0.9258130386762322,-0.10137555740745335,-0.6805634945987119,0.0
-0.6729076965859967,0.07548043529068016,-0.8533004954571175,0.0
-0.9434428288673695,-0.028895103231756775,-0.6206137662753309,0.0
-0.9487415289309032,-0.008269063339350458,-0.6224912689805834,0.0
-0.950882585484076,-0.0739526619844337,-0.6022287408159026,1.0
-0.9811521834317549,0.04254811392204136,-0.5446489434306978,1.0
-0.9275899748882421,-0.0823214483503944,-0.6725238569396927,1.0
-0.9641391835502422,-0.0646787827354158,-0.60900322895854,0.0
-0.9424929849222105,-0.029669453784805167,-0.6316987890732063,1.0
-0.17736415407655393,-0.021333933081894234,0.07020450766410735,1.0
-0.9365051348528507,-0.04453238879259289,-0.6460779041797029,0.0
-0.9746822876397516,-0.009521166847011514,-0.5424368925044595,1.0
-0.966084221922375,-0.06901698274244025,-0.5784401867155885,0.0
-0.36020435379853033,-0.20178992287825764,-0.8066447808531415,0.0
-0.9765076387875465,-0.038416192660179156,-0.567406653071997,1.0
-0.9334591418477515,-0.08775215110797499,-0.6229362440537333,0.0
-0.9847923098530854,0.04030982946654792,-0.5440716472856888,0.0
-0.5286161679903887,0.1353758636972691,-0.6812065180125957,1.0
-0.9718165759593651,0.013357511389037457,-0.5437621123470124,1.0
-0.8722363705242122,-0.017063936858377093,-0.6984741051246453,1.0
-0.9454753904837687,-0.028003751170224574,-0.6125657369822377,1.0
-0.9198818088859779,-0.13775344992249464,-0.6749526818170285,0.0
-0.8838017556488039,-0.14562800839159462,-0.6850620466818247,1.0
-0.9661799715861188,-0.00940013796120353,-0.5800988589484161,1.0
-0.9668950406939854,0.08569577221198804,-0.5419006575152012,1.0
-0.8247549370946795,0.06693372184531694,-0.7769243376593146,0.0
-0.9310385780942494,0.01117069366534508,-0.5960404438249658,1.0
-0.8477284612390622,-0.05810999312965742,-0.7708964286425666,1.0
-0.9763999677048305,0.048945768957196406,-0.5253482567834871,1.0
-0.9208255229753711,-0.10794178938178858,-0.7021199458479714,0.0
-0.9742951603538018,0.02204761602324945,-0.5698082646554392,0.0
-0.9470907963816807,-0.03382487412786624,-0.6072014174729367,1.0
-0.8330218098721334,-0.23143111218738266,-0.7643630964650261,0.0
-0.956733744619256,-0.01992127202125584,-0.6050009593323236,0.0
-0.9524042648706699,-0.06537441512238104,-0.6209473430557672,0.0
-0.8807782768851341,0.03816423413604342,-0.6724495075983832,1.0
-0.8247473058486717,-0.08732151758231986,-0.7320289531130448,1.0
-0.9651875088334985,-0.05770844344145043,-0.5977689797322318,1.0
0.263722652581289,1.0,-0.6489666759316085,1.0
-0.9412320746755743,-0.03406848942128966,-0.6460688568574672,0.0
-0.9011888534098418,-0.09749237653662539,-0.6541740801844329,1.0
-0.9354954423857957,-0.045679033634635526,-0.6224295493413696,0.0
-0.8928256358908642,-0.16092154668321912,-0.6774352866372758,0.0
-0.9261907142193989,-0.1431196080321378,-0.6321441716962735,1.0
-0.9031205580423611,-0.060931311373770745,-0.6686623370315967,1.0
-0.3643757641598552,-0.28511593101714083,-0.545492734190405,0.0
-0.8249939724698747,-0.03069758973702682,-0.7674653283940929,1.0
-0.9755884026985109,0.02246162209982981,-0.5551550937957621,1.0
-0.9805520727296698,-0.04480905073272932,-0.5659497807372303,0.0
-0.9460806154203816,-0.05626395382419166,-0.6194141470866382,1.0
-0.9539608478295827,-0.09782707721848229,-0.568147991382575,1.0
-0.9609897621464419,-0.09885994906375162,-0.5920082750151875,0.0
-0.8543613583346014,-0.09065936333895572,-0.7590289202309409,1.0
-0.9200709291242563,-0.12601692783614277,-0.6472321620866004,1.0
-0.9805685647005161,0.03047947116850784,-0.5492104249557366,1.0
-0.9545440083841228,0.024001359012324697,-0.5864037850361364,1.0
-0.9700765917293978,-0.06311867420237835,-0.589514431636694,0.0
-0.9247417700707611,0.02074280681994284,-0.6355828592237627,0.0
-0.8986302080712619,-0.12299705347561299,-0.6572681894577899,1.0
-0.9737488418534066,0.0025944238304947825,-0.5556502276573727,1.0
-0.7887322154155364,-0.07094123924555626,-0.7764540531439076,1.0
-0.6858937781697387,-0.131794438233241,-0.8400880515505202,1.0
-0.9816068953956463,0.02693429854659571,-0.5537974039719584,0.0
-0.9600623057723997,0.023383178246503614,-0.5671312826861954,1.0
-0.7810804382963413,-0.11314654960365471,-0.6470397891066889,1.0
-0.7779954578291635,-0.1871783330768374,-0.7772643833886642,1.0
-0.8634678886378229,-0.11662783657969553,-0.7689825666392266,1.0
-0.9520237558857457,-0.012918996124805356,-0.6125030772218769,0.0
-0.9222585299411492,-0.05101556776258543,-0.6164948051679277,1.0
-0.6055942571730581,-0.07647120206352846,-0.7925623354007235,1.0
-0.8168114092879157,-0.14728221776589118,-0.7539601384694581,0.0
-0.8941256949958459,0.04183871941216602,-0.6734986841722632,1.0
-0.9391609365211238,-0.041927334774437,-0.6491167508250096,0.0
-0.9545193217523689,-0.05876336257911506,-0.5832361385404953,1.0
-0.94349313143254,0.05186207662146783,-0.5898912877839974,0.0
-0.9091586686990054,-0.022110843037209456,-0.6402677925810951,1.0
-0.36954254417139,-0.2975958459325558,-0.839637514802601,0.0
-0.9330647073782351,-0.10741402032310005,-0.6311783464898633,1.0
-0.9408081284391344,-0.005375427583453163,-0.6015915126835818,1.0
-0.7226669797587866,-0.07398495145070691,-0.8040112794099752,0.0
-0.9125319509693782,-0.12101734628063793,-0.664953992422388,1.0
-0.7656278083518898,-0.08643707496410648,-0.7512654055292572,1.0
-0.9418017964448439,-0.006496963410110024,-0.6156310751379593,1.0
-0.933734656663788,-0.03271396640793112,-0.607003763997952,1.0
-0.9643106917215509,-0.03699023872471291,-0.5874367014186532,0.0
-0.7334195053035597,-0.11327180613960106,-0.8350928362052925,0.0
-0.9619856836680838,-0.022209939778018536,-0.5714274975258735,1.0
-0.981535934709999,0.009266045489837366,-0.5548912310865302,1.0
-0.9758492153095101,0.013819625479612796,-0.5473744698670725,0.0
-0.8480546872352972,-0.05216456621129824,-0.7345271019091634,0.0
-0.8677757924145075,-0.11763942298601693,-0.7282095327075466,1.0
-0.7793065334298515,-0.10342734708977348,-0.7336495302035212,1.0
-0.8397591025949147,-0.2842498131019873,-0.6929414668838595,1.0
-0.9124433610922795,-0.08936619692839354,-0.6847649161496757,1.0
-0.9679719213709495,0.00967173484891437,-0.5674055710688813,1.0
-0.3519781716425173,-0.5920065630883614,-0.19544514715240785,0.0
-0.9825831586824101,0.03036002823781632,-0.5307870572522595,1.0
-0.9618394193946416,-0.020054648722456325,-0.5741462992622594,1.0
-0.9358075368039331,-0.06267548052307075,-0.6218016848523137,1.0
-0.9839228742791944,0.002080180953637663,-0.5375081280305215,1.0
-0.963854647261965,-0.07895887716068638,-0.5781176910966482,0.0
-0.9653870953050028,-0.025056946944167414,-0.5956742754993865,0.0
-0.9523663318090146,-0.04694199855261455,-0.6137686793674196,1.0
-0.9359029287380237,-0.1402170171549915,-0.6472338016220506,0.0
-0.8681150461921076,-0.09421271357118155,-0.7033293359788252,1.0
-0.9537167693034774,-0.08341341333207616,-0.6259405312876055,0.0
-0.962411043647352,0.007406813683476968,-0.5887781770231592,1.0
-0.9528646044123982,-0.07232821159418064,-0.6193844090779436,0.0
-0.954077197745319,-0.02544034484000799,-0.6015475713484539,1.0
-0.9764535769715783,0.030692670930832583,-0.527897475490578,1.0
-0.970751932201894,-0.020508241290369822,-0.5395385661877637,0.0
-0.677179819862022,-0.2931158215522335,-0.7347883649292983,0.0
-0.9677177999552923,0.023193180368780375,-0.5631438700116085,1.0
-0.8279910212447952,-0.1104450227445546,-0.749076515771476,0.0
-0.8804433918174561,0.03352952414206656,-0.6939366792079088,1.0
-0.9489999669213656,-0.02890431678627897,-0.61072990786922,0.0
-0.951890518736255,-0.06566228401825774,-0.6046472514235441,0.0
-0.8040419834963624,-0.10582210885681329,-0.7334071835602334,1.0
-0.9550670811806921,-0.04300513250911112,-0.6106563462371845,0.0
-0.9780967538164138,0.015022282671497411,-0.5471540225522472,0.0
-0.9677754765203977,0.015297178649912133,-0.5739556729279335,0.0
-0.8933211417590796,-0.17641944479276606,-0.6968371706274213,0.0
-0.9476001538324731,-0.0447639873826568,-0.6328776042313903,0.0
-0.9028104894876637,-0.15770218053797336,-0.6977619512370332,0.0
-0.7244735285761275,-0.17797194830356627,-0.8124821893098779,0.0
-0.7733224269431936,-0.18509163942421228,-0.7522635673560389,1.0
-0.9348818948129695,0.02177401656767132,-0.6180239813220747,1.0
-0.9339973829635315,-0.030995182070749992,-0.6246639218185962,1.0
-0.9455854392176639,0.03882775295361997,-0.5827099101120029,1.0
-0.917256311693792,-0.0478648478451158,-0.6424361953192455,0.0
-0.9246482736859342,-0.1033316947426654,-0.6374212298813275,1.0
-0.5227570908244435,-0.21993545196579647,-0.9948373120481389,0.0
-0.7827826427592415,0.022536648069148513,-0.7561692397200669,0.0
-0.9849617512555748,0.02552437457877435,-0.532654384330299,1.0
-0.9739441879313084,0.056092895732110806,-0.5334907299498267,1.0
-0.952226919205118,-0.05949246619844259,-0.6201491245980811,0.0
-0.8496688416043116,-0.24778781080629142,-0.7178250901695814,0.0
-0.7869786479471852,-0.17965437963136494,-0.74494422149331,1.0
-0.911396591392786,-0.026902723400070005,-0.6302829418294635,1.0
-0.7395538660630971,-0.050569390308583685,-0.7940564347831139,0.0
-0.7230751716460155,-0.4517928011241023,-0.42926902800337197,0.0
-0.844359720254115,-0.16417794008300785,-0.6489439885760334,1.0
-0.9831631724515979,0.011023129412473659,-0.5431586637789493,1.0
-0.6266191536458442,-0.1513670388848123,-0.8302323311707915,1.0
-0.8118108196154565,-0.04592683870556193,-0.7611444137309905,1.0
-0.8783101838895914,-0.004755089923341484,-0.6853754891887403,1.0
-0.9808607386546799,0.03727447120028973,-0.5463466146414508,0.0
-0.25576340752737503,0.2138627366255353,-0.8845404604099496,1.0
-0.8088796242985938,-0.03184602361611212,-0.617697083175366,0.0
-0.765994652906534,-0.32888795494857925,-0.6317333762650357,1.0
-0.9689005872922745,-0.006703530082795686,-0.5620379647692197,0.0
-0.9670851984109787,-0.019321002843307906,-0.5865402533976414,0.0
-0.6704121000095493,-0.23940331141868249,-0.6930299550167521,1.0
-0.9649860476399978,-0.05375246324023614,-0.5947869923104931,0.0
-0.6255563689550739,0.1958689583842131,-0.8631846688059198,0.0
-0.9149178194326265,-0.09776062762617199,-0.6655633814684749,0.0
-0.989494664834295,0.05482934386535354,-0.5088376505529687,1.0
-0.9509281746922762,-0.06869822511539096,-0.6081519619069198,0.0
-0.964647183866224,-0.022930487547085952,-0.5961214859126347,0.0
-0.7784924569909515,-0.059920901404543585,-0.7890210607435053,0.0
-0.9510155602198719,0.014916897679736613,-0.5805904851049128,1.0
-0.9401388974478689,-0.003866008507038783,-0.605551496798361,0.0
-0.6201955687948011,0.18484684785789945,-0.7512509297721424,0.0
-0.8234819270357201,-0.13338973769433976,-0.7627544324419511,0.0
-0.8686664501398647,0.21952417631459564,-0.5819240170263897,0.0
-0.870888031704124,-0.17792882870234636,-0.6897199029261942,0.0
-0.9204946631418514,-0.12108142021911501,-0.6707632284837984,0.0
-0.917033665146157,0.04437298000566528,-0.6244482506655354,1.0
-0.974774366040181,0.023087204667854674,-0.5449386970307648,1.0
-0.9649417548032745,-0.031112086698309217,-0.5859222503446682,0.0
-0.9828426365635978,0.03348586704505142,-0.5416300993760748,1.0
-0.48475189543406244,-0.06606953205292895,-0.7576457161381804,1.0
-0.9048840619645241,-0.07160052733348292,-0.6910286960000999,1.0
-0.9113511838920201,-0.19203230988136935,-0.6605552231825849,0.0
-0.8809807900616049,-0.11571067175523675,-0.679682291733098,1.0
-0.9581064400327436,0.05004325318254947,-0.5640404510930859,1.0
-0.9122211949846297,-0.10654331051356083,-0.648755124714658,1.0
-0.7964451238253618,0.09702590588326646,-0.6949224233640418,1.0
-0.9135926774092189,-0.011244355529308352,-0.6303982645201749,1.0
-0.9413222171538294,-0.09739862689074483,-0.5995430353693829,1.0
-0.6282855493394105,-0.24934869441866694,-0.8185784399566609,0.0
-0.7376066214218325,0.029469545082480106,-0.8098015907428077,1.0
-0.765162684202743,0.024068579317681985,-0.7964397153833834,1.0
-0.9268976029597946,0.010558434694014782,-0.6078634882185034,1.0
-0.9424109444722166,-0.008057730661128311,-0.5927972190554301,1.0
-0.869169234108253,-0.09390582351496415,-0.752261982002082,0.0
-0.9119158506580597,-0.10698493545721793,-0.6544022474054569,1.0
-0.9702983110534941,-0.06329326112792197,-0.5885582459236766,0.0
-0.9345144360658035,-0.11150397367532625,-0.6280929272080198,1.0
-0.8909104211676357,-0.06113088843508486,-0.6889862821397577,1.0
-0.8959480120567548,-0.08235094269974241,-0.6897089406807283,0.0
-0.9425755563774002,0.023646877566363522,-0.6062469905122948,0.0
-0.854452363604914,-0.046786127115004135,-0.7644533341714758,1.0
-0.948530946469113,-0.07580970664567419,-0.5874570790517262,1.0
-0.9570365856720419,-0.04154747952769123,-0.606157624014937,1.0
-0.9589870051444287,-0.050992370375450125,-0.6007990286050794,0.0
-0.9642158815303435,-0.041369074889575114,-0.592759987338979,0.0
-0.9535499018981007,-0.004518893060756979,-0.5827055627492793,1.0
-0.9564216461882502,-0.09667368599237472,-0.6156806101390967,0.0
-0.6261833739279751,-0.1976949587390985,-0.759541561921817,0.0
-0.9529974551589406,-0.06894605851937483,-0.5988050830099837,1.0
-0.93043631547348,-0.09810081928678654,-0.6362894028665409,0.0
-0.9612481186857214,-0.04643856130234775,-0.5970940823693526,0.0
-0.9230454334080995,-0.09037842179330156,-0.6433933580973825,1.0
-0.6935063223549187,-0.3229044366605119,-0.6749716321158626,0.0
-0.9820180522453661,0.002367960371854598,-0.56200800249844,0.0
-0.9777838478549914,0.0035617147194272405,-0.549463888963217,1.0
-0.7097559175454712,-0.23154884444622614,-0.6751762042786744,0.0
-0.8886587016934672,0.010192121784826855,-0.6643673205939629,1.0
-0.890939689482747,-0.07076407468226856,-0.694041294692136,1.0
-0.5114536296995469,0.2794174497680634,-0.8663775083441296,1.0
-0.9358745939519121,-0.10026983209648907,-0.6475194796964648,0.0
-0.9627486855322277,-0.009140073838646033,-0.5861308938560189,0.0
-0.9831660536475645,0.019063936010591948,-0.5292653896843172,1.0
-0.9566504019636017,-0.06943970860982876,-0.5806673774205385,1.0
-0.8523926303305159,0.009266397697788989,-0.7552439572873227,1.0
-0.8357987554848638,-0.00155156991148412,-0.7168736847381468,0.0
-0.8929813785423736,-0.0813057173540767,-0.6513392348893551,1.0
-0.9679453384257048,0.023932448915807536,-0.5742619112551332,1.0
-0.9354419592987091,0.02514875319178425,-0.6370099613839854,0.0
-0.8850411363129873,-0.0905244383915897,-0.7111976294791542,0.0
-0.9577793537210659,-0.04729433318993585,-0.6025673174240666,0.0
-0.9820900700057041,0.02130600656017069,-0.5478251272723204,0.0
-0.9397117847468903,-0.11526615064103657,-0.6087912586457476,1.0
-0.9066265513767293,-0.04083136694282398,-0.7064144737241004,0.0
-0.9276254881767889,-0.13288814658048376,-0.655577744661615,0.0
-0.9139084363348319,-0.1153245255734365,-0.6444534438079547,1.0
-0.9315727818045041,-0.11217569504499347,-0.6457134241651583,1.0
-0.9846695798604488,0.0013971620183852312,-0.526191783387889,1.0
-0.9518830641919902,-0.026395935165316176,-0.5951067066386058,1.0
-0.9728415215933958,-0.0018857627943355687,-0.5684243972098039,0.0
-0.9615126011624556,-0.04734999837026611,-0.5822818172083993,0.0
-0.9105087491868671,-0.1360649930405756,-0.6845889667209518,0.0
-0.8038434418966728,-0.20707565746438844,-0.7731668561017058,0.0
-0.8993452002546076,-0.1328469829297494,-0.6512424516710745,1.0
-0.8248667523626483,-0.25943771364778734,-0.7577150291741297,0.0
-0.9763150145178334,-0.008933329367697598,-0.5767581710555565,0.0
-0.924051037084295,-0.0656954224376168,-0.6412506126408866,1.0
-0.9615156703192563,0.014898325834387341,-0.5616249146609404,1.0
-0.9329495413954944,-0.10177530809556323,-0.652358495625692,1.0
-0.5460627143502454,0.2103755646437782,-0.7694783300989113,0.0
-0.9766647888562833,0.013672991342838836,-0.562053379811267,0.0
-0.8116799258086043,-0.1209462284903496,-0.7245833938217134,1.0
-0.9572615042898859,0.0012288404151702334,-0.5758113718605276,1.0
-0.701372886061389,-0.4878654254330236,-0.5437683605274458,1.0
-0.9480983550776313,-0.08298188197397197,-0.6272629516477964,0.0
-0.9463546284109736,-0.05180835548613462,-0.6143266395409593,0.0
-0.9627678746966202,-0.0326355090364567,-0.5880782084595068,0.0
-0.9387161028494428,-0.0822937546300751,-0.6131005488574641,1.0
-0.980791374014937,0.019476792187381534,-0.5416486991309433,0.0
-0.969399213994731,0.029328565526418618,-0.5633531082303741,1.0
0.11219452593607016,0.5331697276330194,-0.8029857843193768,1.0
-0.9200130918504985,-0.09938717344756905,-0.6412190808786964,1.0
-0.9432619770997501,0.026537537030232122,-0.5820466209477515,1.0
-0.9674812830663783,0.014242200114156514,-0.5591634742676449,1.0
-0.7764120993614331,-0.0817268468936886,-0.7921144210038402,0.0
-0.8999953481007194,-0.1711685165387568,-0.6023190769658983,0.0
-0.688625117067412,-0.27154644793590177,-0.5424568452766229,0.0
-0.8472605479345875,-0.21570798401231275,-0.7233907966056681,0.0
-0.9686558854206488,-0.024124072866717895,-0.5771976235218736,0.0
-0.9555790158672269,0.06482416797081002,-0.565065684128275,1.0
-0.959474790496192,-0.036459058284192276,-0.5898251664663877,0.0
-0.9079732298947529,-0.007767047136531459,-0.6712273502848678,0.0
-0.9604008341197575,-0.04217492994164308,-0.6119043949295466,0.0
-0.7409144483518476,-0.09805417249104682,-0.8182136232209234,0.0
-0.886837771279098,-0.0594371551536007,-0.6766505561197431,1.0
-0.9487385837980442,-0.029324472757761608,-0.6039911152101273,0.0
-0.9610686108951848,-0.024206071263491884,-0.5977339843480434,0.0
-0.9063625905387017,-0.21423631282889075,-0.6627711164275676,0.0
-0.9354841992371006,-0.059607008682557396,-0.6318103094298482,1.0
-0.9804830791542477,-0.037291566435367914,-0.5388871353036043,0.0
-0.9377937481434396,-0.0725141790446119,-0.6335736030269047,0.0
-0.8336495728040355,-0.2064184749629951,-0.7532463780695373,0.0
-0.9451224046082344,-0.06597060470198256,-0.6201143015678647,1.0
-0.27782983644525694,-0.7723187263869756,-0.38078245665070765,1.0
-0.8175908268325796,-0.03337062593807181,-0.7144938672464838,1.0
-0.8615662980760197,-0.1783185108071393,-0.6622302807028431,1.0
-0.9575872891780061,-0.05568847942859856,-0.5847947354427191,0.0
-0.8993674232060205,-0.13214064847427975,-0.6858440418492734,1.0
-0.9355584837860592,-0.10610371957398532,-0.6153705160758987,1.0
-0.9305143123591063,-0.038896775381870814,-0.657015739813778,0.0
-0.9767601157399872,-0.031147257741223497,-0.5837424021514844,0.0
-0.21756344980765563,0.6087131424582906,-0.7365748276421068,1.0
-0.9128504459406486,-0.14192737075248404,-0.6359877045395053,1.0
-0.6804904599256669,0.18176568833175186,-0.8287954415467559,1.0
-0.5086972418816738,-0.29760497890449944,-0.7476827922600227,0.0
-0.9252150221151004,0.05381195786324594,-0.6369814853256865,0.0
-0.9573743689409937,-0.04797992979556597,-0.5929036629491522,1.0
-0.9663943551888953,0.013272567796735357,-0.5812534696905407,1.0
-0.9405209553660713,0.05523238978191329,-0.5926353589646396,1.0
-0.6450741811313763,0.2560524036783166,-0.6231740107902941,1.0
-0.693242309760098,-0.14969744307753008,-0.5272914273102286,1.0
-0.9550468160704149,-0.052472671943696286,-0.5684353474806908,1.0
-0.972917013892349,-0.03248598917260307,-0.5689051189467578,0.0
-0.8500123799475736,0.05378399219842177,-0.6474876617804829,1.0
-0.6615421496758238,-0.4528587110209841,-0.5851117817326573,0.0
-0.9495353040915459,-0.03313248166166784,-0.5914957752972345,1.0
-0.9889589062630373,0.029432888849415292,-0.5059449197132103,1.0
-0.5034749788449633,0.05656620045334455,-0.8081571939741621,1.0
-0.9173528292929439,-0.14673367212902963,-0.6448883329189393,0.0
-0.9534721297640015,-0.027629562914490695,-0.6016537258820407,0.0
-0.8261207514882564,-0.19482562028212835,-0.6863824985994317,1.0
-0.9165852511517245,-0.16448308549038942,-0.6355990536305086,1.0
-0.7794303003642933,-0.127160724809053,-0.7526463625015558,0.0
-0.9391529309203007,-0.019172520497550388,-0.6087324745693923,1.0
-0.9770485512340572,-0.00972309900125573,-0.5680406502117126,0.0
-0.7695488632068452,0.09654612418055836,-0.7251133753682579,1.0
-0.9731610428823001,-0.011196259530120177,-0.5670920149944958,0.0
-0.978427784870564,0.0016705363668416545,-0.5618345890344159,1.0
-0.20699737920739325,0.13692569199352064,-0.8371038148193444,1.0
-0.7021637201960879,0.08462365562006716,-0.8137470196899176,1.0
-0.9271427603763627,-0.11378687832368042,-0.6335215336673672,0.0
-0.9191332437780901,-0.039531144569305954,-0.6116025534737479,1.0
-0.7343545895034332,-0.5071534340287507,-0.46379850183728055,0.0
-0.9750239020630741,0.01090446067831928,-0.564165508573056,0.0
-0.9212681182130257,0.00787809556842474,-0.5831972620039415,1.0
-0.9363231405088477,-0.036243130011370125,-0.6227488646636058,1.0
-0.9516342351836371,-0.0570850309043132,-0.6018310419724492,1.0
-0.9575558219603784,0.04306690370741141,-0.568397722736039,1.0
-0.7746394965393356,-0.10731666448728988,-0.7901397894772035,1.0
-0.6728340688302258,0.14665827046898952,-0.7328945423205676,0.0
-0.9759094097686049,0.03285214682637809,-0.5485401997013409,1.0
-0.9209314771806547,-0.14907900896746024,-0.660046730375474,1.0
-0.589906380680417,-0.19182829628207684,-0.8219994315203862,0.0
-0.9146099743479289,-0.11889139514231234,-0.6563952631596918,1.0
-0.8746576018587072,-0.153624023033811,-0.6562775745702519,1.0
-0.9156873297205066,-0.07288464477460133,-0.64281610083021,0.0
-0.967459533505189,0.008901294556468431,-0.5753470562770997,1.0
-0.9434222413186492,-0.07549636052739672,-0.6225560946798522,1.0
-0.9235533043003185,-0.05438523439390014,-0.6609803558924399,0.0
-0.8602779316247252,-0.22270837909759836,-0.6359556606085834,1.0
-0.9558536269011947,-0.07669470776516475,-0.6221375835014419,0.0
-0.8234582539643773,0.05896756980335022,-0.7380931359589258,0.0
-0.9398884978014518,-0.08185016598447377,-0.610236181187932,1.0
-0.9441415916746939,-0.03758102823842706,-0.6017417911354479,1.0
-0.9650700345346198,-0.04850993431475311,-0.5813915664912541,0.0
-0.9840141437902337,0.03025380866938064,-0.5228753125826806,1.0
-0.8413141769095818,-0.09015389566997134,-0.7055766504283487,1.0
-0.9642565134618808,-0.04311063988887265,-0.5717048897310556,0.0
-0.8772012990995667,-0.13844990430518359,-0.6816653116340627,0.0
-0.9832741545049734,0.030872560750905137,-0.5407713936282269,0.0
-0.967665686319194,0.03388909387524179,-0.5535291329179068,1.0
-0.945831435927552,0.009521232276366948,-0.5701566291530868,1.0
-0.7823248143417031,-0.0703052585856774,-0.7823421270050889,1.0
-0.9835232457240246,0.014460166071793415,-0.5504372725826467,0.0
-0.1098937632372049,-0.058969313260539086,-1.0,0.0
-0.9511918881682485,-0.06875112439828604,-0.6145584851719177,0.0
-0.9866423006168792,0.07469082665115145,-0.5351948836948339,0.0
-0.9260017004327176,-0.02795911816135305,-0.6179109994789802,1.0
-0.971148917036462,-0.0540806955797824,-0.5872630567157759,0.0
-0.8152757647775171,-0.15763583820241356,-0.7391608201612196,0.0
-0.9631398336430469,-0.0011307179387280708,-0.582172213062834,0.0
-0.9413767187461708,0.024067375084302498,-0.6068361750754263,0.0
-0.5137734295102405,-0.3844068922492017,-0.6555395865251582,0.0
-0.9656358084760231,-0.009510017570239511,-0.5795393003588564,0.0
-0.929370970674958,-0.06156934797165453,-0.6415208408400769,1.0
-0.8680979274530992,-0.17379282753165431,-0.7187490152025,1.0
-0.9804805225708408,0.05320126465141142,-0.5317619693406563,1.0
-0.954789345737808,-0.026350173970383785,-0.6090531718846758,0.0
-0.9577776131377235,-0.08536005656330238,-0.6006170663893728,0.0
-0.9363384060902906,-0.03702176915781291,-0.5965247493092409,1.0
-0.9299636704337003,-0.027107622699544056,-0.6583701381015029,0.0
-0.9271465393791907,-0.03333062287836209,-0.6378438865257531,0.0
-0.23680849488388933,-1.0,-0.22915984213979562,1.0
-0.8160107246856755,-0.13281466996532187,-0.8020304277559278,0.0
-0.8581246861939729,-0.016433462945604896,-0.6923700564860945,0.0
-0.9480346486818984,-0.033842111923021403,-0.6167831335313089,0.0
-0.854671129011511,0.03377966719693333,-0.7318965993219985,1.0
-0.4724973117741159,-0.013299680004897695,-0.8357286099007628,0.0
-0.9106238374899995,-0.04839986535451197,-0.6530267304672682,0.0
-0.8822025961929122,-0.1726086575164192,-0.740083773979989,0.0
-0.9589603324281702,-0.04446803294208966,-0.587937350743095,0.0
-0.9364951849743628,-0.08824191941369881,-0.6352639286753515,1.0
-0.9089825197236797,-0.10785200007512791,-0.6692599353934517,1.0
-0.9304327858002747,-0.08719533098236182,-0.6449867257162827,0.0
-0.8409670825351552,-0.13823994840709689,-0.6832820867365343,0.0
-0.8520153707575946,-0.07164784154127454,-0.729860114979346,0.0
-0.9597382072144661,-0.017383661022358415,-0.5985955886301599,0.0
-0.9796127352675187,0.019215889831831007,-0.561321172548231,1.0
-0.8081103060678742,-0.2662855449736419,-0.6484240972729306,1.0
-0.9272288895748535,0.005291064728107593,-0.6043608881780509,1.0
-0.925415566072524,-0.017209957797947345,-0.6337260115937592,1.0
-0.969368140957599,0.008415557810215288,-0.5754912660159696,1.0
-0.9565815977610174,-0.027281609295543737,-0.6047231048190722,0.0
-0.966039271058212,0.01980446428605223,-0.586248321639112,0.0
-0.8912750300792511,-0.023349408020727505,-0.6826049977975629,0.0
-0.8118184734549392,-0.1168967707027593,-0.7394759016456133,1.0
-0.9395612041825125,-0.10328484388596389,-0.6252888550361989,1.0
-0.9822750935902199,0.03401135037127655,-0.5397719350636689,0.0
-0.23386521352990064,0.3444815616478077,-0.743133605162461,0.0
-0.9720694439718804,0.03235981476156147,-0.5440798564229391,1.0
-0.8922761293697159,-0.12434623111229205,-0.7056677133154775,0.0
-0.864156279901038,-0.2343103713887407,-0.7442260592802339,0.0
-0.8153715379347701,-0.1399179588532357,-0.7954635719330425,0.0
-0.9622476711722875,0.015758828743288628,-0.570549373494794,1.0
-0.890378662095819,-0.05290192531740807,-0.7261234132587836,0.0
-0.9292567679131822,-0.09719581360442546,-0.678532722984888,0.0
-0.8820452589912471,-0.10081720021048698,-0.696846077770739,0.0
-0.8776816090255534,-0.19438959517408338,-0.701560604631873,0.0
-0.9584567175976395,0.05737307770276728,-0.5742268969850804,1.0
-0.7569832513148331,-0.1344014376545586,-0.7568406642544647,0.0
-0.9475370160337209,-0.06778667146416134,-0.6097046069603618,0.0
-0.9210392801996599,0.02313166360103537,-0.6408242649352225,1.0
-0.9837820424626437,-0.0055564265165434085,-0.5532376289593212,0.0
-0.9288039580549837,-0.07145706522004863,-0.6365559422115653,1.0
-0.9503297195323142,-0.060880323258901234,-0.6335566036609874,0.0
-0.8858483502431966,-0.07883339307422767,-0.7107418794446251,0.0
-0.9860163032980159,0.05166850357662768,-0.5250265420345589,0.0
-0.942457171052915,-0.09005926733405234,-0.636952102302124,0.0
-0.9634939882136189,0.00729081831882987,-0.5757147964477348,1.0
-0.87812537846269,-0.08826382576198497,-0.7609724795562306,0.0
-0.28048146482984915,0.2339884040411423,-0.9210134631946407,1.0
-0.8208951436746694,-0.1140603780375359,-0.8218980178352102,0.0
-0.9278144121154465,-0.03216845756053259,-0.6287904334220626,1.0
-0.9139125712531935,-0.0697980975064755,-0.7176694346116598,0.0
-0.9278419566590353,-0.13635759123686497,-0.6363246809166244,1.0
-0.8199649155199316,-0.05405767289585994,-0.695937333923907,1.0
-0.9188736313449595,0.0009777545931612674,-0.6185510179977242,0.0
-0.9835335116475786,-0.011687734278886606,-0.550256060754538,0.0
-0.985790632942577,0.02811252622974482,-0.537322396085723,1.0
-0.6414948278121473,-0.03379732309632179,-0.7403901518597551,0.0
-0.901855343440538,-0.09869243452764317,-0.7028443447092734,0.0
-0.8232440239250376,-0.0005446336185550085,-0.7447723261199102,0.0
-0.7980959980662111,-0.1944346017887271,-0.740768731023615,1.0
-0.6945680420579521,0.0738266866609929,-0.7800161580664577,1.0
-0.9405960808164374,-0.10504081593383302,-0.635127765841854,1.0
-0.9471185262288248,-0.08434485291292426,-0.6076613609543444,1.0
-0.9276961689995517,-0.09748324083948767,-0.6439015053068048,1.0
-0.9659861399584759,-0.05142308564957189,-0.5909842104982287,0.0
-0.9648448804258374,-0.03805165547824181,-0.5850171140585372,0.0
-0.9756685908516908,-0.02342834233478825,-0.5757456060145012,0.0
-0.9307288393789237,-0.12377650008751982,-0.6466227006314604,1.0
-0.9838402997019524,0.03402012930182628,-0.5130332103340495,1.0
-0.34219160318320185,0.04043092160777231,-0.641155784762424,1.0
-0.8968414289186002,-0.08509301351907098,-0.6880932543821514,0.0
-0.9308348350613043,-0.09262403204138775,-0.6737739958147374,0.0
-0.8095476734403994,0.03181587676432823,-0.7165372799686247,1.0
-0.8877276618406468,-0.12343223903733459,-0.7256908452067808,0.0
-0.9676532134358674,0.017123116629121776,-0.5827978330994797,1.0
-0.9419491046657644,-0.09216620183551663,-0.6260211781170512,0.0
-0.6193902627266896,-0.010994957362335162,-0.8727377112539163,0.0
-0.9532275681376536,-0.061285351325014795,-0.5987224069847528,0.0
-0.8593542422595253,-0.19513089107365716,-0.6881291978644732,1.0
-0.8860241691349615,-0.05973939859647255,-0.6704252845631637,1.0
-0.9808372722934351,0.010310675080179146,-0.5584697483770116,1.0
-0.9662714838740483,0.035685024987765934,-0.5835489476674766,0.0
-0.8421360112938872,-0.021582245116288055,-0.7590118661724414,0.0
-0.9677322887570767,0.010540311911189815,-0.5763351596425571,1.0
-0.9195439242994818,-0.06043099979192168,-0.6715491958342437,0.0
-0.9831850291680128,0.013087637003728364,-0.5367445771073049,1.0
-0.8767615156642401,-0.07421934660033201,-0.7304697844773795,0.0
-0.6864355083398344,-0.3777418656747482,-0.6358980509438846,1.0
-0.7266827106787195,-0.009197042498407429,-0.8084088779164681,0.0
-0.9504657754662905,-0.04447059806206267,-0.573132641665181,1.0
-0.90211482461986,-0.14200563381213335,-0.6954894858885555,0.0
-0.9266358416771454,-0.06201238640640211,-0.6548889364055595,0.0
-0.8330553800707573,-0.12628160787637613,-0.7505614422249877,0.0
-0.933697006472895,-0.05797425679081019,-0.6567589488139995,0.0
-0.834697538543882,-0.16496619222664216,-0.700631495438814,1.0
-0.9641252038612558,0.01121501275157101,-0.5647491593279014,0.0
-0.9229328964854369,-0.10478319537405728,-0.6820894508298626,0.0
-0.8634546098498246,-0.09040964180278846,-0.6576587886275582,1.0
-0.9796663681072445,0.025454986309030647,-0.5407763037265654,1.0
-0.9018958876308752,-0.10547943828899284,-0.6873494521365291,1.0
-0.7355588310569446,-0.2039206208454418,-0.529194119727225,1.0
-0.9569836232279131,-0.005800886112160404,-0.581618968436861,1.0
-0.9211513378971237,-0.16250642430020684,-0.6811365522354439,0.0
-0.6624321474445288,0.13777565185620347,-0.8414093785770713,0.0
-0.7722870481068556,0.02963399842026382,-0.7446653177724192,0.0
-0.8186614387166635,-0.10505150955822168,-0.7855581781386181,1.0
-0.9480059339627285,-0.09616006851319588,-0.6204669736638446,0.0
-0.9641431856021966,-0.023947296035460003,-0.6112968695213481,0.0
-0.9786376618781205,-0.01218222553235948,-0.5564329070219827,1.0
-0.6389886438834417,-0.5034150327443161,-0.40003888370982554,0.0
-0.9425572572029545,-0.09598185490982317,-0.6232812107059205,1.0
-0.9430691499266921,-0.08085800943652717,-0.6010099985765291,1.0
-0.9079243834515573,-0.0751218885153341,-0.6272060197612781,0.0
-0.9607741243015713,-0.042190824320828726,-0.6104037925451419,0.0
-0.9177541261494274,-0.13438729106682562,-0.6663308788302073,1.0
-0.7700240848917345,-0.11136372809718864,-0.6553922003639304,1.0
-0.9534484843457832,0.019924674174940468,-0.5598087982416922,1.0
-0.9211239610412845,-0.10348205000250563,-0.683098949295308,0.0
-0.966311674368595,0.06604224362090154,-0.5346928001354488,1.0
-0.9444417628009176,-0.08768386145884263,-0.6415495578404747,0.0
0.610543700280048,0.7310827331239397,0.24840458674660815,1.0
-0.9624699233939736,-0.02569989590295213,-0.5985562764945546,1.0
-0.9597857521990256,-0.045410591341985315,-0.5891199167262313,0.0
-0.9659466857237183,-0.005499189069845471,-0.5846223892002641,1.0
-0.8775334349272919,-0.10848361047056858,-0.7075678087810937,1.0
-0.8488998424092531,0.019433152335296106,-0.7159759814786901,0.0
-0.9608616106682206,-0.014514381382905485,-0.6029535979500875,0.0
-0.963955175187487,0.04648277822552559,-0.5767917838655278,1.0
-0.9416242308543671,-0.004253831488873157,-0.621097658670138,1.0
-0.40139859460580585,0.03375236422747625,-0.8048663538530654,1.0
-0.9803537811861456,0.016238690040561346,-0.5518402984080716,1.0
-0.8245848306304288,-0.01945348449130435,-0.7742413516677283,0.0
-0.9851235976834481,0.0257838456396019,-0.5322475952579282,1.0
-0.9679735450572502,0.03642516876657202,-0.5668779513415234,0.0
-0.930099659650124,-0.0838787584534055,-0.6345015440878086,0.0
-0.9692947755048948,0.0006926785068362001,-0.5359967610924627,1.0
-0.863860317425965,-0.013725819727698763,-0.676855260970988,1.0
-0.8947560695298881,-0.09444404705259185,-0.6474658115949634,1.0
-0.8332266373596366,-0.10668879249795903,-0.6593682424849253,1.0
-0.8438730401931449,0.1024609365479972,-0.6259350418570412,0.0
-0.9383268113557706,-0.13955370689995766,-0.5968009536293032,0.0
-0.8512662523319026,-0.08521842410555125,-0.7521277626789463,0.0
-0.8932800033835545,0.037648163327361664,-0.6441342019564639,1.0
-0.9443137973389434,-0.05372031396496462,-0.5902450932208081,1.0
-0.6719149956011188,-0.15455111176558609,-0.7807822477113033,0.0
-0.7276067312435537,-0.3775026712005894,-0.7615364129725786,0.0
-0.8945588935284037,-0.10180518605551733,-0.7390876254843205,1.0
-0.9584899935495381,0.018717189168053802,-0.563761802005266,0.0
-0.7580224811876184,-0.3181573621373384,-0.680754840117165,1.0
-0.9077953792274811,-0.15908021593245789,-0.6771142824576739,0.0
-0.3243211255065196,0.16440392476169707,-0.9991939150107818,0.0
-0.8407393214116453,-0.04316254289714092,-0.7080041818930826,0.0
-0.8793002023187075,-0.03890635495437034,-0.6980340168815441,1.0
-0.7455378030203426,-0.07042516701908785,-0.7314422743257165,1.0
-0.9640134497857511,0.005960685595182841,-0.5809180170256827,1.0
-0.4365969757016731,-0.2902869248042996,-0.24114290082401463,1.0
-0.9487653388582469,-0.028358478701984484,-0.6060127341608179,1.0
-0.972458895773192,-0.03960444355432419,-0.5679686969780516,0.0
-0.9401667304831818,-0.09984277956633461,-0.6559769556178073,0.0
-0.8705207857514033,0.0006808489991926014,-0.6774251929773647,1.0
-0.960515718415849,-0.04718344322452998,-0.6018988682322407,0.0
-0.9771573474099551,0.034940410133150204,-0.5519575845418137,1.0
