-0.9849319404877039,-0.5108861637226161,-0.40135585559935116,-0.4366342281390995,0.2920626881818241,0.0
-0.9561272676457383,-0.5778804797441213,-0.4429465702373016,-0.43520633431439554,-0.037580108910454824,1.0
-0.9781388285413012,-0.5227298373291591,-0.4331720197742265,-0.44473813931074446,0.3514587821272769,0.0
-0.9855493649512501,-0.5338672653989803,-0.3961048347611064,-0.41785588545073915,0.270808395679276,0.0
-0.9518689465657383,-0.5683593997331876,-0.4888467329323628,-0.43449213464129793,0.1520547740478132,1.0
-0.9924224788324905,-0.49185873773261896,-0.3840798187601312,-0.43807245966215136,0.3305444860157559,0.0
-0.9293319788998028,-0.607297578844276,-0.537049763972844,-0.4325029306423119,0.33650093478390086,0.0
-0.9588478906526503,-0.5957938565177251,-0.44120576645869003,-0.41092228494571137,0.17992534888374417,0.0
-0.975455872715974,-0.5053134213951456,-0.4134076516715679,-0.4564446128950894,0.016711406998683245,1.0
-0.9810123463868464,-0.5278842031732831,-0.4032032719962743,-0.42520033570152216,0.323059416510592,0.0
-0.18400547507208032,-0.23744907179168379,-0.3949851680890687,-0.4654746926168514,0.10751218443596322,1.0
-0.8775115064587953,-0.6876717297076449,-0.5302648469184826,-0.3827338640185979,0.1571341594584917,0.0
-0.9193937013796255,-0.5849932850191464,-0.5227935787345288,-0.46379629870643657,-0.1311813219403688,1.0
-0.9841400334465237,-0.5381991697793709,-0.392632647059488,-0.4170994807167392,0.17135982315413562,0.0
-0.7297843552955026,-0.811805687524513,-0.07814628769947729,-0.35090223413147975,0.6074352542530078,0.0
-0.63299383526529,-0.7068989605742666,-0.3653580351099365,-0.3916747838566335,0.5263056973870893,0.0
-0.9890172086757633,-0.5050292521482109,-0.39756425326762135,-0.44433999583648937,0.1506152431537855,0.0
-0.9263044443149777,-0.5663266734909757,-0.5417273383734669,-0.4500791712062694,0.40379231598617266,0.0
-0.9272937419146061,-0.6363612575964824,-0.48639301845475263,-0.42508169138795965,0.06405218907593681,0.0
-0.966277091906248,-0.5573678994689053,-0.4327555127341814,-0.4368603535509464,-0.10738376570872307,1.0
-0.9605157486124345,-0.5194815892781393,-0.4441349853774946,-0.4673889670009925,-0.10297225803726454,1.0
-0.7792481183962723,-0.5826879267596705,-0.6277473051700668,-0.48306180564035794,0.15774116388411874,0.0
-0.963553556065903,-0.49686492064117227,-0.4633683151659084,-0.4674345798897698,0.3477518895889372,0.0
-0.9864847850840255,-0.4951600728462491,-0.392525032611114,-0.4535306789377591,0.04161711203480239,1.0
-0.9391481261419276,-0.6511848370539056,-0.43371351070496644,-0.38136705985500824,0.20270583321673546,0.0
-0.7997721903863327,-0.6571153520406126,-0.554654231925314,-0.4818317378368352,-0.2223601598097527,1.0
-0.5126058903447123,-0.8565285915625974,0.0200912099548739,-0.3686254531711002,0.559265626473667,1.0
-0.9776017570602794,-0.5165326135055237,-0.42152690980006974,-0.43556652469046964,0.28680719123221227,0.0
-0.9634293894036882,-0.5245791198081448,-0.46486505061323086,-0.4595036828577525,0.27736098912784046,0.0
-0.9705601529896336,-0.5251685018798905,-0.45007891722229504,-0.44102574037731135,0.40277060974599715,0.0
-0.7142724949170831,-0.5962244864472794,-0.7720669357887607,-0.5340312003708836,0.5535105870703934,0.0
-0.7647081604021706,-0.6523007861886766,-0.5316356008637382,-0.4762211276061593,0.25031650072052186,0.0
-0.932552307634687,-0.5886990329520354,-0.5243722913537271,-0.43596322009732186,0.3172742250568674,0.0
-0.9782241672436817,-0.516377290016629,-0.44701287060180867,-0.4513318633684418,0.29959832334606484,0.0
-0.9725545712699036,-0.5166872594859759,-0.41469626864134845,-0.4595646814348708,-0.055267974954970905,1.0
-0.93804614446192,-0.5936034028416867,-0.5148547658548377,-0.4485586993465797,0.1363228794583167,0.0
-0.6378943688885623,-0.4225971668501298,-0.746547757428762,-0.545196850862437,0.14170156538662612,1.0
-0.9553893479700813,-0.5757755695434493,-0.4433005673091978,-0.4256682746139814,0.09040123374756066,0.0
-0.9260469722372282,-0.6169047560000248,-0.5244134335941377,-0.44527075511783215,0.013606763620115467,1.0
-0.9572624985834373,-0.5590661409832365,-0.45444471629561684,-0.45038209206559665,-0.21998899637116354,1.0
-0.9295002520754834,-0.6503103065774726,-0.47082021542419894,-0.40547051833180175,0.11052565929399166,0.0
-0.9147488167365369,-0.6195032836100207,-0.49672360765096196,-0.43947269007134737,0.07485297619607653,0.0
-0.9610459298829377,-0.5202861713252851,-0.45581802106525743,-0.45582613529801314,0.3841305312339931,0.0
-0.9548658611833131,-0.5799874043786959,-0.43647828666741345,-0.440595260369669,-0.27907106426947426,1.0
-0.8429022024758948,-0.5900394566144904,-0.5802626975197238,-0.5125554339325968,-0.12065144821106047,1.0
-0.992007076263295,-0.5164592742385338,-0.3754657276972222,-0.4266922714427547,0.19429888108559576,0.0
-0.9692611262275597,-0.5290958115134082,-0.4402260416006522,-0.4481063247067303,-0.01992054464458605,1.0
-0.9656184272276003,-0.5494811534748052,-0.45332126314915494,-0.43404925570650854,0.2849562505179413,0.0
-0.9078076302713729,-0.5938591849484411,-0.5682918403679799,-0.44842920725546215,0.31260480491115117,0.0
-0.9467574009885809,-0.6005718089336498,-0.4718678066196382,-0.42306663539132067,0.014175857995054067,0.0
-0.9881092687441353,-0.5252824099042025,-0.406643090478927,-0.4220879411209557,0.3881737863619548,0.0
-0.8886388581382072,-0.577194574300829,-0.5327001529571043,-0.49305272073415,-0.22551245377484158,1.0
-0.9135621543123453,-0.584923796237682,-0.5475118039655982,-0.4495380562453158,0.37315572601854063,0.0
-0.98570276391329,-0.4953325148171165,-0.39490238916023485,-0.4506851997644463,0.013168439154429792,1.0
-0.9022210357371996,-0.6104656507769433,-0.5738980137530333,-0.44015365661840394,0.4366206543080549,0.0
-0.9729892289053816,-0.5509375156669731,-0.42671154957871915,-0.4193743009667886,0.32428896322457007,0.0
-0.8999387656490319,-0.6318186368693852,-0.5433685821348617,-0.4546446677803657,-0.026122851684698467,1.0
-0.9813103349787606,-0.5149549196556148,-0.4047830656123619,-0.45367251237047096,-0.04131492208629953,1.0
-0.9564108076293935,-0.5657742287060711,-0.44521661350368175,-0.44676590643178576,-0.20647257103102368,1.0
-0.6822815150594224,-0.8193877660605539,-0.3593430625182936,-0.4194233344392102,0.37573041389081846,0.0
-0.9829503485395272,-0.511054669508044,-0.41382733796600146,-0.44481634359588185,0.19901198040209078,0.0
-0.9719625596061162,-0.5071904296186098,-0.434913415937398,-0.46424446864196733,0.020759857071375037,1.0
-0.9587563116012973,-0.5449415949275397,-0.4663481858348496,-0.4560295129515717,0.0823000619266287,1.0
-0.9492613393888467,-0.5452464077191925,-0.48638807474339707,-0.4604030672913221,0.024987546465990357,1.0
-0.8717403352555442,-0.5397641272791448,-0.6245290616989287,-0.49788865030004587,0.4710855992464673,0.0
-0.9747412251187325,-0.5309017206571227,-0.4163674282589573,-0.44605266259932735,-0.07816222356041266,1.0
-0.9857308119324978,-0.5190405960421457,-0.386684781800811,-0.4340129400412838,0.17787208066745142,1.0
-0.9021179070989347,-0.5944491355969077,-0.610579782569812,-0.473667318855587,0.2520935836876229,0.0
-0.9910784829752268,-0.4842279531944702,-0.3721228853156483,-0.45250589359248244,0.09591036276596769,1.0
-0.9272807911929146,-0.6242432003034286,-0.5160971846945394,-0.4021083706818189,0.1744345367452174,0.0
-0.9793970674381941,-0.5245770497304075,-0.4240106996965353,-0.4362416762306176,0.332026652782884,0.0
-0.7875252268633364,-0.643154698501765,-0.5486481318440257,-0.49447010698152793,-0.21332224205522993,1.0
-0.8257149347218437,-0.6688433858939007,-0.6770576646727209,-0.46342801775059456,0.40906431996434867,0.0
-0.9223039311966919,-0.6304826894606168,-0.47687532320798115,-0.42480973213838125,-0.1293365643542136,1.0
-0.9326958840558082,-0.5891123763180768,-0.4652164546854909,-0.4420113584762471,-0.20827094311395744,1.0
-0.8284069851161717,-0.5171743093482052,-0.639090665510857,-0.5017386403747114,0.37508339124870654,0.0
-0.962634035349063,-0.46147077022904104,-0.4061261454251235,-0.493048088614323,-0.024837397921326526,1.0
-0.9072771452131878,-0.6074275253591842,-0.5734129441086648,-0.4510663171489683,0.2999386229610611,0.0
-0.925931949872735,-0.6160157936721375,-0.5224348839954608,-0.4227032136718041,0.3003746021119053,0.0
-0.9367157003635976,-0.6400426190159223,-0.4895590294154589,-0.42504859747229295,-0.3009908062867503,1.0
-0.9333346914936957,-0.6167220350602249,-0.5173271896051054,-0.4381370066166902,0.15338249910573268,0.0
-0.9766489686350699,-0.5374330302381626,-0.4207944359674941,-0.4445784878414585,-0.07079584908896805,1.0
-0.9278180057179137,-0.5547633876715446,-0.5173381658010293,-0.4635591967167562,0.016789420159684224,1.0
-0.7883816556040393,-0.5271858812357165,-0.6348283145706514,-0.5326942760606586,0.024244435631754213,1.0
-0.9387621592204639,-0.6203554176253873,-0.46318471004100364,-0.4061226496165285,0.20772995407014277,0.0
-0.988486330924018,-0.4907336141487614,-0.3950849714994549,-0.4388009626059248,0.4445527280770829,0.0
-0.9686189120663902,-0.5647271370263243,-0.4461883938089224,-0.4362778257870196,0.10531123352626058,0.0
-0.9568984470727416,-0.5850487936603277,-0.45677257336816085,-0.4410119028998922,-0.14071389810697923,1.0
-0.965715003532046,-0.515927350123116,-0.41535706780227877,-0.4511681643483878,-0.010758700889132597,1.0
-0.9782232368783896,-0.5215435821605845,-0.42302089945528604,-0.4519166177310901,-0.0043160513276715995,1.0
-0.9874419188070208,-0.5004666184178062,-0.3878262387862231,-0.44689744080387633,0.01930081080475622,1.0
-0.8217844166395963,-0.6606647508365723,-0.5525396042119801,-0.4857667756220037,-0.2318260167314689,1.0
-0.9332146999648488,-0.6131058019110777,-0.5175958207052153,-0.4434610520524779,0.13318480878934455,0.0
-0.957611134537991,-0.5674833250765219,-0.452355867858188,-0.44247113947015093,-0.22711382375240402,1.0
-0.9687852561940146,-0.5491631555998149,-0.4497247687570656,-0.4382742991178561,0.10267180597657032,0.0
-0.990846272571341,-0.5068343209193412,-0.3864607291190594,-0.43229746580926565,0.3291636453430977,0.0
-0.8828058924077685,-0.5304707792492005,-0.5196383070983139,-0.49883418974704397,-0.09282168609958943,1.0
-0.9330014404216355,-0.5866040400440385,-0.47272195129900113,-0.4452970386884131,-0.12506772792147838,1.0
-0.9793285344422819,-0.5418121657785357,-0.4240471300959066,-0.42452417048993424,0.10231660232753924,1.0
-0.9795374055316342,-0.47399852487699246,-0.3979335523586807,-0.4752000533778706,0.08053549852444913,1.0
-0.9666897178752748,-0.5001884887222875,-0.4501811766429091,-0.45797732126362084,0.3540360795139703,0.0
-0.9764398058738081,-0.5325459713049703,-0.4324699905594244,-0.44279971227894666,0.2437981613015617,0.0
-0.990135734499123,-0.49905714316424593,-0.37219341093607944,-0.4349164936937776,0.16339804389367055,0.0
-0.7744630404039552,-0.7006338991691045,-0.50808295601354,-0.39431057477144227,0.3682957531346738,0.0
-0.9871902098160803,-0.47802141281337546,-0.3915552030148793,-0.47350510376373456,0.08979799184679838,1.0
-0.9714557805330465,-0.5164704496609764,-0.4164362389163165,-0.4668251659851236,-0.0730797625975636,1.0
-0.9853178658461109,-0.5117279346133795,-0.39001389842589596,-0.4374955211976178,0.20295236864278582,0.0
-0.9796511840903087,-0.5268629150465218,-0.39644369619381514,-0.43866067633496486,-0.07314692035087142,1.0
-0.9676333766282164,-0.5483185276743796,-0.4446537802674316,-0.4339149792864327,0.2986366535828467,0.0
-0.9710106617187135,-0.5467395079807337,-0.4432380805040695,-0.43554959845358193,0.1943483401489623,0.0
-0.96656723415922,-0.5358345370122034,-0.46777646450061927,-0.44611518192827376,0.3585312419537907,0.0
-0.8877664433316399,-0.5716740914061077,-0.5933368163440984,-0.4915477899014971,0.06348693692546423,1.0
-0.7520843416049767,-0.6327062570870918,-0.6651568501483307,-0.503444080431412,-0.09517207583653617,1.0
-0.8384887516228781,-0.5390512099827166,-0.6394514176755568,-0.5063900232047814,0.4550241646688818,0.0
-0.9009682215108568,-0.5697843868362845,-0.5118834089504263,-0.48122855832145955,-0.15560739646557498,1.0
-0.9388697564014402,-0.5061155923458984,-0.49999853529250765,-0.47086022658216664,0.3723926612052682,0.0
-0.8532989518388255,-0.5475834740468825,-0.6061704447684858,-0.4853620808793291,0.3168237861885799,0.0
-0.8753880188634762,-0.5825233350228177,-0.5588282812383337,-0.4652604302253474,-0.05792272536231116,1.0
-0.9725799763665186,-0.5112989438692843,-0.43220765627776675,-0.46113472423486834,0.001084628447346983,1.0
-0.9519545746840874,-0.5420740649863709,-0.4946973604874791,-0.46160199922620426,0.21364364364812088,0.0
-0.9606347101062938,-0.5902845088735575,-0.4272054817081703,-0.42542305080483617,-0.2623846669170001,1.0
-0.9617810529736137,-0.5773887484854324,-0.4406295875418395,-0.4324801561806897,-0.05524031915790259,1.0
-0.9261282363669985,-0.5239458406449854,-0.5009268044395964,-0.46219900328859015,0.4365547611049343,0.0
-0.8275518427989347,-0.6280732435826208,-0.641254425720282,-0.45347243827878275,0.38006749563674186,0.0
-0.9026411358377248,-0.6408380978922218,-0.5792240765220839,-0.4383924183828626,0.25799872088872977,0.0
-0.9154957816351855,-0.5511006630297269,-0.501440609551826,-0.48683568433214125,-0.14036984079064327,1.0
-0.9071388760897634,-0.5909778171422915,-0.5980844658399739,-0.4724300254417797,0.19334369835498794,0.0
-0.9873022710846645,-0.4843804777438876,-0.39528166424185557,-0.45067149282197033,0.2567758550707116,0.0
-0.9398334088724994,-0.5981463118786001,-0.4614502475895083,-0.43924563406733774,-0.31130966992833947,1.0
-0.9841257051453404,-0.49177697032456463,-0.4040541095176646,-0.45659597283197356,0.14534549964057453,1.0
-0.9872492971160689,-0.4998784491585818,-0.41362474930002235,-0.43982258505992017,0.37027125628289675,0.0
-0.9506114279027823,-0.5841161292243316,-0.4478679799069283,-0.4327579655449112,-0.04821456671293048,1.0
-0.9787284940307189,-0.5587721614726251,-0.4074680277182694,-0.4055050047310057,0.30239900078761256,0.0
-0.9718319998901754,-0.4993530001270234,-0.41333555538129996,-0.4668797347842517,0.029657033606425798,1.0
-0.9811919219553918,-0.5257360372930199,-0.39250805419197216,-0.43361357547231505,-0.12505010131922795,1.0
-0.9242457476461462,-0.6268960220500785,-0.5222225405753605,-0.40312278384636235,0.2596727649241501,0.0
-0.9488618104093811,-0.5646225577807734,-0.44380247088740127,-0.4588026794180249,-0.24913628296060913,1.0
-0.781691829244349,-0.758471307261507,-0.5519894735066908,-0.41068833170071095,0.3384912896844421,0.0
-0.9677445373345939,-0.5472680694540233,-0.44284588766606237,-0.42876279336147644,0.2844126085489833,0.0
-0.9031228654510662,-0.6279241901786089,-0.5676751719174385,-0.42880413584666793,0.32989720428830316,0.0
-0.806445996254534,-0.646438220831724,-0.6936641229755656,-0.47040851466391,0.08034259638135544,1.0
-0.94120382981853,-0.6254704517730101,-0.5065812743986304,-0.4001740219434806,0.303759939300159,0.0
-0.9520033357127398,-0.5379672414149026,-0.4948683272575357,-0.46683870205393324,0.08985891383829545,1.0
-0.9491941034507072,-0.5203535286898656,-0.4629657528342785,-0.4569738599290324,0.33051731064750545,0.0
-0.9758370451784998,-0.5170571241444617,-0.3935400990322203,-0.4539063224097854,0.025836481005502968,1.0
-0.9119537130693712,-0.5918946467616137,-0.4935028875930524,-0.45964568441800424,-0.1296315151628127,1.0
-0.9743570142220617,-0.5282069689405546,-0.4237204521587659,-0.4344903529389174,0.1401677312063018,1.0
-0.8794185252798368,-0.6447907049135171,-0.5337649368260169,-0.4446553625431815,-0.05674096241122739,1.0
-0.9800174077338749,-0.48082837860543104,-0.41072352460802475,-0.4602679063468731,0.39839751587469235,0.0
-0.5822498501439115,-0.756124097099992,-0.6337646085957508,-0.40225083242262083,0.7484606492114867,0.0
-0.9156828613978673,-0.6501967279329421,-0.5064113537752921,-0.43081197828891155,-0.26975010210780476,1.0
-0.9237018114061054,-0.6011572270249892,-0.5566618810816641,-0.4436016064275707,0.36711876220915307,0.0
-0.9743704565520488,-0.545947519103632,-0.4375224009076152,-0.4240742270888459,0.3181404846398467,0.0
-0.9474303625762057,-0.6196311894622216,-0.44441648983681686,-0.41879333726306023,-0.37426835765269967,1.0
-0.9312651469379111,-0.6125443435389405,-0.5360288654752683,-0.41582346200047204,0.2819691036882799,0.0
-0.9066078154929768,-0.6476840631823658,-0.5086123732264478,-0.42904295547949445,-0.1146389805488236,1.0
-0.9846647799430086,-0.5256154077981823,-0.3964501952797951,-0.42071267434861037,0.27419702822093206,0.0
-0.9826827756204262,-0.5033375915115306,-0.412606846563574,-0.44529264528573104,0.3788746157926548,0.0
-0.4566126269132706,-0.9076717185712573,0.09478636034787025,-0.33725711362683375,0.10012052276700223,1.0
-0.9620251062505121,-0.5799968419066925,-0.4498426072511341,-0.42101896825054336,0.24873699979308111,0.0
-0.9829045485928575,-0.5133428718287424,-0.41895738285151296,-0.43661189787908605,0.3161741981939673,0.0
-0.9836172462408955,-0.5001009356468468,-0.40143407339284504,-0.45100037902359347,-0.02387438032673833,1.0
-0.8999371844414483,-0.5883691968658505,-0.6289351079895589,-0.4661893350678957,0.21020874623040242,1.0
-0.9737965127894838,-0.5440670397390279,-0.44768448840493047,-0.429953307556494,0.27797068517771406,0.0
-0.9705778253093705,-0.5626269669096388,-0.4182467564218971,-0.4180489179299044,0.1455791606442574,0.0
-0.9764098120879232,-0.5161531345915631,-0.42143725969682955,-0.4522746758019244,0.019736457767864535,1.0
-0.8538258773646759,-0.5869306254287443,-0.618789940012118,-0.48731876805893654,0.006103202119897372,1.0
-0.9753587903389929,-0.5338938213957406,-0.4402656607996417,-0.4383546267458868,0.2241675332864591,0.0
-0.9790165047330954,-0.5376601160250573,-0.4093851662473298,-0.421466701456402,0.3272633114205955,0.0
-0.8724822717097167,-0.7158965052385293,-0.3979070686462817,-0.4054092132498708,0.3357789855958571,0.0
-0.9595097496355369,-0.5930946114388822,-0.4290637485596489,-0.42595898816555716,-0.2455291793419846,1.0
-0.9353539856270046,-0.5926928238137676,-0.48348247099247077,-0.449938008432644,-0.21282804332242272,1.0
-0.9862454938146967,-0.5134567973107144,-0.40327752332231054,-0.4338444961428592,0.3117891433251729,0.0
-0.9255440397747148,-0.5594789777111178,-0.5430100247385209,-0.4569026533982494,0.3651547358229961,0.0
-0.9532753991050872,-0.5300240096127354,-0.4791219963956895,-0.4735160771507509,0.10521811893310769,1.0
-0.9541116164183348,-0.5719093414543762,-0.487117203445105,-0.4549883230462393,-0.13850408715557316,1.0
-0.9868204766220185,-0.49174809752156545,-0.3813636207790276,-0.4524598126917109,0.04899851205014759,1.0
-0.9391051141950955,-0.5859050440789432,-0.4416507080090189,-0.45077580447360976,-0.3488452368502819,1.0
-0.8639916960579005,-0.7034649577197916,-0.5504680698806894,-0.39135711998480815,0.2649064298318703,0.0
-0.9317844179390552,-0.5934930374428624,-0.48801491851665524,-0.44917889058279004,-0.32137222560494955,1.0
-0.927306832063102,-0.6267224766187222,-0.4797048389079042,-0.4327460285769614,-0.2915866739708389,1.0
-0.9720370224592113,-0.5416627037987635,-0.4191302574812139,-0.4366750589534874,0.07869194930705689,0.0
-0.934043836283865,-0.5882512534194076,-0.49527392330890974,-0.4416863464941855,0.15594537443577094,0.0
-0.6985502433280679,-0.8174872956635305,-0.27537602917577686,-0.3851003472005575,0.43752003823185437,1.0
-0.904413384442083,-0.6486588167586325,-0.5313266477692656,-0.450234539253487,-0.23221161294015025,1.0
-0.9486449971357933,-0.5524142651853653,-0.49743036194999285,-0.4500989019556671,0.4092235748476374,0.0
-0.9468984256099744,-0.599499564554102,-0.45447090046196525,-0.4366893869292423,-0.07626366153014824,1.0
-0.9730460267468994,-0.5082726968949994,-0.4271722787358019,-0.46389903616982964,0.0640123845841439,1.0
-0.5445611621065094,-0.5040712691004857,-0.805397440166895,-0.5146529628531515,-0.10061241545176436,1.0
-0.9751801818145849,-0.5116871831429047,-0.41474262646031723,-0.4533617936929331,-0.019434633571482077,1.0
-0.9028204945527878,-0.5544633738130643,-0.6159528090282032,-0.5022234053724149,0.1257724173481964,1.0
-0.9579480315326834,-0.5730444020443016,-0.46776717119974165,-0.43395122083491844,-0.03670506110759039,1.0
-0.9831472152112455,-0.5417068931352648,-0.40420767635435595,-0.4155834950693565,0.29800039004675655,0.0
-0.9585853195195736,-0.5330636564977387,-0.4924777384409862,-0.4478219256057815,0.4936339537797522,0.0
-0.9763475778905015,-0.5563061175274803,-0.4217651000030248,-0.42753500821576623,0.05963205686737187,0.0
-0.9173342640835702,-0.5716773163303135,-0.5763936189968595,-0.49300860568913296,-0.018028445729228557,1.0
-0.976592530418217,-0.5207951166391772,-0.42526987236842617,-0.45349835015684553,-0.02696684009062958,1.0
-0.9430367387014498,-0.5456178334036215,-0.49018284349567,-0.4718097453936846,0.08579293221573445,0.0
-0.9181902465737055,-0.5447485522724369,-0.5135830891456646,-0.47083105932934743,0.2085571921175133,0.0
-0.9445953667605598,-0.591352276903017,-0.4659418371131399,-0.43771776923587086,-0.2831801967947976,1.0
-0.9768592681794372,-0.4961387487013171,-0.42664647378324705,-0.4462690323829895,0.41902960896269403,0.0
-0.8105985279007464,-0.6412049999837204,-0.5775755937698548,-0.4952209400827641,-0.19644742165829476,1.0
-0.4325501877866138,-0.45113707493574445,-0.7674959834248518,-0.48651895569415265,-0.2392980541963486,1.0
-0.6509294674166586,-0.43165383959808457,-0.7768057227256862,-0.5187317186662873,0.3413246296651473,1.0
-0.8446311056773141,-0.6044310958343666,-0.5740503316333041,-0.4876469749908252,-0.13382385195977872,1.0
-0.9626265307648698,-0.559581591698076,-0.4713307717428413,-0.4297907164119937,0.27000981030009047,0.0
-0.9670175525402125,-0.5486044600313161,-0.4549178543531607,-0.43478477803313037,0.2911091339629141,0.0
-0.9312211829535179,-0.6068110580610993,-0.5034420930106653,-0.45126684802996286,-0.3143038743855751,1.0
-0.9163685198327152,-0.6243992177428812,-0.4834496027072031,-0.45231568698095137,-0.34554897242644605,1.0
-0.7985493555388353,-0.6815711759045624,-0.5828841392672385,-0.43183311404759517,0.3015719824826141,0.0
-0.9313533142143425,-0.5904116263291096,-0.536929527449412,-0.4461033466555824,0.25646055278700985,0.0
-0.8458658987154751,-0.6632347037408437,-0.533924386970497,-0.4604106845630523,0.2546818948918494,0.0
-0.9785251234883687,-0.539943412651353,-0.41933539893275984,-0.4302092199371996,0.2509039483312696,0.0
-0.9884889971410181,-0.4934278159013137,-0.38629009958656135,-0.44850526507217603,0.11360527857402607,1.0
-0.9775392450302427,-0.5162499296321224,-0.4182581901340226,-0.4357369868938288,0.32977288099856883,0.0
-0.9779519828360413,-0.5343309119407511,-0.4321002633033037,-0.43742591329822167,0.24405441656420224,0.0
-0.9463324660641833,-0.619553398546463,-0.4588279401919891,-0.40991490245753154,0.10359869846311,0.0
-0.963768765642945,-0.5597970807884247,-0.4388374222790923,-0.4474763827039424,-0.1593136664117205,1.0
-0.9494039609449182,-0.5383817007784308,-0.5074878295975711,-0.4572388051774237,0.3625221515137623,0.0
-0.9540083134162355,-0.561123986565421,-0.44168525904919853,-0.43931528359091004,-0.004344116781112434,1.0
-0.9001200709378404,-0.6314432662510863,-0.5676207075247865,-0.4560280329888864,0.10416754300652956,0.0
-0.8156366460787842,-0.642051579044256,-0.4834241538367172,-0.49073864075950907,-0.4114733365987516,1.0
-0.9535630818167447,-0.6049761123177372,-0.4478233339725381,-0.4290147567122137,-0.10403913291868958,1.0
-0.9853631338174837,-0.5150546008564084,-0.3996032205685386,-0.4303539610588233,0.3136283041675715,0.0
-0.9597458556172983,-0.559296256459783,-0.461008314547516,-0.4474506090861319,-0.16731456901671293,1.0
-0.9740975783387028,-0.5467913295101795,-0.4124567695336683,-0.4241703247235569,0.2551754646682668,0.0
-0.8082116211357673,-0.7258592793061145,-0.47379458960503346,-0.4229298641700016,0.18857875644407052,0.0
-0.9600011297836192,-0.5141641861495831,-0.45081115244075265,-0.4673536561813209,-0.03391480670693492,1.0
-0.9778005346912756,-0.5167533524096588,-0.4032287536683534,-0.45488604169242497,-0.0937920416414208,1.0
-0.9872675296828631,-0.49248556808266775,-0.4027781977819935,-0.44792460892513153,0.18948335147050843,1.0
-0.9717727186755284,-0.5160757337552266,-0.4533160554218471,-0.44857141624390817,0.4355363435373821,0.0
-0.9414267443927964,-0.5694966117537226,-0.5106160965795483,-0.4337245257875826,0.36766912334605034,0.0
-0.9637711971019444,-0.5164290341375217,-0.46002546963315394,-0.46961674596806346,-0.003923941443101875,1.0
-0.9773248501966049,-0.49948053505890544,-0.406323428712584,-0.4654032860463788,-0.020849642531586943,1.0
-0.9232411100841569,-0.5595987382883217,-0.5278004035098207,-0.4825190778265669,0.027779211402692072,1.0
-0.9463390720257008,-0.5559424922731316,-0.4871602824044453,-0.453606751652363,0.04238143188516862,1.0
-0.5116319829786009,-0.5210625310886142,-0.6035745191238775,-0.4650742030446573,0.6379862001058715,0.0
-0.6239292866055484,-0.7545166378456232,-0.760089128400574,-0.430020758438486,0.6985817926096999,0.0
-0.9329757548972025,-0.5343369467935583,-0.49818358222188686,-0.482140940341541,-0.08471255548509121,1.0
-0.9630282521193358,-0.5776248005875256,-0.4474921154715978,-0.41776807793885434,0.16481108471624312,0.0
-0.9541212687692273,-0.6028872110823248,-0.4325616582237236,-0.42031170623478403,-0.1326690531977499,1.0
-0.9671327577270886,-0.538069117286609,-0.41028234107684647,-0.45702850020759683,-0.01725445622684621,1.0
-0.9644788989650452,-0.5374108469182522,-0.4725238363188441,-0.4476363878989254,0.2843074267930639,0.0
-0.9736116091589838,-0.5362997812429353,-0.4246770542023082,-0.45036838801877366,-0.04303084834472359,1.0
-0.9454780198675643,-0.5791253549053677,-0.5160926823280598,-0.4443609670818539,0.3019237599851159,0.0
-0.9860441450534332,-0.513338111655271,-0.39733509490564256,-0.44564546909898595,-0.12111093367852394,1.0
-0.9604295853627625,-0.5482256495282759,-0.4701503415264905,-0.44557042947942915,0.22123825611976838,0.0
-0.6169247494420711,-0.701165089816237,-0.71823994382661,-0.4103733467319438,0.4532386989122816,0.0
-0.9709434462983393,-0.5466667677994078,-0.43875797323782106,-0.4272810039908352,0.25530258105188547,0.0
-0.979925805211663,-0.4913882351390261,-0.39107383038368787,-0.44263508206546354,0.25188975761750154,0.0
-0.9409071665350401,-0.5954321855721254,-0.5310016593686268,-0.4474561921982527,0.04368366768742343,1.0
-0.9739686448211956,-0.5029887305035368,-0.41126422995705136,-0.4471563979957943,0.3561941845271738,0.0
-0.9139756627987392,-0.6119311061247465,-0.546048724234516,-0.4448030630798778,0.3838412099761983,0.0
-0.8245917215857469,-0.5808203646083759,-0.6355169334768268,-0.46644571145786545,0.47573506679030997,0.0
-0.9834054284358456,-0.5138286197473871,-0.3996318546358114,-0.43921361809308695,0.0364561318765306,1.0
-0.8652313261926362,-0.6655323419210718,-0.5414021768268374,-0.43484894869907614,0.11158071666697827,0.0
-0.9479508791217512,-0.524674203500748,-0.4964263680544683,-0.46575714059747564,0.3742638886236371,0.0
-0.9358118760563234,-0.5674045191556838,-0.5310269964058973,-0.45592653341596695,0.3024871476359373,0.0
-0.35893963881410174,-0.46576161874539307,-0.6227478253077762,-0.5865520698412551,-0.02799380391365569,1.0
-0.9430567837629352,-0.5903297229463121,-0.4369604943883325,-0.42883423083392846,-0.08865544368878939,1.0
-0.9564395906972242,-0.5608759522855459,-0.4536119854115777,-0.44729468317690696,-0.10385936798675041,1.0
-0.9440896750033709,-0.6107412288317043,-0.46803027109056894,-0.42952636826913826,-0.32784776902257035,1.0
-0.9676563333485054,-0.5585035405972513,-0.43852910937645423,-0.4436016093977982,-0.0208499093761257,0.0
-0.9598556805908953,-0.5179521231308535,-0.4509621252939882,-0.4524871045380384,0.32218094077538106,0.0
-0.964465763755071,-0.5874274446710271,-0.44115228943348045,-0.4124071413467749,0.21831438757713367,0.0
-0.9331116836900943,-0.629021559945508,-0.5176886588510555,-0.42188152804459633,0.2589293157826966,0.0
-0.8641787191978625,-0.6486353121071793,-0.5796141104571962,-0.46817453693034616,0.00645875990063767,1.0
-0.9749048470292335,-0.5485853180011262,-0.42811926947820433,-0.4360795739482406,0.08537756653163513,0.0
-0.989734957997882,-0.4829123906485131,-0.37781203210103476,-0.4597878086395877,0.04807394720616195,1.0
-0.9159463621243074,-0.48899057189216333,-0.4821139551038624,-0.49994459975287253,-0.03646338790104725,1.0
-0.4753025461004174,-0.7458561352707054,0.04298096672467033,-0.47974967724002504,0.8557044122847346,0.0
-0.5602390846673535,-0.5121557295190868,-0.7699851035290783,-0.4494606370555214,-0.11230561921110516,1.0
-0.8972914470281267,-0.658943669518066,-0.5257187508575276,-0.4377667603412299,-0.3041414258842551,1.0
-0.4825096758237618,-0.7058361918110297,-0.7128194403797218,-0.2694662662063136,0.43417482519263895,0.0
-0.9291195375931633,-0.5729668090061794,-0.5228322011289676,-0.45697267767214106,0.12768970872511995,1.0
-0.9576647896306698,-0.589630282462296,-0.4619347715211725,-0.41966156943928623,0.15397539737434485,0.0
-0.5532178465194737,-0.6011721443259734,-0.7817751283191534,-0.6088852760517947,0.5677511059362506,0.0
-0.9842725357127922,-0.5292832768735796,-0.3930654939059795,-0.41835370522581883,0.28070155744753356,0.0
-0.9479543645761352,-0.5654991629339899,-0.49488231257004006,-0.4463824034557587,0.29964151259187255,0.0
-0.2606251264001921,-0.5692296258070322,-0.30675455148703645,-0.3403104056384493,-0.062464240746494315,1.0
-0.9840864333403833,-0.5115711960290572,-0.41015700105273356,-0.4369335717083279,0.24269884952425008,1.0
-0.9715739362325523,-0.5308777502620606,-0.4433774729203932,-0.45850262331398384,-0.019544855142614545,1.0
-0.9731180693237725,-0.5165134717820367,-0.43016764358541787,-0.45463287118843465,0.17575537825704235,0.0
-0.9515292619167777,-0.596511239148423,-0.4557808483853534,-0.4009900538523683,0.20347191861980804,0.0
-0.9125917511478775,-0.5420165079793174,-0.5729808648439747,-0.479229732090382,0.42784565079496484,0.0
-0.9573535970829377,-0.5820507255142539,-0.474892200704558,-0.4219434469382405,0.3604287950110592,0.0
-0.9846779293146856,-0.5446440682455838,-0.40335232802241716,-0.4159625408567898,0.24385704937108807,0.0
-0.9351974459967977,-0.5279362822177591,-0.4836483627364403,-0.4705138009747718,0.06208249378302512,1.0
-0.9761380078969524,-0.4809395794422246,-0.41737249633776613,-0.47600120042759775,0.04190529283539181,1.0
-0.9808895086255891,-0.533004157293815,-0.40625066910188673,-0.4193257055902799,0.28913183098297124,0.0
-0.9374773139269394,-0.6238228762433881,-0.5022408648942304,-0.4257263771239396,0.22877645354085915,0.0
-0.9637557075324039,-0.5146886338537923,-0.445462349333029,-0.4610289825233528,-0.0026713539984082046,1.0
-0.7578206876292006,-0.7433913645552234,-0.42220261274940246,-0.4387379375729693,0.04157199356650479,1.0
-0.961645814696444,-0.5295221508433776,-0.4501120306925099,-0.4649565291894492,0.013960455580634093,1.0
-0.936838104801263,-0.5237603029195051,-0.4868255432260215,-0.47389693628016794,0.03639520255140909,1.0
-0.986929057233465,-0.5058136282260075,-0.38886948759056883,-0.43772145334431795,0.14474478965658621,1.0
-0.9133171772898196,-0.5024581337406687,-0.5185236292960538,-0.47966752591633854,0.4972199527018371,0.0
-0.9836455995372818,-0.5131998773311859,-0.4060990513066357,-0.43791098641134796,0.14820885825382668,1.0
-0.6203921337020284,-0.8466472874584996,-0.15982977427670164,-0.43044290818208897,0.3846021263634703,1.0
-0.8975403529884319,-0.6358626621029897,-0.4663733024481808,-0.44736953141767966,-0.23759544784485825,1.0
-0.9524291168630168,-0.5949055427159733,-0.45553502079651,-0.4325189066720242,-0.311617583379129,1.0
-0.7937624237462937,-0.639450624759311,-0.5504323021735578,-0.4885262903601172,-0.2590387949362039,1.0
-0.9635946154613625,-0.5486474160977223,-0.45607803156690085,-0.4348020058627171,0.2661232427182955,0.0
-0.9838412443925131,-0.5303313887289179,-0.3846637248241361,-0.4246325738713099,0.13660271021734213,0.0
-0.9701665186318321,-0.5257391794231672,-0.4263826468634866,-0.4547528504970269,-0.04767375168989929,1.0
-0.9689681395764522,-0.5568413286234233,-0.4401614312824681,-0.42100176881345946,0.3242748635661209,0.0
-0.7457341181074223,-0.755908256210326,-0.4850481905643601,-0.3704359124029808,0.23874392786946125,0.0
-0.9816674084721159,-0.5161134293077095,-0.41205520208367213,-0.43347358377768336,0.35921076681284997,0.0
-0.8606677016346593,-0.6510108022315291,-0.5916265154648263,-0.4232526777520416,0.38376779365137986,0.0
-0.9391169377391612,-0.5894855020216416,-0.5105702072952973,-0.4435363179472763,0.29762221537301664,0.0
-0.9341957029531542,-0.6226731815274529,-0.49229601866576184,-0.4380296492743855,-0.3071817565284001,1.0
-0.8354951544852345,-0.5412488980320947,-0.6561355758376128,-0.49963890142556316,0.23737466836608018,1.0
-0.6851466135511239,-0.7981337229951291,-0.33194931958720647,-0.3332468278619055,-0.021070497934267934,1.0
-0.946355638537227,-0.5989229169596346,-0.4716547611653476,-0.41170602957048397,0.21553473964720016,0.0
-0.9044971590889425,-0.5644060177791744,-0.5495507918263586,-0.4589277714815537,0.40307656915164963,0.0
-0.8523622887971325,-0.5267463309090374,-0.598164257147648,-0.530309805632802,0.05288227476105106,1.0
-0.9852319368597223,-0.5316783789006378,-0.3998773312565542,-0.4215843773418075,0.30399615576284134,0.0
-0.9736433549514313,-0.5483458470983412,-0.42490120689187094,-0.4329681752526236,0.181311398862481,0.0
-0.9455282762112996,-0.604708044247186,-0.4836652298060683,-0.43005285354209777,-0.1203178586917594,1.0
-0.9300723852238015,-0.6164360971174014,-0.5044354925557343,-0.44627677079759426,-0.24723998058721497,1.0
-0.7012934406326277,-0.7252469949422841,-0.38552720716370825,-0.588135593871546,-0.3021541214099398,1.0
-0.9530639881863997,-0.5837004908671546,-0.49341536525425983,-0.43210951356472127,0.33056788139907844,0.0
-0.9657109701597809,-0.577796891071833,-0.3929071330365408,-0.41499264333476865,-0.2380316081953252,1.0
-0.9776125421653229,-0.4943927157667173,-0.42556032642810276,-0.4707986209501332,0.014636579645092962,1.0
-0.9228974962119031,-0.5024349478147657,-0.5202963231113669,-0.48471332066221573,0.3402576921818916,0.0
-0.8574155786888602,-0.6297255736281191,-0.57214079050173,-0.45930883920559623,0.058638905003825674,1.0
-0.8395965862916505,-0.6580268488129204,-0.5813297290285361,-0.4325951513120775,0.3600870927152429,0.0
-0.9730262669933536,-0.5363515055096548,-0.4157213880424945,-0.43749745457374967,0.07353666479993537,0.0
-0.9762110748919297,-0.5022098168888962,-0.4150069263672655,-0.45533713742631304,0.010261119254568643,1.0
-0.9809178297328004,-0.5070151153509632,-0.42024645086612,-0.44511140147653716,0.293050427256185,0.0
-0.9597644644449673,-0.5473397391133691,-0.46931214670337645,-0.44571140047183333,0.25895092290374155,0.0
-0.8434541023908965,-0.6421153969056851,-0.6503632698080948,-0.43439495830274,0.39007162271922186,0.0
-0.9543989765422745,-0.6018727934415959,-0.4544980747560231,-0.4105566491590094,0.30471788796257243,0.0
-0.9748515545104255,-0.49049208191325766,-0.42118997009192677,-0.4690573696961685,0.04733273237235077,1.0
-0.9157631064559888,-0.6605506454587088,-0.4401269308976968,-0.42222251194283805,0.01662769843653751,0.0
-0.9817760955691069,-0.5247642886901136,-0.3935630425991947,-0.42655425792031815,0.2010597775771954,0.0
-0.9647254518085419,-0.5408312809676746,-0.45810223393963484,-0.43746230505990824,0.3510548106859822,0.0
-0.9631275299451663,-0.5722634519073807,-0.4726237555486245,-0.42831190554357224,0.28619800602428175,0.0
-0.8701938862121152,-0.5306077207373855,-0.6154432012999638,-0.5095195823709194,0.2468624890735578,0.0
-0.8755909533749467,-0.6691401492358448,-0.5991549642032752,-0.45133354723141217,-0.11110558174246737,1.0
-0.8936509036528251,-0.5899193118555923,-0.5653245351985704,-0.4800562871174484,-0.08767060341738817,1.0
-0.43330404560674646,-0.540648267795112,-0.8630815274647544,-0.4337490343394079,-0.003493757343449033,1.0
-0.934798164455441,-0.5816275089662057,-0.4864209023546924,-0.4491523546705736,-0.10960875616486537,1.0
-0.9714913660703248,-0.551910123819219,-0.4382828755101631,-0.43313267630168845,0.21064226426292276,0.0
-0.957659410597289,-0.5475080493397796,-0.4418421000965943,-0.4569486846524134,-0.2131465333317577,1.0
-0.9104587403824977,-0.6375622180918237,-0.49002129570378306,-0.4456108385479686,-0.23746784794003795,1.0
-0.9558536789175498,-0.5540555981916595,-0.46932622302570765,-0.43821006348509184,0.2423354468765373,0.0
-0.9735610375885597,-0.551737446498603,-0.44068751506757214,-0.4265556235346226,0.2531940582475147,0.0
-1.0,-0.466437321125578,-0.3450453054166243,-0.4405004409484565,0.2792096869397206,0.0
-0.9664173652432756,-0.5298405992374642,-0.45548453684918694,-0.4429459040861598,0.39888232108079963,0.0
-0.9117097574484844,-0.591223002863373,-0.5909655758168464,-0.45569841291256796,0.3312256272138077,0.0
-0.9829118165635673,-0.4994035900023678,-0.4174740087739494,-0.44374316458330204,0.3498234401692516,0.0
-0.915543294448017,-0.5924810535846179,-0.526950229805093,-0.43146296370588666,0.27779283453884174,0.0
-0.990841434110062,-0.4964455129972594,-0.37088720640161005,-0.4452490874287802,0.10189738536428929,0.0
-0.9577148175053445,-0.568419279683974,-0.4794805914595217,-0.43348849421095786,0.22749735374085692,0.0
-0.7826673282491683,-0.709760225772059,-0.5369781503011817,-0.4633602365457485,-0.06527058270326064,1.0
-0.9664355201341536,-0.5462844432856545,-0.44894692819961607,-0.4411592288032747,0.2197923265970334,0.0
-0.9667431165298761,-0.5356071860882204,-0.4652681340262416,-0.4435567518891041,0.2890307109568141,0.0
-0.9636627101094074,-0.5380502329997395,-0.4498946592858092,-0.45097543573057236,0.0625417293634209,1.0
-0.9429687411438666,-0.5939536197868027,-0.45060643633973757,-0.4273872055832097,-0.10206307682316737,1.0
-0.9791821807368836,-0.5132745429356614,-0.41818253348099554,-0.4450127529516079,0.266268989687505,0.0
-0.935280657657184,-0.5384075184980931,-0.46540886359267686,-0.47431504819794773,-0.13520017872771564,1.0
-0.9561141907602182,-0.559554226397075,-0.45976817689628524,-0.4456868641296324,-0.0099914883390676,1.0
-0.9514658993675884,-0.5426463401421353,-0.4705536998984552,-0.4598237524319912,0.11131249645613556,1.0
-0.5350022624305244,-0.5552624871452296,-0.5996342550865609,-0.4470056449625307,-0.1499993498767493,1.0
-0.8661676570867817,-0.708284051568746,-0.4701717306230999,-0.42888294616844325,-0.33985623864082726,1.0
-0.8470896717940772,-0.5154024071512033,-0.5994223073661189,-0.5190965827787477,0.4254069880194215,0.0
-0.9888945118590549,-0.499754439263839,-0.3673193280427563,-0.44712211813314956,0.022719168606411683,1.0
-0.7877001023384048,-0.49142202585670325,-0.6293688424551666,-0.5494945621261317,-0.03535671432397591,1.0
-0.961233795416995,-0.5574675526339821,-0.46081261404896157,-0.4458219674284277,-0.006710599778286003,1.0
-0.9254828006790432,-0.5913812907808017,-0.49720341259316725,-0.4485975653838212,-0.05395667755654651,1.0
-0.9670051184393551,-0.5683802816181364,-0.4422288962065186,-0.4213535173441095,0.321739803778083,0.0
-0.9419929690143514,-0.559978283107944,-0.4950133370432108,-0.448516906721986,0.0076780075547666915,1.0
-0.7555458500428631,-0.6827538980752805,-0.2642474665530836,-0.5495241094406302,-0.34022898279067304,1.0
-0.9830293780723305,-0.5148528949058736,-0.40378052038944284,-0.4393439750952762,0.33808226748727854,0.0
-0.9339822169432909,-0.5304861802533877,-0.4895408203026988,-0.4805487276148343,-0.08682643422544267,1.0
-0.9703724493813537,-0.531148648898931,-0.4426709067840419,-0.44953568801611044,0.14557227651158153,0.0
-0.9674235232509858,-0.5319781109249706,-0.45328021072401775,-0.44222272014479136,0.35023143751209884,0.0
-0.889234539320503,-0.633847109615128,-0.5777020920293257,-0.42235202114114934,0.09652357090181288,1.0
-0.9603671174711916,-0.5636863329546379,-0.41926647409913853,-0.42979879943831023,-0.03570103434092431,1.0
-0.9660406135350447,-0.5540760747800036,-0.4264270663343279,-0.4404053615543895,-0.026296281572054853,1.0
-0.977458559622507,-0.5449523591061334,-0.4369614562708677,-0.4287512368117419,0.28036499632021655,0.0
-0.9704075108914775,-0.5474759586620688,-0.4170732388821369,-0.43804842544708,-0.1001362587913755,1.0
-0.9603201324599483,-0.5085037710414386,-0.5016192226220324,-0.4779593597710698,0.3771555069691373,0.0
-0.9515120121413432,-0.5542778904318307,-0.454328796227582,-0.45926701304060347,-0.16823279889113552,1.0
-0.9729484066446521,-0.5257700359698786,-0.446627538346165,-0.4502550909410728,0.18773709265161692,0.0
-0.9372310416751745,-0.55582297933205,-0.4769976861827507,-0.4661990893729441,-0.15441558646585063,1.0
-0.9597648406030364,-0.5236091715379128,-0.45468708369899424,-0.4577627019705479,0.015477264598842466,1.0
-0.9871178595883576,-0.5266415855854887,-0.38982780711390397,-0.4236653244027892,0.2441067315784025,0.0
-0.8296889387360664,-0.6867288162953769,-0.4331589442404672,-0.41541001147706613,0.4342690622810347,0.0
-0.9692195207664055,-0.518430927589205,-0.46020595218252386,-0.4465909451576626,0.42495302787290606,0.0
-0.9216732262477428,-0.5515433476623706,-0.5607159667588631,-0.4875331252705401,0.11641382798346443,1.0
-0.815925527867481,-0.6193869441759906,-0.5983365248604385,-0.4990268236892823,0.1381521492206918,0.0
-0.9851047828727929,-0.5080580658416785,-0.3998096747477241,-0.4420735187029391,0.3172786297406965,0.0
-0.965727599351575,-0.5602159382525245,-0.4424435115927082,-0.44055611259442623,-0.03035783141339879,0.0
-0.9730974017777826,-0.5304352563534809,-0.44132387581043925,-0.44273331110272884,0.2634744080127274,0.0
-0.9681282504091805,-0.5421425550575548,-0.46451615500428695,-0.4503991745927805,0.11014636383372776,1.0
-0.9903019801440962,-0.48790709783872666,-0.3839034801509868,-0.45530899297187716,-0.009801268089562096,1.0
-0.9774079340258746,-0.5132614376914155,-0.43895113993598944,-0.4454551933533011,0.3754527328752133,0.0
-0.7939860836961106,-0.7036214725344866,-0.4868034921717442,-0.493015556085699,-0.2789252570306033,1.0
-0.9776575380343762,-0.5251365513022421,-0.41668291205530245,-0.43445828520759516,0.29779378259528944,0.0
-0.9556553417823774,-0.5366156198985863,-0.43627365105973354,-0.45999882456125357,-0.18766508432980378,1.0
-0.9021186261512923,-0.632602812442702,-0.5935068002360119,-0.45074489542820595,-0.08259347447646134,1.0
-0.5137879230930738,-0.24350169236178948,-0.7902313767856548,-0.5397798065858787,-0.02827470463313217,1.0
-0.9781547474382187,-0.55023853876172,-0.42005475806192344,-0.4209746882849072,0.28602660397607865,0.0
-0.7503678036415758,-0.7521963700421288,-0.29925721383002196,-0.49433813219595124,-0.1888911243352811,1.0
-0.8896886949174675,-0.6384105500465996,-0.5279462580385912,-0.4305403150132752,0.09362216689567644,0.0
-0.9684468186040008,-0.5565375281582243,-0.45642758354199253,-0.4299435900673693,0.18214174762250368,1.0
-0.9390198131996063,-0.594704457965899,-0.527854052327168,-0.4580461661503391,-0.032017326729577494,1.0
-0.9819645305701254,-0.5011982659071985,-0.4051637973997728,-0.4509917419084991,0.011398212742130237,1.0
-0.9797807255356139,-0.538541481122656,-0.4138377192647559,-0.42872029780892273,0.35961900383736733,0.0
-0.9229292684687869,-0.59649398354736,-0.5258076962859041,-0.4611377415666627,-0.009216604547961013,0.0
-0.9910050485337175,-0.4868653844613353,-0.3899835165618387,-0.44586813945332077,0.3349283076906517,0.0
-0.9766822114248624,-0.5179271260791578,-0.42948353925138893,-0.44208191069205277,0.3128353195652164,0.0
-0.9745991417481125,-0.5118233357516452,-0.42380706069332574,-0.4556029343156116,0.0537312034722306,1.0
-0.9708420086687438,-0.5243595553440029,-0.4437819222802446,-0.43700840174941785,0.4224507999137022,0.0
-0.9529318392693134,-0.5750092757112998,-0.4994127995589236,-0.43368847160703283,0.34778236872701795,0.0
-0.980145091041891,-0.489287572219176,-0.39624805188786016,-0.45599827667186843,0.038580004051026406,1.0
-0.9702919535666975,-0.5510683476915663,-0.43529660772484097,-0.4241120651996905,0.24802086314660374,0.0
-0.9564853583405603,-0.49534204841322527,-0.4248901388241456,-0.477457731970951,-0.09695287613132453,1.0
-0.988437007645089,-0.48742061948817145,-0.40359288045839586,-0.4555037308808051,0.1823082197882635,1.0
-0.9655601800989625,-0.5425768641314067,-0.3963514672332606,-0.4400434035556266,-0.03833129374081928,1.0
-0.7348897452085044,-0.6787542624875148,-0.4766560441652529,-0.43611596955096493,-0.07379993699470211,1.0
-0.8844865828089654,-0.5887112381996935,-0.620159962097055,-0.4982248132957311,0.02308744924613919,1.0
-0.9482265615138807,-0.5636151012010026,-0.5100600670561624,-0.46032741332625626,0.026992472924119937,1.0
-0.8955522848390635,-0.6797729496339375,-0.498424478152208,-0.4041224416185726,0.04502947985813042,1.0
-0.9481294707712699,-0.5653416109170432,-0.5026898055647812,-0.4381074206462323,0.36818413304448366,0.0
-0.9710516209412078,-0.5474020654478807,-0.4518104397599607,-0.4469104186345017,0.08830625501213948,0.0
-0.9406937442216965,-0.5727130436188554,-0.45336006977151594,-0.45619658449900746,-0.26600018573264567,1.0
-0.9587650133576814,-0.5614445700910558,-0.4804344003762025,-0.43340664007403545,0.3128877401163213,0.0
-0.9419268334111298,-0.6225340548380883,-0.4475048148306302,-0.4187968456975522,-0.22481468129014015,1.0
-0.9847259670864799,-0.5130008278637499,-0.4026762391483991,-0.44328663242805005,0.04279507316752859,1.0
-0.9828659819326085,-0.5179386225412345,-0.42504828983566695,-0.4339640114500948,0.41542308477559436,0.0
-0.931616442552401,-0.5882075730450897,-0.47730632716357707,-0.4491058073317916,-0.2754479252376466,1.0
-0.8539098824176403,-0.6954072426543694,-0.5046698657769827,-0.46609489409986593,-0.32727413684228984,1.0
-0.9733170563667985,-0.5336320776659339,-0.42518974056350967,-0.44795121432564355,0.022487722868218096,0.0
-0.9723583306102724,-0.529728620558545,-0.4276512606371916,-0.4338553878114486,0.3224964708060676,0.0
-0.9681194487336446,-0.544318457800821,-0.4609277730123387,-0.43640172896940654,0.3346999472938823,0.0
-0.96996148200311,-0.5779890416589248,-0.4323696169351957,-0.40722813316651757,0.2907581015073585,0.0
-0.9666367475758498,-0.5526889390761185,-0.46048169252513665,-0.4331639640423857,0.3680298118675858,0.0
-0.9664149505115743,-0.4857684780921835,-0.4303575398443058,-0.4650557860938801,0.31804386115550953,0.0
-0.9799889855007072,-0.5063130200942954,-0.40804069961799716,-0.4536420319952836,0.0829098465738536,1.0
-0.873266267219994,-0.5386436002659779,-0.6492556635250154,-0.5196889321554865,0.2908929352951801,0.0
0.26577753820842154,-0.2529543354071242,-0.5973037681427389,-0.12954334551860203,0.6095303307525345,0.0
-0.9902148761493448,-0.48642448416637196,-0.38418710521758653,-0.45193500460656816,0.07314721879238487,1.0
-0.8863923289037582,-0.6436174549065664,-0.5869733893899298,-0.416714848133664,0.2137255953279733,0.0
-0.41193373964991825,-0.9513310565466733,-0.06071098990888962,-0.041523983564517364,0.19315716242981606,1.0
-0.9638913191544649,-0.5617509319521515,-0.43793278072881586,-0.4370446973712992,-0.054026825989184596,1.0
-0.9631351626558179,-0.5340447977431658,-0.45866642970047833,-0.45747552079549514,0.09736086756386186,1.0
-0.6258582151945997,-0.8751420043565872,-0.07277621399249518,-0.15860426545972323,0.018249003577889653,1.0
-0.9170344012522004,-0.4930971410253476,-0.5116684878608802,-0.4952166702264072,0.2708033426062163,0.0
-0.8439588722839957,-0.7498615857611299,-0.49013552708897234,-0.4105218363820061,0.19179282722566038,0.0
-0.9333029710423105,-0.6359984751831083,-0.5092477943007607,-0.3925129126840293,0.16676117177198077,0.0
-0.9261141041941703,-0.5851532784380082,-0.5441228493270233,-0.44749253514458404,0.32150318759722657,0.0
-0.9707717243834508,-0.5501023127580302,-0.42558978133292596,-0.43823308908040476,-0.1068915033055354,1.0
-0.9819472201167996,-0.5130947823883117,-0.41571315744792453,-0.4500862977637979,0.0999103580903729,1.0
-0.9378935532578365,-0.5733320199303027,-0.4546616511684814,-0.459575785543886,-0.2651235450836408,1.0
-0.9294528844790002,-0.540367260962239,-0.5300204000715694,-0.485102782649977,-0.004520897581144698,1.0
-0.9468856967998748,-0.5706413187550557,-0.5021035314575271,-0.44671061732251394,0.39631575543728814,0.0
-0.964613469924008,-0.5185897328168294,-0.46865551080887136,-0.45150416275091826,0.39953154886438996,0.0
-0.8941411868060845,-0.6435369823031842,-0.4845910668240862,-0.4458435117508212,-0.2825653935247807,1.0
-0.9854226039294909,-0.5303447732710793,-0.40608327409112954,-0.42271436369862286,0.26853920732564834,0.0
-0.8220668397963564,-0.5333484876435235,-0.6796434810597802,-0.5521296455410025,0.029344816100165552,1.0
-0.6113257529226868,-0.42265575134342026,-0.7696050979320712,-0.5775517592450589,0.49329786531820025,0.0
-0.9404755964523867,-0.6195007744856271,-0.4595069185375774,-0.42164210275902964,-0.33607396142025975,1.0
-0.9818032196320564,-0.5263234156029267,-0.3953109204858848,-0.43830673516928537,0.019778881711589757,1.0
-0.9375459849431146,-0.5616167483812287,-0.4896920956408143,-0.4641448250798954,0.06622573562546642,0.0
-0.9691760750912221,-0.535205161331035,-0.42948674141759136,-0.452373559435714,-0.08386347552155246,1.0
-0.9369361254101289,-0.5466880746778544,-0.48540711520819446,-0.4560259414192805,0.3607787845938974,0.0
-0.9841261485718046,-0.529291623208005,-0.39871613976124043,-0.42145106189820913,0.25711151127762655,0.0
-0.9742193243809385,-0.5471681268866905,-0.41490591367050755,-0.4254746391993723,0.08412410961760759,1.0
-0.959008744058962,-0.5684370329738192,-0.4794277309634408,-0.43288920892222654,0.3354888197546557,0.0
-0.9193432907934794,-0.5652310269924454,-0.5403814137874795,-0.4676327722544892,0.02348027485206086,1.0
-0.9850495118914835,-0.4946982544825902,-0.4010852501949796,-0.4534544706289887,0.08213728911176252,1.0
-0.9257470737425871,-0.6143158001062257,-0.5207200295791635,-0.4093500341192264,0.3035043225391697,0.0
-0.7087300213109622,-0.6832632586567399,-0.27657601399025156,-0.6040849718133208,-0.33437408736770924,1.0
-0.8954160628149703,-0.6532349949370585,-0.5054538716832706,-0.44756597629907063,-0.25802344987537584,1.0
-0.9777043717502552,-0.5139408666279344,-0.4278686401199541,-0.4587721861154254,-0.0004511144508989595,1.0
-0.9184537085854847,-0.6447335429200931,-0.5286075615178131,-0.39745989532953735,0.1501250953768395,0.0
-0.9101843372963344,-0.6570944259258941,-0.49916706940432437,-0.3882259918587375,0.15447624651768843,0.0
-0.8687650987972356,-0.5873047844218654,-0.5982559476773863,-0.5043333640475269,-0.07079462753184515,1.0
-0.9617498740730589,-0.5797363699610776,-0.42732296506834677,-0.42515936233922724,-0.06692255496806368,1.0
-0.7648340048737142,-0.49122802519216213,-0.7060988469667481,-0.580425482809442,0.017126676373967017,1.0
-0.8965618457930657,-0.6619820781470864,-0.4742657690891117,-0.42548776427011903,-0.4038666805521147,1.0
-0.811874211455882,-0.5491550597718085,-0.6982395201769025,-0.5545947351976883,-0.006931343941883564,1.0
-0.9673602823240762,-0.5562524790168364,-0.46578545141437155,-0.4276182600450906,0.3057505962763825,0.0
-0.8137717999304983,-0.5270311064881361,-0.6707231294474788,-0.502532256724004,0.3898163912835458,0.0
-0.8853066150342828,-0.6681233223038815,-0.4790496343028352,-0.4402010839294213,-0.2512730788371486,1.0
-0.8902459935623599,-0.404895445899244,-0.5111220627706609,-0.5146846450453152,0.5398380076805849,0.0
-0.9747492214722613,-0.5103015776728821,-0.43575773749477037,-0.4511249697789934,0.22940235021791386,0.0
-0.68201382281608,-0.834845572327886,0.06471770360199403,-0.4452180077490578,0.6756908214917872,0.0
-0.9827920954487568,-0.5116465448497639,-0.3995118527718412,-0.4377860182729088,0.0642812913755067,1.0
-0.9294130761802865,-0.5924145523407518,-0.4786821852050479,-0.4538450363327077,-0.30714076056303413,1.0
-0.8483396809199374,-0.5550411118009867,-0.5772674877463687,-0.5097106522486057,-0.16609992187762573,1.0
-0.8174401021085449,-0.7237740318796797,-0.4743863494102819,-0.4118857265831834,-0.14720678779113414,1.0
-0.9623417208189473,-0.5394045455628049,-0.4530121356159009,-0.45575374594996015,0.09705595616498618,1.0
-0.9342601264512266,-0.6266455232922356,-0.4749869211358054,-0.42649587644191594,-0.3321842895586252,1.0
-0.9579485261128445,-0.6083533352593334,-0.465485490576126,-0.414967535106871,0.1460693755602297,0.0
-0.9371388319445298,-0.505560985821773,-0.5011504846990316,-0.47856923636493665,0.34095302963626106,0.0
-0.9595539740066432,-0.587734035891517,-0.4553552982507957,-0.42884791560186836,-0.13498532279334982,1.0
-0.7781032724393896,-0.7622262904042902,-0.4465063552763963,-0.33696954854041594,-0.07740652993840957,1.0
-0.9526881963814575,-0.6057904486575807,-0.4644108708996455,-0.4275922049537882,-0.23757496238497194,1.0
-0.9342178575380692,-0.6192729679363161,-0.4825533296868052,-0.43337157714950053,-0.272200688134864,1.0
-0.66847130412796,-0.7502405777242966,-0.3827290886213942,-0.4799498790604764,0.2857742361172073,0.0
-0.9119851979849749,-0.6370225876474632,-0.5685932880303781,-0.43448774193591844,0.31328334908487576,0.0
-0.9837963672565152,-0.4869592139040885,-0.4026790393894475,-0.45222599873771824,0.23502357542656688,0.0
-0.9811495823334894,-0.49403975216004187,-0.423462534329247,-0.4565862868498158,0.2556214799215626,0.0
-0.9850530647338269,-0.5151247314566137,-0.404560881124995,-0.4318574875509618,0.32175591956572347,0.0
-0.9544385422905173,-0.5641077606166577,-0.4666768639546198,-0.43109511720969607,0.15557930453917604,1.0
-0.9533374742796581,-0.5877609228327719,-0.4521522544826682,-0.43355163325951623,-0.2361327204148943,1.0
-0.859558875969385,-0.6761562366236097,-0.5192587128158437,-0.39992066541049087,0.03095959194936794,1.0
-0.6151121790858061,-0.6150540220366808,-0.3277059244307236,-0.5677128816087287,-0.12685387273788912,1.0
-0.7455762402655808,-0.63432100128266,-0.6536175269348747,-0.48070904563542016,-0.0360238412082339,1.0
-0.9441468203456305,-0.5536210557510398,-0.48908977739279375,-0.45732447462937076,0.12088743874841015,1.0
-0.9275235641656076,-0.5666744040918286,-0.5180883802202734,-0.46594970528589025,0.06626704173042453,0.0
-0.9601623112140143,-0.5229890611985929,-0.4724314822860562,-0.457337067016094,0.06737358900768553,1.0
-0.9408668744358073,-0.6250012139322839,-0.44194845901495533,-0.42835853458206036,-0.30778320266672504,1.0
-0.9726092317690384,-0.5305423444233004,-0.3949456309962857,-0.44181494331899657,-0.04195171213264118,1.0
-0.8875142186631864,-0.6356625646915651,-0.44336040612821,-0.4266512872250987,0.2031891148499455,0.0
-0.7766952305172216,-0.7250262093159441,-0.6282334578928175,-0.3869574583856558,0.44045736245647626,0.0
-0.9916989790004795,-0.4991564212608186,-0.3694735972968995,-0.4319848079893312,0.31038798758387764,0.0
-0.8874722529163525,-0.5274332143742634,-0.5100076074016944,-0.504180495125731,-0.06769885788382346,1.0
-0.9847293706824292,-0.5049321441243457,-0.40419188877825685,-0.44456149546143636,0.27319840668054607,0.0
-0.9693237481602344,-0.5394605181771975,-0.42030945454808694,-0.44339000821324787,-0.06138849446777056,1.0
-0.9816252883900857,-0.5169445191216406,-0.4074156662803926,-0.4392308001084569,0.2562035081697246,0.0
-0.8806314566517373,-0.6784113081374167,-0.5046777552930748,-0.38474572929950135,0.1028327444918717,0.0
-0.5715813017797877,-0.5956678910941308,-0.651309971535819,-0.4916259538661587,0.10969567297559035,1.0
-0.9677143742699885,-0.5426739584863804,-0.44446033539515933,-0.4351983128429742,0.3992771880918752,0.0
-0.8908606139632751,-0.559221077213283,-0.549505482040828,-0.485450955013226,0.03449968309869854,1.0
-0.9032621066767414,-0.6177399900623551,-0.5058953789436453,-0.45475561773876616,-0.22159783018813672,1.0
-0.9582731225853519,-0.5768680990285425,-0.43532532603307006,-0.4321549240923751,-0.13220768416546527,1.0
-0.7896438440292406,-0.5665601306220606,-0.6811795069077573,-0.4820386515844237,0.061321468055500664,1.0
-0.9622836305718777,-0.5388345455843142,-0.45585440656235937,-0.4550990322320156,-0.04335305328184191,1.0
-0.9151307314411115,-0.6388558060411492,-0.5000476563021345,-0.41356804442015654,0.21089273119556054,0.0
-0.87747893122923,-0.5900294957771904,-0.5950867610377905,-0.4606888061082346,0.319881705001458,0.0
-0.9946140892599731,-0.4803689336556129,-0.3767093195870957,-0.43888937501719816,0.38590119499990705,0.0
-0.5265596748864803,-0.6193074828600258,-0.35578711728730283,-0.5128792453694522,0.20439297432247389,1.0
-0.9855859967734852,-0.501407478648082,-0.38336319057066476,-0.44858672545066,0.041364018341965396,1.0
-0.9157939366067825,-0.5836954989401876,-0.542615384550322,-0.4628871774078649,-0.0038542382369405326,1.0
-0.7028491322909289,-0.746631017196797,-0.10447119533671217,-0.46007218299971114,0.17087614399961437,0.0
-0.9733536556273558,-0.5654715446275995,-0.42261478244878686,-0.4335732601973914,-0.08452424288857188,1.0
-0.9718413538706259,-0.5345767717614327,-0.43394547134531786,-0.43624336046551854,0.19438381711201808,0.0
-0.8974298032035267,-0.6813826323054901,-0.5387535451711746,-0.4228420140320714,-0.30873221824957436,1.0
-0.6585500684422072,-0.7337882144470399,-0.4052480644484641,-0.4549272346291546,0.33131315672196715,0.0
-0.9468659081070757,-0.6181639660521914,-0.46759873988317335,-0.4236586414147943,-0.31459009431234797,1.0
-0.6666434988819259,-0.4073787891862507,-0.7975835029215264,-0.5872913074960964,0.5166244160146938,0.0
-0.905475217445022,-0.6667743934888473,-0.5220479792370583,-0.38993214102183205,0.11523922332260368,0.0
-0.9741351330125398,-0.5304094037810855,-0.4375651532258138,-0.4438774061031195,0.1835683326176274,0.0
-0.9765716476572821,-0.5639921114604903,-0.41350005560463166,-0.40710300113282344,0.2424131959382901,0.0
-0.9494247618070124,-0.6141611846919515,-0.45197952077366926,-0.4182214241936051,-0.04869540905650363,0.0
-0.9595627448633035,-0.5206280975236658,-0.4835510630335031,-0.4718137281473551,0.21451411867311854,0.0
-0.9727734658493044,-0.5575168014859136,-0.4286495299355146,-0.42066732331593815,0.1541577365815432,0.0
-0.927872338685511,-0.5582547328674091,-0.49235701125229153,-0.4657422816409449,-0.17067823775192953,1.0
-0.969826719877345,-0.5370990651348962,-0.4400486728630523,-0.435103721073286,0.2771448571597255,0.0
-0.825661063904013,-0.6904186609278651,-0.47892087665841676,-0.4446928440120126,0.22994578681162503,0.0
-0.8848429720495918,-0.6340710610945788,-0.6618722945895175,-0.45389352900537105,0.1626470408344976,1.0
-0.7764196787750762,-0.6203399836176285,-0.6105292113437493,-0.5208890920223319,-0.22045818721119503,1.0
-0.8875046923999745,-0.6235932147168862,-0.5876996920230934,-0.45625144112718274,0.1800652263042928,0.0
-0.9160585933082788,-0.5992265383032191,-0.5358115260720754,-0.4431725761264962,0.38494165805491287,0.0
-0.9357919127574796,-0.5876980492625251,-0.5069961176575355,-0.44256398857780044,0.17734230747580826,0.0
-0.6966260864388369,-0.4664306220110318,-0.7145060918291117,-0.45799244669085976,0.260778468477613,0.0
-0.5087467822056426,-0.5568044602061568,-0.6613814892901364,-0.5466330664654768,-0.20756807089645946,1.0
-0.9137686078058898,-0.5195978557209477,-0.517864341137124,-0.4970907674922124,0.024422130829346925,1.0
-0.9700662186159749,-0.48807734495090543,-0.44703085952009647,-0.4626989601792253,0.4150568894419053,0.0
-0.9520628166987626,-0.6236994205674594,-0.42852731873283645,-0.4128933563518783,-0.3057998289015487,1.0
-0.9461694109407586,-0.5798658653953581,-0.47294529660268736,-0.4423269484189568,-0.21961073400336162,1.0
-0.9030184129265422,-0.6498862915243944,-0.572003612722074,-0.44569832474599824,0.13095920104865838,0.0
-0.9729950897973179,-0.558551383138542,-0.4295415969651012,-0.4252609860571576,-0.018306046774559187,1.0
-0.9533624706796846,-0.5675845618686588,-0.4945423954328719,-0.4420629632143466,0.1250520705804353,0.0
-0.9582807522474469,-0.5855209856973624,-0.45064301241402765,-0.4324654481400334,0.011403298017913788,0.0
-0.9854068988659054,-0.49620485559738003,-0.40895023500722993,-0.46065253788507654,0.0004446279412011894,1.0
-0.9823515740307026,-0.4929342233152344,-0.40883955052270016,-0.4581227142714474,0.05748534388262065,1.0
-0.9271042905644362,-0.6261893235822532,-0.5186165482342481,-0.42490424165467067,0.30719325506131906,0.0
-0.9421985586663446,-0.5983069303646799,-0.5001006543009693,-0.4305815568083074,0.20887850487612242,0.0
-0.9651035809797345,-0.5491082451045461,-0.43412374256882286,-0.44596597127333387,-0.1273949616599235,1.0
-0.9500811834164036,-0.5845819112248595,-0.4862273308853912,-0.42632408291865126,0.2183526574956295,0.0
-0.9549181021208499,-0.5673556936221239,-0.4596936921726796,-0.43348971210159787,0.2726968919621372,0.0
-0.9297734561833952,-0.6549499730443248,-0.4824085276871085,-0.3861315058482895,0.20747054018850564,0.0
-0.9389804901068372,-0.581042009748691,-0.4409959061566472,-0.44715802517908015,-0.32192163297472226,1.0
-0.9562919827005876,-0.555298135685601,-0.4869927108620018,-0.4398447951443104,0.376469013541339,0.0
-0.969417806098279,-0.520319681633317,-0.40544658325636124,-0.4535363005449732,-0.021259126390621733,1.0
-0.574072431337496,-0.3612298183919287,-0.7963540621622138,-0.5695163019721196,-0.1441401928206278,1.0
-0.9298780514628004,-0.5292360224028363,-0.5384392459618961,-0.4726950435050132,0.3498484483261813,0.0
-0.9497709937343038,-0.5468484259942714,-0.5190095195680032,-0.45200208691265137,0.28067022949076426,0.0
-0.9349234475761405,-0.5690281436090108,-0.53542291769556,-0.4441373777218429,0.4558161362876185,0.0
-0.9745428958177433,-0.5492847612115341,-0.43357333000237286,-0.432894966341472,0.17364725330970082,0.0
-0.9683904256869026,-0.5433701015001453,-0.43364762887633246,-0.4394610850159891,-0.027040225126158446,1.0
-0.9732837423650825,-0.51331503580255,-0.42061544317756777,-0.4596946214334238,-0.010864605489780368,1.0
-0.9818886072857749,-0.4858266481856449,-0.39977826667527605,-0.4599928207331606,0.11043185931980995,1.0
-0.9510216323972039,-0.5570263220227623,-0.4723190138277816,-0.43985743718040343,0.23166103182707395,0.0
-0.92783201768287,-0.5692320350236523,-0.5535544193971784,-0.4548087701674442,0.3388715517718116,0.0
-0.9757312047482577,-0.508226934578896,-0.4146685399270946,-0.45290327637061994,0.11224756695772528,1.0
-0.9290052431350038,-0.5279941023226467,-0.5186125549821115,-0.4743758412165205,0.2638990186254282,0.0
-0.9491644459879562,-0.5770165380139314,-0.46828156807217647,-0.45186889167927313,-0.18697759426469768,1.0
-0.9551101528744743,-0.5997560046882007,-0.49421892991242355,-0.4244409404496792,0.150754763282442,0.0
-0.954920744840698,-0.6036305861629977,-0.4373200300381657,-0.42059076935580764,-0.2978566095954366,1.0
-0.9550716268673428,-0.5774282833773541,-0.4585622855260503,-0.44896743120246646,-0.22809780868620988,1.0
-0.9590975679117757,-0.5762008236220219,-0.4113292155244942,-0.43072323851503097,-0.13185117784641964,1.0
-0.9564571276072571,-0.6001612889107991,-0.42330989015462656,-0.40867317050703644,0.12150834498138631,0.0
-0.9897144978296804,-0.4955268944463839,-0.3769698332730239,-0.4506885754052666,0.003972563120137079,1.0
-0.9560422650059295,-0.5487733087832587,-0.4777071886125933,-0.43909321430714404,0.27639772717471656,0.0
-0.9726530234188998,-0.5641647545605698,-0.44652598228743773,-0.41850293630956703,0.2725848248829733,0.0
-0.8707071043166648,-0.5066750259112437,-0.5909507699863652,-0.5049925973551309,0.4404637588570494,0.0
-0.9151887111727921,-0.6183064626509682,-0.5108520926607363,-0.44313303470615706,-0.049151717350711055,0.0
-0.9551911419499303,-0.6060505862668406,-0.45678271024362044,-0.3965316007881192,0.06849291637199836,1.0
-0.971910311713426,-0.5377602262197911,-0.44598859813455694,-0.4553790911921096,-0.052951689749952624,1.0
-0.881862490301739,-0.6245343825311211,-0.6180268001138811,-0.4843545837127473,-0.13652517651696383,1.0
-0.46281877904604996,-0.6329948192369009,-0.8646437348987543,-0.47957203401196563,0.3854576973777885,0.0
-0.9851074441284331,-0.49645100963759065,-0.39829256784621936,-0.4399633819872949,0.33709737089328884,0.0
-0.7538146494526359,-0.7417035700727609,-0.332476933323424,-0.3236271179749085,-0.04033206244916293,1.0
-0.9661355031960067,-0.5348721119725303,-0.4822905444776128,-0.4526854318292536,0.4103942160932597,0.0
-0.9351638328623204,-0.6276763802209727,-0.5069403328582174,-0.4326398480837504,-0.26073212851483535,1.0
-0.9858328255312909,-0.5285045737800375,-0.4046720975007784,-0.42077277062192053,0.34917298779810596,0.0
-0.9449226826266395,-0.5672005611075909,-0.5342264379450347,-0.45034448436728164,0.4292587900462743,0.0
-0.8965581632901777,-0.6757561287339214,-0.49541536156673327,-0.4398470836460858,-0.34140787751036716,1.0
-0.9838860693977959,-0.5073589550345172,-0.4086362660316584,-0.43912855270038204,0.36279092855488115,0.0
-0.9450460073682753,-0.5812615996556483,-0.46231486667369487,-0.4363273172542582,-0.20049961598752813,1.0
-0.9929516694584465,-0.47893421465567215,-0.3626911321581177,-0.45327794144280403,0.01908816836461799,1.0
-0.778422128073462,-0.6292153034190754,-0.6785697598749976,-0.5051231876761577,-0.05693668494895049,1.0
-0.8356934653432418,-0.6478436212893097,-0.502527143935266,-0.43850501296598343,-0.07480099348863226,1.0
-0.9409739965307912,-0.5535531137840728,-0.48394551610172437,-0.44914408095960917,0.3956909776266539,0.0
-0.9566841460092506,-0.5572203574524492,-0.4257143464312016,-0.4388123735780566,0.024853005391212157,1.0
-0.9010713303462246,-0.6770038484337141,-0.5293993793098547,-0.43531505929999753,-0.22819289640577095,1.0
-0.9609639815485149,-0.5857081946512788,-0.4702266188684746,-0.420492478083395,0.2621388370962052,0.0
-0.9679522084163619,-0.5683547596048406,-0.4404017333368996,-0.42108979199180785,0.2805000112476347,0.0
-0.9635376072994001,-0.575209840195804,-0.44188469200691294,-0.4221922456457616,-0.06626677949962642,1.0
-0.914180476919854,-0.6208671333641697,-0.576132588121094,-0.4404967608956556,0.4307325818075973,0.0
-0.9510115531782608,-0.6162147514735944,-0.4559455675448589,-0.4208021582816033,-0.198016416487669,1.0
-0.9620265991606111,-0.514198981458071,-0.4582299036691268,-0.4636815484620981,0.190213824555658,0.0
-0.9742466039523956,-0.5356401893604973,-0.4233526728850181,-0.4313497709876035,0.3153853209033804,0.0
-0.9493293465363608,-0.5984944700072004,-0.4694848791110954,-0.403510027142219,0.22125096510619907,0.0
-0.8959986607332914,-0.5854414037496621,-0.5507618352625039,-0.46865537905946436,-0.09822793120603807,1.0
-0.9847741368342984,-0.5091916002358163,-0.4112762484554112,-0.43762211855863703,0.37136760039538375,0.0
-0.9282050115233959,-0.5392060846389428,-0.5102216968371254,-0.47245162153079917,0.11125641436472644,1.0
-0.904253013565847,-0.6410009099190271,-0.5430264259104445,-0.4063323687081231,0.0785278738459085,1.0
-0.9383827085807798,-0.6059928943132193,-0.4718511579586812,-0.40747630883094144,0.39730576891474256,0.0
-0.9004387088832959,-0.6726434678548949,-0.49667599179374744,-0.42225440744080334,-0.4154737920996987,1.0
-0.9889064774034133,-0.49928717644929954,-0.3782878544324182,-0.44556238389454933,0.0038929249787895553,1.0
-0.9751001072924378,-0.5360280760231175,-0.44033402520496934,-0.43440465634268516,0.23248753285180057,0.0
-0.8306484640456346,-0.6428796476464199,-0.6673277709853227,-0.453095587471542,0.37335045380922693,0.0
-0.9765563685027924,-0.5430933948332538,-0.4194970715535789,-0.42961923344381053,0.14813153181424082,0.0
-0.9650012840402785,-0.5644027563655579,-0.4041386101009027,-0.4318454619917223,-0.29109890708154823,1.0
-0.9354680858406533,-0.5684829273909351,-0.5167035606247555,-0.4565459887651223,0.02495332800759588,1.0
-0.874235920413912,-0.6092473947056912,-0.5683126362023017,-0.47105301477258094,-0.07411283064015006,1.0
-0.8318008089838027,-0.6926954843077359,-0.5741173861102844,-0.45619765668419415,-0.1713679697106461,1.0
-0.9295207035130838,-0.6242813610063762,-0.5350440972196933,-0.42777976677771296,0.3034619942390202,0.0
-0.9359420569159337,-0.5833963274130546,-0.475525837432363,-0.4487517322181913,-0.2347896595856236,1.0
-0.9570552755381216,-0.5772608537103449,-0.4707090620690134,-0.4241395838892718,0.36040298600422094,0.0
-0.9115588157051708,-0.6403684804451873,-0.5112522878637918,-0.4355501886305624,-0.08649793282653948,1.0
-0.8636717197115746,-0.6395511530932794,-0.5484772502361936,-0.4577282679703863,0.1962894355692814,0.0
-0.9439195606940932,-0.6118271823966642,-0.44591857498019283,-0.43006057695474037,-0.29741703552371745,1.0
-0.9438026420333127,-0.6238979598216645,-0.4407605615120723,-0.42537710190605954,-0.290141143079924,1.0
-0.973882247289308,-0.5142895835445258,-0.4144502532561045,-0.4558955680831202,-0.09580867014822689,1.0
-0.986448305506071,-0.49293854936741577,-0.3875993948583416,-0.4471775641668992,0.05203717602576615,1.0
-0.9802972284805832,-0.5295733406311605,-0.41266821542887994,-0.4330106450850138,0.2733680795641367,0.0
-0.9862980065865135,-0.5251876789329301,-0.3962880388118023,-0.42767809599989526,0.36093744083861,0.0
-0.9706794646667699,-0.4886139130566838,-0.42849183651098816,-0.4694105409843035,0.09124134854202995,1.0
-0.9525508130051094,-0.5570331843333916,-0.43947985858786376,-0.44575298382412887,-0.19015057139032687,1.0
-0.983289991556007,-0.5279502870405844,-0.4177458614755287,-0.425453000170445,0.34510799024281946,0.0
-0.9170571460236187,-0.4887752865760746,-0.4779857539125363,-0.495039167435179,-0.07652742416684713,1.0
-0.9148042826330787,-0.5846725372518011,-0.5215014608702203,-0.46497305975481096,-0.08379489055803871,1.0
-0.9702202513209243,-0.557040158222059,-0.44095910087172563,-0.4216757830768824,0.3552913500041972,0.0
-0.9629524488196222,-0.5769241934355168,-0.4179867681758112,-0.4141943883205279,0.2369830478904993,0.0
-0.9750338955739641,-0.5341251969241289,-0.42244421318026953,-0.43950132098067946,0.12296352985536842,0.0
-0.9750376534659441,-0.5454165494071882,-0.4273849379233387,-0.4251329773547869,0.3049126131644526,0.0
-0.947488006248228,-0.5559486669692973,-0.4771387065264557,-0.43063589941620867,0.24700448712592807,0.0
-0.6890213166679771,-0.6910734304583843,-0.48987331015882285,-0.5062299490038954,-0.056509722759408576,1.0
-0.9455181345292607,-0.5755220913093008,-0.5027962949278396,-0.43930286965207244,0.17463247919023553,1.0
-0.883270901026328,-0.5934909732301451,-0.5446204827289112,-0.44692675996304704,0.22696180809530547,0.0
-0.4249904619929771,-0.47113847160870503,-0.7455989724958301,-0.4216082673982551,-0.2925814696824472,1.0
-0.9397489759280002,-0.5909829163878209,-0.4465772829057096,-0.4418598805497337,-0.30596053944317025,1.0
-0.9704128255458495,-0.5419063095990936,-0.4212518361440468,-0.4376746780507868,-0.07052516525528105,1.0
-0.9933397094205236,-0.4805479005915451,-0.3772515321655646,-0.4463370866218483,0.3509497106494854,0.0
-0.9834989295325801,-0.5191653159922399,-0.41351229868729894,-0.43961896204957135,0.08104984494776507,1.0
-0.9674572003043407,-0.5623868270795798,-0.43838801018771,-0.43786171797747997,-0.025694715349290714,0.0
-0.9922357111363029,-0.4817401310704865,-0.38203240141678496,-0.4542763497178054,0.13570017880635094,1.0
-0.9904985276883252,-0.48945370634790997,-0.37888476505877977,-0.4497566954817538,0.13280696165621764,1.0
-0.9898565668491497,-0.4864366540352657,-0.3902225878453868,-0.45303108448314905,0.24768470763533287,0.0
0.09276333407805759,-0.7334650219129619,1.0000000000000004,-0.9086158551150165,1.0,1.0
-0.9797663407913318,-0.5246641023530471,-0.41311400271879656,-0.431502817734615,0.2542799820053316,0.0
-0.9736368197937161,-0.5265248021504516,-0.44232417699624366,-0.441379267840538,0.3487391580617909,0.0
-0.7073138529594003,-0.8052192486517489,-0.2116781369452751,-0.2700299861012257,0.03339626358697513,1.0
-0.6691790485365332,-0.7635705895277001,-0.332314265235629,-0.39230786021276987,0.7052049942918137,0.0
-0.9487150985761003,-0.575665846145933,-0.4931007758323105,-0.4258253814737085,0.41311107005620873,0.0
-0.8819574079912773,-0.6692778059402681,-0.5279166918080701,-0.43713308363274844,-0.28423740365648775,1.0
-0.8453320405359536,-0.5313119211843779,-0.6677630505136313,-0.5152402010998299,0.4188244487055079,0.0
-0.8405577842827747,-0.6728005149979551,-0.5482849976009535,-0.46479889287127896,-0.3130089739571382,1.0
-0.9824980006708495,-0.5047281847242941,-0.4024484505394463,-0.4471593176022554,0.19603421431549795,0.0
-0.9433091375327509,-0.6057152648222452,-0.5348544885152272,-0.42748388642191365,0.2729596247255577,0.0
-0.940892170439727,-0.6267035428277896,-0.4507634871468779,-0.42483956610531187,-0.3600748968622158,1.0
-0.8994973873377216,-0.5906334321927661,-0.5988972921049452,-0.4755506759135451,0.3762486258245829,0.0
-0.9657869498389926,-0.5314037053358148,-0.46282789934498436,-0.44999567775525967,0.11851850805683678,1.0
-0.9573332296497618,-0.5617242514377151,-0.4657234913656478,-0.44988726877405444,-0.13056463206395913,1.0
-0.976738689145978,-0.5156524672047671,-0.42714692695286316,-0.4559527659225986,0.03647503639517341,1.0
-0.7879987178605632,-0.7489744466144087,-0.339607641152357,-0.48643259945331474,-0.3914284979065801,1.0
-0.9637005624236914,-0.5298919722301261,-0.44676118395214953,-0.4479002190830849,0.005583231653075407,1.0
-0.948554417867505,-0.538550602139594,-0.4894490038588755,-0.46242023951091926,0.0640353226348177,1.0
-0.9243169087832258,-0.6761000432293648,-0.4697259961199922,-0.40840147391172665,-0.11715063259347419,0.0
-0.921509000629363,-0.6487958166048894,-0.46264816567858313,-0.41803201883582675,-0.22976444896152864,1.0
-0.9753130330733767,-0.5210688200796451,-0.43307252531669294,-0.45521362657337017,0.2853235181680957,0.0
-0.9857065733277357,-0.4981585901387651,-0.39219972811190257,-0.4532375571370463,0.00014030848543221397,1.0
-0.9933983985988611,-0.4741903627221623,-0.39074888055653756,-0.45416207427478444,0.31046855251026023,0.0
-0.9558696915908169,-0.5880335763523532,-0.4293644033540035,-0.4334816397042012,-0.3044913911954495,1.0
-0.9630459941381575,-0.5588931039964212,-0.4501799631679867,-0.4290105403238516,0.2902217157561514,0.0
-0.9757616375698386,-0.49199130366004606,-0.4340153239378085,-0.4471750021151201,0.5428778737315554,0.0
-0.9128943703063441,-0.5823196374848073,-0.580838076685952,-0.4719415066820897,0.032449146596692555,1.0
-0.9837597000483917,-0.5043476743406402,-0.39601214729996725,-0.4505426607161769,0.03831678626320181,1.0
-0.9071238813849876,-0.6045220124438253,-0.49940507676723767,-0.45422494527179974,-0.27695708955063986,1.0
-0.8510257888623306,-0.7003496101638678,-0.5473895951785314,-0.44653936058553473,-0.18438915476347234,0.0
-0.9793478701776444,-0.5125113371154498,-0.4167009000081426,-0.4539836689780375,-0.02876427694768624,1.0
-0.8621304966324231,-0.601752448849359,-0.5784221561009195,-0.48096281301814325,-0.08034643624541407,1.0
-0.972062292045906,-0.553627511942296,-0.41693534830906026,-0.43858801813548015,-0.06009131859173392,0.0
-0.8141411104916599,-0.5951942917111869,-0.6358180746098056,-0.5140748403469201,-0.01778679491650441,1.0
-0.9635300000903984,-0.5503153581954542,-0.45658927847896547,-0.4422777682934049,0.08531527355661475,0.0
-0.9530638328425078,-0.5930446522673798,-0.46779256232145583,-0.4057107634459757,0.15805781533656799,0.0
-0.915026476202603,-0.6606613594472456,-0.5156478968229516,-0.4224142972052628,-0.39427725509154077,1.0
-0.40561026225076613,-0.3989163466172432,-1.0,-0.5249445194334401,0.5353006272026226,0.0
-0.9627498244381447,-0.5052792002552319,-0.43078857215020316,-0.4677630459544746,-0.006234450447753628,1.0
-0.8907855981750131,-0.5849792825912706,-0.5634380622036118,-0.4594396474851056,0.4091286104765574,0.0
-0.9705702348804922,-0.4907789327331901,-0.419752784730554,-0.4672106166467081,0.038791190594799296,1.0
-0.94980516865935,-0.599412315674083,-0.42747660470690413,-0.43941071376905916,-0.2876946571639164,1.0
-0.9267569593738528,-0.5518373338257557,-0.5016396956384903,-0.48024029571410287,-0.06926807172263516,1.0
-0.8600317556618279,-0.6626784406691535,-0.5396261585975114,-0.4392031972084167,-0.03929368223500623,1.0
-0.969354250770461,-0.5801781065639448,-0.4239733059560113,-0.4063981696075293,0.11976649397171045,0.0
-0.9931220061381574,-0.49599914318829363,-0.3690411469667977,-0.4394151148436038,0.14004153015623158,0.0
-0.9351354945304335,-0.6311782201462982,-0.5108373959512297,-0.43182160476798015,-0.26138002633690044,1.0
-0.9712801776201824,-0.5490096931569965,-0.4695789786238179,-0.4349432265015123,0.3694254557518445,0.0
-0.9809362495066198,-0.5349156931527584,-0.40597441095203723,-0.42646101891918264,0.3012687753036827,0.0
-0.9093906388695878,-0.5385855837144948,-0.5385642289239764,-0.4892013367392581,-0.04474640577194733,1.0
-0.979124826779319,-0.511985881589578,-0.4241662233607389,-0.4616574450782656,0.07893367376353992,1.0
-0.9529462839590027,-0.5530907622148447,-0.47524121833762795,-0.45762977517810505,-0.10728185870022777,1.0
-0.8761816626113105,-0.6982356079217041,-0.3581868911788381,-0.3804753806378084,0.20249241904487253,0.0
-0.9673686797696215,-0.5545266899188919,-0.4287884790652277,-0.4320789010520939,-0.0614223868345426,1.0
-0.9829672174076207,-0.4962811946124711,-0.40604579450012424,-0.4634335531248205,0.030043282812833097,1.0
-0.9875835776785261,-0.5020375222138149,-0.377539636891475,-0.4467767149838801,-0.019985253862325275,1.0
-0.9485786750060934,-0.5519738436213557,-0.4802107224926981,-0.45257762519458095,0.2859283975018044,0.0
-0.9702917126082061,-0.5475995770095994,-0.4495220769230249,-0.42977238299927206,0.36104043344201636,0.0
-0.7630163246899045,-0.7504821224171363,-0.644182445580316,-0.3616051224752154,0.30243326546664084,0.0
-0.9260005973542728,-0.5201954453701498,-0.5510867315900244,-0.4993652445285288,0.12516468237441714,1.0
-0.8691271841301944,-0.6573144336882815,-0.48344782078874754,-0.434777560998844,-0.224293108426665,1.0
-0.8315311343806246,-0.5712760943117527,-0.6146697869956648,-0.4985661352790889,0.3713742319660006,0.0
-0.951962874796317,-0.5998074363604269,-0.45432423261585825,-0.4163863608733646,0.11211564471250667,0.0
-0.9784566101175158,-0.5123226822730539,-0.4085809269771011,-0.4557803194315572,0.05550964524073416,1.0
-0.9408565631896358,-0.6051983934738232,-0.5034267694852019,-0.42420532036822317,0.21708420319888638,0.0
-0.8055170492780858,-0.5355184969100059,-0.6815803711240493,-0.5412686695976592,-0.005397772874553272,1.0
-0.9744520652830895,-0.5265961160032268,-0.41837637839227676,-0.4504781981666833,-0.04273129424591937,1.0
-0.9158065402358648,-0.5318906466303314,-0.5355945936559814,-0.4903222692976293,0.06237172290590785,1.0
-0.9541613952289798,-0.6285562025758051,-0.44521426709254286,-0.3937552353614038,0.12502936599683231,0.0
-0.9046152197669712,-0.6783872459569888,-0.48487807159155066,-0.415857153498592,-0.3388328903812024,1.0
-0.9547041916402644,-0.5483199034373565,-0.4683647458269716,-0.46350040736381026,-0.12981107576957213,1.0
-0.9621919767300574,-0.5427694593430887,-0.4233304679996291,-0.4497030545820908,-0.004055375236611522,1.0
-0.9550234907699987,-0.5771791132777135,-0.48591237519571356,-0.42939546825194885,0.325856202558901,0.0
-0.9431451724475319,-0.6212148908064848,-0.47323647543379443,-0.39190994021610726,0.1537737273048296,0.0
-0.9905279375823051,-0.5105593501149617,-0.3782224669221743,-0.4334403273024243,0.22551810451044355,0.0
-0.9334965857530513,-0.5947762460337932,-0.5144373746100579,-0.43143374590576195,0.2835523261406005,0.0
-0.9725172805663983,-0.5697435660721353,-0.42708334306955187,-0.41117792262576675,0.32693984953560873,0.0
-0.6627915184313314,-0.49475740938966817,-0.6123047138091885,-0.4778740743849387,-0.06501632316592071,1.0
-0.8431649736297944,-0.7637341195805238,-0.5807202570286794,-0.3802358843185618,0.16196308535354526,0.0
-0.952350665068691,-0.5860065627626972,-0.488712013108621,-0.4197633455029224,0.35582797174666325,0.0
-0.9827443724915652,-0.5023275515420872,-0.4150697567259348,-0.4413423852619932,0.31231176864689747,0.0
-0.9660376831992288,-0.4797218537487562,-0.416235715075442,-0.48204528257902624,0.025024053554845424,1.0
-0.9756210238319957,-0.534280020027338,-0.4181139932540296,-0.4286202611596245,0.3113993606936657,0.0
-0.9422934761337546,-0.6004697078690338,-0.49217807185611406,-0.43863206406233823,-0.10787072522544172,1.0
-0.9616863356241274,-0.586345615159161,-0.4721105927976303,-0.4168733771812482,0.28895864230128143,0.0
-0.6380250125044225,-0.8610133965884068,-0.3576825349488551,-0.33097329679136667,0.1877226959792921,1.0
-0.9712869264179746,-0.5462714798921271,-0.448296244317448,-0.4420246739836776,0.13681506769215132,0.0
-0.9337210492450099,-0.5971220690838609,-0.5221888658529207,-0.44161761677554284,0.3093515969156433,0.0
-0.8515118018483142,-0.6567461555525783,-0.5633454216680833,-0.46729791893673356,-0.1136272588090787,1.0
-0.9781281638155604,-0.5411079134665294,-0.4048709100071852,-0.41770546010116294,0.3176195672539145,0.0
-0.9778733377193267,-0.531753187443144,-0.4200127770642292,-0.43497227603944116,0.3064579349411377,0.0
-0.8913892591441689,-0.6315865581968589,-0.5610981749337646,-0.439991956419163,0.31873437091821544,0.0
-0.9240064484150916,-0.5774630180184137,-0.5354358830031709,-0.44537097004317827,0.30022794227110466,0.0
-0.7807668799430849,-0.5622696203348507,-0.575281283877755,-0.4792289137942895,-0.06845252783711994,1.0
-0.8851807958521316,-0.6912181794597111,-0.5163556933107011,-0.3961464263731113,0.0716288421534847,0.0
-0.8071801202470452,-0.6768046629203858,-0.6591212284807987,-0.45634895062480957,0.4914924843728533,0.0
-0.9508111785231159,-0.553574860213938,-0.4487692554168008,-0.44677705989974753,-0.13146388991096963,1.0
-0.9006575147260245,-0.5308469529596406,-0.5045309289828122,-0.4886429476967964,-0.09089839516253581,1.0
-0.9919603951889275,-0.4903336171934509,-0.3834644836505314,-0.4515055378899641,0.10579341350961904,1.0
-0.9950528032860717,-0.4805000788362813,-0.36978918073428746,-0.4469619913313565,0.2928184940597206,0.0
-0.9645165554345532,-0.5823196048187745,-0.4262057935571172,-0.4083394713335986,0.19640288736568,0.0
-0.9807008525793514,-0.5213996249014269,-0.4111837219310067,-0.4417039307402558,0.058549569496932116,1.0
-0.9733551372428297,-0.5386679851225457,-0.4207643941761673,-0.4419178971964641,0.004872491714249735,0.0
-0.9818160243301058,-0.527743940433009,-0.40994594788298977,-0.425585126138834,0.3229667444876543,0.0
-0.9667425836861739,-0.5824076278284686,-0.42862582097735824,-0.4028926221381454,0.28264845991667814,0.0
-0.9420221946817307,-0.5748330076750083,-0.5263229849508847,-0.4385237654751843,0.3654126167945261,0.0
-0.6654402549874221,-0.5790638198128546,-0.6783776930333256,-0.5521479755026679,-0.07029389342380715,1.0
-0.9534751008679988,-0.5370515656618211,-0.41347406280138366,-0.460175443159812,-0.19047560029569233,1.0
-0.9642129528510657,-0.549515275323152,-0.4364619929183531,-0.44530747028066986,0.03525694177421744,1.0
-0.9729976695492107,-0.5088688218476176,-0.4370932751293322,-0.4616409440421398,0.0603406769000469,1.0
-0.7943345523573877,-0.5229533594710756,-0.6546309706878486,-0.5475065002090312,0.013343518190549977,1.0
-0.9615389612842367,-0.5440257227719194,-0.4881724364034176,-0.452473355396961,0.2840501738835035,0.0
0.14793993611134626,-0.2146401212335225,0.4974161727650611,-1.0,0.25069028384142455,1.0
-0.969310175393061,-0.564614798189723,-0.4504045207347899,-0.41756654534597654,0.14855748984907613,1.0
-0.8232610105418258,-0.6223276409170572,-0.5655830645132274,-0.5108184127504645,-0.27440551149868464,1.0
-0.9787344921837884,-0.5189624207190645,-0.42105682063558514,-0.4460311126494,0.15636513838056773,0.0
-0.9761543773715088,-0.5239932061284127,-0.40781575382130075,-0.45504753265937586,-0.07663927507486692,1.0
-0.9256646360602944,-0.6414083557337202,-0.4930948824310923,-0.3711347119326159,0.1602585575266096,0.0
-0.9193673812395934,-0.5700404680114086,-0.561806263771975,-0.46370431417020747,0.35575833131002693,0.0
-0.9375300585832246,-0.5451202282945309,-0.4772250879328683,-0.45735796337616447,0.039945690271011434,1.0
-0.8100152190817238,-0.675821402414587,-0.6039996042787504,-0.42723060897414866,-0.33814411559770735,1.0
-0.9697712401139901,-0.5572543419962529,-0.41244253736789466,-0.4314064774555573,-0.06967600664256604,1.0
-0.9730799318970036,-0.5218284901274124,-0.40888778591540353,-0.45463499731944185,-0.09355900927151994,1.0
-0.9803393712729954,-0.5184939076712783,-0.3899025607918686,-0.44922020219136394,-0.078569597242511,1.0
-0.9220281158581257,-0.6444525049382737,-0.47857535983508176,-0.4187741432743203,-0.2386763858081431,1.0
-0.9421903293211163,-0.5512926189924098,-0.4448025648609925,-0.46865352533645444,-0.27920745421634924,1.0
-0.9489762566558863,-0.586441902970394,-0.4475468024350468,-0.4350881479827551,-0.00019347993530052787,1.0
-0.9883365419632086,-0.4827696909627877,-0.4014511784178001,-0.47076350097659053,0.10207683020557547,1.0
-0.9788529366834414,-0.5057571782595239,-0.415618097861337,-0.4629655988159233,-0.05023431832646644,1.0
-0.9417762883374522,-0.612974265159378,-0.49464546400639436,-0.43774857081914725,-0.25057804240190273,1.0
-0.9780627959939825,-0.53580736833301,-0.4308409298493614,-0.43052352081307116,0.32050083646394545,0.0
-0.8789879912882221,-0.5495325868638683,-0.5893005567110854,-0.4988792252323137,-0.0082277737487826,1.0
-0.9264398859919398,-0.645471496486457,-0.45673147970983075,-0.4099568381445955,0.04082609204031785,0.0
-0.8499292882972893,-0.7167355785408223,-0.48906935265899476,-0.4014079427119328,0.3504337772005111,0.0
-0.9496683623713004,-0.5555627419403666,-0.46312758110637076,-0.4587202919975651,-0.17746323411253145,1.0
-0.9094106754707003,-0.6366178991303271,-0.5155046718757643,-0.43142950067206665,-0.05596600472992458,0.0
-0.979837824484068,-0.5324642406862391,-0.4021398952297298,-0.42559423675487396,0.29867129734756914,0.0
-0.9050519664987663,-0.47519830405304436,-0.5056559158576386,-0.512450402377143,0.0018411506673107758,1.0
-0.9880350375628626,-0.4852724451167145,-0.3814085106302094,-0.4595962574923365,0.07015863253935678,1.0
-0.9048498838470161,-0.6790621718063015,-0.49727489561033356,-0.41332406391795745,-0.22021866680996893,1.0
-0.9751351529482984,-0.4855132769049036,-0.4058223937208437,-0.46662919711794637,0.04107717966790381,1.0
-0.9679266054713964,-0.5567859916046912,-0.4420919480471899,-0.4438464236609958,-0.12304182776096642,1.0
-0.9682624786968999,-0.5421090610642338,-0.4526508496025055,-0.4402689989081722,0.28860021368001587,0.0
-0.9331311222460102,-0.5783870541200634,-0.5069305489684581,-0.46427393406883166,-0.07342917934069645,1.0
-0.9315146313603352,-0.5998338335383286,-0.5064734179959396,-0.4303762651405823,0.3853478548256514,0.0
-0.986246611361182,-0.5205679162621135,-0.39421933544167265,-0.4347737201188187,-0.03474926862832359,1.0
-0.9501521238171533,-0.5573993695061112,-0.5062130432079711,-0.45027460138479364,0.25964072009840644,0.0
-0.9717200629543827,-0.5423291657862596,-0.4014640038041805,-0.43565836828795146,-0.09732807808852062,1.0
-0.928082085968493,-0.5103259275898074,-0.510417084694452,-0.48977417987753236,0.05671328375733066,1.0
-0.9515304373986575,-0.5947714924747187,-0.45968376548641654,-0.4376020507929096,-0.20045927744353303,1.0
-0.941245269764345,-0.6076962509692504,-0.44904511907137795,-0.42211523888588987,0.13393670914418598,0.0
-0.9527847610917655,-0.5480082142835487,-0.4657944300940927,-0.46213287229396316,0.06287833892941583,0.0
-0.9613230408496494,-0.5603043522315445,-0.43564361676557034,-0.44984901579673575,-0.24597931650913302,1.0
-0.9501167341865338,-0.6152374776704769,-0.4658877790500056,-0.42389742511187795,-0.10153621591092696,1.0
-0.9857628244911312,-0.49591060900694384,-0.407342810540567,-0.44440547204119235,0.3237518384250074,0.0
-0.9692631541359643,-0.5001352697412106,-0.4266692436992424,-0.47113175026917264,0.04863272106757882,1.0
-0.9585171393805093,-0.5384275743589972,-0.4562453320912747,-0.45161083973900745,-0.01554152445665731,1.0
-0.9600396678976466,-0.5352900759604649,-0.43001989999946033,-0.4377505878579827,0.26487818649879435,0.0
-0.9303316759019388,-0.5256486285934446,-0.524686013240878,-0.4790557468714177,0.34499166191365693,0.0
-0.9622951024736727,-0.5345125111447991,-0.4587090491704723,-0.44764824377213286,0.300543651994634,0.0
-0.9784844903032053,-0.535535093923848,-0.4233223199716797,-0.4291414875111308,0.2526033713639741,0.0
-0.9721502781517669,-0.5568830113491423,-0.4389712255589834,-0.41634937735797994,0.3011224992712145,0.0
-0.8566863798413812,-0.5547600967146602,-0.6153918116637019,-0.48855117455548797,0.025521862308474114,1.0
-0.9602389898087917,-0.5657708903757463,-0.4769008508297038,-0.42950163168917127,0.3730966754454031,0.0
-0.8308521593947021,-0.6609706197561752,-0.5442500603308809,-0.4838893550932746,-0.12027504696122382,1.0
-0.9340316862725174,-0.5196305262463032,-0.49306755076019304,-0.47773688440634665,0.10125894220886728,1.0
-0.986158020846804,-0.4935368498886311,-0.38267877040544285,-0.4347778063963257,0.3311529453148202,0.0
-0.9563041236231632,-0.544253424825099,-0.460847474409331,-0.4431244477174908,0.2276316123085607,0.0
-0.965417175515792,-0.5150995577732654,-0.45473586948484107,-0.4492455305927885,0.3932457731408566,0.0
-0.93102769699389,-0.6166608972133975,-0.5235970633134528,-0.4214097616947011,0.30404350300313887,0.0
-0.9771223157077863,-0.5166087797861958,-0.42637960479221615,-0.4377288953169702,0.3446070833165543,0.0
-0.9846447115552935,-0.5056585377567147,-0.41232799890862193,-0.44377889042665636,0.2841477244347502,0.0
-0.9857012235139448,-0.48586291024280315,-0.3961595817585418,-0.4462646212814285,0.3372328189840846,0.0
-0.926499507503767,-0.5727408624200808,-0.47724081143316177,-0.45076723645922434,0.34138924795969644,0.0
-0.9644572004177628,-0.5217628622625696,-0.4442918180575456,-0.4605126566312788,-0.018932401510054944,1.0
-0.990968263813504,-0.4997380821598378,-0.36884280829669885,-0.42825589297436506,0.30763816162245683,0.0
-0.9719306222796351,-0.5248792508188286,-0.4222121526071293,-0.4561492892856337,-0.05407732830597023,1.0
-0.9243342899993561,-0.6522298441162244,-0.48158742547582495,-0.3942220266078764,0.09422536529561633,1.0
-0.9082737143547024,-0.6054545570224061,-0.6150856978743608,-0.46736292259117185,0.26092146668072946,0.0
-0.9417186010017373,-0.6035369897429578,-0.4630561687260566,-0.4411545954334213,-0.20163343854525895,1.0
-0.9541352184710313,-0.5883127761461039,-0.4464015242123561,-0.4222803946194974,-0.15589159380280543,1.0
-0.8344410599619112,-0.7000031427895199,-0.48984293847191857,-0.4296444822567833,-0.1028048222650487,1.0
-0.9678317627082464,-0.5647666472664931,-0.43752466114689526,-0.4154726944763819,0.3015578442657405,0.0
-0.961236293281131,-0.5529358435530721,-0.45512699949894597,-0.4268333487899802,0.36708610118533364,0.0
-0.9693285852405538,-0.555381505924925,-0.4151415644717604,-0.4310522979609632,0.025906080292745493,1.0
-0.9444621042278422,-0.5754249551743532,-0.47979515066259826,-0.4421790074638661,-0.04675967328687869,1.0
-0.7125336962254954,-0.4346917585221446,-0.607614241034694,-0.564779998838697,-0.05573881393683208,1.0
-0.9644822547408812,-0.5229538612918514,-0.4302686502990151,-0.438262611622068,0.41824249858504486,0.0
-0.8545975020615375,-0.7070623299571386,-0.41338498609004865,-0.40549382222565367,0.2669395438246316,0.0
-0.7618723697151182,-0.49931905417316447,-0.7127397030183897,-0.5583828737879062,0.39449729105943615,0.0
-0.9323135773579857,-0.6460455343264553,-0.46294887078210817,-0.4205711581641951,-0.4126154425107301,1.0
-0.3397330493551387,-0.5350253604350343,0.08699119037269265,-0.6312273585958392,-0.05101633377958151,1.0
-0.9384365808181687,-0.5886356323021206,-0.46834312046576787,-0.43361990600606304,0.035271676208140354,1.0
-0.8316562329470464,-0.6991628915110244,-0.549915740130548,-0.40026245508910996,0.19641328641369596,0.0
-0.8756409770783198,-0.61739239798435,-0.6042221950346435,-0.4720470469395178,-0.08311003716563689,1.0
-0.9893822565456983,-0.5062920876326976,-0.37000780356645757,-0.44202579963488575,0.012761234158648355,1.0
-0.9467651293678917,-0.6067772762333119,-0.43981891378860377,-0.4119546143014235,0.18364012082015008,0.0
-0.9898537286279129,-0.49507560100705095,-0.37918571377223365,-0.4322743885925052,0.3436155459820694,0.0
-0.9505629710553761,-0.6009598289459979,-0.4764276405155786,-0.4248598456613786,-0.09642455077144899,1.0
-0.9199089600371931,-0.6994994706524712,-0.45743838438496953,-0.3892004921753603,-0.0247906772874035,0.0
-0.9342404654253341,-0.6121450663633051,-0.44490777820705,-0.4384149075025376,-0.36774810425280896,1.0
-0.8637560042871025,-0.7214842037655623,-0.4130314809373428,-0.38869013171361955,0.1885820793398864,0.0
-0.9507362743025102,-0.5689253623510987,-0.42813381838822473,-0.446014837712357,-0.25005540700299045,1.0
-0.9380118385851772,-0.5957429976045016,-0.4526071332671343,-0.44325262566467283,-0.32894666764760155,1.0
-0.9682276886421552,-0.5391319342825168,-0.41182133350787975,-0.444580053023967,0.008854052789742925,1.0
-0.9432788059762988,-0.5669169552580948,-0.49684905740843327,-0.45727648362430984,-0.026573979356254607,1.0
-0.8204071301749247,-0.5798065114418813,-0.5372067333897066,-0.451832821389531,-0.251640676226467,1.0
-0.9673762198401769,-0.5816771275436781,-0.42972592850983266,-0.4225704021478563,-0.10736294708755928,1.0
-0.9667200453033301,-0.5382045945565989,-0.44664192680481274,-0.4341580984597731,0.3648200018754366,0.0
-0.781043513388948,-0.6438488786853429,-0.5920921417954932,-0.476921619858721,-0.17116557118839204,1.0
-0.6712612694202017,-0.8038201301524088,-0.5563951839397233,-0.42321755977667597,0.3571806033398767,0.0
-0.9358873997128043,-0.6183164142848049,-0.47998527144477493,-0.43359357807032234,-0.2808535320838385,1.0
-0.8447333649844939,-0.5190590256197574,-0.5686332910599726,-0.5070579110089822,-0.08465748224321679,1.0
-0.9636237134954335,-0.5685188162760496,-0.42005608821075885,-0.42378207569722187,-0.13244438572969452,1.0
-0.9647464020610788,-0.5662707702286027,-0.41250398369815056,-0.4304190024799571,-0.22501972506458456,1.0
-0.9399134169375816,-0.5848113055126617,-0.5091751394744957,-0.4535998945991145,-0.05900010117736379,1.0
-0.963444967305531,-0.5122312513831924,-0.44791797333853917,-0.4659602806884772,0.05567112172273151,1.0
-0.9819466346656501,-0.51600862990112,-0.39927236333449817,-0.4447796642860433,-0.01739962943276216,1.0
-0.9517457034773258,-0.5541734711271077,-0.4203718636275185,-0.44974192059858037,-0.15322801496012095,1.0
-0.9754957273960341,-0.5245357456531369,-0.42871207905611314,-0.4570556670094318,-0.08367749418299622,1.0
-0.9820530955046602,-0.5291019321974504,-0.42122285512042296,-0.43719097902858384,0.26856048346075556,0.0
-0.9571070762827757,-0.5514278355606049,-0.4543584917362196,-0.44193606433241883,0.31102454254563183,0.0
-0.9422842376633852,-0.6033736552991024,-0.520831320414807,-0.4274720126617712,0.2902494146756398,0.0
-0.9730965865801569,-0.5190572068684219,-0.4309891811916565,-0.4375107441390775,0.35690988178120087,0.0
-0.9799088628079241,-0.5344882023316146,-0.4306556758135933,-0.4331293099847603,0.30666002073042187,0.0
-0.9475495564210678,-0.6131435600703483,-0.4661931046070166,-0.422571801447613,-0.27900992697704907,1.0
-0.9809650708291114,-0.5234424420523835,-0.3984553355116514,-0.4404702461323542,-0.03411677426895243,1.0
-0.9539287840937183,-0.5333984186536922,-0.4688423676360019,-0.4611986494260856,-0.0013795427565576335,1.0
-0.5577198225023966,-0.47401260153231695,-0.7198123286919347,-0.5872871233619839,-0.05796285034004747,1.0
-0.9419107318319471,-0.634046590220583,-0.46895368644356594,-0.41790257870054803,-0.3156952177569307,1.0
-0.9394963744969428,-0.5810910201100923,-0.5054566807683937,-0.4359402706996586,0.26187526703906533,0.0
-0.9869258899581324,-0.49011152043413614,-0.4043110327328873,-0.45520731355526173,0.244786364810799,0.0
-0.826913325503666,-0.6865657302980719,-0.5944122957013555,-0.39282945277503595,0.04938788388307332,1.0
-0.9307171798608203,-0.621790630437007,-0.4947756725495782,-0.41816595295308867,0.16941130107452745,0.0
-0.9256954377130264,-0.5614772054166629,-0.4927104149016739,-0.4460667392214775,0.3703248820395391,0.0
-0.9428899128880716,-0.5747219628027544,-0.536073879406527,-0.45267180695601467,0.3888191691573207,0.0
-0.8928458014506402,-0.5124994424892547,-0.5015312879185695,-0.4967468889427669,-0.09125878530880868,1.0
-0.9185664670091079,-0.5936007898402639,-0.551330904197737,-0.4429560958733245,0.4014557209978425,0.0
-0.9813403017791239,-0.4849292569944952,-0.4168802450084726,-0.46606940598077623,0.08363649521093798,1.0
-0.945591547876468,-0.5265083606233047,-0.4757811365752825,-0.4580149533631485,0.3306105629577375,0.0
-0.7359557336022411,-0.780502513161375,-0.4150530265158909,-0.4131415202936418,0.216388369953939,0.0
-0.9805298788005823,-0.5083111131318112,-0.4097402124471168,-0.4550446761244039,0.018161814138860935,1.0
-0.9585342178257084,-0.5088414205235434,-0.47393500282947026,-0.4648184996181387,0.15281962937610025,1.0
-0.9636329095914211,-0.5301266993616734,-0.4343366197138852,-0.4428149605231697,0.28369004374185136,0.0
-0.8217200229643375,-0.6841732705932051,-0.5508555154164821,-0.4802382781108812,-0.3316554923395801,1.0
-0.9658945234163715,-0.5466045762662862,-0.4658468011677673,-0.4425479006840083,0.2996210982648054,0.0
-0.9872514830096649,-0.47419829798395957,-0.39756693775807683,-0.47247184666752845,0.05881399998918798,1.0
-0.9577215289025227,-0.5898456522788548,-0.4146423108818329,-0.42430155993185875,-0.12018570718537874,1.0
-0.9756660212791515,-0.5463599113289496,-0.41680131739387366,-0.4245692271258595,0.20158634045065332,0.0
-0.9563699486390927,-0.5536235508307152,-0.4239452890679197,-0.43919206942542083,-0.03183425632345885,1.0
-0.9155736287566185,-0.5937297888659191,-0.5395453966905549,-0.46585044268492226,-0.13614846931689248,1.0
-0.8622155756159172,-0.6100879351816252,-0.6015693597697015,-0.47422377738736854,-0.03980978527426676,1.0
-0.9800547559243856,-0.5271995707984181,-0.4046298775453501,-0.4346677933810957,0.0781819176082951,1.0
-0.9000095411537308,-0.5847176344001748,-0.5661129401403149,-0.48541568229628695,-0.0338920090067672,1.0
-0.9476780288346256,-0.5059927607988559,-0.48427535027612445,-0.4693897525543225,0.2704550129802336,0.0
-0.9335669581413963,-0.5414230428604518,-0.4841958161877426,-0.45357980597645503,-0.012718103270766265,1.0
-0.8718326863935443,-0.6143749189558858,-0.6218113530595715,-0.4680897683009268,0.32474464797620606,0.0
-0.9805746605321759,-0.5172884761665013,-0.3985701658425159,-0.4404767692587399,-0.013330417988002052,1.0
-0.9748107224798008,-0.5058636842591548,-0.41261572656397777,-0.4632017541009827,0.006189170508080988,1.0
-0.8347746576021144,-0.703246320071641,-0.4859663860012987,-0.4503918371789685,-0.30854645392890717,1.0
-0.9366554669849693,-0.62914406482833,-0.467486006601551,-0.4302873278558127,-0.358311645255433,1.0
1.0000000000000002,0.9999999999999999,-0.6763189165648597,1.0,-1.0,1.0
-0.7358041586124376,-0.6345810792202365,-0.8034928932520778,-0.5083103832696416,0.19793689738686177,0.0
-0.8950092011434777,-0.6799132425830993,-0.5293446028307337,-0.37734001799247907,0.25278226142627136,0.0
-0.799613605164616,-0.7187224295338944,-0.644224502093937,-0.41770530267569933,0.3103295807303383,0.0
-0.9677774104707643,-0.5344249214161123,-0.45290963353976255,-0.44090290370154456,0.3593886455943271,0.0
-0.9321748880515531,-0.5652237923160155,-0.5051317813479403,-0.45657262067113813,0.14387260385562722,0.0
-0.6145673352806333,-0.42143136742301,-0.7472324784363559,-0.5786414724525422,-0.1082919475788697,1.0
-0.8929952259448353,-0.543889486170851,-0.5307232114243056,-0.48404841727867887,-0.08060987179128098,1.0
-0.9141506389981646,-0.5721030033953483,-0.49431979765446427,-0.4773833091017489,-0.17868235439717334,1.0
-0.9545883040405947,-0.5711942163093435,-0.432338625630733,-0.4324184630988642,-0.030614738077858417,1.0
-0.9792581801217144,-0.5399515852907579,-0.3945886791142843,-0.425818565581852,0.09883378384705169,0.0
-0.9871572950175747,-0.5135784491185551,-0.39833809001166,-0.4313395980908845,0.3250455420598036,0.0
-0.9448451873626277,-0.5613711513532523,-0.4444724230513377,-0.4470590151918103,-0.12749659757880374,1.0
-0.9686403775378357,-0.573460209077208,-0.42522923952227587,-0.4134148892734816,0.13805519831887952,0.0
-0.9499399354786603,-0.5992681695559612,-0.4973390771849765,-0.4200452300083552,0.2467573499359695,0.0
-0.9272332949638512,-0.637068111845492,-0.523025069610491,-0.4405753752391898,-0.2566980065073261,1.0
-0.9847282831592816,-0.5044250230441835,-0.41659280474851484,-0.4518597230378751,0.032988959553161404,1.0
-0.9782433946851617,-0.5016118890032517,-0.42088898007075354,-0.46384586332954497,0.010496850466192531,1.0
-0.9776297058042422,-0.5461018929359042,-0.4101603676032258,-0.41924563394300207,0.3067403424684845,0.0
-0.9530047822709697,-0.5365791244492933,-0.4329605374766109,-0.45443150815418987,-0.051840531622361796,1.0
-0.9700569320482673,-0.5377143544679729,-0.429986469497115,-0.44216772534472837,-0.001634943164479083,1.0
-0.9808809958481688,-0.5338165291726075,-0.43473519427506097,-0.43163206410638677,0.36492845771371596,0.0
-0.9689869519684622,-0.5457975919352375,-0.4007467782431084,-0.43186694674385845,-0.1203286757372968,1.0
-0.9229598822916758,-0.6381765390998853,-0.5276573521747702,-0.43241286326855644,-0.04290830559278658,1.0
-0.8875422914245876,-0.5596904642196813,-0.5851859371946639,-0.5021300032090841,-0.05452371929202654,1.0
-0.9898187950964804,-0.5047133826035727,-0.36454632269885356,-0.4385029303767478,-0.051974209458704235,1.0
-0.8643892530336322,-0.6372577290614334,-0.6060657941224099,-0.48661800889680185,-0.1455518181902918,1.0
-0.9684352507378484,-0.5533524555539857,-0.4267203605592702,-0.43401991724926403,0.05113223843549723,0.0
-0.9713080563085685,-0.5442719186009417,-0.432788496096507,-0.43914968512248476,-0.03550480053432184,1.0
-0.9025162807607204,-0.5464187609260371,-0.5530887174804743,-0.4834400709332482,0.3279990348029837,0.0
-0.9789367639916496,-0.5244910963690159,-0.4271058563453135,-0.44295917645487587,0.37970707517326413,0.0
-0.9713064252002163,-0.5451408559646265,-0.41257872412326696,-0.44554649333394825,-0.050882511392472685,1.0
-0.961593070351686,-0.5530091786464175,-0.4599867723620107,-0.444601224883518,0.13781629704227788,1.0
-0.769422633021213,-0.6722869209312573,-0.6737527855759847,-0.4903587653622969,-0.18914331670393175,1.0
-0.9860283469498106,-0.5223213387305653,-0.40946234068911125,-0.42616365920386423,0.28284813096677686,0.0
-0.9868396143772228,-0.5007108776905341,-0.3924354760537826,-0.4520288018691149,0.01637572815259626,1.0
-0.9420518258122531,-0.6171038795793548,-0.4909965119576318,-0.4379288442767111,-0.06179497884218363,1.0
-0.8590329173978923,-0.5162626074612909,-0.5969207128835335,-0.5122077548961592,0.30712070416708404,0.0
-0.9768126495838118,-0.5384369823488689,-0.4287182662811971,-0.4418117454187234,-0.011266342844243243,1.0
-0.8052408349054874,-0.652417803191867,-0.6561652659996386,-0.4360950363910861,0.1295995634973047,1.0
-0.9584326563383825,-0.5934111166714074,-0.4602040129451154,-0.4206016225872761,0.06821095460066798,0.0
-0.8535897911829302,-0.6196655635418606,-0.6510778158810827,-0.500108234021155,0.030602149512676063,1.0
-0.9253317163708937,-0.5277416321203159,-0.5085773474374767,-0.4629633453602865,0.4578518474277172,0.0
-0.9817896852042439,-0.5238016618540628,-0.4261667266968616,-0.4350748147018194,0.27698285856550264,0.0
-0.963757112639958,-0.5837749163204641,-0.4453045148421206,-0.41431163888921163,0.030506821217207505,1.0
-0.9864009784306642,-0.49946679054895055,-0.4202213270456748,-0.4500137479990949,0.2978922780898188,0.0
-0.9626064390112061,-0.5457350125036838,-0.4260151698310919,-0.4409731688871933,-0.10021812519497514,1.0
-0.8413572105206905,-0.7150383897137819,-0.4629738362835694,-0.4196395659724035,0.060856270235238326,1.0
-0.9719174698746366,-0.5378640740531327,-0.4180995245552473,-0.44979587566488977,-0.079503174189547,1.0
-0.960183930494309,-0.5745751524792134,-0.46975535814748437,-0.42633994927849045,0.3141769686833267,0.0
-0.9935309552263336,-0.4707790841259303,-0.36090760782796194,-0.4547858145344456,0.02827655715531195,1.0
-0.9471185479603301,-0.5956828429996048,-0.4800735622840794,-0.40491307242381713,0.19639242162222015,0.0
-0.9744268206716713,-0.5326700905617431,-0.4330262004035268,-0.4377309048886432,0.22701011674938187,0.0
-0.9412937181394715,-0.572109650923103,-0.49918085853209027,-0.448645905113171,0.10141227041898188,1.0
-0.5124853190073013,-0.8013296808148299,-0.05666651072448753,-0.3406833270869949,0.2942095350078897,1.0
-0.9644434130512058,-0.5345107341513452,-0.4684460596986663,-0.45791991954634725,0.03123125072478644,1.0
-0.9649791905749328,-0.554823894138633,-0.40876250034665484,-0.438362960994928,-0.24408295662095442,1.0
-0.948474517153497,-0.5315700341694611,-0.4558925946476197,-0.453508809622477,-0.08397654739499938,1.0
-0.8225700700904808,-0.581918839115992,-0.5817087278269477,-0.5159018587111781,-0.12420344210988718,1.0
-0.9062107041230087,-0.5697112379388988,-0.5523979366468321,-0.4817526266260619,-0.016431866801131262,1.0
-0.8968264040927502,-0.6685839305644625,-0.4217418196736735,-0.3976698062681854,0.25049765123475376,0.0
-0.9509555775886875,-0.5276435525373906,-0.4775798650522265,-0.4592982140300136,0.3685897074876285,0.0
-0.9739496391879047,-0.5322653594124372,-0.44740785261564076,-0.44357575968686414,0.2903836197331832,0.0
-0.8207827108989243,-0.5867926257259344,-0.7311193709666395,-0.5379111239428105,-0.10894858478006383,1.0
-0.9242743209064516,-0.5840200954015654,-0.4814394996762043,-0.4510101529759884,-0.25920668037856903,1.0
-0.952410082908717,-0.5779351629137205,-0.46017508611331925,-0.4435198494841691,-0.19140411800831048,1.0
-0.9242223864691225,-0.5296206905186984,-0.48665969035398554,-0.45169857521520623,-0.007349164252813858,1.0
-0.9716637277061964,-0.5376721257118978,-0.44142181894728855,-0.4405987319454027,0.217081988579365,0.0
-0.9557201089708385,-0.5531734900597147,-0.463613648967649,-0.4503999152225995,0.00401847401310898,1.0
-0.9433521205828237,-0.5562935283331056,-0.48454023288496373,-0.44827733723199314,0.30687709495174753,0.0
-0.9565640042580115,-0.5429345480516738,-0.47301158146378325,-0.4362538605343907,0.4287544316454788,0.0
-0.9814524010517253,-0.5154514030980377,-0.40646243536368243,-0.4397946199171653,0.2771008593693777,0.0
-0.9111970794598454,-0.49954988507189924,-0.4870853937221198,-0.4910028581910963,-0.09094519159766806,1.0
-0.9780366922723316,-0.5372374337243165,-0.4072420224930739,-0.43614781221315124,-0.019614933273099572,1.0
-0.8976849729162115,-0.6349101875848063,-0.5350327033796731,-0.45863614395733104,-0.28146181072232596,1.0
-0.8903438123360712,-0.5267021723210787,-0.5473426000884616,-0.5063659474489273,-0.01553137344627438,1.0
-0.9608504507673421,-0.5787171855793095,-0.4651212208915742,-0.4270459391355269,-0.06959856174530829,1.0
0.319407046450378,-0.05353936038849172,0.3779621539017949,-0.7821660217157451,-0.09799853766433544,1.0
-0.9342189494693269,-0.6125466665009867,-0.5120353774308191,-0.42876743126516426,0.3041538482670615,0.0
-0.8782814834055639,-0.5285077488407418,-0.5828623791862297,-0.48710062760285283,0.473314226870346,0.0
-0.9772809673164657,-0.5501090822597414,-0.37058988889409294,-0.4285871981369748,-0.15057785658185535,1.0
-0.9525937522757357,-0.5372920613395419,-0.43116190786971753,-0.45521526612129226,-0.21372420938597958,1.0
-0.966586206486566,-0.5107083887453003,-0.45043320372863166,-0.46266576745882676,0.19692653752990968,1.0
-0.9450904013654046,-0.5360657450449878,-0.5042177615645242,-0.47026295784238026,0.09501441834832884,1.0
-0.9718318056442227,-0.5552028809093391,-0.4042775136782264,-0.42657661959110216,-0.13546609373304577,1.0
-0.90820623660895,-0.5349422473921625,-0.5609803257185346,-0.47756187537309475,0.29474799871441215,0.0
-0.8873837239333292,-0.5528840165254085,-0.576668227258422,-0.48514862706011325,0.09950672869319811,1.0
-0.9311797443299017,-0.6384610757211673,-0.4875627018103839,-0.4078725098767368,0.15435070255492242,0.0
-0.9003244655367435,-0.5180207632720616,-0.5669034915584893,-0.505573314998789,0.14596877727704533,1.0
-0.532935656756366,-0.9339737613615584,0.03369086258259302,-0.11396161349249723,0.2733291475811683,1.0
-0.9514892049105563,-0.5978566357580678,-0.4452962349536169,-0.41363041409218365,0.09837669464479283,0.0
-0.9606631361058281,-0.5146255970208631,-0.4502758622659177,-0.47406225672552926,0.04947809688396654,1.0
-0.8270507510751011,-0.7487252070380597,-0.41402889427362616,-0.38726881868661567,-0.2126253196206046,1.0
-0.953565188306902,-0.5399050265044596,-0.5005718046773305,-0.4606188712244833,0.2877722982549298,0.0
-0.9650207459942781,-0.549752598958412,-0.4386619188147173,-0.4510878400853996,-0.10611292712692758,1.0
-0.9644182964634797,-0.5543191711381285,-0.42485118662595234,-0.4465223343374043,-0.12333800172272721,1.0
-0.9799541407237229,-0.5348233105718302,-0.4006821691324679,-0.43637144415046103,-0.005653727309796602,1.0
-0.9373081057925907,-0.6239835795811379,-0.46206338142889836,-0.4304783664824138,-0.3512913380765912,1.0
-0.8954949838622023,-0.6168572663571898,-0.5560927270717443,-0.4635467945518015,-0.16479370239151458,1.0
-0.9516079744355916,-0.5681002622478657,-0.49291470176455415,-0.4333045352001466,0.3979641102932002,0.0
-0.8517422546463389,-0.610684694365434,-0.5715034954342149,-0.47405687763292825,-0.1387967058158765,1.0
-0.8144130841043297,-0.7336156580807927,-0.4895648295676056,-0.41137144234264317,-0.08847967393649037,1.0
-0.9409651852013141,-0.6395786501813572,-0.4575341278119732,-0.42428100430425963,-0.393961373237603,1.0
-0.9359549796288252,-0.5312330807130596,-0.47554213081056407,-0.4653800107548744,0.016520168020531995,1.0
-0.7172782737398746,-0.6435302317120866,-0.6599499769805975,-0.48512140943579357,-0.03047885888844576,1.0
-0.9474693904491821,-0.5977672280946207,-0.4798851145405974,-0.4088327511084534,0.3585956665820858,0.0
-0.9399991783957624,-0.5390911403620964,-0.4398250567948956,-0.46346038630406877,-0.23253601132883245,1.0
-0.8797562967770612,-0.671133551594764,-0.5450828393289552,-0.38463574330790606,0.166584951735612,0.0
-0.9328627270437088,-0.5634027787265699,-0.5178655369127324,-0.47267116635317374,0.014666327503000676,1.0
-0.97226499536827,-0.5422986082686115,-0.42851909029994323,-0.4344957716905973,0.18828705982406801,0.0
-0.9909486234322571,-0.47963078881788884,-0.3895855131453391,-0.4565092708221966,0.27626491618354754,0.0
-0.9243762846028102,-0.6120590376848891,-0.5320933120724333,-0.42701873729242845,0.2980652660806589,0.0
-0.7669193983670908,-0.6232500003746271,-0.7174441752255859,-0.5443611634548225,-0.023362172440547224,1.0
-0.9372803910770346,-0.6012057718172894,-0.4817745652585049,-0.44234171504116365,-0.16082062196160724,1.0
-0.9491978211771352,-0.6031916374343029,-0.4609842469582735,-0.4252605299627722,-0.2732473501865774,1.0
-0.9811341350029497,-0.5113591715590159,-0.40065595633458373,-0.45033987987546703,0.008081867407625662,1.0
-0.5295354110140318,-0.5452648650783832,-0.8093050105269595,-0.5187641522041435,0.0404625745480077,1.0
-0.9600402979501557,-0.5340407420244672,-0.439929284267943,-0.4629651714263879,-0.13496593505844307,1.0
-0.9799323533897419,-0.5535449856649505,-0.37572761971599977,-0.41207065791722947,0.06305984355372228,0.0
-0.9300895256357995,-0.6259007912230946,-0.5172799597527135,-0.3947484113639779,0.2899385513500135,0.0
-0.852104436437897,-0.5813386392712552,-0.6702138524561685,-0.5174710491287217,-0.0612843659412218,1.0
-0.984064236814397,-0.5033611243486921,-0.3992499829899582,-0.45336536406312206,0.05849598376715014,1.0
-0.9808767281698255,-0.4749700616908337,-0.3983881355381649,-0.4696217188150698,0.030637870072618104,1.0
-0.8606308527424519,-0.709955384679252,-0.41691353519215035,-0.45016338413314716,-0.3609373887932464,1.0
-0.9874714523832627,-0.5185837536005685,-0.3876277709849518,-0.430829103191142,0.06299870197241308,1.0
-0.9417811213906032,-0.591222051877556,-0.46109179666688155,-0.4398495629742544,-0.2558773731945441,1.0
-0.9479217863071385,-0.5950502439770958,-0.5071741685647595,-0.42532354640682174,0.3737027253925343,0.0
-0.9894756089720113,-0.4834920009877759,-0.4054222831486234,-0.4557613679231978,0.38826147487078144,0.0
-0.9398742097674134,-0.5981299921132287,-0.49302715019315935,-0.44501436009540124,-0.13430107884824347,1.0
-0.9282101336598146,-0.5454438688564106,-0.4953593205625755,-0.4790746133080471,-0.15197677893608236,1.0
-0.9649930053532292,-0.5687343335660022,-0.4312243622170687,-0.43891034229265585,-0.12815634547458898,1.0
-0.9867621058551133,-0.4861184590147402,-0.4003831118392957,-0.46278178919275226,0.1368288794297428,1.0
-0.9486604378144456,-0.5846591410685062,-0.5069196201478001,-0.4475698900854122,0.011879119888240447,1.0
-0.9747113383737358,-0.5596619050345553,-0.44249104776733217,-0.4183027187983254,0.15302267217730034,0.0
-0.9598971169195504,-0.5458250257539685,-0.4740536349181379,-0.45825573844407874,-0.009808500436822895,1.0
-0.9876996717528801,-0.48699341078244035,-0.39928053592107493,-0.44589399438452637,0.37883659153509974,0.0
-0.44524642147967236,-0.5579791851342693,0.09640987558375602,-0.6190315030641049,-0.23314242072530988,1.0
-0.9556739791206421,-0.5556920754334967,-0.49144826377726913,-0.4450582170718088,0.3141813528702906,0.0
-0.9865304298669998,-0.5042809600030406,-0.40075856538885846,-0.4495411708563389,0.16541229219259435,0.0
-0.9345137127098481,-0.5961978973711558,-0.5108061651765038,-0.4446953898917419,0.2317679426004726,0.0
-0.9595325314060006,-0.5601015264701477,-0.4456380329242569,-0.439289527181988,0.1978717967894758,0.0
-0.981778570318649,-0.5163209995207718,-0.386995649425428,-0.4356346133312744,-0.006631991451445399,1.0
-0.968166274341753,-0.5551120822535799,-0.45124171690699605,-0.4402735323733551,0.020418184097218336,1.0
-0.9759308579864461,-0.5571608721770617,-0.4102453258957942,-0.41475544786405144,0.1874029538684489,0.0
-0.5579411344536067,-0.7087329284626365,-0.6431056435829254,-0.46146824145162574,0.6541299433573909,0.0
-0.9833499104114618,-0.5392111461138289,-0.40115191939270267,-0.43680598451432395,-0.10705605293113565,1.0
-0.9499386520734387,-0.6342403953319362,-0.47731057228658363,-0.4045916167439089,0.16575779791881795,0.0
-0.9532336514725035,-0.5799066583662176,-0.45369776419933827,-0.42841811660809787,0.21269516401940217,0.0
-0.9892573194318145,-0.48619378083936865,-0.4015760517533776,-0.45268802467290553,0.301285546324028,0.0
-0.674378629124186,-0.5071466645476987,-0.5921377575014859,-0.5611131339168609,-0.09878731006974731,1.0
-0.8982875208400931,-0.5334402165216066,-0.544306814768385,-0.4881593802524733,0.143673115731815,1.0
-0.9726350286792489,-0.5492542775324338,-0.43194897928585774,-0.4373808787403764,-0.022853842188117007,1.0
-0.9613087366990792,-0.5438518888153264,-0.4535815134865455,-0.4559294283814895,-0.06150743912209655,1.0
-0.9434846534221852,-0.6190430636548674,-0.4944443893068963,-0.41809057735304156,0.23251411891898763,0.0
-0.9246550533872525,-0.6593244953166347,-0.4643395184723417,-0.41813536898943604,-0.18127877509648227,0.0
-0.9181712476302251,-0.6324636622501124,-0.5004524709047041,-0.44330055755456477,-0.2693469343570096,1.0
-0.976074309209272,-0.5254969600240941,-0.42240356169428583,-0.4549313839440946,-0.06737159399411702,1.0
-0.8473115864677252,-0.645162653402329,-0.6023287649470511,-0.4510064942035312,0.38083048251783275,0.0
-0.9845738520016094,-0.516606531345017,-0.41396214462649406,-0.43226056551753267,0.3095285370651702,0.0
-0.9769996314414174,-0.46251565983295406,-0.4083447020969657,-0.4785317703359244,0.06826479168050882,1.0
-0.8775294752384758,-0.521906764129553,-0.6533481817493506,-0.5233866242845449,0.3787938628186187,0.0
-0.8928622068255263,-0.593649001601079,-0.616134689343215,-0.48534030485339485,0.061104306215758415,1.0
-0.9833940017580642,-0.47864424674931283,-0.38386295387104796,-0.4596979436805928,0.10291463613949309,1.0
-0.9449493493588528,-0.5774580717868836,-0.45650682236621853,-0.44933021187065775,-0.25306901617905553,1.0
-0.9441475805909204,-0.6031563926672695,-0.5286782146698411,-0.43143541808932345,0.3735274418302274,0.0
-0.9820461080031367,-0.5023164947729706,-0.42504717817702664,-0.45515230631411685,0.29264894559462995,0.0
-0.8822008949203606,-0.6975959916727884,-0.5660532493013604,-0.43989473981317834,0.07710453665199371,0.0
-0.966691492661473,-0.5635146334882302,-0.4577673301748041,-0.4306550441056401,0.2634039525938148,0.0
-0.876014774102479,-0.606882491285696,-0.5690645705981674,-0.468692556674303,-0.07351234990103184,1.0
-0.9243476489253715,-0.6361733295645774,-0.495723040836275,-0.42573243088458146,0.11680172373308599,0.0
-0.9473370218664763,-0.6181338804389007,-0.4410920900210564,-0.42872635211214694,-0.36207728205100204,1.0
-0.9308240504151118,-0.5755911157489303,-0.5035490276334457,-0.4638019542307802,-0.16870725618661503,1.0
-0.8768958710741517,-0.5781075618702665,-0.621503033595844,-0.4879655402558253,0.0808600344092522,1.0
-0.9826183972277083,-0.5007357790864685,-0.4070326551168629,-0.45559164848846423,0.0498054958181441,1.0
-0.986263262775985,-0.5391270837528348,-0.4017476276151301,-0.4156233831352803,0.29203437462256576,0.0
-0.9547318277305894,-0.5599620603325429,-0.46423007972358415,-0.45624091120379767,-0.14499198744743344,1.0
-0.9617963261883992,-0.5616028876307168,-0.4545004664640427,-0.44554709693033623,-0.04154528778965691,1.0
-0.9722391813110589,-0.5783307444687479,-0.41654008014906874,-0.39990597386099147,0.23005501046818674,0.0
-0.9689779891680234,-0.5163235283159017,-0.4539055916047103,-0.4410579647689575,0.5004391377206705,0.0
-0.9435938614647661,-0.6097506691460922,-0.46344765332203963,-0.4322476418784656,-0.3128831959938327,1.0
-0.9766656120817493,-0.5046634890718197,-0.4249703390792238,-0.4619627235521458,0.007537735324372283,1.0
-0.9785729997506781,-0.49808732924022625,-0.4151716173083887,-0.46551108472308605,-0.056461563387268765,1.0
-0.9864290064659343,-0.49386956032997903,-0.40359226394440595,-0.4555180855504331,0.15130849350748288,1.0
-0.9681320051250494,-0.5064076192867633,-0.4389219334380662,-0.4651358350655626,0.023106049424616346,1.0
-0.9789214161931191,-0.5551368152566012,-0.42299731694521664,-0.4133747290034883,0.3339382288542412,0.0
-0.9469805925425431,-0.5166064351108269,-0.49570407013760953,-0.468051138227761,0.35017296571364,0.0
-0.9283935528343135,-0.6127873551670142,-0.47529246749802956,-0.4462993561938324,-0.3094772748542482,1.0
-0.9814358116134408,-0.5121247012783198,-0.40190827943546564,-0.44294144739098684,0.13826968518976646,1.0
-0.9783708306097297,-0.48670787486862044,-0.43082628569795645,-0.45469627136779855,0.356099718570189,0.0
-0.9554221718864906,-0.6162038901795959,-0.43146875179049027,-0.4076995812900107,-0.32125247494580056,1.0
-0.8515637584815227,-0.6080735861730945,-0.6234343586940105,-0.490981934682348,0.019597682210564252,1.0
-0.7799965253776358,-0.6563256977422935,-0.6761678445285648,-0.4567954111254251,0.04409480896157052,1.0
-0.9713663975381117,-0.5474245006808106,-0.45623703918892317,-0.427354316477946,0.19724062193527997,1.0
-0.9868838741627197,-0.4950856248949157,-0.4090642611041848,-0.4468654886869457,0.30922050341003776,0.0
-0.6699853750381581,-0.576644450654965,-0.7999451802688374,-0.5206233852559317,0.23441944176942692,0.0
-0.9763617379031413,-0.5109093301356091,-0.4242582017559782,-0.45436213115205326,0.06446496276802935,1.0
-0.9713459483757563,-0.504431121927657,-0.41746911396014275,-0.4695220220554236,-0.08940421656985176,1.0
-0.9314035282093587,-0.6399672168703359,-0.49079670573679723,-0.42524169228391395,0.10193544723345964,0.0
-0.9833593738414512,-0.5402392881733181,-0.41264778949392006,-0.4197994481217974,0.3260443406341059,0.0
-0.8393698491397131,-0.6018804435168128,-0.47519686019173657,-0.3771810166191273,-0.14519735268711736,1.0
-0.9040962182514674,-0.6252118342790771,-0.5940632716213335,-0.4569402693364073,-0.06931082207089473,1.0
-0.9660996133687464,-0.5290351779071308,-0.4643648221770644,-0.4447339753895158,0.41109294162839,0.0
-0.9445876476614508,-0.5613329371582789,-0.45167822301041355,-0.4586200671908249,-0.22851368923808463,1.0
-0.7249078372322737,-0.63248432585589,-0.643488580284518,-0.5155363028856409,-0.1610063218490086,1.0
-0.9550654980819505,-0.5717203686614971,-0.4806765706804137,-0.4231413641191371,0.43674531992849086,0.0
-0.9752114897364879,-0.527438160363118,-0.39071967766031135,-0.4504574499410936,-0.07194965162710901,1.0
-0.871608782105082,-0.6453178374091776,-0.5827809856747156,-0.4595737971485572,0.26388255943317207,0.0
-0.9254437170879171,-0.5151821142161837,-0.5354911226626513,-0.4986780914771177,0.07368251489379482,1.0
-0.95762951364048,-0.5542534293661037,-0.4933973251958587,-0.4464863092864978,0.33104456222134854,0.0
-0.9675039288677387,-0.5564833861252828,-0.4132780287440371,-0.43762305185989653,-0.14221469606193027,1.0
-0.9600597682328268,-0.4914180037838293,-0.45501024952372954,-0.4733776499536874,0.38860473853886557,0.0
-0.936315154928047,-0.5445405517272939,-0.48993974650536193,-0.4562057767897522,0.0456381058614322,1.0
-0.8887585722645882,-0.5396863450421654,-0.5986215786600553,-0.4869711690305968,0.44346430559162475,0.0
-0.9845193117437985,-0.5173545054341767,-0.40214309112919383,-0.43482153471318835,0.18958113884562555,0.0
-0.952229670094317,-0.5925225347797597,-0.4536174180592205,-0.4317726469618528,-0.1279531733727064,1.0
-0.9582399361697356,-0.5297641302562368,-0.4482321825250291,-0.4603438634707626,-0.04435429822226453,1.0
-0.8051339318311393,-0.6165716591450796,-0.6575510134953694,-0.4585283457354598,0.4194001430959474,0.0
-0.9376750079011876,-0.607582765759805,-0.48727748233571133,-0.4365088209032504,-0.15279367373850689,1.0
-0.8350565743656357,-0.6126310805858535,-0.5957076598396291,-0.4696853975742675,-0.0027957682560530717,1.0
-0.9584167417129521,-0.532093809525164,-0.4616136972831858,-0.4697185422984264,0.04302484244501828,1.0
-0.952971255136123,-0.5477313671176133,-0.4466739525677062,-0.4592182138590376,-0.1736632161985363,1.0
-0.9035227965665961,-0.6442533855650375,-0.5695312042778922,-0.45543354400470076,-0.11028975166603186,1.0
-0.9291944462776466,-0.6174243737900614,-0.5109818672270258,-0.41347402719912907,0.3494885858482304,0.0
-0.9460051900370665,-0.5591900754644674,-0.47143977793534697,-0.4574761229683018,-0.06555399966580788,1.0
-0.9750307698859644,-0.540463708037627,-0.42688459834640596,-0.4323564558456427,0.21570942383838126,0.0
-0.8129724092063394,-0.6421267321119275,-0.6725482357077793,-0.44769683636418145,0.3941816066341616,0.0
-0.9731371360925867,-0.5321299552985155,-0.41113062290594704,-0.45175876849813107,-0.12573612022820604,1.0
-0.9601315246855506,-0.5070451630613507,-0.4267200536773074,-0.4710011845230231,-0.10584062570585118,1.0
-0.9829122332351828,-0.5027916500566676,-0.4002376807943985,-0.437322332229826,0.3403981831937679,0.0
-0.983371009191658,-0.5162479354051333,-0.3963140076277608,-0.4406562884378602,0.1824361691967858,0.0
-0.9060203595938171,-0.6210238553869322,-0.5560424944873033,-0.45831750168455965,0.005977653886235279,1.0
-0.8431563274829628,-0.6234903259730253,-0.5637190023408317,-0.4695553492884941,-0.13169918932007746,1.0
-0.8766731412398784,-0.5500784545185627,-0.5468230337087759,-0.471957761767279,0.3245143287653097,0.0
-0.947773082986562,-0.614118906000367,-0.45365096694180423,-0.42825544004363486,-0.32742705656074383,1.0
-0.8843498132790945,-0.6835676997230034,-0.5480139663011868,-0.395295948569102,0.30162966791871754,0.0
-0.9773204580349361,-0.5097924939440741,-0.4176773990812907,-0.45341745658172655,0.03838572873968581,1.0
-0.553211204270038,-0.8626870762693721,0.01623400160446148,-0.4489160708886665,0.7960600490449097,0.0
-0.9877437940870006,-0.4913993695097984,-0.38254184282687,-0.45295044298656223,0.10161858616561614,1.0
-0.9725547058258568,-0.5295138637483996,-0.4173790003650968,-0.4401214486690026,-0.03274932440315392,1.0
-0.6252479966623901,-0.5250217060637745,-0.5549788474211758,-0.5246589883014805,-0.1502277271560029,1.0
-0.8147207101336111,-0.6937375330531805,-0.48575312763642636,-0.4660270618673749,-0.2696880783862209,1.0
-0.9540307001397152,-0.5666894053096689,-0.4537057424828471,-0.4482739501663773,-0.2048267517585048,1.0
-0.9884441119411401,-0.508141434169043,-0.37997711684061347,-0.439987419195674,-0.021795461643126388,1.0
-0.9480759344966854,-0.577186712614717,-0.4533029347942145,-0.44592281444834897,-0.29535320287357836,1.0
-0.9745000895249487,-0.5651703767817637,-0.406644842535998,-0.41492288915823394,0.0699648145198564,0.0
-0.9757966678029425,-0.5351232653009897,-0.4401458390536672,-0.4356191591914266,0.2727830189371274,0.0
-0.966515580989571,-0.5536509427339795,-0.44827611992479893,-0.44286796644426146,-0.16699284358594263,1.0
-0.9545967022262171,-0.6131433696048151,-0.46491735347165913,-0.4030427824486999,0.24162212495386257,0.0
-0.9887622525123716,-0.500204584584129,-0.3904536922159827,-0.4455980828482376,0.09856527712610282,1.0
-0.907240309875396,-0.603432096894072,-0.538697763152376,-0.4566584957837264,-0.042266259002029155,1.0
-0.9673973291572694,-0.5738322398695923,-0.45595726561764155,-0.4150277028562809,0.22334722426023795,0.0
-0.9734188825116021,-0.5164246334259546,-0.4394425123764718,-0.4597044499036313,0.10951960724161475,1.0
-0.9676511415816875,-0.5387826444591586,-0.4417934628442597,-0.4517315940999734,-0.11753862262814074,1.0
-0.9764286284206324,-0.5314140947374333,-0.41302786152723386,-0.43654182303584893,0.16935218633478055,0.0
-0.9832708710754878,-0.4920245472514732,-0.38033160196496796,-0.45610991525851147,0.01413920293266939,1.0
-0.9793725110040893,-0.5242939740602529,-0.38212276444730525,-0.42741774727872545,0.19167870957509067,0.0
-0.9771900255476151,-0.502467610219732,-0.4148613400001847,-0.4562834885589138,0.02516316307071996,1.0
-0.8797823184119105,-0.62197114174762,-0.5844733315076858,-0.4410016186735987,0.32266599613408686,0.0
-0.9477176104609457,-0.5039974995834987,-0.4663451051975488,-0.4656523261642873,0.3664935302261632,0.0
-0.9636820025580897,-0.5399299211033107,-0.454973570686482,-0.43651162694711204,0.35650337372913726,0.0
-0.9662151234309754,-0.5624233067731343,-0.44008325690474565,-0.4235424970208191,0.25933896723291416,0.0
-0.9297248462522971,-0.5501784155260516,-0.5108748898998525,-0.46610107535624573,0.020428445024934155,1.0
-0.8616116040680676,-0.6203186159127569,-0.5643987148609155,-0.4582453894470213,-0.12526163759089834,1.0
-0.9687261992029014,-0.5493372243186456,-0.4505042588224154,-0.44325723923849525,0.1811761612666056,0.0
-0.9845009786155938,-0.502808682216302,-0.39845010683616,-0.4400722799967295,0.3445113252490056,0.0
-0.9767217820340501,-0.5060720997809112,-0.4271256139913795,-0.4459506381184616,0.2623265227036724,0.0
-0.9231949387015149,-0.6456832906860848,-0.5097992062799727,-0.39153094831163404,0.15218136388222814,0.0
-0.9631742483728774,-0.5526920183137487,-0.4765488311777199,-0.43762220693993603,0.33864831741364765,0.0
-0.9312312986996487,-0.6343532004404189,-0.5133384934797066,-0.4160804733252935,0.23515975156084273,0.0
-0.8043944823173637,-0.6701308095594124,-0.6421719041200049,-0.4078597264311095,0.3292333645527198,0.0
-0.9733649380701146,-0.583994253453788,-0.4213157989519771,-0.4030828431026518,0.17663800433800525,0.0
-0.8384985351839347,-0.6739639664704082,-0.5623274302877838,-0.44814060011128065,-0.10663564659857322,1.0
-0.9539861533072864,-0.5136864441584506,-0.47209507289996805,-0.46617002065130964,0.06845832485927072,1.0
-0.9533966309350171,-0.5461815916903949,-0.4685342275649871,-0.4549896762147069,0.02523932312123532,1.0
-0.9611604072799727,-0.49895458177917335,-0.44061905407222635,-0.47534507935128556,0.035851159494950685,1.0
-0.964994016544363,-0.5276844814185887,-0.4416116436018372,-0.4709380187015926,-0.06120858682910765,1.0
-0.946793802541106,-0.5960333949524839,-0.45918041154123296,-0.43750740059459065,-0.2503705977553211,1.0
-0.8491909863014354,-0.5476201808976582,-0.6258824197515577,-0.49305249807085955,0.47747838606762705,0.0
-0.9890911285884691,-0.493133902050731,-0.386353770979526,-0.4509829425162835,0.032075536964805626,1.0
-0.6558027718601827,-0.6781793975957389,-0.28774015786178986,-0.6242677299178993,-0.3251666680631479,1.0
-0.9572522958339619,-0.5756475230860487,-0.4388900556155533,-0.44134500892569,-0.2548510572317632,1.0
-0.9327667116239695,-0.5550720481075193,-0.5346901816864519,-0.457124956184596,0.44777524397521234,0.0
-0.9664734597073826,-0.5580443747313338,-0.4585119090576419,-0.42718639696477445,0.2784857224005412,0.0
-0.95873586006469,-0.571559675800022,-0.47331793704145914,-0.42374569293492337,0.27948114482090014,0.0
-0.9863235577816998,-0.5089387944099829,-0.401919642083341,-0.442675735703807,0.1953533455332898,0.0
-0.9821358634915549,-0.4947756003448863,-0.40378074444527035,-0.4610775492223215,0.06206249236694585,1.0
-0.948932804234505,-0.6133028563833318,-0.4583704330003156,-0.4284484877993206,-0.05562756044698064,1.0
-0.8497993933838668,-0.6649812683941544,-0.5589171955932744,-0.4431117885204389,-0.05989400714923482,1.0
-0.9368912778359798,-0.5500921931444384,-0.4737021640518457,-0.4683562891586337,-0.17376290310604003,1.0
-0.8156580422171817,-0.5964537926801532,-0.6465430634751536,-0.45963042709144425,0.3895433140481265,0.0
-0.8416447990558202,-0.6537869859844428,-0.600254428241007,-0.44212276381314664,0.4510986517455976,0.0
-0.8902999736267142,-0.6457249385026451,-0.46199245195150607,-0.45411461153918653,-0.3119699315706808,1.0
-0.9877569895585547,-0.503112691369834,-0.3919070201097401,-0.4401151299437768,0.1304490255911539,1.0
-0.8681855546928307,-0.5933812804555827,-0.6025193890900193,-0.5097350394790043,-0.04128253675200605,1.0
-0.9425446550018591,-0.5593931146942439,-0.5106384122305371,-0.4451496329384331,0.38308536545379296,0.0
-0.48978703380232597,-0.5147824604160083,-0.8226386721728168,-0.6135904922117013,-0.1452570551313738,1.0
-0.8367402351346966,-0.7527623186423372,-0.4125780069830346,-0.43169197602759124,-0.3110343135633232,1.0
-0.9052316005539851,-0.5818330845480092,-0.5700909128798879,-0.45099408210651143,0.4034656444954253,0.0
-0.769603252837352,-0.7122739966674252,-0.497397702675807,-0.48826631785359725,-0.3048880724384707,1.0
-0.9754188466359648,-0.5503628538060636,-0.4325597768010442,-0.4208966619386014,0.35103715212096753,0.0
-0.9401283956255676,-0.5946022904980831,-0.4978251237445143,-0.4389172683213405,0.15124822406697544,0.0
-0.9925889376752255,-0.4735735282297926,-0.36609100314631027,-0.45936275480672434,-0.0003594101880977224,1.0
-0.9654201391912515,-0.5628808820928549,-0.44173183074433664,-0.4106618894708333,0.22069697913474912,0.0
-0.8454786734934305,-0.599027246754866,-0.6427089180094976,-0.45497835722596264,0.4636165743600534,0.0
-0.9576009764425101,-0.5258711286386327,-0.4599918225062079,-0.45135568466388165,0.43725188414468263,0.0
-0.7419397755734415,-0.47055474001394026,-0.6554238724250581,-0.5428297337411011,0.29268636117753866,0.0
-0.9443171531979204,-0.5566188488153605,-0.5264091096106712,-0.45251994296357906,0.36439513653734185,0.0
0.03358297006926558,-0.6418598969993555,0.47419090923949103,-0.8202417841701691,0.6162966223963634,1.0
-0.8756540580366649,-0.6365554903130317,-0.5972981600332334,-0.4529179930653739,0.32650663283593606,0.0
-0.941745906783332,-0.5711548731439957,-0.46777106601882207,-0.44145922903838475,0.320724571713133,0.0
-0.9839841054169034,-0.49785662992260576,-0.40170802344900464,-0.45919087736696745,0.029906163359478405,1.0
-0.9621186136710747,-0.5677654344232842,-0.4796420920655533,-0.43603323591991655,0.3354270864390164,0.0
-0.9081503939797154,-0.6475228811043947,-0.5081551837849494,-0.3968266582985495,0.12787438736800072,0.0
-0.9406460371969025,-0.5049395120864826,-0.4832967477825457,-0.4908163969638354,0.0003187415508374841,1.0
-0.9824016332696104,-0.49955671046173816,-0.3946181559733094,-0.45661770369599813,0.05055512779170601,1.0
-0.9878706052609187,-0.49013633309747684,-0.39598909501339535,-0.4553173735577955,0.03456007314680415,1.0
-0.6476754962278551,-0.6321181616674345,-0.6327107653026345,-0.49788346007945733,0.039012596503005814,1.0
-0.9377536908020017,-0.6511808676612665,-0.46570979479466196,-0.40067310197054357,0.12842008869015767,0.0
-0.9560165207408534,-0.5422989915360892,-0.46804706615919955,-0.4465342292869064,0.34930540062310983,0.0
-0.9617378679422077,-0.5007814841355904,-0.46148029415112213,-0.46672865299853744,0.391827193768109,0.0
-0.9154551028280835,-0.6137364281026008,-0.5011574307092499,-0.45491668096111093,-0.3163858075972578,1.0
-0.9702808966137966,-0.4899721456249029,-0.4227547019741436,-0.48589347552150447,-0.0014609745608372138,1.0
-0.8592010124084191,-0.6494533766594452,-0.5729160558853106,-0.44108593521573825,-0.10631612678827976,1.0
-0.9376224556289227,-0.5984399774264182,-0.4703976044466582,-0.4449061457625421,-0.22237187042172057,1.0
-0.857917324117226,-0.4946895400092695,-0.5807312552753615,-0.5065009819135748,0.12509903887842005,1.0
-0.9691650834123205,-0.4786973320346699,-0.43853665179328255,-0.4759029867834539,0.07596150549490362,1.0
-0.7381255046903223,-0.565852654043726,-0.5172729476537572,-0.4770313576553582,-0.13668376101452323,1.0
-0.9581912224524749,-0.5829250360925613,-0.4210612592716666,-0.42791108860215266,-0.23695529232132712,1.0
-0.7367397091822192,-0.7188903513345211,-0.6278401694798379,-0.4097854247497582,0.4396187155071771,0.0
-0.8165925803963181,-0.529465042751495,-0.6769008645731384,-0.5208531748011272,0.3345775720937113,0.0
-0.8348568542114974,-0.561779460660608,-0.647270798189962,-0.5272782694321578,-0.08217929437284463,1.0
-0.959227404112393,-0.5283443667241229,-0.44044871189484774,-0.4551909668371921,0.026402493915441222,1.0
-0.9068895837701925,-0.6057154874991135,-0.5885388551376969,-0.43440102307996536,0.35141754504570843,0.0
-0.9713439530748978,-0.531706203017138,-0.42086783504035963,-0.45275685434330365,-0.09077224122383962,1.0
-0.9606972949191065,-0.5648905359668588,-0.4456224703699653,-0.4365447868846555,-0.07277903301398708,1.0
-0.9333836733263444,-0.5328338499448222,-0.5110253515627904,-0.4691239306577488,0.27447550857032793,0.0
-0.953233561203139,-0.5935150698879108,-0.4498612495876034,-0.419619512045726,-0.13336399526264162,1.0
-0.9262693261946885,-0.5888872369932472,-0.5294592434155789,-0.4375155576484289,0.4310431059429897,0.0
-0.9657963750126191,-0.5339027627709515,-0.4638887326770269,-0.4512016805296789,0.1494822912121953,1.0
-0.9594683547989087,-0.5104790535224283,-0.46131299516126884,-0.45982861322901764,0.3558767263859088,0.0
-0.8960602344787216,-0.5798705050282876,-0.6107075467655777,-0.46157429119549076,0.18734562883719025,1.0
-0.8654418646968169,-0.5641161051593023,-0.6311982227047038,-0.487229369845849,0.3215666445889757,0.0
-0.9572168516728673,-0.5658417098328182,-0.4722079865641059,-0.44416222446005676,0.08082990779512628,0.0
-0.9585297446819848,-0.5991287030832751,-0.452815503494326,-0.40861320654119426,0.29548930648441013,0.0
-0.9697334210918502,-0.5480668346272424,-0.44355134506724203,-0.4456928950346473,-0.12764032899449898,1.0
-0.9710630576881323,-0.5521342116073787,-0.43621275802004955,-0.4365328492741273,0.043455917731216556,0.0
-0.9746195254111478,-0.5434198385630653,-0.4331126127822634,-0.4310383136368354,0.2522967880073015,0.0
-0.967021410007903,-0.5254064326673706,-0.42475285882450536,-0.46006091421764783,-0.18542713150109963,1.0
-0.9692786983687209,-0.5797421476660409,-0.44212780726491563,-0.40962826237821215,0.16361908173137374,0.0
-0.739133713672253,-0.6823383214953891,-0.5854413136556225,-0.4190813088624401,0.36798734851747533,0.0
-0.9665885638853983,-0.5647772703189199,-0.42631394461087313,-0.43667054691631746,-0.19906040862098234,1.0
-0.9451395266948384,-0.5870330535265464,-0.4699074358454828,-0.44383660980848766,-0.2358537063495888,1.0
-0.7864791519990744,-0.7534282491438355,-0.471269886543942,-0.43390830205200115,0.2711139029670475,0.0
-0.8518346785395283,-0.5359876396912959,-0.5858768290974586,-0.5262237011329836,-0.12907918278631214,1.0
-0.9875058077716993,-0.5103744887583396,-0.411632490189348,-0.4399243178362713,0.32548302210727603,0.0
-0.9843154285554417,-0.5105247030135626,-0.39625767273279366,-0.44501338814745856,0.014658428051517472,1.0
-0.7956010983322973,-0.6884524160243641,-0.48790346415531327,-0.4470242145041154,0.3798235220160103,0.0
-0.9199887983687113,-0.5360024505747913,-0.5198477772382063,-0.5021237092484022,-0.13145915684831083,1.0
-0.9231563180848256,-0.5882861824315184,-0.5308275861862891,-0.47239059569136155,-0.15081339099438035,1.0
-0.9747105686706973,-0.5430303381257532,-0.4285907352057711,-0.43687280801034883,0.11193605705549184,0.0
-0.9866589771349101,-0.49335332543076965,-0.39540673115144426,-0.44562690104989816,0.1216908841890945,1.0
-0.9880696649837262,-0.497427314450834,-0.37810682102267745,-0.4458730287942082,-0.016912623898950194,1.0
-0.8961232212950982,-0.5524517082734213,-0.6092059819804247,-0.5028834612232265,0.10605899365040146,1.0
-0.9242108849290622,-0.5898011693673632,-0.4774660587233584,-0.4687916126029962,-0.2404126796158722,1.0
-0.9433783416878105,-0.5298721617852502,-0.499093685549934,-0.4707724895030226,0.35489840647737025,0.0
-0.9809708624292779,-0.49942753922877636,-0.4126193973107197,-0.4613737837309405,-0.05294889461506386,1.0
-0.8011924626511984,-0.5606292421987682,-0.7166507957273678,-0.5149466363939517,0.3749842787049966,0.0
-0.9702249141804629,-0.5497064264321051,-0.44240735488783944,-0.4382355718499959,0.24289957657350714,0.0
-0.8778227081344218,-0.6695292256992847,-0.4893736680179803,-0.39839855251654555,0.22233256842602725,0.0
-0.9337263879461289,-0.5653847516717994,-0.5530449052663565,-0.45563747168232455,0.26420641800088657,0.0
-0.9488260675195441,-0.6101359079177738,-0.47862267926132185,-0.40808338899827257,0.3148964999580861,0.0
-0.9557908317870303,-0.5701695739967586,-0.5044478139469779,-0.4348699748556172,0.3300529699081597,0.0
-0.9511571992142659,-0.5963750078234419,-0.46779207480325263,-0.42437294868718095,-0.09604102637423179,1.0
-0.9660267831465963,-0.5367314688068434,-0.43899961405333904,-0.44689219188848295,-0.03144729542571842,1.0
-0.9808712748701117,-0.5152995849695913,-0.4174534667192346,-0.43697924361346197,0.30268156932739015,0.0
-0.972954190075125,-0.547937326829787,-0.4191918880117731,-0.43736727117141283,0.029029295589954887,0.0
-0.9367621754147786,-0.6186630502564464,-0.5052298707587082,-0.4141971459981211,0.25558201511271095,0.0
-0.8624172593558523,-0.6830176804314778,-0.5891568507021556,-0.420149076305005,0.28591281589770284,0.0
-0.9287363394725943,-0.6167939365058436,-0.4661378657661971,-0.4394882453459978,-0.2762745800808478,1.0
-0.8763950917351624,-0.7120355044012754,-0.5597167697858658,-0.3897933222661974,0.17692060196440534,0.0
-0.8399883832534041,-0.7036828299724956,-0.5540225690570125,-0.39151323942366895,0.3930234590038897,0.0
-0.9456549663241093,-0.5697853769990365,-0.47541905974697063,-0.4466157455941084,-0.036172196829295844,1.0
-0.9726427256905446,-0.5082110834769784,-0.4136461469096102,-0.4601422133444124,0.02131366054578472,1.0
-0.952157774221733,-0.5935457829317595,-0.47876826393371835,-0.4387741500747981,-0.029712977008916147,1.0
-0.8680881725296969,-0.6284516699282753,-0.5554471911850566,-0.4564306926621055,-0.07051710877335388,1.0
-0.9582582938879399,-0.5736585176933027,-0.4329707257851983,-0.4418427813468308,-0.2725040041347309,1.0
-0.9446166966113525,-0.5638011574909031,-0.49637219535924054,-0.43200980934877414,0.25829454077653724,0.0
-0.9626463742808187,-0.5544966071067755,-0.45344606417398653,-0.43592538150376314,0.2888557394835049,0.0
-0.9736571576761737,-0.5374595142078364,-0.43074497090538366,-0.4319564420539657,0.31361593982346936,0.0
-0.9562285773602779,-0.57438971753138,-0.441421740960047,-0.429716833311797,-0.10600368424279308,1.0
-0.9866956672704452,-0.4984416785276297,-0.3936365318822126,-0.441025174139161,0.2562541106531133,0.0
-0.9691831554165823,-0.5363772528891504,-0.44401175193649045,-0.438738020952123,0.38345823648504646,0.0
-0.8110568310210915,-0.6544809258433635,-0.6423878914506567,-0.47126637632069446,0.5084513701618116,0.0
-0.9766679885126426,-0.5078357628063572,-0.4063662455695256,-0.4589328433733639,-0.09921571272501098,1.0
-0.8968193007501929,-0.5116703863836035,-0.577543093647705,-0.48401961204382027,0.49271956046479554,0.0
-0.8436267018929726,-0.6143003579413083,-0.6383231934813627,-0.4720823464279226,0.30442930298690973,0.0
-0.9289729333380657,-0.6278313451021255,-0.41666702629956454,-0.40673719151138443,0.31296048818427136,0.0
-0.9652235545941992,-0.473309250390329,-0.4368901898165317,-0.48006468778579187,0.13503403043170675,1.0
-0.8916692725130638,-0.6784004256119945,-0.5347621679035707,-0.3918238309106142,0.19986324961110058,0.0
-0.9780298474592375,-0.5313817504802002,-0.4192406860743272,-0.4386215748112247,0.21637137402103035,0.0
-0.9687357549439058,-0.4793892326102773,-0.42802774336582355,-0.47587508044409443,0.06808820952880476,1.0
-0.9714499981649777,-0.5389934870985323,-0.4312668952166117,-0.4270303113912174,0.31196252464359553,0.0
-0.8189731374757399,-0.6324426054309202,-0.6627312841480038,-0.47954325247744556,0.30626703029405683,0.0
-0.9206090304900579,-0.5768217382392985,-0.5162876056118456,-0.4618677106276184,-0.04119882924774723,1.0
-0.31702346484956534,-0.5845308448017282,0.2989022829201248,-0.6842609967280033,-0.11705787345201296,1.0
-0.9638377950106213,-0.5398591040202506,-0.4486447390274853,-0.4328283503742579,0.2886110804409432,0.0
-0.9084077871088317,-0.622592192649956,-0.553841217461185,-0.44786744421554414,0.21070836127419723,0.0
-0.9387295657041894,-0.6453362413912532,-0.45897318997715086,-0.4152451741081896,-0.3275598645571882,1.0
-0.8954767600522818,-0.5261316603219094,-0.5152282039014794,-0.4820169858065449,0.18650483903085693,0.0
-0.876947195291969,-0.581098089079396,-0.6128720159165514,-0.4856166790273295,0.4491833770153232,0.0
-0.9543695228400081,-0.5657724638084382,-0.46337192454348747,-0.44798742797213964,-0.09129959342370342,1.0
-0.9861474409847287,-0.5314303652508351,-0.37719750174417627,-0.4115467339638332,0.22946205187107915,0.0
-0.9696061668963998,-0.5333305276500695,-0.4520491811551918,-0.43858518917159617,0.3739766137717395,0.0
-0.9887899801317074,-0.49663227571536955,-0.3917991671346406,-0.4508613756346153,0.05641481111338416,1.0
-0.9867185407082646,-0.5177595018689871,-0.40555255156180453,-0.4279880880723236,0.3429420383947289,0.0
-0.9560744210826866,-0.5708342682363864,-0.46773628868632317,-0.42829363422348016,0.3053064055008291,0.0
-0.9607212318364549,-0.5654735767209755,-0.4525604858957648,-0.43642976704529807,-0.09957600892986218,1.0
-0.9731252054847928,-0.569399652230185,-0.4198882069335986,-0.40818094784234266,0.26565505858051613,0.0
-0.9654877188595946,-0.5085953485385629,-0.45829301472954526,-0.45641042035213186,0.3171113938645145,0.0
-0.9016020279729162,-0.6495200101374399,-0.46932201197264184,-0.4387087338234597,-0.33463844001109305,1.0
-0.9320077155956246,-0.592341575616886,-0.4796152387919736,-0.4401260527981797,-0.0938775221494467,1.0
-0.9700644495253267,-0.5529360296359195,-0.41960302497929464,-0.4277827900671395,0.13541714951940675,0.0
-0.9540610011243512,-0.5910246411636025,-0.43555351355253646,-0.42855737147919176,-0.24879446861080967,1.0
-0.9513722501857946,-0.5553687381381096,-0.5003187314005905,-0.44831448331513446,0.33100009778345063,0.0
-0.9835052415176899,-0.5337170961592484,-0.42217441677496936,-0.4241307701690538,0.3286539060864646,0.0
-0.47270086204268114,-0.252205198842032,-0.7494913928332941,-0.5375473442387131,-0.0638953398393412,1.0
-0.6570353572458734,-0.7584004533169384,-0.5588500909644113,-0.43866827542527514,0.2912807583883776,0.0
-0.9464613067570511,-0.5972736300325416,-0.44791727428185196,-0.43578385433254807,-0.24799713372306176,1.0
-0.9892032233642868,-0.49415026361645087,-0.3732273961716515,-0.44382118286680206,0.029467750724566047,1.0
-0.9582194860877854,-0.49013661027167327,-0.45651323738725486,-0.47787062058462826,0.07849935528640989,1.0
-0.7858027683139117,-0.6427474704980523,-0.3541743663356633,-0.5301962285067613,-0.294595263160309,1.0
-0.9792271658346986,-0.49791495098180305,-0.40204306324998274,-0.4631337343610359,-0.001142714168863801,1.0
-0.9678279827225851,-0.5490288914478942,-0.40202542482426856,-0.43217186092763965,-0.07112655817000016,1.0
-0.9807204509899318,-0.533915587565905,-0.4096701778448363,-0.4328127920251536,0.25105555609144675,0.0
-0.7587794047194314,-0.7902812538991664,-0.35901085950013534,-0.33009361865677,0.2791046515459683,0.0
-0.9892046189496146,-0.48274794316951514,-0.39729506714233637,-0.4565158952247205,0.1593321042139702,1.0
-0.9641280101941221,-0.5416454982163613,-0.42867071632997417,-0.4410724941224155,-0.04113707402550759,1.0
-0.9414090222089015,-0.6220389719783771,-0.46089416684097223,-0.4208531123785898,-0.12957058922081047,0.0
-0.9118950532526388,-0.4814145324758651,-0.5098505643502516,-0.5244022896302285,0.08094812343034591,1.0
-0.8781768498136154,-0.6701836631918968,-0.494789571997674,-0.4460960843225322,-0.33237193215907385,1.0
-0.9405651160470905,-0.6331088595360486,-0.43808883882824373,-0.42920698748979974,-0.3616732687245997,1.0
-0.8465549783031046,-0.6329664159337054,-0.5915648915176177,-0.4287305040209877,0.17007495445471638,0.0
-0.933493181540892,-0.5544412677249939,-0.4908106209415238,-0.46746774207921193,-0.1689144505486161,1.0
-0.957624886017956,-0.5378619999764338,-0.45299139999509314,-0.45391795640363386,-0.04526040630365655,1.0
-0.9836230931614285,-0.5202159416940321,-0.41395883332796646,-0.4382509501845419,0.24370096977551994,0.0
-0.8418530752249112,-0.4980943454500401,-0.6248015175049768,-0.49683704219660885,0.3096621388098457,1.0
-0.9848011962890938,-0.5128506360241867,-0.4082434412894696,-0.45045204338617456,0.016023208684864856,1.0
-0.7921004540741243,-0.5321038320870491,-0.6946375757025043,-0.5475049788151582,0.10710992939746328,1.0
-0.9484002924316316,-0.598810122372687,-0.45643212028598235,-0.42480405880347166,0.023903047844009026,0.0
-0.9421973157763289,-0.5541474590479409,-0.44685871921107356,-0.45657677368417937,-0.2101270208961037,1.0
-0.8061652967526066,-0.7763369605871223,-0.23451829917282296,-0.2711000657092515,0.40984250793648114,0.0
-0.9826606211365743,-0.5071365461144125,-0.41685688114696895,-0.4412465793367136,0.35139420780271347,0.0
-0.9446337796405986,-0.5201135830265605,-0.43549952747399817,-0.4712161414809787,-0.023783962970889694,1.0
-0.9397711103573336,-0.5823236060056215,-0.4979526141173745,-0.44315621919525944,0.21909643722083694,0.0
-0.9655606813559444,-0.5581714806801547,-0.4345770187269068,-0.44013036536464745,-0.12795437735815904,1.0
-0.9702731966071355,-0.49296645224419594,-0.4275343677413629,-0.4725653513820385,0.0647947794365365,1.0
-0.7795549123881268,-0.48602613781050474,-0.6309339811055378,-0.5101618988118038,0.2961327472155919,0.0
-0.9832031938433756,-0.4925184150137496,-0.40254282831190447,-0.45831434177276187,0.056874077958297235,1.0
-0.9436181785885022,-0.6245753281752955,-0.4704424623626418,-0.42421027957698154,-0.3190456086669365,1.0
-0.9554274553116825,-0.5623629938242151,-0.48078644229055806,-0.43430002073143786,0.35901600959166363,0.0
-0.714798618709142,-0.6858548559647838,-0.6588959021730969,-0.39252886983405405,0.38775949399566007,0.0
-0.939460681676548,-0.6065963026878903,-0.47498807926608616,-0.43084593898138845,-0.24718952811984168,1.0
-0.9550821817545287,-0.582426305643643,-0.44284683508550093,-0.44165498533547276,-0.27883314742487986,1.0
-0.9107070369516159,-0.6333763284289993,-0.4703804855119612,-0.4406779664668872,-0.2769246427879204,1.0
-0.9403408159775728,-0.5734970547853224,-0.4818609397313329,-0.42600030692712404,0.4154325483846908,0.0
-0.9768948090859024,-0.5126924641342193,-0.4230907158811829,-0.4580320430047362,0.058596079420082964,1.0
-0.9601732594653791,-0.57420083904329,-0.4493801230974342,-0.4442326999331637,-0.21003159912227515,1.0
-0.9459345888305567,-0.5658293771985858,-0.501242046868622,-0.44388535705864385,0.3726507252253779,0.0
-0.9015408708137276,-0.6692283395369752,-0.4372402239414822,-0.4229172642276224,0.07856786407694624,1.0
-0.9690217359018825,-0.5692646538503264,-0.45330409570185876,-0.4215552857535819,0.22034144485917123,0.0
-0.9782945129938091,-0.5462910791290048,-0.44067102829067845,-0.42762782514110476,0.3255380903152052,0.0
-0.8772618642159902,-0.5237318265610786,-0.6146340734865019,-0.5135673501096891,0.2740725130709396,0.0
-0.9569951994167072,-0.5737622616344573,-0.4375550896174958,-0.4315644286048,-0.11523780858095481,1.0
-0.960681167956065,-0.5465089104211112,-0.4416422885035313,-0.44729209779752926,-0.010222641367401572,1.0
-0.9891184862825222,-0.4896664707992527,-0.37394078067650716,-0.4466129414560064,0.044729338767757136,1.0
-0.8877586741460263,-0.6049559355322989,-0.5427109155747658,-0.46824091388194644,-0.15486293502869902,1.0
-0.9747701584520604,-0.5436692904304868,-0.4089981568060759,-0.4331655731990133,0.12131081287996283,0.0
-0.9133606000028619,-0.6262793312720295,-0.5043387484346272,-0.43617028484327225,0.04793105749206089,0.0
-0.9254276422142613,-0.5741502161030306,-0.486932705393336,-0.4664503809566012,-0.16510167113112595,1.0
-0.9769975471838176,-0.4955410964031509,-0.4074418431713377,-0.4673165186335574,0.009205676159109,1.0
-0.9612355186843423,-0.5159302108949498,-0.41782676910992494,-0.4656727973488007,-0.12648762590981605,1.0
-0.8472134295853689,-0.6080744349305603,-0.6308970402121901,-0.4821836762682017,0.0696718506557304,1.0
-0.9883215278986484,-0.5011241910735793,-0.40133422698404436,-0.4365912104545807,0.3874153718084634,0.0
-0.3920590492333894,-0.6691328490084412,-0.8597296942309833,-0.44962662374627177,0.34596054015793126,0.0
-0.9655616967144509,-0.5668679227347575,-0.44591834444190087,-0.43879193254070337,-0.0331409441252018,0.0
-0.9906391377511904,-0.4643398031406798,-0.4017926268808711,-0.4632942675501946,0.33449636469857336,0.0
-0.9795783763166085,-0.5495288848108051,-0.42360105083689786,-0.41882099775751425,0.33660962392569094,0.0
-0.8689059432591952,-0.642375635033409,-0.5637338247066116,-0.40048481286557563,0.3661512853786596,0.0
-0.9547967299618014,-0.5947389193437296,-0.49618182646871056,-0.4134830403521596,0.3593829181430911,0.0
-0.9737078652325842,-0.51714219479242,-0.433363308011623,-0.4409507313237908,0.29649430982867314,0.0
-0.6618205384949261,-0.7999609534478556,-0.4434578755738042,-0.43771134902920805,0.2802233589670532,0.0
-0.9756687420538702,-0.5240236854371693,-0.4233371685663085,-0.44903887632947204,0.06370328771438077,0.0
-0.9882787819954479,-0.4977291947636852,-0.3921026903686121,-0.4463431675225544,0.06807780190764828,1.0
-0.9498840141097193,-0.5677335747186488,-0.4748465788244855,-0.4449401160848168,-0.09748902236516527,1.0
-0.8992618381807445,-0.667339283325904,-0.4975874175343529,-0.38692129265278263,0.35125921031419294,0.0
-0.8394268101331268,-0.5871385845731782,-0.6755888381852657,-0.4824627608794225,0.4832508142336692,0.0
-0.7945373979692282,-0.6862333956731105,-0.6905976974698642,-0.4413722711319569,0.43405421955545215,0.0
-0.9864727793374934,-0.47788189806225784,-0.39184214928197647,-0.46155384293083557,0.13265982667397624,1.0
-0.9680466957910575,-0.5374562781467017,-0.45290139046955197,-0.43800703062552726,0.3414555865236827,0.0
-0.9784262409988448,-0.5358077295826879,-0.4197232255935354,-0.43195398767145543,0.22880255529766994,0.0
-0.9700361807401777,-0.5713331135501957,-0.4297530844017769,-0.4097477016422547,0.24266200155943674,0.0
-0.960338086880368,-0.5616545658957193,-0.4856780415530488,-0.4333752881290176,0.36117017123640666,0.0
-0.9837697106401758,-0.5001975827813301,-0.388960253281825,-0.44797203620686565,0.0399560002985006,1.0
-0.955005639988664,-0.5467167172674325,-0.43346730084458995,-0.4511191876581554,-0.05842499816139521,1.0
-0.9508850713473783,-0.5452727589760735,-0.5086768913043843,-0.44411989239069793,0.5060438119292061,0.0
-0.948554648121819,-0.5495602887322493,-0.4832750845472496,-0.44796761275913766,0.34726202577941956,0.0
-0.43676266854271484,-1.0,0.0857397738354585,-0.03548291614025806,0.33830673017302243,1.0
-0.963314007209133,-0.5442716446711723,-0.45885082873681626,-0.4376514317199062,0.34502895609000794,0.0
-0.8990790714021794,-0.5330646211466155,-0.5927898644523077,-0.5107943933348218,0.07994313874202241,1.0
-0.6360681209423416,-0.5995541166385955,-0.7203068211884248,-0.4678873769666986,0.46289923571488373,0.0
-0.9371848193764498,-0.5650001790037283,-0.497554202534283,-0.4566522615960531,0.22670739417709201,0.0
-0.9169064932629164,-0.6511501169701349,-0.5531340655075975,-0.4150473016831684,0.23813865474037466,0.0
-0.8079349586156281,-0.6574766017024258,-0.6662304139888131,-0.43456781557544766,0.43397707553165765,0.0
-0.9711506400070424,-0.5448249176468799,-0.4297057381712208,-0.42856440593170875,0.25693753185390134,0.0
-0.9352045729329187,-0.6029194549234782,-0.49212355222806264,-0.4439877998513543,-0.24587940484333676,1.0
-0.8383041951800676,-0.6863405407384731,-0.6169754355757879,-0.40306235352026293,0.28585971347891714,0.0
-0.9506787428113403,-0.5808893956606402,-0.4791131352981376,-0.4197260396025474,0.3399859630836222,0.0
-0.9792324300796519,-0.4748685332018581,-0.4202986349373349,-0.47786898425986224,0.0943866856812483,1.0
-0.9852681559656428,-0.4874815533199226,-0.40948924440451484,-0.4633039423844558,0.08008723334489994,1.0
-0.9714451038902999,-0.5297721486357349,-0.44531494614566636,-0.43826699334820823,0.34203257462202274,0.0
-0.8530184237388203,-0.7016093569096353,-0.4097810411329127,-0.44615949502178565,-0.4324012277960093,1.0
-0.9857593737963989,-0.502260321123849,-0.4118295141472595,-0.45602442481023453,0.035354647284550386,1.0
-0.8623662161022939,-0.6867298677601225,-0.44976061401176465,-0.38788936249540584,-0.032562026458936244,1.0
-0.9483479674857557,-0.524297349996127,-0.4531972376030216,-0.46644541592684685,-0.04441248375252135,1.0
-0.9692410165885134,-0.5363311141836518,-0.45048118812973503,-0.43189848669379255,0.36799278136971647,0.0
-0.9761281604623923,-0.5057842339857368,-0.44309324543748413,-0.4489458118132659,0.4196014689069382,0.0
-0.9239042833635278,-0.5549579078359931,-0.531246425166884,-0.4616638724404466,0.4224753428051448,0.0
-0.8666661081814266,-0.6293583264970923,-0.5683994862674158,-0.46796153040445687,-0.1374015013664986,1.0
-0.9566637708862806,-0.58941151505497,-0.44780881300229125,-0.4270588749887153,-0.16546598276858931,1.0
-0.9803269175856391,-0.4946229998114396,-0.3950433412388328,-0.4670400454892463,-0.01450879476974433,1.0
-0.9464168985211282,-0.5423860975733723,-0.489594695463581,-0.4636316287854781,0.06604529843567808,1.0
-0.9235990339140019,-0.6162090172592838,-0.5345565353269741,-0.4254649153213935,0.3537405049193956,0.0
-0.9035235385419442,-0.6916037532849284,-0.5456689268137784,-0.3883092960876021,0.14404855230606595,0.0
-0.8701273749453816,-0.6435538837603205,-0.6220465573679871,-0.43961843054108307,0.3367721634692132,0.0
-0.9733675802906874,-0.5078812717468183,-0.42066971423521704,-0.45718602411724313,0.16325387940953542,1.0
-0.9223873369046522,-0.5782268620009515,-0.568554825453315,-0.46080373683237885,0.34094105890389004,0.0
-0.9163539698520106,-0.6027417604082095,-0.5299330463558269,-0.43712738256315253,0.4215915185347995,0.0
-0.9134963225561488,-0.6608651546898265,-0.5106326097134184,-0.3947982312268439,0.010347598367088998,0.0
-0.9710222762059613,-0.48401247900727973,-0.4363815036400742,-0.4695758775629253,0.039103281791726854,1.0
-0.8293243038688882,-0.63977022554276,-0.5888401173639778,-0.4212803916749259,0.2509397481171408,0.0
-0.9634574000518007,-0.564335001974358,-0.4445365055786714,-0.42443939244101897,0.15540660711407359,0.0
-0.9443583128515359,-0.5185782721696186,-0.49756807215462995,-0.48063310791937264,0.14498201496635987,1.0
-0.9883837818021566,-0.5138727251360469,-0.39660639298910816,-0.4255650982510171,0.3069571689400383,0.0
-0.949264127463684,-0.5734863990076013,-0.46877707276486874,-0.4450826434883212,-0.15755190976418698,1.0
-0.9649555710930853,-0.5621143962106845,-0.4702459621866462,-0.42961116456903353,0.3722580834118011,0.0
-0.9200508676054412,-0.5900690755390718,-0.5469405598660529,-0.4423198604118709,0.3347248872477828,0.0
-0.9901763689483839,-0.47785504655290956,-0.3833622770615017,-0.4551074567907796,0.25879892867415066,0.0
-0.9745580693802607,-0.5141121960214707,-0.42185041642987636,-0.4610123818182752,0.003468348362275664,1.0
-0.9146691212881513,-0.6040746197102745,-0.5998210466248268,-0.4526946517413242,0.4404738902041687,0.0
-0.5128116600731952,-0.483350917367947,-0.8548087901830721,-0.5226552926594907,-0.0614234922882492,1.0
-0.8736550996048329,-0.6357045517085732,-0.6586793586137717,-0.4687824140259479,0.3443037549402538,0.0
-0.9391419368702083,-0.5855523553976496,-0.5544054418035704,-0.4573426348880815,0.15593588753953197,0.0
-0.9485182925062805,-0.6137868067864483,-0.44704618282071834,-0.430442971148645,-0.34517154359753605,1.0
-0.9236199415785107,-0.5932516302457287,-0.5484046077988137,-0.45573029580471935,0.11634811081576224,0.0
-0.8748723204482387,-0.5861688112342561,-0.533805161577675,-0.487003569059583,-0.14224894793071516,1.0
-0.9427648433849146,-0.5259560449882447,-0.47273744143003527,-0.4555039750563255,0.3365954851008216,0.0
-0.9884550689046323,-0.5166427024965264,-0.39515391184565485,-0.42827278024876114,0.3520510249131776,0.0
-0.9895693923096849,-0.47818899493726297,-0.3728720905862628,-0.4585844162280628,0.1250037212148365,1.0
-0.9901609283453245,-0.4930398551950445,-0.387082577114765,-0.45391137695715955,0.06926499422642265,1.0
-0.7507196221422139,-0.5919269640832869,-0.592041384679112,-0.5119489219609896,0.5060231596672795,0.0
-0.8998585782690249,-0.5055118360259296,-0.5210209947416945,-0.49240792414054696,0.06734286165031472,1.0
-0.9242400163279578,-0.6305448540607999,-0.5313418975508987,-0.44034177102193595,-0.005881989715768587,1.0
-0.8570410931081687,-0.6788334038816618,-0.5507123866896169,-0.45069986804912754,-0.08737889757615325,1.0
-0.784930440858342,-0.5277702188723489,-0.6655089507805032,-0.495465714670475,0.20257536474138238,1.0
-0.9297493888384304,-0.5902001319525271,-0.5354526446211549,-0.43997670965972896,0.3512028798821798,0.0
-0.9675152021539194,-0.5449563151532385,-0.43889496953284995,-0.43457592057223116,0.08753785812788782,1.0
-0.948586628167208,-0.5900423806631963,-0.4705434477618907,-0.4317944971283335,-0.11035023514440212,1.0
-0.6781524062622628,-0.5844136078721095,-0.6140303929968358,-0.4684343023495594,-0.16125639334095276,1.0
-0.9751146964191987,-0.539424450625467,-0.42815377640827507,-0.42226802821089326,0.3480239864843204,0.0
-0.9509887717572266,-0.6078497486827321,-0.4619827699810537,-0.43220780852853324,-0.2932340748494985,1.0
-0.9265117824199638,-0.5897424731657718,-0.5223796605349671,-0.4358036623670776,0.2710448851909831,0.0
-0.8665152169198349,-0.5363828796553529,-0.5859707272149041,-0.4935415213258816,0.06998557103557446,1.0
-0.9213966657362351,-0.6184255834112234,-0.5552201060842773,-0.43377871702816245,0.2912863306221749,0.0
-0.9773709077578232,-0.5084696334675963,-0.4354083180453309,-0.45934491328901594,0.057717370935361605,1.0
-0.9586304348159214,-0.5815391447775672,-0.4540004477797537,-0.41113442750624196,0.20028459697604623,0.0
-0.9669899741915848,-0.5579976623960432,-0.43358410186062246,-0.42281899197913336,0.2522197860774769,0.0
-0.9011530960439605,-0.6670567632607958,-0.4936056295495338,-0.4373743409309944,-0.31625002290415294,1.0
-0.9833143153653525,-0.5073160388453756,-0.4268060536609981,-0.44697584425106157,0.3532410464122473,0.0
-0.9194641445226488,-0.5759241848258291,-0.5108417052701701,-0.4648777034658665,-0.08596264972119283,1.0
-0.9764774084487787,-0.49599652524892535,-0.4425475903113068,-0.46202001088324157,0.24362465611744322,0.0
-0.9772682795996681,-0.5117450155276694,-0.42654747184629166,-0.4588959587331833,-0.0481206511140192,1.0
-0.9467350745989255,-0.5116889175324233,-0.4816995203787249,-0.47411957167824714,0.28288082377639867,0.0
-0.9431820220993851,-0.571101519222076,-0.5085248324383039,-0.437749165488877,0.32711823129874495,0.0
-0.9879135780339617,-0.5031319849986606,-0.3839318371844297,-0.4458859088525792,0.03880696515477454,1.0
-0.958647462554641,-0.5872077610499807,-0.47445745501635705,-0.42701908303857683,0.29822649906663845,0.0
-0.9132995335817812,-0.5955608079386889,-0.5658592949986254,-0.47246261191286193,0.03134522763408472,0.0
-0.7713188177330298,-0.7614109711267041,-0.39888377292107846,-0.33910968406084224,-0.07918173009774768,1.0
-0.8113465599899362,-0.5771422433612965,-0.6720084469448693,-0.48679222028219893,0.43738012603545434,0.0
-0.9307133447314802,-0.6251831328494541,-0.5140872277472452,-0.42209710239959014,0.21549568527547783,0.0
-0.9487127074249947,-0.5707206910276951,-0.4916666428524533,-0.4387584382032328,0.1766704906849898,0.0
-0.9620322232539771,-0.5385772872073878,-0.4718891194553597,-0.44384787079649024,0.3720207065877789,0.0
-0.9534271319413439,-0.5646429068584136,-0.4964554951520367,-0.4376638660156401,0.395812371009496,0.0
-0.8834145038261209,-0.6507632081120074,-0.5194241677733455,-0.448843968527075,-0.1747968647820493,1.0
-0.9747117096681576,-0.5071689602043863,-0.41854270907722657,-0.4425358396850243,0.3340129269057669,0.0
-0.9454789905071607,-0.5996359870151073,-0.5086425910810524,-0.43600460963797577,0.09156802469830383,0.0
-0.9855810091187464,-0.4955224171995117,-0.3929174126471465,-0.45623316844105344,0.021640345657863186,1.0
-0.8168871369514271,-0.6769998062498254,-0.3415255369522642,-0.5048771485610798,-0.4000205937081729,1.0
-0.9697261389627256,-0.5230099275124154,-0.42917209492337877,-0.4565039684147134,0.049701757401039166,1.0
-0.3129487608865432,-0.4046277589891277,-0.80067692616669,-0.4070621909209291,-0.24309902123781424,1.0
-0.9435035045645922,-0.6319157352689718,-0.49438825423972077,-0.3848840828776422,0.18661992235676664,0.0
-0.7675175387625438,-0.5068193771547771,-0.7325994492024918,-0.5623419944222467,0.46521133381259205,0.0
-0.8413983251584498,-0.5446110180109633,-0.6160801085995534,-0.5050463749839904,0.2685555422012317,0.0
-0.8727030269708467,-0.6270266604020194,-0.6156266935070162,-0.4755508675244667,-0.04941342775345672,1.0
-0.9633466668789697,-0.5828589005077456,-0.4452097318230772,-0.4121006908267739,0.22666362793383837,0.0
-0.9747671796770622,-0.5369193250665829,-0.45513459682749235,-0.4421531008556973,0.28753470595965835,0.0
-0.9847040585846925,-0.5200539363894421,-0.39947400571378555,-0.43775785238640064,0.04858947552425605,1.0
-0.959237728271913,-0.5853533463628587,-0.44486482090399293,-0.43259919709358824,-0.2318313025937574,1.0
-0.9594497663068898,-0.5736411947247053,-0.42836671020339123,-0.43619009136567516,-0.1793682533492339,1.0
-0.9348597831677983,-0.5755064729517756,-0.46506371033738425,-0.4348462321223045,0.20844638811784408,0.0
-0.9726405381736858,-0.5460324500649741,-0.4519338818686022,-0.4295340663487941,0.2899863826877174,0.0
-0.9425545996001083,-0.5862589025391218,-0.4524489806511203,-0.4381832265616068,-0.2887631804017965,1.0
-0.9002396823042045,-0.6421310363582674,-0.5601657343573265,-0.45383117575950643,-0.1712342309495502,1.0
-0.9443594694673488,-0.5990524981002953,-0.5117588032903677,-0.429302726364305,0.34180459448884837,0.0
-0.9761776331276126,-0.473957776671992,-0.3971624546912378,-0.47331180340912715,0.023260475216321033,1.0
0.08496201645534318,-0.17417131984860784,0.05085133184179225,-0.7726968092725786,-0.32249816575445045,1.0
-0.9731098633300437,-0.535723029570553,-0.4385023855991992,-0.43359570560458344,0.1538836965345688,1.0
-0.971599658532873,-0.5479198078491064,-0.4256087964157936,-0.4353739460366071,0.09876616174071015,0.0
-0.9902827814953862,-0.4644661654513449,-0.39262255598074886,-0.4631320112952241,0.29963739131930645,0.0
-0.9760076055871734,-0.5231198257274348,-0.4296828789433965,-0.4588474354717888,-0.02249890264245541,1.0
-0.9143921582719203,-0.6105804276037086,-0.5361735039686135,-0.4551261067224912,-0.03933414999647253,1.0
-0.8940264682515391,-0.5359180820622054,-0.5850884446419715,-0.4804148459150737,0.3538190112208642,0.0
-0.5554418016121695,-0.8966743041421898,0.0741585834459626,-0.35756996172588607,0.887129350948454,0.0
-0.9871469908104946,-0.4936415182940707,-0.3941055397328668,-0.45651358123945557,0.10197658501955902,1.0
-0.9741474308422937,-0.4914548016491465,-0.4340650226811863,-0.47837172050636645,0.021285922644515093,1.0
-0.9589609451920893,-0.5306202046355587,-0.4707171271460089,-0.4591414733169121,0.10895906301109591,1.0
-0.9864730016423776,-0.5030499954164758,-0.39897951741838833,-0.4528813144378183,0.028023926090253795,1.0
-0.8773150694470876,-0.5722028647385456,-0.6315534071503084,-0.4824529714421997,0.4955505193035541,0.0
-0.9894449849586101,-0.49361579470985734,-0.38575654222140454,-0.44751908652319844,0.12019184765281675,1.0
-0.9770108822777764,-0.4933257374459149,-0.4264209855366471,-0.45390285411588915,0.40959485244590005,0.0
-0.9507008561882399,-0.5792493758037532,-0.46756297785483597,-0.43003255994183326,0.10438099417325619,0.0
-0.9781642846965595,-0.5124048052617521,-0.38269160799243956,-0.44940942055842037,0.008693585285603947,1.0
-0.9719710942090303,-0.5287510986009756,-0.3851492859862033,-0.44481321476412455,-0.05796433533616327,1.0
-0.9255410136777873,-0.5943234300597207,-0.47307627359218385,-0.45017799821651766,-0.20078327598861068,1.0
-0.89299484948236,-0.47769974956066635,-0.5090774271203988,-0.49573060011650927,0.2024193691201494,0.0
-0.9566171865802809,-0.608238420224588,-0.41169643838033815,-0.4144442144890551,0.0010468966570422594,0.0
-0.8953605409713208,-0.6024097174755166,-0.5952443054343366,-0.4536755108671662,0.4320347972195411,0.0
-0.9246012360020603,-0.5148466857795894,-0.5063914814302906,-0.48808615112897497,0.06039866949961913,1.0
-0.960256551734387,-0.5538525650476765,-0.42502634842833165,-0.4409765875577784,-0.028662807116287603,1.0
-0.7679565264226476,-0.6607206116306209,-0.6143053834733468,-0.422928138440977,0.3438273747774353,0.0
-0.805527639653184,-0.7778921223950783,-0.5414311278951316,-0.35242298636577046,0.36403874921383306,0.0
-0.8066691984375534,-0.7426371523098885,-0.2299046421866393,-0.36929978211398157,0.32716011251356975,1.0
-0.9257679064998489,-0.6079404872936195,-0.5700054735722083,-0.4493789489714887,0.1694469547805889,1.0
-0.941593624768507,-0.5932643643189254,-0.4976161088157192,-0.41342321492986195,0.172682665087817,0.0
-0.9707269335595539,-0.5045553819560438,-0.4199778373069991,-0.4501016590874918,0.31054693817361145,0.0
-0.9068929365562272,-0.637052861138444,-0.5059183278766105,-0.43463704578522216,0.14661937402064926,0.0
-0.8285751625871705,-0.7380823412239839,-0.46754774694411483,-0.4078879395302797,-0.16948735397642972,1.0
-0.9350536982303059,-0.6321688258865403,-0.492501570336797,-0.41928410229289786,0.17294043081833455,0.0
-0.5360605299684983,-0.5301683098437351,-0.9485094801054081,-0.5253597499919531,0.501113027716729,0.0
-0.8882830166614942,-0.5760182979935412,-0.5581336214734858,-0.47030355922761197,0.4151508780963682,0.0
-0.9145131832107064,-0.5687341330532795,-0.5452731390188423,-0.4781461510383434,-0.005628778776459245,1.0
-0.8240924660944149,-0.610449350845823,-0.5763571783555786,-0.4863468218246281,-0.15339906802908104,1.0
-0.9746844874485167,-0.5159199736979252,-0.4313669012823797,-0.4545890111645379,0.05589384172517689,1.0
-0.6115771242055511,-0.7172969529969144,-0.07925847778484729,-0.5973784132102253,-0.09393172754946541,1.0
-0.9633323872096037,-0.5405587802820345,-0.44707472573278684,-0.44994540617074147,-0.025890451634785483,1.0
-0.957980523350881,-0.5664047815980155,-0.4555145041873353,-0.43549944794320594,-0.04741460999958036,1.0
-0.9175045115965227,-0.5959045375162805,-0.4677274424415722,-0.43377397106572596,-0.061537443267243225,1.0
-0.9580162107188969,-0.589125426775958,-0.4832134157045312,-0.4246317493491629,0.3013322096856941,0.0
-0.9088077926046593,-0.5454751822296618,-0.5288172406425027,-0.4947698607796602,-0.01008603911165007,1.0
-0.9721284774224783,-0.5485876382086093,-0.4403586198627597,-0.42805248053276357,0.22496089481495007,0.0
-0.9838751515533648,-0.49126878612073127,-0.40753215084611877,-0.45461107838809417,0.14565362226328596,1.0
