0,1,2,label
-0.5060878,0.029749803,-0.42718002,2
-0.7724783,-0.08029984,-0.65562075,2
0.35163343,0.42122272,-0.22030959,1
0.35400802,0.037712235,0.46149018,0
0.5869039,0.2646278,-0.61833155,0
0.28792167,0.39339003,0.16700162,0
0.21574868,0.6805371,0.18925692,0
0.36305425,-0.035086438,-0.36032075,1
0.34422776,0.08033311,0.45013514,1
-0.16278818,-0.1862281,0.18631957,1
-0.33956754,-0.47443378,0.21814744,2
0.33402178,0.22332208,0.44017106,1
0.2706026,0.41779843,-0.00083093345,0
0.21824682,-0.009535372,-0.69886273,1
0.27561933,0.115795255,0.7004674,1
0.73543507,0.23311995,-0.5752345,1
0.6825322,-0.1235953,-0.021736108,0
-0.40488243,0.13610603,-0.42309162,2
-0.58365154,0.08897791,-0.5001043,2
0.21292645,0.20434996,0.63682956,0
-0.5831638,-0.4447403,-0.08050467,2
-0.18497795,-0.0649524,0.30869213,2
0.5795571,0.17234564,0.14105561,1
0.351556,0.15654767,-0.79656696,1
0.39447218,-0.51298803,0.16217488,1
0.35462797,0.5578718,-0.028049909,0
0.15939632,0.42585137,-0.02016884,0
-0.27238688,-0.46183014,0.52208227,2
0.53022027,0.03791397,-0.50528294,0
-0.7404707,-0.1348204,-0.44795874,2
-0.3824162,-0.6853586,0.67186314,2
0.5488663,-0.2492005,-0.03862253,1
0.36998612,0.19823143,0.22875248,1
0.20475304,0.14400195,0.5701773,2
-0.21532813,-0.20582232,0.277974,2
0.039685696,0.063476756,0.4488744,2
0.33913338,0.43133315,-0.2695691,0
0.4891021,-0.16788797,-0.095314965,1
0.6587666,-0.36596206,-0.11616577,1
0.31371194,0.19238892,0.6697567,0
-0.17035529,-0.23449907,0.09122977,2
0.80027705,-0.23340675,-0.17143203,0
-0.69405115,-0.41585672,-0.025636569,2
0.42105898,0.077074915,-0.8083861,0
-0.04855022,0.8581572,-0.20264164,0
0.4324789,-0.42962524,0.089168236,1
0.7463707,-0.40819946,-0.065260164,1
-0.5804175,-0.49738973,-0.08822097,2
-0.6060365,0.030090753,-0.6861224,2
0.41788644,-0.44411623,0.12025305,1
0.5293182,0.032305308,-0.45769227,1
-0.049351305,0.40330094,0.038579255,2
-0.085451394,-0.1298187,0.37721393,1
0.7013521,-0.28758916,-0.10559499,1
0.009966731,0.69428366,-0.19447793,0
0.87249964,-0.21495989,-0.14342685,0
0.34844986,0.124512136,0.6689179,1
0.039705217,0.38813022,0.24840479,2
0.2580024,0.7166256,0.19911607,1
-0.009792864,0.51112986,0.10172229,2
0.77969676,-0.43936813,-0.1310032,0
0.11887978,0.20027,0.615151,2
0.58549523,-0.36195564,0.1203067,1
0.46810734,0.17491508,0.29147273,0
0.21053609,0.4736087,0.0011294968,0
0.029043913,0.5122174,0.20821422,2
0.28806844,0.26724842,0.24250568,0
0.3744613,0.40768445,0.58907914,0
0.9399829,-0.13513677,-0.18707976,1
0.45057112,0.27943107,0.62065285,0
0.5860364,-0.13127872,-0.1905534,1
0.038417578,-0.03844571,0.81464946,2
0.41689938,0.3634776,0.39857066,0
0.4994855,0.39808962,0.48496082,0
0.41557693,0.13529487,0.37132648,0
0.01875721,0.6467784,0.027037056,1
-0.17757747,-0.29569197,0.20352915,2
0.2530095,0.61064637,0.1633955,0
0.3847965,0.43128636,0.5297183,1
0.8599028,-0.30347326,-0.15804657,0
0.035207927,0.06133116,0.5627339,1
0.5280899,-0.02218537,-0.30176684,1
0.3290042,0.52110374,-0.020156212,0
0.43836844,0.4809961,0.21931545,1
-0.71189386,0.12082733,-0.8444532,2
0.1533595,0.6749747,-0.15808056,0
0.46125895,-0.29278734,0.005866695,1
0.55641806,0.078657955,-0.5839293,1
0.7976319,-0.28839093,-0.18033619,0
0.23895016,0.24835247,0.56636107,2
0.69008374,-0.38007364,-0.14050823,1
-0.28672397,0.3732469,-0.29079527,2
0.43181786,-0.28114218,-0.06861439,1
0.39380458,-0.10908347,0.09776592,1
0.6980027,0.15849462,-0.46602648,1
0.6188683,-0.18937668,0.03105304,1
0.4466775,0.14218009,0.40268502,0
0.5906921,-0.29359195,-0.08218907,0
0.64637375,-0.21085188,-0.18246594,1
0.53106546,0.43022877,0.55692554,0
0.07998131,0.4588119,0.16387247,2
0.7925171,-0.056755245,-0.44557047,0
0.32069588,0.46891692,-0.10415144,0
0.5587759,-0.35835272,0.070564635,1
0.24693711,0.12291763,0.74528205,1
0.56223804,0.17299235,-0.76178724,1
0.1605486,0.24148364,0.60819495,2
-0.154075,-0.20303658,0.3719565,2
-0.31849247,0.005768299,-0.1872529,2
-0.5563211,-0.8585009,0.65135527,2
0.27056092,0.49634653,-0.066615164,0
0.56716,0.008560512,-0.066465035,0
0.34707883,0.36555833,0.20783919,1
0.45813066,0.5003399,0.015909716,0
0.026300251,0.057857122,0.78212625,1
0.42386895,-0.24042737,-0.6799675,0
0.64237595,0.0376595,-0.28603944,1
0.09482517,0.5536496,-0.37727904,0
0.8522352,-0.21033734,-0.21223205,1
-0.101893336,-0.15483634,0.16136464,2
0.43355834,0.43242237,0.2297872,1
0.33921242,0.3789999,0.56110203,0
-0.76755315,0.13620766,-0.914216,2
0.5697044,0.16620278,-0.47070044,0
0.14868349,-0.02739881,0.5951832,0
0.65087384,-0.33277294,-0.20820183,1
-0.6456241,0.10557918,-0.77013755,2
-0.13357535,-0.23376623,0.15511435,2
-0.13358462,-0.19994548,0.4498963,2
0.6705309,-0.23821673,-0.115649745,0
-0.5226101,-0.06810242,-0.15960135,2
-0.3517692,-0.40622833,0.12633973,2
-0.5924692,0.1771771,-0.6780253,2
0.692724,-0.060295194,-0.051400602,0
0.12226703,0.24862954,0.37160575,1
-0.21614793,0.08126192,-0.30659348,2
-0.39028376,-0.38986608,0.1300546,2
0.72227424,-0.23799813,-0.10751678,1
-0.50276023,-0.73380804,0.5347073,2
0.68766224,-0.12048221,-0.08959621,1
-0.13209501,0.5557999,-0.21061057,0
0.54245263,-0.36163083,-0.08975501,1
0.4167887,0.26312986,0.3895931,0
0.2785326,0.556884,-0.346308,0
-0.24469984,-0.017630152,-0.28477848,2
0.7331856,-0.27414307,-0.16353276,1
0.19679299,0.3231733,0.07263827,2
0.48988602,-0.054229245,0.105577886,0
-0.24835816,-0.4812222,0.2543224,2
0.4392296,0.41692832,0.099394485,0
-0.6934122,-0.083396286,-0.5141369,2
-0.4093653,0.20533855,-0.6267055,2
0.061897367,-0.19891706,0.39096448,1
-0.59675354,0.15795708,-0.5496913,2
0.20464922,0.14096919,0.5388796,2
0.04743807,0.080152944,0.58407044,1
0.6139803,0.21692623,-0.545016,0
0.5007504,-0.18115546,-0.08169627,1
0.3976789,0.59887964,0.14241365,1
-0.44370836,-0.636575,0.48324868,2
0.45439178,0.5184159,0.40737796,0
0.7845512,-0.26610163,-0.24588573,1
-0.3723601,0.102686405,-0.47911346,2
-0.37188166,-0.58951265,0.6167711,2
0.24274793,0.23321654,0.53718686,2
0.51252496,0.10946894,-0.40813738,0
0.25763458,0.19080895,0.5982861,1
-0.026147187,-0.13553107,0.2052184,0
0.50919235,0.48522803,0.17285615,0
0.2818447,0.2871306,0.4525105,2
0.4136828,0.2482878,0.3885774,1
-0.008595288,-0.17482822,0.3834434,1
0.43425635,0.49445006,0.44459862,1
-0.18988344,0.13888276,0.310461,1
0.395567,-0.4449662,-0.035535745,0
0.6944494,-0.20597723,-0.1404597,0
-0.40283042,0.07593722,-0.42185408,2
0.08244525,0.07592646,0.40951034,1
0.8545482,-0.15746589,-0.2404714,0
0.28299564,0.47188705,-0.026369534,1
0.2818415,0.5544473,-0.0755503,0
0.25596178,0.34399825,0.43068066,2
0.20943543,0.17424087,0.46559694,1
-0.012968451,0.39024478,0.17605484,1
0.31803143,0.68380517,-0.022269152,0
0.77711135,-0.3074708,-0.09283371,0
0.31280681,0.33586344,0.3438651,1
-0.31882274,-0.16664508,0.031632725,2
-0.34261477,0.22575551,-0.25081027,2
0.59736264,0.08443263,-0.7156342,1
0.00795947,0.057658885,0.78398556,2
-0.65843433,-0.028823674,-0.70040244,2
-0.018695503,0.41679704,-0.12186329,1
0.29762012,0.06288627,0.5894549,0
0.22756003,0.33790967,0.43391913,2
0.4025967,0.1462357,0.0240143,1
0.3443458,0.052048013,0.5679341,1
0.79230785,-0.16583368,-0.45000166,1
0.11443108,0.69654477,0.03994567,1
0.7382533,-0.15388127,-0.05360625,0
0.5253358,-0.18927824,0.11389106,1
0.8034277,-0.2354494,-0.26969355,1
0.072090715,0.064211026,0.7650823,2
-0.5529855,-0.33670753,-0.07530564,2
0.30105007,0.49897954,-0.03095138,0
0.28442377,0.6476279,0.19040558,0
0.36664343,0.14988908,0.47620028,0
0.4329342,0.12948686,0.61494726,0
0.5290916,-0.15197316,-0.090444386,0
-0.39788586,-0.58774805,0.6251471,2
0.8625974,-0.32281035,-0.22534913,1
0.66084766,0.27241015,-0.58616245,0
0.65565234,-0.20925063,-0.15368885,1
0.1511474,0.10640738,0.8112796,2
0.6061028,0.25612962,-0.58929825,0
0.20857568,0.076924846,0.56300086,0
0.3283288,0.35079584,0.43852612,0
0.0814593,0.09719877,0.29167533,2
0.30666822,-0.08076909,-0.5125801,1
-0.4719695,0.010787386,-0.1719345,2
0.5132179,0.66049236,0.13912593,0
0.50708866,0.5587361,-0.030658692,0
-0.026331335,0.53918827,-0.26286253,0
-0.10365516,0.43917662,0.020014074,2
0.33774284,-0.511764,0.27487183,1
0.3428101,0.50923234,-0.13722554,0
0.92402875,-0.21595618,-0.21698982,0
0.6805204,-0.13868688,-0.0834384,0
0.38396877,0.53436583,0.36066732,1
0.8014366,-0.071711406,-0.17347932,0
0.10101456,0.3281645,0.45965225,2
0.05557017,0.42720452,-0.0690172,1
0.45407885,-0.39116415,-0.024355516,1
0.6495687,-0.2108525,-0.08408256,1
-0.17851114,-0.39249292,0.25067782,2
-0.024082944,0.54370356,-0.36915714,0
0.61388695,-0.14000402,-0.03571868,1
0.7519293,-0.14670657,-0.30967647,1
0.71421874,-0.26460356,-0.050876543,0
0.24340022,0.26946622,0.6269745,1
0.64260113,-0.13664664,-0.08172412,0
-0.4517271,0.12830451,-0.54801035,2
0.54285955,-0.24678713,0.015971258,1
0.13307862,0.20727375,0.5547211,2
0.8027923,-0.30528858,-0.24856481,0
0.5097761,-0.22844404,-0.020291999,1
0.38509893,0.7129896,0.1520202,0
0.12941115,0.23261626,0.71954584,1
0.54507303,-0.051631562,-0.5417298,1
-0.4164731,0.1254557,-0.552366,2
0.68160975,-0.19290635,-0.06582568,1
0.9154882,-0.03267733,-0.505497,1
-0.35174453,0.27708334,-0.20301625,2
-0.51602936,0.13029358,-0.59227306,2
-0.42784804,-0.6690237,0.44760153,2
0.21933231,0.52288675,0.11747054,1
0.3967121,-0.018041968,0.05316035,0
0.0048063844,0.1913791,0.49807432,2
-0.602899,0.19824204,-0.7859408,2
0.542729,-0.10510005,0.032334305,1
0.34233016,-0.046437815,0.38814926,0
0.5235306,-0.12556157,0.09841873,1
-0.36718506,-0.6085256,0.47635677,2
-0.23002923,0.09549251,0.015351761,2
0.13736767,-0.78994346,0.4378688,0
0.5146856,-0.24532315,0.012796298,1
-0.0084616095,0.32232267,0.35173407,2
-0.13082439,-0.16554707,0.21209463,2
0.37472922,-0.6335778,0.30141887,1
0.06352751,0.073334284,0.5461384,1
0.26109096,-0.12648398,0.51848435,1
-0.45599616,-0.5744779,0.5263206,2
0.017901912,0.35423726,0.62649244,2
-0.62289613,-0.9309624,0.61345553,2
0.70430833,-0.18652776,-0.22813714,1
0.61589426,-0.47640455,-0.031064957,0
-0.2743382,-0.3831988,0.59054756,2
-0.12532023,0.90446824,-0.3237259,1
0.19435745,0.19062647,0.732653,2
-0.15595332,0.2793211,0.011093304,2
-0.622932,-0.51007617,0.04850717,2
0.13798475,0.20807587,0.5584829,2
0.27361885,0.4657038,0.33521923,1
-0.55254656,-0.6708654,0.3341268,2
0.87128186,-0.35262766,-0.21849784,1
-0.12655592,-0.15940072,0.3182239,2
-0.7004357,-0.120033026,-0.6754563,2
0.3583473,0.6732991,0.12807052,0
0.35651898,0.54555726,-0.07469241,0
0.098834164,0.2508784,0.49660963,1
-0.011678427,0.5105113,0.18752833,2
0.19013047,0.1468389,0.5873768,0
0.54788256,-0.24257123,0.087877885,0
0.46224153,0.1317873,0.33606806,0
0.59162366,0.37561762,-0.18207835,0
0.30036217,0.10039523,0.16246644,0
0.27810502,0.3731227,0.6514914,1
0.14178517,0.29408473,0.46739495,2
-0.17900646,0.62872094,-0.10661839,1
0.37587368,0.49973938,-0.2181791,1
0.42994285,0.40466365,0.571346,0
0.09464425,0.6231565,7.8152865e-05,1
0.53541046,-0.023824804,-0.5505386,1
-0.2888115,-0.53732586,0.47950366,2
0.42328346,0.24949293,-0.78133285,1
-0.325508,0.09470442,-0.39132908,2
0.34373832,0.16163391,0.6623125,0
0.541185,-0.59237134,-0.05005829,0
0.42142165,0.3030033,0.57430834,0
0.63939023,-0.40032297,-0.26147932,0
0.015942767,0.5542774,0.09715618,2
-0.1037069,-0.26708594,0.15667792,2
0.35210386,-0.70912653,0.34915978,1
0.51382875,-0.076082066,-0.0071571544,0
0.20208408,0.3141204,0.44846818,2
0.36652154,0.57732964,-0.29905733,0
0.49805212,0.00858742,-0.39372247,1
0.6378963,-0.41941765,-0.0033088997,1
0.2737568,0.048906624,0.7066443,2
0.37435088,0.28267717,0.51294005,1
0.56952906,-0.16623758,0.050287735,1
0.35054237,0.24170469,0.35235485,0
-0.21969444,-0.45211458,0.22583202,2
0.4395997,0.14946496,0.06600273,0
0.9083224,-0.0063349456,-0.47609836,0
0.3799236,0.09021899,-0.6218739,0
0.81962645,-0.36093804,-0.14503051,1
0.770156,-0.3866236,-0.086073115,1
0.22095038,0.69541305,0.23087855,1
-0.012088031,0.071780734,0.30852565,0
-0.20025298,0.15528858,-0.14231344,2
0.5052582,-0.022114702,-0.50304496,0
0.22890261,0.25714993,0.6276776,2
-0.6706656,0.037113927,-0.6421949,2
0.054310396,0.55745405,0.15379229,1
0.3317076,0.29273224,0.6237179,0
0.20151252,0.09593245,0.6067901,1
-0.49820787,-0.43400973,0.02158196,2
0.29161817,0.55794513,0.053872764,1
0.19760808,0.123348825,0.6849959,1
-0.01728858,-0.046469577,0.83536184,2
-0.6189165,-0.44293886,0.10255273,2
0.36322612,0.24879166,0.49405915,1
0.16589624,0.35563317,0.44311756,2
0.044016108,0.558447,-0.058851413,0
0.59101313,0.13168749,-0.44563687,0
-0.7832563,-0.104322955,-0.5883131,2
0.62097,-0.31951287,-0.055439346,1
-0.0680182,0.21410058,0.58326983,2
-0.49746507,-0.34484383,0.2395968,2
0.47047883,-0.3195963,0.06983309,1
0.75044346,-0.103929326,-0.20045766,1
0.21946953,0.12383571,0.64885235,2
-0.22313505,-0.47383094,0.27747095,2
0.060824826,0.054622825,0.43448356,2
0.16364956,0.14127353,0.28910455,1
0.3620574,0.35239077,0.54298973,0
0.40275908,0.41586518,-0.19451275,0
0.6038836,-0.32933196,-0.02199658,1
0.60179496,-0.41124862,-0.018739298,1
0.67280376,0.35569593,-0.4655952,0
0.5399396,-0.034686282,0.3899875,1
0.4271785,-0.2572349,0.038434334,1
0.29042122,0.51404,-0.34667408,0
-0.14133853,-0.2673672,0.44317186,2
-0.693699,-0.057211764,-0.5773175,2
0.3012421,0.20901473,0.5154126,2
-0.71756566,0.012201149,-0.6907441,2
0.42018038,0.33620843,0.44569558,0
-0.45654446,0.070230454,-0.6144519,2
0.44038987,0.15304855,-0.21657011,0
0.49555406,-0.07852003,-0.2854763,0
0.73132426,-0.4386068,-0.013888434,1
0.46817935,-0.14526182,-0.4270974,1
0.14955139,0.11686696,0.62676567,1
0.09363556,0.6239723,-0.060195,0
0.48489806,0.49026424,0.555459,0
0.4295833,0.5157079,-0.17288649,1
0.78362846,0.008677326,-0.5989954,1
0.11144117,0.14564595,0.71523243,2
0.27306995,0.48793522,0.074312,0
0.12422822,0.64809084,-0.054111995,0
-0.04872164,-0.16129714,0.9182941,2
0.37218148,-0.3748548,-0.030763887,1
-0.35434318,0.069430605,-0.21965787,2
0.5355276,-0.2733671,0.037537307,0
-0.5986145,-0.07461953,-0.52101666,2
0.7477007,-0.22275865,-0.03932506,0
-0.045815676,0.5222981,-0.20780873,1
0.8028045,-0.5006704,-0.09058972,1
0.6751011,-0.1655264,-0.10732216,1
0.9391072,0.057950515,-0.5761995,0
0.065758035,-0.009640314,0.78743535,2
0.77332103,-0.25141284,-0.15796943,0
0.68442786,-0.36545894,-0.09257294,0
0.26457864,0.54664874,-0.23831093,0
0.23295584,0.31141782,0.4560455,2
0.44848558,0.43337432,0.55733573,0
0.68835974,0.07000458,-0.5072272,1
-0.08228794,-0.23061061,0.16402006,2
0.10214028,0.7218211,0.03703415,1
-0.3693148,0.1338056,-0.47658515,2
0.40897402,0.25487256,0.55178934,1
0.73251414,-0.33817348,-0.07029318,0
0.023070544,0.5325155,-0.08704519,0
0.20930678,0.17614418,0.61874187,1
-0.35432488,-0.03106805,-0.20351675,2
-0.2734619,0.801072,-0.49253553,1
0.62993795,-0.035179093,-0.140878,1
-0.35781312,-0.49098438,0.34775364,2
0.44199398,-0.41644713,0.05944237,1
0.82748985,-0.34091702,-0.14004794,1
0.8832597,-0.14519006,-0.1904258,1
0.3292468,-0.53035724,0.24390016,1
-0.63153994,-0.12065464,-0.5249769,2
-0.49287713,0.0030094013,-0.6039903,2
0.046495885,0.0051395185,0.44919094,2
0.3934129,0.21294376,0.34284583,1
-0.05607912,0.4844132,0.012052953,0
-0.2508377,-0.31245226,0.105257794,1
-0.28587848,-0.13446426,0.23889531,2
0.22637369,0.24130985,0.25539303,0
0.76562023,-0.25430328,-0.099493444,0
0.10620908,0.1573984,0.6035686,2
0.3344558,0.3766681,-0.069521695,0
0.2939565,-0.5274114,0.1158353,0
0.7676505,-0.062389523,-0.28974092,0
0.67701465,-0.19323927,-0.08463986,0
0.91283715,-0.095239624,-0.20836523,1
0.4408083,0.4185066,0.58650976,0
0.7878038,-0.081670195,-0.6142769,1
0.10079596,0.091156185,0.71957916,2
0.44108355,0.030203875,0.32194537,0
-0.24367031,-0.18907523,0.20083024,2
0.2905716,0.25981325,0.5308032,1
0.609702,-0.15017825,0.05244082,0
-0.07580671,-0.1271929,0.055792663,2
0.23538443,0.22957084,0.49198097,1
0.49737635,-0.34945196,0.060076326,1
0.17036152,0.2756862,0.45901442,2
0.27662635,0.75165,0.12254234,0
0.013631493,0.09455036,0.7920943,2
0.5884193,0.072568715,-0.500275,0
0.24953428,0.24422246,0.5690055,0
0.34584254,0.5410636,0.2516924,1
0.63710904,-0.37587446,-0.06457293,0
-0.16738683,0.18732136,-0.15544556,2
0.32422316,0.07547425,0.6887701,0
-0.5418132,-0.11590101,-0.475859,2
-0.110183835,0.3673361,-0.041011825,2
0.19706164,0.121711485,0.73967737,0
0.38008738,0.67693853,0.10997246,0
-0.47543716,0.06033559,-0.6069286,2
0.39771903,0.5520246,0.020097606,1
0.3089496,0.077369206,0.52740645,0
0.6580677,-0.18929332,-0.17854863,1
0.2467565,0.3077431,0.32535592,2
-0.4095782,-0.51010376,0.23850152,2
-0.24083096,0.55244136,-0.18127835,2
0.41466743,-0.07649124,-0.50841624,1
0.7404613,-0.1313217,-0.20887324,0
0.2810473,0.5096369,0.39351168,0
0.0471133,0.10060021,0.38462538,2
0.0649872,0.31534392,0.34173754,2
-0.50566,0.24238902,-0.74990654,2
0.37810802,0.0681498,-0.59482074,1
-0.13622743,-0.17057559,0.4495486,2
0.07168315,0.15911712,0.6561459,2
0.5519289,-0.19742858,-0.018413372,1
0.48811725,0.1507616,0.30970436,0
0.6008286,-0.3488188,0.004687369,1
0.2894683,-0.660089,0.30582243,1
0.45054907,0.64366955,-0.32110497,0
0.43509468,0.5126953,0.267376,1
0.12751082,0.17591037,0.63624656,2
0.7188465,-0.2054461,-0.16001265,1
0.5272906,-0.3258057,0.011285752,1
0.10176014,0.029127698,0.7439666,2
-0.017695934,0.21314281,0.5224917,1
0.47114828,-0.26833466,0.16062528,0
-0.2377598,0.10221514,-0.21314499,2
0.3528765,0.53504914,0.37941527,1
0.12864217,0.54930604,-0.24985969,0
0.8531199,-0.32120198,-0.19247042,1
0.39763302,0.0977866,0.31263402,0
-0.010280296,0.050236806,0.53392214,2
-0.26101285,0.6366307,-0.11208795,2
-0.065475434,-0.09669933,0.87130505,2
0.20141347,0.19097164,0.64102364,1
0.35912138,0.27372193,0.5699782,0
0.050483868,0.1631881,0.6220163,2
-0.34042048,-0.08061761,0.001566127,2
0.8095381,-0.19466579,-0.24820313,1
0.39147782,0.46184176,-0.23650268,0
-0.10732016,-0.1663883,0.16846147,2
0.2142243,0.5789134,0.14868647,0
0.27054504,0.5247138,0.08206677,1
-0.05928445,0.624444,0.026552375,2
0.1511792,0.30223903,0.445296,2
0.32968166,-0.5539659,0.22046645,1
0.2374246,0.32102293,0.5917865,1
0.70552826,0.0046797357,-0.7833644,1
-0.30762976,-0.36060095,0.35772625,2
0.35483092,0.3351721,0.5355765,1
0.5157386,-0.28082755,-0.029547118,1
0.6287343,-0.06293331,-0.30229706,1
-0.19701675,-0.44311053,0.43707934,2
0.4851333,0.1918813,0.32616493,0
0.38321474,0.24117053,0.51838887,1
0.6197839,0.02421784,-0.53351396,0
-0.13345963,0.012381058,0.45017618,1
-0.50659573,-0.64846313,0.40331337,2
0.63814604,-0.10078804,-0.33293357,1
0.2823562,0.027585436,-0.6595552,0
0.36879694,0.18529078,0.7443783,1
0.16055873,0.07218088,0.66858476,2
-0.045653343,0.8204691,-0.30722195,0
0.46873635,0.20819427,-0.7694721,0
0.42802128,-0.15644047,-0.591615,1
-0.08845037,0.21569392,0.6615064,2
0.35745502,0.26787466,0.48033446,0
0.26217055,0.45314562,-0.29770878,0
0.6119654,-0.21351182,-0.05755662,1
0.2834453,0.5335133,-0.07951726,0
0.2047577,0.5708477,0.098110616,0
0.08594291,0.01520456,0.35853252,1
-0.17945766,-0.23531258,0.27459687,2
0.26415208,-0.3562185,0.3115715,0
-0.09342387,-0.22025904,0.76201344,0
-0.14417955,-0.2645391,0.9059684,2
-0.18909466,-0.31947178,0.53232765,2
-0.15126032,-0.23875433,0.105972655,2
0.3142924,0.38463664,-0.35357133,0
0.61325234,-0.2973529,-0.06349371,0
0.16866246,0.54591143,0.057439394,0
0.2848742,0.5187557,0.004989367,1
0.82044387,-0.38600457,-0.16137618,1
0.64437366,-0.014490522,-0.02196072,1
0.6909056,-0.30218565,-0.0866182,0
0.020698696,0.1150891,0.59589267,2
0.3289593,0.21801603,0.4211867,0
0.23876551,0.29712215,0.4475035,2
-0.24789721,-0.44879776,0.37142164,2
-0.46791297,-0.5425993,0.5257918,2
0.8076518,0.08600278,-0.5000823,1
-0.5996194,0.100768946,-0.699922,2
0.1735407,0.7109391,0.060254436,1
0.23495723,-0.08873047,0.60202724,0
-0.51281935,-0.668013,0.5508015,2
0.5161278,-0.3824198,-0.023981676,1
-0.8458048,0.15911487,-0.9366869,2
0.6559855,-0.11769445,-0.11004701,1
-0.65898466,-0.039783336,-0.7587999,2
0.5408145,-0.2710103,0.010606997,1
0.42423832,-0.24518731,0.025657551,1
-0.7207275,-0.43080357,-0.009242568,2
0.23969865,0.30572203,0.29821545,2
-0.7356075,-0.03921493,-0.6037479,2
-0.053040564,-0.09499368,0.38506338,2
0.7954971,0.075843774,-0.5775841,0
-0.5500651,-0.2536852,-0.07250358,2
0.62444615,0.2126285,-0.65852904,1
0.580737,0.20952635,-0.6103365,0
0.6132147,-0.2915136,-0.017049983,0
0.65869963,-0.15610665,-0.19336566,1
0.3228787,0.06556462,-0.65108645,0
-0.42042673,-0.6331694,0.39296743,2
0.8913848,-0.08406128,-0.51794636,1
0.7469355,-0.4812144,-0.12132709,1
0.49423745,0.6710062,0.1922199,0
-0.54813915,-0.031233095,-0.5373095,2
0.90731424,-0.2509688,-0.19009657,0
0.4063394,0.16161105,-0.83883333,0
-0.38517874,-0.55140597,0.5610796,2
0.54187214,0.025833279,-0.5482811,0
0.4503665,0.06367451,-0.6133747,0
0.4852605,0.07172675,-0.7887565,1
0.6630701,-0.06224233,-0.1169294,1
0.44457924,0.6635732,0.34396228,0
0.48952314,0.3213828,0.33946532,0
0.30241817,0.39764667,0.6155248,0
-0.56321585,0.015751231,-0.62395334,2
0.23518032,0.6030606,-0.09718923,1
0.445037,0.345016,0.38648728,1
0.30590147,0.4113293,0.64524937,1
0.67104936,-0.30977693,-0.0115930885,1
0.42627096,0.40784794,0.5593988,0
-0.46374238,-0.36331227,-0.089333266,2
0.7595148,0.20478112,-0.34008956,0
0.5664818,-0.11852974,-0.28717214,1
0.30400676,0.2570409,0.4313221,1
0.686926,0.0744338,-0.0512527,0
0.30724075,0.395921,0.6037564,0
0.52466637,0.41844204,0.2894644,0
-0.40637618,-0.09486817,-0.24138653,2
-0.6308862,-0.5984183,0.29821807,2
0.5198781,0.007309284,-0.6871358,1
0.43274087,-0.020771608,-0.13372073,0
0.40287632,0.09589174,-0.5971399,0
-0.4957626,0.0041933507,-0.48389,2
-0.06091711,0.28982162,0.15953168,1
-0.39529252,-0.41341692,0.119689815,2
0.26813254,0.10971464,0.58462477,0
0.8943502,-0.13014475,-0.268583,0
0.20007119,0.54739106,0.19515477,2
-0.08196816,0.017870631,0.6229314,2
0.7389016,-0.14784965,0.023810836,0
0.59523606,-0.034783885,-0.014699966,0
0.5301496,-0.17560388,0.051990684,0
0.6486522,-0.40092543,0.028837945,0
0.108781025,0.06677941,0.5230198,0
0.54091823,0.0062902793,-0.31773943,1
0.5428975,-0.06434488,-0.05078239,0
0.07925597,-0.04506617,0.49643177,1
-0.0005044937,0.60605544,-0.12649402,1
-0.48609108,0.2310715,-0.65926707,2
-0.069352984,0.27563226,0.55240476,2
-0.5532587,-0.5589771,0.30884564,2
0.7005789,0.1266804,-0.53854173,0
0.04338257,0.43676063,0.09310198,1
0.64084804,0.13576017,-0.39464623,0
0.82167596,-0.23275778,-0.19499893,0
0.47296536,-0.0022503883,0.07874413,0
-0.69539315,0.14148545,-0.70669967,2
0.37576085,0.15562245,0.7309811,0
0.594566,-0.2613062,0.05720148,1
0.24884157,0.60803294,-0.11307421,1
0.13236734,0.44104528,0.42394236,2
0.20859055,0.48596972,0.20835327,1
0.6238495,-0.48445094,-0.039815105,0
0.42268234,0.38998288,-0.2246395,1
0.6333221,-0.6116999,0.08345555,1
0.710335,-0.03134659,-0.6352202,1
0.76431036,-0.040101774,0.026664443,0
-0.4726715,0.11800575,-0.6920319,2
0.6777731,-0.12730053,-0.2419276,0
-0.06976181,-0.0555112,0.33731285,2
0.43169442,0.5533651,0.30458078,1
0.43703455,0.5890684,0.37324345,1
-0.17852765,-0.30941093,0.54220873,2
-0.12757471,-0.22220287,0.10657625,2
0.42009377,0.34089136,0.54589117,0
0.5047512,-0.28471312,-0.050953925,1
-0.75960577,-0.12686147,-0.4912976,2
-0.2184537,-0.5170323,0.32712042,2
-0.10760149,0.50086427,0.016661383,2
0.7089788,0.06879283,-0.17664771,0
0.54665196,0.0137771405,-0.03577289,0
0.32858515,0.42959276,-0.16884826,0
0.28070426,0.42919075,0.6495851,1
-0.59276277,-0.27505133,-0.08795297,2
0.36250997,-0.31898344,0.19507006,1
-0.33298707,-0.30409786,0.15588003,2
-0.61433285,0.2575503,-0.8705214,2
0.054707646,0.22430456,0.5189256,2
-0.25300628,0.49437004,-0.3063905,1
-0.34630668,0.01427,-0.29540664,1
-0.4665563,-0.46884632,0.05008506,2
0.2908784,0.19554272,0.6031829,0
-0.4961393,0.075489774,-0.6221751,2
0.11553673,0.6562848,-0.17290202,0
0.14363006,0.576945,-0.09282249,1
0.7006426,-0.12181635,-0.0076142326,0
0.7485381,-0.13105784,-0.064486526,0
0.3896482,0.4150118,0.4467817,1
0.3923863,0.4123105,0.48343346,1
0.45395628,0.23370337,0.25563863,1
0.11083322,0.20019072,0.62024546,2
0.22283229,0.41980454,0.26857197,2
0.369557,0.4681143,0.52426815,1
0.9093325,-0.22478151,-0.23718715,0
0.6189448,-0.31838316,-0.11299567,1
0.18320811,0.14898813,0.51413524,1
0.8628881,-0.25665015,-0.21778682,1
0.39263874,0.6607621,0.17952815,1
-0.47225064,0.12561238,-0.47694176,2
0.35939622,-0.4543234,0.1012631,1
0.15673307,0.06871201,0.7541235,0
0.23968036,-0.08861926,0.58748454,0
-0.57209605,-0.7588295,0.6249005,2
0.90219235,0.093987316,-0.6250653,1
0.28409094,0.4451241,-0.13717699,0
-0.28898162,-0.4321059,0.3195267,2
-0.011113659,0.65447134,-0.22227487,1
0.28474268,0.6885954,-0.03129001,1
0.25345454,0.48132855,0.58135563,1
-0.030981809,0.5855478,0.00014143065,1
0.54107517,-0.31977388,0.016019233,1
0.19478245,0.49896407,-0.40527907,0
0.052762374,0.046078503,0.44268674,2
-0.36278266,-0.529888,0.62994295,2
0.4818311,0.24148978,0.31732103,0
0.5946002,-0.40008044,-0.12894458,1
-0.22562197,0.11378762,-0.19674726,2
0.44052756,0.72572476,0.11690821,0
-0.19576257,0.28247964,0.24869649,1
-0.10339907,0.064466916,0.2572259,2
-0.15982732,-0.105857804,0.25938964,2
0.83187664,-0.29637292,-0.07609455,1
0.7686112,0.090376556,-0.67415994,1
0.049067482,0.5591466,-0.27406928,0
0.50003505,-0.3605816,-0.13556123,0
0.36857417,0.5161114,0.015540767,0
-0.55330664,-0.4041003,0.17212689,2
0.5028428,0.14250782,-0.40187272,1
0.89608824,0.108167484,-0.6533123,1
-0.032014728,-0.08863242,0.3262785,2
0.09087746,0.6253588,-0.20100293,0
0.4220515,0.72210324,-0.038656615,0
0.61578125,0.0925378,-0.51584435,0
0.16747993,0.14562881,0.41280523,1
0.10005885,0.33092996,0.4815188,2
0.44011196,-0.47812194,0.16729975,0
-0.21672675,0.30125222,-0.22117707,2
0.055438384,0.60873693,-0.029702142,1
0.5037148,-0.4124648,0.015943572,1
0.23255344,0.0952593,0.69261646,1
0.70208526,-0.21271127,-0.082955495,0
0.60126114,-0.08384468,-0.16078159,0
0.51173866,0.48841187,0.49922803,0
0.095708534,0.16126451,0.59969246,2
0.57257855,-0.3192635,0.047029242,1
0.6790483,-0.18195559,-0.0058393665,0
0.041493118,0.5120391,0.15543368,1
0.6439599,-0.075915664,-0.012670122,0
0.056576476,0.5708027,0.050337378,2
-0.5209536,-0.41727036,-0.14486437,2
0.08763918,0.23736958,0.6616602,1
0.47083357,0.3118366,0.19882715,1
0.12669367,0.14542753,0.66875124,2
0.64853525,0.08521031,-0.57058877,0
0.40616637,0.5316397,0.3180963,1
0.3427599,0.36208114,0.53859144,0
0.55582607,-0.15612216,0.11612305,0
0.25303963,0.19979161,0.6065301,1
0.28824174,0.0358238,-0.54371023,1
0.13012606,0.500237,0.058202323,2
0.09395004,0.3174039,0.4185278,1
-0.47135806,0.10166074,-0.6813493,2
0.46121675,-0.09805173,0.37332714,0
0.103008896,0.06608946,0.6846954,2
0.31797683,0.3936402,0.32493728,1
0.4976401,0.32961997,0.22441506,1
-0.44023037,-0.45879132,0.13551894,2
0.35079813,0.26538837,0.5969552,1
0.07031605,0.0014216006,0.4017577,1
0.6201642,-0.37140906,0.022555735,1
0.35786813,0.3554068,0.13354737,0
0.21133393,0.21918805,0.52119756,2
0.7215516,-0.2999961,-0.058123432,0
0.032763064,0.12489647,0.36574417,2
0.6032789,-0.08522466,0.0271955,0
0.4447075,-0.12625356,-0.5724907,1
-0.33070332,0.1075241,-0.41749427,2
0.12149244,0.15471512,0.62711465,2
-0.35952985,-0.49320513,0.5393021,2
0.47221407,0.00989506,-0.6818735,0
0.23312525,0.21288612,0.7510288,0
0.7332577,-0.0127346665,-0.11184971,0
-0.53043705,-0.41643918,-0.002840422,2
0.3079615,0.76165986,-0.030593596,1
-0.4618352,0.16057336,-0.6353304,2
0.63004935,0.15641558,-0.3673531,0
-0.2200841,-0.30014664,0.4895158,2
0.43310925,0.6249203,-0.13168858,0
-0.6932142,-0.55157673,-0.05603154,2
0.61490697,-0.066073745,0.03238475,0
0.6112572,-0.005831912,-0.014504455,0
-0.1575827,0.023520678,-0.24041578,2
0.8036346,-0.3539527,-0.03674715,1
-0.63745815,0.20100023,-0.6314381,2
0.6849587,-0.11681664,-0.5960905,1
-0.17180154,0.33398697,-0.22846568,2
-0.13053864,0.49551865,0.04927952,2
-0.33538634,-0.3925421,0.30094373,2
0.39780706,-0.33608484,0.123171054,1
0.43790805,0.62830305,0.5636209,1
-0.22152713,-0.42165136,0.43302912,2
-0.14903489,0.7238976,-0.33858833,1
-0.13013917,-0.2583535,0.15223578,2
0.2436747,0.7740688,-0.07394473,1
-0.5499078,0.18616882,-0.66254836,2
0.48191434,0.5354712,0.23997702,0
0.45634392,0.045913137,0.33298722,0
0.061353818,0.43619815,0.17826106,1
0.25307712,0.8959108,-0.16660792,1
-0.41925067,0.20281048,-0.27123752,2
0.5874716,-0.054232486,0.02978814,0
0.099505804,0.107733876,0.7177497,2
0.6440433,-0.27678588,-0.09549563,1
-0.33702755,0.10087942,-0.23337463,2
-0.43465292,-0.040746026,-0.31689155,2
0.40449315,0.31726974,0.49968198,0
-0.6216837,-0.44512254,0.0057258904,2
-0.522415,0.15303154,-0.58784467,2
-0.4302323,-0.068565145,-0.31354254,2
0.8107542,-0.14578903,-0.11735776,1
0.042258203,-0.03594266,0.4561073,2
0.29582208,0.07089764,0.61058086,2
0.11916024,0.46551397,0.5568495,0
0.36323455,0.6962297,0.1671432,0
0.41262132,0.15989845,-0.4869576,0
0.107941814,-0.01577656,0.71924347,1
0.43825462,0.53166044,0.5742433,0
0.79156685,-0.10950807,-0.066475555,0
-0.2841645,0.18763,-0.35539907,2
0.32377762,0.27473855,0.55197424,1
0.75920236,-0.25785923,-0.20350283,1
-0.59041625,0.07444363,-0.66617817,2
-0.18677491,-0.11493462,0.31647357,1
-0.19999856,-0.08393185,0.3139496,2
0.419093,0.7638399,0.24387017,1
-0.121097416,0.5396513,-0.04595334,2
-0.41756314,0.24609521,-0.5629998,2
-0.6457132,-0.64705116,0.19061683,2
0.45640975,0.3766107,0.15025395,0
0.08418262,0.31851897,0.6001026,2
0.017001495,0.46734503,0.22657496,2
0.107982665,0.57319057,-0.13061959,0
-0.42982596,0.04704173,-0.43597797,2
0.6817668,-0.33989617,-0.15598774,1
0.28695607,0.4213409,0.22039415,1
-0.34475523,-0.46802676,0.15729123,2
0.06617181,-0.069217846,0.9118531,2
0.078675985,0.14414255,0.6660762,2
0.11593968,0.44777405,0.1071129,1
-0.7201305,0.29906517,-0.7483102,2
-0.05961013,0.19690153,0.30914164,1
0.634244,-0.23838946,-0.06221942,0
0.6035555,-0.3057265,-0.01743073,1
0.4638409,-0.2727105,0.012408536,0
-0.5123001,0.115562454,-0.386044,2
0.16318427,-0.7809161,0.28867322,1
-0.25085822,-0.17567118,0.10071781,2
0.52057004,0.12329963,0.11391144,0
0.0066494644,0.012081008,0.45100737,1
0.5372141,-0.31193486,0.015552871,1
0.0824869,0.17011158,0.48555174,1
0.6042383,-0.12985641,-0.18071795,1
0.60793924,-0.09135838,0.05683412,1
0.7354589,-0.25504667,-0.1545491,1
0.15273693,0.58398277,-0.25540632,0
0.45338696,-0.36229742,0.16619505,1
0.6850462,0.2200592,-0.3667031,0
0.4248464,0.16085273,-0.37348747,0
-0.27303314,0.17291492,-0.29800048,2
0.1557568,0.2758307,0.39142552,0
0.29558992,0.31888878,0.6476039,0
-0.5109484,-0.03768617,-0.295179,2
0.5798434,0.25223702,-0.77771884,1
0.42658168,0.22671433,0.33982036,1
-0.27259937,0.31373417,-0.22330898,2
0.81933886,0.1354528,-0.5518154,1
0.6003548,-0.2470161,-0.04395914,1
0.45450565,0.53958535,-0.24314627,0
0.27373552,0.43246967,0.26832062,1
0.5983143,-0.32664588,-0.119663164,1
0.34655714,0.5853318,0.087690145,0
0.025894359,0.19118428,0.44731367,1
0.5300425,-0.02238971,-0.37603298,1
-0.23959643,-0.43036053,0.61452407,2
0.7213998,-0.27065292,-0.21679837,0
0.13840386,0.15626654,0.6205205,2
0.30223602,0.6147859,0.22457162,1
-0.48251784,0.20266421,-0.8163616,2
-0.039466828,0.47795722,0.10747392,2
-0.4007392,0.04574568,-0.52393883,2
0.26699108,0.18357915,0.5845588,1
0.028053954,0.51979536,-0.08893238,0
0.16232115,0.08032268,0.41213143,1
0.14293775,0.16321625,0.4908742,1
0.6494093,-0.18954572,-0.103150874,1
-0.5310645,0.049921762,-0.6821709,2
-0.6003963,-0.017926902,-0.64987856,2
-0.2882793,-0.010966368,-0.16530767,2
0.15223837,0.5950484,0.058584336,1
-0.3421979,0.08042969,-0.5646372,2
0.564712,-0.17359677,0.10540636,0
0.24094,0.55903053,0.15499488,1
0.18439902,0.16277176,0.74043,2
0.4109009,-0.16858304,0.14611253,1
0.70975316,0.19855899,-0.49310935,0
-0.6213091,0.004212152,-0.48783195,2
-0.048897773,0.3868732,0.034171477,1
-0.08485997,-0.22972041,0.14340386,2
0.74161506,-0.4456464,-0.063674465,1
-0.3480566,0.12751235,-0.32341725,2
-0.5264364,-0.420785,0.05609349,2
0.28860885,0.0920673,0.6727965,0
0.6858863,-0.09461643,-0.045363665,0
0.66489875,-0.14776583,0.049983077,0
0.3097305,0.5611816,0.19428277,1
-0.5951573,-0.14833382,-0.4677331,2
-0.41719908,-0.5239701,0.46189892,2
0.7419218,-0.12385562,-0.21523929,0
0.27211416,0.22685908,0.64679307,1
0.7835514,-0.039681144,-0.5790665,0
0.19788745,0.14093807,0.59087163,2
0.041844264,1.1079013e-05,0.7594593,2
-0.5574742,0.10901766,-0.5909842,2
0.28272977,0.5674853,0.1289244,1
0.7631265,-0.14014061,-0.12604016,1
0.31717303,0.4179882,-0.1742465,0
0.30111456,0.62926453,0.03398244,0
0.49044922,0.22225145,-0.6545122,0
-0.43070424,0.14254522,-0.7073992,2
-0.47981435,0.072765574,-0.5190614,2
-0.48936218,-0.03957925,-0.2189992,2
-0.63082784,0.13905725,-0.5998187,2
0.70115554,0.10437472,-0.07694389,0
0.07787326,0.14736181,0.6862884,2
0.27300167,0.8275799,0.1068781,1
0.2551409,0.2145718,0.5845718,2
-0.58584046,0.0502818,-0.6719738,2
-0.44053346,-0.03485606,-0.32392213,2
0.71397424,-0.37138224,-0.09528501,1
0.5884267,0.051581208,0.062534116,0
0.1341117,0.5852413,-0.49428833,0
0.28393066,0.37696898,0.5946,1
0.76051617,-0.14936307,0.02267438,0
0.43839872,0.08047526,0.41356933,0
0.7579518,-0.21966866,-0.099324435,0
0.0847249,0.17307895,0.6237956,2
0.36407274,-0.19485465,0.07532474,1
0.3801949,0.41906142,0.39566445,0
-0.42596418,-0.5178853,0.062075898,2
0.31457436,0.63734794,0.22529599,0
0.08793673,0.48036924,-0.07110631,0
0.13018665,0.45741504,0.35129154,1
0.10656551,0.12617993,0.70844436,1
-0.5867032,-0.6900245,0.35220608,2
0.42651278,0.2223912,-0.7693884,1
0.38292456,0.47954044,0.6101308,0
0.20099294,0.25891536,0.6163728,2
0.24265884,0.4543484,-0.30346188,0
0.7745152,-0.25188002,-0.14979747,1
0.008917883,0.45952863,0.12579352,2
-0.3673796,0.07589786,-0.39222315,2
0.75800955,0.077519156,-0.048630215,0
0.43778238,-0.8867658,0.2701266,1
0.34168202,0.50196826,0.12522885,0
0.6283232,0.049548537,-0.53966695,1
-0.38949794,0.09003547,-0.3333103,2
-0.529927,0.2180112,-0.71510375,2
-0.60958743,-0.4831795,0.08332442,2
-0.53194314,0.14748329,-0.6102204,2
0.40481788,0.4166254,0.5446863,1
0.3572549,0.57232606,0.1343722,0
0.74476165,-0.20039296,-0.14484318,0
0.054874063,0.49136227,0.33192718,2
-0.10817748,0.50317574,0.07168012,2
0.5581389,0.027531385,-0.5970842,0
0.17957176,0.7000974,0.07036313,1
-0.58914423,-0.84329873,0.5103967,2
0.46748227,0.11733435,-0.5323309,0
-0.22548458,0.19743471,0.25640225,1
0.5731908,0.110054165,-0.52606285,1
0.7071037,-0.29694498,-0.11778177,1
0.68793726,-0.088433,-0.26177502,1
0.5881506,-0.32076246,-0.04658843,1
0.22056842,0.5308459,0.11289734,0
0.28052375,0.049964845,0.4634635,0
0.39802682,0.6274683,0.14339548,1
0.2486174,0.61359376,0.30934688,1
0.5062979,0.36341676,0.5983228,1
-0.2874422,0.04952112,-0.21227992,2
0.46384674,0.5317117,-0.023103721,0
-0.4577343,0.21936199,-0.6265109,2
-0.15834898,-0.094877675,0.39278468,2
0.70459473,-0.4458093,-0.038271464,0
0.18536246,0.455285,0.333897,1
0.40712577,-0.13993314,0.06896344,1
0.29190278,0.17545891,0.6082074,1
-0.45021546,-0.43774527,0.1132911,2
0.19620408,0.5502719,0.09764492,1
0.4264834,0.017557554,-0.49606985,1
0.30534664,0.11241899,0.60405594,1
0.4869784,0.371291,-0.0015604682,1
0.16017523,0.16609922,0.5237788,1
0.3845265,0.3987852,0.2789399,0
0.6046799,-0.19789183,-0.13075916,1
0.03220409,0.76073515,-0.22230187,0
0.32220972,0.7322895,0.29805443,1
0.44274786,0.22777624,0.10654907,0
0.13070774,0.15778479,0.59939474,2
-0.41462272,0.41489434,-0.44152218,2
0.74048,-0.05902821,-0.35636097,0
0.0006249398,-0.117551595,0.80201954,1
0.559799,-0.2869344,-0.12326527,1
-0.4754191,-0.67357224,0.41727114,2
0.6723996,-0.23362166,-0.11683981,0
0.8314058,-0.374376,-0.1961139,1
0.19533624,0.45857254,0.64900273,1
0.26662958,0.13881344,0.31901035,0
0.36077145,0.17674871,0.54859334,0
0.047591493,-0.048634924,0.8536777,0
0.10520741,0.16396908,0.5458308,1
0.88374686,-0.39742872,-0.17795597,1
-0.01469101,-0.19004795,0.5291759,2
0.15620467,0.05590415,0.5802558,1
0.38197696,0.42727095,0.59707266,0
0.087250546,0.07247573,0.29489464,2
0.64633006,-0.012071617,-0.15272704,0
-0.17160392,0.036315594,-0.13739923,2
0.1255134,0.06636085,0.66774166,2
0.47242692,0.65759957,0.08026272,0
0.33899146,0.39037898,0.52644825,0
0.589697,0.11673594,-0.6222047,0
0.70770633,-0.06635654,-0.04344649,0
0.17531864,0.56921846,0.15432188,2
0.17848207,0.19204006,0.7713554,0
0.0857245,0.50655055,0.09618975,2
-0.59112525,0.20635688,-0.7608725,2
0.3601502,0.3482073,0.5334757,1
0.8773535,-0.056712247,-0.14666182,0
0.28288725,0.5196239,-0.32559764,0
-0.42209756,0.1833041,-0.6339018,2
0.09770566,0.15672903,0.6187563,2
-0.6108148,0.17634794,-0.73222727,2
-0.31156534,-0.5462738,0.3369454,2
-0.1994468,-0.2946747,0.3902731,2
0.3713053,0.087008476,-0.6299872,0
-0.5604436,-0.02484104,-0.38011673,2
0.48314628,0.41353253,0.19244012,0
-0.04668337,-0.004612796,0.204402,1
0.13087472,0.18221478,0.5285144,1
0.5408907,0.42960003,0.50259304,1
0.33399513,0.69253737,-0.15748258,0
0.2780713,0.27711743,0.4902022,0
0.2025891,0.3161255,0.46114907,2
0.39910173,0.49834263,-0.3011695,0
0.2795929,-0.524951,0.3158622,1
0.38282654,0.22473623,0.19246595,1
0.91766167,0.061427902,-0.6580176,1
0.28715634,0.5089921,-0.27973807,0
-0.14045036,0.3521191,0.0143284425,2
-0.45802337,-0.021702059,-0.36476377,2
0.12775728,0.15116224,0.59351337,1
0.40872875,0.6750769,0.2442932,0
0.53247124,0.15721026,-0.033255517,0
0.5327323,0.008113779,0.078247294,0
0.62721884,0.06526778,-0.62716967,1
0.11948946,0.4439548,0.41576028,2
0.07020064,-0.09634389,0.4127066,2
-0.6281534,0.07474298,-0.62121046,2
0.34598142,0.4781202,-0.08780025,0
0.7321936,-0.23900038,-0.12582488,1
-0.39300174,-0.60442483,0.59150517,2
0.44590297,-0.28689608,0.026410094,1
0.34938323,0.44965136,-0.077053025,0
0.36790365,0.4091232,0.5571914,1
0.3986563,0.32909942,-0.194542,0
0.118214354,0.26185638,0.5098512,2
-0.6245512,0.19725807,-0.8831481,2
0.22106971,0.5521128,0.21859585,0
-0.34184074,-0.47441512,0.38311037,2
-0.5431624,0.060010668,-0.673989,2
0.34211785,-0.35358745,0.08280157,1
0.52695876,-0.47542357,0.17498139,1
0.65869784,-0.23566353,-0.15615708,0
0.39681953,-0.24096394,0.07882618,1
-0.39311916,0.07021955,-0.4610024,2
-0.437774,0.08529872,-0.5327303,2
0.46003717,-0.1007487,0.07496844,0
0.452994,-0.008900486,-0.30677494,1
-0.60360706,0.23013575,-0.7737145,2
0.48915267,-0.47647655,0.26589152,0
0.68757105,-0.44487733,-0.104570806,1
0.17672983,0.2954862,0.42197803,2
0.4368146,0.71241164,0.12082242,1
0.6806004,0.11762625,-0.5561344,1
0.40829045,0.575267,0.286577,1
0.21440497,0.23933356,0.5077696,2
0.6838907,0.123857304,-0.4757656,0
0.5107887,-0.3799321,0.062738076,1
0.75622416,-0.028191693,-0.050949767,0
-0.4280252,0.27438048,-0.48365092,2
0.63891655,-0.44843566,0.06822641,0
0.59413445,-0.018325254,0.016829178,0
0.7167042,-0.088618785,-0.095534,0
0.12509044,0.033920094,0.7274217,1
-0.17835876,-0.011787176,-0.2419273,1
-0.2784802,0.59747297,-0.13762467,2
0.5008593,0.11251326,-0.1433904,0
0.76093477,0.03576587,-0.305091,0
0.6112688,-0.39975065,0.05301028,1
0.38298464,0.6105437,0.16661131,0
0.76192796,-0.117920294,-0.14172332,0
0.23283023,0.5553965,0.15764418,0
0.37714794,0.50074196,-0.24929452,0
0.35135162,0.50996166,0.16685748,0
0.5031183,0.46257365,0.5195726,0
0.29848024,0.08582352,0.65440935,2
0.027716935,0.19458097,0.7340446,2
-0.33218747,-0.6165097,0.62216514,2
0.24783702,0.098286495,0.59978765,0
0.16563103,0.2997493,0.5492592,2
0.888264,-0.07044391,-0.19156002,1
0.46392724,0.6015143,0.23796245,1
-0.59411037,0.13291618,-0.5935085,2
0.44636965,0.09692082,0.41354707,0
0.19373174,0.68758476,0.011116359,0
0.68714595,-0.16356397,-0.1741925,1
0.22125562,0.7140793,-0.1450941,0
-0.49453008,-0.4632849,0.08439346,2
0.4226236,0.44096622,0.3166083,1
-0.39809698,-0.60719365,0.6811493,2
0.018947303,0.57047814,-0.06401431,1
0.21744394,0.53509665,0.1882593,0
0.09452005,0.110857196,0.69072384,2
0.45138016,-0.28760898,0.11220037,1
-0.64686996,-0.46280533,0.060235504,2
0.45295787,0.25382367,0.58405465,1
-0.37106752,-0.65728796,0.67670995,2
-0.4874764,-0.0678923,-0.39566532,2
-0.35521126,-0.31227386,0.27010423,2
0.4602859,0.44258606,-0.30564234,0
0.08908495,0.7924441,0.08459097,1
-0.0909971,0.06172255,0.2496965,2
0.13420129,0.6787833,0.021693494,1
-0.6224743,0.035843883,-0.59668386,2
0.5597567,-0.3440844,0.18812749,0
0.20046367,0.24332328,0.44613278,2
-0.44462407,0.24932355,-0.6406373,2
0.57287896,0.091967516,-0.54453534,1
0.6245403,0.22401963,-0.6122755,1
0.6447822,-0.049484566,-0.3163715,1
-0.13108155,-0.14748108,0.32094005,2
0.3275406,0.55445874,0.26588526,1
0.674965,-0.40632996,-0.03212466,1
-0.29933286,-0.2895262,0.28128785,2
-0.10973093,-0.21146297,0.88520294,2
0.36571205,0.32364076,0.53490555,0
0.296225,0.25011396,0.54276943,0
-0.100125015,-0.24918652,0.14664373,2
-0.1807341,0.03346489,-0.3276727,2
-0.12137893,0.14684033,-0.069162056,2
-0.5393439,-0.046212353,-0.33491483,2
0.016993314,-0.13888532,0.8862319,2
0.561327,-0.4927925,0.0217904,1
0.07836771,0.05519367,0.7689828,2
-0.282313,-0.4721151,0.2889665,2
0.61729294,0.015981454,-0.5801462,0
0.29144973,0.541072,-0.19354461,0
0.23971353,0.45511696,-0.29326147,0
0.45051134,0.49822113,-0.027840406,0
0.2510703,0.5786796,0.18571337,1
-0.35057282,0.0434466,-0.35261694,2
0.44837046,0.3573484,0.57849795,0
0.1529367,0.6211321,0.02677649,1
-0.17548972,0.5448618,-0.19855167,2
0.05760275,0.037317213,0.23979244,1
0.013650686,-0.043909222,0.73633564,2
-0.1507478,-0.34137788,0.23803653,2
0.67904454,-0.1879994,-0.10473059,1
-0.6498664,0.0053403266,-0.51235354,2
0.5226659,-0.074502975,-0.2580421,1
0.6745336,0.029371489,-0.5018278,0
0.4001264,-0.33288187,0.12499079,1
0.8009174,0.006811153,-0.3014799,1
-0.27047965,-0.19403738,0.065559685,2
0.519522,0.44497204,0.16173506,0
-0.08327535,0.16730767,0.290086,1
0.528034,-0.029493243,-0.41723114,1
0.44964528,0.1115538,-0.7152061,1
0.34593633,-0.20136082,0.18859515,0
0.6357868,-0.10122451,-0.07110358,1
0.17492789,0.5526869,-0.07654376,1
0.3141852,0.67660725,-0.1066131,0
0.34628308,0.48506197,-0.28456676,0
0.2671576,0.12450507,0.5094552,1
-0.6264052,0.14311454,-0.72474027,2
0.14940457,0.33360142,0.48994455,2
-0.15175784,0.049026348,0.29048035,2
0.35072345,0.30444038,0.59371966,1
0.6936197,0.092855155,-0.4788912,0
0.26215002,0.5744626,0.17724708,0
0.19303958,0.62630725,0.034657493,0
0.29367298,0.3561,0.46742636,1
-0.5370556,0.16440791,-0.7151648,2
0.84670436,-0.041365303,-0.17532793,1
0.1098408,0.51082456,0.042464312,2
0.49581894,0.34663084,0.2109856,1
0.10602741,0.29975826,0.5717704,2
0.447918,0.15408349,0.5000439,0
0.69028413,-0.116520435,-0.22507116,1
0.073630825,0.47970036,0.27634174,2
-0.70998776,0.20376752,-0.91493684,2
0.5225934,-0.36271638,0.07958556,1
0.35518968,0.33342612,0.45445275,0
0.00811255,-0.01464434,0.31681573,2
0.7452392,-0.101767346,-0.10774845,0
0.7478777,-0.058994576,-0.29812762,0
0.78702146,-0.47959703,-0.0372606,1
0.78975034,-0.04596445,-0.09041461,1
0.561576,-0.25843123,0.01911505,0
0.34022635,0.42092326,0.5310284,1
0.49619743,0.14247002,-0.51515806,1
-0.7067843,-0.9023857,0.49282977,2
-0.32605267,-0.3824449,0.4097458,2
0.50220287,0.22837126,0.62319654,1
0.35543537,-0.44504696,0.13842395,1
0.84564024,-0.15634094,-0.18542705,0
0.044082627,0.44074968,0.38976067,2
-0.53827363,0.26990592,-0.7499648,2
0.42894715,-0.4661522,0.23836915,0
0.6739908,-0.2528587,-0.09069352,0
0.58081853,-0.024577148,-0.38576734,0
0.63649285,-0.4351114,0.08012981,1
-0.14455423,-0.24113426,0.38185143,2
0.45104745,-0.08629191,-0.0883888,1
0.011822313,0.4304505,0.20451476,2
0.007756129,0.4131983,0.21480115,2
0.35112756,0.14751928,-0.8953638,1
0.19213305,0.19668351,0.66543937,1
0.8189002,-0.13653265,-0.12175739,0
0.20385675,0.15448713,0.605456,1
0.107690856,0.46501443,0.26563632,2
0.6100874,-0.3595241,-0.0631379,1
-0.6140153,-0.0023136437,-0.50239074,2
0.7712321,0.043582723,-0.1536865,0
0.3326143,0.55844,0.0018814355,0
0.41625604,-0.33055907,0.09018002,0
0.07078573,0.4418711,0.27330628,2
0.74868125,-0.31477115,-0.030216634,1
0.3828596,0.4526737,0.24064386,1
0.53501594,0.16363846,-0.29766232,0
-0.50506806,-0.5085918,0.38068667,2
0.31993455,0.23958266,0.48323086,1
0.27634948,0.21896134,0.4943871,2
0.40605736,0.30293357,0.49311087,0
0.039568067,-0.05673582,0.48907775,1
-0.028919354,0.65808576,-0.14787312,2
-0.30769646,0.19623739,-0.23970318,2
0.17006771,0.07224683,0.63479024,2
-0.57233673,-0.3704401,-0.0061588064,2
0.6804097,-0.34762102,0.05574572,0
0.29452777,0.16339523,-0.70918524,0
0.22654042,0.31329387,0.47016525,2
-0.44552022,0.00025796145,-0.25448465,2
0.26914442,0.2232176,0.6924167,1
-0.2575432,0.07409261,-0.2300632,2
-0.24241233,-0.38287726,0.34478435,2
-0.100112855,-0.15600286,0.9741042,2
0.67221653,-0.33797073,-0.101202786,1
0.16235699,-0.07553987,0.8025124,0
0.502462,0.41980416,0.48673013,1
0.10721852,0.10524574,0.72551453,2
-0.42466635,-0.054770738,-0.42627499,2
-0.09784013,-0.22390968,0.38792962,2
0.7003966,-0.044961333,-0.60330045,1
0.0911686,-0.05061546,0.3413522,1
-0.032639712,0.42123297,0.19721065,2
0.28730428,-0.3726714,0.2212709,1
-0.34121788,-0.086130455,-0.21137929,2
0.3466496,0.43757138,0.0068222247,0
-0.811718,-0.6318529,-0.05903876,2
0.46598935,-0.27727997,0.08267307,0
0.6404562,-0.26007494,-0.0005713254,1
0.3330046,0.57503915,0.33623877,1
0.46711004,0.49021152,0.56651336,0
0.62392837,-0.57546234,0.050603475,0
0.7737481,-0.124859974,-0.18449265,1
0.009009376,0.55232275,-0.1200058,0
0.47614807,0.36217296,0.32463664,1
0.35329366,0.30683583,0.53289616,0
0.22090486,0.2063806,0.56678593,2
0.26958555,0.24986908,0.5169282,1
-0.5252275,0.14919436,-0.67665356,2
0.20955798,0.44250903,0.09280358,1
0.9136491,-0.12400751,-0.39225614,1
0.056951344,0.052476794,0.6840097,2
-0.13487807,-0.37025455,0.22419332,2
0.68810594,-0.2375215,-0.10442616,1
0.5879694,-0.29453266,0.047081016,1
-0.020029008,0.62095994,0.008948091,1
0.5454246,-0.009786516,-0.6003807,0
0.17298552,0.5871165,0.40887514,1
0.12040272,0.52151674,-0.49630797,0
0.47172797,0.20391552,0.6060779,1
0.47994173,0.42048305,0.5554666,0
0.3299341,0.1252527,-0.32197618,0
0.7216553,0.088884905,-0.5341913,0
0.2311019,-0.06702678,-0.36538354,0
0.5844108,-0.27989367,-0.16010927,0
0.78315103,0.10653824,-0.50769806,1
0.6898026,0.19574924,-0.57419705,1
0.014875576,0.682304,-0.26314762,0
0.37008765,0.42759624,0.34048292,1
-0.14258736,-0.27256736,0.17109662,2
0.11386881,0.513156,0.19499148,2
0.4866971,-0.40500972,0.22407952,0
0.117301136,0.08593747,0.6834203,2
-0.018283114,0.08168646,0.58631945,2
0.8926212,-0.16575225,-0.30786398,0
0.5307268,-0.17935131,0.090704575,1
0.4875879,0.35600463,-0.6170641,0
0.67743367,-0.28530478,-0.052517995,1
0.096578375,0.038614836,0.7492592,2
0.3276458,0.5358708,0.254634,0
0.29794925,0.2338227,0.3664153,0
0.005302936,-0.0944179,0.36896604,1
-0.286636,-0.07822102,-0.18805489,2
0.38452858,0.55114484,0.17457683,1
0.36533117,-0.33303168,0.2107863,1
0.18883242,0.46852356,0.20939371,2
-0.18772581,0.059021365,-0.10711837,2
-0.62728834,0.059399266,-0.7720538,2
0.5114648,-0.008980088,-0.55186766,1
0.18175763,0.61865443,-0.30655068,0
0.19478133,0.1274082,0.70765036,2
0.75232637,-0.11867267,-0.10353087,0
0.24452394,0.191899,0.7074743,0
-0.42689216,0.032946985,-0.38180798,2
0.40901124,0.56840986,0.061937734,0
-0.32702857,-0.4250368,0.3159647,2
0.21250309,0.692063,-0.18793537,0
0.2362086,0.11957035,0.4514271,1
0.107690334,0.55253565,-0.037011795,1
0.24222419,0.47934896,0.009043504,0
0.8145674,-0.0559567,-0.18189013,0
0.2954033,0.55189705,0.15370625,1
-0.18964055,0.02781976,-0.08970043,2
-0.56813806,0.15288293,-0.59955424,2
0.49474496,0.22853315,-0.44252887,0
0.5687213,-0.5156153,-0.19501115,0
0.25695366,0.035791345,0.72689074,0
0.2903453,0.48097858,-0.20695949,0
-0.15208444,0.3641677,-0.032703474,2
0.38080645,-0.4089637,0.33745873,0
0.34230816,0.35705045,0.47384292,0
0.13085192,0.17191407,0.6226185,2
-0.3668852,-0.51669014,0.1912433,2
0.33108082,-0.50949615,0.06505175,1
0.3983042,-0.22037315,0.21986346,1
0.74513614,-0.36927745,-0.0711369,1
0.68579334,-0.3423709,-0.11341038,1
-0.41237468,0.17809495,-0.58065003,2
0.31438386,0.21431041,-0.29043722,0
-0.2685284,-0.39309487,0.12625316,2
0.2733954,-0.5123845,0.2820999,1
-0.4394837,-0.5148518,0.3754453,2
-0.15232545,-0.027285025,0.29168588,2
0.18395604,0.036236316,0.7187005,2
-0.0026224703,0.44760987,0.17649424,2
-0.31150424,0.13582444,-0.49829066,2
0.017227829,0.79235053,-0.455643,0
0.40163377,0.43250212,0.40668696,1
0.17997009,0.6586326,0.11379411,0
0.7879474,-0.45244282,-0.12990637,1
0.68940455,-0.41679654,-0.09839329,1
-0.007627204,0.09845795,-0.82632375,1
0.53749967,0.22629435,0.25227922,0
0.5638744,-0.1086881,0.022259073,0
0.747304,-0.1138463,0.010672014,0
0.5155444,0.015266057,-0.33490095,1
-0.15672001,0.74459124,-0.3636924,1
0.2845489,0.67980903,-0.079002544,0
0.59365964,-0.345859,-0.104079455,0
0.59755063,-0.03780645,-0.0025582835,0
-0.4322061,-0.46296245,0.05937203,2
0.66687655,-0.39925337,0.011594854,0
-0.48654175,-0.6000791,0.66892517,2
0.08091895,0.14927252,0.5904536,1
0.6159141,-0.35212493,-0.055372417,1
0.64996433,-0.0424771,-0.5680318,1
0.68730724,0.020530533,-0.21578369,0
0.28493845,0.54682595,-0.27534726,0
0.56600684,-0.37532336,0.045337494,1
-0.43206024,0.08145303,-0.41551748,2
0.41523856,0.12364933,0.37654942,0
0.022574663,0.16737421,0.68715155,2
0.3013667,0.23961703,0.54178935,0
0.2440261,0.49356344,0.52714235,1
0.08304338,0.3893234,0.53403246,2
0.43289378,0.6931791,0.2585688,0
0.30142838,0.30705833,-0.11327714,0
0.62437224,-0.33569255,0.059962563,1
0.29102927,0.7256859,0.04814691,0
-0.5414476,0.13207717,-0.6102084,2
0.68390936,-0.20201659,-0.027096562,0
0.11521148,0.38954073,0.3420348,2
-0.45523256,0.02648675,-0.5658159,2
0.043218955,-0.036789037,0.44856593,2
-0.046025187,0.40631613,0.22182974,2
0.3010534,0.2562527,0.5151179,1
0.2873473,0.42943993,-0.46328807,0
0.6939312,-0.43561792,0.023263924,0
0.7740132,0.12257831,-0.44710025,0
0.22764924,0.73790777,-0.20340642,0
0.50445163,-0.15585186,-0.09698132,0
-0.15259713,-0.13641986,0.3608711,2
0.73085904,-0.06626716,-0.2570846,1
0.12172152,-0.006585531,0.19992816,0
-0.02702418,0.10861647,0.83098733,2
0.2996117,0.23148985,0.48201925,2
-0.051472276,-0.0650461,0.40869227,2
0.35839596,0.7053791,0.13127442,0
0.18899035,0.3085591,0.5744031,2
-0.549396,0.11606718,-0.56143856,2
0.044315726,0.52960116,-0.22094807,1
0.45768887,0.23769553,0.43478757,0
-0.16845468,0.25129467,-0.21579725,2
0.018589675,0.23740149,0.06507824,1
-0.11106986,-0.28284478,0.32942018,2
-0.30318242,0.62120116,-0.18808621,2
-0.14400265,0.33803833,-0.009401061,2
0.07749474,0.52269685,-0.20592254,1
0.4342041,-0.23141998,0.026086643,1
0.013822734,0.08958411,0.23943405,0
0.34535632,-0.35698676,0.16191721,0
0.05827324,0.09709753,0.73259646,2
-0.7399133,0.14103281,-0.81508756,2
-0.4915399,0.04236372,-0.36878872,2
0.33432478,0.20124793,-0.34821284,0
0.43427497,0.030130189,-0.4082772,1
0.13926879,0.5023041,-0.059039094,0
0.34805596,-0.076942176,-0.40564728,1
-0.0065080225,-0.12989976,0.8773529,2
-0.19622672,-0.04026424,0.1582146,2
0.47380024,0.2292185,0.34225392,0
0.8683227,0.075815454,-0.5297116,1
0.9029733,0.09122838,-0.6587478,1
0.20190763,0.025379427,0.7149972,1
0.4375018,-0.1946984,-0.040041797,1
0.8111636,-0.29934874,-0.1464819,1
0.027211353,0.05458411,0.72485244,2
0.40902555,0.54171735,-0.12672246,0
0.26530626,-0.17175534,0.12488791,0
0.91988444,-0.25971773,-0.15697828,1
0.6363093,-0.24708354,0.03963836,0
0.27638435,0.6319737,-0.19025782,0
0.25468278,0.68760693,0.16789472,0
0.6816919,-0.33498037,-0.18371548,1
0.2940995,0.5948985,0.33512497,1
0.43172684,-0.58050483,0.27506474,1
0.738702,-0.3202999,-0.12482749,1
0.507225,-0.26033583,0.13698614,0
-0.4399439,0.0365868,-0.1754016,2
0.6952889,0.008715007,0.083046526,0
0.34166527,-0.3562896,0.06384128,1
0.8258673,0.12578335,-0.7125786,1
0.70485514,-0.2837952,-0.20253175,0
0.21561451,0.36180797,0.40152228,2
0.1231388,0.43774784,0.3986912,2
0.07411517,0.17952609,0.8250091,1
0.5550988,-0.08389516,-0.5226586,1
-0.04157269,-0.0029431656,0.30634987,2
0.05978319,0.4134815,0.315737,2
0.12740575,0.44623342,-0.16430922,2
-0.14742348,-0.22206676,0.45754644,2
-0.3207295,0.11870368,-0.40720516,2
0.5377824,-0.25015116,-0.09578341,1
0.29161417,0.23108049,0.69488627,1
0.32912916,0.6992016,0.1540573,0
0.61283755,0.16475582,0.008190073,1
0.16290447,0.519682,0.21179566,1
0.62367916,0.3668306,-0.13882108,0
0.1683057,0.24262065,0.5353685,1
0.7454674,-0.28477415,-0.10846047,0
0.4740657,0.17111495,0.34627905,1
0.4688798,-0.13783963,-0.540142,1
0.68306005,-0.206869,-0.03601011,1
0.024790525,0.09223403,0.8128241,2
0.7522433,-0.09422268,-0.117295876,0
0.1373247,0.04987754,0.7901598,1
-0.3169843,0.361226,-0.19398405,2
-0.6328196,-0.098515615,-0.4738345,2
-0.77581877,-0.13164207,-0.5291853,2
0.8135651,-0.30404398,-0.22599688,1
-0.18984619,-0.1647593,0.40769628,2
-0.53726315,0.09424312,-0.6771897,2
0.44104016,0.32756212,0.66697025,0
0.7152561,0.057309154,-0.4370583,0
0.16341047,0.3027706,0.4360762,2
0.3071206,-0.20589781,0.063695,0
0.21925955,0.47719237,-0.25725782,0
-0.030166388,0.09127459,0.8295316,2
-0.2473191,0.13055255,-0.24867949,2
-0.33042538,-0.28667128,0.08697432,2
0.77543426,-0.029268727,-0.101567686,0
-0.081451714,0.21323669,0.2594136,1
-0.65673715,0.09997613,-0.56419927,2
0.6987451,-0.37349722,-0.03992042,1
0.035218716,0.4610039,0.25847036,2
0.16154453,0.41088942,0.4082813,2
-0.6585099,-0.6406627,0.108347386,2
0.23641388,0.5944728,0.05772761,0
-0.033434868,0.31936488,-0.17332222,1
0.12796856,0.16470715,0.6852913,2
-0.27871373,-0.3063083,0.13379535,2
0.7892232,-0.3102115,-0.20798957,1
-0.16848832,-0.17750528,0.16343006,2
0.66398245,-0.21068454,-0.04505402,0
-0.15325794,-0.2798141,0.15417701,2
0.21562319,0.31805775,0.64007187,1
-0.46202284,-0.35730124,-0.056619905,2
0.23783912,0.35442924,0.43370005,2
-0.15070206,-0.12877661,0.38911211,2
0.34121296,0.7147268,0.07277265,0
0.22374819,0.6242792,-0.22405228,0
0.67044735,-0.131719,-0.018885016,0
0.15123902,0.18614127,0.73320925,2
0.62509626,-0.022109479,-0.5755532,1
0.266904,0.24571425,0.45136368,2
0.73168427,-0.2670881,-0.0920663,0
0.645265,0.2539108,-0.4174962,0
0.47079623,0.57288265,0.32891256,1
0.42680222,0.42670998,0.5252008,0
0.113773085,0.065917395,0.8487715,2
0.57310617,-0.043843396,0.016538769,0
-0.7831514,0.15740368,-0.85431796,2
0.1721153,0.5297956,-0.09987867,1
0.101130165,0.4708657,0.24384515,2
0.89610195,-0.32916757,-0.1443882,1
0.14682865,0.24717082,0.68777704,0
0.31017798,0.12734443,0.28902736,0
-0.17943344,0.1512838,-0.07674773,2
0.3061365,0.5976502,0.16528627,1
0.40179476,0.3722166,0.46682853,1
-0.13405612,-0.23253202,0.43053052,2
-0.07444543,-0.1981673,0.1455811,2
0.57202935,-0.2593036,0.0061379,1
0.41447586,-0.3108943,0.15196203,1
0.07486944,-0.047527723,0.89215994,2
0.3478052,0.3976949,-0.30011237,0
0.33847025,0.3266966,0.67385477,0
-0.39240962,-0.24734163,-0.05916573,2
0.09932916,0.07342717,0.2477628,1
-0.4757387,-0.15844549,-0.0735192,2
0.3233972,0.19689499,0.41120237,0
0.30929518,0.62627906,-0.033724375,1
0.16002658,0.6330259,0.01392632,1
0.7256994,-0.33871928,-0.13367385,1
0.1847389,0.110091954,0.67655027,1
-0.018708467,-0.06238818,0.8027224,2
0.43325716,0.25000128,0.38246644,0
0.7693707,0.20145234,-0.633019,1
-0.26149893,-0.32994875,0.11166985,1
0.3867034,0.38781717,0.3190733,1
0.25263453,0.48039523,0.26325276,0
0.75231224,-0.01671943,-0.54196435,1
0.49841243,-0.35121474,0.02829952,1
0.18832457,0.22400884,0.6234932,1
-0.68181694,-0.13623232,-0.57727414,2
0.8188163,-0.1749155,-0.29538766,1
0.76285356,0.16197714,-0.6187938,1
0.5384213,-0.08773011,0.07092066,0
0.3532498,0.43350428,0.44996944,1
-0.558862,0.14023381,-0.7196525,2
0.7498438,-0.51698756,-0.021014802,1
0.9135585,-0.16085123,-0.27074048,1
-0.44844502,0.21127743,-0.7779719,2
0.5099969,0.013359677,-0.3297974,1
0.5231218,-0.2937599,0.09505433,1
0.36254978,0.47640195,-0.3627138,0
0.4490546,0.0442719,0.32389882,0
-0.34314835,0.08035342,-0.30676293,2
0.008363828,0.43269807,0.19428618,2
-0.5170625,-0.4486547,0.014114473,2
0.6766168,0.02302115,-0.40181026,1
0.28655988,0.24435174,-0.80669117,0
-0.284258,0.0927007,-0.32942384,2
0.32871494,0.37450024,-0.12838581,0
0.482269,0.37820852,0.19126277,0
0.3071019,0.2950014,0.65029,1
0.30916107,0.42417228,-0.22107545,0
0.3907407,0.60167974,0.2068369,0
0.6202575,-0.23131531,-0.0531435,0
0.8760718,-0.13980354,-0.31384304,1
0.4171378,0.26544225,0.38280115,0
-0.08899945,0.07252343,0.7442806,2
0.07338601,0.10265468,0.8076033,0
0.6970773,-0.077291936,-0.065731205,1
0.27512616,0.0804807,0.53735685,0
-0.56534934,-0.3696511,-0.100287035,2
0.5655091,-0.1772911,-0.075198606,1
0.39736852,0.3458977,0.5667818,0
0.071147665,0.08352919,0.73238206,2
0.34870535,0.0065823793,0.29145813,1
0.6143437,-0.41862413,0.041571647,0
0.38908142,-0.40018955,0.12473111,1
0.40640345,-0.47328943,0.11158656,0
-0.30425763,0.09401053,-0.55139613,2
-0.06800622,-0.102438375,0.9241456,2
0.4725249,0.13165689,-0.88746977,0
-0.07559186,-0.06874263,0.7359968,2
0.6537558,-0.35577843,-0.009920813,0
0.6878678,0.114079505,-0.44302157,0
-0.14353067,-0.015196241,0.27449554,2
0.63754237,-0.1580073,-0.030890666,0
-0.16125345,0.30753994,0.056270067,2
0.7128601,-0.09460175,-0.0592399,0
0.8840709,-0.25653815,-0.20784405,1
0.25836143,0.24302234,0.48290431,0
0.4797085,0.44271183,0.04181128,0
0.42015243,0.14009535,0.37601465,0
0.84386384,-0.2988904,-0.16378841,0
0.6031889,-0.26898366,-0.10336909,1
0.76338464,-0.0023818016,-0.62006646,0
0.23861986,0.28109705,0.74828947,0
-0.27485377,0.058086373,-0.48890853,2
0.3348472,0.021709766,0.650216,1
0.037160754,0.41704583,0.20674585,2
0.940064,-0.25797224,-0.3066598,1
0.055717885,0.37985775,0.2905627,2
0.28073156,0.28297365,0.7195564,1
0.6957108,-0.12186499,-0.18146533,1
0.7422414,0.029983323,-0.6407343,0
0.034281462,0.09697587,0.67948145,2
0.5647875,-0.34501475,0.02573664,1
0.25129622,0.008320175,-0.7120467,0
0.60247266,0.26825446,-0.52340245,0
0.5433111,-0.2467519,0.08274087,1
0.79947305,-0.25157762,-0.10677534,0
0.46037263,-0.010785244,-0.93640316,0
0.1766008,0.2598861,-1.0,0
0.73585624,-0.06638551,-0.11882378,1
-0.55020344,-0.0033319145,-0.68655133,2
0.25091457,0.29458356,0.6851784,0
0.33972684,0.5093719,-0.12907484,0
0.79894733,0.120015174,-0.58698726,1
0.24571468,0.2665887,0.6484977,2
0.4425071,0.08913021,0.34402612,0
0.2838092,0.49442673,0.041508473,1
-0.19877696,-0.23311362,0.4385466,2
0.255754,0.443569,-0.010836996,0
0.7636659,-0.37147367,-0.12246753,1
0.6273374,0.14866114,-0.4183864,0
0.16738054,0.39600834,-0.30914265,0
0.261754,0.3979279,0.5422081,1
-0.19359818,0.02707022,0.24972245,1
-0.20453498,-0.29316536,0.45160884,2
0.2669784,0.27769488,0.50994325,0
-0.4393382,-0.3461546,-0.017494708,2
0.23067944,0.2878092,0.5362135,2
-0.4903381,0.08816606,-0.500775,2
0.12526092,0.18250023,0.6111011,2
0.5608369,-0.18886304,-0.16593817,1
0.7501601,-0.045396283,-0.101490214,0
0.8953715,-0.03344184,-0.33575982,1
0.33658814,0.2718341,0.6328965,0
0.15394846,0.026937898,0.77132064,1
0.6477845,-0.06749214,-0.016306065,0
-0.52500147,0.15568173,-0.5770435,2
-0.51218694,0.2265934,-0.70707226,2
0.40285388,0.2150105,0.39937207,0
0.50537264,-0.29903007,-0.09582335,0
0.26597205,0.29098818,0.5734651,1
0.028223261,-0.14107648,0.47254956,1
0.19101584,0.61950487,0.062333956,0
0.44938913,0.28372777,-0.7644915,0
0.14682615,0.0089738,0.80673814,1
0.11561145,0.08926448,0.75265115,2
-0.15402815,0.12151316,-0.1028602,2
0.6393143,-0.31331244,-0.14254057,1
0.7210718,-0.09487887,0.10727823,0
0.26860124,0.60158527,0.20136821,1
0.6144841,0.30126098,-0.51910377,0
0.10427747,0.06955322,0.6847688,2
0.3022708,0.71085316,0.053477645,1
0.72592306,-0.10291527,-0.052016594,0
0.20460947,-0.04372476,0.7086712,0
0.050696686,0.10360307,0.6853235,2
-0.23968923,-0.34066787,0.5346451,2
0.17756788,0.09954961,0.6762479,2
0.42120066,0.050396554,-0.38303185,1
0.66286397,-0.4468487,-0.0860669,1
0.49746817,0.1675317,-0.55088544,0
0.5874194,-0.3226488,-0.03146738,1
-0.09156901,0.16969353,-0.035106823,2
0.5539613,-0.38932103,-0.14342317,1
0.071243465,0.01450279,0.33907977,0
-0.4242156,0.19380215,-0.5829267,2
0.2599269,0.40834194,0.14784715,1
0.46900344,0.5267931,-0.16594669,0
-0.115243554,-0.08363892,0.3037415,2
0.6258153,-0.14022659,-0.079328835,1
-0.004239455,0.13660112,0.7093529,2
0.48141748,0.4985579,0.554839,0
-0.4608361,0.2178863,-0.60867053,2
-0.3139925,-0.33333266,0.031362846,2
-0.55478954,-0.60724825,0.34878394,2
0.7517585,-0.15248437,-0.024132468,0
0.34809923,-0.42751268,0.14515586,1
0.6771245,0.17557204,-0.47498477,0
0.7488353,-0.092556655,-0.10808167,0
-0.111453295,-0.1085411,0.40937307,2
0.10588404,0.6120389,0.003605038,1
-0.6423984,0.12550676,-0.772411,2
0.033920765,0.5422845,-0.081331074,1
0.11072117,0.3373399,-0.108446404,2
-0.33939248,-0.49311554,0.19033864,2
-0.65196085,0.22256598,-0.80755854,2
-0.57621783,-0.107500285,-0.5100405,2
0.5431582,-0.03967119,-0.026834317,1
0.5557503,0.07814469,-0.5954082,1
0.37594855,0.27513796,0.5178375,2
0.03649001,0.64116156,-0.1962981,0
0.63898444,0.03966929,0.14558262,0
-0.5333924,-0.44020772,0.18241464,2
0.51985633,-0.3650897,0.073524624,1
0.06578188,0.45242965,0.21793406,2
0.44096547,0.33116084,0.50428146,0
-0.38288218,0.0005585328,-0.45612228,2
0.17338064,0.25045496,0.4921294,2
0.8483491,-0.11028595,-0.20184812,0
0.36559623,0.4839933,0.60740197,1
0.27486938,0.29197,0.6719202,1
0.3134225,0.2512266,0.47118482,0
0.35738394,0.22401638,0.36663315,0
0.5020541,-0.15159415,-0.4570487,1
0.5437596,-0.28231668,0.114615664,0
0.31043917,0.5635804,0.09121089,0
0.44942594,-0.27853256,0.0358505,1
0.0076318085,0.221687,0.51977825,2
0.59763706,-0.4677912,0.05685357,0
0.10732337,0.16517174,0.6218862,2
0.6199707,-0.20380244,-0.03439893,0
-0.20365858,0.249783,-0.18066625,1
-0.29082388,-0.24440044,-0.039994523,2
0.12971613,0.12777658,0.46372852,1
0.6224801,-0.12370728,0.118759185,0
0.7162758,-0.13210353,-0.0065494664,0
-0.551187,0.16107717,-0.59944314,2
-0.46383804,0.093632706,-0.5605442,2
-0.18965358,-0.32172343,0.2726987,2
0.2516435,0.5662625,0.13185701,1
0.55433196,-0.12606914,0.23385051,0
-0.7242102,-0.06417701,-0.72819424,2
0.15847987,0.32003638,0.046224378,2
0.097059526,0.12409945,0.7424827,2
0.6043689,0.14795756,-0.59455127,0
-0.28040808,-0.4094132,0.50765437,2
-0.6131128,0.18637988,-0.7417901,2
-0.40122288,0.049462166,-0.42291522,2
0.57661563,-0.018914662,-0.4550507,1
-0.42905945,-0.4903127,0.31002,2
0.33972543,0.49333775,-0.22340524,0
0.018257052,0.5401989,0.0648907,2
0.12591001,-0.07645911,0.33488673,0
0.3218313,0.3810161,0.49118623,1
0.26628873,0.2090232,-0.4977461,0
-0.25132582,0.069902465,-0.46278077,2
0.7523661,-0.078118965,-0.13376538,0
0.72180784,-0.21805751,-0.094674215,0
0.068182945,0.19920135,0.616738,2
-0.08884722,0.08580809,0.53884923,1
0.9629359,-0.13616535,-0.20378444,1
0.2764572,0.21352004,-0.5014029,0
-0.019351572,-0.01929883,0.39966315,2
0.31003577,0.54986894,-0.08087021,0
-0.36220378,-0.15281548,-0.065221764,2
0.44817308,-5.982071e-05,-0.5917866,0
0.1280634,0.15095314,0.69206053,2
0.27061072,0.2525574,0.5486685,0
-0.72660935,0.1057473,-0.8568551,2
0.09978265,0.29326367,0.17569667,2
-0.46041268,-0.37278828,-0.069989584,2
-0.39811355,0.1412071,-0.5578885,2
0.8302657,-0.04745341,-0.7161619,0
0.2298457,0.15703979,0.65798366,1
0.73257023,-0.30003658,-0.09554541,0
-0.42551488,0.060193624,-0.3902944,2
0.5663733,-0.035064153,0.07801299,0
0.24185316,0.09661444,0.64461666,2
0.50687575,0.09366513,-0.4916644,0
0.6649479,-0.25042692,-0.1170544,0
0.1941807,0.21527907,0.66005635,0
0.62059593,-0.46612936,0.07864221,1
-0.5400899,0.23018666,-0.7761607,2
0.2946167,0.48439425,-0.19803092,0
0.07281555,0.4430483,0.021546466,1
0.67435503,-0.21061742,-0.07552555,0
0.51502156,-0.36471927,0.05818772,1
0.1413928,0.45805678,-0.25548518,1
0.16217867,0.6516525,-0.17936939,1
0.75698674,-0.040759042,-0.11237444,0
0.29146492,0.20769012,-0.6214024,0
0.72386163,-0.32235712,-0.10609402,1
0.77726924,-0.32483733,-0.1292981,1
-0.6657338,0.11002798,-0.7715602,2
0.10790816,0.2914205,0.6398613,2
0.34652096,-0.26670873,0.17314664,1
0.48510534,-0.39492264,0.155143,0
0.6658193,-0.0921413,-0.47461236,1
0.14341465,0.4072144,0.28011835,2
0.31172028,0.1612904,0.42754242,0
0.56041753,-0.43520337,0.071929745,1
0.53796065,-0.33819002,0.1324274,0
0.66498816,-0.08295764,-0.1469516,0
0.639495,-0.2825929,-0.052181594,1
-0.47566456,0.11569448,-0.5608358,1
0.74190176,-0.47639352,-0.06929213,1
0.7125265,-0.40383497,-0.12098563,1
0.63066864,0.08451792,-0.520608,1
0.77147186,-0.04664675,-0.57079554,0
0.15149933,0.42113903,0.37834057,2
0.5027534,-0.34935004,0.12456338,0
0.35221213,0.5625495,0.06682627,0
-0.38542646,0.098882854,-0.6494986,2
0.73284626,-0.22059345,-0.15665317,1
0.085295126,0.016079735,0.7839691,2
0.42634156,0.676895,0.17682226,0
-0.6589411,0.12618974,-0.8360733,2
0.8157356,-0.25776145,-0.07781112,0
0.31535286,0.12485169,0.47035903,1
0.004774794,0.5497098,0.04319289,2
0.68490976,0.2395831,-0.4466921,0
-0.7343108,-1.0,0.6628567,2
0.09236573,0.80940574,0.04889526,1
0.33953595,0.27115342,0.5440296,0
0.3607331,0.47786865,-0.15500963,0
0.25643483,0.44193894,0.31370187,0
-0.7160455,-0.46048564,-0.061775446,2
-0.45132965,-0.645139,0.31664845,2
0.5984814,-0.22558957,-0.1523002,1
0.53661156,-0.25296122,-0.053066827,1
-0.20204753,-0.00086432695,0.57712996,2
-0.5648982,-0.080612704,-0.57159907,2
0.22134581,0.20238762,0.50301075,2
-0.55263174,-0.07147935,-0.48931038,2
0.6201165,-0.59255475,0.06818338,1
-0.11648798,-0.27131474,0.15272039,2
0.04008454,0.48998442,0.16034797,2
0.12973493,0.3464837,0.712696,1
0.13461551,0.15072289,0.62665415,1
0.46792397,0.30516416,0.36511818,0
0.38673806,0.25970647,0.42293996,0
-0.18657249,-0.25904852,0.4637534,2
-0.036032736,-0.17811088,0.9492671,2
-0.57876796,0.040889353,-0.64347374,2
0.8129806,-0.025437362,-0.25872067,1
0.34371555,0.6824386,0.09960417,0
0.3451283,0.37892163,0.4866619,1
0.019935355,0.63179934,-0.10153237,1
0.2758858,0.050093785,0.40390167,1
0.76814216,-0.18875417,-0.30911037,1
-0.06405446,0.54842675,-0.2169599,1
0.5232743,-0.3349328,0.08936366,0
0.502197,-0.4267775,0.10639194,1
-0.30955803,0.113484666,-0.3728874,1
-0.56587267,0.030806016,-0.5366881,2
0.26677826,0.19118538,0.6244712,2
-0.11218965,-0.08638191,0.4048057,2
0.5488525,0.33387786,-0.41509548,0
-0.22864237,0.08320685,0.032539204,2
0.04142806,-0.18615025,0.024198256,2
-0.507974,0.14496875,-0.7038905,2
0.38908556,0.24379987,0.5226408,0
0.35560685,0.60542625,0.15597838,1
0.29364294,0.13325346,0.53481483,0
0.25235358,0.15567526,0.6229486,0
0.6912483,-0.12696494,0.07455536,0
0.5595388,-0.30130133,-0.00094234943,0
-0.5887716,-0.34127223,-0.08982526,2
0.532809,-0.49034965,-0.096429616,1
0.055309564,0.31650537,-0.4682721,0
-0.32485086,0.6929067,-0.3743595,0
0.31938246,0.49905673,0.37568504,1
0.64555395,-0.061175257,0.061476808,0
0.25023887,0.22772618,0.53303933,2
0.7797534,-0.4665885,-0.037621684,0
0.4480927,0.13608927,0.19375584,0
0.776133,-0.5017238,-0.04021062,1
0.33411312,0.26381457,0.5292182,2
-0.34490508,0.06904877,-0.48020822,2
-0.10190666,-0.05327537,0.3060699,2
0.72128236,-0.031479023,-0.059938766,1
0.32217687,0.50206965,-0.22242376,1
0.36362502,-0.25603712,0.16365007,1
0.4172693,0.2880755,0.5203586,0
0.3014627,0.644223,0.22926483,1
0.7034689,-0.42307666,-0.11995663,0
0.29299223,0.65549743,0.22472155,0
0.84051585,-0.25806978,-0.19073027,0
0.17978156,-0.08759257,0.63879967,0
0.053134173,-0.06602895,0.91991955,2
-0.051578343,0.26865146,0.44489792,2
-0.2075631,0.4570957,-0.06694607,1
0.44145676,-0.048506007,-0.32140863,1
0.7416457,0.18815953,-0.43379098,0
0.86955774,-0.11746499,-0.32137233,1
-0.19946396,-0.2634687,0.39164034,2
0.32144472,-0.06292111,-0.53871995,1
0.59766984,-0.14678736,-0.055235155,1
-0.55415213,-0.002039045,-0.45794797,2
0.862301,-0.22426239,-0.25589204,1
-0.21245676,0.6114227,-0.22896498,0
0.067197904,0.37100208,0.2049692,2
0.12355049,0.6592934,-0.011849575,0
0.28796017,0.122409925,0.5160893,1
0.22167547,0.42723516,0.13122563,0
-0.15055701,-0.19084305,0.37111473,2
0.8674017,-0.25464955,-0.22479665,1
0.004710287,0.41338882,0.035122562,1
-0.49355143,0.06871738,-0.6206064,2
0.4994595,0.34883976,0.20904928,0
0.7499213,0.06851842,-0.65079844,1
-0.34119833,0.7911181,-0.44393003,0
0.27001578,0.18862763,-0.75666,1
0.7476224,-0.24967107,-0.030338839,0
-0.48159838,0.08860714,-0.48400867,2
-0.70410866,-0.043701626,-0.5321755,2
0.629809,0.02286638,-0.4815756,1
0.06013055,0.22678107,0.200043,1
0.68317634,-0.081379056,-0.31699634,1
0.5303606,-0.10063386,0.079408266,0
0.26555628,0.30302554,0.7056325,0
0.6714395,0.028733946,-0.059448093,0
-0.5787417,0.18665573,-0.7395827,2
0.09137766,0.47439563,0.27771312,2
-0.18017527,0.014943127,0.3099223,2
0.28158602,0.14972526,0.44624057,0
0.106437124,0.5455662,-0.5273785,0
-0.30050772,-0.46710777,0.51457983,2
0.5057635,-0.29688415,-0.03359638,0
0.62580454,0.25177163,0.08143181,0
0.3816052,0.29384986,-0.5976113,0
0.08534737,0.45857817,0.24532752,2
0.32987037,-0.017283678,-0.7307238,0
0.44319832,-0.048171274,-0.41007587,1
0.24275284,-0.18515831,0.07676528,1
0.3404379,0.6074602,-0.29834008,0
-0.5678086,0.18166405,-0.7897565,2
0.47229105,0.4870594,-0.015523657,0
0.78568304,-0.21169654,-0.17524733,0
0.23778439,0.5453576,-0.14829019,0
0.10223414,0.06539656,0.6878186,2
-0.6523145,0.15393004,-0.88603485,2
0.2646467,0.4481297,-0.00602166,0
0.6543311,-0.27814013,-0.06332951,0
0.5606823,-0.37045062,0.10102798,0
0.6759261,-0.09090757,-0.28562763,1
0.75487196,-0.06422879,-0.6659365,0
0.2600738,0.7718335,0.12257149,1
0.73645383,-0.26456216,-0.22962493,0
0.086278364,0.53274447,0.011579126,0
-0.027484626,0.7201986,-0.35775396,0
0.047655016,0.448575,0.24642585,2
0.55049497,-0.47043467,0.09188862,1
0.19200706,0.6307219,0.10847299,0
-0.6521584,0.0043562204,-0.480735,2
0.5765076,0.23955615,0.10158047,0
0.46767396,-0.20737106,-0.07730517,1
0.619091,0.0012897328,-0.5229446,0
0.4495769,0.18091857,0.35963556,0
0.12573634,0.5249236,0.120244436,2
-0.54883474,-0.014781363,-0.45217562,2
0.055048257,0.099491395,0.68329537,2
0.4818654,0.117904894,-0.22735721,0
0.3655787,0.62288994,0.40223294,1
-0.3546604,-0.12961037,-0.069105744,2
-0.43851537,0.021099605,-0.55259156,2
0.5054095,0.38119113,0.4749876,0
0.81317306,-0.2651313,-0.16857824,0
0.6884953,0.106455,-0.7006349,0
0.6059559,-0.07552299,-0.010974295,0
0.43187934,-0.29352677,0.12230835,1
0.8517722,-0.36250415,-0.19106369,1
0.42698413,0.17488901,0.38643336,1
0.75059533,-0.327377,-0.1603338,0
0.23118319,0.30064046,0.6025083,1
0.48320448,0.59073675,0.43948507,0
0.687793,-0.029457033,-0.68709123,1
0.7657741,-0.33109242,-0.24043629,1
0.68624663,0.30173725,0.048539042,0
-0.52112466,-0.022032127,-0.34645316,2
-0.41561985,-0.52499926,0.21176513,2
0.34982288,0.25425512,0.5018395,0
0.16348976,0.9562868,-0.18203512,1
0.75288624,-0.023871824,-0.17026547,0
0.7887722,-0.012560479,-0.5750365,0
0.79014367,-0.32263532,-0.17820278,1
-0.39317018,-0.7143714,0.5864716,2
0.24678013,0.23025672,0.6123241,2
0.041693434,0.727448,-0.06507226,0
-0.32780445,0.9469583,-0.49816585,1
0.46242952,-0.033507288,-0.51960367,1
0.35723346,0.5500654,0.14459977,1
0.41072595,0.22372925,0.35014236,0
-0.5811363,0.089977354,-0.68397975,2
0.63388646,-0.19167224,-0.07699825,0
0.23628868,0.1701212,0.50164497,0
0.559095,-0.40248498,0.028411131,0
0.5893605,-0.2548614,-0.041275032,1
-0.6345434,0.114201084,-0.80343276,2
0.2998874,0.6044403,0.20807956,0
-0.15071964,0.5135448,0.0088214725,2
0.35816664,0.59658945,-0.28028357,0
0.26880336,0.4317645,0.5666881,1
0.3489603,-0.51007986,0.15557888,0
0.33105463,0.6370073,0.21233568,0
0.46318382,0.15301657,0.36364448,0
0.42653528,0.4518827,0.5084619,1
0.29974332,0.2821126,0.3369563,1
0.71417534,0.12239825,-0.51668346,0
0.50243694,0.55865365,0.21412596,0
0.10193942,0.39096454,0.27024803,2
0.2949769,0.3681644,0.560011,1
-0.25000283,-0.28323752,0.11257012,2
0.0508105,0.57202584,-0.027859136,2
0.33440173,0.38660422,0.5521815,1
0.28636533,0.38664556,0.4930222,1
-0.49168146,-0.002999641,-0.56379527,2
-0.55297107,0.21283834,-0.7192895,2
0.12551233,0.5681769,-0.11063938,1
0.02127038,-0.016688503,0.8480487,2
-0.6810203,0.060137395,-0.74995327,2
0.283948,0.23187284,0.54392433,2
-0.28137535,-0.04317887,-0.32282206,2
0.60124767,-0.34372365,0.046400122,0
-0.123470694,-0.25075713,0.8212862,2
0.67740667,0.03854629,-0.5130266,0
0.34443632,0.2846769,0.58967876,0
0.13637197,0.06022762,0.7234035,2
0.4958294,-0.24497077,0.040839314,0
0.1714452,0.20872512,0.56713796,2
0.23043326,0.117725864,0.7346418,0
0.4648633,0.14656818,-0.7363308,0
-0.26899046,0.1850883,-0.40886456,2
0.09602742,0.72933173,-0.3065491,0
0.7345017,0.0019601882,-0.11285749,0
0.16619802,0.6546149,0.13927992,0
0.44889167,0.47074422,0.36942106,1
0.026503697,-0.26170057,0.80277616,2
-0.45795363,0.083988905,-0.594797,2
0.75051576,-0.2180495,-0.15655923,0
0.25521946,0.37178636,0.5496018,1
0.31295502,0.29707032,0.586775,0
-0.43668956,-0.028308794,-0.27903557,2
0.15006816,0.038080037,-0.41496566,0
-0.8470161,0.026229002,-0.8345829,2
0.5611829,-0.396948,0.028321544,1
0.61318827,-0.08723803,-0.036576018,0
0.5519488,-0.05117228,0.06604861,0
0.356902,0.58297104,-0.26246765,0
0.4115535,0.47459665,0.013497103,0
-0.031327665,0.44248793,0.2729862,2
-0.22914937,-0.34308288,0.45131332,2
0.33200073,0.39265373,0.596055,1
0.41443312,0.51449084,0.4932029,0
0.13513386,0.32114327,0.101911515,2
0.301819,0.6596564,0.098370925,0
0.04199736,0.009114351,0.34747028,1
0.2654393,0.7523224,0.098040015,0
0.24245164,0.48943648,-0.31391838,1
0.45239764,-0.46911514,0.21703869,1
0.38643283,0.44712776,-0.24284342,0
0.05785033,0.0018958002,0.42832527,1
0.3930973,-0.20706388,0.21086544,1
0.43363675,-0.33882162,0.08464191,0
0.008838445,0.034359086,0.52178514,2
0.2633751,-0.27805468,-0.05313164,1
0.46181348,-0.28470132,0.06507664,0
0.40084052,0.51916933,-0.18845303,1
0.07760039,0.4264675,0.13845292,1
0.25931397,0.13418439,0.6036774,0
0.50013137,0.4698927,-0.10331531,0
0.27605772,0.16565748,0.68667686,0
0.5801953,-0.06060399,0.021005549,0
0.73195773,-0.25315642,-0.13811634,0
0.094341025,0.5835953,0.0762774,1
0.5786689,-0.10089296,0.013959579,0
-0.72987705,0.19753,-0.9697709,2
0.3581155,0.63862014,0.11883201,1
0.44454062,0.34791702,0.4654445,0
0.5819122,-0.08940333,0.23729433,0
-0.08468416,-0.23298585,0.13989334,2
0.34225297,0.11088017,0.35530972,0
0.62220955,-0.4386279,0.058006503,1
0.391504,0.59674776,0.63519835,1
0.62518907,-0.15143508,-0.16339476,0
0.52454746,0.004871156,0.07175073,0
0.35285562,0.4341622,0.634624,0
0.070562094,0.6236764,-0.11741994,1
0.5171058,0.115812495,-0.40676293,0
0.37889248,0.35999534,0.4391121,1
0.22371359,0.25724936,0.5317027,2
0.6954284,-0.1652818,-0.08027162,1
0.31304646,0.26711082,0.6258445,0
0.10317536,0.3252099,0.42987686,2
0.6910131,-0.23947653,-0.1976921,1
-0.45781058,-0.47784966,0.045850486,2
0.2469675,0.47250164,-0.08253956,0
0.02881156,0.36398607,0.2813934,2
-0.5179486,0.07072985,-0.63451284,2
0.62073874,-0.23219788,-0.030878372,1
0.5801884,0.039425053,-0.51868135,1
-0.67077756,-0.9773196,0.67197216,2
-0.280425,0.024009965,-0.4824999,2
0.7363983,-0.38514596,-0.17654337,1
0.32509395,0.2893716,0.5324006,0
0.35433736,0.2428658,0.36433867,1
0.18585314,0.254071,0.52505744,1
0.26516584,0.37586224,-0.3037993,0
0.41762727,0.6479425,0.22864354,1
0.19247602,0.30550635,0.3216167,2
0.38708574,-0.37311915,0.033527233,1
0.20023547,0.43706843,0.23222277,2
0.84347945,-0.18607259,-0.17228095,0
0.6525422,0.26498652,-0.4125585,0
0.13211098,0.11953248,0.6394837,2
0.51822877,-0.055791177,-0.60155064,1
0.64618635,-0.20753148,-0.14001769,1
0.26715627,0.6594545,0.13717376,0
-0.36382687,-0.38695422,0.40801564,2
-0.5044169,0.09223959,-0.6958037,2
0.11577214,0.5891344,0.13584235,1
0.478092,-0.19828907,0.062100533,0
0.6453715,-0.42708063,0.0075807534,1
0.622722,0.11010952,0.11802795,0
0.35347337,0.24360256,0.54942656,2
0.6190115,0.1410374,-0.5731179,0
0.47260487,0.48755303,-0.1084535,0
-0.34321457,-0.4233544,0.37839162,2
0.14614482,-0.028746046,0.29120374,0
0.4603241,-0.1363618,-0.0066513903,1
-0.087083995,0.20714577,0.33821458,2
-0.4253822,-0.29486728,-0.024583645,2
0.6884068,-0.26447144,-0.20764801,0
0.030596659,-0.06288853,0.76185715,1
-0.5779429,-0.40831146,-0.0914617,2
0.2547246,0.009992089,0.7049919,2
-0.31452757,-0.6803908,0.47720745,2
0.38045773,-0.45531166,0.17447667,0
0.35928228,0.17580727,0.3538272,0
0.31942165,0.53507805,-0.08553016,0
0.16801338,0.34698012,0.784284,1
0.18640423,0.41134793,0.24380118,1
0.31008112,0.39219484,0.50647056,0
0.09523755,0.3582755,-0.029265143,2
0.3535699,0.54914045,0.050139956,0
0.182235,0.20558399,0.6078984,2
-0.44595927,-0.01111538,-0.3908779,2
0.3220278,0.61785084,0.045790788,1
0.24860291,0.24608931,0.42371047,0
-0.15973109,-0.19646859,0.4113706,2
-0.7888657,-0.16454035,-0.58462894,2
0.27617824,0.043014236,0.5949322,0
0.46627566,0.3025195,-0.8017284,1
0.6046214,-0.2845885,0.03805325,0
-0.2440559,-0.33962253,0.55438447,2
0.087041974,0.4398244,0.24992205,2
0.025993615,0.4498567,0.11818031,2
0.2508934,0.6992126,0.004980456,0
0.3013835,0.2861911,0.6376925,1
0.74711317,-0.38312495,-0.16375814,1
0.59837055,0.17834286,-0.5228898,0
0.3554703,0.5180675,0.4155787,1
0.89634764,-0.29362527,-0.1769366,1
0.086947575,0.6490846,-0.026241884,1
0.85919297,-0.23264992,-0.22200358,0
-0.00696221,0.52552533,-0.0022778213,1
-0.057084203,0.4445174,0.11387175,2
0.41586477,0.05647125,0.29958493,0
0.7766707,-0.2912724,-0.22388098,1
0.4932632,0.40894932,0.49426013,1
0.36002135,-0.3022926,0.2006003,1
0.57139295,0.5011989,0.09661172,0
0.078976184,0.34029534,0.30615193,2
0.16631755,0.072337925,0.42202005,2
0.8103804,-0.2274107,-0.15013239,1
-0.08688676,0.40692115,-0.13537748,1
0.6897234,-0.31512022,-0.097240195,1
0.2653266,0.25376672,0.49964586,2
0.056550056,0.3021762,0.31125584,2
0.40138328,-0.06788173,-0.4669929,1
0.60399914,-0.120552614,0.06930753,0
-0.29334825,0.16671577,-0.4749576,2
0.22033519,0.08766559,0.67099994,2
-0.4699391,0.2730905,-0.65277624,2
-0.1487931,-0.28292128,0.212847,2
0.59302324,0.11258318,-0.21271884,0
0.7080146,0.122160055,-0.45750195,0
0.59227335,-0.30441234,-0.049394555,1
0.8333827,-0.27669588,-0.097743005,1
0.50019765,0.31235892,0.5836686,1
0.025487363,-0.03339009,0.7911794,2
0.27299652,0.10770129,0.5926032,1
-0.7981522,-0.028560072,-0.7235479,2
0.6229967,-0.2992153,-0.005890023,0
-0.18892056,-0.5395034,0.99999994,2
0.034569457,0.038999777,0.46842316,2
-0.7818626,-0.12949179,-0.434289,2
0.4459788,0.1791874,0.34294936,0
0.53676605,0.58070016,-0.13835755,0
0.32368553,-0.008438803,-0.24244863,0
0.55757904,-0.019123212,0.019883323,0
0.37191346,0.6542456,0.15223685,0
0.13578759,0.7918858,-0.25232774,0
0.2172681,0.04898874,0.70126384,2
-0.41966003,4.917383e-06,-0.33599713,2
0.33073652,0.24181135,0.60385925,0
0.3631431,0.16907653,-0.37979412,1
0.2476558,0.5940748,-0.35085014,0
0.37010705,-0.41060394,0.24281678,1
0.33009738,0.2695468,0.31605694,1
-0.71647906,0.050920222,-0.5058408,2
0.41769177,-0.31863645,-0.032687232,1
0.282228,-0.5153361,0.24059366,1
0.23496814,0.20497778,0.5341722,1
-0.27851734,-0.25642124,0.4991258,2
0.14844337,0.283722,0.6471646,1
-0.16359285,0.31212127,-0.1041698,2
0.18890245,0.13542184,-0.81291515,0
0.57228833,-0.18110196,0.08739051,0
-0.2936799,0.10693683,-0.09572439,2
0.15959775,-0.0011541396,-0.54417676,0
0.1513207,0.43909353,-0.52246433,1
0.42680603,0.12322067,0.4219807,0
0.34883487,0.03315201,0.39583504,0
0.823425,-0.28346714,-0.19735706,1
0.5606973,0.0005795136,-0.51400566,0
0.58363795,0.1110034,-0.45405006,0
-0.5848804,0.058300134,-0.62777597,2
-0.034240544,0.012814797,0.5683182,2
0.06608161,0.8830314,0.07648457,1
-0.6430973,-0.5544614,0.0264415,2
0.88020843,-0.32741237,-0.20390481,0
-0.6295603,-0.112932324,-0.5438864,2
-0.061489016,0.2201199,0.3915528,2
0.8340153,-0.4190395,-0.12047283,0
0.6148367,-0.55372906,0.1413652,0
0.13077086,0.45383325,0.27256858,2
-0.5062632,-0.326001,-0.1244466,2
-0.39287663,-0.4029019,0.28539115,2
0.51469433,0.08254428,-0.6855691,1
0.81700206,-0.27187216,-0.19212203,0
0.58295935,-0.14094041,-0.1582406,1
-0.24725467,-0.19309843,0.15825337,2
-0.19791064,0.906199,-0.4136142,1
0.6776723,-0.3569223,-0.067062125,0
0.875309,-0.115649,-0.23267817,1
0.26936266,0.78706175,0.07111583,0
0.095041394,0.5150649,-0.020076431,0
0.31011754,0.042985022,0.22846934,0
0.2964242,0.60028076,-0.15341036,1
-0.47179943,-0.33198315,-0.10398048,2
0.36690325,-0.17873587,0.11474024,0
0.5074196,0.16906266,-0.41381407,1
-0.21602306,-0.22432637,0.4574274,1
0.14093633,0.11715059,0.6842377,2
0.07466899,0.33969533,0.3544807,2
0.6042861,0.13976544,-0.46543467,1
0.46327078,0.60462296,-0.18938129,0
0.39811873,0.482921,-0.3037096,0
-0.36006105,-0.64489,0.5482658,2
0.27486306,0.07859962,0.68692714,0
-0.60768193,0.020126462,-0.6086617,2
0.28499225,0.44641846,-0.090228215,0
0.3514781,0.65378106,0.17945182,1
0.60147107,-0.1501885,-0.014162041,1
-0.6514884,-0.10913356,-0.35692948,2
0.43554056,-0.12501745,-0.1001918,0
-0.45814407,-0.30055413,-0.1003793,2
0.3239581,-0.07131924,-0.62718767,1
-0.15917453,-0.26152226,0.9774201,2
-0.0644688,0.5305179,0.015012391,2
-0.17703795,0.01750473,-0.25937787,2
0.22411293,-0.038142562,0.69541574,2
0.33856225,0.448793,-0.25601768,0
0.0857375,0.12793374,0.6975557,2
0.41776824,0.30658412,0.51449966,1
0.12061099,0.34441423,0.56408745,2
0.045368075,0.16854551,0.55905664,2
-0.5386405,-0.7207107,0.68853575,2
0.2190923,0.407277,-0.0159617,0
-0.30056626,-0.41344845,0.45764136,2
0.58678746,-0.19898343,-0.095681205,0
0.8130514,-0.3468752,-0.115884855,1
0.721915,-0.11695461,0.017105676,0
0.13656044,0.43490675,0.15506482,2
0.429249,0.4192265,0.6268568,0
-0.42452085,-0.49413633,0.48759067,2
0.39430636,0.15933533,0.4564594,0
0.43918228,0.17630294,0.53114945,1
-0.08355665,-0.042736493,0.3209458,2
-0.130847,-0.07823165,0.2419986,2
-0.0047026724,-0.052656926,0.4657708,1
0.46393067,-0.0950136,-0.56979424,0
0.33659446,0.5648662,0.105365545,1
0.09715441,0.293964,0.30091888,2
0.3697863,-0.10320312,0.0726344,0
-0.2510676,-0.5299942,0.5273254,2
0.59104043,0.15671608,0.22011237,0
-0.21126398,-0.32198647,0.25378937,2
0.7568247,-0.31339473,-0.083093435,0
0.54136884,-0.25047472,5.923584e-05,1
0.60221946,-0.10796189,-0.023750111,1
0.5155692,0.023786653,-0.21401843,1
0.22465883,0.48145542,-0.10038383,0
-0.112856835,-0.1706393,0.4167292,2
0.12096918,0.23707788,0.51226854,2
-0.042885154,-0.107263714,0.8126461,2
0.35831404,0.8020807,0.14033207,0
-0.2532751,0.6320308,-0.39748153,2
0.4174745,-0.26608655,0.018095113,0
0.46442217,-0.27065656,0.0419217,1
0.5119339,-0.08103745,0.1305402,1
0.7177478,-0.27392825,-0.06315286,0
0.2983819,0.6787895,0.09049086,1
-0.1468767,0.483127,0.0013611168,2
0.7316794,-0.3383392,-0.11337207,0
-0.1429599,-0.3120625,0.14765593,2
-0.49045885,0.22754246,-0.67497003,1
-0.18502,0.22203177,0.14771304,1
0.4371524,0.3463095,-0.71554756,0
0.68083423,-0.12795782,-0.17883588,1
-0.17821023,-0.19669592,0.15155049,2
0.69437504,-0.08950755,-0.068664916,0
0.3662933,0.35573602,0.5940545,1
0.031420976,0.89186424,0.0043424144,0
-0.0759888,0.47304362,0.20233932,2
0.34947157,0.27191567,0.19153912,1
0.88311607,-0.29100627,-0.1387217,1
0.5876715,0.11282799,-0.47696304,0
-0.69995236,0.18125013,-0.8743299,2
-0.24803424,-0.41857636,0.6218238,2
-0.0011061281,-0.035398282,0.7569391,1
0.30317298,0.6811663,0.20299795,1
-0.08033535,0.45887494,0.086614594,2
0.52630043,0.12617399,-0.76048666,1
0.15539062,0.2422808,0.3600062,1
-0.38279754,0.11617372,-0.54536957,1
0.43197304,0.112558715,0.07272535,1
-0.1717194,-0.28213313,0.45294094,2
0.6113236,-0.12963374,-0.28300506,1
0.3694774,0.35050333,0.5894425,2
0.39468879,-0.24360418,-0.035609215,1
-0.00031529367,0.43479314,0.27613318,2
0.12976076,0.4037621,0.32154942,2
0.57430756,-0.10087095,0.020702219,0
0.03928718,-0.00458163,0.7865143,2
-0.26962236,0.9999999,-0.41728148,1
0.040952638,0.21147142,0.46809387,1
-0.29213583,-0.27442482,0.28414434,2
-0.37969977,-0.30321652,0.23487347,2
0.29389584,0.5887004,0.17363606,0
-0.7032753,-0.049192213,-0.75759983,2
0.5727929,-0.38159087,0.18288377,0
-0.3804838,-0.30040756,-0.044204272,2
0.4117909,0.35240102,0.42136964,0
0.08279003,0.063743435,0.7800391,2
-0.7740462,-0.16492051,-0.5966546,2
0.04508531,0.47276813,0.13454181,1
0.8011754,-0.10252999,-0.19425212,1
0.7345167,-0.065328434,-0.64118373,0
0.3875698,-0.2691524,0.105324686,1
-0.037404984,0.0226678,0.3863982,2
-0.79529905,0.20871824,-0.95376515,2
0.6441439,-0.32008728,0.0808133,0
0.5857621,-0.24008793,0.056476057,1
0.71192366,-0.1617572,0.0027674884,0
0.04812616,0.62291074,-0.5979098,0
-0.42078727,0.098573,-0.6740887,2
0.53797054,-0.26842847,-0.042174943,1
0.47188905,-0.012793362,0.12698726,0
0.9636255,-0.17521271,-0.2057463,1
-0.62151295,0.12881489,-0.8359056,2
0.18572658,0.16036153,0.6250113,2
0.31242096,0.27684554,0.22846271,0
-0.22056964,-0.18772316,0.16703874,2
0.41669738,0.38998434,0.16688973,0
0.4395706,-0.25655246,0.013760146,1
0.05997491,-0.010453589,0.8067428,2
0.35561204,0.44456968,-0.2417244,0
0.41164362,0.008799251,-0.7341388,0
0.8933157,0.033935532,-0.51369756,1
0.07333505,0.4123478,0.34198928,1
0.73235905,-0.009302311,0.041769564,0
0.10243941,-0.066429496,0.56697065,2
0.4098351,-0.43685055,0.054310594,1
-0.2694119,0.5685278,-0.25287235,2
-0.009333491,-0.042246208,0.676798,1
0.57915515,0.11906958,-0.3914979,0
0.3120075,0.7416722,0.1489448,0
-0.11676985,-0.2149753,0.42301762,2
-0.65378916,-0.06614713,-0.5025579,2
0.6247144,0.050213814,-0.45767033,1
-0.38930047,-0.50301826,0.2954341,2
0.48810524,0.24223931,0.32352173,0
0.41884917,0.33100057,0.3833217,1
0.13691583,0.007625401,0.50073737,2
0.5541742,-0.48688817,0.049710654,1
-0.37480348,-0.53585404,0.56170887,2
0.114440545,0.24918619,0.23992601,2
0.4727437,0.45548922,0.4288805,1
0.11363153,0.3378888,0.3262326,2
0.5233382,-0.33488983,-0.20091403,1
0.19020422,0.2965354,0.3432943,1
-0.039824516,-0.09238988,0.45862287,2
0.5152223,-0.41874674,0.09641615,1
-0.027712226,0.6024004,0.090312436,1
0.30130905,0.042585064,-0.5676884,1
0.3510433,0.26486558,0.4487168,1
-0.45877212,-0.5136874,0.09361555,2
-0.7217753,-0.15764181,-0.44356057,2
0.63736355,0.27800152,-0.5394429,0
0.69190156,0.103497945,-0.45611185,1
0.37330335,0.31997183,0.366074,0
0.82343084,-0.27668768,-0.15318543,0
0.14429677,0.47228965,0.14119902,0
0.30261302,0.4838649,-0.038154945,1
-0.109822154,-0.2497639,0.39177686,2
0.01417464,0.61712396,-0.05534643,1
0.49077088,0.12581365,-0.6762345,1
-0.26194185,-0.16742408,-0.008822229,2
-0.24514702,-0.50855905,0.29195213,2
0.14253345,0.73856634,-0.20898148,0
0.39238897,0.5455884,0.26843783,0
0.34542316,0.061788376,0.6121404,1
0.6869824,-0.05729442,0.12599105,0
-0.27210718,0.08012608,-0.27406904,2
0.2330845,0.2865406,0.72458714,0
0.10237862,0.011960514,0.830856,2
0.15214211,0.6201137,-0.12491122,0
0.3591746,0.48227337,-0.05069203,0
0.12896872,0.14083064,0.46542343,0
0.35413143,0.47286496,-0.19270344,0
-0.15349168,0.37984452,0.16303101,2
0.48674953,0.45413032,0.019183286,1
0.57522655,-0.22897026,-0.088331535,1
0.4034018,0.50499487,-0.28600696,0
-0.01750505,0.54693556,0.0541357,2
0.37242752,0.34993076,0.58231103,1
0.17640552,0.097708434,0.6677698,2
0.6732518,-0.2765847,-0.0922956,1
-0.67314136,0.03917419,-0.51793766,2
0.53352726,0.055710293,-0.4090738,1
-0.49833238,-0.7313514,0.54425704,2
-0.0658775,0.4679973,0.02819283,1
0.34449983,0.2952764,0.57630694,0
-0.6646387,0.14263749,-0.69773275,2
0.8115861,-0.27536097,-0.17186637,0
0.34011278,0.6474462,-0.0031820536,0
0.45989782,0.43071106,0.13625613,1
0.44055325,-0.025882252,0.3599375,0
-0.2967103,0.10531937,-0.43847004,2
0.8061765,-0.3797076,-0.07873957,1
0.29388765,0.46538842,-0.18137425,0
0.73190004,-0.2097401,-0.12927857,0
-0.1507791,-0.26416492,0.105236724,2
0.064151496,0.058454365,0.21492812,1
0.08090234,0.103842154,0.75948673,2
-0.26997355,-0.42189908,0.22911975,2
0.38512516,0.44385746,0.5362992,0
0.66435915,-0.43377995,0.03224936,0
-0.5025351,0.02342144,-0.5244132,2
0.22581254,-0.00035750866,0.45095122,0
0.16532044,0.2538881,0.5937709,2
0.653831,-0.21178171,-0.05488404,1
0.50600314,0.6278979,0.11687582,0
0.4693186,-0.014581569,-0.3838224,1
0.042809352,-0.038356073,0.4526044,1
-0.2261298,-0.37033615,0.13993682,2
0.35516924,0.7421333,0.29908496,0
0.37430203,-0.33144927,0.24556075,1
0.7698535,-0.4003362,-0.09858468,0
0.39982432,0.5868144,0.10418546,0
0.5899221,-0.27556154,-0.0069461875,1
0.573551,-0.18213452,0.0643998,0
0.13231122,0.5456632,0.101613596,1
0.38666955,0.3770901,0.5369075,1
0.4900564,0.56682235,0.39557755,1
-0.2996809,0.33361915,-0.3243708,2
0.17613441,0.7452048,-0.099137604,1
0.18598989,0.27052033,0.60735244,2
-0.75098586,0.18933254,-0.98000884,2
0.6572826,0.19538687,-0.55275613,0
0.29041514,0.005198147,-0.49443245,0
0.45090717,0.56869006,0.27267283,1
0.73171026,-0.0796148,-0.034054898,0
0.8143139,-0.024931379,-0.48940444,1
-0.46970528,0.10927746,-0.7321669,2
0.7465188,0.01869002,-0.21929857,1
0.23681988,0.10380764,0.62435126,1
-0.17521977,0.24881935,-0.035285383,2
-0.45808065,0.08012497,-0.57293123,2
0.40714192,0.7531833,0.21214493,0
-0.29376334,-0.31124055,0.11904027,2
0.21756655,0.36953235,0.17209214,1
0.21373408,0.039165232,0.6390698,1
0.56021917,-0.049852245,0.45660684,1
-0.73137033,0.27644342,-0.71967816,2
0.5436036,-0.1340405,0.06694787,1
-0.45327258,-0.32001895,-0.022709198,2
0.11032318,0.06962088,0.7487553,2
0.8630682,-0.15237403,-0.32568765,1
-0.6802518,0.1299404,-0.8566852,2
0.15784463,0.11410356,0.65078276,2
0.84877694,-0.06965558,-0.12205769,1
0.15128455,0.6605948,0.084414415,1
0.052089885,-0.03573692,0.5728376,1
0.15091571,0.12284651,0.5113417,2
0.30348587,-0.054570302,-0.3527582,1
0.063726425,-0.04260566,0.8290013,2
0.74758863,-0.049584664,-0.14989689,0
-0.2758406,-0.23948726,0.32147658,2
-0.117697865,-0.119702965,0.11815164,2
-0.2557972,0.14969248,-0.28216484,2
0.016388655,0.47395983,0.19311562,2
-0.5174411,-0.6706954,0.47200125,2
0.18653256,0.7643752,-0.036059096,0
0.8414768,0.089725085,-0.13997123,0
-0.26901588,-0.4494934,0.5393996,2
0.5231548,-0.1429392,-0.052802965,1
0.72692084,-0.2696237,-0.11830564,1
0.32985494,0.7294886,0.14421532,0
0.21613394,0.5108179,0.2250674,0
0.36292288,0.48366147,-0.030513123,1
0.17203288,0.19334225,0.37043145,0
0.09766632,0.109612584,0.6712223,2
0.04489723,0.7509821,-0.24905488,1
0.19896968,0.40546647,0.39209127,2
0.30857816,0.41762283,0.04205729,1
0.3426558,0.015895538,-0.722279,0
0.014956236,0.6122004,0.099740684,1
0.71023494,-0.22595075,0.025972381,0
0.81648844,-0.39007023,-0.14069664,1
0.3479027,0.50052404,-0.19377273,1
0.57746977,-0.3392459,0.1349485,0
-0.07001275,-0.20622274,0.120163046,2
-0.3937534,-0.057641886,-0.44953793,2
-0.10502565,0.6199613,-0.2035056,0
0.027629718,0.5108565,-0.012020588,0
0.07585941,0.20227703,0.56618965,2
0.4399137,0.044433147,0.3094082,0
-0.12130785,-0.24668917,0.4383063,2
0.13658944,0.2077595,0.5708909,2
0.37149325,0.21148762,0.36792374,0
0.1590333,0.20127444,0.4065684,1
-0.5271059,-0.7272543,0.4033785,2
0.41661072,0.6564978,-0.29303658,0
0.8710975,-0.27641264,-0.15161802,0
-0.39248163,-0.04205489,-0.4167345,2
0.09585383,0.12594832,0.61149627,2
-0.05163452,0.44381565,0.2981147,2
0.20982355,0.69157505,-0.02045501,1
0.6553581,-0.20482174,-0.18189059,0
-0.79818296,0.21498702,-0.88336205,2
0.15133764,0.23372053,0.4918418,2
-0.2540859,0.029541418,-0.16705245,2
0.24017836,0.08183179,0.55991995,0
-0.7233898,-0.0012311265,-0.5339456,2
0.1896615,0.6799024,0.082640424,0
-0.20204046,-0.36038244,0.14824072,2
0.65316486,0.025671896,0.0023306124,0
0.5112868,0.6458948,0.11687046,1
0.21186057,0.50884014,-0.08022459,1
0.5738378,-0.3698801,0.14651959,0
0.42958096,0.24173327,0.34099826,0
-0.7674426,0.00080185384,-0.73186463,2
0.45361882,0.39659747,0.52060175,0
-0.701012,0.27519685,-0.92198956,2
-0.19783872,0.67724234,-0.40095186,1
0.7735679,-0.2540228,-0.18518747,1
0.51496685,-0.22013324,0.0058882423,1
0.83799887,-0.01671528,-0.40950248,1
0.32947317,0.42838427,-0.22403258,0
0.289748,0.55159855,0.12867512,1
-0.27655506,-0.23319745,0.40845793,2
0.26408112,0.30912367,0.67866564,1
-0.0504106,0.3040987,0.067788675,1
0.68026155,-0.18410143,0.04470046,0
0.3976408,0.5738796,0.51081175,0
0.38663977,0.5216963,0.124853045,1
0.83654815,-0.27984864,-0.19143923,0
0.85443753,-0.005413048,-0.72239745,0
-0.43702793,0.062812425,-0.47833467,2
0.7451426,0.062179,-0.35398123,0
0.010506049,0.76470196,-0.4556585,0
0.55788493,-0.28499997,-0.027868137,1
-0.56706274,-0.6230039,0.25985873,2
-0.10812509,-0.03517238,0.33714014,2
0.52538145,-0.12119408,0.11464543,0
-0.16971484,-0.288303,0.13207805,2
-0.62719816,-0.515674,0.067864746,2
0.5733757,-0.02677881,0.014874447,0
0.13032857,0.040601924,0.6903244,2
0.56355625,-0.2372294,0.11309992,0
0.31891125,0.40801883,-0.21957606,0
0.33020818,-0.47544366,0.2315817,0
0.04919982,0.037634257,0.6376614,1
0.0811221,0.2100836,0.7296536,1
0.4349646,0.7050897,0.22783275,0
0.39115644,0.51841295,0.4213323,0
-0.19741642,0.5015085,-0.0071929395,2
0.11483959,0.5053371,-0.012198791,1
0.4506232,0.20853104,0.35720876,0
0.32037297,0.2632919,0.64020795,1
0.36995715,0.5401182,-0.14610903,0
0.21759361,0.2756135,0.49173942,2
0.13502127,0.31351846,0.5240916,2
0.6761364,-0.28557116,-0.16041423,1
0.38924187,0.25130454,0.39000705,0
0.48545477,0.046588168,0.37786144,0
0.20969228,0.2435696,0.64036477,2
0.8068591,-0.06103319,-0.12255387,0
-0.16757008,-0.20028743,0.4746369,2
0.82471496,-0.2383681,-0.21137607,1
0.4366599,0.63677454,0.29869005,1
-0.4786539,-0.6387973,0.6874546,2
-0.55455315,-0.02493231,-0.5270283,2
0.47104198,0.21262449,-0.7076292,1
-0.39842314,0.11156177,-0.6461405,2
-0.27046868,-0.33629903,0.18398887,1
0.44258213,-0.06578009,-0.49197406,0
0.3668508,0.09643135,-0.4911374,0
0.5710379,-0.3077417,-0.13713713,1
0.64148116,-0.30634058,-0.0150831565,1
0.6843677,0.15333983,-0.5638774,0
-0.6591303,0.21997726,-0.88766056,2
-0.62227124,0.020127453,-0.55509555,2
0.4954661,-0.40197888,0.02589965,1
0.43968678,-0.3595569,0.04955548,1
0.026965454,0.44652775,0.20699084,2
0.46296877,0.42310166,0.52618736,0
0.6012799,-0.4059729,-0.04270353,0
-0.636673,-0.052062385,-0.4948128,2
-0.3916902,-0.57699376,0.61438143,2
0.16708805,0.09999833,0.5464761,1
0.17086512,0.2532698,0.5948819,2
-0.39938796,-0.032298595,-0.39232507,2
0.5183829,-0.41515195,0.113745384,1
0.30924088,0.52659667,0.52497363,1
-0.49536008,-0.28447357,0.06586758,2
0.047512397,0.46226963,-0.013983145,1
0.72627735,-0.036323458,-0.12920995,0
0.22566588,0.5032607,-0.094653636,0
0.733877,0.06072161,-0.40785435,1
0.38178286,0.6082525,0.34198484,1
0.4490438,-0.34027487,0.17437555,0
0.38514352,0.002009809,0.43628845,0
0.046485126,0.009126004,0.7652482,2
0.6339682,-0.2129049,-0.090011716,1
0.040380806,0.14710815,0.4792884,1
0.37790194,-0.28989473,0.22823991,0
0.74215883,-0.38981467,-0.081764415,0
0.039555505,0.58284456,0.07160984,1
0.4137417,-0.5301927,0.16243099,1
0.30190498,0.21988922,0.6044897,0
-0.62839437,0.01785589,-0.51765496,2
0.5511273,0.034629658,-0.5753391,1
0.65142906,-0.03729578,0.06410501,0
0.12870136,0.14800623,0.59684324,2
0.34911895,0.34444067,-0.2936896,1
-0.7213285,-0.10560593,-0.49931479,2
-0.10340753,0.59041685,-0.18082663,1
0.7328441,-0.37928364,-0.10297105,1
0.565985,-0.42356548,0.13156655,0
-0.488432,-0.54546523,0.19969645,2
0.8862426,-0.20989156,-0.17946444,1
0.33225536,0.060087338,0.44373894,0
0.4489287,0.48618063,0.4788909,1
0.11684316,0.48260224,0.35926718,2
0.050860748,0.047181167,0.7396893,2
-0.62156236,-0.11722323,-0.49372238,2
-0.39029205,0.16863838,-0.46059626,2
0.35724962,0.4990402,0.43028808,1
0.24255544,0.15856025,0.6166495,1
0.8505897,-0.3202277,-0.18543074,1
0.094262786,0.22693071,0.64654595,2
0.37304288,0.30038744,0.6075825,0
0.37998515,-0.20352179,0.05170623,1
-0.9419209,0.100672334,-0.93520224,2
0.6188059,-0.27230868,-0.1124578,0
0.59137356,0.13727823,-0.7003205,1
0.3567896,0.10075231,0.6925243,0
0.32990053,0.31095067,0.59099364,0
0.3705722,0.66413,0.17937878,0
-0.18697211,-0.37863043,0.20289849,2
-0.40834004,0.16016868,-0.5551356,2
-0.37300748,-0.5837992,0.41832176,2
0.03291817,0.62279874,0.011932973,1
-0.49116218,-0.59643435,0.32298923,2
0.0740456,0.7144093,-0.30772948,1
0.65151095,-0.10506946,-0.050114743,0
0.40597856,0.15507087,0.32840136,0
-0.08289492,-0.1827031,0.35567117,2
-0.4787507,-0.070430905,-0.5224423,2
0.3207933,0.3560652,0.47295412,0
0.6316985,0.30430222,-0.3925867,0
0.017774612,0.81783825,-0.14773549,0
0.38169292,0.60412985,-0.31299144,0
0.019835413,-0.055909455,0.41312125,1
0.34542665,-0.22224739,0.08382833,0
0.10818421,0.018115774,0.71741104,1
0.046764925,0.01628526,0.8764791,2
0.480145,0.3371343,0.35099658,0
-0.2037954,0.20980032,-0.09042066,2
0.38628444,0.29093927,0.30273604,0
-0.12935087,-0.24764931,0.31839967,2
-0.7065111,0.10314746,-0.8236836,2
0.7609426,-0.2333757,-0.07139375,0
-0.39329505,-0.55621177,0.49411687,2
0.16099632,0.046354927,0.6792524,2
0.35956547,0.26480234,0.61772716,0
0.67950535,0.09611601,-0.55917275,1
0.7650838,-0.33493617,-0.051820934,0
-0.6578164,-0.074348986,-0.39381304,2
0.22818927,0.6805424,0.03958931,0
0.3391442,0.50505036,-0.03009025,0
0.101883255,0.08584078,0.4425819,1
0.15935433,0.49057406,0.06675798,0
0.74008197,0.15246545,-0.49047774,1
-0.42374736,0.18297094,-0.5973424,1
0.01844944,-0.022430338,0.48494777,2
0.3152604,0.24340901,0.633371,0
-0.40044487,-0.06670818,-0.087856114,2
-0.36053258,-0.430809,0.15152587,2
0.43668106,0.023281008,-0.59186,1
-0.28918272,-0.19806579,0.20133035,2
-0.74764806,0.064270265,-0.7178933,2
0.883267,-0.19272575,-0.13616985,1
-0.5360139,0.009073727,-0.49094278,2
0.13763437,0.35022518,0.4788121,2
0.14434871,0.5209536,0.15435657,1
-0.07434586,-0.16804579,0.3657708,2
0.097870156,0.06774294,0.7267027,2
-0.62196064,0.031644367,-0.59055763,2
-0.13608402,0.72705716,-0.30439886,1
0.59243894,-0.30415282,-0.10374394,1
0.41970986,-0.45991552,0.11592785,1
0.33377904,0.37876287,-0.030797891,0
0.28909865,0.15347138,0.5264798,1
-0.35528207,-0.37171617,0.12210796,2
0.27128989,0.12002982,0.4110415,0
0.08526772,-0.05617713,0.3722903,2
0.42803517,-0.5238664,0.188611,0
0.7918785,-0.064793944,-0.5393904,1
-0.15694305,-0.12405576,0.34902382,2
0.0835578,0.70121294,-0.20386764,0
0.8380281,0.09667469,-0.77938896,1
0.37867224,0.59500957,0.25029236,1
0.31845653,0.46007133,-0.10807434,0
-0.32189107,-0.5778519,0.31519842,2
-0.32925397,0.054137755,-0.474985,2
0.1926605,0.39268312,0.3355358,2
0.46354926,0.4279062,-0.2158291,0
0.46978885,0.010235321,-0.4700721,1
0.7892027,-0.3013115,-0.12768026,1
0.052140594,-0.017631859,0.84442514,2
0.6171246,-0.21262151,0.004744526,0
0.22856604,0.28399622,0.6596832,1
0.35125297,0.23675661,0.65692556,0
0.6207175,-0.47956806,0.030500084,1
0.4116072,0.432809,0.56596106,0
-0.47570235,-0.35438073,-0.0999943,2
0.11228586,0.51779044,-0.07372604,1
0.49958092,-0.050346516,-0.45652705,1
0.11285209,0.0779746,0.73646003,2
0.6573721,-0.043762498,-0.011768132,0
-0.06701866,0.30738166,-0.2040357,1
0.53596437,-0.17063652,-0.019984894,1
0.5933564,-0.61488366,0.1242094,1
-0.16165471,-0.24370542,0.10254772,2
0.1081788,0.17662314,0.64001286,2
0.52315956,0.22379473,0.31560764,0
0.60610265,0.024891503,0.0011715218,0
0.563473,-0.37801427,-0.03877431,1
-0.7558576,0.1377725,-0.88029474,2
0.74088717,-0.05952345,-0.67061764,0
0.5776974,-0.3981346,-0.06280808,1
0.44989824,-0.25452578,0.03568854,1
0.3915919,0.16446097,-0.9420282,1
-0.6322166,-0.5749438,0.10617147,2
0.11795323,0.12144181,0.6825667,2
0.68255633,-0.39591137,-0.093375266,1
0.48240352,0.20268528,0.1602291,0
-0.53820884,-0.699169,0.54782647,2
0.46052966,-0.24435931,-0.013357431,1
-0.31420517,-0.6310954,0.6274452,2
0.39774388,-0.22686687,-0.091769114,0
0.18949524,0.035121232,0.74899685,0
0.44379807,-0.30926624,0.049106836,1
0.3899452,0.55565834,0.283453,1
0.60426474,-0.2999573,-0.09267804,1
0.7020743,0.027642988,-0.6143657,0
-0.6571059,-0.14443387,-0.45459342,2
-0.6291897,0.21826279,-0.83587235,2
0.43137208,0.40313935,0.5057821,0
0.44990468,-0.486157,0.22921266,0
-0.24216363,0.01412579,-0.19597703,2
0.32137045,0.62323797,0.049446285,0
-0.811308,-0.011676893,-0.7982165,2
0.6386168,-0.056162417,0.028907446,0
0.6963991,-0.25001928,-0.14851137,1
-0.16257727,-0.27148926,0.15427443,2
0.7657732,-0.06873672,-0.51149064,1
0.10306555,0.25650722,0.43449357,2
0.08983153,0.30050182,0.48783198,2
0.47484866,0.17345184,-0.772818,0
0.64984226,-0.26055056,0.0047407523,1
0.6574483,-0.33611107,0.033748,0
0.5142019,0.0067564435,0.066691175,0
0.6341351,0.27269635,-0.37802604,0
-0.4281811,-0.5545892,0.41738933,2
0.2123739,0.20964397,0.6916593,2
0.09463829,0.68346244,-0.3213614,0
-0.51231265,-0.3419955,-0.10739927,2
0.319977,0.48225048,0.4243597,1
-0.72978944,-0.03739094,-0.6208585,2
-0.2073513,0.05048611,-0.32170802,2
0.23825125,0.41461846,0.3969123,1
0.6558906,-0.24268451,-0.024417229,1
0.6435617,0.23861283,-0.42293265,0
-0.0051118582,0.11552841,0.47429505,1
0.39242086,0.49460933,-0.07679774,0
0.5039587,-0.06138304,0.031700138,1
0.34985393,0.32506025,0.5557311,1
-0.027411327,0.44287464,0.16131774,2
0.29899216,0.22971708,0.6226159,0
0.38826638,-0.61684686,0.3306373,1
-0.013143003,0.035742253,0.717279,2
0.85779834,-0.28506237,-0.17437492,1
0.59860766,-0.055822052,-0.03606715,0
0.3499727,0.09415066,0.49016947,0
0.15278485,0.59094316,-0.013944842,0
0.342719,-0.68533164,0.3930875,1
0.32843313,0.5142579,0.2912835,0
0.74958676,-0.14540116,-0.00430353,0
0.79326016,-0.3755811,-0.18482205,1
0.76954836,-0.26727006,-0.10866,1
-0.77934915,-0.613115,0.086987436,2
0.30335996,0.135064,0.64281744,0
-0.39555335,-0.5431154,0.44648618,2
-0.24271739,-0.50860167,0.35084078,2
-0.533169,-0.6863556,0.4592327,2
0.7031429,-0.05057036,-0.7563111,1
0.53407395,-0.094881564,-0.57052475,1
0.5930824,-0.16520357,-0.23098764,1
0.3468049,0.4926294,-0.008749973,0
-0.14067799,0.032108173,-0.25439563,2
0.42557484,-0.22920564,-0.081007645,1
0.25590974,0.6484117,0.07760915,0
-0.13480341,-0.13762118,0.47825164,2
0.05393918,0.38885933,0.262623,2
0.09024893,-0.08973862,0.8743521,2
-0.31452793,0.35117167,-0.20058632,2
-0.6065368,-0.047121145,-0.5373621,2
0.29398596,0.23489764,0.39899385,0
0.7653205,-0.16986814,-0.16002363,1
0.47376198,0.56549513,0.48462164,0
-0.03214264,-0.075509146,0.42907026,1
0.82570404,0.09704176,-0.2777364,1
0.5923476,-0.09275876,-0.032795258,0
0.33324242,0.56827486,0.22664244,0
0.34865737,0.17047212,0.5371214,2
0.0687795,-0.08765006,0.8270554,2
-0.2672549,0.020314138,-0.39462093,1
-0.23328927,-0.25944436,0.5081912,2
0.58320886,-0.363768,0.056599874,0
0.6170013,-0.2362799,-0.044088088,0
-0.285729,0.36004654,0.020905454,1
0.0016748011,0.15334752,0.35271,2
0.7135775,0.19293903,-0.58460855,1
0.6609308,-0.013755612,-0.44288749,1
0.7261381,-0.38607544,-0.09937428,1
0.3029078,0.34959814,-0.13345751,0
0.25276002,0.71020186,0.17090695,0
0.13161734,0.12097459,0.73387057,2
-0.58406556,0.06885885,-0.6929067,2
0.38937372,0.5645548,-0.12032366,1
-0.54061204,-0.46291476,0.19163986,2
0.4467733,-0.2514569,-0.17240149,1
0.65649164,-0.18299781,-0.11958599,1
0.16826555,0.5663161,-0.24863416,0
-0.29785126,-0.41433164,0.15069996,2
0.61472464,-0.09827325,-0.024225146,0
0.81600785,-0.029145189,-0.56466246,0
0.4241482,0.012559004,0.3046415,0
0.4957891,-0.046821468,-0.11831409,0
-0.18869966,-0.1825108,0.15931702,2
0.6245326,-0.17352943,-0.11374062,1
0.46010947,0.45056418,0.4434586,1
0.7221169,-0.1792194,-0.12546207,0
0.48386323,-0.04199186,-0.6817711,1
0.43506956,0.35148162,0.3964478,1
0.54607195,-0.24723098,-0.033480622,1
0.2738669,0.5736557,0.18722674,0
0.86221933,-0.123880416,-0.15153259,1
0.22738026,0.13796008,0.47960222,0
0.34708256,0.14182131,0.40072012,0
-0.002236396,0.01284324,0.7304121,1
-0.23740253,-0.0811761,0.20069069,2
0.5960648,-0.1399736,0.15210374,0
-0.728034,-0.49457008,0.12728669,2
-0.13039163,0.46797705,0.108385935,2
0.7925841,-0.5280909,-0.06416964,1
0.2397978,0.5990587,0.06671051,1
-0.127882,0.17293768,0.05406496,2
0.50868857,0.120731354,-0.39166114,0
-0.556594,0.15750608,-0.7739851,2
0.611225,0.23166369,-0.46155578,0
0.47892007,0.17466879,0.5210682,1
-0.052463472,0.6190387,-0.68750215,0
0.23872362,0.54663575,0.27759773,1
0.48335308,-0.15315345,-0.08485249,1
0.58482057,-0.038608342,0.004329458,0
0.5249498,0.05042187,-0.073997304,1
0.2721062,0.17685543,0.52731633,0
-0.24387193,-0.30239823,0.2493671,2
0.031621844,0.5836286,-0.08306457,1
0.76665723,-0.102191105,-0.23953456,1
-0.5633888,0.13336568,-0.60145575,2
0.23220974,0.06950046,0.70805967,2
-0.50448954,-0.011604734,-0.48684448,2
-0.21508005,-0.5478205,0.9960205,2
0.7095735,0.0024966523,-0.042271517,0
0.7154938,-0.08273776,-0.14451861,0
0.6284405,-0.54606485,0.030261016,1
0.43029404,0.23048711,0.19307329,1
-0.09755266,0.6800412,-0.23905748,0
-0.80489135,-0.03700397,-0.69578594,2
0.6246662,-0.28325662,-0.07879077,1
-0.349115,-0.57569665,0.4277175,2
0.027635053,0.16591528,0.67787373,0
0.32253027,0.46659076,0.0028128475,1
0.69794035,0.18441781,0.24079232,0
0.4702288,-0.069698885,0.2011456,1
0.5058258,-0.68704253,0.25224915,1
-0.24854732,-0.3576971,0.24009621,2
-0.31224918,0.020867333,-0.46043468,2
0.6475652,-0.15684956,-0.18499239,1
0.11514014,0.4005125,0.3316927,2
0.34349644,0.62468004,0.31624216,1
0.5228122,-0.14247115,-0.12782006,0
0.597634,-0.015501745,-0.53758043,0
0.2687029,0.053589664,0.5920109,0
0.6263871,0.047760326,-0.107194334,0
0.3576373,-0.53919184,0.12873909,0
-0.0032044053,0.55936074,0.059431847,1
0.7010132,-0.32108718,0.0031304285,0
-0.29365927,-0.23152265,0.53783417,2
-0.45114052,0.11785771,-0.42067617,2
-0.1937773,-0.2888078,0.17251025,2
0.09487568,0.101706594,0.54503846,0
-0.18503591,-0.34651962,0.312582,2
0.20355116,0.054612312,-0.7523291,1
0.33648342,0.28869852,0.36617887,0
-0.21157694,-0.039005294,0.21547385,2
0.70605206,-0.18971875,0.011134513,0
0.5418782,0.030033525,-0.58234954,1
0.48015517,0.43007302,0.29777455,0
0.81753886,-0.24904814,-0.22122335,1
0.5080645,0.2589268,0.35279572,0
0.71544075,-0.3476926,-0.069700405,0
0.66809905,0.06046176,-0.61981213,0
-0.14289385,-0.0010633469,-0.012958407,2
0.64889944,-0.41645497,-0.045161292,0
0.48792598,0.25592214,-0.51772135,0
0.5682467,0.077929735,-0.4358557,0
-0.70796776,-0.64347273,0.053403657,2
-0.36219186,0.14697428,-0.6209892,2
0.30218947,0.33278647,0.55969936,1
0.112084664,0.473148,0.29907566,1
0.2388107,-0.05750972,0.769958,2
-0.30447108,-0.4531862,0.34328383,2
0.86555123,-0.30906945,-0.17851062,0
0.59042513,0.30764842,-0.49516934,0
0.645561,-0.2485117,0.03303057,0
0.32374227,0.38979506,-0.13147031,0
0.49572295,-0.48577827,-0.13341169,0
0.6741181,-0.3622674,-0.045796096,0
-0.46727318,0.14906591,-0.5744266,2
0.77839386,0.23052028,-0.50064397,1
-0.57233334,-0.6518057,0.49012846,2
0.8150989,-0.20096293,-0.10812205,1
0.9177742,-0.25963983,-0.23220742,1
-0.03641042,0.19859834,0.44595572,2
0.21845731,0.6858554,-0.2903191,1
-0.3726551,-0.14898355,-0.036375374,2
-0.3687665,-0.55776924,0.6153529,2
0.67875946,-0.16485384,-0.093010485,0
0.5264838,0.6106032,0.54323184,1
0.6632529,-0.22437876,-0.10885662,1
0.74490005,0.10974714,-0.30173153,0
-0.1800378,-0.2884245,0.50938714,2
0.21855053,0.20249468,0.58292365,2
0.2353403,0.5390086,0.21039325,0
-0.5853269,0.12667502,-0.8463072,2
0.6262825,-0.22802886,-0.10511947,1
-0.66437227,0.19520168,-0.80486536,2
0.60352385,-0.27951366,0.011350863,1
0.4375598,0.45710662,-0.18682379,0
-0.2853595,0.12589559,-0.47265327,2
-0.19539827,0.44054207,-0.17326017,2
0.51465833,0.10023217,0.14175756,1
0.6359352,0.0352458,-0.42022803,0
0.48405382,0.5321851,0.351275,0
0.58917105,-0.0918562,-0.48864585,1
0.65523183,-0.17315581,-0.13722458,0
-0.05464202,-0.15819451,0.04333902,2
-0.23373082,-0.40001434,0.3352692,2
0.29926863,0.41687924,0.32977828,1
0.07613447,0.07271273,0.5248651,2
0.82190317,-0.24691442,-0.10143165,0
0.19233903,0.098441474,0.70751965,1
0.17364082,0.2533308,0.5164002,2
-0.7841861,-0.020286277,-0.5716889,2
0.5748471,0.16543585,-0.86510795,0
0.22215511,0.19595796,0.7671561,0
-0.23993573,0.07641165,-0.37013763,2
0.6515893,-0.18596938,-0.05972424,0
-0.01794061,-0.10239607,0.34982017,2
0.013235971,0.5706047,0.000972908,1
0.08173838,-0.065668255,0.37448236,1
0.28546393,0.4420815,0.6151826,1
0.7971365,-0.026206113,-0.5463635,0
-0.6167284,-0.39257053,-0.047952063,2
0.40624344,0.34020394,0.53843224,0
0.5699413,-0.15878615,0.08397415,0
-0.44854212,0.05914996,-0.5177767,2
0.7033291,-0.29864046,0.00054079294,0
0.47142285,-0.04809755,-0.8856209,1
-0.3404656,-0.6961239,0.4781677,2
0.7390991,-0.22531456,-0.14245152,0
0.3755176,0.45794526,0.39516106,1
0.6808072,-0.30172488,0.0016431436,0
0.64032453,-0.23302808,-0.09175448,1
0.27826425,0.28309646,0.6892654,0
-0.4562422,0.01744257,-0.41654673,2
0.41269577,-0.4652447,0.1269761,1
0.53618675,-0.37667796,-0.05658593,1
0.85325056,-0.21982223,-0.3007928,1
0.34548455,0.66612434,0.12267034,0
-0.3223893,-0.2857109,0.5208645,2
0.8303914,-0.1542933,-0.31818902,1
-0.253022,0.12918803,-0.24321485,2
-0.51104194,0.06695945,-0.5788645,2
-0.6097824,-0.04666484,-0.6829114,2
0.39887476,0.5396633,0.13471827,0
-0.115652055,-0.11175498,0.12863849,2
0.26228923,0.39557126,0.4046707,1
0.42651448,0.4053682,-0.13127746,0
0.36384508,0.7327529,0.19635281,1
0.20029023,0.12825176,0.59714466,2
0.60854894,-0.32213852,0.023710303,0
-0.629178,0.18960503,-0.6643175,2
0.24631575,0.5490968,0.1511955,0
-0.14884695,-0.38611218,0.23393644,2
0.3847698,0.6510747,0.00040903315,0
0.7483458,0.19857074,-0.48014706,1
-0.010421455,-0.015867375,0.7590992,2
0.5963513,-0.025975078,0.018340021,0
0.55677104,-0.2842834,-0.029968753,0
0.22699426,0.022892665,0.7567585,1
0.72718954,0.15847284,-0.4133357,0
-0.61838293,0.10904751,-0.7951262,2
0.6219069,-0.42215112,-0.05013475,0
0.7682668,-0.33647668,-0.14664437,1
0.45090628,0.17314443,0.3325569,0
-0.4916665,0.045138083,-0.5844109,2
0.16909859,0.17307404,0.66350603,2
-1.0,-0.021213368,-0.8459763,2
0.5718652,-0.13488574,0.08564973,0
-0.6250747,-0.35785124,-0.097325444,2
0.0376018,-0.013889767,0.5697514,2
0.5474319,0.1871344,0.15926044,0
0.6219399,-0.039628707,0.03193798,0
0.84950936,-0.26605946,-0.124743074,1
0.34801686,0.68258154,0.28838792,1
0.4854494,0.572288,-0.24309075,1
0.4643173,0.27582145,0.08838832,0
0.07484867,0.30202186,0.6901678,1
-0.3487789,0.0543003,-0.40494004,2
-0.57599306,-0.7347114,0.35889345,2
0.3499652,0.40844664,0.34206527,0
0.2631426,0.52443534,-0.12952247,0
0.32711887,0.38162315,0.5489258,0
0.4805189,-0.31064382,0.10818827,0
0.4090793,0.3105688,-0.064737916,0
-0.02705133,-0.101987645,0.848025,1
-0.01282528,0.13726985,0.35312447,2
-0.027953863,-0.030167557,0.8739894,2
-0.7918619,-0.079847544,-0.68972266,2
-0.20150062,-0.26312503,0.54807705,2
-0.5725727,0.1542142,-0.79879826,2
0.31271732,0.17842035,0.64406234,1
0.0069448054,0.48294607,0.16225529,2
-0.1988427,-0.20147485,0.31745598,2
0.70182407,-0.053891443,-0.15039402,0
0.57123315,-0.14262468,-0.0052279606,0
-0.014946789,0.2617258,0.20658769,2
-0.6968752,-0.07206777,-0.6380039,2
0.87261397,0.055668302,-0.53140175,1
0.39062402,0.2818351,0.50855005,0
0.68897426,0.20552516,-0.41341227,1
0.84133834,-0.20443788,-0.19689313,1
-0.28627765,-0.2628195,-0.041028433,2
0.56520236,0.06596167,-0.51612264,1
0.3294143,0.6581229,0.30670682,0
0.55351055,0.141112,-0.4490242,1
0.39780477,0.14253041,0.22780097,0
-0.15639561,0.15698943,-0.054080606,2
-0.33828533,-0.33474654,-0.009069607,2
-0.06070721,0.26810223,0.5181303,2
0.586796,0.30500183,0.21884634,1
-0.31063884,-0.5049815,0.6026008,2
0.11605832,0.74874294,-0.20786214,1
0.22117183,0.3602462,0.55056006,2
0.06444737,0.31039783,0.3638118,2
0.6696355,-0.008851752,-0.123612076,1
0.29956806,0.022860296,-0.49045312,1
0.39249986,0.23591283,0.42260396,0
0.6900585,0.054924592,-0.29721314,0
0.04458505,0.5610993,-0.1133229,0
0.901975,-0.2081812,-0.23839143,0
0.649859,-0.29327646,-0.081879556,1
0.63259447,-0.027910717,-0.05345148,0
0.17784475,0.28571546,0.46820962,2
0.10141196,0.3978454,0.227699,0
0.66864014,0.02084601,-0.635388,1
-0.31784803,-0.45542967,0.35837805,2
0.6841283,0.014656816,-0.2791486,1
0.0033952445,-0.20661017,0.9109079,2
0.43774816,0.2399675,0.6290169,0
0.7358093,-0.27095786,-0.061275795,1
0.7911463,-0.14184684,-0.28962877,1
0.31875354,0.41407952,0.50627136,0
0.091738895,0.365884,0.33027476,2
0.88346773,-0.22143734,-0.20655513,1
0.056204244,0.34299326,0.3070392,2
0.07960914,0.73392564,-0.27419752,0
0.6802522,-0.22170427,-0.14750044,0
0.094595864,0.58160675,-0.5467284,0
0.4773611,-0.058848813,-0.3425651,1
0.43668884,0.29843163,0.5087564,0
0.7322234,0.17198746,-0.24470285,0
-0.17922401,-0.1628678,0.31540772,2
0.26865864,0.072262585,0.62407726,0
0.5482849,0.24780981,0.3268175,1
0.30378482,0.2497332,0.46238118,2
0.61507934,-0.35599804,-0.005169656,1
0.36344427,0.5610416,-0.15918148,1
0.64518297,-0.20953321,-0.15029727,1
0.057793453,0.09899058,0.6903522,2
0.40134916,0.022902302,-0.44109228,1
0.105152674,0.32814872,0.56013304,2
0.23858635,0.27443817,0.5554119,2
0.86876523,0.09896758,-0.63658214,1
0.79328966,-0.03925045,-0.36239436,0
0.70837414,-0.26002207,-0.05317513,0
0.73289704,-0.11602552,-0.3274214,1
-0.20742631,-0.34099165,0.22478664,2
0.6689707,-0.4030406,0.01819469,0
-0.24568248,0.12717676,-0.4361062,2
0.27209854,0.50345683,-0.25677925,1
0.30970883,0.5879229,0.09755443,0
0.40073618,0.5869904,-0.14525416,0
0.818463,-0.14763044,-0.16811538,0
0.5557343,-0.3296788,0.027495546,0
0.5578599,-0.31759778,0.03462293,1
0.20168588,0.1703583,0.5185511,2
0.77265114,0.036965594,-0.7108218,1
0.75489736,-0.06771383,-0.29032212,1
0.3837583,-0.4552009,0.1937645,0
0.655541,-0.24747777,-0.039384387,0
0.24158475,0.1621375,0.5571739,1
0.578758,-0.17153282,-0.6604796,1
0.12901199,0.5010774,-0.09200001,0
0.83061683,-0.19277993,-0.29359394,1
0.47878796,0.53975165,0.5012902,1
0.47327366,0.20043029,0.08828397,0
0.43415588,0.38209715,0.4863756,1
0.2985227,0.45872742,-0.2572043,0
0.60691404,-0.056660257,0.0028146766,0
0.657914,-0.20256528,-0.015628591,0
0.20061594,0.55129814,0.19307442,0
0.32276124,0.5124165,0.3691535,1
-0.013140589,0.64978117,-0.30837256,0
-0.12559035,-0.30938318,0.20146662,2
-0.27702287,-0.44183284,0.53727794,2
0.841015,-0.15283601,-0.35501337,1
0.3029709,-0.64064467,0.2786045,1
0.5233387,0.54527557,-0.18286674,0
-0.5604979,0.18465486,-0.62976956,2
0.54526925,-0.2347162,-0.15752757,1
0.77447575,0.013631161,-0.546727,1
0.28380916,0.5332272,-0.08687773,0
0.31227756,0.061303377,0.53862107,0
0.64211595,0.029271953,-0.063349664,0
0.112900615,0.5663309,0.059346452,0
0.45519856,-0.45604706,0.09821713,1
0.25498837,0.09586686,0.6778141,1
-0.40317363,0.18869293,-0.55894065,2
-0.38339525,-0.5305979,0.5553927,2
0.50992453,-0.2604436,0.1452148,0
0.8715531,-0.24910942,-0.1513546,1
-0.44253433,0.10848491,-0.75096834,2
0.26391706,0.09737801,0.28193867,2
0.43890518,0.51671535,0.42555538,1
0.28496274,-0.07731871,-0.5446625,1
0.025266513,0.38231614,0.21629511,2
0.009202659,0.48093638,0.109180585,2
0.42212978,0.120245665,0.38713205,0
-0.043594092,0.5425358,-0.06981642,1
-0.26464042,-0.2122027,0.34588212,2
0.80853736,0.13939245,-0.36340496,1
0.35486716,0.45716998,-0.20951778,1
0.6766366,-0.048192687,-0.21433645,1
0.13686146,0.08768967,0.45536637,0
0.3353853,0.5007372,-0.38077202,1
0.6726576,-0.3179513,0.01073635,0
-0.5152023,0.06957029,-0.6105197,2
0.888879,-0.2804665,-0.1778764,0
0.32047212,0.42017907,-0.0058141276,0
-0.4732452,0.0013319552,-0.55499125,2
0.09411027,0.3598099,0.350452,2
0.018222272,0.16069904,0.6099454,2
0.6789782,-0.30435848,-0.0386094,1
-0.8104992,-0.060384125,-0.7061525,2
0.40735692,0.38577005,0.476611,1
0.25362772,0.09962996,0.6834826,2
-0.6563862,-0.5149093,0.1461226,2
0.22525418,0.3400786,0.5889501,1
0.7969766,-0.30216295,-0.09525259,1
-0.08796698,-0.11693089,0.078568175,2
0.64479077,-0.4696514,-0.09460744,0
-0.09787616,0.79785717,-0.030526236,1
-0.354263,0.17740749,-0.6554835,2
-0.3719383,-0.39197895,0.2003309,2
0.59997207,-0.1628004,-0.05912579,1
0.30943966,0.2672323,0.44225514,0
0.65391016,-0.056703337,-0.2199868,0
0.15884638,0.10479392,0.42016524,1
0.7394334,-0.436032,-0.10043506,1
0.38989946,0.49192983,-0.061456367,0
0.33672252,0.6048193,-0.3591727,0
0.59391654,-0.058430977,-0.27872118,1
0.53595126,-0.120048895,-0.08598092,1
-0.19145551,0.42776972,-0.08466187,2
0.050893724,0.5413798,0.010475602,2
-0.23210046,-0.278727,0.2214937,2
0.40215498,0.17749098,0.25159967,0
-0.6072911,0.09331113,-0.77285606,2
-0.07171801,0.2722463,0.5161093,2
0.55240434,-0.3789092,-0.1524376,1
-0.5024671,0.05757401,-0.48033142,2
0.6478784,-0.27250245,-0.099150285,1
0.36511755,0.55898046,0.19565038,0
-0.03534493,-0.12735598,0.89166766,2
0.33292335,0.14614879,0.3655148,0
0.32441258,0.26271236,0.5643746,0
-0.13492677,0.8045392,-0.4148942,0
-0.4622624,0.1143139,-0.33271226,2
0.45247704,0.33179015,0.5672861,0
0.6176182,-0.15139253,-0.08754653,0
0.82563305,-0.37387207,-0.12353851,0
0.6289289,0.07204831,-0.40448004,1
0.79003894,-0.038305886,-0.6508079,1
0.43881518,0.37336737,0.4724923,1
0.8297253,-0.030071355,-0.11890301,0
0.57956344,-0.20368746,-0.11808178,1
-0.15436864,0.6279748,-0.1316145,2
0.32723075,0.22797143,0.58128315,1
-0.09106234,0.4527848,0.11013137,2
0.68687797,-0.1252307,-0.2258004,0
0.21756488,0.26523286,0.66122746,1
0.11087487,0.063038014,0.73530895,1
-0.39752293,0.064975426,-0.41803092,2
0.67942494,-0.15533923,-0.16684061,1
-0.66074836,-0.71141005,0.23790239,2
0.7631993,0.068005726,-0.69947207,1
0.46322066,0.099168435,-0.20967743,1
0.21618675,0.21865317,0.6846731,2
0.048272133,0.07769775,0.7984752,2
0.30204517,0.65436214,0.13526449,0
0.22478187,0.03947676,0.4795803,0
0.6050202,-0.065947816,-0.6108848,1
-0.76710355,-0.030574769,-0.64424264,2
-0.67214787,-0.0015347078,-0.5441185,2
0.14892921,0.059170544,0.51976025,1
-0.391451,-0.018722251,-0.2894642,2
0.40749496,0.2037216,0.3828635,1
0.0635823,0.27071863,0.3910494,2
-0.32008004,0.07547701,-0.33369365,2
-0.33756673,-0.529273,0.564071,2
0.18127012,0.078570336,0.32110858,0
-0.5832764,-0.104147285,-0.4714297,2
0.0764115,0.24035822,0.53373003,1
0.5139885,0.15498163,-0.7322969,0
0.1637045,0.17170838,0.5977332,1
0.40049112,-0.39329398,0.1750814,1
0.076557115,0.038613074,0.7869871,2
0.67233044,-0.36810857,-0.07229021,1
0.0055880547,0.71849537,-0.37407672,1
-0.2258119,-0.48114675,0.37628442,2
0.5271113,-0.3261191,0.065922804,1
0.68123627,0.0028901696,-0.46583074,1
0.022555739,0.6057831,-0.12641828,1
0.04646252,0.12289892,0.69137114,2
0.7984895,0.014675122,-0.46152288,1
0.026557788,0.07774871,0.7077857,0
0.58631814,-0.34271792,0.07856878,1
0.84214497,-0.2215085,-0.12966566,1
0.32840243,0.62423354,0.18649636,0
-0.0061130375,0.45504287,0.19011489,2
0.17214023,0.189391,0.57216525,2
0.87545294,-0.08608842,-0.17872322,1
0.36384827,0.080862164,0.32467896,0
-0.45014602,-0.031621598,-0.34634072,2
0.35833168,0.07839775,-0.66618353,1
0.5110457,-0.43540382,-0.040392518,1
0.4641401,0.21517059,0.29877478,0
-0.014733687,-0.04232896,0.4206606,2
-0.017936617,-0.18372989,0.93419576,2
-0.035067677,-0.1253925,0.8281008,1
0.32957554,0.53660166,-0.2734476,0
0.1988982,0.2721217,0.455595,2
-0.3477224,0.1661013,-0.088298574,2
0.629588,-0.14835353,-0.15135951,1
0.21168765,0.1318661,0.75965595,1
0.65346944,-0.3445793,-0.032000475,1
-0.042352438,0.59710807,-0.030639686,1
0.04461737,0.061778624,0.740163,2
0.0964163,0.11882381,0.7058397,2
0.6867584,0.1610029,-0.517284,1
0.21639235,0.5408262,0.18276334,0
-0.5290017,-0.5621219,0.29072577,2
0.5955268,0.16030931,-0.5585335,0
0.39132604,0.15320095,0.41956338,0
0.6018302,-0.21173939,-0.08551797,1
0.5983293,-0.36521015,0.007368762,0
0.7620266,0.01564448,-0.054704383,0
-0.6016634,0.26854807,-0.86137474,2
-0.33655602,-0.4208469,0.4566485,2
0.42937484,-0.24735585,-0.04595515,1
0.6678984,0.24777202,0.095508225,0
-0.28779292,0.07868121,-0.2803888,2
0.542716,-0.41750947,0.049736097,1
0.054610536,0.10237553,0.72397166,2
0.5961356,-0.009125851,0.14034516,0
0.43130416,-0.3467799,0.09565844,0
0.38833547,0.4673072,-0.31073028,0
0.69525754,-0.1668276,-0.024300516,0
0.24585685,0.6786597,0.1593158,0
0.54118574,-0.18898875,-0.06128116,1
0.13313013,0.18783078,0.58756095,2
0.47173867,0.36456114,0.2603392,1
0.6631434,-0.11031856,-0.3063167,1
0.76414394,-0.070177004,-0.067196675,0
0.6833378,-0.35775885,-0.16630405,1
0.524777,-0.30929375,0.05863258,0
0.40757635,-0.39379585,-0.11026245,1
0.19438697,0.11949864,0.56561404,2
0.67858076,-0.26650727,-0.03484693,1
0.7167887,-0.16738285,-0.15744296,1
-0.2288228,-0.05437555,0.22064757,2
-0.6026451,-0.109408155,-0.487413,2
0.2837504,0.19207944,0.55718464,2
-0.30165774,-0.3514274,0.050440583,2
-0.41732252,-0.63444614,0.36945206,2
0.106007375,0.037230644,0.72064537,2
0.7656902,-0.085287094,-0.09907989,0
0.45755953,0.23202416,0.07110457,0
0.62620294,0.23188941,-0.44971526,0
0.40355355,0.19007118,0.33881828,0
-0.48350644,0.07060493,-0.71548694,2
-0.3096133,0.056248747,-0.4070058,2
0.2994448,0.67589027,0.07037698,0
0.5189474,0.16912687,-0.6464313,1
0.73931974,-0.29352856,-0.23833111,1
0.38696688,-0.2090047,0.10986731,0
-0.35654205,0.009300895,-0.49240768,2
0.5191834,-0.35062814,0.045286447,1
0.023722738,0.019152887,0.75888294,1
0.022622392,0.47807908,-0.007397756,0
0.5772791,0.12913233,-0.46885276,0
0.09147526,0.12787133,0.7080205,2
0.1582567,0.23683517,0.66546607,1
-0.14789054,0.3267259,-0.24905959,2
0.78446656,-0.1711881,-0.11189586,0
0.48234877,-0.41483483,0.17895544,0
0.33287364,0.18013057,0.5670279,1
-0.7417585,0.20047411,-0.9153796,2
0.5509106,-0.10584372,-0.16013986,1
-0.06128806,-0.20021996,0.09965874,2
-0.17068091,-0.39210063,0.22790857,2
0.54210424,-0.07674739,0.03714943,0
0.031938374,0.45900494,0.21141759,2
0.544935,-0.2901501,-0.012614042,0
0.36619753,0.14134899,0.48329997,0
-0.6413607,0.08169802,-0.7975619,2
0.22771633,0.60706073,0.12835501,0
-0.15835124,-0.2677084,0.41318431,2
0.26499888,0.47779137,-0.19516277,1
0.39961672,-0.3039759,0.19947633,1
0.42390108,0.47284067,0.40883708,1
0.6028421,-0.33432698,0.023907831,1
0.395809,-0.353764,0.115501344,1
0.55478024,-0.581868,0.1805351,0
0.40295112,0.07270121,0.43526536,0
-0.24503186,0.08246506,-0.2635439,2
0.5594121,0.064949796,-0.603719,1
0.44893676,0.1397,-0.93315935,0
0.41184485,0.48774102,0.06932977,1
-0.3661908,-0.4187104,0.27821583,2
0.73781055,0.17340784,-0.4924026,1
0.9999999,-0.23245654,-0.26085246,0
0.3662169,0.017787099,0.44649783,0
0.30899924,0.30174977,0.55339354,0
0.24567838,0.17256293,0.52879834,0
-0.18346035,-0.0680885,0.3492402,2
0.78331804,-0.16570248,-0.1212261,0
0.32659355,0.65073806,0.019934615,1
0.6383638,0.00897108,-0.018424675,0
0.2751902,0.5074927,-0.49075294,0
0.8644922,-0.21724853,-0.21151236,1
0.65266144,0.039370134,-0.6642195,0
0.56426704,-0.057771698,-0.447953,1
0.05096218,0.11325112,0.66597605,1
0.3465706,-0.017260194,-0.63522494,1
0.30254543,0.37149182,0.5733505,1
0.5078013,-0.0055633336,0.078707516,0
0.59969306,-0.035569444,-0.5179349,0
0.15237729,-0.084433004,0.7780386,0
0.4869066,0.34461862,-0.78250295,1
-0.23031148,-0.27010572,0.2615655,2
0.521172,0.14957821,0.2461597,0
-0.016402543,0.16328079,0.55166405,2
0.7926406,-0.23911738,-0.093626246,0
0.9081589,0.08038841,-0.44019,1
0.7424564,-0.38913095,-0.12719005,1
0.12551057,0.13655126,0.5729831,1
0.5326342,-0.2500491,0.026675329,1
-0.39726055,0.08079846,-0.4882633,2
0.39647904,0.3270549,0.4110272,1
-0.47965395,-0.55587316,0.1842264,2
0.3512845,-0.3649643,0.16357335,0
0.5875437,-0.133488,0.06968488,0
0.21545987,0.27759182,0.47494614,1
0.25452814,0.17247517,0.69573444,0
0.7699173,-0.4065005,-0.07800728,0
0.71171135,-0.2614498,-0.13130258,0
0.70834804,-0.23540631,-0.12502205,1
0.75926983,0.21029742,-0.51916605,1
0.46158695,-0.048833363,-0.5618448,0
0.67383707,-0.19307911,-0.13746929,0
0.24951819,0.6555976,-0.15575369,1
-0.49524164,-0.48319513,0.045218132,2
0.31996804,0.3695867,0.34970972,0
0.6776849,-0.12510623,-0.16806772,1
0.49854842,0.10690153,0.30372193,0
0.21122119,-0.111592576,0.7319731,2
0.579011,-0.33018547,0.06284002,0
0.63336945,0.11924078,-0.402139,0
0.2788872,0.54454905,-0.056642532,0
0.37890643,0.3297577,0.46151033,2
-0.6167678,-0.7368733,0.44040993,2
0.2538745,-0.014845215,0.74299425,2
-0.35351372,-0.2414811,0.043612078,2
0.26844162,0.63841575,-0.15306042,0
0.009600639,0.091855735,0.31665432,1
0.7427463,-0.05006066,-0.36029953,0
0.5415462,-0.30028835,0.12423331,0
-0.774063,-0.057852045,-0.6929392,2
-0.26426965,0.06848502,-0.36858928,2
0.20349973,0.66163903,-0.08835851,0
-0.37705827,0.05134359,-0.254535,2
0.18063737,0.013865896,0.68585426,1
-0.33022237,-0.33290726,0.03625201,2
0.120232776,0.47645912,0.098523304,1
0.3903601,0.34349948,0.49563354,1
0.25376973,0.4127411,0.5470761,1
0.8840087,-0.2380242,-0.1638722,0
0.2979497,0.45919043,0.05379738,1
-0.43166357,-0.5435522,0.49008313,2
0.7095999,-0.3213345,0.01129749,0
0.52719676,-0.25844622,-0.08755839,0
0.19469002,0.1725975,0.6394317,2
0.67117167,-0.17502329,-0.109262064,0
0.11762299,0.1186959,0.39214733,1
-0.57981175,0.18443477,-0.83771086,2
-0.04575646,-0.34450778,0.8959661,2
0.34667367,0.52802104,-0.2869206,0
-0.2188409,0.39123866,-0.080751,2
0.20030978,0.17562419,0.61054206,1
0.77124655,-0.00080706924,-0.4580679,0
0.009779707,0.42509562,0.19408381,2
0.3126431,0.58373195,-0.32928145,0
0.24779163,0.5162146,0.37948227,1
0.16357532,0.2501294,0.43623587,2
0.04697618,0.5903596,0.1646596,1
-0.3127783,-0.5327087,0.5460498,2
0.07827783,0.38888448,0.24647242,2
-0.2520936,0.048616286,0.053648263,2
0.78251785,-0.27915707,-0.104469,0
0.6317404,-0.27426738,-0.07134498,1
0.65793335,-0.06987849,-0.10446763,0
0.7061132,-0.41650495,-0.22596818,0
0.27152082,0.58347994,0.017064795,0
0.20882346,0.096680135,0.70726675,2
0.8685148,-0.34591204,-0.2088443,1
0.79481167,-0.32074308,-0.17720677,0
-0.60752356,0.17134503,-0.8926572,2
0.11219488,0.25686997,0.5347096,2
0.22199431,0.18925253,0.49450713,1
0.7359831,0.07689222,-0.6260762,0
-0.4077431,-0.57792157,0.39059445,2
-0.52415663,-0.492131,0.28759503,2
-0.07959181,0.0018973798,0.70714,1
-0.077492416,0.049640927,0.29123452,1
0.3685012,-0.30464894,0.13070728,1
0.38835377,-0.37393185,0.075881496,1
-0.35114288,0.073670566,-0.41243005,2
0.77356285,-0.024102286,-0.6377733,1
0.4297163,-0.17538771,0.059930366,0
0.12532164,0.2527637,0.5711207,2
0.5169449,-0.04673393,-0.054599434,1
0.65897644,-0.35617524,-0.06589579,1
0.7226448,-0.19103736,-0.17982338,0
0.58337545,-0.08608575,-0.5581918,1
-0.59878063,0.07149955,-0.6683157,2
0.42015776,-0.5264614,0.29697633,0
0.38307342,0.33068472,0.59445876,1
0.3255097,0.6479854,0.19391903,0
0.3076533,0.57025874,0.04969579,0
0.60383594,-0.14864099,0.029832242,0
0.39893407,0.71306217,0.00962875,0
0.9186189,-0.3466855,-0.20278382,1
0.07265276,0.19454062,0.49336955,1
0.28807095,0.34772512,-0.10503331,0
-0.3631847,-0.43087018,0.079893515,2
-0.1337752,-0.094514236,0.27387527,2
-0.30138695,0.05900804,-0.27342394,2
0.45771742,0.1293895,-0.47879928,0
-0.57553023,0.05325477,-0.42011675,2
0.16688035,0.655232,-0.13112432,1
0.40392387,0.27685982,0.4018494,0
0.48545918,-0.36680362,0.17247698,0
0.7927596,-0.17992704,-0.30312866,0
0.504151,-0.47447705,0.026322974,1
0.21977538,0.6045096,0.20605674,1
-0.5656653,-0.29672867,0.0006613508,2
0.7433305,-0.11616835,-0.17851423,1
0.72079265,0.10945059,-0.5250137,0
0.53944635,-0.3394168,-0.05633174,0
-0.21310335,-0.35402134,0.57456845,2
0.058132008,0.29170525,0.60095507,2
0.46561572,0.3628039,0.48992884,1
0.1653852,0.62826306,-0.025781468,1
0.6959395,-0.15781946,-0.1893929,1
0.69121087,-0.08009887,-0.059866488,0
0.31219873,0.33061126,0.59717673,1
0.47767657,-0.188788,-0.016701713,1
0.7136537,-0.2362161,-0.12279029,1
-0.32482618,-0.5864285,0.59731996,2
0.75388044,-0.25884515,-0.12922445,0
0.030808419,0.42527798,0.07078861,1
-0.3235311,0.13855508,-0.54599845,2
0.37323242,0.45506448,-0.22349143,0
0.010926545,0.4890047,-0.3085688,0
-0.12330747,-0.18573204,0.39298564,2
0.054329768,0.6514447,-0.023466587,1
-0.45031673,-0.68782216,0.46652585,2
0.53737515,0.19779575,-0.70968986,1
0.7287356,-0.016770154,-0.5701165,1
0.2179591,0.6831207,0.08573887,0
0.099801935,0.16950206,0.6516529,2
-0.5309551,-0.80368984,0.6847945,2
0.26148206,0.6603788,0.21122484,1
-0.2424101,-0.21448058,0.12841333,2
-0.04924032,0.4923692,-0.21932688,1
-0.47898835,-0.6732543,0.7009285,2
-0.12638667,-0.062253416,0.38059166,2
-0.06903431,-0.12886852,0.8565802,2
-0.42495567,0.120986566,-0.4274324,2
0.25881895,0.5985764,0.13783145,1
0.40444586,0.36200422,0.48943892,1
0.25650993,0.20403433,0.52449274,1
0.22497882,0.21791828,0.55709845,2
0.50880575,-0.23858634,0.035528246,0
0.14125884,0.46130577,0.2664097,1
0.39947635,0.70449156,0.13873127,0
0.31341693,0.31561673,0.46364456,0
0.1712477,0.29842937,-0.4816627,1
0.076912254,0.61180156,0.030911876,1
0.71233046,-0.11756879,-0.20159158,0
0.49421704,0.43990391,0.35877267,0
0.66770065,-0.20320353,-0.13592991,0
0.027769297,0.1556927,0.5774294,0
-0.62081903,-0.033036686,-0.59340525,2
0.1366522,0.67581576,0.08151916,1
-0.23863575,-0.39800376,0.60019785,2
0.7880496,-0.23299122,-0.13357918,1
-0.27970576,-0.42828727,0.3026181,2
0.6794468,-0.36118972,-0.04970403,0
-0.14691344,-0.3068715,0.86423296,2
-0.34344178,-0.4581033,0.18246593,2
0.20967801,0.5636269,0.1278089,0
0.1768815,0.22674683,0.58149654,2
-0.41669965,-0.0007888526,-0.5111956,2
0.26995552,0.1984077,0.6534921,1
-0.58854586,0.06542989,-0.6857958,2
0.44925475,0.65154344,0.3941358,0
0.6756079,0.25338072,-0.42269665,0
0.42429912,0.31002086,0.5150724,1
0.62716377,-0.25744817,-0.08466533,0
0.68368685,-0.17458257,-0.15812777,1
0.028977275,0.44441247,0.0103367865,0
0.20297983,0.729271,-0.008245461,0
0.32455218,-0.43692207,0.51326066,0
0.6906674,-0.24808857,-0.093141824,1
0.5718739,-0.40448606,0.007380545,1
0.743819,-0.009907149,-0.4726438,0
-0.14693853,-0.39154336,0.266222,2
0.7146398,-0.104571745,-0.07055854,0
0.8115185,-0.22245046,-0.15474693,1
-0.2676124,0.20443796,-0.27090535,2
0.7309478,-0.02525878,-0.60361725,0
0.21672192,-0.05120281,0.7104655,2
0.10197097,0.054039143,0.71787184,1
0.65442777,-0.36648425,0.0048975535,1
0.56552076,-0.35184497,-0.024246223,1
-0.5174532,0.04206974,-0.63241804,2
0.7789901,0.0012365133,-0.04850801,0
0.41004896,0.5464346,0.15147021,0
0.48719993,0.14536044,-0.47972798,1
0.535067,0.06333053,-0.11156544,0
0.05472885,0.12018487,0.6827516,2
0.053644806,0.34527522,0.36553833,2
0.09372254,0.113972835,0.6306693,2
0.70809835,-0.39063713,-0.11527021,1
-0.18344223,0.30589834,-0.02131652,2
0.023284897,0.37102428,0.29951978,2
0.060498,0.23822393,0.51818866,2
0.75736064,-0.025096893,-0.3450517,1
-0.4873231,-0.5751818,0.2538286,2
-0.28502053,0.20069437,-0.043719277,2
0.15204087,0.5722722,-0.33856708,0
0.56984377,-0.13856138,0.084487826,0
0.90132153,-0.07582468,-0.52108526,1
-0.7653265,-0.7742418,0.32864764,2
0.5875146,-0.13894941,-0.18816434,1
0.19035093,0.6009112,0.09050395,0
0.36655104,0.26718014,0.6075055,0
-0.47839808,-0.37543705,0.22816095,2
0.67638254,-0.30388623,-0.067658514,0
0.4036901,0.4438746,0.29436257,1
-0.3189906,-0.4221431,0.4789615,2
0.48945528,0.09927995,0.14438657,1
0.82266104,-0.32694954,-0.19904056,0
0.34090042,0.565387,-0.15696809,0
0.3859092,0.48132828,0.5154903,0
0.38914365,0.27328062,-0.48572838,1
-0.16927955,-0.19132876,0.35471,2
0.60980415,-0.37596598,0.09320411,0
0.62141573,-0.27814862,-0.040147483,1
0.7654809,-0.15033254,-0.09779872,0
0.6195641,-0.19531429,-0.08077757,1
0.049077675,-0.016225338,0.4338833,1
0.27672952,0.1799117,0.57727027,2
0.4151796,0.3431442,0.41392758,0
-0.9117775,-0.19755343,-0.68903,2
0.18718472,0.4429297,-0.1800559,0
0.12555125,0.018316336,0.7582583,2
0.6674653,-0.30142224,-0.13509832,1
-0.5669192,-0.78371525,0.5199498,2
0.38300794,0.32958496,0.5677786,0
0.49409917,-0.20489612,0.051146775,1
-0.5464077,-0.4673313,0.27565342,2
0.67661905,-0.16872777,0.052594997,0
-0.4677084,-0.80827963,0.57005227,2
0.38710892,0.6059701,0.3607022,1
0.86420804,-0.25499463,-0.19902268,1
0.56628954,0.22940344,-0.04573252,1
0.3866169,-0.26508293,-0.015619732,1
0.4331893,-0.11056125,0.126809,1
0.19343999,0.46105385,0.12892634,1
-0.34031093,-0.5615168,0.46323776,2
0.37333712,-0.22883978,-0.032185055,1
-0.07790986,0.7132171,-0.18806803,1
0.7825186,0.01687169,-0.46275747,1
0.37399048,0.24457058,0.52032065,1
-0.0076477677,0.04437373,0.73943067,2
0.29598424,0.32799056,0.67422414,0
0.1644778,-0.35356182,0.042170376,0
-0.6960194,-0.46709895,-0.009972747,2
0.042846322,0.26378012,0.40067086,2
0.4364664,0.2663615,0.48980165,0
0.7157675,-0.12818792,-0.020224117,0
0.6178897,-0.19912592,-0.047874525,1
0.3490519,0.52794594,0.08115544,1
0.85164225,-0.13965887,-0.17565894,0
0.28431198,0.21432395,0.5476194,2
0.50577617,-0.12523699,-0.48936808,1
0.4796121,0.61918294,0.22731094,0
0.7095083,-0.26367524,-0.13822787,1
-0.57826847,0.17354776,-0.74874574,2
0.40605932,-0.4159131,0.0075357854,0
0.8770431,-0.19812381,-0.18359761,1
0.8183337,-0.34105322,-0.106386125,0
-0.4415694,0.0038696155,-0.25654826,2
-0.26684445,-0.1450393,0.3182217,2
0.33775076,0.40194345,0.55478126,0
-0.52807647,-0.020712622,-0.4054783,2
-0.486001,-0.47088927,0.031352848,2
0.17052156,0.4096941,0.2378954,1
0.36290497,0.5262946,-0.12383157,0
-0.15666145,-0.05062256,0.6668846,1
0.43747595,-0.47251856,0.21324019,0
0.6202417,0.0067876317,-0.24156785,1
0.17222376,0.7232002,-0.094223514,1
-0.28849286,-0.0113321245,0.08536329,2
0.10379583,0.07366178,0.7407136,2
-0.34988576,-0.56826097,0.6054989,2
-0.46030533,-0.74646866,0.55512697,2
0.56313103,-0.071564496,-0.47156268,1
-0.27054742,-0.32494664,0.15714723,2
0.25126147,-0.0033800378,0.98594934,0
-0.929152,0.051080875,-0.82584566,2
0.64661974,-0.03088995,-0.049811013,0
0.70433307,0.043634094,-0.011595786,0
0.21421152,0.21292678,0.70288837,2
0.31958076,-0.48219985,0.022368921,1
-0.5935434,-0.5540309,0.22052094,2
0.79375035,-0.07927528,-0.17776124,0
0.7144528,-0.13427386,-0.15033579,1
