0,1,2,3,4,5,6,7,label
-0.29317766,0.6971307,-0.88113296,-0.8267032,-0.17602646,-0.07210837,-0.13457978,0.15532874,2
-0.84018993,0.0067633092,-0.8336628,-0.85842574,0.42989305,-0.08217856,-0.20476474,-0.0028792024,1
-0.8508091,0.14447609,-0.7884505,-0.886729,0.3967397,-0.08583242,-0.319642,0.1316915,1
-0.76732016,0.42138237,-0.7530451,-0.90660083,0.1786693,-0.08273886,-0.31268317,0.3233851,1
-0.40130255,0.604458,-0.87386906,-0.8305595,-0.17483526,-0.07313878,-0.1876863,0.27075884,1
-0.84201396,-0.05129139,-0.8866834,-0.82394737,0.0057615936,-0.07862124,-0.23688248,0.16395023,0
-0.80871,0.15208079,-0.7868508,-0.8866353,0.48631784,-0.08459285,-0.28333634,-0.1027296,1
-0.93528706,-0.23663339,-0.8973058,-0.8177137,0.21286489,-0.080330506,-0.25194186,-0.018847093,0
-0.77447724,0.20374194,-0.81199867,-0.86728704,0.18781227,-0.07895137,-0.32243198,0.22637673,1
-0.8216008,0.1310307,-0.8266697,-0.861444,0.18337229,-0.08053331,-0.24919212,0.05213356,1
-0.81164825,-0.14807838,-0.94155306,-0.7916983,0.060917698,-0.07488288,-0.12027228,0.19236104,0
-0.91015315,-0.15118292,-0.9049851,-0.81250095,0.026818939,-0.07673992,-0.22389811,0.27493495,0
-0.710455,0.45887962,-0.7936731,-0.8775328,-0.022655487,-0.07407525,-0.20242834,0.17321724,0
-0.6468146,0.57351255,-0.7980762,-0.87920517,-0.059373766,-0.07485452,-0.18242626,0.47286162,1
-0.77814114,0.18848643,-0.84721434,-0.84796274,-0.008830145,-0.0769105,-0.24786627,0.4095853,1
-0.21846941,0.60380864,-0.89482915,-0.81864613,0.03286162,-0.07507865,-0.09944737,0.04595358,2
0.22701943,-0.47226864,-0.7454026,-0.9279227,-0.25555575,-0.07329291,0.07086033,-0.5733532,2
0.030679584,0.44799832,-0.9268501,-0.79877746,0.39879093,-0.080188684,-0.23353341,-0.040067524,2
-0.77261156,0.3389356,-0.77556825,-0.8937835,0.2677703,-0.08108423,-0.22747812,0.20069842,1
-0.38305902,0.47974327,-0.9195891,-0.801878,-0.1570305,-0.07238804,-0.1932473,0.08856051,2
0.269562,0.25513375,-0.81227684,-0.8712631,0.8505885,-0.08378508,0.11997676,0.40068635,2
0.755477,-0.7574208,-0.7508944,-0.93515086,-0.5522756,-0.06701802,-0.68078566,-0.09586626,2
-0.035208583,0.22963025,-0.876039,-0.82908773,0.6782213,-0.08196965,-0.00946559,0.24787955,2
-0.26322496,0.49624577,-0.871235,-0.83536094,0.47539774,-0.07829811,0.11004609,0.09336394,2
-0.8566787,0.350891,-0.7200501,-0.9209599,0.4773303,-0.07888578,-0.31163988,0.07425384,1
-0.7037792,0.15793507,-0.8526595,-0.84185195,0.24359259,-0.07469863,-0.020681337,-0.15441695,1
-0.81692874,0.28501928,-0.76636225,-0.89915574,0.3440895,-0.083742395,-0.30334204,0.16004418,1
-0.8238221,0.07564683,-0.808498,-0.8728523,0.46045533,-0.082846805,-0.23812154,-0.06538041,1
0.17828298,-0.40917736,-0.80386674,-0.8895846,-0.10039753,-0.07384855,-0.36895296,0.3552205,2
-0.052113533,0.42877874,-0.86450696,-0.8402098,0.1967523,-0.0766803,-0.20706159,0.1677869,2
-0.89648306,-0.19926858,-0.8886494,-0.8159325,0.23112863,-0.07331756,-0.15488753,-0.23543164,0
-0.37620568,0.23629676,-0.87605447,-0.8158299,0.42977217,-0.06894263,0.018050373,-0.15852809,0
-0.8028916,0.17887257,-0.8049947,-0.8709069,0.32788348,-0.07652912,-0.23746975,0.10694866,1
0.19712704,-0.2571542,-0.8797246,-0.8382674,0.26088786,-0.07853347,-0.56717896,0.24476925,2
0.5181454,-0.08663362,-0.73584485,-0.9296317,0.6762211,-0.073119596,0.5020324,0.37729058,2
-0.10703701,0.6718409,-0.93587595,-0.7899644,-0.0652498,-0.072365105,-0.28261238,0.05631426,2
-0.88193125,-0.18614605,-0.90883905,-0.81029165,0.09352162,-0.078029834,-0.22098516,0.109311596,0
-0.68974364,0.39685482,-0.8230452,-0.86324275,-0.022266895,-0.07598938,-0.20429975,0.4290694,1
-0.872264,0.0389923,-0.828313,-0.8591888,0.35109955,-0.0798767,-0.24487701,0.009619579,1
-0.81092834,0.11494144,-0.8254906,-0.8635132,0.27330634,-0.08273264,-0.2836677,0.1875282,1
-0.046236843,0.5445334,-0.9377434,-0.79040855,0.1356153,-0.07613119,-0.24812555,-0.03982535,2
-0.52647537,0.58634984,-0.837461,-0.85377,-0.16239727,-0.07466027,-0.20054397,0.27377373,1
-0.56770015,0.4806169,-0.8554336,-0.8432913,-0.146748,-0.074114054,-0.17732382,0.3228739,2
-0.8969272,-0.008807048,-0.8466716,-0.8477219,0.13799131,-0.08017876,-0.29467964,0.13239683,0
-0.8909094,-0.24040249,-0.92238885,-0.8024633,0.112063915,-0.0777755,-0.21804917,0.10425948,1
-0.85141885,-0.10248315,-0.88123053,-0.8271892,0.24570253,-0.079215705,-0.23238246,0.03874228,1
-0.12418479,0.65193284,-0.9430021,-0.78613156,-0.047531888,-0.07253856,-0.23759396,-0.029728025,2
-0.81285286,0.13830699,-0.82788396,-0.86091536,0.2021937,-0.080695614,-0.28984025,0.23812892,1
0.08011359,0.75659525,-0.8743592,-0.832666,0.37156874,-0.07830719,0.026788563,0.13700162,2
-0.3019026,-0.060797527,-0.9851585,-0.7626964,0.42831242,-0.07993382,-0.047306046,0.25711864,0
-0.8338188,0.06949194,-0.8423753,-0.8525842,0.18400547,-0.08082499,-0.27375725,0.27347088,1
-0.8104261,0.14676335,-0.8146567,-0.86995715,0.24959563,-0.08330122,-0.3134367,0.21807437,1
-0.10520324,-0.8716085,-0.8909566,-0.8321736,-0.27559632,-0.06999579,-0.30099577,0.35251695,0
-0.783038,0.2140151,-0.8392032,-0.8524336,-0.06866671,-0.07656114,-0.22682174,0.27934477,0
-0.78858924,0.50786406,-0.72198296,-0.92631733,0.3209466,-0.082909726,-0.28245085,0.32505262,1
-0.74147177,0.009221509,-0.9015112,-0.80501044,0.10432735,-0.07166616,-0.08663795,-0.0798188,0
-0.85424685,0.05870901,-0.8132971,-0.8715455,0.43308574,-0.085335,-0.29335958,0.08049843,1
-0.08039525,-0.06102696,-0.9088927,-0.8141217,0.21931952,-0.073256694,-0.38135082,0.67203385,0
-0.50163573,0.484234,-0.84987974,-0.8457096,-0.10011558,-0.075598285,-0.217594,0.17361102,1
-0.03894505,0.47711578,-0.93464804,-0.7916274,0.24998868,-0.078999445,-0.30288717,-0.039842397,2
-0.79235613,0.12007957,-0.8622876,-0.8391409,0.061528094,-0.077865444,-0.22064081,0.15832981,1
-0.2684818,0.35217392,-0.9376398,-0.792111,0.08073771,-0.07515289,-0.1332762,-0.13528493,2
-0.85422724,0.12117973,-0.806435,-0.8712754,0.25161195,-0.079522826,-0.2723375,0.0420212,0
-0.7326683,-0.117684156,-0.94157225,-0.78921884,0.095518135,-0.07424819,-0.1105731,0.16892065,0
-0.7624813,0.17766753,-0.83994406,-0.85336316,0.120293714,-0.07932243,-0.23934421,0.16496563,1
-0.80157506,0.13545129,-0.8102229,-0.87114584,0.3430871,-0.08111833,-0.23219737,-0.03447467,0
-0.62172675,-0.084397405,-0.98168784,-0.7667032,0.17511165,-0.07448248,-0.09846166,0.21752086,0
-0.80855966,0.01200217,-0.8696015,-0.83572423,0.1413242,-0.079965554,-0.24831924,0.18200298,1
-0.8572258,0.18434177,-0.7614277,-0.8952116,0.5189208,-0.079595,-0.32512152,-0.28850764,1
-0.8397534,0.01960066,-0.88157856,-0.82359546,-0.01843077,-0.072686374,-0.2211778,0.27387732,0
-0.76192147,0.47014275,-0.7595015,-0.9029862,0.10600806,-0.08145717,-0.27257085,0.29344907,1
-0.8590415,0.0139923245,-0.8265022,-0.86011446,0.35112184,-0.081963375,-0.32018954,0.012080863,1
-0.8405018,0.11217211,-0.8474244,-0.8477173,0.038531765,-0.07731043,-0.26021704,0.26972705,0
0.36174792,-0.43027478,-0.70150745,-0.94620454,0.07170406,-0.072412945,0.7104355,-0.45607996,2
-0.84038603,-0.05199468,-0.8929468,-0.8207693,0.06690291,-0.077921465,-0.26754332,0.36325365,0
0.044207573,0.66802406,-0.8643366,-0.8386295,0.48165408,-0.07979115,0.08617014,0.1426525,2
-0.76831484,0.41706088,-0.7653282,-0.8992485,0.1411288,-0.08183599,-0.2971821,0.3274595,1
-0.68006873,0.48824844,-0.7872163,-0.8846967,0.007812843,-0.0771998,-0.24900149,0.33865887,1
-0.7416123,0.31324863,-0.783095,-0.8884406,0.2872035,-0.08223778,-0.27260333,0.045148432,1
-0.53418314,0.54469275,-0.82334346,-0.8631467,-0.05932057,-0.07403379,-0.1318264,0.33375633,1
-0.16131216,-0.301913,-0.8669848,-0.84473103,0.19838361,-0.07523629,-0.2764713,0.45910224,2
-0.8069135,0.26206043,-0.76615626,-0.9007998,0.43155408,-0.0860435,-0.3089587,0.13276128,1
-0.515857,0.72008216,-0.7996343,-0.8779278,-0.118395925,-0.07476568,-0.18149725,0.43071893,2
-0.6627499,0.4974186,-0.8087366,-0.87213767,-0.06865387,-0.07526074,-0.20767716,0.37728512,1
-0.07481113,0.6765216,-0.9071889,-0.8091788,0.06853554,-0.07637562,-0.24693726,-0.09071624,2
-0.68999165,0.23788957,-0.88417554,-0.8252283,-0.08296171,-0.07212965,-0.12314465,0.3385685,0
-0.86763096,-0.015856862,-0.8590516,-0.8413547,0.14077823,-0.08082205,-0.2522199,0.08167903,0
-0.92863894,-0.16957709,-0.87974226,-0.82843685,0.22444543,-0.081010655,-0.28551862,0.015983224,0
-0.8498781,0.17214935,-0.8096016,-0.8732072,0.24944639,-0.081922226,-0.267607,0.08559424,1
-0.51541644,0.54996985,-0.8593321,-0.84060574,-0.10441275,-0.07407497,-0.08843495,0.25226235,0
-0.94037116,-0.27379152,-0.8984294,-0.8159418,0.29211906,-0.07960459,-0.24428564,-0.17564565,0
-0.6988902,0.47350094,-0.8046802,-0.874278,-0.08562797,-0.075661324,-0.22890808,0.4115391,1
-0.48263302,0.41603947,-0.90240115,-0.81456083,-0.12383911,-0.0726598,-0.14180064,0.2875318,2
-0.18435198,-0.2897233,-0.8539437,-0.8513952,0.28391787,-0.075336814,-0.036468983,0.24762073,0
-0.5696049,0.3874945,-0.8363936,-0.85700655,0.08922765,-0.07619621,-0.047177896,0.31481236,0
0.019316494,0.5049789,-0.88105935,-0.82585603,0.25889075,-0.07754579,-0.034922212,-0.20425418,2
-0.7010604,-0.0029306412,-0.91903317,-0.8049633,0.07567943,-0.07663074,-0.1831843,0.12991199,1
-0.71576315,0.22236013,-0.83043265,-0.86011535,0.19719292,-0.081273004,-0.2671942,0.19803612,1
-0.687864,0.42474294,-0.8193198,-0.86306167,-0.10978939,-0.07354355,-0.22011064,0.27868688,0
-0.9428864,-0.31141904,-0.9071232,-0.809185,0.2997068,-0.07784987,-0.22258177,-0.1952407,0
0.6323746,-0.17604348,-0.75257915,-0.9254589,0.22334567,-0.076235,-0.14194727,0.4826432,2
-0.7159616,-0.2995684,-0.97675985,-0.768994,0.252833,-0.07778513,-0.15370807,0.22082123,0
-0.6669619,0.29808235,-0.8583318,-0.84120286,-0.033157274,-0.07481593,-0.16136134,0.24774867,0
-0.17218441,0.4970952,-0.93376386,-0.7930863,0.020777002,-0.07524458,-0.22502646,-0.15884864,2
0.2716185,0.22573003,-0.81743735,-0.8693423,0.8421756,-0.08267085,0.106128216,0.44042066,2
-0.28892332,0.66405284,-0.9037136,-0.8119698,-0.21105227,-0.07148755,-0.15060847,0.047795855,2
-0.3480622,0.019301042,-0.89865816,-0.81155527,0.553412,-0.076377235,0.15242895,0.087242864,0
0.38722855,-0.035980836,-0.87871116,-0.8366328,0.4469943,-0.080704,-0.6016993,0.30040717,2
-0.88376313,-0.105727196,-0.89223063,-0.8194754,0.028808236,-0.07645088,-0.2263635,0.17477705,0
-0.2573297,0.5068498,-0.90389425,-0.8128213,0.02900166,-0.07582891,-0.1733941,0.064908884,1
-0.2358611,0.31000185,-0.9486475,-0.7841364,0.17067595,-0.078083806,-0.27896222,0.014510706,2
-0.24141374,0.089391485,-0.9782502,-0.7655135,0.25155976,-0.07835906,-0.47872448,-0.075070605,2
-0.7839742,-0.029451698,-0.9255321,-0.798442,-0.093070865,-0.07244207,-0.14375347,0.2111254,0
-0.8614071,-0.15000081,-0.9162179,-0.80601436,0.003017053,-0.07721442,-0.20936947,0.142055,0
0.52364856,-0.5659452,-0.81253946,-0.88274807,-0.050572634,-0.07249461,-0.69955564,0.2812764,2
-0.8806044,0.053836673,-0.8037918,-0.87568545,0.43713668,-0.08366615,-0.2817394,-0.06725526,1
-0.8321725,0.123122185,-0.5603073,-0.63923454,0.45014694,0.12775333,-0.4103854,-0.023547828,1
0.3375944,-0.38420314,-0.758056,-0.9170611,-0.38701743,-0.07495847,-0.11634076,-0.50388587,2
-0.86158746,-0.04611799,-0.8526845,-0.8460937,0.27537376,-0.082587846,-0.29201144,0.03739369,1
-0.31527397,0.068948194,-0.8858895,-0.82471836,0.59885037,-0.08239879,0.065745115,0.097529724,0
-0.802336,0.12872307,-0.8126364,-0.8702392,0.2670132,-0.08272324,-0.23761588,-0.07250735,1
0.23046368,-0.35077924,-0.79629403,-0.8953717,-0.054255366,-0.07118633,-0.2511795,0.28070393,2
-0.6672127,0.40262783,-0.82072574,-0.86234313,0.06793417,-0.07320481,-0.14259437,0.21327844,0
-0.19878185,0.5694128,-0.9049722,-0.8117191,0.026521586,-0.07475275,-0.15951297,0.030065417,2
0.061035275,0.41508734,-0.8645235,-0.83776635,0.6185732,-0.08330428,0.006885037,0.08067592,2
-0.8544329,0.08442703,-0.8470239,-0.8497655,0.09159601,-0.080505066,-0.252574,0.23513474,1
-0.050078034,0.3701946,-0.9474357,-0.78400445,0.275846,-0.079270616,-0.33371723,-0.07203381,2
-0.75393134,0.16485953,-0.8333451,-0.8409076,0.10196945,-0.07053315,-0.20543832,-0.022500187,0
-0.7008732,0.34406787,-0.79604954,-0.8793337,0.11787866,-0.08171644,-0.28600764,0.10669273,1
-0.32379645,0.54949236,-0.90536654,-0.8121477,-0.11895865,-0.07334147,-0.13256568,0.10003331,2
-0.6920493,0.22658005,-0.84329426,-0.85180825,0.068890594,-0.07920559,-0.21059528,0.17322806,1
-0.7138655,0.3237693,-0.79955316,-0.87701637,0.17803581,-0.07969886,-0.25752836,0.076432124,1
-0.8916944,-0.067110166,-0.8693352,-0.83587575,0.124130845,-0.08052432,-0.22742909,0.07316354,0
-0.8021319,0.27049276,-0.74657613,-0.87068784,0.54246354,-0.04618068,-0.041666627,-0.63886064,0
-0.7387878,0.34872618,-0.79636145,-0.8818485,0.19179007,-0.082310796,-0.28798655,0.22942516,1
-0.67942923,0.3473512,-0.80423516,-0.87609637,0.18197575,-0.08249094,-0.30425954,0.23149389,1
-0.94812155,-0.11734423,-0.8180854,-0.8512631,0.53118753,-0.069685064,-0.2916514,-0.4718036,0
-0.87556446,-0.022924364,-0.84400994,-0.8509072,0.20405816,-0.08275037,-0.29458526,0.06598735,0
-0.8006465,0.2302773,-0.79381615,-0.88155705,0.29835856,-0.082370184,-0.3019943,0.12729092,1
-0.1698196,0.4692269,-0.8787408,-0.8309783,0.3933793,-0.078832276,0.058417916,-0.0060542524,2
-0.5181054,0.17831291,-0.9485825,-0.7851969,-0.056611598,-0.07411735,-0.19002691,-0.02771607,2
-0.7769399,0.22557789,-0.81371987,-0.86801946,0.2758668,-0.07843276,-0.19703208,0.01052025,1
0.17609745,0.6091691,-0.9120614,-0.8057638,0.18347296,-0.07923482,-0.35830855,-0.0034620017,2
-0.27714795,0.64866567,-0.88762486,-0.82401156,-0.07722767,-0.07257745,-0.060896873,0.15826455,2
-0.102757394,0.53956056,-0.94247794,-0.78697205,0.08607572,-0.0756459,-0.23239698,-0.060904935,2
-0.84192705,-0.08995545,-0.89268064,-0.8200709,0.07325366,-0.077927895,-0.22050369,0.09194237,0
0.1731435,-0.41850913,-0.84433526,-0.8609828,-0.2963015,-0.06945944,-0.5992129,0.13851467,2
-0.8246789,0.07356521,-0.81350857,-0.87022233,0.3954191,-0.083970904,-0.26695976,-0.019292042,1
-0.8533075,0.0048324466,-0.8247061,-0.8640347,0.44063234,-0.08409846,-0.2387273,0.02792456,1
-0.5242867,0.461029,-0.8563454,-0.84259707,-0.08888891,-0.07502397,-0.19703968,0.34801197,1
-0.364973,0.49702471,-0.90920734,-0.8095723,-0.088916734,-0.073453546,-0.14783509,0.083477825,2
0.2867772,-0.61044824,-0.7283329,-0.94038975,-0.5068024,-0.07047683,-0.08196566,-0.76370513,2
-0.8437648,0.16666436,-0.8048143,-0.870171,0.27163705,-0.075779185,-0.24998946,0.06647946,1
-0.8220668,0.026153415,-0.85875905,-0.84268314,0.15276423,-0.08072905,-0.20407441,0.02685786,1
-0.7143446,0.14043637,-0.89331263,-0.81979597,-0.060400233,-0.07403421,-0.17653374,0.25235158,0
0.32990056,0.36742932,-0.8708295,-0.8325617,0.62838256,-0.08155784,-0.18191619,0.15070605,2
-0.0826422,0.7071471,-0.8727982,-0.8335708,0.20634308,-0.07628099,0.031440467,0.14638145,2
-0.66762185,0.171904,-0.8803958,-0.82847506,0.0126625,-0.07775576,-0.21084222,0.14575954,1
-0.6751829,0.42469662,-0.8039372,-0.87612945,0.019013591,-0.079015344,-0.22841294,0.36394206,1
-0.94441175,-0.20972458,-0.8673743,-0.8318699,0.3868875,-0.07817321,-0.25814363,-0.26679054,0
-0.8922285,-0.087733,-0.88766956,-0.82430947,0.049728006,-0.077419996,-0.17011479,0.22677559,0
-0.8477344,0.09926452,-0.83916897,-0.85443187,0.14349565,-0.0797659,-0.25714648,0.2943971,1
-0.70766795,0.4688587,-0.778264,-0.8904456,0.040035613,-0.078011066,-0.27066496,0.3688415,1
0.054950774,-0.3478899,-0.9257145,-0.8055928,0.37209404,-0.08110427,-0.68112254,0.29442617,2
-0.67461854,-0.21700516,-0.9716163,-0.7729177,0.30135152,-0.07771375,-0.14393322,0.18108937,0
-0.84477353,-0.10904321,-0.91901827,-0.8031627,-0.06244424,-0.07415582,-0.15810251,0.20618697,0
-0.70775896,0.2907467,-0.8491438,-0.8468229,-0.09523961,-0.0743785,-0.20882441,0.37133908,0
-0.403134,0.46577492,-0.9306412,-0.7956771,-0.07802336,-0.07033102,0.03834088,0.23592116,0
-0.6420379,0.44378778,-0.7977151,-0.8782798,0.2286138,-0.07817116,-0.103531875,-0.052700534,1
-0.7960425,0.1948158,-0.8050015,-0.8753477,0.2175811,-0.08258626,-0.28239107,0.14490357,1
-0.63839746,0.59010273,-0.7963519,-0.87851655,-0.1434165,-0.07530457,-0.23212367,0.3720079,1
-0.88288236,-0.1460697,-0.90932345,-0.81042033,0.007692322,-0.07641638,-0.19620244,0.2630152,0
-0.7794002,0.04360354,-0.8826956,-0.8252603,0.019455872,-0.07564972,-0.22804944,0.23584366,1
-0.22324471,0.6190051,-0.913117,-0.8055223,-0.0719226,-0.0731455,-0.22428298,0.048706546,2
-0.894115,0.013403013,-0.81233764,-0.8717998,0.40784794,-0.08530455,-0.28998578,0.037104324,1
-0.43196285,0.45768216,-0.87623245,-0.82872844,-0.12883511,-0.07551861,-0.18498987,0.08454776,2
-0.520279,0.28161237,-0.89156884,-0.82012916,-0.010279745,-0.073933266,-0.16039926,0.22284402,1
-0.4587422,0.6944129,-0.8056687,-0.87174284,0.2144793,-0.07295274,0.015729472,0.12591814,0
-0.3478351,0.6110508,-0.86400425,-0.8376916,-0.024338514,-0.07499375,-0.17376347,0.10379504,1
0.4445566,-0.54165345,-0.6640297,-0.9749447,-0.0025773346,-0.06532704,0.6729057,0.032092147,2
-0.76267064,0.19695981,-0.8573763,-0.84326404,0.08186588,-0.07795486,-0.22242053,0.2403014,1
-0.8412742,0.09745556,-0.841335,-0.8527719,0.10851905,-0.08006225,-0.25861984,0.24680156,0
0.11418742,0.14116111,-0.86553556,-0.83895475,0.47756466,-0.08461253,-0.27659434,0.42665896,2
0.5575003,-0.74671555,-0.690215,-0.9701158,-0.7595792,-0.064919084,-0.17606449,-0.33421496,2
-0.6112412,-0.25257215,-0.9513472,-0.78487486,0.3626051,-0.080137245,-0.1453982,0.25495613,0
-0.48143992,0.4594061,-0.89737815,-0.8160174,-0.20087853,-0.07146346,-0.16574618,0.20548145,2
-0.43262672,-0.6633029,-0.8261556,-0.8378042,0.039563246,-0.07959284,0.4069705,0.15546763,0
-0.16605914,0.53243613,-0.90920365,-0.80924994,0.19424841,-0.07767378,-0.12340952,-0.0023938268,2
-0.2448087,0.20484823,-0.9424419,-0.78929013,0.28352362,-0.07665313,-0.105851255,-0.0384157,2
-0.28852248,0.7355572,-0.875213,-0.830175,-0.1943793,-0.07227712,-0.1498007,0.16080655,2
-0.8184904,0.21764347,-0.82598794,-0.8621842,0.20723766,-0.07803744,-0.17143984,0.14163522,1
-0.6823296,0.119825184,-0.8983396,-0.8177005,0.02312772,-0.07658977,-0.12394349,0.15106829,0
-0.8257271,0.00086161494,-0.88959086,-0.8198092,-0.07602997,-0.07470276,-0.2323691,0.24469909,0
-0.80667543,0.16111945,-0.8416726,-0.8501493,0.036378346,-0.07556626,-0.23054981,0.3135146,1
-0.8057787,0.25637758,-0.8016973,-0.8769893,0.19068283,-0.080849946,-0.28127837,0.23442748,1
-0.002406478,0.6044469,-0.89716583,-0.81805766,0.3491851,-0.07871134,-0.06786974,0.08922425,2
0.0049263835,0.57234156,-0.87301,-0.83263946,0.4450722,-0.08000885,0.015216008,0.0059437454,2
-0.3807122,0.5311071,-0.88263077,-0.8247305,-0.15542325,-0.07344656,-0.19337936,0.09868367,2
-0.81003296,0.25293025,-0.802863,-0.87737066,0.1646026,-0.08123106,-0.2665673,0.33958882,1
-0.665931,0.37243688,-0.83125985,-0.8517837,0.024534479,-0.069492124,-0.13416173,0.18261485,0
-0.43727085,-0.02376163,-0.9368276,-0.792982,0.2558877,-0.07653358,-0.12515935,0.33050007,0
-0.86798763,0.27404588,-0.74316,-0.91068137,0.47979996,-0.08297849,-0.32299227,0.056932338,1
-0.30298725,1.0,-0.75899076,-0.9022498,0.173533,-0.07510853,0.0018312335,0.020862482,2
-0.16205695,-0.6848908,-0.81104386,-0.88552374,-0.5845316,-0.06776179,-0.21817203,-0.3392727,2
-0.3722226,0.57950795,-0.8967391,-0.8169552,-0.21746263,-0.07128483,-0.1364077,0.14590463,2
-0.71707296,0.4329832,-0.72752833,-0.82273966,0.039541498,-0.023214772,-0.32904756,0.3515278,1
-0.5592749,0.06550314,-0.9328595,-0.79538023,0.22477184,-0.07818215,-0.12435965,0.19964837,0
-0.06565136,0.528913,-0.92696244,-0.7967369,0.1317628,-0.07730636,-0.22787529,-0.1575844,2
-0.17736664,0.57649803,-0.92124104,-0.8020307,0.08568396,-0.075789906,-0.18173476,0.08227059,2
-0.49026027,-0.29264098,-0.95892245,-0.7792867,0.5043619,-0.07853786,-0.047819912,0.36100262,0
-0.8833374,-0.22964048,-0.9389811,-0.792251,-0.032602787,-0.07543532,-0.16252048,0.20618825,0
-0.8120152,0.12225317,-0.82129085,-0.86354566,0.27945608,-0.07988986,-0.2433056,0.013239607,1
-0.86976844,-0.1994772,-0.91282,-0.80698246,0.11067874,-0.07718011,-0.22272986,0.09885627,0
-0.38402224,0.37750342,-0.9038286,-0.8133738,0.1543009,-0.07582081,-0.082687795,0.11990582,2
-0.12752545,0.7231332,-0.9074047,-0.8095997,-0.014869794,-0.07468839,-0.1911375,-0.008490905,2
-0.47934014,0.14023626,-0.9169584,-0.8046131,0.17396414,-0.075919144,-0.044825897,-0.119665265,2
-0.043628544,0.573994,-0.8937475,-0.8192707,0.31117445,-0.0791932,-0.088727295,0.011474147,2
0.20767134,0.19178863,-0.910575,-0.810043,0.43262187,-0.081611104,-0.48516753,-0.012634546,2
-0.79849553,0.3229348,-0.7867241,-0.88758993,0.1765147,-0.0825937,-0.27768415,0.31461328,1
0.37795663,0.19558296,-0.93112963,-0.7976305,0.3628953,-0.07887323,-0.7060178,0.16133042,2
0.5162813,-0.3100578,-0.76174444,-0.91972995,0.08030989,-0.07298124,-0.18981458,0.41223004,2
-0.82732785,-0.17201737,-0.9272016,-0.79924273,0.10753242,-0.0766123,-0.14419302,0.039082684,0
-0.7451559,0.08051762,-0.8437995,-0.8412389,0.27540267,-0.07012681,-0.16686574,-0.052770033,0
-0.87076974,0.17867112,-0.74829036,-0.90817165,0.58286047,-0.084874935,-0.32554573,-0.22085327,0
-0.56748325,-0.47237074,-0.92774034,-0.8044718,0.2552358,-0.07564252,-0.17850888,0.46568912,0
-0.65956295,-0.12993011,-0.9572086,-0.78102005,0.27647138,-0.07873716,-0.118879706,0.11536244,0
-0.76363456,0.4249336,-0.76124376,-0.902154,0.16985944,-0.08185477,-0.29921353,0.3763432,1
-0.32205564,-0.08676976,-0.9449129,-0.7878686,0.25114858,-0.077977195,-0.15443721,0.27989942,0
-0.89916825,-0.0017557293,-0.82413226,-0.8628675,0.38498276,-0.082096316,-0.28798515,-0.0031071007,1
-0.080337286,0.44987804,-0.85246617,-0.84532493,0.76354724,-0.083138324,0.116809785,0.073111296,2
-0.60232717,0.33469042,-0.8746175,-0.83119667,-0.09935577,-0.073594324,-0.13356343,0.25729215,1
-0.14518002,0.26798412,-0.8622413,-0.8421572,0.39419088,-0.08078692,-0.023078859,0.19193543,1
-0.42635208,-0.12295431,-0.9442159,-0.7888248,0.3724806,-0.081144944,-0.19157533,0.29402506,0
0.20318407,0.6386552,-0.8225232,-0.86265254,0.5362882,-0.07402548,0.12503314,0.026862465,2
-0.8458698,0.0201779,-0.82785416,-0.8623651,0.3881713,-0.083279476,-0.2459423,0.03281731,1
-0.9125627,-0.14316264,-0.88187504,-0.8275118,0.14556085,-0.07885396,-0.19674712,0.07029304,0
-0.23802346,0.63536394,-0.8890891,-0.8208847,-0.09421402,-0.07488637,-0.10206351,-0.16629723,2
-0.84168196,0.16225362,-0.80844456,-0.8710753,0.13201049,-0.08114103,-0.3186097,0.1635322,0
-0.92426753,-0.10567972,-0.86068046,-0.83858556,0.22706953,-0.07968254,-0.2647408,-0.026321545,0
-0.16554841,0.6997604,-0.90272236,-0.8118523,-0.056161,-0.074459,-0.16760328,-0.1076383,2
-0.48619556,0.593207,-0.8304374,-0.85960007,-0.020406246,-0.07739995,-0.17559576,0.17394167,2
0.56956536,-0.30014434,-0.7492654,-0.93037194,0.1586417,-0.074039355,-0.067846626,0.47161028,2
-0.8504732,-0.106877506,-0.88099617,-0.82649916,0.2082577,-0.07767238,-0.17038225,-0.16230914,0
-0.7931585,0.19194806,-0.7972471,-0.8805999,0.30424893,-0.08379968,-0.31678462,0.124513954,1
0.11470753,0.652907,-0.9130975,-0.80589205,0.30228508,-0.078447305,-0.20707512,-0.056663275,2
-0.38211137,-0.29345766,-0.9331036,-0.7992549,0.3102152,-0.07288461,-0.07698918,0.54896283,0
-0.61932886,0.23958316,-0.89562434,-0.81767356,-0.10708937,-0.07356775,-0.16790928,0.2039709,2
-0.7887355,0.18241142,-0.82471913,-0.86338705,0.1434592,-0.0813083,-0.26858002,0.17198662,1
0.11884862,0.3329025,-0.9119345,-0.8091144,0.3800397,-0.079225905,-0.29711208,0.1116426,2
-0.36133975,0.51898956,-0.8424015,-0.84123707,0.15962172,-0.06525552,0.19944492,-0.10351993,2
-0.30352533,0.72914916,-0.8846303,-0.8244035,-0.23174429,-0.07171329,-0.13437255,0.11848943,2
-0.85909474,0.18212834,-0.7783373,-0.8914705,0.41019276,-0.08343842,-0.30314404,0.12623118,1
-0.27616033,-0.23393303,-0.8934693,-0.8266189,0.5571493,-0.075815775,-0.039548427,0.7018975,0
-0.5035932,-0.26852375,-0.955987,-0.77930194,0.2046347,-0.07808728,-0.20634235,0.27111882,0
-0.08092305,-0.6664264,-0.737077,-0.8832881,-0.095570475,-0.0472759,0.53307986,-0.51129407,0
0.5101347,-0.72208256,-0.7042003,-0.96194863,-0.710991,-0.064991295,-0.22777863,-0.1732347,2
-0.019220352,-0.40721816,-0.78667873,-0.89199317,0.42277056,-0.06979277,0.20687675,0.22288671,0
-0.5130256,0.5944656,-0.8145535,-0.869251,-0.02185294,-0.07693134,-0.17638601,0.36200535,1
0.23728478,-0.6901274,-0.76840687,-0.9072528,-0.21652302,-0.067917794,-0.092712805,0.38182688,0
-0.9230098,-0.24135393,-0.9200081,-0.8041509,0.12373861,-0.07793486,-0.21029052,0.09472129,0
-0.840634,0.14483467,-0.7938521,-0.88270295,0.335042,-0.085660756,-0.32699263,0.05050358,1
-0.42963767,0.53847474,-0.8658408,-0.83528507,-0.18923354,-0.07416734,-0.18002024,0.19294272,2
-0.25866455,-0.59316605,-0.8940554,-0.8313156,0.18898267,-0.07166678,-0.1600723,0.99999994,0
0.37116843,-0.16841742,-0.8753629,-0.83967954,0.23524502,-0.07769021,-0.609351,0.15413405,2
-0.116348445,0.65245736,-0.9219356,-0.7995069,-0.06783411,-0.074018,-0.24816255,-0.07726851,2
-0.5717337,0.5754608,-0.80527216,-0.8747437,-0.00778082,-0.0777304,-0.19811757,0.21023752,1
0.62016135,-0.2662215,-0.8289862,-0.8771657,0.11510508,-0.0759738,-0.9747235,0.31383952,2
-0.23709618,0.73989415,-0.91090405,-0.80609304,-0.26816884,-0.069468394,-0.18578817,0.22988024,2
-0.7543558,0.14566389,-0.86142695,-0.8396271,0.034558438,-0.07825574,-0.22990449,0.07802016,0
-0.8416177,0.10954423,-0.8115733,-0.87039083,0.2948985,-0.082141325,-0.3056696,0.03737586,1
-0.8583883,0.08958073,-0.82929456,-0.86227965,0.26397848,-0.082869425,-0.26778883,0.30379814,1
-0.023543388,0.36392468,-0.9563838,-0.7778627,0.3210665,-0.0783765,-0.35350853,0.013201192,2
0.05066502,0.6737739,-0.9121138,-0.8064634,0.23626584,-0.079241455,-0.27584404,-0.008009136,2
-0.62386936,0.16100438,-0.9279913,-0.7973604,0.021992765,-0.07310385,-0.029769436,0.1346256,0
-0.53562117,-0.36765385,-0.9862038,-0.76257586,0.19708478,-0.07720034,-0.28506902,0.2093223,0
-0.7547697,0.16157626,-0.8340061,-0.85693306,0.15452777,-0.08099378,-0.2761368,0.20326777,1
0.6155408,-0.5052989,-0.7668339,-0.9194141,-0.48326725,-0.06551416,-0.53574777,-0.011646077,2
-0.7584772,-0.20430449,-0.95177287,-0.7847625,0.10628055,-0.076055504,-0.11491495,0.045523606,0
-0.8150265,0.021271318,-0.88429445,-0.82511246,0.026712954,-0.07712943,-0.2373954,0.090612255,0
-0.25306937,0.772131,-0.88660544,-0.8229879,-0.16427389,-0.07224118,-0.117349885,0.21953213,1
-0.63742954,0.4300892,-0.82421964,-0.86316556,0.006407365,-0.07553153,-0.13901469,0.22331685,0
0.34213293,-0.07360658,-0.8153335,-0.8789071,0.3969437,-0.07681744,-0.3383869,0.2800218,2
-0.6620107,0.25675124,-0.8783142,-0.82854027,-0.05361268,-0.072744794,-0.05999942,0.2990754,0
0.3215223,-0.6200112,-0.669303,-0.97132105,-0.29451284,-0.07045348,0.44245213,-0.5988271,2
-0.8316461,0.15482713,-0.81826305,-0.86674505,0.1786169,-0.081048205,-0.2612855,0.21280289,1
-0.82539725,0.14709896,-0.8084185,-0.87395877,0.2798748,-0.08399316,-0.30474102,0.19833276,1
-0.5806922,0.33520398,-0.8600978,-0.8395698,-0.034947097,-0.076353304,-0.2086851,0.20729244,1
0.12263906,-0.13873467,-0.85722333,-0.84849,0.44676587,-0.073800325,-0.35267544,0.5474026,0
-0.5008941,0.53203416,-0.857606,-0.84069824,-0.18423429,-0.07259107,-0.22086246,0.48532048,2
-0.55501306,0.4631297,-0.8788236,-0.8291896,-0.17794791,-0.072531655,-0.14588606,0.33114278,2
-0.18512875,-0.28339025,-0.94894266,-0.77799666,0.5492199,-0.06770998,0.19180915,0.44735005,0
-0.8091917,0.27926636,-0.77499324,-0.88854367,0.33789676,-0.077798024,-0.29012102,0.041146673,1
-0.42149678,0.4804283,-0.882096,-0.82404315,-0.17992428,-0.07335212,-0.24019851,0.20334932,2
0.6716085,-0.11683777,-0.77931076,-0.9063962,0.4422714,-0.078785375,-0.2793914,0.6456884,2
-0.43795615,-0.14138079,-0.9032211,-0.815418,0.28796026,-0.080982655,-0.1780306,0.18248454,0
-0.3482871,-0.5561735,-0.9007392,-0.8242248,0.11991412,-0.071934685,-0.17540292,0.40133515,0
0.4183175,-0.72249854,-0.7290642,-0.9428686,-0.37682074,-0.06651966,-0.037716985,-0.14311132,2
-0.7707476,0.39569247,-0.781623,-0.88952994,0.118109316,-0.07976103,-0.24657765,0.41363117,1
-0.6858542,0.5425388,-0.7805388,-0.88796407,-0.026414245,-0.07579307,-0.26283157,0.4050024,1
-0.39808744,0.66565955,-0.8641399,-0.83869123,-0.14847192,-0.0730196,-0.10462998,0.16670164,2
-0.8404153,-0.028147444,-0.9006844,-0.8162963,0.037074387,-0.07532237,-0.18083403,0.2618758,0
-0.66839445,0.5125916,-0.81027013,-0.8692608,-0.12532943,-0.07393924,-0.2356322,0.42334664,1
-0.5347718,0.48265755,-0.85959727,-0.8398028,-0.09979445,-0.0746583,-0.19864629,0.25430125,1
-0.3013218,0.35986632,-0.9264967,-0.7975961,0.01734554,-0.07680512,-0.21699691,-0.19422013,2
-0.05156678,0.29007393,-0.9243636,-0.80031693,0.3618597,-0.080182746,-0.21128282,0.065179676,2
-0.7976856,0.204726,-0.81719184,-0.86102796,0.17347813,-0.07367473,-0.19823298,-0.16028082,0
-0.6871428,0.17281654,-0.8547295,-0.84258336,0.1213736,-0.0766716,-0.13907811,0.012463272,0
-0.6130076,0.3354209,-0.85437566,-0.8447855,0.02962371,-0.0763502,-0.1666969,0.34040955,1
-0.76840174,0.24354655,-0.8083961,-0.8739471,0.14916465,-0.08275143,-0.24663572,0.051523454,1
0.99999994,-0.52655005,-0.71533966,-0.9608159,-0.3169973,-0.066190526,-0.80256104,0.15404171,2
-0.74349815,0.15084681,-0.83595407,-0.85524106,0.24191895,-0.07856325,-0.19971061,-0.036778882,1
-0.73594606,0.074596584,-0.8998783,-0.81625706,0.017848022,-0.07551868,-0.16535015,0.15372209,0
-0.7148793,0.39319944,-0.81757843,-0.86527705,-0.06814037,-0.075435765,-0.23496169,0.42396724,1
-0.8172139,0.05747202,-0.8275017,-0.8625117,0.3761467,-0.083453774,-0.2597537,0.0051383823,1
-0.7919953,0.07391391,-0.86646605,-0.83688915,0.11025937,-0.07786489,-0.2029622,0.15245496,0
-0.32082412,0.49094835,-0.9212042,-0.8011694,-0.109310985,-0.0735189,-0.19932519,0.019202426,2
-0.83093977,0.1191985,-0.81811756,-0.86695206,0.31689692,-0.08174534,-0.27132082,0.16059095,1
0.03812784,0.50878036,-0.9432307,-0.7867115,0.26525223,-0.07794054,-0.24787778,-0.09941843,2
-0.5221369,-0.25298056,-0.96505225,-0.7748179,0.3650718,-0.080235064,-0.20831437,0.35679144,0
-0.37635818,0.53075457,-0.8852188,-0.82347244,-0.11201966,-0.074907325,-0.20554566,0.010323048,2
-0.8426479,0.060889788,-0.78873,-0.8729321,0.5884136,-0.07559209,-0.1971265,-0.3360694,1
-0.26554167,0.70075417,-0.8417751,-0.8520449,0.2751207,-0.075453825,0.054547906,0.13483141,1
-0.5844125,0.090944625,-0.94661236,-0.7869152,0.08299826,-0.07505737,-0.030385286,0.12939881,0
-0.86425805,-0.018535629,-0.8299073,-0.85977244,0.43092838,-0.083364874,-0.28597778,0.0062222183,1
-0.7543664,0.05440356,-0.8962617,-0.818139,-0.0442407,-0.07529596,-0.19285099,0.325806,0
0.12435204,0.37263918,-0.88805735,-0.8240911,0.47849733,-0.081060044,-0.21316615,0.27129868,2
-0.31802487,-0.38279068,-0.8809961,-0.83637625,0.22198263,-0.0766699,-0.18829007,0.5098657,0
-0.4242165,0.07656967,-0.93001544,-0.7977442,0.24656948,-0.08026818,-0.27097818,-0.086253196,0
0.52633446,-0.48315936,-0.7462813,-0.92536485,-0.03176081,-0.06950113,-0.057136178,0.4777627,2
-0.49206683,0.1499558,-0.93464756,-0.7950542,0.042084046,-0.07529625,-0.09722903,-0.09598461,2
-0.55934143,0.1799288,-0.9121426,-0.808713,0.06762435,-0.07653477,-0.13221279,0.1317869,1
-0.15184936,0.44704384,-0.95165074,-0.7815617,-0.0020650923,-0.07321724,-0.23715477,-0.03120923,2
-0.80265284,0.2386443,-0.784936,-0.88829935,0.27058905,-0.08419967,-0.33099133,0.21231225,1
-0.96591926,-0.29566345,-0.8924455,-0.8162616,0.3536588,-0.07689439,-0.23739791,-0.2694103,0
0.5514961,-0.30410013,-0.8207646,-0.87828445,0.016037703,-0.07746525,-0.44386572,-0.0837632,2
-0.26133448,0.06122417,-0.93918085,-0.7902672,0.3094571,-0.08033309,-0.30289245,0.066963844,2
-0.5028002,-0.32727548,-0.91715294,-0.8017626,0.47162712,-0.08372299,-0.117142476,0.30437434,0
-0.4381111,0.7549093,-0.822756,-0.86297125,-0.22621742,-0.07345534,-0.19528478,0.46662796,2
-0.07740164,0.41427714,-0.9386884,-0.78877026,0.18190293,-0.077781774,-0.35649264,-0.084904864,2
-0.82767063,0.11238772,-0.819532,-0.86562854,0.27251208,-0.0812632,-0.28884286,0.08229743,1
-0.8359277,0.037580058,-0.8247916,-0.85910034,0.41941229,-0.077600844,-0.19437057,-0.16432217,1
0.1319055,0.48924392,-0.91341305,-0.8075961,0.35287046,-0.08023053,-0.36849868,-0.045345083,2
-0.5729748,0.026534975,-0.9973428,-0.7570718,-0.0123194605,-0.071727164,-0.10123357,0.1708651,0
-0.718252,0.016264617,-0.92553425,-0.80007887,-0.03680916,-0.072279125,-0.12567042,0.34764984,0
-0.3729815,-0.57977223,-0.9176279,-0.8119576,0.13677408,-0.0706629,-0.02177529,0.46297634,0
-0.80251336,0.24171546,-0.8007053,-0.87779903,0.16391705,-0.08167863,-0.31290382,0.32583034,1
-0.14447531,0.11985953,-0.83513963,-0.86321735,-0.027114615,-0.07439687,-0.39423564,0.3661616,2
-0.16191924,0.56181777,-0.92839056,-0.7955371,-0.0036665052,-0.075117216,-0.25565398,-0.115897864,2
-0.87012655,-0.19242015,-0.9224267,-0.80207235,0.015959822,-0.07748205,-0.21757647,0.14174701,0
-0.30734795,0.19350955,-0.9587142,-0.77695876,0.29078424,-0.07863376,-0.14298886,0.30841178,0
-0.8684298,-0.005926341,-0.8432861,-0.85148907,0.26719216,-0.08172352,-0.25671566,0.06823947,1
-0.5778838,0.66147774,-0.7669085,-0.89974964,0.08874866,-0.078333735,-0.1764176,0.45923373,2
0.012031496,0.4477506,-0.9157622,-0.80462366,0.18022871,-0.076435,-0.21036111,-0.052475184,2
-0.7108035,0.39041907,-0.7811368,-0.8730389,0.16219173,-0.070124336,-0.16688897,0.087136246,1
-0.28143978,-0.5871818,-0.9097921,-0.8211926,0.23888814,-0.07272048,-0.17036343,0.9420748,0
-0.16170067,-0.5150757,-0.82386774,-0.87658817,-0.22867459,-0.06919493,-0.13764605,-0.07337488,2
-0.07253069,0.44268402,-0.90662056,-0.8098993,0.20605566,-0.07841137,-0.20151733,-0.2204687,2
-0.8513074,0.1209684,-0.7996478,-0.878928,0.36639678,-0.084454015,-0.31283596,0.07867074,1
-0.8741827,-0.11803007,-0.8836413,-0.8271477,0.29648077,-0.07818511,-0.16425934,0.13208589,1
-0.77969205,0.21188723,-0.80616707,-0.8707202,0.28422803,-0.077282056,-0.21948901,-0.041195154,1
-0.61725813,0.19946322,-0.9133683,-0.806041,-0.013288975,-0.07376546,-0.10253646,0.118426844,0
-0.6845717,0.3808794,-0.8014239,-0.8758289,0.15699454,-0.077146135,-0.18537407,0.3202204,0
-0.45722985,0.33611542,-0.91057897,-0.8091774,-0.021007076,-0.073829204,-0.10906513,0.07203693,2
-0.17683819,0.7498317,-0.8703818,-0.8339648,0.012384802,-0.074390516,-0.13996725,0.005005598,2
-0.7243035,0.015862182,-0.90656936,-0.81178445,0.01827456,-0.07606084,-0.1995768,0.08403508,1
-0.63451517,-0.13445786,-0.96999747,-0.7721691,0.14204498,-0.0769299,-0.20446327,0.07830845,0
-0.88767755,0.055060185,-0.81778824,-0.8698932,0.39880428,-0.08441834,-0.23116931,0.14496858,1
-0.85681534,-0.19535857,-0.91980165,-0.79727435,0.068343155,-0.07122233,-0.122478105,0.003015101,0
-0.4407353,0.69020784,-0.84090257,-0.8505959,-0.28453484,-0.07298646,-0.16459593,0.24418007,2
-0.82947636,0.11803225,-0.81321764,-0.8707675,0.28927237,-0.084017575,-0.3061132,0.11218053,1
-0.82200944,0.18772435,-0.78609294,-0.8878139,0.36125076,-0.08576141,-0.32751423,0.14738137,1
-0.8050318,0.41321912,-0.72752476,-0.91978455,0.40063947,-0.08092994,-0.2947385,0.081232145,1
-0.87402034,-0.18220371,-0.9336942,-0.79475296,-0.063090965,-0.07431348,-0.15618595,0.22673026,0
-0.050243676,0.40532655,-0.9067853,-0.81280106,0.4132862,-0.08026066,-0.21308139,-0.011664331,2
-0.8956558,0.08161906,-0.797037,-0.87120944,0.38995728,-0.07902784,-0.222996,0.046820402,1
-0.7748158,0.36836377,-0.77668935,-0.8840881,0.21613225,-0.07512422,-0.23367657,0.13092187,1
-0.8268134,0.1741231,-0.784029,-0.88923633,0.39918774,-0.08587499,-0.3263319,0.053502165,1
-0.58101743,-0.1386447,-0.9725816,-0.7720692,0.43580413,-0.076523416,0.021525934,0.341259,0
-0.7654983,0.47484446,-0.7554212,-0.90660405,0.2095775,-0.08228893,-0.2996681,0.29702044,1
-0.55755264,-0.040478945,-0.97624487,-0.7675475,0.023924276,-0.07687371,-0.20077394,-0.20005804,0
-0.4814676,0.40818048,-0.89752984,-0.81563824,-0.14311808,-0.073180154,-0.1789216,0.1980878,2
-0.2521947,0.7473256,-0.89474815,-0.8170216,-0.21047509,-0.072095,-0.15468943,0.13939685,2
-0.56505173,0.14026883,-0.95440555,-0.78238034,-0.04990174,-0.07296535,-0.13060065,0.15650639,1
-0.6214843,0.37971297,-0.812256,-0.8722933,0.19130473,-0.08207173,-0.2361656,0.2163594,1
-0.2909413,0.5927495,-0.9124461,-0.8062515,-0.1656942,-0.072363235,-0.16694616,0.022297062,1
-0.77926433,0.08882563,-0.86107016,-0.8274935,0.12718701,-0.07041956,-0.20914882,-0.15033737,0
-0.82548594,-0.08859143,-0.9270411,-0.79879874,-0.059046358,-0.073337324,-0.1483373,0.23448297,0
-0.5372746,-0.16341874,-0.9481617,-0.78706074,0.404413,-0.0789218,-0.05302523,0.25774565,0
0.42571437,0.18165128,-0.8635099,-0.8466479,0.4020833,-0.0778192,-0.40136844,0.1578289,2
-0.19493628,0.709418,-0.9115084,-0.8077659,0.035150364,-0.07406451,-0.1739915,0.085205875,2
-0.8609576,-0.27654696,-0.966193,-0.77591234,0.021015555,-0.07455117,-0.15384227,0.1403594,0
0.083367944,-0.65852875,-0.8622334,-0.8562374,-0.2949321,-0.06458829,0.021715686,0.39949605,0
-0.8557936,-0.10190126,-0.88837844,-0.8245174,0.23609446,-0.07868527,-0.16207145,0.20460139,1
-0.47411078,0.36333233,-0.8498007,-0.8485786,0.14718446,-0.079556115,-0.16038841,0.13379247,2
-0.47338828,0.41179416,-0.89755875,-0.81643426,-0.10263319,-0.074257955,-0.1668446,0.042482093,1
-0.09881458,0.6184131,-0.9268396,-0.7981297,0.017978318,-0.07368989,-0.16703828,-0.104838,2
-0.02559793,0.456666,-0.859744,-0.84301734,0.23840678,-0.07743192,-0.10861041,0.11635513,2
-0.8556056,0.16930784,-0.77086234,-0.8948104,0.4977242,-0.08319534,-0.30138218,0.005969316,1
-0.6028073,0.4991114,-0.80171514,-0.8780231,0.03213893,-0.079439186,-0.22789602,0.38496011,1
-0.24139969,0.5640646,-0.9211768,-0.8000539,-0.10299702,-0.073769465,-0.2126381,-0.016610295,2
-0.1022861,-0.71202356,-0.846142,-0.8563306,-0.1392684,-0.07165829,-0.16619428,0.62856436,0
-0.7755327,-0.012350008,-0.9308592,-0.798173,-0.03225681,-0.073049664,-0.09729384,0.48251262,0
0.46757984,-0.49853498,-0.82323194,-0.88205874,0.117228,-0.0733662,-0.6571735,0.2897634,2
-0.4087883,0.512764,-0.87194526,-0.83292913,-0.083193645,-0.07437445,-0.14575273,0.13225587,2
-0.2481234,-0.063222274,-0.905,-0.8164682,0.28738657,-0.07310675,0.08564359,0.43300286,0
-0.8141363,0.1699567,-0.8509601,-0.8465915,0.017291956,-0.07806349,-0.24685317,0.34829834,0
-0.7752745,0.2531075,-0.8206138,-0.8642317,0.04363943,-0.0784347,-0.2800613,0.39411768,1
-0.77879983,-0.04840167,-0.94196945,-0.7886694,-0.13695407,-0.07163549,-0.11640402,0.19867055,0
-0.8496277,-0.19423184,-0.9186424,-0.80506456,0.17452541,-0.07742127,-0.17769459,0.017209232,0
0.41285557,0.027569324,-0.85567117,-0.8498321,0.33585924,-0.0810913,-0.69551057,0.3789457,2
-0.61633134,0.07277195,-0.9171685,-0.8001475,0.28553227,-0.07286379,0.028679758,-0.15522683,0
-0.67575806,-0.30653185,-0.95562434,-0.7832727,0.26540285,-0.0796636,-0.17773417,0.12792706,0
-0.7256719,0.3669132,-0.83737534,-0.8532511,-0.12530994,-0.07444499,-0.19302501,0.28956202,0
-0.011838734,0.482587,-0.9209895,-0.80072516,0.10565268,-0.07693608,-0.24730451,-0.02495505,2
-0.087168634,0.6025116,-0.9315231,-0.79439163,0.057262436,-0.07484475,-0.24480607,-0.04790266,2
-0.12420967,0.6442981,-0.9202545,-0.8013612,0.020439126,-0.07511959,-0.19947667,-0.10481882,2
-0.7056242,0.47772533,-0.7912796,-0.8826227,-0.014659166,-0.077197835,-0.2346352,0.36705464,1
-0.40318227,0.37633684,-0.89932626,-0.81533784,-0.04831074,-0.0754809,-0.23155956,0.03755848,1
0.2972924,0.04682284,-0.7927012,-0.8934392,0.6333593,-0.08210229,0.01815848,0.53733337,2
-0.8313375,0.22181955,-0.7506934,-0.9065458,0.5485836,-0.08417547,-0.3240695,-0.11505386,1
-0.27691275,-0.66506046,-0.8037329,-0.851694,0.24194193,-0.061028447,0.2151362,0.28257495,0
-0.42039207,-0.059856504,-0.9998368,-0.7547108,0.16384132,-0.0752019,-0.3010443,0.019436993,0
-0.12779409,0.76021016,-0.8955559,-0.8176466,0.00071525574,-0.0742818,-0.21449086,-0.029975355,2
-0.27273577,0.4883957,-0.90690356,-0.8117074,0.07278356,-0.07387283,-0.006000504,-0.112270534,2
-0.20015115,0.8958529,-0.8488692,-0.8485776,-0.039728776,-0.07371689,-0.09374514,0.2215654,2
-0.8383263,0.21993999,-0.767403,-0.8952142,0.50890815,-0.08130251,-0.23357251,-0.13514754,1
-0.874066,-0.07893759,-0.8791207,-0.82886463,0.07222596,-0.07947838,-0.26617238,0.20046918,0
-0.1702345,0.4825825,-0.9315574,-0.79318815,0.0010025948,-0.0759994,-0.28264982,-0.10346931,2
-0.8322973,0.080992594,-0.8282796,-0.8582539,0.20913725,-0.079447515,-0.29031992,0.16510516,0
-0.2995701,-0.2932915,-0.8938049,-0.81651145,0.13184448,-0.06475194,-0.02810055,0.5051342,0
0.5991799,-0.6453931,-0.6937145,-0.9682253,-0.42065775,-0.067719705,-0.05167234,0.08128618,2
-0.094454885,0.35233456,-0.9541891,-0.7810226,0.18744087,-0.07571836,-0.31428468,-0.058717012,2
-0.8715186,-0.21132946,-0.9240373,-0.80006176,0.031217434,-0.075591475,-0.17742458,0.122512594,0
-0.83400226,0.19007686,-0.7744164,-0.89220446,0.41880092,-0.08355462,-0.33042124,0.0028076768,1
-0.5349584,-0.13661322,-0.9900634,-0.7594951,0.16450313,-0.07560623,-0.21668401,-0.13072854,2
-0.6120064,0.59555346,-0.7841291,-0.8860312,-0.06715052,-0.07693367,-0.2539552,0.35296947,1
-0.77095544,0.20504218,-0.84697425,-0.84452236,0.010658532,-0.072141714,-0.22747533,0.35729173,0
-0.829708,-0.09102377,-0.9142761,-0.8076667,0.051930234,-0.07661938,-0.18620813,0.28303552,0
-0.28816125,-0.2667225,-0.9492378,-0.78606033,0.43399352,-0.07958866,-0.24081287,0.70845,0
-0.75508714,0.24312893,-0.8251373,-0.86396486,0.19224246,-0.08125133,-0.23014504,0.22704233,1
-0.6119317,0.26542658,-0.8810753,-0.8266152,0.023421444,-0.07604395,-0.19026187,0.04076817,1
-0.8242136,0.21211421,-0.81150305,-0.87178373,0.18254752,-0.08120295,-0.27249092,0.30346882,1
-0.42044404,0.004902303,-0.9640198,-0.77555406,0.23307934,-0.07726779,-0.18327221,0.28382322,0
-0.39370918,0.60482335,-0.84417725,-0.84905714,-0.104676515,-0.07484596,-0.14813441,0.14437397,1
-0.78091085,0.30645087,-0.769362,-0.89469314,0.31981307,-0.080890134,-0.30712545,0.07936651,1
-0.6797555,0.3827798,-0.8353377,-0.85508853,-0.086553246,-0.075185776,-0.20149502,0.19026831,0
-0.24059372,0.6347251,-0.8826677,-0.8261664,-0.015865073,-0.0746166,-0.15725596,0.10880904,1
-0.8924664,0.03853838,-0.8060523,-0.8726856,0.39057696,-0.08327699,-0.31091714,-0.08834198,0
-0.54452276,-0.20943272,-0.96603423,-0.77542067,0.42728385,-0.07825627,-0.15065359,0.41156214,0
0.63691133,-0.037876025,-0.8469698,-0.85838455,0.39932314,-0.08186287,-0.6130793,0.63781476,2
-0.77663124,0.42169458,-0.7518786,-0.89557695,0.23413365,-0.07031311,-0.2573169,-0.063303635,0
-0.90241563,-0.09783113,-0.87000686,-0.8337856,0.15081559,-0.07961059,-0.26064265,0.13423549,0
0.19397521,-0.014155939,-0.757086,-0.9191669,0.26020586,-0.07478847,0.13865891,0.15283538,2
-0.7906554,0.4193917,-0.7673892,-0.8968503,0.09724848,-0.07850941,-0.26137066,0.3864256,1
-0.12000093,0.49375576,-0.95403403,-0.7793396,-0.023120463,-0.074356616,-0.24370492,-0.118144184,2
-0.75186723,0.4825195,-0.7413901,-0.9088688,0.32929575,-0.07784359,-0.22748227,0.18342227,1
0.3242426,-0.28813788,1.0,0.99999994,-0.64785695,-1.0,-0.09523546,0.14119959,2
-0.95785165,-0.25938308,-0.8811233,-0.81947863,0.34619033,-0.07337637,-0.1566807,-0.296191,0
-0.8131913,0.079038516,-0.8380572,-0.8536415,0.22639564,-0.07918494,-0.20635356,-0.10680333,0
-0.66837347,0.032712698,-0.95244765,-0.7840821,-0.060193703,-0.07308405,-0.13915297,0.17752272,0
0.4004147,0.2907415,-0.8252456,-0.8652574,0.7778751,-0.08351525,-0.020149201,0.5487628,2
-0.19471565,-0.07500714,-0.8901065,-0.8246935,0.55196977,-0.08129087,-0.092567906,0.42480358,0
0.08089918,-0.50684136,-0.7944176,-0.89465207,-0.22421548,-0.07269135,-0.09557988,-0.24030629,2
-0.6690367,0.20477939,-0.90259933,-0.81334245,-0.15280336,-0.07409445,-0.11723157,0.17881465,0
-0.7282993,0.52084434,-0.75335544,-0.9065652,0.106760964,-0.080005914,-0.2944952,0.4212653,1
-0.7467986,0.4011113,-0.79086655,-0.88317627,0.03841339,-0.07933541,-0.28210872,0.37106752,1
-0.40422487,0.708376,-0.8633575,-0.83775526,-0.24212083,-0.07063152,-0.1592159,0.37647247,2
-0.6664624,-0.005436018,-0.9642373,-0.77588993,-0.09207323,-0.07250926,-0.120390475,0.15393037,0
-0.6450863,0.02740188,-0.9736966,-0.77166677,-0.039853767,-0.071523145,-0.07828845,0.2672962,0
-0.7300538,0.32208583,-0.80191016,-0.87793475,0.22159676,-0.08192572,-0.25020793,0.030019075,1
-0.36362553,0.47373602,-0.90348405,-0.8124609,-0.10920042,-0.0734354,-0.19040202,0.1173808,2
-0.55638236,-0.15777686,-0.96772814,-0.7725213,0.28866553,-0.07742816,-0.14066118,0.1071185,0
-0.858791,-0.049613044,-0.8882273,-0.8235779,0.052055113,-0.07719305,-0.19298549,0.2602865,0
-0.67785585,0.1207528,-0.88642335,-0.8241122,0.030166768,-0.076598346,-0.23657195,0.27351952,1
-0.081914395,0.6483917,-0.9136618,-0.80601865,0.08277814,-0.07563181,-0.2204113,0.09136216,2
-0.55944276,0.35310197,-0.8934109,-0.81706834,-0.10071899,-0.07083171,-0.04894674,0.25102594,0
-0.82018054,0.0076888353,-0.89868057,-0.8157425,-0.05880423,-0.07464408,-0.20064639,0.24206325,0
-0.8033704,0.019425124,-0.9114886,-0.8074557,-0.15986237,-0.072836354,-0.19769154,0.29893145,0
-0.864815,-0.050455183,-0.8901556,-0.82076865,0.002264917,-0.07615924,-0.22053514,0.20732376,0
-0.2097545,0.64850926,-0.8853959,-0.8256452,0.10918726,-0.07394411,0.049184874,0.17533895,2
0.28135997,0.13089797,-0.9058241,-0.8137849,0.34706324,-0.08198965,-0.629647,0.18157537,2
0.26901287,0.25628415,-0.9314798,-0.79718894,0.3558836,-0.074003704,-0.29071087,0.7704999,0
0.14378232,0.042869225,-0.9066694,-0.8145318,0.44311327,-0.07919234,-0.44939247,0.1556069,2
-0.721776,0.21746749,-0.84846634,-0.8461341,-0.0069584996,-0.076989904,-0.26278895,0.35377195,1
-0.8042847,-0.064178854,-0.91377753,-0.805221,-0.041384637,-0.072876394,-0.16463882,0.20918529,0
-0.8195219,0.40517136,-0.7261252,-0.92173386,0.34310082,-0.08311585,-0.35784602,0.21247463,1
0.013846487,0.43262145,-0.89656705,-0.815489,0.31219688,-0.08198391,-0.3190859,0.1857763,2
-0.68886065,0.6055954,-0.75263107,-0.8987668,0.15099244,-0.07327987,-0.20640193,0.118197516,1
-0.10562548,0.79494995,-0.89253545,-0.818913,-0.039348662,-0.07411305,-0.15009804,-0.11613643,2
-0.14265856,0.6920688,-0.90148497,-0.8149407,0.023773924,-0.072385155,-0.07903929,-0.050254494,2
-0.22792448,0.6024376,-0.91063726,-0.8069391,-0.1351186,-0.07303531,-0.14857855,0.05127748,2
-0.9487259,-0.27254725,-0.8984676,-0.8165048,0.27196965,-0.07960725,-0.22499673,-0.1281884,0
-0.8783454,-0.101069,-0.8875578,-0.82333994,0.058721617,-0.07937384,-0.28737783,0.14926916,0
-0.8513766,0.071917556,-0.808295,-0.8727001,0.39122105,-0.08345862,-0.27204233,0.017190322,1
-0.27353573,-0.09080246,-0.946254,-0.7869566,0.37328896,-0.07720415,-0.18928058,0.4160352,0
-0.60197014,0.45692345,-0.82471794,-0.86188984,-0.011609226,-0.07672824,-0.21890914,0.2762829,1
-0.09774944,0.6818603,-0.8997774,-0.8146571,0.00024582446,-0.07514839,-0.16831516,-0.031713367,2
-0.87940365,-0.027005702,-0.8586086,-0.84101933,0.14574286,-0.07969293,-0.26659405,0.08789714,0
-0.48979777,0.55982137,-0.8313979,-0.85717493,-0.0048878193,-0.0749734,-0.0767657,0.07661415,2
-0.7346798,0.06968482,-0.8756562,-0.8307478,0.060560845,-0.07794853,-0.23851791,0.13425928,1
-0.6718213,0.46799922,-0.77523005,-0.8931759,0.11872872,-0.07977605,-0.2345325,0.37070215,1
-0.5823931,0.6201345,-0.79841876,-0.8775248,-0.09857267,-0.07470063,-0.19868216,0.38481832,1
-0.57397306,0.37473962,-0.89875734,-0.81620526,-0.060877785,-0.07366666,-0.07671068,0.25127196,0
-0.7918424,0.26748976,-0.7834518,-0.8757058,0.28106496,-0.07518761,-0.25976157,0.09381978,1
-0.9212916,-0.16219342,-0.8677172,-0.8353207,0.32116205,-0.08051276,-0.26682568,-0.11108637,0
-0.65526974,-0.09066078,-0.9845834,-0.7623039,-0.022705808,-0.071799695,-0.14851698,0.13258895,0
-0.9051567,-0.18442076,-0.9100717,-0.8102273,0.044278383,-0.07777912,-0.2015279,0.15822145,0
-0.026817799,-0.62848663,-0.7832341,-0.8964127,-0.40908217,-0.06693822,-0.025610402,-0.39054728,2
0.24612874,0.56407344,-0.8948872,-0.81874806,0.49029535,-0.08118562,-0.18726747,0.17414172,2
-0.83137053,0.0986137,-0.8079163,-0.87321264,0.3564644,-0.08454118,-0.32047594,0.0634176,1
-0.6617848,-0.0799814,-0.9779168,-0.76816,0.054956615,-0.07483258,-0.12651713,-0.022920012,0
-0.7249831,0.17423394,-0.87150383,-0.833268,-0.044255316,-0.07657393,-0.22481334,0.15269701,0
-0.91197747,-0.16869676,-0.90139353,-0.8156534,0.0976921,-0.077949636,-0.19052957,0.1386098,0
-0.7119967,0.4038808,-0.79578793,-0.8667073,0.038967207,-0.06752667,-0.18415812,-0.023399174,0
-0.7290042,0.32818288,-0.8113672,-0.86957955,0.0059999973,-0.07867914,-0.27363124,0.2650774,1
-0.88137925,0.1383076,-0.76829404,-0.898299,0.51725435,-0.086801305,-0.33364475,0.015321076,1
-0.06968573,0.46622956,-0.875329,-0.8316861,0.47307205,-0.08072563,-0.06601784,0.19884843,2
-0.81681585,0.22970326,-0.7993301,-0.87837625,0.20577568,-0.08128772,-0.2818036,0.18722688,1
-0.727931,-0.09514016,-0.97082984,-0.7712307,-0.1491839,-0.07138353,-0.109276645,0.13649726,0
-0.6260104,-0.6701271,-0.907213,-0.81482804,-0.30282566,-0.075570606,-0.46849588,-0.34222856,0
-0.77503383,0.43587506,-0.7328743,-0.9168408,0.3177538,-0.081212364,-0.3051275,0.063865066,1
-0.13686067,0.5702488,-0.8854173,-0.82392085,0.14974725,-0.07723203,-0.18603483,0.0029722005,2
-0.58544993,-0.11953947,-0.982445,-0.7646013,0.19224948,-0.0755657,-0.16503964,0.24004197,0
0.5345641,-0.4966243,-0.6976643,-0.9637384,-0.28850275,-0.07062885,-0.072561115,-0.26611987,2
-0.5978342,0.5913839,-0.8001791,-0.87656724,-0.09278953,-0.07566169,-0.20854422,0.34782663,1
-0.027823567,-0.5838968,-0.8954458,-0.8329381,0.28603858,-0.07596919,-0.65072095,0.44898072,2
-0.45947775,0.20766266,-0.92698985,-0.7985245,0.035986707,-0.07465532,-0.2383075,0.156778,1
-0.77471757,0.3007263,-0.7893303,-0.8817266,0.118873686,-0.0791517,-0.29424828,0.07455125,0
-0.67884326,0.27436158,-0.88110167,-0.8265738,-0.15408427,-0.07396537,-0.1660214,0.21568546,0
-0.87188226,0.0021591783,-0.84235466,-0.8512057,0.27799878,-0.07987907,-0.25039995,-0.02645722,1
-0.7508831,0.31771237,-0.7799516,-0.8362787,0.20720887,-0.04250686,0.0100988895,-0.41593927,0
-0.7926367,0.34181947,-0.76964426,-0.8976912,0.23793533,-0.08286101,-0.28787735,0.28217876,1
0.39073092,0.16322173,-0.9092235,-0.81238353,0.35624292,-0.08126064,-0.5236341,0.24845156,2
-0.83095706,0.117785275,-0.8089618,-0.8729812,0.31292525,-0.08307408,-0.30401924,0.04259572,1
0.03955841,0.44499272,-0.94933873,-0.7814597,0.23051162,-0.07967831,-0.40810964,-0.08380166,2
-0.51602453,-0.5355498,-0.90167993,-0.8156897,0.15184698,-0.079466015,-0.059813634,0.38864926,0
-0.832674,-0.0075899363,-0.88075733,-0.8275595,-0.009233847,-0.078147896,-0.26408532,0.16435756,0
-0.06592381,0.34163004,-0.9468215,-0.7836264,0.26502857,-0.08003271,-0.40225577,0.030890591,2
0.42844146,-0.65520996,-0.75946116,-0.9243063,-0.3467818,-0.066835605,-0.18295297,0.18995538,2
-0.70691764,0.009138927,-0.9565687,-0.7801137,-0.13276133,-0.068977214,-0.13460606,0.42311946,0
-0.77330935,0.29595026,-0.7942408,-0.8820132,0.17637955,-0.08190826,-0.27868885,0.30852067,1
-0.73982877,0.30775815,-0.8426697,-0.8498885,-0.14122903,-0.074362926,-0.20760627,0.35524803,0
-0.73863745,0.52483994,-0.73090416,-0.9189362,0.26233202,-0.07978937,-0.25302753,0.20622548,1
-0.3685368,0.22165519,-0.9269,-0.79833996,0.20649949,-0.07649582,-0.12371436,0.041958578,2
-0.8390868,0.0031541586,-0.8345379,-0.8585758,0.37395325,-0.08383251,-0.25794333,0.05679918,1
-0.2579742,0.55616015,-0.91701144,-0.8045735,-0.015033409,-0.074056044,-0.15072253,0.040930234,2
0.37978637,-0.06360166,-0.8026511,-0.886315,0.31368393,-0.08157596,-0.242693,0.17804804,2
-0.47417375,0.36538547,-0.8965148,-0.81729585,-0.08380212,-0.07432536,-0.21298184,0.22605006,1
-0.7819941,0.16106014,-0.84813714,-0.84926015,0.13122565,-0.07938506,-0.21801502,0.33305418,1
-0.54889756,-0.028710052,-0.9490518,-0.78479946,0.142167,-0.07422693,-0.045359537,0.086835906,0
-0.6921527,0.29179767,-0.83673394,-0.85376036,0.074932784,-0.07571712,-0.21533942,0.3194905,1
-0.00854069,0.48127565,-0.94848794,-0.7816223,0.17663722,-0.07763961,-0.41799524,-0.08439283,2
-0.7993429,0.28233883,-0.789645,-0.88480353,0.115039706,-0.08251404,-0.2912407,0.19934256,1
-0.2749412,0.3563066,-0.92343295,-0.8004692,0.048724294,-0.07552341,-0.16402858,-0.15238506,2
-0.50457954,0.4188144,-0.8613138,-0.8373819,-0.09257688,-0.075012304,-0.26003963,0.23991883,1
-0.8668405,0.013822421,-0.81979865,-0.86489636,0.4169697,-0.0824105,-0.27799183,-0.02856253,1
-0.7594886,0.15837193,-0.78904164,-0.8409663,0.34437132,-0.054997437,-0.09538036,-0.3854465,0
0.054469466,0.39359528,-0.93473834,-0.7937238,0.2521832,-0.07816272,-0.38190925,-0.059815183,2
-0.81818557,0.25419033,-0.77869684,-0.89251745,0.32809514,-0.08370185,-0.28667238,0.008303091,1
-0.3751202,0.527194,-0.877532,-0.82727396,-0.15322533,-0.07412666,-0.21281283,0.13366823,1
-0.56908643,0.5442436,-0.8303208,-0.8585837,-0.15971261,-0.074117094,-0.20626877,0.4226839,2
0.19627392,-0.73777664,-0.81940436,-0.8842261,-0.47050786,-0.06585383,-0.4731653,0.22388795,2
-0.6308802,0.6274863,-0.78681964,-0.8846617,-0.087320134,-0.07451188,-0.21311219,0.47797853,1
-0.80906713,0.12289591,-0.8180985,-0.8675178,0.26650736,-0.08356387,-0.30713817,0.09768547,1
-0.13193223,0.6619085,-0.8799592,-0.829085,0.15106362,-0.07628406,0.0047697276,0.100032195,2
0.5232556,0.11926545,-0.82850033,-0.8708964,0.42556828,-0.08020988,-0.42339152,0.62133104,2
0.21017158,-0.48875397,-0.8594822,-0.8569378,-0.10288617,-0.065963015,0.015041262,0.7940811,0
-0.7484398,0.016691819,-0.9310154,-0.7951535,-0.14988256,-0.07155193,-0.14749329,0.22931406,0
-0.27316242,0.6254034,-0.89370203,-0.8194907,-0.08537386,-0.07318129,-0.07786949,-0.01452519,2
-0.8454653,0.009464517,-0.8392488,-0.8549446,0.32467756,-0.0821584,-0.24486695,0.10000599,1
-0.73983455,0.36281434,-0.7848426,-0.885361,0.23871084,-0.07906186,-0.24874729,0.05697485,1
-0.60244244,0.39792985,-0.8187251,-0.867137,0.07792395,-0.08023215,-0.23449266,0.28321108,1
-0.71078753,-0.38141257,-0.9775503,-0.7686719,0.29111254,-0.07922972,-0.17598061,0.19286427,0
-0.8715066,-0.17789212,-0.91921633,-0.8042793,0.030756608,-0.07722017,-0.21513158,0.23488678,0
-0.7976422,0.15065783,-0.8115647,-0.8704637,0.38734543,-0.08069093,-0.23920943,0.03397367,1
-0.8818232,-0.20845017,-0.9216514,-0.80292404,0.058549993,-0.0774969,-0.19511524,0.0820218,0
-0.9347775,-0.15846169,-0.8601672,-0.83816993,0.33330333,-0.080000915,-0.27882665,-0.12906295,0
0.3491121,0.06368654,-0.88989675,-0.8258337,0.45370036,-0.083270185,-0.6233952,0.22673534,2
0.24268484,-0.7783805,-0.74503934,-0.93109506,-0.58104235,-0.06629245,-0.07015611,-0.1523335,2
-0.84120965,-0.087130845,-0.87919897,-0.8286508,0.21666466,-0.07966411,-0.24016827,0.023447193,1
0.19925004,-0.19946238,-0.8411523,-0.86239874,0.34022498,-0.077291355,-0.2474641,0.403629,2
-0.534631,0.4573431,-0.82350016,-0.86376566,0.1491616,-0.07565865,-0.04006055,0.14389245,1
-0.44682968,0.33445162,-0.92343056,-0.8005088,-0.09785174,-0.07390284,-0.23064893,0.065313615,1
-0.8233639,0.20464894,-0.7793883,-0.89178216,0.34359178,-0.08560724,-0.34660977,0.12549782,1
-0.8395065,0.0066786557,-0.8440493,-0.85189766,0.2879247,-0.082397476,-0.26148975,0.11649003,1
-0.92662215,-0.19989327,-0.90416014,-0.813866,0.104250506,-0.07739489,-0.16325885,0.12545604,0
-0.5082465,0.29211292,-0.88802147,-0.8210082,-0.07278219,-0.076491304,-0.21158983,-0.010164157,1
-0.34573123,0.46683714,-0.9262087,-0.7979701,-0.15991467,-0.072136626,-0.17142054,0.08400298,2
-0.43514487,0.62023413,-0.82951677,-0.8585601,-0.10423106,-0.074736096,-0.1698473,0.3206697,1
-0.3507635,0.24614462,-0.95087427,-0.78448045,0.17213923,-0.07410027,-0.16907717,-0.12244943,2
-0.89966214,-0.33366144,-0.94566476,-0.7885507,0.11076659,-0.078176536,-0.20471315,0.042817168,0
-0.007470429,0.50266767,-0.87277055,-0.83225214,0.60840845,-0.079884134,0.107522815,0.08628969,2
-0.7047571,0.2832043,-0.88866985,-0.8208745,-0.27671418,-0.07015947,-0.14892116,0.5439024,0
-0.44696802,0.4156905,-0.88069385,-0.82584393,-0.10878514,-0.07453395,-0.28355488,0.17477493,2
0.022592992,-0.10381478,-0.79689384,-0.8790473,0.6034074,-0.07577742,0.123787016,0.37996703,2
0.23398948,0.33696198,-0.8591851,-0.8442728,0.17763329,-0.078181595,-0.27901745,0.17617653,2
-0.79431933,0.25320262,-0.7876618,-0.8878815,0.2911772,-0.08452299,-0.2858086,0.19718462,1
-0.5376963,-0.6375771,-0.90142167,-0.8234392,0.013513133,-0.073076956,-0.15444893,0.43545556,0
-0.5091487,-0.024572745,-0.9927209,-0.757131,0.044534758,-0.07314199,-0.045982286,0.036998935,0
-0.23808464,0.7003306,-0.8662489,-0.83660257,0.010597825,-0.07339224,-0.014688805,0.009673253,2
-0.8767581,-0.19015038,-0.91529924,-0.80638754,0.057695806,-0.0768353,-0.19343103,0.15840633,0
-0.014473647,0.61413133,-0.9064032,-0.808802,0.061288506,-0.077951126,-0.25193962,-0.21784008,2
-0.7733443,0.15511675,-0.8516177,-0.8428545,0.018363401,-0.0755892,-0.2827303,0.32705945,1
-0.4725269,0.16676715,-0.9600215,-0.77721643,0.17379978,-0.074587785,-0.029442877,0.23883194,0
-0.81738627,0.16077164,-0.8111742,-0.87241435,0.27906966,-0.08311337,-0.2838815,0.14416325,1
-0.6884262,-0.009388164,-0.9346629,-0.79433584,0.009383276,-0.07523003,-0.15826981,0.14436263,0
-0.2711177,0.65438175,-0.90725946,-0.8097455,-0.13989365,-0.07160579,-0.12820637,0.05797676,2
-0.65756077,0.3403253,-0.81067026,-0.8748977,0.3919852,-0.08307004,-0.120773315,0.03657601,1
-0.8192439,-0.0093563795,-0.89263487,-0.8172287,-0.058549255,-0.072754614,-0.19127573,0.23567733,0
-0.7520743,-0.1059427,-0.9456601,-0.7887913,0.10173468,-0.07573008,-0.044888154,0.09625894,0
0.27551323,0.3388362,-0.8597786,-0.84267557,0.49911448,-0.08342499,-0.24219951,0.2835958,2
-0.6507914,0.22899261,-0.88458896,-0.8241884,-0.070035875,-0.07512633,-0.21680272,0.24820049,1
0.42746466,-0.056375742,-0.82006013,-0.87490875,0.53658783,-0.07786699,-0.107634686,0.4526369,2
0.017092586,0.12260112,-0.878674,-0.83022666,0.4769241,-0.08309402,-0.13548444,0.25088573,2
-0.66295254,0.52807593,-0.7993302,-0.8629167,-0.088535175,-0.0676121,-0.16970396,0.094767116,0
-0.8758694,-0.06970146,-0.89273924,-0.8211677,0.0046095997,-0.07729918,-0.20115143,0.27283844,0
-0.8623848,0.17747329,-0.7061871,-0.74861985,0.3069688,0.019782111,-0.084605746,-0.82024926,1
-0.780044,0.2761766,-0.8051353,-0.8757099,0.11439353,-0.08246953,-0.29018238,0.20804784,1
-0.7437382,0.0006201118,-0.9157866,-0.8044228,0.0005001724,-0.07378589,-0.17022139,0.15556566,0
-0.4314109,0.6728499,-0.84416926,-0.8493749,-0.22714633,-0.07361872,-0.14089371,0.2379416,2
-0.83666146,0.14676529,-0.83198,-0.85847646,0.108733065,-0.079391174,-0.21061063,0.21344039,1
0.13733888,0.40120068,-0.92904985,-0.79591763,0.3602743,-0.081189215,-0.50198776,0.1365537,2
-0.22812332,0.19079784,-0.9342286,-0.79455894,0.3041064,-0.08022173,-0.10018319,-0.056982413,0
-0.40243137,-0.28606248,-0.8852702,-0.81357545,0.50500804,-0.07551925,0.16820288,0.25179607,0
-0.60045886,0.036208704,-0.9441339,-0.784004,0.24880078,-0.06957545,0.19135472,0.2693133,0
-0.56510735,-0.23198098,-0.9762472,-0.76867044,0.31978863,-0.079655826,-0.1749515,0.2265757,0
-0.82602704,0.18228938,-0.8182179,-0.8665525,0.08483569,-0.07947152,-0.2309476,0.23122871,0
-0.5513011,0.23321125,-0.93241847,-0.79504716,-0.15569592,-0.07242044,-0.16494718,0.15646802,2
-0.6679378,0.0058879703,-0.97682655,-0.76837164,-0.15395126,-0.06987895,-0.0881172,0.17095149,0
-0.8239551,0.2098462,-0.79969144,-0.8778279,0.19952469,-0.081643276,-0.29564923,0.24683768,1
-0.77558094,0.33514756,-0.7891377,-0.8865105,0.14834827,-0.08202107,-0.27967706,0.27624184,1
0.1760478,0.4438295,-0.9296507,-0.796031,0.30961102,-0.07979292,-0.4559873,0.026507288,2
-0.75499594,0.27619964,-0.84684217,-0.8490416,-0.0775035,-0.07430331,-0.12958138,0.3471623,0
-0.24057543,0.82988214,-0.8771318,-0.82794327,-0.22576803,-0.07103141,-0.17425705,0.12563175,2
0.16745675,0.8506091,-0.88517547,-0.8236368,0.11302614,-0.07664225,-0.31086838,0.0969314,2
-0.8407426,0.0012612045,-0.8354612,-0.853908,0.3602249,-0.080425255,-0.29029337,-0.069569126,1
0.14692873,0.5310402,-0.9261076,-0.7975597,0.15990114,-0.07783391,-0.3828963,-0.08244906,2
-0.13939679,0.7442974,-0.90268517,-0.8135537,-0.013507813,-0.07397362,-0.14743716,0.12206494,2
-0.8032059,0.1566035,-0.8295704,-0.86058545,0.12772615,-0.080920964,-0.27267447,0.25694203,1
-0.8157538,0.07299563,-0.87464684,-0.8306016,-0.039029703,-0.07484936,-0.19763696,0.25112966,0
-0.63087505,0.16686039,-0.9485799,-0.7869784,-0.08292146,-0.07104485,-0.08562867,0.39419535,0
-0.5859003,0.67734826,-0.7450813,-0.89997387,0.22900045,-0.0734167,-0.16925275,0.12337367,1
-0.51773244,0.515134,-0.8531487,-0.8445109,-0.1522519,-0.07317243,-0.14934199,0.29432303,2
-0.6491994,0.2572599,-0.86001533,-0.8395065,-0.027157918,-0.076923534,-0.25041187,0.2873782,1
-0.66583174,0.5265564,-0.78137326,-0.8876111,0.052870058,-0.076321945,-0.21636796,0.3038393,1
-0.67093563,0.28333312,-0.84137756,-0.8525537,0.04956711,-0.079575345,-0.27826318,0.2941001,1
-0.8352953,0.2872169,-0.76525044,-0.90156764,0.29726118,-0.08522753,-0.30113947,0.23210359,1
-0.70131075,0.35247046,-0.793817,-0.86844677,0.30199483,-0.07167584,-0.17101523,-0.017753392,1
0.043221235,0.4861699,-0.92305773,-0.79797477,0.2564631,-0.0811702,-0.30208924,-0.2034064,2
-0.8479444,0.16123758,-0.8073003,-0.87373877,0.2944733,-0.08086581,-0.24855837,0.17372443,1
0.14795744,0.55055916,-0.84414136,-0.848798,0.7621543,-0.07699419,0.333471,0.34814766,2
-0.7841815,0.16931948,-0.8213226,-0.86549884,0.19092943,-0.0811721,-0.26648924,0.07786699,1
-0.82799244,0.22270516,-0.78926444,-0.885224,0.22547603,-0.08357154,-0.31966054,0.2217015,1
-0.6487673,0.50494206,-0.80784434,-0.87303305,-0.033822626,-0.07636828,-0.20242956,0.38387683,1
-0.8861229,-0.1311692,-0.883272,-0.8266871,0.19967794,-0.07964263,-0.2360522,-0.0016274601,0
-0.032621264,0.6006656,-0.9193607,-0.80161965,0.2004512,-0.078813784,-0.260582,0.05073475,2
-0.80484766,-0.013653338,-0.89881045,-0.8162337,0.019527584,-0.076058,-0.19152066,0.23412518,0
-0.93514585,-0.27560574,-0.907987,-0.81009954,0.22650328,-0.078688204,-0.21718147,-0.0850282,0
-0.8443998,0.15237214,-0.834369,-0.8579008,0.19986728,-0.07830215,-0.21421674,0.3460331,1
-0.81186855,0.099841505,-0.8332478,-0.8578554,0.21942434,-0.08114964,-0.27967656,0.13761039,1
-0.8730403,-0.11259404,-0.8704808,-0.83555996,0.26429686,-0.08142794,-0.22077471,-0.04453686,0
-0.90263176,-0.21574593,-0.9046266,-0.813537,0.1390541,-0.07990484,-0.24960288,0.09391613,0
-0.7878305,0.15630148,-0.8466071,-0.8489322,0.06677667,-0.0791456,-0.24160527,0.1274157,0
0.97308666,-0.68826216,-0.69768536,-0.9660301,-0.69449866,-0.067293026,-0.960521,-0.05182664,2
-0.76952124,0.18477608,-0.8299367,-0.859713,0.14056551,-0.08074031,-0.2845675,0.17606838,1
-0.6324576,0.32482564,-0.8453523,-0.84941936,-0.025588706,-0.07744597,-0.22790694,0.28187752,1
-0.8244029,0.2623529,-0.76735455,-0.899895,0.384517,-0.08537634,-0.31622374,0.17578334,1
-0.8445586,0.07747183,-0.85990113,-0.84033525,-0.0022569597,-0.07671391,-0.2223418,0.34388453,1
-0.82817906,0.03873901,-0.89957595,-0.81496614,-0.12885913,-0.07289,-0.15526979,0.3331311,0
-0.9629191,-0.26822934,-0.88379425,-0.8214789,0.35731703,-0.07706184,-0.24044418,-0.25990325,0
-0.7162593,0.489231,-0.76876605,-0.895699,0.10492578,-0.07730478,-0.25701243,0.27423748,1
-0.5692807,0.104760565,-0.9356035,-0.7906035,0.07810419,-0.07422321,-0.14379472,0.12480944,0
-0.8959396,0.027200148,-0.8298838,-0.8595278,0.22514686,-0.081119485,-0.26661703,0.0713226,0
-0.6870971,0.35898465,-0.8404322,-0.8514933,-0.030229181,-0.074635945,-0.16375504,0.29562354,1
-0.7586591,0.17089514,-0.8324383,-0.8597003,0.25717586,-0.081694156,-0.25100106,0.15076385,1
-0.3251084,0.036810204,-0.8812356,-0.7902963,0.6876718,-0.06407118,0.22186777,0.20931706,0
-0.7336147,0.33485317,-0.8053279,-0.87436634,0.06096358,-0.07886094,-0.254648,0.42793667,1
-0.38805938,0.8126172,-0.83091986,-0.85849434,-0.19020194,-0.07327813,-0.1103758,0.2272515,1
0.30726033,0.29666442,-0.8709182,-0.8355539,0.6942394,-0.085509434,-0.3156091,0.5038993,2
-0.33425438,0.27882072,-0.92774945,-0.7960176,0.15347385,-0.07732966,-0.22007513,0.17957848,0
-0.6652337,0.1963056,-0.87857723,-0.8298916,-0.00092849135,-0.077249765,-0.21157157,0.28223926,1
-0.8365728,0.14129269,-0.78595793,-0.88674825,0.5084257,-0.08385391,-0.26879072,-0.030906662,1
-0.4871393,0.48101395,-0.8746028,-0.8312644,-0.09924415,-0.07414064,-0.1768659,0.2913704,1
-0.28301495,0.6881144,-0.8702113,-0.8324564,-0.11951071,-0.07389625,-0.18467568,0.08087035,1
-0.49508223,0.24803421,-0.9480888,-0.78640026,0.035805933,-0.07365867,-0.11926047,0.2570031,0
-0.010372907,0.91304386,-0.88293403,-0.8262786,0.047229327,-0.07275782,-0.08827541,-0.0029380023,2
0.15740758,0.48796213,-0.930132,-0.793751,0.29734692,-0.0813791,-0.4521059,0.0262893,2
-0.04257545,0.4910223,-0.91065997,-0.80750215,0.07946643,-0.076970436,-0.27806062,-0.06362116,2
-0.3425169,0.28609222,-0.9096378,-0.8080918,0.09902261,-0.074446246,-0.059714258,-0.29838583,2
-0.77735966,0.22858492,-0.79374903,-0.8828324,0.34280586,-0.08301067,-0.28236413,0.15989542,1
-0.8437892,0.1238561,-0.78296757,-0.8884121,0.50985897,-0.08506484,-0.31301498,-0.0029225498,1
-0.7505536,-0.06228845,-0.94861233,-0.7866528,-0.032305896,-0.07155007,-0.12620786,0.3544349,0
-0.7320849,0.359929,-0.7905275,-0.88402414,0.17046122,-0.08083452,-0.27264994,0.18884106,1
-0.73848194,0.3488813,-0.8076247,-0.871975,0.061271153,-0.07727502,-0.22999805,0.32451245,1
-0.9472939,-0.12268883,-0.84737957,-0.8469428,0.37747753,-0.08087161,-0.25106812,-0.13641936,0
-0.85053277,0.08477204,-0.7995915,-0.8788157,0.4425971,-0.084975764,-0.3091303,-0.017602533,1
0.6112377,-0.51025486,-0.6558548,-0.94370574,0.08908498,-0.07778313,0.77194875,0.2645073,2
-0.06621903,0.14515133,-0.9584065,-0.7785588,0.18830909,-0.07795156,-0.36938825,-0.12291756,2
0.31959188,-0.59001195,-0.8551744,-0.86011684,-0.21380839,-0.07141606,-0.744335,-0.0027880669,2
-0.79201305,0.3552733,-0.793793,-0.8811432,0.015298806,-0.07889731,-0.27828693,0.4207238,1
-0.11413175,0.50760037,-0.9409174,-0.7864016,0.08342765,-0.07557905,-0.3785383,0.0165257,2
-0.86567974,-0.10950139,-0.89629364,-0.8190076,0.053696923,-0.07829891,-0.20890681,0.19511433,0
-0.93765926,-0.206774,-0.8903483,-0.82046896,0.20562333,-0.07870039,-0.24016148,-0.04195197,0
-0.786669,0.32409737,-0.78930825,-0.8824852,0.101608396,-0.07907664,-0.28774923,0.30588958,1
-0.71339977,0.5335407,-0.7709634,-0.8949681,-0.009222969,-0.07754367,-0.24732077,0.4187673,1
-0.80739665,0.2604627,-0.7606203,-0.8982779,0.43605864,-0.08122466,-0.31311825,-0.17089921,1
-0.25705126,0.71792364,-0.86244583,-0.84024435,-0.03250651,-0.07329994,-0.017652422,0.13578478,2
-0.7966795,0.25750855,-0.80394995,-0.8740464,0.19402477,-0.07847014,-0.20919457,0.049983546,0
-0.8507487,-0.10131878,-0.8951598,-0.81919366,0.061746716,-0.079664364,-0.23917183,0.073950484,0
-0.32777944,0.55696374,-0.89123327,-0.8191884,-0.08909033,-0.07345451,-0.19063123,0.013539687,2
-0.31486106,0.7395407,-0.86785877,-0.83351934,-0.18825153,-0.07264662,-0.16002792,0.1275791,1
-0.34505048,-0.48025662,-0.9732532,-0.7746352,0.26980317,-0.07741356,-0.4567349,0.09353536,0
-0.5264237,0.60084194,-0.81355363,-0.8690278,-0.08376329,-0.075628154,-0.20078059,0.46839175,1
-0.69021004,0.27266228,-0.847151,-0.84751076,0.09642412,-0.073520824,-0.1072699,0.21584056,0
0.11346668,0.24047479,-0.92281693,-0.8011783,0.32487118,-0.08165282,-0.44910356,-0.26638564,2
0.23587,0.018730372,-0.8700255,-0.8389843,0.37978524,-0.08260652,-0.39069414,0.068132274,2
-0.7433876,0.3808874,-0.7806424,-0.89144635,0.26117462,-0.08287916,-0.26380336,0.115651436,1
-0.77478373,0.3311973,-0.8132289,-0.86884123,0.022178449,-0.07580532,-0.18298404,0.45042592,0
-0.6774307,0.23625106,-0.86554,-0.8371241,0.029180229,-0.077754445,-0.21877049,0.16013405,0
-0.5278498,0.13561434,-0.93156457,-0.7937877,0.048449405,-0.07435138,-0.12756811,0.20047621,0
-0.7887378,0.41015652,-0.74918264,-0.9114219,0.27605528,-0.08329056,-0.2409459,0.15516202,1
-0.7325081,0.49538505,-0.7599614,-0.89736986,0.13791847,-0.07391791,-0.24583964,0.26560232,1
-0.71992373,0.39997894,-0.78690434,-0.88564235,0.14664507,-0.08014514,-0.2562676,0.2132279,1
-0.5361188,0.48672608,-0.8336192,-0.85679454,-0.027423963,-0.07487548,-0.12554291,0.27462265,1
-0.7838489,0.01690124,-0.8878286,-0.82385135,0.09900567,-0.07630157,-0.2029872,0.22474682,1
-0.678188,0.44519168,-0.8103227,-0.87133324,-0.0064184964,-0.07704857,-0.24644846,0.43521187,1
-0.80385715,0.1604964,-0.81544304,-0.8617952,0.2676288,-0.07652864,-0.22651127,0.13216005,1
0.24222392,-0.52674675,-0.7893702,-0.8464121,-0.2077285,-0.08121884,0.48239726,0.83818406,0
-0.8421136,0.11227193,-0.79549474,-0.8820476,0.4310876,-0.08537828,-0.2962256,0.012974486,1
-0.79445493,0.18887785,-0.7926164,-0.880281,0.36773247,-0.08272034,-0.31129393,0.1367431,1
-0.9123913,-0.199967,-0.8932945,-0.81984633,0.1898203,-0.079939134,-0.26027066,0.009110063,0
-0.11664039,0.272104,-0.95053804,-0.7812431,0.24145691,-0.07994316,-0.34238464,0.005906597,2
-0.8634376,-0.051653996,-0.87565047,-0.8317386,0.07619142,-0.07958462,-0.23263337,0.20498963,0
-0.91392314,-0.047904223,-0.84882206,-0.84743017,0.20035008,-0.08077117,-0.25074288,0.028720416,0
-0.5243704,0.34268767,-0.89868534,-0.8147599,-0.15878367,-0.07330747,-0.2031949,0.18487176,2
-0.89337957,-0.18637416,-0.90144026,-0.8130765,0.11970917,-0.07650823,-0.20037887,-0.021291807,0
-0.8707365,0.0037640482,-0.8176456,-0.8648311,0.43078968,-0.08057782,-0.18501307,-0.22883803,1
-0.14504316,0.6821742,-0.89679784,-0.817285,0.016832903,-0.07464078,-0.18093014,0.1263634,2
-0.16014299,0.5633007,-0.91197634,-0.80706686,0.004324734,-0.074889645,-0.14374292,-0.044806466,2
-0.7852635,0.2949592,-0.79026234,-0.8840289,0.18316893,-0.08216765,-0.30457863,0.2162286,1
-0.6041274,0.09814413,-0.9085749,-0.8108172,0.11997102,-0.077781804,-0.11375555,0.0300913,1
-0.5450785,0.05047255,-0.9278191,-0.79739624,0.25644878,-0.07969221,-0.17624284,0.049023964,0
-0.4960979,0.10574765,-0.9493159,-0.7847857,0.07988778,-0.07648206,-0.1249435,-0.031743214,0
-0.42630595,0.39370623,-0.88454425,-0.8249633,0.055470936,-0.075680844,-0.093199335,0.077492744,2
-0.41126347,-0.21229684,-0.9081039,-0.8117277,0.37371564,-0.07945927,-0.09504497,0.24180757,0
-0.839478,-0.09660736,-0.9119657,-0.80751944,-0.038042903,-0.07518313,-0.20406595,0.22677982,0
-0.8425125,0.24443267,-0.7892536,-0.88609505,0.22644758,-0.08291016,-0.2763303,0.27848893,1
-0.721972,0.41095096,-0.7769291,-0.887416,0.21204415,-0.07571976,-0.2177606,0.020704053,1
-0.51187354,-0.3960824,-0.95024484,-0.7861028,0.52123857,-0.07978492,-0.1088702,0.49843684,0
-0.55621237,0.5069016,-0.8441747,-0.8513912,-0.032577842,-0.07500921,-0.05860406,0.36558828,2
-0.22885606,0.6715658,-0.87945455,-0.82709295,-0.12801081,-0.07356897,-0.19925751,0.051821053,2
0.14393437,0.6789328,-0.9140209,-0.80553645,0.3312728,-0.07917139,-0.33016518,0.059703156,2
0.439542,-0.452308,-0.7436067,-0.93000996,-0.2985466,-0.07194577,-0.21498033,-0.065108284,2
0.03134817,0.5263772,-0.929927,-0.79699457,0.29366225,-0.07814247,-0.30349955,0.031049296,2
-0.7796447,0.21108063,-0.84268034,-0.85113686,0.05953013,-0.0784895,-0.22044013,0.09593369,1
-0.34825158,0.57673323,-0.8874446,-0.82277095,-0.15787202,-0.07296751,-0.1385491,0.08672821,2
-0.7338377,0.43578348,-0.7688255,-0.89543235,0.13984692,-0.078493714,-0.28630537,0.26652744,1
-0.640326,-0.36285448,-0.9658008,-0.7760613,0.3254175,-0.07838086,-0.12348879,0.18425843,0
-0.4699046,0.35320345,-0.929322,-0.7976948,-0.105253994,-0.07281976,-0.12873375,0.08536285,2
-0.840716,0.11609879,-0.79327565,-0.8822912,0.4396351,-0.085139446,-0.33522207,0.017713025,1
-0.81650007,0.061845683,-0.85902494,-0.8431022,0.16793452,-0.080224685,-0.23698789,0.30371553,1
0.4348786,-0.30477482,-0.8250352,-0.87795615,-0.25471494,-0.07075617,-0.5007889,-0.19789141,2
-0.08935553,0.14027596,-0.90668386,-0.81292593,0.37474495,-0.080296144,-0.2790192,0.23202068,2
-0.33732337,0.19191492,-0.9405558,-0.7898603,0.16001014,-0.0759498,-0.14520037,-0.00519979,2
-0.8446808,-0.10600796,-0.9025732,-0.8143463,0.028351873,-0.07704306,-0.22354437,0.20357022,0
-0.76031023,0.47466937,-0.7658351,-0.8999693,0.062067874,-0.08075648,-0.24950276,0.45952827,1
-0.12508133,0.5474783,-0.8959332,-0.8161678,0.10100413,-0.07316469,-0.15894867,-0.16125396,2
-0.7464266,0.091481775,-0.904084,-0.8120943,-0.055392668,-0.07232744,-0.09931405,0.27015448,0
-0.20239347,0.8025844,-0.86363286,-0.83853436,0.0132571235,-0.0744388,-0.050935835,0.16019814,2
-0.3116462,0.750207,-0.8050567,-0.86123294,0.31114796,-0.07010539,-0.048746094,-0.20019007,1
-0.8450122,0.23516564,-0.7916415,-0.88165855,0.23775524,-0.07996184,-0.27980918,0.19212428,1
-0.12610239,0.38482666,-0.8646009,-0.8390976,0.2839281,-0.07760173,-0.061844334,0.047920734,2
-0.30666304,0.087632686,-0.961848,-0.7763261,0.34380025,-0.080000825,-0.2634027,0.38621852,0
-0.95048743,-0.29613477,-0.9054417,-0.8110968,0.26531148,-0.07806285,-0.2056419,-0.17311001,0
-0.06051764,0.5553365,-0.9338019,-0.79228336,0.055310145,-0.07561576,-0.30211785,-0.024494857,2
-0.83867645,-0.020236298,-0.88185567,-0.82703656,0.029049098,-0.0778401,-0.21119338,0.20017618,0
-0.88105774,-0.25608408,-0.9336965,-0.7947928,0.039438322,-0.076433346,-0.19338691,0.10458349,0
-0.7683968,0.027924731,-0.8869445,-0.82433105,0.08612887,-0.07761787,-0.21997604,0.16032746,1
-0.88639796,-0.12002045,-0.8933536,-0.82033044,0.056984626,-0.07869959,-0.23576994,0.13199612,0
-0.5009382,0.5432287,-0.854717,-0.8424645,-0.16804594,-0.07292553,-0.16720411,0.33408678,1
-0.6131106,0.3414814,-0.8499379,-0.84674996,-0.034117386,-0.07796721,-0.23981482,0.2508107,1
-0.63129157,0.57112694,-0.7875858,-0.8844626,0.0043829232,-0.0756385,-0.20007223,0.28716633,1
-0.7533779,0.32706523,-0.81099206,-0.870456,-0.0035356283,-0.07713879,-0.24658808,0.4238693,1
-0.7894933,0.13900712,-0.86663586,-0.8360702,-0.1010088,-0.07576358,-0.20778729,0.3949,0
-0.04083973,0.419903,-0.927515,-0.7961386,0.2234715,-0.07956861,-0.3542444,-0.1317094,2
-0.24116585,0.81110924,-0.8807701,-0.82699007,-0.21961212,-0.07103572,-0.14686668,0.18662164,2
0.2806942,0.3942395,-0.8764212,-0.83017457,0.61626005,-0.08560889,-0.29594636,0.42738476,2
0.06425649,0.15177551,-0.8966577,-0.8191935,0.53334093,-0.08367162,-0.21327734,0.35350978,2
-0.85809016,0.034033507,-0.810269,-0.8682444,0.43578133,-0.07966108,-0.27716982,-0.09206894,1
0.15880263,0.40076903,-0.8390948,-0.85437566,0.6160253,-0.08122844,0.14085168,0.1152878,2
-0.3840043,0.47555432,-0.87699664,-0.82877636,0.064309895,-0.07384181,-0.02414374,-0.0030908138,2
-0.6434657,-0.52430433,-0.9287559,-0.8034514,-0.0706732,-0.075229555,-0.22259101,-0.097358525,2
-0.5943089,0.09683898,-0.90965146,-0.81074727,0.15118356,-0.07799784,-0.1161249,-0.031339377,0
-0.74656826,0.2715273,-0.8162533,-0.86922985,0.121221006,-0.08145004,-0.23553939,0.12938827,1
-0.07502502,-0.9293293,-0.8340058,-0.8735668,-0.40233946,-0.07024739,-0.4337265,-0.15374583,0
-0.5855526,0.059869096,-0.95540714,-0.780682,0.10844068,-0.07292512,-0.00909555,0.14690793,0
-0.88789535,-0.17609167,-0.91211176,-0.8097334,0.11090591,-0.07750508,-0.1815176,0.24576029,0
-0.10409781,0.6592692,-0.9273484,-0.7945613,-0.15136904,-0.07317342,-0.29078704,-0.0937344,1
-0.675306,0.382051,-0.83297104,-0.8585299,0.007331148,-0.07641508,-0.17957704,0.40099093,2
-0.0870876,0.68203574,-0.9183437,-0.8022325,0.013124794,-0.07487756,-0.15378305,-0.052847117,2
-0.4052455,0.0125308335,-0.8891096,-0.81653553,0.4450423,-0.07196718,0.16154584,0.08716054,0
-0.7498143,0.0344667,-0.9217639,-0.8017682,-0.018896118,-0.07236743,-0.10974267,0.15393105,0
-0.72238255,0.29004794,-0.8463699,-0.847052,-0.06692882,-0.07262775,-0.12809563,0.24053803,0
-0.86599004,0.051387437,-0.80818707,-0.8734473,0.45628157,-0.084766254,-0.2927412,0.042345352,1
-0.78636897,0.17305982,-0.8115515,-0.86745393,0.263866,-0.07882037,-0.2644883,0.06301084,1
-0.84620357,0.28266412,-0.75326467,-0.904165,0.4121148,-0.08146244,-0.28954697,0.09833966,1
-0.799033,0.43880245,-0.7527917,-0.90696853,0.20959507,-0.0804117,-0.28440467,0.4747999,1
-0.14360297,0.6337304,-0.8612126,-0.83961713,0.21652925,-0.072936915,0.09141204,-0.0032045543,1
-0.7735872,0.11608189,-0.8722818,-0.83206326,-0.08112793,-0.07526352,-0.2144007,0.22414526,0
-0.8146386,0.2756987,-0.76532197,-0.89661455,0.35291263,-0.08073432,-0.32161382,0.1033512,1
-0.6033447,0.16964382,-0.9220445,-0.80186504,-0.014425874,-0.0748039,-0.1693613,0.08378957,2
0.03606671,0.10067255,-0.82659984,-0.86474633,0.7995245,-0.08022668,0.080946445,0.37869167,2
-0.7978088,0.30287746,-0.77857196,-0.89106584,0.24561453,-0.08305774,-0.3109677,0.11052966,1
-0.7239872,0.17346232,-0.8600447,-0.8406498,0.15160862,-0.078136116,-0.13242778,-0.026540622,0
-0.43522346,0.17653075,-0.8908102,-0.8215797,0.4133633,-0.08044456,0.013491213,0.03492269,0
0.21865535,-0.20482263,-0.92830926,-0.80627716,0.36765772,-0.07751357,-0.77621615,0.37066278,2
0.20295769,0.37400073,-0.89603394,-0.81750834,0.45107648,-0.084012024,-0.392662,0.14874546,2
-0.7883803,0.019095093,-0.91501224,-0.80757433,-0.0056646913,-0.07251063,-0.094665706,0.30765855,0
-0.77041304,0.24577099,-0.822246,-0.8635858,0.10431636,-0.07909639,-0.20975934,0.22095357,1
-0.773973,0.16120121,-0.8469452,-0.84859705,0.019898213,-0.077558905,-0.21572286,0.19644472,0
0.32076728,0.1676891,-0.84094435,-0.8540986,0.723261,-0.0842411,-0.12067244,0.46343723,2
-0.7008015,0.2408872,-0.8616055,-0.83788264,0.031842105,-0.072884955,-0.11050177,0.28353304,0
-0.042423517,0.46833646,-0.9282645,-0.79796475,0.24672665,-0.0777257,-0.22989368,-0.19798443,2
-0.78852516,0.3772984,-0.75613403,-0.905216,0.2865855,-0.0828576,-0.30628818,0.22550684,1
-0.7113368,0.42397216,-0.80130756,-0.87649345,-0.07388708,-0.07693925,-0.2639648,0.40715995,0
-0.31380618,0.6446924,-0.88773733,-0.82208014,-0.22138917,-0.071967095,-0.15648918,0.124942645,2
0.30574912,0.3052618,-0.91245764,-0.8078722,0.5747678,-0.08028585,-0.39895582,-0.008810952,2
-0.5782371,0.39143986,-0.82179725,-0.8647127,0.03262516,-0.0782209,-0.16274264,0.18134642,1
-0.871685,-0.22901908,-0.9287215,-0.79659575,0.061157815,-0.07477618,-0.16608013,0.09162486,0
-0.85555077,-0.007258326,-0.83083314,-0.85998774,0.4209006,-0.08310705,-0.26689366,-0.001610294,1
-0.51863825,-0.521516,-0.90516055,-0.8190844,-0.12004396,-0.07455054,-0.26542202,-0.2276786,0
-0.9485599,-0.18867916,-0.8651255,-0.83466935,0.36884612,-0.07967156,-0.26806504,-0.20823768,0
-0.95941365,-0.24090311,-0.8637459,-0.8249045,0.42864424,-0.06838116,-0.2426674,-0.36245883,0
-0.6019032,0.45806235,-0.8180544,-0.86683524,-0.018744186,-0.07836291,-0.24736208,0.40030888,1
-0.81313735,-0.18057373,-0.96434814,-0.776582,-0.02419123,-0.073994756,-0.1296412,0.06308445,0
-0.2681291,0.019795924,-0.98231727,-0.76289,0.29549408,-0.080248475,-0.35607508,-0.16991764,2
-0.83862925,-0.09836292,-0.89818984,-0.81756467,0.07769726,-0.07784902,-0.2083515,0.12396961,1
-0.3850242,0.67756236,-0.8704128,-0.8321383,-0.27971122,-0.07111009,-0.17839736,0.25235352,2
-0.29813644,0.8182937,-0.8628472,-0.8369129,-0.26175508,-0.071629204,-0.158416,0.2626979,1
-0.81011677,0.12215975,-0.8372701,-0.85369134,0.20572907,-0.08015836,-0.23285307,-0.056578204,1
-0.9307071,-0.17590263,-0.8718737,-0.83285314,0.2807728,-0.081110604,-0.26951542,-0.060778275,0
-0.84655154,-0.02910532,-0.8758966,-0.83208823,0.17037225,-0.07890253,-0.19871487,0.23523757,1
-0.26409006,0.466609,-0.9511334,-0.7817213,-0.10712597,-0.07193194,-0.18444756,-0.045536965,2
-0.78606963,0.18678613,-0.86831295,-0.8331071,-0.13772425,-0.071731284,-0.18739597,0.33060515,0
-0.22199488,0.5483195,-0.86449194,-0.83938366,0.4941379,-0.07772555,0.14842436,0.20646277,0
-0.7034387,0.28712928,-0.83092755,-0.85799336,0.0006875992,-0.07896634,-0.29067653,0.29159158,2
-0.89030886,-0.18014729,-0.8887637,-0.8196285,0.22589356,-0.07673462,-0.2648652,-0.025008574,0
-0.81460357,0.17663847,-0.80673707,-0.875141,0.26617593,-0.083314285,-0.28293222,0.15147822,1
-0.12441078,-0.25029474,-0.8911456,-0.82670873,0.61901236,-0.07337943,0.11432803,0.6808116,0
0.051395416,-0.056048363,-0.9196929,-0.8074979,0.4246234,-0.080835946,-0.5643437,0.08939298,2
-0.78591025,-0.036263555,-0.89088863,-0.8222615,0.086667955,-0.07910317,-0.24215765,0.15826887,0
-0.78669924,0.26914254,-0.8028924,-0.8738439,0.14329876,-0.077417396,-0.28240433,0.2566575,1
-0.5110683,0.32838374,-0.895725,-0.81814355,0.009881094,-0.075059965,-0.19218133,0.16931458,1
0.58857936,-0.2526549,-0.80940205,-0.8864369,-0.04553643,-0.07687441,-0.65224147,0.23502114,2
-0.5489082,0.44557968,-0.8470222,-0.8484054,-0.071324304,-0.075470105,-0.1991407,0.36552703,1
-0.80788827,-0.0099148005,-0.8958379,-0.819607,0.11803419,-0.07780302,-0.16563731,0.2573226,1
-0.11781502,0.639455,-0.91381925,-0.8074223,0.07365351,-0.07435062,-0.08016323,-0.05026032,2
-0.25358778,0.6834718,-0.8637538,-0.8373762,-0.07467973,-0.07447873,-0.11739564,0.024383962,2
-0.42256367,0.4994384,-0.88884884,-0.8195854,-0.16126537,-0.07079286,-0.16898881,0.2083481,2
-0.84445024,0.06003546,-0.8784791,-0.8279366,-0.087095916,-0.07396786,-0.17199129,0.34134296,0
-0.6516453,-0.38522,-0.96343017,-0.77841294,0.28295848,-0.07729191,-0.19069415,0.30766863,0
-0.855602,-0.046259195,-0.872591,-0.8333883,0.11370134,-0.07904794,-0.21353978,0.05407419,0
-0.48057348,0.5293726,-0.8518879,-0.8447503,-0.09753382,-0.076156035,-0.2132784,0.24840727,1
-0.7666172,0.28622073,-0.8015825,-0.8787994,0.15562722,-0.08166571,-0.22670774,0.26291353,1
0.34186006,0.37681156,-0.90729237,-0.8111548,0.39433685,-0.082400866,-0.49560577,0.14473185,2
-0.796955,0.16554546,-0.8027499,-0.8738293,0.2535456,-0.081370294,-0.3407809,0.10237905,1
-0.8062607,-0.09727079,-0.9322843,-0.7951522,-0.0689946,-0.07301409,-0.14883336,0.18849772,0
-0.70137364,0.28774935,-0.8381071,-0.8528804,0.16047458,-0.07428158,-0.10834173,0.35788935,0
-0.9056306,-0.19749942,-0.8904644,-0.8224989,0.2480677,-0.08072018,-0.2455973,0.002969861,0
-0.20858541,0.7476775,-0.89321965,-0.8181929,-0.17089316,-0.07306635,-0.14083739,-0.012628764,2
-0.44848365,-0.17561337,-0.96429235,-0.77680475,0.4753675,-0.08018939,-0.15452771,0.47835195,0
-0.8736038,-0.15824613,-0.90467995,-0.8113362,0.07285956,-0.07506996,-0.14239694,0.09505184,0
-0.8146826,0.19994009,-0.8072326,-0.87026995,0.28054184,-0.07796781,-0.30087045,0.115473956,1
-0.84493184,0.06538644,-0.8141537,-0.8711149,0.39406905,-0.08540984,-0.29299158,0.07298182,1
-0.57394207,0.6809137,-0.7555958,-0.9020678,0.14866206,-0.07439744,-0.13482979,0.23766872,2
0.10176015,0.4502669,-0.92566574,-0.7974322,0.38693556,-0.08151341,-0.39757776,-0.08680135,2
-0.94357413,-0.23107418,-0.8838076,-0.823173,0.30076122,-0.07855527,-0.25712863,-0.13832256,0
-0.74977547,0.15007257,-0.8729042,-0.83291274,0.024732023,-0.07652101,-0.24464934,0.22847943,0
-0.84503484,-0.060977116,-0.88265085,-0.82694095,0.053901426,-0.07930845,-0.24276674,0.21006986,0
-0.12187585,0.9144642,-0.8470045,-0.8485991,0.03054683,-0.07366484,-0.029138684,0.037686445,2
-0.85700476,-0.15009904,-0.90140593,-0.8165232,0.17929329,-0.079682425,-0.21861313,0.16570379,1
-0.7410324,0.33544555,-0.8168217,-0.86549586,0.03943132,-0.07567022,-0.16811223,0.25341284,1
-0.4843841,-0.05490592,-0.9610087,-0.778899,0.41340193,-0.07867092,-0.11746186,0.33756185,0
-0.017261952,0.36982715,-0.90151256,-0.81310254,0.37465623,-0.083013766,-0.27578652,0.10446944,2
-0.27556014,0.579103,-0.8941128,-0.8192946,-0.047745094,-0.074427284,-0.11924984,0.018553235,2
-0.88984895,0.25979483,-0.7306279,-0.9141605,0.5207436,-0.08088417,-0.37136126,-0.1377433,1
-0.24352628,-0.34070218,-0.8068213,-0.8825619,0.09158714,-0.0694738,0.033594996,0.53013265,0
-0.9272776,-0.15151608,-0.8671616,-0.83277965,0.28117582,-0.078296654,-0.23532435,-0.124111265,0
-0.74156857,-0.033042565,-0.9247895,-0.8003056,-0.0032252818,-0.07501446,-0.18258286,0.18335162,0
-0.1328032,0.44730163,-0.94622946,-0.78401107,0.09556718,-0.07715608,-0.26910698,-0.12644643,2
-0.50721765,0.43458962,-0.89273655,-0.81959677,-0.09313983,-0.0749003,-0.12380478,0.08803889,0
-0.5495367,0.50791407,-0.8327483,-0.8560043,-0.09898113,-0.074887715,-0.21186674,0.3546229,1
-0.15980539,0.5644796,-0.9282649,-0.79616094,0.026462875,-0.07529377,-0.21274726,0.028186098,2
0.037627757,0.74219686,-0.87535906,-0.8313939,0.31136715,-0.07924959,-0.09139888,0.0599479,2
0.30643195,0.07995574,-0.81668395,-0.8755927,0.4720805,-0.078433484,0.053435773,0.407397,2
-0.8581681,0.1567066,-0.78333205,-0.8904707,0.4279954,-0.08587427,-0.29510778,0.060801953,1
-0.655583,0.16220078,-0.91309524,-0.80751157,-0.07973234,-0.0752649,-0.1167068,0.15715978,0
-0.7789433,0.33722225,-0.7811647,-0.88871044,0.13190532,-0.08128748,-0.31707925,0.29825264,1
-0.31716093,0.6799498,-0.8727788,-0.83441865,-0.08920476,-0.07294313,-0.053299427,0.21080893,2
-0.6989533,0.12514143,-0.85865456,-0.84064156,0.2920589,-0.07777931,-0.13024284,0.06081672,1
-0.60436094,0.090710536,-0.934037,-0.79262066,0.08548416,-0.07295891,-0.01420255,0.18987942,0
-0.29183426,-0.23785767,-0.8427677,-0.8474095,0.99133265,-0.07524527,0.34074354,0.4779091,0
-0.6152302,0.5532373,-0.7640425,-0.90046674,0.21010017,-0.080165215,-0.15289205,0.026534513,1
-0.36075428,0.6971702,-0.8610242,-0.8412902,-0.029605046,-0.073355354,-0.027347669,0.23120253,2
-0.8461337,-0.12917843,-0.9180793,-0.80458075,-0.056148022,-0.07615862,-0.2117562,0.22174314,0
-0.95297414,-0.2324914,-0.8710413,-0.82841796,0.39866063,-0.07671323,-0.24964899,-0.29769558,0
-0.31099886,0.7086696,-0.8590845,-0.8399068,-0.10997796,-0.07485206,-0.17338528,0.093823016,2
-0.8227872,0.26928872,-0.76282763,-0.89908063,0.39771706,-0.08215864,-0.32216614,0.104344174,1
-0.497885,0.5394329,-0.8456791,-0.8484652,-0.13037935,-0.0739099,-0.1808017,0.33679354,1
-0.42658183,0.7177839,-0.8389239,-0.85217756,-0.23721156,-0.07243643,-0.19872515,0.32135606,2
-0.106699675,-0.5150259,-0.9268019,-0.80509037,0.42143527,-0.07063135,-0.15435839,0.91078025,0
-0.27693838,0.4764084,-0.889758,-0.8217149,0.1501178,-0.0780898,-0.09934618,0.015425369,2
-0.5822631,0.047674544,-0.9462374,-0.78662914,0.15723301,-0.07630889,-0.10106568,0.24628696,0
-0.8374821,0.1617609,-0.7849559,-0.8803246,0.45355964,-0.08160964,-0.3111903,0.010743856,1
-0.8263109,0.012736499,-0.85664773,-0.8400901,0.22658825,-0.07726815,-0.26428986,0.015092015,1
-0.5835333,0.43947977,-0.83212394,-0.8591285,0.011791408,-0.078965746,-0.23556538,0.28885913,1
-0.24396786,-0.43243057,-0.88704145,-0.8299677,-0.05971861,-0.07352817,-0.18250266,0.10973617,0
0.19657356,0.57092243,-0.92830217,-0.7947766,0.3014834,-0.08045964,-0.4077428,0.07744917,2
-0.8052408,0.37929195,-0.75525284,-0.9061619,0.29211536,-0.082348526,-0.27857417,0.14711186,1
-0.78986716,0.3703466,-0.7596352,-0.9039019,0.25820258,-0.08402927,-0.33148798,0.29657602,1
-0.53734857,-0.46433944,-0.91381335,-0.8137924,0.21289502,-0.07574439,-0.14203143,0.27676386,0
0.66675156,-0.21723199,-0.77659374,-0.9094867,0.111971244,-0.073013976,-0.34609747,0.46974728,2
-0.10445225,0.34909105,-0.9414907,-0.7873409,0.10531618,-0.07811119,-0.28743225,-0.19162455,2
-0.18429404,-0.26632336,-0.8828304,-0.8341556,0.195687,-0.077372745,-0.29182994,0.26371694,2
-0.78275216,0.17462046,-0.8004104,-0.8788024,0.327813,-0.084404565,-0.28736305,0.055242725,1
-0.5062086,0.48970893,-0.86712843,-0.8351169,-0.1344513,-0.07392296,-0.1910702,0.21561193,1
-0.277173,0.6039753,-0.8857159,-0.82454795,-0.08285414,-0.073945686,-0.12891436,0.14555065,2
-0.49874833,-0.15358275,-0.9637104,-0.7749607,0.39710552,-0.077567115,-0.11515685,0.20295294,0
0.124865055,0.4977998,-0.91367275,-0.8056007,0.32456923,-0.07762795,-0.16081542,-0.1379149,2
0.55055386,-0.68388295,-0.7341551,-0.9405916,-0.5574119,-0.068527624,-0.3420136,-0.34985813,2
-0.7970284,0.3514986,-0.753392,-0.90590024,0.36918622,-0.08406471,-0.29808375,-0.11380163,1
-0.6789003,0.25653493,-0.9039985,-0.8108127,-0.31068367,-0.07030147,-0.1660443,0.37862727,0
-0.5703977,0.46509412,-0.85530335,-0.84180003,-0.16841918,-0.07410254,-0.12580447,0.1388492,0
-0.37481564,0.677487,-0.872619,-0.8310778,-0.28743446,-0.0710155,-0.15714124,0.34868827,2
-0.69280225,0.48697376,-0.7446503,-0.9147365,0.29223597,-0.08475879,-0.22491805,0.07608796,1
-0.53005946,-0.26049325,-0.95443666,-0.78430754,0.35283998,-0.07690352,-0.08589837,0.32438505,0
-0.7284453,0.106328264,-0.846237,-0.81433415,0.23018548,-0.056299463,-0.053324997,-0.21105748,0
0.15724337,-0.10394034,-0.8428587,-0.8605865,0.37660187,-0.0790556,-0.23323642,0.6134679,2
-0.21416795,0.18994385,-0.9603661,-0.7769098,0.23821244,-0.07886965,-0.3809775,-0.0658088,2
-0.56926227,0.55527997,-0.81869274,-0.86624306,-0.093920425,-0.07480683,-0.1621094,0.40152955,2
-0.69080764,-0.057319492,-0.9390157,-0.7932157,0.18540761,-0.076809034,-0.10250209,0.15606709,0
-0.17875308,-0.528037,-0.86896765,-0.84753835,-0.120565176,-0.06585892,-0.21116899,0.46430108,0
-0.8273622,-0.20435834,-0.96857333,-0.7734341,-0.08061379,-0.071770504,-0.12311347,0.25648612,0
-0.8460543,0.14317423,-0.8168443,-0.86618125,0.20843461,-0.08097145,-0.28166255,0.0029969215,1
-0.80238724,0.16061564,-0.805327,-0.875146,0.31551695,-0.082667686,-0.26861382,0.070966005,1
-0.7686839,0.07609567,-0.9197184,-0.8046201,-0.056431204,-0.072634496,-0.102533385,0.42986986,0
-0.49540213,0.54093593,-0.8714533,-0.8311867,-0.22674069,-0.0723615,-0.19097409,0.27609318,1
-0.8969691,-0.10287088,-0.8448794,-0.8390955,0.46096948,-0.07303341,-0.17545745,-0.19990149,1
0.26893824,0.05634021,-0.8475756,-0.853693,0.34920916,-0.080675796,-0.42463326,0.45700383,2
0.07650745,0.25498432,-0.9434417,-0.7859934,0.40406898,-0.08139646,-0.45323294,0.027446225,2
-0.8067546,0.117787644,-0.81847644,-0.8679297,0.3214035,-0.08305107,-0.2572117,0.1921297,1
-0.059096843,0.47546512,-0.9372335,-0.7888772,0.091565534,-0.07756384,-0.3529014,-0.2241632,2
0.55670506,-0.7646816,-0.6544987,-0.9595367,-0.31354883,-0.07902806,0.6396792,-0.43352228,2
-0.7529988,0.15199803,-0.8644324,-0.83761567,0.0072919875,-0.077244245,-0.22903612,0.26846266,1
-0.7840378,0.39589965,-0.76478255,-0.899066,0.15329194,-0.08134116,-0.30384183,0.37851828,1
-0.8694887,-0.1482405,-0.90769225,-0.8111539,0.044797935,-0.077255055,-0.2107256,0.24264261,0
-0.17075634,0.60493207,-0.9282274,-0.7966465,-0.06045206,-0.07357068,-0.20745702,0.03606938,2
-0.5984626,0.10761614,-0.91263306,-0.8088288,0.13295075,-0.07733802,-0.08197448,0.022874326,1
-0.36113945,0.65748435,-0.8874855,-0.8231991,-0.17090988,-0.07227003,-0.12541023,0.22630295,2
-0.9264232,-0.076141,-0.85028446,-0.8449394,0.24139321,-0.07967848,-0.2621208,0.002174735,0
-0.061184585,0.36494982,-0.9390537,-0.78991014,0.21937972,-0.07804021,-0.30693534,-0.20261139,2
-0.93408,-0.20621341,-0.88848716,-0.82369703,0.2155402,-0.08063187,-0.23853058,-0.007060051,0
-0.2171228,0.3708954,-0.9443978,-0.7874289,0.058214888,-0.07427788,-0.24297726,0.077438734,2
-0.5982597,0.20846169,-0.9324006,-0.79605645,-0.08256246,-0.07271163,-0.08555019,0.08893983,0
-0.7473223,0.50749975,-0.7637131,-0.89993095,0.04996509,-0.07948324,-0.2845264,0.4843153,1
-0.8037751,-0.037788227,-0.9276648,-0.7995078,-0.06516723,-0.071482204,-0.10396985,0.381822,0
-0.14221287,0.6183069,-0.8923791,-0.8189058,0.07866096,-0.07482096,-0.11973648,-0.21514589,2
-0.71903753,-0.06579682,-0.95409036,-0.78304684,0.00053076446,-0.07506754,-0.12538204,-0.054947272,0
-0.38839334,0.65560544,-0.8728939,-0.83155143,-0.2593567,-0.071268596,-0.1470187,0.26872838,2
-0.7682607,0.1999897,-0.8446594,-0.85189945,0.116080746,-0.07929527,-0.16788794,0.059216708,1
-0.8813406,-0.1918473,-0.91716146,-0.8043977,0.063711405,-0.0758196,-0.18041018,0.11379524,0
-0.8381723,0.007849693,-0.91110754,-0.8088739,-0.13479134,-0.07269733,-0.16554591,0.42206258,0
-0.6375405,0.12835792,-0.9428184,-0.79130536,0.047056854,-0.07217943,0.015174195,0.33009547,0
-0.1929088,-0.5585632,-0.8301556,-0.8718382,-0.23953846,-0.071329065,-0.07089503,-0.12521493,0
0.087852,-0.61660194,-0.84452254,-0.864278,-0.4005562,-0.066931725,-0.29716533,0.40105113,0
-0.23065104,0.6759538,-0.84222907,-0.85285,0.06706277,-0.075357854,-0.018315539,0.23562315,2
0.31291986,-0.0004950166,-0.9198369,-0.80908376,0.28515184,-0.07826657,-0.59004927,0.024422914,2
-0.648213,0.52813,-0.79485226,-0.88035065,0.011843853,-0.07631117,-0.22074898,0.30650944,1
-0.38372388,0.33450466,-0.92645675,-0.7983951,-0.015217707,-0.07438889,-0.13427928,0.028776146,2
-0.7654512,0.20531298,-0.8832133,-0.8244112,-0.2622152,-0.0710474,-0.17146595,0.427592,0
-0.54509234,0.45978075,-0.8703514,-0.8328494,-0.21198651,-0.07197502,-0.18805453,0.4066868,2
-0.7951679,0.17391263,-0.818702,-0.86572826,0.22931801,-0.07971866,-0.26253775,0.06523846,1
0.55880827,-0.024008378,-0.8205019,-0.8748378,0.51473284,-0.081653394,-0.38722658,0.58427966,2
-0.13372937,0.6788892,-0.92400944,-0.79837453,-0.045561686,-0.07363081,-0.22497895,-0.041251406,2
-0.7800379,0.29555327,-0.7913459,-0.8843241,0.222644,-0.0818659,-0.26897407,0.14312826,1
-0.87514687,-0.086751014,-0.8509067,-0.84830046,0.4024529,-0.08341935,-0.23965232,0.05561638,1
-0.89845437,-0.12084952,-0.878582,-0.8098723,0.15876442,-0.06634289,-0.18938467,-0.17170277,0
0.28881973,-0.43755007,-0.803468,-0.88577765,0.14857939,-0.07165031,-0.02589415,0.048137374,2
-0.4218858,0.35354084,-0.92454827,-0.79828906,-0.121570885,-0.07361382,-0.13368133,0.07689682,0
-0.4417797,0.60997736,-0.8244035,-0.86117435,0.014523104,-0.073676385,-0.07881119,0.13929768,2
0.4780829,-0.342548,-0.78155786,-0.907649,0.3579513,-0.074365735,-0.18989486,0.7195794,2
-0.42304736,0.61496913,-0.8237656,-0.86368537,0.37138325,-0.07349652,0.24137065,0.27200174,2
-0.85047674,-0.074707374,-0.9028402,-0.8141296,-0.045764,-0.076199174,-0.20685107,0.26156753,0
-0.79619014,0.101930216,-0.813227,-0.86031556,0.48427963,-0.07504272,-0.13655964,-0.108809054,1
0.14355433,0.5598167,-0.92917055,-0.7948165,0.32720363,-0.079718515,-0.39296895,-0.1556508,2
0.1850304,0.39790004,-0.92552376,-0.79889035,0.31298116,-0.08043457,-0.6047111,0.085513934,2
-0.767768,0.15135852,-0.8732147,-0.8330078,0.0067396313,-0.07401435,-0.09060661,0.36303455,0
-0.8276836,-0.007216394,-0.8745927,-0.82942295,0.18245937,-0.07491373,-0.22128823,0.10590719,1
-0.11093059,-0.57495934,-0.81845087,-0.87977415,-0.42906713,-0.071335405,-0.29979414,-0.45101988,2
0.032319427,0.17445599,-0.92280346,-0.8010716,0.2949925,-0.08000107,-0.5956805,0.06904872,2
0.54895204,0.21346386,-0.8152975,-0.87476987,0.6237979,-0.08491203,-0.20829771,0.44207093,2
-0.21816969,0.70051533,-0.87752795,-0.82897407,0.047585487,-0.07534856,-0.14469215,0.040320083,2
0.13829869,0.24962379,-0.8801269,-0.8292442,0.60220194,-0.08461323,-0.20622525,0.36143243,2
-0.23164764,0.29679292,-0.9408381,-0.78837246,0.13483289,-0.07764861,-0.25337636,-0.026009738,2
-0.15908733,0.63834465,-0.90505296,-0.8116551,0.07408182,-0.075641744,-0.16829811,0.037149444,2
-0.52812815,0.19602747,-0.90801597,-0.8109427,0.16830656,-0.078451,-0.1539061,0.08159697,0
-0.74227965,-0.111124635,-0.95942616,-0.7799858,-0.018129453,-0.07471795,-0.13979843,0.0112692565,0
-0.39278954,0.2537826,-0.8951393,-0.8204315,0.44998604,-0.07987214,0.017789751,0.15047799,0
0.57975453,-0.6220734,-0.6787528,-0.97956616,-0.39037693,-0.068174124,-0.10794988,-0.2052198,2
-0.5480626,0.14257404,-0.95574516,-0.7800136,-0.05346863,-0.07384886,-0.09256079,0.06339012,0
-0.82375026,0.12973511,-0.8549787,-0.8423687,-0.06337267,-0.07604219,-0.23627073,0.2992228,0
-0.64034873,0.18081877,-0.9240877,-0.8008899,-0.09058322,-0.072494045,-0.05834034,0.22575328,0
-0.89736223,-0.19672826,-0.9090698,-0.80964327,0.088926315,-0.07678924,-0.20470142,0.17716977,0
-0.8337317,-0.07064575,-0.9153936,-0.8060057,-0.0874372,-0.07505502,-0.1832459,0.25330508,0
-0.8943887,0.15899093,-0.7865454,-0.88317746,0.30674094,-0.0805351,-0.29277655,0.055051275,0
-0.7941361,0.22840998,-0.7979205,-0.878345,0.21593484,-0.08117056,-0.3117526,0.19873482,1
-0.29229832,0.27234763,-0.9260678,-0.7984585,0.22007386,-0.079104386,-0.3025672,-0.14050889,2
-0.4508849,0.50424165,-0.8858448,-0.824957,-0.07807018,-0.07309822,-0.07773768,0.23320243,2
-0.7879967,0.14058521,-0.8164816,-0.8689393,0.27152076,-0.0821763,-0.21468367,-0.013414487,1
-0.50316906,0.81261563,-0.7643873,-0.9009819,-0.038160145,-0.076740466,-0.15226164,0.47188732,2
-0.83703715,-0.14244625,-0.9108791,-0.8097047,0.10901265,-0.07697259,-0.20084314,0.19476882,1
0.11631048,0.40156096,-0.9313919,-0.7953474,0.42046595,-0.08190938,-0.38094407,-0.0773918,2
-0.47230062,0.32832932,-0.8956779,-0.81641304,-0.012528703,-0.07311809,-0.064336196,0.014080256,2
-0.7273574,0.2326248,-0.8615097,-0.8392104,-0.030451924,-0.074800275,-0.19133955,0.35966894,1
-0.245173,-0.22033754,-0.9293182,-0.80565894,0.2663365,-0.071179345,-0.19791174,0.28161192,0
-0.2147629,0.5555805,-0.87676287,-0.83018196,0.14869384,-0.07482376,-0.04540211,-0.044122785,1
-0.08026007,0.6012927,-0.9157704,-0.8048375,0.1770277,-0.076753594,-0.16904089,-0.06955713,2
-0.8912939,-0.20660266,-0.90586835,-0.81364477,0.18657818,-0.07952504,-0.22717032,0.097897425,1
-0.8018355,0.14744546,-0.8345184,-0.8566593,0.13016288,-0.08002094,-0.29445344,0.26707256,1
0.3238244,-0.5220371,-0.79708254,-0.8973588,-0.19898829,-0.07223775,-0.49204752,0.024642333,2
0.08912933,0.057259865,-0.9221587,-0.801793,0.30959624,-0.08290005,-0.60684544,-0.09658857,2
-0.6974013,0.51587415,-0.7553158,-0.9053262,0.20320283,-0.081030264,-0.31037477,0.27206218,1
-0.8475753,0.04884371,-0.8031698,-0.8731167,0.5640009,-0.080228016,-0.24237019,-0.17582119,1
-0.84324753,-0.11895162,-0.91674244,-0.80629295,0.04652457,-0.077513956,-0.18323499,0.1994604,1
-0.8201457,-0.095397115,-0.90642554,-0.8129973,0.0824243,-0.07731906,-0.1863169,0.12051701,1
-0.47413284,0.4447307,-0.8731938,-0.82947683,-0.06946677,-0.07152192,-0.10963555,0.13846204,2
-0.74119574,0.37483728,-0.7925846,-0.88115406,0.107920185,-0.078323595,-0.2720348,0.3346318,1
-0.07952395,0.43322802,-0.9436625,-0.7862796,0.101208925,-0.075035565,-0.26810658,0.051257312,2
-0.54374033,0.0758179,-0.93856907,-0.7916677,0.09765934,-0.07592322,-0.18723813,0.056863308,1
-0.4085177,0.725239,-0.8369532,-0.85304064,-0.1850895,-0.07291123,-0.16456002,0.20799464,1
0.13025033,0.77811277,-0.8262321,-0.8616309,0.42480522,-0.077607654,0.016453594,0.041341275,2
-0.48252115,0.53959763,-0.83047616,-0.8602623,0.057679914,-0.07858627,-0.20096548,0.30713266,2
-0.33916652,-0.29493552,-0.8976096,-0.82502586,0.10084206,-0.07424294,-0.4002127,0.31231633,0
0.51500523,-0.12772456,-0.78778315,-0.90041554,0.41079748,-0.07740194,-0.19180597,0.70748913,2
-0.296995,0.4518889,-0.8730874,-0.8305866,0.15037379,-0.07425123,-0.017046526,-0.13521722,2
0.31340832,-0.06389548,-0.8798893,-0.837194,0.30335486,-0.077283,-0.65389216,0.26801252,2
-0.6321771,-0.073094934,-0.964232,-0.77543783,0.104500994,-0.075477816,-0.19735636,0.23635098,0
-0.14373624,0.52380747,-0.8992415,-0.8171913,0.31404883,-0.07641582,0.047289476,0.13147528,2
0.16654259,0.4805703,-0.8731654,-0.8324418,0.56578237,-0.08394072,-0.108985744,0.1793294,2
0.33688527,-0.06741279,-0.82764405,-0.86905783,0.21106836,-0.078120366,-0.35898015,0.42198208,2
-0.8697447,0.06521859,-0.8225726,-0.8646604,0.27441514,-0.08269681,-0.3075436,0.09712291,1
-0.5809532,0.23392323,-0.8153391,-0.8692672,0.46785545,-0.0788013,0.06703672,-0.10105042,1
-0.9323172,-0.25140357,-0.88709116,-0.821887,0.35058483,-0.07913189,-0.23405977,-0.26369405,0
-0.42610407,0.4114451,-0.9270202,-0.79807943,-0.14579359,-0.07186796,-0.18208158,0.10935076,2
-0.81677604,0.21705133,-0.78335017,-0.89089745,0.39651212,-0.08407591,-0.2199397,-0.019169703,1
-0.85810626,0.1484119,-0.80190986,-0.87555784,0.28772998,-0.080552176,-0.28292495,0.1739116,1
-0.7472601,0.4786461,-0.7694821,-0.8964674,0.06563684,-0.08037348,-0.29587325,0.3774437,1
-0.6141658,-0.1914373,-0.9859534,-0.7621935,0.18747637,-0.07578575,-0.13894054,0.0922156,0
-0.5281106,0.48644236,-0.83321893,-0.85609996,-0.11598432,-0.07673364,-0.2490614,0.27354985,1
0.6000181,-0.17284504,-0.82250047,-0.8805243,-0.08952725,-0.069391064,-0.5989126,0.33157766,2
-0.2607509,-0.41731554,-0.92475766,-0.80602634,0.3538497,-0.07963019,-0.5007849,0.25906608,2
0.34735978,-0.15301129,-0.8176328,-0.8763979,0.438538,-0.07651656,-0.047887847,0.49200577,2
-0.81096184,0.21703626,-0.78109604,-0.89213884,0.38625854,-0.0849303,-0.27115107,0.07684302,1
-0.6961584,0.18510032,-0.77033806,-0.77207094,0.31880382,-0.013836846,0.010081753,-0.42281902,0
-0.1784094,0.6105888,-0.9287436,-0.79522824,-0.021093637,-0.07335483,-0.26571846,0.031945184,2
-0.82437634,0.25719807,-0.7690741,-0.8968252,0.41711918,-0.08241485,-0.294471,0.047108963,1
-0.3157522,0.7099312,-0.85617393,-0.8430685,-0.08390871,-0.0727555,-0.060346946,0.24016348,2
-0.70139945,-0.19511873,-0.95378804,-0.7821693,0.22279452,-0.07916957,-0.19937639,0.08933276,0
-0.6779599,0.4435526,-0.8112717,-0.86818635,-0.08064143,-0.074813485,-0.23430596,0.36011687,1
-0.8375397,0.23070864,-0.81109697,-0.8723965,0.14418805,-0.08082259,-0.26843256,0.42980364,1
-0.6584559,0.44518572,-0.7764576,-0.8905871,0.3525476,-0.08040028,-0.24166346,-0.1814709,1
-0.92809784,-0.15054333,-0.87727606,-0.82941717,0.17353271,-0.07936516,-0.23942474,-0.0087142885,0
-0.8040315,0.13533911,-0.85506326,-0.84264624,-0.06267485,-0.07714078,-0.2584307,0.30557877,0
-0.71126634,-0.028754085,-0.96485347,-0.7773082,0.0061345547,-0.07250659,-0.051051646,0.3281113,0
-0.8447093,0.06717136,-0.81122494,-0.87098634,0.3992348,-0.083815336,-0.3053493,-0.016256794,1
-0.8844663,0.0896316,-0.81599766,-0.8650613,0.32348573,-0.07784493,-0.25218353,0.012279421,1
-0.79901636,0.021919072,-0.8947593,-0.81812066,-0.0315184,-0.07544484,-0.21568528,0.25268066,0
-0.8165134,0.17598827,-0.805123,-0.8759402,0.27599207,-0.08383388,-0.31575534,0.24697539,1
-0.8400097,0.24517804,-0.7869201,-0.8871769,0.2596531,-0.08245308,-0.28705987,0.3134238,1
-0.71882576,0.45785296,-0.7802532,-0.8898291,0.092023775,-0.07765808,-0.19784334,0.37971812,1
-0.09805247,0.5979005,-0.8926677,-0.81957215,0.17260602,-0.07678573,-0.11705918,0.14219892,2
-0.7740598,0.33970684,-0.7645969,-0.8993664,0.20098409,-0.08267807,-0.251379,0.046187557,0
-0.64561677,0.44921413,-0.81551445,-0.8669111,-0.07749212,-0.07650816,-0.2721271,0.39958093,2
-0.6498509,0.12681541,-0.90369433,-0.8141656,0.013105877,-0.0751707,-0.16153751,0.23265937,1
-0.8503196,0.01113449,-0.8268107,-0.86238277,0.41933134,-0.0835929,-0.26797044,0.059133835,1
-0.7504304,-0.0246699,-0.88547796,-0.81714034,0.14568311,-0.07185449,-0.059160993,-0.17777613,0
-0.43328437,0.3831936,-0.910853,-0.8084706,-0.03504248,-0.07485598,-0.2112189,0.046591572,1
-0.81272936,0.08606671,-0.85481495,-0.8437485,0.052107878,-0.07860245,-0.22849363,0.123589166,0
-0.8126551,0.05333431,-0.8377309,-0.8450829,0.284111,-0.07503831,-0.31890553,-0.10616787,0
-0.73644567,0.29381588,-0.8112436,-0.87177473,0.20103788,-0.08111111,-0.26393706,0.14934339,1
-0.83622545,0.047738545,-0.84377766,-0.85149175,0.16378291,-0.08087158,-0.25844622,0.19796985,1
-0.66350424,0.16268054,-0.8796932,-0.8289422,0.04475096,-0.0784087,-0.23829812,0.14002684,1
-0.7488214,0.3999344,-0.777902,-0.89121896,0.115559965,-0.08042025,-0.3102447,0.38634318,1
-0.79783803,0.3122161,-0.79840165,-0.879816,0.10994007,-0.080319196,-0.25366473,0.34065676,1
-0.78721094,0.18210651,-0.83733124,-0.85479987,0.069447234,-0.0783376,-0.24598193,0.3362738,1
-0.24152513,0.58442223,-0.9039844,-0.81312263,-0.06802298,-0.07333266,-0.108879164,0.043283388,2
-0.82372606,0.19261816,-0.7850721,-0.8877486,0.33805785,-0.08454602,-0.30091017,0.00061282516,1
0.2240138,0.27801907,-0.8450392,-0.84846735,0.8106984,-0.07795371,0.21039554,0.45183188,2
-0.8525282,0.014186755,-0.8204726,-0.86476195,0.42384255,-0.08213711,-0.2635166,-0.07651979,1
-0.14178354,0.5022857,-0.8826663,-0.8236648,0.44979128,-0.0800395,-0.04073894,0.03560225,0
-0.12733385,0.60627794,-0.9270183,-0.79714054,-0.03806314,-0.07314673,-0.17540719,-0.05664873,2
-0.710526,0.27432323,-0.85119295,-0.844743,-0.043320537,-0.074311174,-0.2204314,0.4057189,0
-0.8447901,-0.006503552,-0.8764912,-0.82939756,0.028467655,-0.07703427,-0.23531203,0.22614728,0
-0.12673834,0.62814033,-0.8513607,-0.83996826,0.46117574,-0.075280055,0.1493243,-0.19764844,0
0.012054414,-0.852556,-0.82513255,-0.8474232,-0.120636106,-0.0823122,0.19988072,0.44355273,0
-0.40472445,0.73659647,-0.81785166,-0.86844134,0.22354975,-0.074311376,0.1755589,0.26301152,2
-0.7620107,0.39111865,-0.790071,-0.88273495,-0.0124056935,-0.07818026,-0.27875033,0.41476527,1
-0.88284147,0.107593596,-0.7958744,-0.88064486,0.35814935,-0.08321216,-0.25053388,-0.022454172,1
-0.8319598,0.029709458,-0.87268394,-0.8290282,0.054001316,-0.074391015,-0.20422485,0.23816046,0
-0.45822924,0.22131196,-0.91823864,-0.8038825,0.1114783,-0.07617978,-0.18402442,-0.057199,2
-0.85948896,0.03527336,-0.80822206,-0.8728252,0.50330186,-0.08355132,-0.29290253,-0.06603585,1
0.3448261,0.3563906,-0.91564846,-0.80943817,0.49282956,-0.08153878,-0.63899136,0.19248904,2
-0.3110311,-0.023881212,-0.9262911,-0.7973138,0.482942,-0.081260234,-0.12231115,0.01673399,0
-0.7097372,0.32262442,-0.828618,-0.8597667,0.15142545,-0.07739809,-0.16044827,0.14853284,0
-0.80031466,0.16271421,-0.819399,-0.8577492,0.22024459,-0.073678695,-0.25539333,0.092501715,0
-0.8687387,-0.063811734,-0.8657214,-0.8377962,0.18455498,-0.080780216,-0.2554674,0.08802539,0
-0.5871952,0.6242403,-0.7978431,-0.87738353,-0.1145736,-0.07444319,-0.21039507,0.35963985,1
0.07412481,0.67022383,-0.70965976,-0.7648605,0.9760144,0.018840954,1.0,-1.0,2
-0.8148524,-0.05089453,-0.9076937,-0.81020206,-0.07619345,-0.07487197,-0.18989079,0.22232035,0
0.24906433,-0.49431825,-0.7333228,-0.9360672,-0.3900149,-0.07117099,-0.11147839,-0.5817492,2
-0.20950174,0.43956164,-0.9435791,-0.78556883,0.02029366,-0.075621136,-0.3045733,-0.10816634,2
-0.3463012,-0.6461707,-0.9038532,-0.82638264,0.19217786,-0.07178857,-0.07218537,0.6921729,0
-0.06299299,0.5989908,-0.9237762,-0.7992662,0.16164224,-0.077297,-0.31648278,0.021839812,2
0.22267294,0.27721488,-0.87274736,-0.8349829,0.63892055,-0.085237645,-0.23430379,0.39237046,2
-0.8108895,-0.046152174,-0.8923691,-0.8218948,0.16440326,-0.07781085,-0.22544202,0.31149554,1
-0.7836431,-0.14672044,-0.9594734,-0.7800161,0.0075566173,-0.07377099,-0.11727694,0.24026679,0
-0.39666128,0.7105175,-0.8435673,-0.8509965,-0.1481649,-0.073440544,-0.11091212,0.33090258,2
-0.48110017,-0.3747986,-0.9440113,-0.79247713,0.41601607,-0.07897529,-0.16914059,0.6109904,0
-0.8759492,-0.16633257,-0.89383125,-0.820119,0.21706666,-0.07962388,-0.23693809,0.10598182,1
-0.83599687,0.103858225,-0.8277726,-0.86030996,0.20480028,-0.08055331,-0.26820067,0.08189261,1
-0.14109483,0.33485097,-0.94817966,-0.78277946,0.21302861,-0.07686792,-0.40060318,0.043002002,2
-0.44681785,0.5836191,-0.85867006,-0.84028083,-0.17643514,-0.072414085,-0.17443548,0.3332423,2
-0.3239788,0.48536327,-0.9139527,-0.8065481,-0.006195262,-0.074080326,-0.14029512,0.079284415,2
-0.4187979,0.39450908,-0.89147025,-0.81961644,-0.073297545,-0.07458889,-0.24132515,0.1143219,2
-0.12995332,0.7344542,-0.8965621,-0.81710607,0.08026454,-0.0750585,-0.16505548,0.085407674,2
-0.8053442,0.34246725,-0.7269231,-0.9126823,0.59042084,-0.07708463,-0.3118782,-0.28134975,1
0.022352576,-0.87121713,-0.8623059,-0.8536143,-0.3878075,-0.06568973,-0.22391087,0.015517071,0
-0.50953215,0.7254681,-0.8068869,-0.87297505,-0.14574417,-0.07397356,-0.17401175,0.44656268,2
-0.74904025,0.180611,-0.8482879,-0.84831643,0.03829974,-0.078297175,-0.23225854,0.256536,1
-0.8029132,0.18985368,-0.8127443,-0.87043816,0.22251445,-0.08152155,-0.26790634,0.25647104,1
-0.84404373,-0.10576072,-0.8890242,-0.8224269,0.15882473,-0.07820755,-0.21663535,0.08571212,1
0.17358506,0.23269694,-0.88357943,-0.824805,0.49540043,-0.08483264,-0.32749277,0.31551975,2
-0.72985697,0.28863046,-0.82236147,-0.86499316,0.18840751,-0.077474415,-0.04850018,0.04188416,0
-0.23876132,0.4561141,-0.8967277,-0.81674033,-0.017085522,-0.075834095,-0.22956875,-0.003795281,1
-0.46880117,0.2794576,-0.8952524,-0.81894076,0.17663142,-0.07696802,-0.066297635,-0.09090491,0
-0.20318863,0.5087739,-0.8881707,-0.82127786,0.07742906,-0.075735755,-0.11821501,-0.15222982,2
-0.5763228,0.45854703,-0.8345784,-0.8564165,-0.024241671,-0.07793035,-0.20599708,0.23975559,1
-0.375758,0.6024717,-0.86630744,-0.835198,-0.1600061,-0.073059335,-0.204838,0.3267995,1
-0.449802,-0.55011886,-0.9307398,-0.80538154,0.27245972,-0.07504315,-0.16698341,0.54374075,0
-0.79080975,0.3408314,-0.77174175,-0.882101,0.19339938,-0.07177383,-0.33410126,0.04811652,0
-0.8064033,0.330717,-0.7902133,-0.882856,0.12380668,-0.07815785,-0.2684453,0.3969868,1
-0.60064644,-0.33014223,-0.9611196,-0.77878493,0.43605623,-0.07909974,-0.06641221,0.24754363,0
-0.7378836,-0.013679087,-0.87436885,-0.79288524,0.26034963,-0.055023436,-0.036913157,-0.32512957,0
0.38336533,0.0035278648,-0.8314381,-0.86656165,0.43571824,-0.08266335,-0.38694274,0.52985144,2
0.053052187,0.295083,-0.9039549,-0.81531066,0.3244198,-0.078355365,-0.4311669,0.36614007,2
-0.06896803,0.47502917,-0.9167468,-0.8030075,-0.0065518767,-0.074557796,-0.37363958,0.0012747645,1
-0.25595933,-0.2864856,-0.9210281,-0.8092464,0.48592326,-0.07815662,-0.14282212,0.61279047,0
-0.19720075,-0.8792609,-0.86773586,-0.8489321,0.052739188,-0.067778945,-0.037936583,0.762321,0
-0.8170557,0.011924967,-0.8471321,-0.85025066,0.26673514,-0.083073586,-0.27578267,0.11189963,1
-0.2679336,-0.5194136,-0.8624919,-0.83404773,0.171944,-0.08329832,0.15039429,0.52994746,0
-0.15328869,0.33670703,-0.9018601,-0.8139596,0.49830133,-0.07869705,0.049267605,0.16226895,2
-0.32217416,0.68032074,-0.8823765,-0.8248977,-0.21216255,-0.07247421,-0.15407148,0.15553004,1
-0.8110001,0.0689456,-0.8501062,-0.8479192,0.22276035,-0.07965355,-0.2106712,0.22472057,1
-0.4061209,0.09384537,-0.95167756,-0.78253233,0.116576776,-0.077197045,-0.30886328,-0.06528793,2
-0.57086915,0.08034167,-0.9480217,-0.7851222,0.009070143,-0.073719405,-0.120467655,0.020444177,0
0.36775684,0.15366836,-0.8010315,-0.8832585,0.89750695,-0.081406154,0.10545725,0.540852,2
0.005491078,0.35526234,-0.92530096,-0.8014307,0.5764141,-0.079852656,-0.09824902,0.6995088,0
0.54019374,-0.4745611,-0.7554096,-0.9237668,-0.070224985,-0.0710724,-0.25435346,0.32175118,2
-0.8284384,0.13160726,-0.82204616,-0.86411667,0.209475,-0.08087901,-0.2667294,0.122105084,1
-0.33284706,0.58667237,-0.8991912,-0.814947,-0.21088195,-0.072296396,-0.15934552,0.20441008,2
-0.25934973,-0.8609983,-0.85494983,-0.85854226,-0.18261269,-0.06581104,-0.0525095,0.24481177,0
-0.90376747,-0.23614353,-0.9068366,-0.812712,0.1821417,-0.08024931,-0.22394067,0.011246771,0
-0.8727846,-0.20264474,-0.93527836,-0.7931387,0.014222786,-0.07325871,-0.11802365,0.10403727,0
-0.819088,0.17665976,-0.79856074,-0.87770325,0.31431007,-0.08176132,-0.29638153,0.112925984,1
-0.32438314,0.69935185,-0.8711119,-0.8331555,-0.16836452,-0.072642595,-0.12556157,0.1989804,2
-0.7689055,-0.12932968,-0.9425988,-0.7913869,0.11186149,-0.07667197,-0.101087146,0.0617605,0
-0.7848723,0.33677608,-0.7898499,-0.88335615,0.12622157,-0.07870173,-0.23967229,0.41872475,1
-0.7870038,-0.069901094,-0.94378865,-0.7891593,-0.012411937,-0.073843166,-0.10058825,0.2414439,0
-0.82609856,0.20551085,-0.7824916,-0.88845855,0.3756367,-0.08347729,-0.29939756,0.09382361,1
-0.21962738,0.5037252,-0.88558465,-0.8238937,0.17757453,-0.07866063,-0.109368786,-0.018357664,2
-0.54992414,0.47688106,-0.85486543,-0.8435822,-0.06155613,-0.07441863,-0.10321182,0.30748442,0
-0.6358261,0.13374147,-0.9492574,-0.7871025,-0.08853924,-0.07097912,-0.079035416,0.34835172,0
0.15260059,-0.19658402,-0.82633746,-0.8650892,0.5516491,-0.07392026,0.06519526,0.4609231,2
-0.54733294,-0.5002688,-0.9332565,-0.7994009,0.4020325,-0.076194,-0.029658318,0.35728884,0
-0.8152428,0.14315741,-0.8104211,-0.87272644,0.29192883,-0.08367406,-0.29790297,0.15463208,1
-0.82705474,0.21646097,-0.7750907,-0.89126486,0.42485854,-0.08178971,-0.3140567,0.09161417,1
0.35106117,0.35915565,-0.84097147,-0.8567607,0.6409914,-0.081934705,-0.066611245,0.44736984,2
-0.6752299,0.08046109,-0.9355414,-0.79272413,-0.14002943,-0.07261364,-0.15329565,0.16316785,0
0.38222873,0.21978387,-0.9239182,-0.80665815,0.1820536,-0.072878756,-0.65976554,0.24292107,2
-0.5391097,0.33626184,-0.88314265,-0.82535195,0.03794264,-0.07568353,-0.17140421,0.16347186,1
-0.73017794,0.26169336,-0.81802434,-0.86645156,0.15008542,-0.0797331,-0.24342105,0.15573514,1
-0.3777948,0.6657351,-0.8827758,-0.82643944,-0.1968509,-0.07232492,-0.12208135,0.1750623,2
-0.65380406,0.42432812,-0.8165522,-0.8666351,0.08280208,-0.076049134,-0.19256605,0.22152443,1
-0.4599382,0.65987796,-0.8413133,-0.85096824,-0.246826,-0.072517395,-0.18532977,0.38125822,1
-0.27803344,0.72507614,-0.86283326,-0.83740026,-0.13121745,-0.07354111,-0.13730693,0.05388874,2
-0.89592695,0.13078818,-0.7872022,-0.88182646,0.30625296,-0.07998857,-0.32857874,0.082755744,1
-0.21795526,0.6833012,-0.9008323,-0.8130219,-0.14438632,-0.07334089,-0.18059549,0.024885617,2
-0.9190459,-0.06899716,-0.8547118,-0.843723,0.20452133,-0.080795795,-0.2705079,0.06481692,0
-0.82111406,0.012772828,-0.87642986,-0.8303059,0.004658714,-0.07887319,-0.26462612,0.16445723,0
-0.8486627,0.08782089,-0.8100953,-0.87297744,0.34245393,-0.084613845,-0.31603557,0.100353435,1
-0.8295474,0.23674113,-0.7954283,-0.88175637,0.22782129,-0.08221648,-0.27825776,0.18432322,1
-0.7839154,0.38772663,-0.7636305,-0.8966208,0.17650172,-0.07861101,-0.32100168,0.3145448,1
-0.7506141,0.3189625,-0.80057496,-0.8772311,0.1420164,-0.07852213,-0.23981223,0.27525675,1
-0.6213576,0.15461542,-0.9124332,-0.8072224,-0.044848174,-0.072564036,-0.024521708,0.19972044,0
-0.7757168,0.112524435,-0.86801493,-0.83151656,-0.009394512,-0.07242201,-0.21958792,0.13342702,0
0.45300955,0.30746794,-0.8844396,-0.8268798,0.6041628,-0.07903522,-0.365072,0.2968698,2
-0.44991204,0.52682066,-0.8625057,-0.83680934,-0.16731974,-0.072687775,-0.21312131,0.353822,1
-0.4290285,0.7721288,-0.81273365,-0.8693894,-0.1411761,-0.07385519,-0.11599726,0.29779947,2
0.04012674,0.43350187,-0.9370892,-0.7890999,0.30074298,-0.08103636,-0.36197665,0.041132987,2
-0.047190607,0.192096,-0.95234954,-0.78128177,0.3744641,-0.08016271,-0.442725,-0.035792217,2
0.40566242,0.059362724,-0.86882955,-0.8444733,0.07959367,-0.074219905,-0.43235144,0.3043838,2
-0.8385025,0.19840063,-0.7975054,-0.8818056,0.2527178,-0.082995884,-0.2302506,0.09975302,1
-0.69841766,-0.01705867,-0.9544009,-0.78150946,-0.008052602,-0.074084684,-0.10142947,0.17631792,0
-0.05409813,-0.01247476,-0.87411135,-0.835232,0.6330114,-0.08287883,-0.08150917,0.5026077,0
-0.43539187,0.24138382,-0.9469138,-0.78703797,0.011421084,-0.074751526,-0.13902485,-0.038302034,2
-0.5308178,-0.38505977,-0.94073135,-0.79261374,0.36774957,-0.07954504,-0.18695341,0.50291467,0
-0.7529992,0.4111179,-0.76309097,-0.89835745,0.17327707,-0.0796997,-0.32283458,0.27701077,1
-0.82126373,0.110230565,-0.8272125,-0.8602889,0.23761004,-0.08039152,-0.2912067,0.18248582,1
-0.1743342,0.69106996,-0.89781773,-0.81611633,0.018903166,-0.07336582,-0.08378961,0.12730882,2
-0.85335827,0.055855513,-0.83245736,-0.85931164,0.23919368,-0.08325535,-0.28983095,0.18302388,1
0.085118234,0.5171031,-0.8183269,-0.8593059,0.54584956,-0.07150688,-0.02329132,-0.1411294,2
-0.8321257,-0.09561217,-0.91288215,-0.8071172,-0.039764196,-0.07626571,-0.2158305,0.17748064,0
0.0015066266,0.7560879,-0.9224425,-0.79865813,0.01110056,-0.07519866,-0.20490792,-0.027312115,2
-0.76179886,0.043275252,-0.92322713,-0.8000132,-0.19635925,-0.07142264,-0.13200289,0.28205466,0
-0.8555008,0.035980657,-0.8230575,-0.863809,0.38167313,-0.08330677,-0.28895253,0.012469992,1
-0.95486844,-0.17418867,-0.8558673,-0.8412965,0.3861011,-0.08099173,-0.2756493,-0.19938263,0
-0.5650708,0.53770125,-0.8127803,-0.8689897,-0.107107714,-0.07668413,-0.24042422,0.3621356,1
-0.5317319,-0.0071745813,-0.97281945,-0.76861334,0.20009589,-0.07554784,-0.13882253,0.13846493,0
0.0074504316,0.61626685,-0.8928106,-0.8194041,0.2268736,-0.075544335,0.006664619,-0.22764325,2
-0.8647543,0.15128353,-0.77766824,-0.8909712,0.44530907,-0.08404862,-0.32682258,0.013149455,1
-0.71438885,0.14811788,-0.9043688,-0.811844,-0.17171803,-0.07206554,-0.15930086,0.38213065,0
-0.62444943,0.32254922,-0.8318788,-0.85788953,0.318406,-0.07483861,0.12033296,0.013433397,0
-0.15273261,0.5590298,-0.91683775,-0.8047552,-0.011571497,-0.07327469,-0.08927419,-0.08029845,2
0.09714097,-0.7720982,-0.8827635,-0.8397902,-0.13821873,-0.0673657,-0.62501407,0.40758842,0
0.11306894,-0.19749317,-0.92647696,-0.8032665,0.33044285,-0.08113935,-0.69735265,0.14400624,2
0.14375895,-0.5947691,-0.79246145,-0.8982287,-0.2434012,-0.07179331,-0.19134311,-0.15663266,2
-0.7079709,0.3741505,-0.79275644,-0.8830193,0.17555162,-0.08171884,-0.27340823,0.23482986,1
-0.26026523,-0.019152924,-0.9090629,-0.8095797,0.38894355,-0.08084408,-0.19717251,0.14631104,2
-0.9310063,-0.14189047,-0.86995655,-0.8338754,0.23429199,-0.08016472,-0.2575204,-0.022911146,0
-0.27457637,-0.2642681,-0.7999283,-0.8008826,0.24487197,-0.06834763,0.012806088,0.17516336,0
-0.7672924,0.17977445,-0.8186649,-0.86695075,0.23403397,-0.081548914,-0.28492585,0.14953876,1
0.14679313,-0.28467768,-0.81812394,-0.8764877,0.14878169,-0.075537905,-0.15948267,0.3712493,2
0.48048908,-0.6195338,-0.7162288,-0.95164835,-0.4800982,-0.066881604,-0.041482165,-0.11068049,2
-0.46305406,0.49417508,-0.85589546,-0.8416723,-0.12589306,-0.073576465,-0.1189735,0.116540626,2
-0.7966777,0.2668692,-0.7787638,-0.89182156,0.31989044,-0.08315776,-0.28435194,0.12890007,1
-0.6734495,0.27555627,-0.8959929,-0.81562436,-0.29377705,-0.070121005,-0.16633824,0.40802053,0
-0.7669346,0.2013168,-0.8112287,-0.8697777,0.195552,-0.08170935,-0.3253123,0.1987917,1
-0.40254205,0.5295338,-0.881012,-0.82772386,-0.10689108,-0.07417788,-0.13493083,0.20061663,2
-0.77812415,0.43123543,-0.75875854,-0.9026172,0.23331052,-0.08079562,-0.2997688,0.2841162,1
-0.65046483,0.38566422,-0.8501522,-0.84637403,-0.0961349,-0.072981276,-0.11525844,0.3808599,0
-0.7797664,-0.1450868,-0.9422169,-0.78891975,0.09934618,-0.07460202,-0.082512334,-0.043018878,0
-0.34101522,0.62659955,-0.87874097,-0.82911295,-0.14999798,-0.0726424,-0.13494298,0.16232543,2
-0.33206478,-0.05581318,-0.9196323,-0.80437434,0.7118501,-0.07933273,0.056371182,0.49802652,0
-0.41045785,0.56138265,-0.84314805,-0.8500252,-0.01762557,-0.075051166,-0.18252085,0.27129665,1
-0.6530864,0.3225612,-0.8292792,-0.8605502,0.06355676,-0.080138884,-0.23315994,0.16001914,1
-0.5664421,0.107223876,-0.9298999,-0.79608107,0.07155644,-0.073450044,-0.03967005,0.021344967,0
0.15518337,0.9151634,-0.9033079,-0.8120969,0.19192606,-0.0771928,-0.2699622,0.04902962,2
-0.31195325,0.031927332,-0.94323236,-0.78864443,0.3117792,-0.0801569,-0.2564896,0.17523417,2
-0.2657184,-0.64139533,-0.9123468,-0.81804496,0.38881308,-0.0755006,-0.1577276,0.82922524,0
-0.91826266,-0.06937057,-0.845278,-0.8493971,0.3017161,-0.08204136,-0.28431454,0.014716744,0
-0.6946157,0.4094814,-0.81785643,-0.8653757,-0.05653353,-0.07498346,-0.21912384,0.3655215,1
-0.5245739,0.074359596,-0.97946733,-0.7668537,-0.03332761,-0.073893994,-0.10301035,-0.19469476,1
-0.3981195,-0.7374783,-0.86571175,-0.8302404,-0.11897135,-0.080632344,0.008269206,0.58023345,0
-0.50254804,0.53014374,-0.8307182,-0.8591367,-0.033130974,-0.07684176,-0.19826679,0.20719828,2
0.06873989,0.36728388,-0.92807543,-0.79769456,0.43671378,-0.08069133,-0.30421513,-0.071933985,2
-0.834877,0.11209585,-0.8178653,-0.86868155,0.3057326,-0.083662,-0.28796652,0.23272419,1
0.10420209,0.606057,-0.88515157,-0.82369006,0.40972948,-0.08152644,-0.13962074,0.06812967,2
-0.278733,-0.71701384,-0.8916873,-0.8288815,0.28143826,-0.073777914,-0.012813434,0.7956398,0
0.33668637,-0.47409183,-0.74750954,-0.92723966,-0.32918045,-0.07146402,-0.057273284,-0.44601232,2
-0.4566396,0.5569441,-0.86982816,-0.8331434,-0.24124756,-0.07239633,-0.18202853,0.28456643,2
-0.8147665,-0.13380769,-0.94691855,-0.78652,-0.05977899,-0.07200571,-0.12535039,0.29101413,0
-0.7848029,0.054773264,-0.84673744,-0.8396159,0.3598839,-0.07112369,-0.012424141,-0.25079164,0
-0.6768135,0.30129027,-0.8337268,-0.8552129,0.07992674,-0.075176135,-0.16309528,0.1388432,1
-0.74481833,0.0015836954,-0.9153602,-0.8065769,0.010594979,-0.074554205,-0.15716502,0.100723356,0
-0.15558514,-0.1023832,-0.9020643,-0.7806685,0.67764634,-0.060344424,0.13260859,0.5580499,0
-0.44407704,-0.5299052,-0.90817004,-0.8101921,-0.106506854,-0.075891346,0.010587171,0.2757187,0
-0.8406086,0.09542867,-0.8175579,-0.866979,0.2890641,-0.08198084,-0.3135184,0.16617295,1
-0.6508559,0.618435,-0.76563805,-0.8993088,0.03665404,-0.07746351,-0.21437381,0.38648075,1
0.05550909,0.37192318,-0.9071306,-0.8110372,0.54926336,-0.07965425,-0.11814743,0.1959323,2
-0.6897141,0.23106761,-0.8652536,-0.8384655,0.04019694,-0.07733041,-0.2053403,0.26963264,1
-0.73462665,0.08203682,-0.8982377,-0.8164654,-0.059119612,-0.07608588,-0.17748356,0.11373477,0
-0.21413529,0.15368022,-0.9466401,-0.78571,0.27342904,-0.079989485,-0.35935542,-0.05830185,2
-0.7788255,0.4262198,-0.74771017,-0.9101353,0.20794804,-0.08199415,-0.2969308,0.24120049,1
0.3728599,0.20462483,-0.82136,-0.86876714,0.7637624,-0.08619063,-0.08764037,0.5109154,2
0.2728696,0.11820018,-0.844168,-0.8448184,0.6922709,-0.08003138,0.18601802,0.014351547,0
0.6037403,-0.051198214,-0.7929606,-0.8912714,0.6790684,-0.07503367,-0.24434538,0.343172,2
-0.4746911,-0.056999817,-0.9655202,-0.77124935,0.25006026,-0.078341894,-0.05976349,0.29609352,0
-0.7242687,0.50905216,-0.72200745,-0.90785074,0.4474616,-0.06550387,-0.14055893,-0.3274555,1
-0.93832195,-0.28241986,-0.9076716,-0.8112529,0.23505446,-0.079513535,-0.21757151,-0.08826642,0
0.055967033,0.32405618,-0.94371605,-0.78582305,0.341433,-0.081465706,-0.438905,-0.105609715,2
-0.71449935,0.3243268,-0.8012565,-0.8775765,0.18059036,-0.08223477,-0.3074408,0.17401832,1
-0.46257722,0.24695465,-0.95474666,-0.7802957,-0.02678579,-0.07291276,-0.11882922,0.13679048,0
-0.5956733,0.22373869,-0.91810924,-0.80520546,0.0037572086,-0.07508964,-0.12422463,0.09274124,1
0.04250145,0.1548994,-0.9270884,-0.7970781,0.30391586,-0.08203204,-0.467709,-0.027271152,2
-0.6190443,-0.0067241043,-0.93317676,-0.79578084,0.08050236,-0.07778127,-0.123958446,-0.029933318,2
-0.6540754,0.2564548,-0.8776312,-0.8304504,-0.065909326,-0.076276764,-0.19346383,0.26648244,1
-0.7050061,0.1663408,-0.8751414,-0.8318243,0.023465365,-0.07554011,-0.1356776,0.2550428,1
-0.21156809,0.6738681,-0.8046458,-0.8554732,0.47951394,-0.06626217,0.275775,-0.13858005,1
-0.22381979,0.5743047,-0.88471514,-0.82570964,0.23984203,-0.073593274,0.061090052,0.07598501,2
0.42628312,-0.407502,-0.85482574,-0.8570314,-0.053207383,-0.07383942,-0.7439227,0.069519766,2
-0.47546571,0.38427305,-0.9035345,-0.8108421,-0.14082003,-0.07208644,-0.19496152,0.13200676,2
0.01881376,-0.10045689,-0.90305567,-0.8188663,0.2964389,-0.07761251,-0.55705804,0.21322663,2
-0.117396,0.52790964,-0.8610596,-0.8371663,0.35737097,-0.073605925,0.12721252,-0.13149518,2
-0.87299514,-0.0036205798,-0.8812292,-0.8270005,-0.033106342,-0.0754746,-0.19489995,0.26842853,0
-0.21458864,0.101697125,-0.9499355,-0.781852,0.4199216,-0.07681311,-0.03831479,0.26975328,0
-0.50396764,0.24592142,-0.91090685,-0.8092053,0.022372395,-0.07447537,-0.07184212,-0.011578053,2
0.35125273,-0.7586112,-0.69668025,-0.9450881,-0.36876482,-0.069871984,0.41297048,-0.2307767,2
-0.46875963,0.64737535,-0.82375014,-0.8639321,-0.066501945,-0.07552829,-0.15718305,0.28562224,2
-0.8379075,-0.071440235,-0.8998783,-0.8163652,0.0102624,-0.07743084,-0.2198728,0.12355172,0
-0.7692491,0.050672904,-0.8953091,-0.8184812,-0.021164462,-0.07650282,-0.20372455,0.19938824,1
-0.55045444,0.5579688,-0.8427032,-0.8518928,-0.15420628,-0.07417533,-0.14813216,0.36154807,2
-0.20077008,0.630658,-0.9160881,-0.8035058,-0.089302436,-0.07353191,-0.24086465,-0.026795805,2
-0.8375937,0.08052129,-0.8131876,-0.8712865,0.38301486,-0.08466383,-0.30816895,0.07136184,1
-0.08639267,-0.00091700256,-0.97348845,-0.77007496,0.22957507,-0.07522087,-0.2178331,0.5434567,0
-0.9662967,-0.05437842,-0.8201582,-0.86087894,0.37770066,-0.07991501,-0.3295877,-0.18170014,0
-0.53436816,0.6318983,-0.78921103,-0.885182,0.090660155,-0.07603189,-0.09335751,0.34159726,2
-0.68743956,0.36317366,-0.83989346,-0.8523397,-0.09193586,-0.076465964,-0.21645503,0.28547794,1
-0.3539952,-0.54220957,-0.9164535,-0.8134243,0.18119614,-0.07430815,-0.14677946,0.67189837,0
-0.68639946,0.2287384,-0.850921,-0.846623,0.12027153,-0.077929534,-0.18280238,0.12252401,1
-0.469812,0.40049183,-0.87881714,-0.8281943,-0.083029374,-0.07389588,-0.15326236,0.12280159,1
-0.8170659,0.34009132,-0.7372603,-0.9141268,0.47418496,-0.083342016,-0.34355694,-0.029337674,1
-0.84225583,0.13042009,-0.8034342,-0.8751546,0.3550483,-0.08087967,-0.2640308,-0.05338952,1
-0.39760083,0.5947319,-0.8742928,-0.8294692,-0.2730513,-0.07302539,-0.15804619,0.07801847,2
0.4364375,-0.72077996,-0.6953428,-0.96233094,-0.51045537,-0.06489235,0.14620686,-0.18571392,2
0.104412615,0.4272995,-0.83513665,-0.8581658,0.84323734,-0.0839978,0.107988566,0.35048383,2
-0.3471259,0.45246154,-0.90805537,-0.81167334,0.051930778,-0.07447498,-0.048273876,0.116982035,2
-0.8398844,0.036621034,-0.85380656,-0.8455696,0.1691017,-0.07926044,-0.24554937,0.35116825,0
0.5080109,0.06840428,-0.8303049,-0.86824733,0.34111035,-0.0788738,-0.50948614,0.60878766,2
-0.75517213,0.4061453,-0.7826029,-0.8901445,0.12129391,-0.08148228,-0.29449615,0.39222735,1
-0.723247,0.27464825,-0.8633939,-0.83408177,-0.10880281,-0.07044935,-0.1523748,0.22809121,0
-0.7645863,0.11183071,-0.8749833,-0.83123934,-0.080823645,-0.076137,-0.21321858,0.31005383,0
-0.49134952,-0.060614333,-0.9574999,-0.77777547,0.21986115,-0.077409945,-0.21584462,-0.0020066053,0
-0.86963713,0.026588589,-0.84814006,-0.84900707,0.17809696,-0.08036887,-0.24546319,0.30500853,1
-0.05688429,0.54782814,-0.91671586,-0.80395484,0.16657248,-0.075842515,-0.13618639,-0.14821437,2
-0.39065608,-0.45357817,-0.86989397,-0.8265402,0.4733929,-0.072337165,0.2565385,0.24470636,0
-0.82076824,0.20711768,-0.77054507,-0.87347674,0.43740755,-0.06972674,-0.27703276,-0.3660372,1
-0.7538444,0.31657803,-0.81919223,-0.8639784,-0.04386957,-0.075669095,-0.26430535,0.22814742,0
-0.7573226,0.41659644,-0.7573564,-0.90488935,0.24194677,-0.083135664,-0.28726387,0.38708457,1
-0.81657267,0.16297959,-0.7944225,-0.8815849,0.41874668,-0.083705485,-0.28555256,0.09820801,1
-0.5365693,0.43613255,-0.8505895,-0.84432167,-0.113370985,-0.07468909,-0.20854264,0.2680859,1
0.14992529,0.3099721,-0.88769525,-0.8217359,0.51603734,-0.08623016,-0.31395835,0.24653915,2
-0.041989118,0.69264495,-0.9176017,-0.80408895,0.11065447,-0.07594852,-0.14284776,0.0070396513,2
0.4934684,-0.5681705,-0.6933227,-0.95919275,-0.15879542,-0.06560136,0.18897411,-0.19809008,2
-0.20763287,0.61894286,-0.90499765,-0.8106484,-0.13545698,-0.07275516,-0.18576843,-0.030819505,2
-0.30678692,-0.18583041,-0.9285107,-0.79954916,0.39733085,-0.08071788,-0.23311314,0.42283875,2
-0.6506868,0.31322837,-0.84974855,-0.84643537,-0.00014920533,-0.075410865,-0.18819201,0.29136038,2
-0.9049896,-0.23914,-0.92419666,-0.8009102,0.050310686,-0.07714497,-0.21775568,0.15852867,0
-0.85851204,-0.18740705,-0.9357066,-0.7930537,-0.068256825,-0.07428602,-0.1753957,0.21726319,0
0.2893955,0.34870452,-0.92640674,-0.7979088,0.4497557,-0.08317489,-0.5369751,0.055669278,2
-0.77838373,0.14877616,-0.8313241,-0.85357916,0.24717563,-0.073675394,-0.19442095,0.016977072,1
-0.77738595,0.17142795,-0.84611315,-0.84847784,0.04347582,-0.07617292,-0.20673512,0.1743772,0
-0.94124883,-0.035049185,-0.7996966,-0.83056945,0.45815092,-0.047439136,-0.117944546,-0.7674253,1
-0.8547729,-0.06433454,-0.8763762,-0.83126724,0.12104733,-0.079707764,-0.24320987,0.037611336,0
0.13009143,0.7304411,-0.9276339,-0.7956025,0.10442357,-0.07635026,-0.32556278,-0.07782261,2
-0.12770411,0.6450118,-0.91559434,-0.80428743,-0.037828192,-0.074583754,-0.20297793,-0.08339089,2
0.5669715,-0.6754094,-0.633585,-1.0,-0.41521722,-0.06785987,0.43358755,-0.58882374,2
-0.6150652,0.36240876,-0.8684272,-0.8337798,-0.17071739,-0.07309585,-0.1868196,0.34136784,1
-0.8554318,-0.19342613,-0.9379893,-0.7913567,-0.0022576302,-0.072802484,-0.10102862,0.11509427,0
-0.42699313,-0.3454901,-0.88100475,-0.8327395,0.3775193,-0.07350614,0.016472071,0.37511516,0
-0.62182486,0.13131618,-0.9156469,-0.80614364,-0.034283802,-0.07437225,-0.16146171,0.21652237,2
-0.7956865,0.12753138,-0.86040753,-0.83940846,0.05031012,-0.075970925,-0.22109339,0.25441653,0
-0.54603875,0.48776913,-0.83866537,-0.8528087,-0.044469476,-0.07535242,-0.198715,0.33316556,1
0.5860267,-0.20670605,-0.75558776,-0.92285395,0.21832174,-0.076468974,-0.087604806,0.33223075,2
-0.8167501,0.15010686,-0.78599316,-0.8860495,0.5197195,-0.08383368,-0.2751782,-0.022487208,1
-0.76270306,0.36616015,-0.7992533,-0.8738021,0.057377733,-0.07295365,-0.15238553,0.31109768,0
-0.83818865,0.028724894,-0.85806507,-0.8408421,0.19335449,-0.07737758,-0.21908803,0.0720549,1
-0.8600266,0.004679635,-0.8307769,-0.8560094,0.3555653,-0.07894107,-0.24896602,0.035550863,1
-0.5080936,0.4645574,-0.85142016,-0.84492236,-0.08560602,-0.07480887,-0.22821063,0.33628312,1
-0.81316704,-0.17423287,-0.9512131,-0.7849051,-0.008775413,-0.07326453,-0.12110102,0.25083214,0
-0.5730153,0.4792794,-0.820668,-0.8654605,0.049653947,-0.07783918,-0.12426675,0.23119976,1
-0.8131031,0.17559987,-0.7936833,-0.8832301,0.40675318,-0.0837878,-0.26973137,0.10170956,1
0.11474204,0.6300051,-0.87850004,-0.8282802,0.4554873,-0.080813095,-0.05230865,0.042828336,2
-0.8471103,-0.012385279,-0.8635506,-0.83881694,0.1161965,-0.07990368,-0.22547378,0.04845146,0
-0.01268366,-0.3967843,-0.78954715,-0.89457756,0.49747032,-0.07156951,0.28333157,0.4296814,0
-0.9057418,-0.29692578,-0.9319979,-0.79652685,0.10738927,-0.07839827,-0.21302272,0.04474096,0
-0.73482096,0.15760948,-0.876623,-0.8293054,0.020858444,-0.07547281,-0.18914008,0.120820716,0
-0.74386,0.30864233,-0.79772264,-0.8633779,0.17140506,-0.06950161,-0.16532129,0.052932717,1
-0.90323806,-0.17713457,-0.9099845,-0.8092382,0.041196764,-0.07633777,-0.17835517,0.19062063,0
-0.11230722,0.681318,-0.9122389,-0.8056315,-0.0286306,-0.07488884,-0.21168907,-0.0199406,2
-0.83248925,0.16947393,-0.8206716,-0.8650034,0.09237184,-0.07934206,-0.22476222,0.21792908,0
-0.36894473,0.3679938,-0.9272629,-0.79856306,0.054930925,-0.07498621,-0.18352596,0.081335984,2
-0.8754251,-0.19369733,-0.9113264,-0.80978286,0.13722074,-0.0790205,-0.21429464,0.11587331,1
-0.23715578,-0.3999158,-0.8509309,-0.85732585,0.2754938,-0.07576023,-0.026040167,0.32074624,0
-0.3933313,0.31680918,-0.9401762,-0.7904393,0.009215593,-0.07417414,-0.17270055,0.018163294,2
-0.64798874,-0.16098061,-0.9673835,-0.7736722,0.24244699,-0.07782964,-0.108320445,0.10585322,0
-0.06875715,-0.4407801,-0.8761177,-0.84059894,0.05884075,-0.073281296,-0.36630377,0.61501336,0
-0.83271635,0.085217886,-0.8302217,-0.8598196,0.2969379,-0.08124585,-0.2515164,0.15586278,1
-0.7467197,0.35978115,-0.79547447,-0.87917686,0.06431468,-0.07710587,-0.25935256,0.36582798,1
-0.8785961,-0.15730697,-0.9154077,-0.8062846,-0.009495616,-0.076541714,-0.20642,0.22291759,0
-0.9077643,-0.055149138,-0.82105964,-0.86401534,0.46892005,-0.082330555,-0.25810638,-0.101417586,1
0.25679362,0.6658412,-0.8939475,-0.8184562,0.44404265,-0.08007674,-0.18211003,-0.09725875,2
0.15922254,0.16403872,-0.94022584,-0.7878649,0.35953856,-0.083060116,-0.51141036,0.030511089,2
-0.87950855,-0.19460618,-0.9030556,-0.80660504,0.122669734,-0.07294958,-0.17695364,-0.06251447,0
-0.7749058,0.18610632,-0.83618563,-0.8567551,0.17041622,-0.08083417,-0.24974295,0.21177599,1
-0.5943068,0.17383514,-0.9698521,-0.77334595,-0.18583134,-0.06774149,-0.023929402,0.38663685,0
-0.8108425,0.07967458,-0.8312156,-0.8529549,0.31371254,-0.07590747,-0.1866646,-0.28158307,0
-0.67179203,0.3676276,-0.8381794,-0.8530301,-0.10621403,-0.07379873,-0.14463554,0.2680644,0
-0.10139716,-0.0689318,-0.9272981,-0.80252457,0.3300724,-0.0790952,-0.4872956,0.23584133,2
-0.806513,0.24401903,-0.7883694,-0.8856431,0.23271827,-0.082788944,-0.309384,0.25207847,1
-0.9408412,-0.21527803,-0.88588226,-0.8246,0.25625175,-0.08075377,-0.2586035,-0.038469777,0
-0.80779076,0.1230684,-0.8097625,-0.85044163,0.32610554,-0.06593514,-0.09788695,-0.27960628,0
-0.25755182,0.52411616,-0.8986423,-0.8146334,-0.05209452,-0.07572184,-0.18509774,-0.24646664,2
-0.21075824,0.70428973,-0.87780464,-0.8284068,-0.0004133135,-0.07362348,-0.075547546,0.06623403,2
-0.8880358,0.09861928,-0.778969,-0.88971573,0.49430147,-0.08487325,-0.3357303,-0.09060128,1
0.40734297,-0.013085261,-0.892674,-0.82849663,0.44532627,-0.078583315,-0.5902595,0.35463148,2
-0.83814126,0.07230875,-0.8181952,-0.86650926,0.31493068,-0.0833167,-0.32043305,0.060747482,1
-0.42240337,-0.058761045,-0.9734181,-0.7683117,0.27616584,-0.07828982,-0.10751394,0.2280004,0
-0.6365979,-0.010254845,-0.93533385,-0.7945434,0.094530575,-0.07762967,-0.17710875,-0.0088400245,0
-0.39930832,-0.36613047,-0.9571626,-0.7815927,0.35936883,-0.079686604,-0.2460888,0.47368872,0
-0.09152022,0.19574085,-0.913814,-0.8065355,0.3858546,-0.082625814,-0.2924086,0.1866262,2
-0.2423104,0.53119725,-0.92245394,-0.80067503,0.023940586,-0.07462154,-0.19914441,-0.0326965,2
0.039459348,0.6491743,-0.8757613,-0.83056426,0.47418758,-0.08039394,-0.024384648,0.042994775,2
-0.84969664,-0.09363732,-0.90361494,-0.81313664,-0.023975194,-0.07734232,-0.24166721,0.2104125,0
-0.742412,0.13639718,-0.88334846,-0.8250037,-0.085344344,-0.07463567,-0.20278764,0.28468418,0
-0.69280183,0.38266844,-0.81381637,-0.86134547,0.06502836,-0.06986165,-0.21390203,0.3320412,1
-0.8599857,-0.07943949,-0.8725159,-0.8339331,0.2149097,-0.08127719,-0.26611018,0.10770771,1
0.055426,-0.2916817,-0.8455463,-0.85585827,-0.07807605,-0.07840686,-0.35652366,-0.21592608,2
-0.6165919,0.36130917,-0.85875887,-0.83915937,-0.08047442,-0.07363616,-0.21653533,0.2941395,1
-0.7348501,-0.115763456,-0.9569952,-0.78058505,0.10781327,-0.07586992,-0.08664809,0.06398449,0
-0.76045483,0.4906796,-0.73822194,-0.9157117,0.20084065,-0.0817469,-0.31257573,0.3405305,1
-0.80715966,0.41956657,-0.73422086,-0.917607,0.2771787,-0.08298592,-0.3321326,0.20377019,1
-0.8706814,0.07441711,-0.8108887,-0.8707582,0.34182358,-0.08268867,-0.31128055,0.12765,1
-0.46355733,-0.36323655,-0.92255485,-0.7954995,0.05152087,-0.08102912,-0.0627369,0.38628542,0
-0.77841794,0.16698456,-0.84724706,-0.84795636,-0.022560313,-0.07791598,-0.22375196,0.13821933,0
-0.8156603,0.2143395,-0.78787065,-0.8812353,0.33084562,-0.078939855,-0.3163128,0.03626734,1
-0.7279917,-0.13692373,-0.9801337,-0.7673764,0.0030674785,-0.07334235,-0.11298189,0.13708732,0
-0.61537063,0.4532847,-0.83299357,-0.8547766,-0.064419135,-0.073395416,-0.1474371,0.26023653,2
-0.5694931,0.24876413,-0.90185404,-0.81396186,0.100753635,-0.075748585,-0.057549983,0.042580813,0
-0.86341155,-0.18632632,-0.9390279,-0.7916042,-0.040652275,-0.074449986,-0.16721451,0.21906638,0
-0.77278244,0.17824703,-0.8283476,-0.86167395,0.16840513,-0.08075196,-0.23531254,0.13543925,1
-0.80172384,0.019595146,-0.9039242,-0.81199324,-0.1291714,-0.07353013,-0.20548539,0.31587148,0
-0.8273796,-0.097842276,-0.9104477,-0.80888927,-0.014905646,-0.07572566,-0.19814608,0.16122179,0
-0.42028084,0.6419456,-0.8385289,-0.85405934,-0.107772395,-0.07235742,-0.07601727,0.2648627,2
-1.0,-0.2869326,-0.89518654,-0.8175816,0.27822772,-0.0784927,-0.2325796,-0.1131711,0
-0.82750934,0.22509761,-0.7772041,-0.88968253,0.42956868,-0.080627434,-0.26292312,-0.1856333,1
-0.8400574,-0.08740458,-0.92665184,-0.79836637,-0.14385319,-0.073062636,-0.1807803,0.34042144,0
-0.40077892,0.74918675,-0.83953786,-0.8522884,-0.23120415,-0.07333112,-0.14224169,0.26799744,1
-0.004426211,0.029693961,-0.89287096,-0.8215117,0.54561853,-0.08354564,-0.19115661,0.33969393,2
-0.11894786,0.23876081,-0.95129704,-0.78106505,0.17915267,-0.07848277,-0.4240902,-0.13608837,2
-0.8105732,-0.020098507,-0.8837126,-0.8264192,0.09972742,-0.0778991,-0.1817161,0.088279516,0
-0.8365723,0.07415489,-0.8705642,-0.8339378,0.02747628,-0.0759292,-0.17019667,0.26930308,0
-0.4128266,0.549317,-0.8807096,-0.825553,-0.23528582,-0.07296438,-0.19481654,0.15061349,1
-0.8285363,0.04526084,-0.84655887,-0.8468349,0.17300776,-0.07947594,-0.3113015,0.19996455,1
-0.9406496,-0.085054725,-0.8280474,-0.85606855,0.42123002,-0.07936994,-0.23964384,-0.2022585,0
-0.67025703,0.5919951,-0.7749155,-0.89221495,-0.046130314,-0.0766433,-0.2419281,0.41257265,1
-0.26985186,0.13993825,-0.95577925,-0.77895206,0.1318982,-0.07815983,-0.3587786,-0.013515383,2
-0.50937164,0.3966354,-0.9158394,-0.80587083,-0.1282531,-0.07142389,-0.13859995,0.23005372,2
0.13030672,0.44451976,-0.8952098,-0.81990474,0.32954532,-0.07756762,-0.2965901,-0.074534744,2
-0.7644242,0.22758837,-0.825241,-0.85982996,0.15763041,-0.07628627,-0.24808846,0.114761956,1
-0.16933328,-0.44076645,-0.8221339,-0.872263,0.051428534,-0.07252056,-0.05763021,0.44417065,0
0.4548118,-0.6674582,-0.70657885,-0.95796686,-0.43600118,-0.063434534,0.042659044,0.0025547296,2
-0.30478638,0.005841732,-0.94911957,-0.7838778,0.3385373,-0.08140643,-0.2809126,0.14160205,2
-0.83186543,0.13712494,-0.8118757,-0.87163216,0.24350476,-0.0836052,-0.31199467,0.19073659,1
-0.026260138,0.2839454,-0.91627795,-0.8020257,0.34019148,-0.08400711,-0.35106194,0.07560788,2
-0.594706,0.19190829,-0.9065237,-0.8112724,0.11345293,-0.07424131,-0.042880237,0.047532916,0
-0.5572988,0.24634221,-0.9294293,-0.7963422,-0.15586421,-0.07202491,-0.18623076,0.18192296,2
-0.6006217,0.26690173,-0.88056904,-0.82782346,-0.041583642,-0.07621131,-0.21570668,0.19397292,1
-0.5797527,0.2306445,-0.9024963,-0.8082542,-0.008459777,-0.07053439,-0.190958,0.1384552,0
0.0291816,-0.6383651,-0.788203,-0.9009162,-0.49347317,-0.07082202,-0.22459874,-0.6344604,2
-0.49632534,-0.5039284,-0.9445789,-0.79472023,0.25325334,-0.07523647,-0.1573836,0.51337755,0
-0.35386378,-0.5192715,-0.9083306,-0.8119674,0.09136951,-0.071892686,-0.07963624,0.26092577,0
-0.8230547,0.20287383,-0.78385735,-0.88947296,0.3349181,-0.08520433,-0.3184393,0.12724307,1
-0.9156664,-0.21970737,-0.9064472,-0.81276894,0.15227386,-0.07938435,-0.2197854,0.06335662,0
-0.7403364,0.55720025,-0.71874255,-0.9193328,0.3307857,-0.07300702,-0.21102625,-0.032120436,1
-0.76675195,0.17858352,-0.86218023,-0.83698004,-0.067184836,-0.07282022,-0.1447017,0.34706455,0
-0.88785285,-0.056561306,-0.8427904,-0.8424987,0.3452764,-0.07245891,-0.26061577,-0.06571163,1
0.025983036,0.45412755,-0.84892106,-0.8440652,0.3640519,-0.07280619,0.15639496,-0.043267265,2
-0.5146886,0.19582574,-0.93140477,-0.7949247,-0.00048795342,-0.07524283,-0.1814731,0.09981656,0
-0.8551136,-0.10317442,-0.9030332,-0.81371284,-0.024446413,-0.076963566,-0.21904753,0.17064707,0
-0.86254144,0.113353014,-0.8030438,-0.87781364,0.36662078,-0.08421109,-0.2795112,0.047078095,1
-0.94932246,-0.28423262,-0.89779776,-0.8155093,0.31030768,-0.0786813,-0.23166868,-0.1623494,0
-0.48227927,0.68498456,-0.8212048,-0.8637996,-0.21655029,-0.07332653,-0.20558801,0.46329442,2
-0.07323161,0.47542503,-0.878434,-0.8275561,0.46419507,-0.07809165,0.04720819,-0.29016104,0
-0.78348374,0.46132165,-0.7362906,-0.9166875,0.30035532,-0.081252396,-0.28342095,0.33722878,0
-0.8521464,0.25252527,-0.7551805,-0.89594436,0.47589946,-0.074817106,-0.23358761,-0.07520661,1
-0.80651575,0.26514158,-0.7846514,-0.8853427,0.3483715,-0.08021727,-0.2818268,-0.04441589,1
-0.80505854,0.3375338,-0.7549579,-0.90605307,0.3645368,-0.084287815,-0.3081418,-0.030253097,1
0.23265976,0.64342237,-0.85747904,-0.8430041,0.68824416,-0.08008481,0.101616055,0.30422586,2
-0.5304545,0.13200857,-0.942778,-0.7896895,-0.0004234314,-0.07464132,-0.12313596,-0.018561527,2
-0.7612014,0.36346176,-0.7850579,-0.88580126,0.09769189,-0.07921235,-0.30429655,0.3659768,1
-0.41816446,-0.32373878,-0.911652,-0.7844217,0.6396473,-0.062681794,0.061555594,0.41954717,0
-0.20737994,0.35997343,-0.89444315,-0.80088574,0.34054276,-0.07856277,-0.23290916,0.12931758,0
-0.01428014,0.4156782,-0.90924346,-0.8076168,0.35647246,-0.0827395,-0.28780487,0.09359768,2
0.526133,-0.5678156,-0.82828254,-0.8692041,0.062752135,-0.07490545,-0.617463,0.2521357,2
-0.7431699,0.35651162,-0.799425,-0.8778149,0.11817998,-0.0775347,-0.17497577,0.25980917,1
-0.89936066,-0.12686098,-0.88604265,-0.82539827,0.17792213,-0.0773312,-0.16861396,0.12092543,0
0.18846726,-0.28976688,-0.7882703,-0.8888047,0.041070312,-0.075475655,-0.23742802,-0.23006514,2
-0.6636294,0.6831488,-0.74041605,-0.91399074,0.02700752,-0.07797044,-0.29327136,0.4071756,1
-0.7692939,0.27658248,-0.7826379,-0.88855064,0.20206505,-0.08202299,-0.2607179,0.029170819,1
0.025948465,0.30355814,-0.92597985,-0.79772985,0.2052587,-0.079933725,-0.3459139,-0.19661722,2
-0.8086792,0.004052177,-0.90631384,-0.81109744,-0.05800867,-0.07324157,-0.14468566,0.27189142,0
-0.7643879,0.20334367,-0.85336065,-0.8430614,-0.015882686,-0.07418607,-0.20720509,0.258754,0
-0.8830601,-0.21597499,-0.90876293,-0.8095757,0.2686146,-0.0763621,-0.17024122,0.029214606,1
-0.09831807,-0.12031892,-0.8497739,-0.85433805,0.54984856,-0.08060696,0.009136304,0.13906583,2
-0.13661596,0.5966215,-0.9216807,-0.80020964,0.023530222,-0.0755848,-0.2147522,-0.09988086,2
-0.3540788,0.008908927,-0.94970566,-0.78388876,0.2514212,-0.079440296,-0.25506434,0.033527307,0
-0.8141943,-0.03977132,-0.8350448,-0.8025065,0.38114762,-0.045598753,0.020231724,-0.32751897,1
-0.87380654,-0.19755736,-0.92794716,-0.79893845,-0.008704096,-0.076651536,-0.20010021,0.20408404,0
-0.80736077,0.3124169,-0.7560891,-0.9060102,0.38500854,-0.08514145,-0.30668867,0.2152642,1
-0.33107924,0.3222816,-0.92900795,-0.797443,0.1000312,-0.07637545,-0.18939973,-0.045262948,2
-0.8437808,-0.092924386,-0.9130568,-0.8090838,0.11783916,-0.07539171,-0.1475877,0.37589148,0
0.34191304,-0.6166394,-0.75539863,-0.92358834,-0.4644758,-0.070861675,-0.17698207,-0.47994065,2
-0.75917023,0.36449894,-0.82727087,-0.8596645,-0.07727665,-0.075266786,-0.20165648,0.44756377,1
-0.6143294,0.34971917,-0.83166844,-0.85531473,0.11279924,-0.07304072,-0.06087236,0.07721794,1
-0.5506434,0.15301776,-0.9237877,-0.8006897,0.15561724,-0.07670433,-0.029270157,0.1498799,0
-0.58858246,0.29217482,-0.893581,-0.81990093,-0.053737238,-0.073176965,-0.15413406,0.41260514,1
-0.8303603,-0.21691209,-0.9582995,-0.779707,-0.044545695,-0.07250792,-0.17922747,0.25832832,1
-0.8604541,0.19501345,-0.78356457,-0.88522494,0.38662666,-0.080214225,-0.3068215,-0.03200403,1
-0.19112164,0.5723108,-0.9202105,-0.80023897,-0.08815095,-0.07460177,-0.22545716,-0.08403605,2
-0.5770551,0.3827256,-0.8579745,-0.8418726,0.010369465,-0.07616244,-0.122498065,0.17364597,1
-0.7761417,0.18798889,-0.85271996,-0.8458751,0.08293468,-0.07715316,-0.21695495,0.2848707,1
0.15095055,0.10931207,-0.9239304,-0.80427265,0.48306707,-0.07974238,-0.5100622,0.25132272,2
0.41190237,-0.6398073,-0.7091856,-0.94640416,-0.26897496,-0.066818334,0.40137607,-0.18772894,2
-0.6783036,-0.20041537,-0.9640938,-0.776606,0.1189442,-0.076544605,-0.18145792,0.13941282,0
-0.22380826,0.6770923,-0.91015416,-0.80569565,-0.23199943,-0.071512006,-0.22978199,0.04368902,1
-0.5918134,0.20403269,-0.9015218,-0.81471384,-0.004796207,-0.076329865,-0.20815787,0.13848704,1
0.020338118,-0.36039513,-0.79053,-0.89700073,-0.1485447,-0.073348224,-0.0027593523,-0.4894963,2
-0.6061434,0.22481246,-0.90323025,-0.81302005,-0.08616492,-0.07308864,-0.13795945,0.19634894,1
-0.5357443,0.66585946,-0.8000925,-0.8783641,-0.09623708,-0.07444515,-0.13898093,0.44176203,2
-0.64473784,0.504838,-0.8001495,-0.8757591,-0.065801844,-0.077309966,-0.21308556,0.17613961,1
-0.8392611,0.17288995,-0.79266214,-0.8810614,0.34031284,-0.080771774,-0.27319393,-0.022375852,1
0.15263563,0.459687,-0.94057226,-0.7881945,0.31410688,-0.079073496,-0.42105475,-0.07556905,2
-0.76300514,0.16815719,-0.8610913,-0.83993924,0.075950176,-0.07713588,-0.20888081,0.17169867,1
-0.8069751,-0.0023402572,-0.89556384,-0.8185672,-0.012331262,-0.07556519,-0.14514527,0.13862374,0
-0.87032425,-0.10403991,-0.864374,-0.83778965,0.34164894,-0.07959753,-0.20209351,-0.0049118996,1
-0.26192337,-0.5978762,-0.9190129,-0.81504536,0.3684219,-0.07305734,-0.084033966,0.76010424,0
-0.81925,0.1379005,-0.81567305,-0.86860305,0.24926275,-0.08170557,-0.28243166,0.18895712,1
0.16883981,0.16762082,-0.9100894,-0.81452626,0.16834268,-0.07508023,-0.4662416,0.2497677,2
-0.87731045,-0.18579257,-0.9204846,-0.80319977,-0.0006337911,-0.076883376,-0.2164149,0.20508654,0
-0.36804748,0.22323473,-0.9472212,-0.7841761,0.05912912,-0.07478389,-0.17128241,-0.00061915815,0
-0.075490415,0.74043703,-0.91813874,-0.80326736,0.053982988,-0.07456818,-0.18239777,0.015901491,2
-0.683372,-0.07772277,-0.9476728,-0.786852,0.07692035,-0.076228864,-0.17422207,0.08863963,1
-0.77433103,0.2888676,-0.7798449,-0.8913552,0.3017676,-0.08389609,-0.30195042,0.18305975,1
-0.8740116,0.26941195,-0.7342495,-0.9177314,0.54687047,-0.08642812,-0.32961962,-0.13366708,1
0.12889975,0.5187253,-0.9062053,-0.8128035,0.38452625,-0.078660876,-0.2655665,0.23097184,2
-0.84044516,0.07984622,-0.8235797,-0.86345977,0.33462358,-0.08126954,-0.2838458,0.012173668,1
-0.8290024,-0.011335671,-0.9033834,-0.80914044,-0.11295582,-0.07025101,-0.19611213,0.33580792,0
-0.20640427,0.5502951,-0.92849153,-0.79767424,0.038029015,-0.072405994,-0.11625146,-0.11017391,2
-0.6021268,0.37742484,-0.8469831,-0.84747386,-0.08177453,-0.07672613,-0.23928633,0.22189437,2
-0.8767394,-0.21074855,-0.92572916,-0.80014515,0.06823859,-0.076314926,-0.17439473,0.16432211,0
-0.038031638,0.7534526,-0.8871261,-0.8239119,0.08272595,-0.074216455,-0.07810945,-0.14426649,2
-0.13573387,0.745418,-0.86743754,-0.83626586,0.20481285,-0.07478049,0.025638074,-0.013966486,2
-0.37863922,0.43516016,-0.9313024,-0.7941534,-0.109358534,-0.07094459,-0.110911824,0.2048426,0
-0.887341,-0.18790832,-0.923542,-0.8013075,-0.012622073,-0.076662466,-0.20144156,0.20331755,0
-0.75582314,-0.106643915,-0.94352686,-0.78764415,-0.027031153,-0.073797,-0.15772669,0.05671455,0
0.38770252,0.17957269,-0.82590926,-0.8665556,0.75710446,-0.08504163,-0.090952724,0.5548322,2
-0.5152402,0.35476848,-0.8745531,-0.829516,-0.102234736,-0.07511612,-0.23859291,0.1681468,2
0.4720894,-0.16367692,-0.78676283,-0.89593744,-0.07651146,-0.072845474,-0.38769427,0.62046206,2
0.31458253,-0.16976324,-0.87595356,-0.8382083,-0.08460508,-0.073517844,-0.72252077,0.098762676,2
-0.95224345,-0.352292,-0.91756177,-0.8015781,0.29331318,-0.076138355,-0.20183448,-0.27425146,0
-0.41702092,-0.1880266,-0.949084,-0.7893794,0.27978173,-0.076524295,-0.0844276,0.4829714,0
-0.93497074,-0.07344791,-0.8169354,-0.8632007,0.49192908,-0.08128762,-0.30285203,-0.35669702,0
-0.4887995,0.3916664,-0.91082925,-0.8079469,-0.20871058,-0.072578736,-0.13860406,0.12491529,2
-0.7639152,0.13876393,-0.8699905,-0.83061326,-0.04409857,-0.07224109,-0.18288489,0.13092405,0
-0.82859135,-0.21074504,-0.94948965,-0.7863827,0.050126873,-0.07517327,-0.118642986,0.06784961,0
-0.6450209,-0.2947421,-0.9701786,-0.7724526,0.33393055,-0.07943943,-0.14639005,0.16240928,0
-0.5767629,-0.2392005,-1.0,-0.7535158,0.26778933,-0.078243904,-0.1930569,0.10232731,0
0.02371651,0.7203547,-0.9162379,-0.80338895,0.051294483,-0.07598261,-0.25002116,-0.10712555,2
-0.31007254,0.8084186,-0.8629098,-0.8375311,-0.29267493,-0.07114676,-0.14493272,0.2990197,2
-0.3714129,0.5595499,-0.8945548,-0.8164855,-0.17928663,-0.0725899,-0.1917073,0.05641841,2
-0.112461865,0.36765176,-0.9435091,-0.78571486,0.20099415,-0.078500934,-0.4060279,-0.029351488,2
-0.85290384,-0.057258725,-0.8971679,-0.81536627,-0.022636652,-0.07407174,-0.18962973,0.15907118,0
0.06185788,0.45050305,-0.88989246,-0.82155764,0.5670197,-0.08150447,-0.048912704,0.1309604,2
-0.6564216,0.13435845,-0.90685266,-0.81049895,0.038111918,-0.0765378,-0.17943974,0.033140756,0
-0.5784762,0.25341845,-0.8887243,-0.82258046,0.00799489,-0.0751952,-0.16960512,0.15607348,1
-0.833133,-0.17996156,-0.96419156,-0.7767104,-0.059652835,-0.07333483,-0.12274781,0.1230344,0
-0.5551994,-0.22670501,-0.97161674,-0.7710612,0.19452737,-0.07730309,-0.20947434,0.13118176,0
-0.7642282,0.14929345,-0.8566243,-0.8424983,0.019833118,-0.07759421,-0.23190589,0.14753254,0
-0.8489727,0.1384494,-0.76624537,-0.8951008,0.57496774,-0.08307332,-0.27603155,-0.2952128,1
-0.08077553,0.21709107,-0.96962357,-0.7719562,0.40652654,-0.08046138,-0.339512,-0.05631931,2
-0.023600638,0.47813275,-0.84949076,-0.8460074,0.70921,-0.0814779,0.13983434,0.2025237,2
-0.3594947,0.592515,-0.8745662,-0.83187586,-0.03234233,-0.07374254,-0.034547806,0.07163416,2
-0.9504553,-0.28939214,-0.90576774,-0.81194663,0.2614401,-0.07971308,-0.24868765,-0.05547516,0
-0.8508203,0.13630697,-0.8061327,-0.8689337,0.29946756,-0.07682758,-0.29723245,0.09639293,1
0.13052416,0.38963753,-0.9445245,-0.78613514,0.30776703,-0.07961359,-0.52492523,-0.008066937,2
-0.27053815,0.74544746,-0.8903222,-0.8197455,-0.2909758,-0.07067259,-0.16898483,0.16917716,2
-0.8782562,-0.20873663,-0.93341064,-0.79473484,-0.017830148,-0.07477295,-0.16529994,0.20349805,0
-0.5474993,0.7483313,-0.786359,-0.88584685,-0.09876993,-0.07500997,-0.14381798,0.3014282,1
-0.38879025,-0.029416427,-0.91431487,-0.8074455,0.6352604,-0.08143076,0.031238675,0.21717705,0
-0.42435798,0.56537104,-0.8675312,-0.83551884,-0.17360228,-0.07346702,-0.13384134,0.21559536,2
-0.8289807,-0.052583605,-0.8721866,-0.83432454,0.24130158,-0.08089129,-0.22841792,0.051254973,1
-0.76485014,0.048586465,-0.89002657,-0.8209446,0.058635272,-0.07599541,-0.19431144,0.10331324,0
-0.77194655,0.4481239,-0.72122693,-0.9273545,0.4702004,-0.084922165,-0.27023095,-0.06990534,1
-0.67797214,0.47924584,-0.79894704,-0.8786805,0.05658512,-0.07777747,-0.21784054,0.34103006,1
-0.43368915,0.47626272,-0.89629364,-0.81850994,-0.03350328,-0.076568015,-0.12555742,-0.04183449,0
0.207528,0.05638086,-0.8234496,-0.8678114,0.6612261,-0.0842672,-0.0005582273,0.3139221,2
-0.7919653,0.01849848,-0.88429654,-0.82681036,0.10455702,-0.07804789,-0.18293928,0.120339975,1
-0.06718525,0.47642633,-0.86139786,-0.8389665,0.678874,-0.079041004,0.24739599,0.008391172,2
-0.29508045,0.56179243,-0.9064677,-0.8096921,-0.15849864,-0.07335381,-0.18762991,0.045947798,2
-0.0019037426,-0.08382362,-0.8662972,-0.84844726,0.6948204,-0.076176494,0.086003274,0.7822007,0
-0.65164834,0.1505146,-0.910071,-0.8087895,-0.023774758,-0.07554083,-0.18804683,0.035975017,1
-0.9505081,-0.13037246,-0.8633783,-0.8364254,0.22232604,-0.078730755,-0.27660176,0.03911818,0
0.17153746,-0.107295364,-0.7984307,-0.8889622,0.4699706,-0.080883056,-0.018814191,0.34153444,2
-0.08879483,0.11620201,-0.9091446,-0.8089151,0.5432778,-0.0826621,-0.10461502,0.30437672,2
0.47470796,-0.18994513,-0.88683337,-0.8329249,0.20375705,-0.07679868,-0.8213387,0.3426869,2
-0.24375774,0.65811205,-0.89099544,-0.82032233,-0.06310575,-0.07344205,-0.13308463,0.08292711,2
0.31036872,-0.03670907,-0.9039012,-0.81841254,0.25004774,-0.07875938,-0.6590479,0.22234026,2
0.25659835,0.44847566,-0.8933496,-0.81965995,0.5214356,-0.08446081,-0.3375874,0.30019462,2
-0.12359342,0.50492424,-0.9189206,-0.80109006,0.054286897,-0.07784364,-0.20788196,-0.40033853,2
-0.6001578,0.29833323,-0.8826591,-0.8259244,-0.096969604,-0.07439573,-0.1909642,0.2855247,1
-0.55894864,0.23669145,-0.90855354,-0.8110065,-0.005339101,-0.07495556,-0.07361785,-0.025640845,0
-0.83004415,0.10347826,-0.8232442,-0.8653256,0.31600875,-0.08266302,-0.26660633,0.29624808,1
-0.381618,0.59966254,-0.8887991,-0.82171166,-0.19067717,-0.07245284,-0.18304943,0.15775782,2
-0.80661356,0.25061685,-0.78532195,-0.87987226,0.31095284,-0.076168,-0.20059738,0.16709244,1
-0.86558914,-0.17561024,-0.9382121,-0.79205316,-0.08258851,-0.073936425,-0.1656787,0.31227636,0
-0.8112723,0.13382722,-0.79535174,-0.8828451,0.4659819,-0.08577814,-0.2783337,0.069209225,1
-0.31985417,0.78319424,-0.8624564,-0.8376929,-0.17157033,-0.07281982,-0.15566486,0.17962453,2
-0.7364017,0.24375534,-0.85440654,-0.8418676,-0.012707353,-0.07527545,-0.21820667,0.40260917,0
-0.40988624,0.59416467,-0.81818193,-0.8646015,0.17972308,-0.07468907,-0.116699554,0.16051832,2
-0.47211105,0.559309,-0.84133774,-0.8516619,-0.06388384,-0.07590621,-0.1907949,0.29325414,2
-0.8181281,0.21338525,-0.7423367,-0.77896535,0.3324231,0.0085985735,0.044962615,-0.8624362,0
0.14331621,-0.6137895,-0.76573926,-0.9151284,-0.5026256,-0.07008558,-0.09389114,-0.37753886,2
-0.7077015,0.57074225,-0.75188076,-0.9033174,0.055096015,-0.07428949,-0.28477356,0.41784593,1
-0.18637717,0.6492623,-0.8921881,-0.81944275,-0.0411219,-0.0752199,-0.17707005,-0.03552264,2
-0.28007084,0.63207066,-0.9158159,-0.8030992,-0.22699925,-0.071640186,-0.16949192,0.045912854,2
0.5508861,-0.4247105,-0.7296616,-0.9422923,0.12367736,-0.07141884,-0.0321351,0.56775343,2
-0.77483034,0.40827104,-0.7578115,-0.90497273,0.2558094,-0.08411377,-0.3182083,0.30900705,1
-0.83280027,-0.084626794,-0.9163499,-0.8021422,-0.037277177,-0.07159857,-0.16874851,0.2020692,0
-0.8174021,0.2082226,-0.7798423,-0.8909188,0.37939772,-0.08462994,-0.34303206,0.1428861,1
-0.43529043,0.2296665,-0.94727165,-0.78557456,-0.023759007,-0.074173056,-0.20790984,0.031739205,2
-0.62928975,0.1136879,-0.9339876,-0.79573905,0.03953112,-0.07497863,-0.09288632,0.13592458,1
-0.6857723,0.2844804,-0.888778,-0.8207024,-0.24976027,-0.07074214,-0.121382475,0.24079448,0
-0.59847605,0.28379244,-0.89214766,-0.8192385,-0.11242212,-0.07300157,-0.21452124,0.3128677,0
-0.30227154,0.67052805,-0.89391154,-0.81829166,-0.1628046,-0.07240156,-0.17375594,0.124700814,1
-0.74251896,0.20094603,-0.8512537,-0.8441771,0.05086901,-0.07566763,-0.21766022,0.114851415,0
-0.31378114,-0.111077756,-0.9490709,-0.77410424,0.48557702,-0.07109222,0.10616374,0.43546808,0
-0.16251779,0.40075094,-0.87554896,-0.8317478,0.40338957,-0.081543125,-0.031455293,0.038285106,2
-0.8165555,-0.123802066,-0.9307129,-0.7970891,0.022468872,-0.074762926,-0.16133596,0.14399728,1
-0.73878175,0.07640132,-0.9473558,-0.7868409,-0.113847464,-0.0710943,-0.09732376,0.42472193,0
-0.12742531,0.75440806,-0.85090107,-0.84644365,0.35111573,-0.07448288,0.19435248,-0.020414859,2
-0.8559712,0.011817813,-0.8139581,-0.8673335,0.5110552,-0.08101941,-0.22190905,-0.09112725,1
-0.31823224,0.35676008,-0.92914146,-0.79632413,0.053306893,-0.07564427,-0.241889,-0.0062668025,2
-0.6423092,-0.16810694,-0.97113395,-0.77175635,0.18587285,-0.07758671,-0.1556953,0.1326175,0
-0.15462694,-0.12933001,-0.95011103,-0.78919166,0.34454992,-0.07202578,0.08263397,0.6314185,0
-0.74796784,0.29530862,-0.7983068,-0.8790924,0.21375443,-0.07993509,-0.20677823,0.15690733,1
-0.80478656,0.05887667,-0.86564136,-0.8382209,0.06262118,-0.07786053,-0.1583248,0.2553743,0
-0.3350421,0.7215618,-0.8399593,-0.8488387,-0.086841196,-0.071129225,-0.14269711,0.2096566,2
-0.41887134,0.49188322,-0.9028013,-0.8121808,-0.24257049,-0.07148471,-0.16671406,0.22059715,2
0.60700804,-1.0,-0.7603138,-0.92514515,-0.97299504,-0.06459047,-0.8454366,-0.716056,2
-0.038692147,0.3825963,-0.9487532,-0.7815567,0.1738589,-0.07937411,-0.396367,-0.16771606,2
-0.37047866,0.6992919,-0.866422,-0.83545315,-0.20541412,-0.07191413,-0.15394083,0.30708623,2
-0.27373108,0.72914505,-0.87898535,-0.82815695,-0.14004305,-0.07133719,-0.13693067,0.19582582,2
-0.57174146,0.63333905,-0.8117251,-0.86998683,-0.12666005,-0.07468604,-0.18259998,0.35487306,1
-0.659891,0.47340876,-0.79037607,-0.8829006,0.05504947,-0.07798688,-0.26255298,0.31135362,1
-0.2043171,0.4094776,-0.91168004,-0.8083385,0.32864317,-0.075110495,-0.013427764,-0.024393067,2
-0.06206143,0.67182684,-0.919039,-0.80130017,-0.06262487,-0.07304783,-0.34304428,0.09683138,2
-0.82652056,0.12036717,-0.799211,-0.87630564,0.393999,-0.08336207,-0.30077642,0.015658721,1
-0.89661545,-0.16831818,-0.8919054,-0.8223235,0.18519026,-0.08044087,-0.22561972,0.03756673,0
-0.76119184,0.21425599,-0.8398641,-0.8515513,0.016693339,-0.07707368,-0.25331008,0.2215565,0
-0.83451974,0.112374514,-0.7982496,-0.87007844,0.49827674,-0.07743452,-0.25541505,-0.0931737,1
-0.1904169,0.5526067,-0.911622,-0.80592203,-0.098876804,-0.0746072,-0.18569073,0.022451334,2
-0.8631754,-0.044818357,-0.85215247,-0.8472797,0.26719007,-0.08262821,-0.23916894,-0.06255597,0
-0.056933254,0.67645913,-0.91574943,-0.8040252,0.062040657,-0.076152325,-0.21915817,-0.070742995,2
-0.8422564,0.024628952,-0.8562024,-0.84344196,0.12607606,-0.07881727,-0.2209871,0.17953674,0
-0.719257,0.079364955,-0.91667724,-0.8064942,-0.024589285,-0.075064704,-0.1911533,0.3312915,0
-0.6464437,0.17472605,-0.9058544,-0.81122607,-0.0113698095,-0.0726141,-0.0645224,0.16205779,0
-0.825986,-0.036575392,-0.8893709,-0.8217483,-0.02001445,-0.077382945,-0.2291277,0.20840263,0
-0.84540075,-0.012267187,-0.85291,-0.8444507,0.18594167,-0.080705315,-0.23345853,-0.03717807,0
-0.7052965,0.39239556,-0.8010027,-0.8759939,0.069081135,-0.07758708,-0.2598335,0.3101611,2
0.46811962,-0.481659,-0.76762265,-0.9081857,-0.5661983,-0.071264274,-0.72583073,-0.12644222,2
-0.19561395,0.5742526,-0.9172516,-0.8029477,-0.04221724,-0.07325466,-0.211778,-0.1366475,2
-0.56891936,0.32977656,-0.9174359,-0.8052312,-0.12063235,-0.072393,-0.04932253,0.34364057,0
-0.31463003,0.72499865,-0.8788149,-0.82687503,-0.22258824,-0.072135374,-0.17426173,0.2271371,2
-0.62053645,0.63083935,-0.75999117,-0.8978823,0.13920416,-0.07486525,-0.13292336,0.13829021,1
-0.71051496,0.48638985,-0.7759911,-0.89222115,0.047144175,-0.07908935,-0.274622,0.3457572,1
-0.6769644,0.5227616,-0.7862079,-0.8848498,-0.025862336,-0.07550327,-0.22237468,0.37914547,1
-0.5547279,0.6627946,-0.78920156,-0.8845207,-0.08982922,-0.07623389,-0.23744471,0.47525764,2
-0.81426287,0.29773962,-0.7426229,-0.9123939,0.43813032,-0.08369485,-0.2899842,-0.01919961,1
-0.8906325,0.12472303,-0.79013926,-0.8832284,0.28358337,-0.08324448,-0.3059652,0.013863489,0
0.12296969,-0.15420654,-0.8286759,-0.8606775,0.49432662,-0.07782217,-0.06160517,0.33927906,2
-0.56749856,0.32281587,-0.8726749,-0.8325111,-0.021252751,-0.07659159,-0.19629173,0.13778433,1
-0.24919537,0.4814808,-0.8674991,-0.8357101,0.45368275,-0.07821164,0.13096792,-0.012521073,2
-0.7575407,0.3174625,-0.80607575,-0.8741372,0.14733905,-0.07776941,-0.23402697,0.2344771,1
-0.03522688,0.044944793,-0.88974726,-0.82122195,0.46115813,-0.08142474,-0.19772455,0.14985472,0
-0.5895692,0.5305142,-0.82485014,-0.8611696,-0.16073048,-0.074289665,-0.21034527,0.3704444,1
0.31854314,-0.10110128,-0.79378897,-0.892097,0.4342401,-0.08028526,-0.10156995,0.44688782,2
-0.78137285,0.17442954,-0.83716506,-0.8555208,0.09407936,-0.07978734,-0.26631722,0.1844348,1
-0.48441222,-0.270762,-0.9467764,-0.78789663,0.46089813,-0.0781791,-0.073025085,0.43119407,0
-0.7866821,0.32518005,-0.7940625,-0.88023496,0.084349796,-0.07786658,-0.27040344,0.4046205,1
-0.76484215,0.18239892,-0.84393775,-0.8472388,0.14462598,-0.07368264,-0.18195933,0.064352825,1
0.82284003,-0.622202,-0.65990627,-0.9902716,-0.31605637,-0.06671354,0.014802799,-0.17266947,2
-0.56165487,0.3520431,-0.86710805,-0.836687,-0.015753493,-0.07439396,-0.10830469,0.3164429,2
0.07011294,0.12008185,-0.8765988,-0.8351361,0.38992745,-0.0798796,-0.3705194,0.34793544,2
-0.7005505,0.19858123,-0.8564606,-0.8440241,0.052348763,-0.078735135,-0.23219503,0.2584137,1
-0.75885105,-0.0072745234,-0.9336391,-0.7932183,-0.12135413,-0.07091588,-0.111946754,0.22965208,0
-0.8483008,-0.13004142,-0.91559714,-0.8062776,0.083062574,-0.07517105,-0.12585557,0.06745081,0
-0.37914297,0.32467005,-0.9418297,-0.7881918,-0.037424967,-0.07468304,-0.1942577,-0.14575034,2
-0.9627983,-0.14695996,-0.8427046,-0.8484759,0.38683358,-0.08029356,-0.251814,-0.22264919,0
-0.84095204,-0.08934945,-0.8799412,-0.8281553,0.2050922,-0.07993351,-0.26470935,0.0980241,1
-0.3275714,0.8495614,-0.8370973,-0.85513014,-0.19441605,-0.07248749,-0.09054545,0.27422726,2
-0.5502857,-0.14561889,-0.9705859,-0.77236706,0.19079192,-0.07687155,-0.22238864,0.17663674,0
0.20234782,-0.7485071,-0.74385566,-0.9295151,-0.2911255,-0.06976366,0.0465717,-0.27542406,0
-0.7847637,0.45391113,-0.747917,-0.9100478,0.18859707,-0.08214651,-0.3036543,0.3782819,1
0.008342087,0.73444897,-0.9102625,-0.80818814,0.17950758,-0.076955944,-0.23102319,0.004559934,2
-0.77489454,0.13272034,-0.8528959,-0.845682,0.1441147,-0.079141825,-0.2219769,0.058828957,1
-0.7346152,0.1191154,-0.910484,-0.8088203,-0.11814505,-0.07283625,-0.12956925,0.15292801,0
-0.8336774,0.09730954,-0.8303007,-0.8572777,0.19340785,-0.0785732,-0.2688035,0.1475933,1
-0.77717113,0.2558602,-0.8264744,-0.8594045,-0.0024904758,-0.07585082,-0.23233303,0.39518234,0
0.015881091,-0.18520647,-0.91023767,-0.8152331,0.28530097,-0.07761195,-0.5040943,0.15837403,2
-0.76556945,0.022459462,-0.9002034,-0.8150743,-0.00992167,-0.07388981,-0.14122212,0.17106566,0
-0.8663402,-0.15652981,-0.9360228,-0.79402685,-0.0062339157,-0.0736435,-0.13009757,0.31861746,0
-0.66594994,-0.11674142,-0.9044894,-0.78537494,0.3872771,-0.06995184,-0.15346426,0.106607035,0
-0.57147646,0.7098072,-0.76982766,-0.89679784,-0.04451613,-0.07614337,-0.19312327,0.53500724,2
-0.15528488,0.63076663,-0.9171635,-0.8036096,0.013981491,-0.07488249,-0.20910376,-0.048214942,2
-0.23366909,-0.20087087,-0.9034636,-0.81538147,0.412632,-0.080981255,-0.22452427,0.44302297,0
-0.49400166,0.39182365,-0.88131225,-0.8260871,-0.09583047,-0.074334376,-0.23161435,0.21216045,1
-0.4325413,0.5823307,-0.88259524,-0.82579416,-0.2362155,-0.07163508,-0.16224235,0.2936157,2
-0.055142373,0.6718861,-0.91176367,-0.8076694,0.012836412,-0.07473753,-0.16770324,-0.03117466,2
-0.5722742,-0.21499515,-0.9739862,-0.76953214,0.3891789,-0.07891928,-0.038578734,0.1736094,0
0.43088245,0.32981485,-0.79544324,-0.8279992,0.7934541,-0.047302052,0.4636439,-0.22465944,2
-0.83252317,0.09049343,-0.8275898,-0.85889554,0.24461627,-0.07951936,-0.19233485,-0.1833297,0
-0.66396856,0.42361027,-0.82505363,-0.86358994,-0.0014476627,-0.077048436,-0.16942221,0.2733361,1
-0.19571903,-0.56277686,-0.8354933,-0.8652137,0.16359517,-0.07284119,0.054806024,0.2184159,0
-0.81861234,-0.24668136,-0.96574336,-0.7758973,0.03212516,-0.07455474,-0.13141902,0.08709723,0
-0.93474156,-0.08545089,-0.8343964,-0.8507571,0.3544165,-0.07843702,-0.3232521,-0.123117775,0
-0.49339285,0.25250694,-0.9331725,-0.79495126,-0.022496149,-0.07483826,-0.16582422,0.034442075,1
-0.32310626,0.7887829,-0.8577329,-0.8399402,-0.28139287,-0.07287475,-0.15820237,0.18111607,2
-0.6785562,0.32979596,-0.8636651,-0.8377528,-0.12392795,-0.07513357,-0.18940687,0.27679998,1
-0.7731004,0.18314043,-0.82474405,-0.8634177,0.20200041,-0.08012803,-0.23133864,0.14511661,1
-0.83356476,-0.0820016,-0.90921175,-0.80979306,0.015061632,-0.07536173,-0.20891677,0.19064301,0
-0.4956797,0.65429384,-0.79903555,-0.87783796,0.21413171,-0.07392819,0.105694056,0.2601956,2
-0.6696713,0.0139166415,-0.9597287,-0.78036296,-0.01774557,-0.073855564,-0.13449581,0.13321105,0
-0.64215493,-0.16742793,-0.96672076,-0.7738262,0.2262266,-0.07829898,-0.18455955,0.1194371,0
0.43673307,-0.008162513,-0.8854778,-0.83141357,0.3022843,-0.079462424,-0.53183085,0.16937171,2
-0.5434762,0.1527679,-0.8998747,-0.81451434,0.3855244,-0.07711931,0.018300027,-0.06745887,0
-0.88315064,-0.27945384,-0.93426114,-0.79649687,0.18680818,-0.07763001,-0.17902753,0.13161342,1
0.29294455,0.2110561,-0.9046393,-0.81416655,0.41684923,-0.07967867,-0.4174534,0.027103893,2
-0.018170744,0.4841196,-0.8407558,-0.8545675,0.6720755,-0.081773736,0.18600583,0.06748811,2
-0.82387495,0.2933467,-0.747834,-0.8738833,0.41035348,-0.05368942,-0.007120475,-0.37921953,1
-0.4403054,-0.3058894,-0.9470265,-0.78647053,0.68976545,-0.076605186,-0.0035484582,0.5182078,0
-0.80955994,0.25762653,-0.78357184,-0.8865101,0.26627976,-0.08117444,-0.32420644,0.13794509,1
-0.21305043,0.3612413,-0.9016823,-0.814689,0.32634577,-0.08134483,-0.15261987,0.06897154,2
-0.5192342,0.36830324,-0.8641674,-0.8370156,-0.05360779,-0.07585109,-0.18067694,0.09315412,1
0.07737088,0.68455946,-0.9321298,-0.79354405,0.10245223,-0.07512246,-0.44861344,-0.008196235,2
-0.44016296,0.63597727,-0.8506354,-0.84544057,-0.16327313,-0.0718794,-0.11762328,0.32352298,2
-0.81645566,-0.14098772,-0.9287433,-0.7980323,-0.020743325,-0.07657736,-0.18357287,0.13224566,0
-0.62137985,0.17310742,-0.9183756,-0.8036688,-0.12190071,-0.07285885,-0.1603125,0.16373843,2
-0.7654861,0.28355742,-0.82622576,-0.8607053,-0.03491956,-0.07694345,-0.23900965,0.39737362,1
-0.6446965,0.1336705,-0.8953027,-0.81945366,0.029707119,-0.076688826,-0.17138752,0.14852694,1
-0.9299027,-0.06788443,-0.81931317,-0.86189216,0.5092453,-0.07878572,-0.17420867,-0.3549071,0
-0.8312534,-0.18893391,-0.94051224,-0.7906274,-0.02023533,-0.07591043,-0.18014756,0.11341229,0
0.32549375,-0.68599236,-0.7323051,-0.9393502,-0.42934275,-0.062157337,0.07402545,0.14197482,2
-0.82261235,0.019210175,-0.8674692,-0.8363976,0.058376998,-0.07946326,-0.25956315,0.17845757,0
-0.78294444,0.14809255,-0.83059776,-0.85829216,0.21067798,-0.07915205,-0.20662312,0.07622311,1
-0.28432727,0.7897913,-0.87353367,-0.83110815,-0.24842495,-0.07101845,-0.14439489,0.24709205,2
-0.7322645,0.43222803,-0.78376114,-0.88702047,0.0385821,-0.078203455,-0.2743071,0.43756637,1
-0.08640653,0.6400281,-0.90178484,-0.8145764,0.12798679,-0.07569955,-0.12833218,0.008741587,2
-0.80505717,0.1584406,-0.8185122,-0.8645048,0.25915945,-0.079393424,-0.24448615,0.041045338,1
-0.5628497,0.5178932,-0.82478917,-0.86224174,-0.051059023,-0.075931974,-0.19052823,0.41812217,1
-0.8312552,0.026291728,-0.8447383,-0.8510829,0.25216973,-0.08172126,-0.25255838,0.11273502,1
-0.27223694,0.81389755,-0.8667587,-0.83463085,-0.23552361,-0.071376756,-0.22213283,0.22592495,2
-0.45630682,-0.3307074,-0.94484,-0.7789279,0.5947526,-0.07974819,0.010461107,0.42893633,0
0.27503693,-0.6602989,-0.7175226,-0.94929093,-0.62206787,-0.06994514,-0.21000738,-0.72001225,2
0.25937837,0.24839753,-0.9367806,-0.7921691,0.43499172,-0.08206495,-0.6528032,0.18390891,2
-0.2344902,0.6790787,-0.89416003,-0.8188963,-0.039310202,-0.07302117,-0.10680054,-0.03468491,2
0.07996255,0.25562063,-0.93722415,-0.7887221,0.29003793,-0.08276989,-0.4031162,-0.1952802,2
-0.9390724,-0.24353734,-0.8844853,-0.82002234,0.3410528,-0.07567201,-0.24663866,-0.20459253,0
0.6772204,-0.34377283,-0.702513,-0.95737636,0.23179671,-0.07416031,0.16980255,0.33381882,2
-0.40263093,0.4962078,-0.8642382,-0.8352956,0.23760432,-0.069436826,0.20765638,-0.015472949,1
-0.69307935,0.21026608,-0.8342261,-0.85662645,0.2643581,-0.080130614,-0.20898984,0.045140438,1
-0.39445075,0.1631721,-0.9564226,-0.77994066,0.13101207,-0.0768746,-0.23597375,-0.014704168,1
-0.3812763,0.6015119,-0.8748464,-0.8320641,0.06867375,-0.076439835,-0.09134437,0.1771045,0
-0.6421321,0.55159587,-0.7621041,-0.8984406,0.11435646,-0.074409716,-0.107369594,0.25904799,1
-0.5292219,0.29252678,-0.90470934,-0.81071454,0.014716409,-0.075426005,-0.20259024,0.040593646,0
-0.8673396,-0.19061115,-0.91872406,-0.80388236,0.07322872,-0.075852394,-0.16874664,0.14087865,0
-0.53349155,-0.57714695,-0.8847289,-0.8324356,0.060976207,-0.07043264,0.01783742,0.32378837,0
-0.56775373,0.40364343,-0.85607725,-0.84232634,0.0012808889,-0.07345524,-0.0719271,0.15979217,0
-0.36481807,0.4783086,-0.9164731,-0.80386734,-0.1319702,-0.07312138,-0.20210415,0.07190517,2
-0.032423407,0.5184084,-0.9313166,-0.7949546,0.22540556,-0.077603415,-0.23470403,-0.11694613,2
-0.38491923,-0.84150064,-0.8831735,-0.83592594,-0.43103808,-0.070650116,-0.3092223,-0.14752808,0
-0.74784136,0.20185708,-0.8455486,-0.8487676,0.09362783,-0.07593821,-0.1509195,0.19465947,0
-0.79538906,0.34544396,-0.75838107,-0.89787185,0.32982278,-0.07740339,-0.29206285,0.04064972,1
-0.33625412,0.829237,-0.8166166,-0.86680776,-0.111327514,-0.07293601,-0.08645418,0.1829717,2
-0.89030164,-0.2093145,-0.9202305,-0.8033347,0.04395131,-0.07691805,-0.20066011,0.14809918,0
-0.75245816,0.22436976,-0.8298199,-0.8584253,0.14901923,-0.07715641,-0.16800016,0.10104655,1
-0.3516851,-0.1875082,-0.9640416,-0.7758977,0.56431013,-0.08223641,-0.1119362,0.4149057,0
0.14231569,0.51724267,-0.9118798,-0.8043691,0.37997186,-0.083753616,-0.37157702,0.110879,2
-0.61503845,-0.23598486,-0.96515846,-0.7760807,0.4085221,-0.078127235,-0.09388902,0.27911705,0
-0.64977425,0.31780812,-0.8282985,-0.8605188,0.069140695,-0.078726746,-0.22167023,0.22720955,1
0.14193189,0.0012870729,-0.8778767,-0.83342165,0.47068596,-0.081888184,-0.30978924,0.41842163,2
-0.8384153,0.05421806,-0.8472604,-0.8460871,0.10720077,-0.077164695,-0.25934583,0.14686336,0
0.16071779,-0.0034810007,-0.8765989,-0.8315361,0.43466336,-0.08158597,-0.33066982,0.38696694,2
-0.5828795,0.43957582,-0.85726833,-0.84170234,-0.12440145,-0.074020386,-0.129672,0.32125664,2
-0.74640286,0.3189325,-0.78536975,-0.8831494,0.24114534,-0.077237494,-0.22700451,0.027137935,1
0.0070680976,0.38510606,-0.9253374,-0.7974467,0.21894369,-0.079335034,-0.525454,-0.021207064,2
-0.77285045,0.07375707,-0.8989347,-0.8162899,-0.030257717,-0.07572021,-0.15228668,0.13475403,0
0.36875653,0.29145813,-0.8946297,-0.8248635,0.42327634,-0.07871778,-0.6319507,0.24690995,2
-0.66282463,-0.65361726,-0.9232518,-0.8074085,-0.17759007,-0.072670795,-0.37544745,-0.15693405,0
-0.81983316,0.016915828,-0.8746439,-0.83040565,0.061519697,-0.07565851,-0.18458405,0.15055725,1
-0.8330141,-0.073769644,-0.9018707,-0.8147823,0.015888646,-0.07627647,-0.19995034,0.20309043,0
-0.84575903,-0.082561046,-0.90418303,-0.81369287,0.03956618,-0.07682616,-0.18084252,0.16027196,0
-0.24443455,-0.07122822,-0.9529262,-0.7826283,0.18343015,-0.07617235,-0.30085236,0.15844212,0
-0.81762797,-0.034951866,-0.88471365,-0.82591236,0.15093562,-0.07791874,-0.19772041,0.13425413,1
-0.7706785,0.25926572,-0.82729226,-0.8597092,0.040333107,-0.07752032,-0.23372741,0.159204,1
-0.8189888,0.27427727,-0.7697963,-0.89436364,0.32859424,-0.08154871,-0.32929763,0.07069769,1
-0.77707607,0.22758126,-0.80595106,-0.87526643,0.2385804,-0.081793666,-0.24986649,0.21063277,1
0.0075636804,-0.6182862,-0.7822873,-0.8786962,0.123178154,-0.072868004,0.40279597,0.057044193,0
-0.8931275,-0.16918656,-0.9036536,-0.81317735,0.05918341,-0.077798076,-0.2209928,0.12714909,0
-0.32767963,0.8466498,-0.80930483,-0.87126434,-0.08903049,-0.073015705,-0.06876792,0.21449575,2
-0.85756326,-0.06983495,-0.89264154,-0.8187266,0.012657903,-0.07596575,-0.23696052,0.24139681,0
0.29635346,-0.38987094,-0.72710013,-0.93576044,-0.15127757,-0.06821971,0.10145846,-0.17941695,2
-0.62367886,0.05706328,-0.9195357,-0.8042449,0.11102791,-0.07753219,-0.15708385,0.03732568,1
-0.710935,-0.07629709,-0.9466267,-0.78724444,0.14979392,-0.07651055,-0.066804215,0.057667106,0
-0.69377357,-0.30801517,-0.9594228,-0.77914155,0.27820492,-0.0792747,-0.14455748,0.11411914,0
-0.8676081,-0.016443878,-0.84104455,-0.855146,0.39127254,-0.08404197,-0.23715687,0.21077609,1
-0.1073671,0.53584707,-0.9096335,-0.80943555,0.25094965,-0.07826718,-0.16475579,0.0028788596,2
-0.063800275,0.5721513,-0.92417085,-0.7982415,0.047539257,-0.075926505,-0.25634313,0.03869106,2
-0.8543997,0.2761125,-0.73694086,-0.91178566,0.4762501,-0.08164452,-0.34818745,-0.080188036,1
-0.40698403,0.49330455,-0.90533704,-0.8107381,-0.22628692,-0.07179951,-0.19894189,0.18488993,2
-0.6747922,0.32335743,-0.84112144,-0.8530551,0.07727468,-0.07732381,-0.22669779,0.31784666,1
-0.01023221,0.64149594,-0.92120427,-0.8004004,0.074988514,-0.07520143,-0.30885243,-0.075951055,2
-0.5611305,0.5515704,-0.83329844,-0.8579856,0.03486973,-0.076531924,-0.07953193,0.21948715,0
-0.8875506,0.21089056,-0.73707825,-0.9179234,0.56702787,-0.089008525,-0.34163776,-0.14215869,1
-0.7053181,0.46001786,-0.8091524,-0.87097424,-0.10368335,-0.07519543,-0.2117958,0.4737581,0
-0.568574,0.5153011,-0.82275593,-0.863468,-0.06646331,-0.075794026,-0.18400866,0.34772152,1
-0.072233796,0.49578676,-0.9346798,-0.7913342,0.13406815,-0.07709749,-0.355278,-0.056546867,2
0.9016965,-0.53073484,-0.7652755,-0.9161368,-0.7189702,-0.06649706,-0.9669922,-0.086395055,2
-0.49602443,0.5065229,-0.8578752,-0.83975863,-0.19091442,-0.073376305,-0.2326018,0.33899236,1
-0.7787025,0.040261164,-0.9082475,-0.810309,-0.038708776,-0.07328622,-0.12774873,0.1726868,0
-0.3044628,0.567449,-0.88238543,-0.8262208,-0.042243555,-0.07462015,-0.14289246,-0.0004916936,2
-0.69938684,0.25704178,-0.83890504,-0.85521424,0.14776248,-0.08073912,-0.258771,0.26019478,1
-0.6499008,0.46480927,-0.80199873,-0.875841,0.03465783,-0.07784895,-0.26040483,0.3344608,1
0.5222178,-0.32628125,-0.8441576,-0.8656574,0.12429024,-0.0766792,-0.778145,0.19749534,2
-0.83918035,0.08908854,-0.80698043,-0.8757288,0.41071406,-0.08521304,-0.29166204,0.054144345,1
-0.86503947,-0.08416256,-0.88707966,-0.82442766,0.058246255,-0.078700796,-0.23098172,0.1764966,0
-0.11791414,0.6049415,-0.9335353,-0.7918254,-0.0023533553,-0.07496985,-0.25221047,-0.11464989,2
-0.8784547,-0.20971349,-0.93318,-0.79585135,-0.041922003,-0.0759384,-0.1868068,0.19346409,0
0.6659761,-0.89497113,-0.6506396,-0.9960227,-1.0,-0.061278768,-0.04771173,-0.44528317,2
-0.33840162,-0.05031599,-0.949978,-0.7837727,0.28911024,-0.08168194,-0.29221925,-0.042854264,2
-0.8364194,0.18260412,-0.7816273,-0.8895107,0.42997772,-0.0836871,-0.29517886,-0.06827338,1
-0.9362035,-0.23688027,-0.8923904,-0.82025445,0.25134063,-0.07951669,-0.2096629,-0.11693528,0
-0.70998186,0.3842041,-0.8086958,-0.8732485,0.08430807,-0.080947176,-0.22466294,0.14532948,1
-0.11920419,0.506724,-0.9067984,-0.81099534,0.13930757,-0.07710118,-0.29781383,0.05134152,2
0.081867635,0.14022888,-0.9480025,-0.7839968,0.35953844,-0.08011862,-0.52322984,0.040472925,2
-0.7416356,0.14104861,-0.9049897,-0.81167084,-0.1777814,-0.07103495,-0.110680066,0.372469,0
-0.21743435,0.7534718,-0.8870689,-0.8231954,-0.099588156,-0.07323248,-0.12574828,0.09338909,2
-0.5444964,0.22527273,-0.95154977,-0.7824427,-0.21430552,-0.07107416,-0.08861691,0.22372079,0
-0.7127415,0.35229445,-0.82055706,-0.86575866,0.13549769,-0.07774966,-0.20606749,0.3975893,1
-0.47234967,0.6536567,-0.84537524,-0.85031015,-0.21372858,-0.07300816,-0.09777592,0.37294117,2
-0.7760756,0.08063807,-0.8730607,-0.83277035,0.06464339,-0.07599351,-0.20694654,0.25468463,1
-0.69930685,-0.048375815,-0.97332674,-0.77067626,-0.056022108,-0.07085717,-0.13582057,0.2797258,0
-0.5018079,0.59918016,-0.8390628,-0.85253596,-0.2208949,-0.07344754,-0.1930471,0.3530089,2
-0.052510142,0.5266615,-0.88416445,-0.82527447,0.50669324,-0.083684735,-0.1210988,0.30550563,2
-0.24391575,0.61185724,-0.89076376,-0.8190896,0.02381552,-0.07379249,-0.14575627,-0.034228787,2
-0.63778085,0.022416785,-0.93314916,-0.79444695,0.072792225,-0.07669999,-0.1820342,-0.07083504,0
-0.6219452,-0.14835155,-0.9728988,-0.77009916,0.2141465,-0.0770102,-0.043047905,0.1275551,0
-0.48654497,0.063139275,-0.9711759,-0.7723143,0.21474978,-0.075797975,-0.042279378,0.32925245,0
-0.78023994,0.095546395,-0.87897986,-0.8285894,0.001236409,-0.07539428,-0.18733509,0.15461655,0
-0.3732891,0.41817927,-0.930844,-0.79432434,-0.07146168,-0.07258091,-0.2009287,0.03233,2
-0.5877246,0.24690185,-0.93530506,-0.7923837,-0.19797671,-0.07104568,-0.10812727,0.0046447515,0
-0.026431054,0.7885236,-0.8791285,-0.82965976,0.23867863,-0.07696718,-0.026371047,0.09666702,2
-0.75497293,0.3958454,-0.79855335,-0.87963605,0.04193098,-0.07922576,-0.2348903,0.34150922,1
-0.5857597,-0.6247283,-0.89308995,-0.7927815,-0.15180475,-0.09438836,-0.06968273,0.07118093,0
-0.80209243,0.375689,-0.70652837,-0.89681417,0.6355106,-0.056021087,-0.22353187,-0.7826961,1
-0.877185,0.019256338,-0.8267274,-0.85910094,0.36687788,-0.07870182,-0.20515388,-0.13129148,1
-0.76155365,0.21360582,-0.860298,-0.83980924,-0.14902094,-0.07485332,-0.20910761,0.30200046,0
-0.6912488,0.07016914,-0.9109615,-0.8102384,0.05865857,-0.07823201,-0.19721963,0.068534866,1
-0.00081661344,0.4872856,-0.90746915,-0.808252,0.32724097,-0.0822723,-0.24782383,-0.0007620901,2
-0.7579627,-0.06954889,-0.93261397,-0.79487544,-0.046532154,-0.0748647,-0.17050302,0.057051107,0
-0.853526,-0.08713117,-0.89407474,-0.81885743,0.09009969,-0.07661125,-0.20697817,0.0853416,0
-0.8075533,0.08952786,-0.8331749,-0.8591218,0.25282264,-0.08248141,-0.26365715,0.019723266,1
-0.50824434,-0.08497217,-0.93228054,-0.79889405,0.32816094,-0.07728767,-0.104218416,0.39053535,0
-0.9406891,-0.0067426413,-0.82314825,-0.8606367,0.36795712,-0.077851705,-0.107619435,-0.067641184,0
-0.89195,-0.21707165,-0.9049876,-0.8106233,0.18416002,-0.07614151,-0.17531422,-0.07343422,0
-0.8264282,0.29216182,-0.7665777,-0.89896303,0.3014207,-0.08234611,-0.27039176,0.06366553,1
-0.8678453,0.14088711,-0.8072371,-0.87282455,0.32559443,-0.08077542,-0.28042242,0.07744114,1
-0.5217283,0.13109764,-0.91398484,-0.8061308,0.25383738,-0.079411395,-0.08464022,0.0784004,0
-0.514209,-0.43116432,-0.9575399,-0.78149325,0.42909494,-0.0763331,-0.14071067,0.56096077,0
-0.7958654,-0.03129162,-0.8968599,-0.81644374,0.107927755,-0.075587645,-0.15600395,0.04148443,0
-0.85246205,-0.114822805,-0.90368164,-0.8133285,0.011416987,-0.076817684,-0.23222205,0.22007374,0
-0.5308069,0.50805855,-0.85202634,-0.8435772,-0.19411924,-0.073109925,-0.21817386,0.3505899,1
-0.7740555,0.109979585,-0.8371521,-0.8544644,0.20924819,-0.08142261,-0.27996266,0.11677232,1
-0.8170711,0.17504081,-0.7868455,-0.88743424,0.3840673,-0.08606853,-0.3294201,0.03977319,1
0.31408393,-0.19575703,-0.77144766,-0.9090444,0.52159107,-0.07602273,0.09141776,0.5970724,2
-0.5910777,-0.19105822,-0.98880327,-0.7602272,0.21251121,-0.07699172,-0.22954784,0.15255907,0
-0.49693525,0.12378343,-0.92094076,-0.8030967,0.12648213,-0.07674198,-0.13926993,0.1656994,0
0.117978156,0.64133376,-0.8911706,-0.82251215,0.22896387,-0.076381035,-0.2844768,0.050265983,2
-0.7685896,0.11462495,-0.8609953,-0.83859926,0.11817708,-0.07589844,-0.13751023,0.071599245,0
-0.7653909,0.18084086,-0.8269227,-0.86160576,0.19081695,-0.08011378,-0.26918095,0.19448084,1
-0.48422796,0.4206945,-0.8730189,-0.83190715,-0.109089926,-0.07482364,-0.19479696,0.23758167,1
-0.8746058,-0.105459124,-0.8967696,-0.8113961,0.06046652,-0.07192615,-0.18294758,0.02921445,0
-0.065359205,0.45461756,-0.9370142,-0.78970784,0.23320255,-0.079433426,-0.37488216,0.06298604,2
-0.4498893,0.13683286,0.6466381,0.61044306,0.6456417,0.9999999,-0.80541253,0.6309655,2
-0.7277013,0.5186244,-0.7669193,-0.8992062,0.08381487,-0.08002824,-0.2824816,0.48441604,1
-0.7424151,0.28183275,-0.796619,-0.88175416,0.27929825,-0.08419351,-0.29671854,0.1441442,1
-0.22642063,-0.3272228,-0.9005631,-0.82030636,0.3323972,-0.07471833,-0.17328265,0.55154574,0
-0.39237967,0.66373163,-0.81076884,-0.87095267,0.06865522,-0.075286195,-0.047735438,0.06367539,2
-0.19451526,0.42712584,-0.92462033,-0.79932487,0.21375051,-0.07847268,-0.22718297,0.09436122,2
-0.8281157,-0.039477512,-0.922202,-0.8029729,-0.06585169,-0.07331984,-0.13337159,0.3635805,0
-0.67057467,0.24184215,-0.84947294,-0.8486763,0.14781907,-0.08023243,-0.2406848,0.15737902,1
-0.5632096,-0.414775,-0.95197,-0.7868541,0.29958236,-0.077925846,-0.19041814,0.38659692,0
-0.70358163,0.22780958,-0.88670063,-0.8211899,-0.15272695,-0.07162155,-0.17374885,0.31946474,0
0.35430557,0.29800832,-0.8878609,-0.83215815,0.31737036,-0.07442681,-0.53666437,0.41130054,2
-0.566691,0.6993722,-0.77548325,-0.89196974,-0.06980057,-0.07646628,-0.1974341,0.2969975,1
-0.21019003,-0.84198415,-0.84051204,-0.86515445,-0.45243818,-0.06923466,-0.22919348,0.1526092,0
-0.121659994,0.70996094,-0.91293585,-0.80630136,0.005438775,-0.0741673,-0.18429755,-0.059948295,2
-0.90080273,-0.31981575,-0.9381121,-0.7932107,0.13340186,-0.07838258,-0.20379075,0.040333584,0
-0.8254549,0.16736637,-0.8240485,-0.8645685,0.13398267,-0.081554234,-0.27392465,0.32374156,1
-0.74707156,0.11037223,-0.8694277,-0.8343305,0.10706777,-0.07737683,-0.24567053,0.1822525,1
-0.52290785,0.13717926,-0.92327774,-0.7988264,0.044348568,-0.07705239,-0.29129884,0.056203388,1
-0.7750515,0.31125516,-0.78630555,-0.88633883,0.18250974,-0.08153672,-0.29873803,0.3474439,1
-0.3927623,0.66109943,-0.86333543,-0.8362228,-0.25961414,-0.071957506,-0.19420587,0.26317012,1
-0.68874896,0.06949597,-0.9488471,-0.78730613,-0.041342214,-0.07177934,-0.10185488,0.39360374,0
0.22553909,0.43486845,-0.91754687,-0.80529696,0.31247067,-0.07966356,-0.50054127,0.13549206,2
-0.7800188,0.14410686,-0.84335315,-0.8506945,0.11311279,-0.07888875,-0.24430001,0.28744414,1
-0.121668905,0.39763787,-0.92560375,-0.7989869,0.26875415,-0.077998646,-0.22115807,-0.040958896,2
-0.46770227,-0.26274207,-0.9207672,-0.8049453,0.53866166,-0.082097396,-0.15524358,0.37083906,0
-0.13420829,0.5498228,-0.94636655,-0.78440255,0.03981117,-0.07444917,-0.18584333,-0.04248926,2
0.050967872,0.33017096,-0.8845189,-0.8237482,0.5277027,-0.08506534,-0.14509077,0.13118711,0
0.33132327,0.25450107,-0.91601443,-0.804574,0.4802998,-0.08428159,-0.5759293,0.12801956,2
-0.64149356,0.3838601,-0.82360107,-0.8640843,0.014687523,-0.079028904,-0.24918324,0.34565735,1
-0.9595877,-0.04047577,-0.8102843,-0.869198,0.4178445,-0.08180646,-0.2623116,-0.24874428,0
-0.19497117,0.27081382,-0.92184585,-0.80039275,0.26653066,-0.080343544,-0.27856848,-0.042359754,2
-0.10444385,-0.30966565,-0.82965755,-0.8709537,0.21359271,-0.07283145,-0.0091739595,0.5430585,0
-0.88614684,-0.16478378,-0.9146459,-0.8069661,-0.0033500046,-0.07625561,-0.17877188,0.2026932,0
-0.8107228,-0.06465638,-0.9094351,-0.80975443,-0.02061364,-0.074681535,-0.16384631,0.16303305,0
-0.9157779,-0.1250672,-0.89163256,-0.81902504,0.08064791,-0.07654044,-0.2494738,0.13518871,0
-0.85809124,0.15565352,-0.8198556,-0.8655446,0.13116284,-0.08036448,-0.24012433,0.19403026,1
-0.7982905,0.3061146,-0.7582118,-0.90314645,0.383787,-0.08437841,-0.33325753,0.09609066,1
-0.6065587,-0.52873415,-0.9419039,-0.79509085,0.037935846,-0.073686354,-0.13115191,0.17269419,0
-0.8023529,-0.077815786,-0.93699276,-0.7928053,-0.053691342,-0.0739544,-0.11750199,0.23412077,0
-0.89951324,-0.016564324,-0.82565767,-0.86317027,0.38854328,-0.08387821,-0.27266958,0.03261242,1
-0.8304024,-0.030290946,-0.8934079,-0.8180748,0.025556736,-0.07414266,-0.18258114,0.13089629,0
-0.8420321,0.032018483,-0.8836639,-0.82525843,-0.05055955,-0.07498066,-0.18697391,0.29667482,0
0.004961014,0.5416947,-0.9291158,-0.79456466,0.13161395,-0.077625856,-0.35105813,-0.0461677,2
-0.814658,0.0973471,-0.82683223,-0.8591927,0.28735024,-0.07835393,-0.27713042,0.21288653,1
-0.91476285,-0.18362862,-0.8816619,-0.82508105,0.23096879,-0.076874316,-0.1582315,-0.10806218,0
-0.17223254,0.26642728,-0.9131864,-0.8074877,0.28049874,-0.07955212,-0.26345703,0.14162897,2
-0.5258679,0.15920994,-0.9743239,-0.76990956,-0.15948242,-0.071128964,-0.098412625,0.060900092,0
-0.7801987,0.29337814,-0.80934393,-0.8726576,0.09453354,-0.079778634,-0.24776417,0.37618032,1
-0.87619066,-0.14461905,-0.9112035,-0.8094608,0.006543681,-0.0770275,-0.1986308,0.21332422,0
-0.66849136,0.3500504,-0.8262216,-0.86252373,0.050978206,-0.079386786,-0.23255754,0.30680144,1
-0.35638866,0.619552,-0.8792756,-0.82753927,-0.19015998,-0.072891675,-0.15348567,0.1553362,2
-0.36131868,0.6905215,-0.81578207,-0.86748505,0.24975614,-0.07566878,0.042748153,0.023533262,1
-0.82632935,-0.10839233,-0.90494287,-0.8134096,0.12192312,-0.07792709,-0.22399476,0.21600229,1
-0.8580494,0.017893732,-0.85495055,-0.8401181,0.113893874,-0.075800486,-0.27676105,0.14911261,0
-0.8008207,0.123038046,-0.8621643,-0.838264,-0.08588904,-0.076600835,-0.2404639,0.32500088,0
-0.47598246,0.2639242,-0.9110588,-0.8090678,0.09105432,-0.07595319,-0.08659504,0.013904706,2
-0.8780322,-0.19788322,-0.9326829,-0.7958289,-0.032588363,-0.07529871,-0.16833432,0.24820104,0
-0.7250171,0.43565696,-0.7844078,-0.88685924,0.124407776,-0.076786645,-0.21109724,0.23426378,0
-0.424271,0.7605101,-0.83005035,-0.85838586,-0.19290268,-0.07187286,-0.14525485,0.36627305,2
-0.48661998,-0.26144224,-0.9197179,-0.8066018,0.4125508,-0.08037851,-0.14558153,0.29380268,0
0.35891652,0.2538024,-0.8687547,-0.84227407,0.5079342,-0.07590898,-0.2078191,0.33105677,2
0.44866312,-0.53260833,-0.73739105,-0.93625104,-0.10849963,-0.06610555,-0.02884087,-0.05811876,2
-0.7986306,0.21875462,-0.79198,-0.883955,0.27007464,-0.08390992,-0.29398188,0.024170816,1
-0.6801441,-0.2425353,-0.9683691,-0.77338076,0.23444694,-0.0784643,-0.15874292,0.1221416,0
-0.30671412,0.32545102,-0.94666266,-0.786664,0.06575846,-0.074852854,-0.16314837,-0.08812979,2
-0.4142738,-0.14659911,-0.9008913,-0.8192912,0.53400576,-0.0817735,-0.11262968,0.5057076,0
0.37660974,0.3260209,-0.8169253,-0.8644067,0.99999994,-0.08225155,0.20278993,0.42795694,2
-0.93572867,-0.28779632,-0.90626127,-0.8125084,0.2632709,-0.080352396,-0.23085853,-0.087510124,0
-0.5717082,-0.658372,-0.89552104,-0.82672995,-0.20674378,-0.07079214,-0.1805809,-0.039964303,0
-0.7908497,0.15797299,-0.8195248,-0.8658415,0.20390716,-0.08187872,-0.30017126,0.20818806,1
-0.86124325,-0.12602621,-0.8969579,-0.8135878,0.14093669,-0.07227256,-0.105583005,-0.07395731,0
-0.78202873,0.29998428,-0.77197266,-0.89799225,0.3543602,-0.08588028,-0.29893962,0.18991019,1
-0.60536176,-0.037041873,-0.96994287,-0.7730747,0.09883459,-0.07424378,-0.13042575,0.24282543,0
-0.008215845,0.39881858,-0.88984054,-0.82152855,0.42200235,-0.08186011,-0.17721057,0.1282269,2
-0.4947605,-0.21227896,-0.96729493,-0.775618,0.31528208,-0.07731093,-0.1482324,0.33612466,0
-0.6456875,0.2731714,-0.8764118,-0.8308203,-0.033610508,-0.07521594,-0.1043908,0.15426426,0
-0.30780005,-0.16483438,-0.85438854,-0.8445298,0.6458017,-0.084686466,0.014797911,0.37060952,0
-0.08770132,0.21553671,-0.91310567,-0.80847377,0.43872443,-0.081505045,-0.21886113,0.23585741,2
-0.3192479,0.48755836,-0.9229486,-0.80035174,-0.08211373,-0.07310144,-0.17348889,0.110650554,2
-0.6862401,0.087652616,-0.91723603,-0.8048714,-0.0938454,-0.07329798,-0.15521352,0.22809535,2
0.85454684,-0.6390397,-0.77386504,-0.9157363,-0.34247008,-0.06751953,-0.9379111,0.09442912,2
-0.94430625,-0.22609934,-0.87689006,-0.82603616,0.34287503,-0.07790775,-0.25432435,-0.24154395,0
-0.7365633,0.4432971,-0.78904694,-0.8834134,0.008830816,-0.076367095,-0.24507079,0.48272747,1
-0.042043924,0.09188069,-0.94598186,-0.7868433,0.36549163,-0.0803201,-0.4685288,0.06921745,2
0.15258902,0.61768126,-0.9080775,-0.80873597,0.30625355,-0.07950041,-0.36735132,-0.05803509,2
0.41978407,-0.17329592,-0.8502442,-0.8541886,0.19863614,-0.07860948,-0.536396,0.5155643,2
-0.60354203,0.22351797,-0.89546645,-0.8177454,-0.08351833,-0.073617645,-0.14470333,0.16428068,2
-0.7858588,0.12177938,-0.8547859,-0.84405595,0.06189309,-0.078576334,-0.22306442,0.08087978,0
-0.71469474,0.28464144,-0.8244719,-0.84963924,0.01888419,-0.07050726,-0.19776434,0.0600987,0
0.4761374,-0.5592318,-0.85529035,-0.8601743,-0.29055846,-0.067124374,-0.9697495,0.07025223,2
-0.07519907,0.16680264,-0.9242466,-0.7994406,0.42813697,-0.08337069,-0.3480274,0.115531646,2
-0.73885286,0.2972969,-0.8020266,-0.87728643,0.22329971,-0.081824504,-0.28276968,0.09200845,1
-0.78101087,0.096294396,-0.86139804,-0.83974487,0.10197464,-0.07741551,-0.20539784,0.116658315,1
-0.80487704,-0.12025908,-0.945516,-0.78807163,-0.005542919,-0.07472314,-0.13035072,0.19833604,0
-0.7576492,0.33756882,-0.7785746,-0.89205515,0.24672574,-0.082392454,-0.28151798,0.26661482,1
-0.73600113,0.0020493865,-0.937995,-0.7925333,-0.0586655,-0.07313586,-0.12873508,0.19681025,0
-0.8259659,0.052614115,-0.84306043,-0.85183704,0.20425211,-0.08193898,-0.28401434,0.19787727,1
-0.8992615,-0.26623112,-0.91635907,-0.80670166,0.2356329,-0.07903262,-0.18634094,0.033820882,1
-0.7328167,0.17934115,-0.89606667,-0.8169933,-0.012495115,-0.07263908,-0.056432307,0.15310112,0
-0.7641053,0.47739923,-0.73461515,-0.9174223,0.27626103,-0.08184766,-0.31519553,0.24325354,1
-0.07777524,-0.41431886,-0.87526786,-0.8430476,0.108752936,-0.07472322,-0.30399245,0.42011604,2
-0.064465046,0.44800743,-0.8867531,-0.8244605,0.48517868,-0.083398364,-0.19155376,0.14792354,2
-0.7970928,0.24752775,-0.8214064,-0.8651997,0.05789206,-0.079555586,-0.2316806,0.26972672,1
0.13935715,0.41557637,-0.8786532,-0.826827,0.45373368,-0.08450845,-0.25538576,0.25994745,2
-0.83265984,-0.010950789,-0.8879282,-0.82390517,0.038524777,-0.077665895,-0.20387505,0.24370743,0
0.043300748,0.6551455,-0.9110827,-0.8085429,0.21484637,-0.076626435,-0.21595097,-0.075685546,2
-0.7449163,0.070811495,-0.9019975,-0.8154085,0.02497325,-0.074540175,-0.11435974,0.30477065,0
-0.20399973,0.4963797,-0.92614275,-0.7972599,0.03520494,-0.07607163,-0.22658029,-0.05189824,2
-0.5549545,-0.03368923,-0.94832325,-0.78446865,0.19894369,-0.075591475,-0.10415125,-0.0026205182,0
-0.39793706,0.21447971,-0.9552704,-0.78033894,0.048118353,-0.075923845,-0.250385,-0.034839258,2
-0.49723756,-0.0436659,-0.9498618,-0.7846549,0.23759921,-0.07994422,-0.31696346,-0.0791145,2
-0.71236,0.30993873,-0.83975875,-0.8527979,0.013910294,-0.07614807,-0.15256375,0.21631104,0
-0.74800396,-0.027771667,-0.9312905,-0.7967687,0.0049027205,-0.07498191,-0.10236175,0.11880922,0
0.026095629,0.32784265,-0.8732809,-0.83424133,0.7425136,-0.08307641,0.09798074,0.32608902,2
0.34572673,-0.56927127,-0.7521937,-0.9265528,-0.11602166,-0.06876428,-0.011942327,0.18778726,2
-0.44780108,0.047844507,-0.93088645,-0.79869616,0.2805891,-0.07611465,-0.05146773,0.152056,0
-0.31791797,0.5684539,-0.8960047,-0.8181392,-0.029647201,-0.07317526,-0.09199401,0.07087635,2
-0.8302036,-0.154482,-0.93669856,-0.79274094,-0.076709285,-0.0743626,-0.17792645,0.210801,0
0.13647074,0.07812019,-0.82877666,-0.8643997,0.6763483,-0.08329817,0.028288528,0.47306004,2
-0.58679897,0.3616681,-0.87294453,-0.83319443,-0.04351759,-0.07458931,-0.10730454,0.20412427,1
-0.79729587,0.13263744,-0.8690857,-0.83566254,0.010257661,-0.07730288,-0.16441754,0.19347273,0
-0.7849002,0.2106046,-0.8234001,-0.86345077,0.10328428,-0.08006293,-0.286227,0.3658248,1
-0.86642563,0.13741454,-0.7990226,-0.8796902,0.29948908,-0.083137825,-0.2692704,0.10473031,0
0.29045367,-0.13965082,-0.7908001,-0.89246863,0.46822453,-0.07752755,0.047273144,0.42375216,2
-0.47811633,-0.5600723,-0.9064544,-0.8207066,0.3102221,-0.073792964,-0.101062045,0.65125185,0
-0.8319113,-0.034060776,-0.8843526,-0.8256584,0.11466546,-0.077662915,-0.20950454,0.13722162,1
-0.26566976,0.6448585,-0.91185963,-0.8069756,-0.17887154,-0.07133248,-0.18770579,0.19848031,2
-0.075912386,0.5381107,-0.9002396,-0.8149781,0.26419145,-0.07862532,-0.13161731,-0.07436691,2
-0.60921824,0.46897194,-0.82164127,-0.86449176,-0.02453059,-0.0773233,-0.2012928,0.44675362,1
-0.13351867,0.66325295,-0.9278417,-0.79566234,-0.10459603,-0.072438866,-0.25839823,-0.04885596,2
-0.11282426,0.0016973913,-0.8968002,-0.8198759,0.5776829,-0.082335174,-0.19586751,0.42608738,2
-0.052931905,0.7359776,-0.8884806,-0.82285005,0.058576293,-0.0746534,-0.046002105,-0.1812748,2
-0.31739068,0.55892456,-0.85479933,-0.844484,0.3201654,-0.076647855,0.16023397,0.029733777,0
-0.08274248,0.4611988,-0.91704947,-0.8043936,0.21042828,-0.07715549,-0.11641638,-0.09234005,2
-0.7969229,0.101029284,-0.8378723,-0.8551167,0.25948796,-0.08111786,-0.2509129,0.2285385,1
-0.7531673,-0.039716586,-0.8873394,-0.8233972,0.20882306,-0.07739075,-0.10220203,-0.01715228,0
-0.705508,0.38221171,-0.7879731,-0.8830677,0.19075571,-0.07668922,-0.10538385,0.08468133,1
0.42565095,-0.42569292,-0.6908799,-0.9580521,0.17217791,-0.068590306,0.30599385,0.17602897,2
-0.7977884,0.14193653,-0.8536182,-0.8417021,-0.001331374,-0.07468264,-0.22321269,0.17589672,0
-0.72927094,0.12604138,-0.9034054,-0.8156818,0.0023415387,-0.0729649,-0.091679364,0.4001217,0
-0.15231118,-0.8139095,-0.5339018,-0.6123827,0.13894941,0.043664932,0.88830465,0.59316665,0
-0.58908445,0.42271635,-0.8177176,-0.8644489,0.1910184,-0.073469,-0.06388955,0.0631876,1
-0.26595247,-0.70622855,-0.8341906,-0.85688424,-0.11634803,-0.072317876,0.10597235,0.19155522,0
-0.34693038,0.46366918,-0.92234766,-0.80078715,-0.15842822,-0.07228931,-0.17014354,0.14438711,2
-0.9476781,-0.12990919,-0.83497643,-0.8478865,0.44188547,-0.07625019,-0.26094472,-0.31953096,0
-0.83830607,0.115439415,-0.79850173,-0.8798461,0.46361974,-0.083579,-0.22857314,-0.031019256,1
-0.8582767,0.09033944,-0.80804896,-0.87477845,0.37948483,-0.08493838,-0.2874639,0.08750741,1
-0.7490588,0.34969944,-0.8066787,-0.87263656,0.098155454,-0.07665717,-0.2119071,0.30562133,0
0.36375046,0.36909932,-0.8527453,-0.84583426,0.62700427,-0.08598453,-0.24349613,0.2970515,2
0.5309331,-0.29206043,-0.85529435,-0.8566625,0.21561638,-0.074931845,-0.7514239,0.37365922,2
-0.80585676,0.09476489,-0.8412521,-0.85180235,0.16592522,-0.08032628,-0.2918584,0.2050845,1
-0.42644766,0.5712813,-0.83057976,-0.8578815,0.03957799,-0.07573504,-0.11029952,0.06565977,2
-0.18998954,0.62587637,-0.9012904,-0.8141868,-0.0630168,-0.07485925,-0.14856447,-0.019461542,2
0.34006196,-0.8013791,-0.797432,-0.90199786,-0.6014599,-0.06547704,-0.69025195,-0.08828746,2
-0.37287402,0.81072754,-0.8190232,-0.8671389,-0.13758153,-0.07398664,-0.0828557,0.30486423,2
-0.81501484,-0.04816553,-0.901473,-0.81598,0.10136776,-0.077517524,-0.19200262,0.18546037,1
-0.8199189,-0.037478924,-0.9060085,-0.81273377,0.015935905,-0.07488447,-0.16087885,0.21545959,0
-0.7281704,0.37272596,-0.78818923,-0.8851849,0.13234451,-0.08106013,-0.3150752,0.270631,1
-0.84819907,0.2656795,-0.7416552,-0.9140792,0.53126156,-0.08631307,-0.34885988,0.008603483,1
0.21165603,0.40752852,-0.91170824,-0.80660015,0.42495054,-0.083399385,-0.41688907,0.096139595,2
-0.28935462,0.7734118,-0.8488207,-0.84816533,-0.0225835,-0.0753145,-0.04974386,0.20857036,2
-0.66116977,0.5142978,-0.8037739,-0.8741958,-0.07521939,-0.07637222,-0.24923599,0.45167264,1
-0.18031234,0.18356258,-0.865308,-0.8377353,0.6690151,-0.081788495,0.06575701,0.24453165,2
-0.35273552,0.41362405,-0.92753834,-0.7984027,-0.048686624,-0.07381718,-0.15120551,-0.008043736,2
0.03921646,0.5666504,-0.918027,-0.801525,0.14201705,-0.07818763,-0.41604677,-0.07800184,1
-0.67761636,0.26516494,-0.80066085,-0.8748529,0.373079,-0.07742593,-0.11377074,-0.047438025,1
-0.10756475,0.39668888,-0.95187706,-0.78055865,0.19882795,-0.07816856,-0.36590263,0.0514161,2
0.34635335,-0.11351299,-0.80701256,-0.8839262,0.5973183,-0.079084605,-0.08694832,0.7243172,2
-0.038969427,0.6090491,-0.90397716,-0.81076354,0.07669183,-0.07167672,-0.13469559,-0.15253183,2
-0.18709922,0.2058488,-0.98279077,-0.7628319,0.23725554,-0.07183897,-0.109314196,0.32268023,0
-0.77581203,-0.09802902,-0.9584668,-0.7803499,-0.06790525,-0.07212972,-0.0892339,0.15579927,0
-0.8184822,0.3632478,-0.76062965,-0.9047076,0.23271859,-0.084034204,-0.28286654,0.25762832,1
-0.79833174,0.18473333,-0.8152501,-0.8700274,0.20584351,-0.08283732,-0.23915645,0.0045938343,1
-0.65351945,-0.26176032,-0.9475174,-0.7872683,0.19069228,-0.076765686,-0.14757666,0.20058589,0
-0.5943081,0.5576929,-0.8141775,-0.868487,-0.12590966,-0.07559569,-0.21555802,0.39948466,2
-0.7593201,0.34427536,-0.7827784,-0.8860632,0.17062894,-0.0778991,-0.28345722,0.19939342,1
-0.31067058,0.61009073,-0.88251764,-0.825392,-0.03370318,-0.070644885,0.02577664,0.06712567,2
-0.13250268,0.5939078,-0.91830355,-0.80175,-0.011311889,-0.075666346,-0.22600847,-0.24079767,2
-0.31607324,0.7132847,-0.87909776,-0.82886356,-0.116093904,-0.07319225,-0.15207869,0.14943367,2
-0.233165,0.45479774,-0.88015586,-0.8281563,0.30589658,-0.080843985,-0.12428185,0.042393923,2
-0.60700047,0.39158922,-0.8499574,-0.84800565,0.0785913,-0.076845795,-0.10008779,0.18308127,1
0.09957069,0.2986044,-0.9476103,-0.7818001,0.296541,-0.08206939,-0.42117196,-0.18499881,2
-0.7574245,0.23361437,-0.81903434,-0.8639196,0.21501093,-0.077298336,-0.23169102,0.15244423,1
0.6422718,-0.5886434,-0.6959668,-0.96560574,-0.274187,-0.06499922,-0.04965131,0.40676484,2
-0.43986657,0.32451132,-0.90146756,-0.8148133,0.059890866,-0.07592868,-0.16653499,-0.011204228,2
0.19709527,0.046755247,-0.9038529,-0.81725734,0.49077046,-0.08058529,-0.47959876,0.24309736,2
0.63870937,-0.4747594,-0.7454543,-0.93044734,-0.21970251,-0.06965975,-0.3794595,0.48795107,2
0.10760516,0.47907048,-0.9322425,-0.7940684,0.36649254,-0.08107489,-0.42686883,-0.07759644,2
-0.23632826,0.6075685,-0.8673178,-0.8375394,0.4068218,-0.07630859,0.1875678,0.12144235,2
-0.5020428,0.41141462,-0.8560297,-0.8442625,0.09485483,-0.07628761,-0.08621688,0.13304049,1
-0.16383672,0.5468284,-0.8590071,-0.83835137,0.6444391,-0.078606814,0.10257974,0.22273427,2
-0.56922156,0.3240011,-0.8686391,-0.83482826,-0.051824465,-0.07664824,-0.21593791,0.24458018,1
-0.36467296,-0.041600168,-0.9760477,-0.7667573,0.30084747,-0.07573975,-0.1664651,0.11132571,0
-0.948181,-0.18326566,-0.85961974,-0.83743757,0.39129776,-0.07972839,-0.29189527,-0.20725995,0
-0.58772886,0.475558,-0.8322143,-0.8563755,-0.07935934,-0.07657914,-0.23444445,0.32896706,1
-0.5755395,0.33343685,-0.8653538,-0.83659315,0.002709791,-0.075340696,-0.20316002,0.15530261,1
-0.8611952,-0.12881234,-0.9107844,-0.8082536,-0.01759249,-0.07602664,-0.20972429,0.21513131,0
-0.8491187,0.21755174,-0.76759386,-0.89866537,0.42026144,-0.08531986,-0.3327225,0.01758559,1
-0.5362085,0.29081017,-0.91902673,-0.80426496,0.056491204,-0.07556279,-0.13375723,0.1984089,0
-0.7729705,0.3637818,-0.7742509,-0.891524,0.18198381,-0.07890476,-0.29142192,0.25897884,1
-0.10955936,0.5297648,-0.8773677,-0.8312286,0.45586574,-0.0816553,-0.058505476,0.092984855,2
-0.79690367,0.08597267,-0.8556001,-0.8426255,0.137829,-0.07826564,-0.20855656,0.07756287,0
-0.28366333,0.6230761,-0.8809129,-0.8262237,-0.11450592,-0.07283543,-0.13207042,0.1212749,2
-0.79518396,0.24598946,-0.7969516,-0.8747938,0.2769716,-0.07407515,-0.11510036,0.060217634,1
0.35920602,0.32678652,-0.87741363,-0.8297729,0.57858014,-0.08566729,-0.35590595,0.4127011,2
-0.83225524,0.1270499,-0.7983401,-0.87553495,0.42141765,-0.07912576,-0.25541976,-0.12756246,1
-0.942402,-0.27494246,-0.89732605,-0.8171312,0.30675107,-0.08023456,-0.24556373,-0.14030632,0
0.15502,0.39230025,-0.9375899,-0.79045963,0.37847215,-0.08114565,-0.3958285,-0.24412477,2
-0.83081055,-0.041431546,-0.8731289,-0.8315926,0.24837378,-0.07615415,-0.13888727,0.14691253,0
-0.85122365,-0.18268424,-0.92509174,-0.8001872,-0.00519149,-0.07675169,-0.21350634,0.15517524,0
-0.34513676,0.026589692,-0.95286983,-0.78440017,0.62710714,-0.08017857,0.018669054,0.2632306,0
-0.17930856,-0.28840035,-0.9361399,-0.80038214,0.28308332,-0.075158,-0.18794079,0.7276388,0
-0.54088223,0.36115304,-0.85868317,-0.83980745,-0.060563087,-0.07457287,-0.1554577,0.15710495,1
-0.6830832,0.23233376,-0.88931584,-0.8206273,-0.1122597,-0.07107248,-0.13170908,0.24663243,0
-0.7258894,0.39849406,-0.7909922,-0.8832447,0.117939726,-0.07926463,-0.25753015,0.30545408,1
0.18544686,0.18261021,-0.92958784,-0.7969197,0.48531526,-0.082836315,-0.58822703,0.15752384,2
-0.69949377,0.40179706,-0.7957096,-0.8820941,0.12929384,-0.080872364,-0.19038163,0.19635653,1
-0.7099174,0.33756024,-0.82570803,-0.86058074,-0.013351843,-0.07691003,-0.25287062,0.33098215,1
-0.07062459,0.45171782,-0.9398223,-0.78845394,0.20217127,-0.0786753,-0.37687364,-0.08912879,2
-0.8437145,0.053294532,-0.8185975,-0.8679506,0.36221316,-0.08525012,-0.31660178,0.10428086,1
-0.47977567,0.5848725,-0.859518,-0.84067804,-0.15106204,-0.07263072,-0.11973922,0.27170113,2
-0.735844,0.114893176,-0.86411345,-0.8324144,0.16323707,-0.07374204,-0.11151854,-0.07150191,0
-0.9033164,-0.11505824,-0.8709165,-0.8351577,0.19134794,-0.081113055,-0.24925914,0.020023592,0
-0.935449,-0.087810546,-0.840069,-0.8511714,0.33817112,-0.08165989,-0.32333994,-0.10488187,0
-0.93562865,-0.34915358,-0.9252794,-0.7982196,0.25490475,-0.07680158,-0.18382001,-0.17056993,0
-0.44499597,0.5770664,-0.8586649,-0.83935755,-0.1621649,-0.07284173,-0.21406728,0.3198467,1
0.41422147,-0.45669836,-0.744946,-0.9297538,-0.37158304,-0.067076415,-0.28001755,0.2257185,2
-0.9587133,0.05850728,-0.753697,-0.86123985,0.5458111,-0.049294636,-0.19689038,-0.89683664,0
-0.80997044,-0.07171467,-0.9504578,-0.7842506,-0.1404688,-0.06969606,-0.12757546,0.44769448,0
0.098427236,-0.60286665,-0.764491,-0.91521716,-0.3612993,-0.06949051,-0.03581038,-0.43146616,2
-0.8019104,0.08778611,-0.8673645,-0.8350067,-0.030360222,-0.07618173,-0.23752506,0.30591512,0
-0.7816421,-0.11398354,-0.96372443,-0.7767588,-0.07866818,-0.07116441,-0.12974954,0.26243788,0
-0.4969477,0.043137208,-0.939545,-0.78976005,0.123163,-0.07574099,-0.2331722,0.13095365,0
-0.4839144,0.5091995,-0.8660745,-0.8354194,-0.17439097,-0.07378292,-0.21333613,0.25214252,2
-0.19926426,0.7199654,-0.8641776,-0.8380126,-0.022140145,-0.07396029,-0.052580863,0.049266145,2
0.27710032,0.39788723,-0.88549864,-0.82573044,0.61642605,-0.08471038,-0.37414342,0.30702126,2
-0.26466656,0.4040578,-0.9260185,-0.7973778,0.064879656,-0.07679315,-0.2611239,-0.16987163,2
0.3145448,0.019807383,-0.9011512,-0.8196652,0.4324777,-0.08030982,-0.66931903,0.58607805,2
0.5186206,-0.11933595,-0.78791004,-0.8989548,0.51406467,-0.07639742,-0.008368328,0.64694,2
-0.8199233,-0.039350882,-0.9126699,-0.8080051,-0.08235201,-0.07490042,-0.18595153,0.26597774,0
-0.8562058,-0.097873986,-0.8898001,-0.8219312,0.20022856,-0.07646623,-0.15424109,0.18657368,1
-0.85058933,-0.11406478,-0.8975442,-0.81644285,0.112068765,-0.0767412,-0.23134975,0.17958234,1
-0.8090559,0.020301059,-0.8579588,-0.84169745,0.26430318,-0.07790006,-0.19073676,0.070746146,1
0.14708829,0.38755962,-0.93604475,-0.79008496,0.26904935,-0.081464425,-0.5149018,0.02688656,2
0.25806814,-0.3632561,-0.8213887,-0.8759739,-0.07638924,-0.077346444,-0.60640645,0.145724,2
-0.8121562,0.22060706,-0.78027886,-0.890874,0.34744537,-0.08422362,-0.32017413,0.1284521,1
-0.25504357,0.122123465,-0.94621384,-0.7855075,0.30789357,-0.07643244,-0.19436082,-0.06367624,2
-0.42122585,0.29432845,-0.91468775,-0.80535555,0.037778668,-0.07649993,-0.2065945,-0.054754853,2
-0.8998556,-0.21753421,-0.9142363,-0.80752164,0.08234184,-0.078610264,-0.21419007,0.08504419,0
0.28182447,-0.16796994,-0.8823017,-0.8366545,0.28133184,-0.07721759,-0.6947856,0.27283293,2
-0.80756736,0.20186162,-0.79082876,-0.8855952,0.3772846,-0.085024685,-0.29279065,0.105480075,1
-0.86647034,-0.18010524,-0.9305169,-0.7969378,-0.027862594,-0.074470006,-0.16347396,0.22940336,0
0.71165484,-0.623907,-0.70514894,-0.96293855,-0.24366051,-0.06531835,-0.22308426,0.41487548,2
-0.23559564,-0.46967244,-0.93824476,-0.79979837,0.558723,-0.07878052,-0.23392618,0.8932976,0
-0.9164314,-0.04231134,-0.8521978,-0.84368294,0.1582254,-0.07890636,-0.2179355,-0.010869995,0
-0.3649093,0.7621982,-0.81739396,-0.86460763,-0.0327933,-0.07316614,-0.16535375,0.38209623,2
0.24341536,0.58192784,-0.9141309,-0.80411077,0.42293903,-0.08370873,-0.34496275,-0.0371373,2
-0.82205296,0.07688582,-0.8525417,-0.8378238,0.11127416,-0.073796645,-0.19967467,0.07256878,0
-0.6023342,0.21738346,-0.88714355,-0.8259288,0.23158026,-0.07728867,-0.080737524,0.2019315,0
0.4129697,-0.55159414,-0.71066767,-0.95238394,-0.46233493,-0.06754507,0.16698512,-0.5210765,2
-0.43042237,0.7147236,-0.847882,-0.8473045,-0.22672048,-0.07318829,-0.14123997,0.21007991,1
0.3359337,0.5909678,-0.8821479,-0.82774585,0.49874222,-0.07886826,-0.19241384,-0.092954785,2
0.18537223,0.4263243,-0.8375792,-0.85639733,0.7459515,-0.08550047,-0.053956002,0.23823515,2
-0.43472186,0.7092235,-0.84628063,-0.84889203,-0.20453271,-0.07234666,-0.13219807,0.43801826,1
-0.24256489,0.7354744,-0.88730556,-0.82240677,-0.14412695,-0.07302646,-0.17097595,0.090493776,2
-0.7709831,0.29620463,-0.8038832,-0.8732606,0.11803261,-0.07735926,-0.21667409,0.1433007,0
-0.8210778,0.041074827,-0.8803888,-0.8275393,-0.03888586,-0.075769104,-0.21392533,0.34199917,1
-0.0648137,0.7311842,-0.9307786,-0.7946664,-0.05750285,-0.07176732,-0.17857237,0.013222396,2
-0.546457,-0.10290277,-0.98514557,-0.7619049,0.19934806,-0.07523481,-0.22568361,0.26646698,0
0.14685231,0.40978497,-0.87976587,-0.8291831,0.54526186,-0.08330284,-0.2577309,0.06477578,2
-0.8293209,0.05867748,-0.8250969,-0.8635089,0.35585362,-0.083782434,-0.27859116,0.015085608,1
-0.74621356,-0.25002578,-0.9881476,-0.7611872,0.0705778,-0.07458858,-0.16172884,0.07594915,0
-0.34528464,0.13913599,-0.9536067,-0.78041655,0.22466186,-0.07960979,-0.3334404,-0.15870553,2
-0.86221814,-0.31874338,-0.95148015,-0.78461236,0.20604965,-0.07684684,-0.14063828,-0.0019043982,0
0.24064314,0.5790825,-0.8742868,-0.827186,0.53406847,-0.07259765,0.023485452,-0.017571151,2
-0.7414908,0.3137017,-0.797429,-0.87803316,0.15073067,-0.079157375,-0.25061584,0.1790151,1
-0.4117848,0.8181476,-0.8216466,-0.8650346,-0.15411946,-0.07310636,-0.111536495,0.44220725,2
-0.46015275,0.5332868,-0.8527215,-0.8443642,-0.10074915,-0.07485085,-0.20197831,0.3340001,1
-0.82272184,0.09169323,-0.85884976,-0.8418561,0.05673439,-0.07686691,-0.19411808,0.44312665,0
-0.8617754,0.13041648,-0.78575456,-0.88797754,0.45282218,-0.08671467,-0.33965093,0.03643562,1
-0.30745178,0.387038,-0.94492215,-0.78614736,0.034702614,-0.07477101,-0.14201288,-0.14340183,2
-0.8866596,0.104791075,-0.76327634,-0.8971387,0.6782522,-0.08372144,-0.29274192,-0.25958434,1
-0.8756883,-0.15052426,-0.8773318,-0.8273336,0.3184933,-0.07747181,-0.22143781,-0.033931255,1
-0.035220653,0.11085087,-0.8913729,-0.82325286,0.49299324,-0.08299364,-0.2946765,0.3584705,2
0.5122183,0.20912723,-0.86367923,-0.84051394,0.6777474,-0.08240372,-0.2862975,0.14147136,2
-0.82589996,-0.08039522,-0.90057725,-0.81530297,0.012479067,-0.07732238,-0.20415078,0.022995196,0
-0.7035246,0.39617467,-0.78254545,-0.8897936,0.17654829,-0.082701944,-0.29553592,0.26545358,1
-0.84581816,-0.105817944,-0.9285048,-0.79750645,-0.09175475,-0.07402678,-0.18715115,0.2517103,0
-0.26687104,-0.3341818,-0.8759476,-0.83049965,0.44396308,-0.07090725,0.1772925,0.4903747,0
0.14514083,0.4003849,-0.8772139,-0.8301218,0.54623926,-0.08270367,-0.12986565,0.15974937,2
-0.5465125,-0.6769945,-0.90333104,-0.81500953,-0.04916033,-0.07303467,-0.08232468,0.5028223,0
0.18424922,0.063696824,-0.8755941,-0.8320953,0.36198246,-0.07805137,-0.17972307,-0.06668952,2
0.5102953,-0.37941664,-0.70548654,-0.93031806,0.18238957,-0.0637123,0.4940933,-0.38204998,2
-0.89553416,-0.012595534,-0.80313665,-0.86757094,0.529193,-0.0767086,-0.078453705,-0.19889441,1
-0.83148456,-0.10471848,-0.9183315,-0.80503184,0.00013487041,-0.07487442,-0.16466781,0.3266855,0
-0.8324099,0.027252704,-0.8580114,-0.8418363,0.15499635,-0.07876305,-0.23935837,0.18527445,1
-0.068009794,-0.61719686,-0.895154,-0.8310539,-0.23993266,-0.069814876,-0.6310248,0.22835398,0
-0.6510533,0.5699534,-0.78937745,-0.88159716,-0.031884626,-0.0736435,-0.22654286,0.36293,1
-0.76896536,0.27442524,-0.80208784,-0.8776269,0.17036821,-0.08271839,-0.30853218,0.16017318,1
-0.8155182,0.20669952,-0.7881646,-0.8852995,0.31821695,-0.08416019,-0.3196165,0.1964345,1
0.39933425,0.03745067,-0.82104844,-0.86644286,0.7063613,-0.08313012,0.07949674,0.60545504,2
-0.8557558,-0.02039732,-0.8501031,-0.8458292,0.2681005,-0.07881423,-0.22026329,0.09636955,1
-0.7568004,0.5413425,-0.7404265,-0.91317284,0.16923615,-0.07865963,-0.2620355,0.3231781,1
0.44613594,-0.61547005,-0.7558973,-0.92338455,-0.46000892,-0.06979853,-0.41300628,-0.2539319,2
-0.8106394,0.10816807,-0.8375618,-0.85443765,0.17518426,-0.08049051,-0.28093946,0.16396412,1
-0.75046176,0.41941404,-0.78728706,-0.8864679,0.030090071,-0.07913979,-0.22754203,0.4527602,1
-0.58703595,0.44510314,-0.8041807,-0.8756941,0.07945688,-0.08077782,-0.24446897,0.1785362,1
-0.83073324,0.041548878,-0.84179157,-0.8529625,0.21049836,-0.082323425,-0.29516315,0.0129608065,0
-0.7774712,0.3370968,-0.7909539,-0.8807686,0.11747969,-0.07644885,-0.24343736,0.3134237,1
-0.5909686,0.48666367,-0.8248381,-0.86289203,0.103319585,-0.07688939,-0.09803899,0.3067615,1
0.068543375,-0.7250196,-0.8432247,-0.86449486,-0.35075942,-0.06917035,-0.24609627,-0.13246787,0
-0.8756949,-0.1771996,-0.93020487,-0.7972162,-0.048472226,-0.07490716,-0.18460605,0.29786974,0
-0.75902116,0.31310305,-0.7966466,-0.88012755,0.18997344,-0.08123224,-0.27806732,0.24711883,1
0.20595652,-0.6042126,-0.7386747,-0.9233347,0.23868786,-0.06489498,0.55514514,0.5410695,0
-0.23610188,0.70338964,-0.8683519,-0.8349957,0.07636394,-0.07468734,-0.07097392,0.00072185695,2
-0.75582206,0.35632217,-0.78795546,-0.8867476,0.18143067,-0.08123088,-0.2592007,0.34658572,1
-0.7330671,0.28452575,-0.818675,-0.867137,0.15883137,-0.079417124,-0.19568905,0.17650193,0
-0.77496123,-0.3028717,-0.98455346,-0.7644925,0.1527277,-0.07654529,-0.16952766,0.086001605,0
-0.24824105,0.31440538,-0.945296,-0.78770155,0.18516865,-0.07694941,-0.1926653,-0.054056868,2
0.14254647,0.6334413,-0.8769127,-0.83067006,0.54941964,-0.081707545,-0.104959205,0.22433245,2
0.28575557,0.23964281,-0.90253353,-0.81562483,0.5403766,-0.0832528,-0.5543206,0.15266766,2
-0.8404705,0.12794966,-0.7850894,-0.887146,0.48000443,-0.08484581,-0.30107355,-0.08995813,1
-0.6956494,-0.13580066,-0.95480865,-0.78236336,0.09208027,-0.07594231,-0.09254803,0.06803788,0
-0.13373205,0.3943821,-0.8778279,-0.8275845,0.43541428,-0.07780061,0.0629558,-0.02261968,2
-0.026173532,-0.25945777,-0.907247,-0.8195063,0.21679583,-0.076616235,-0.57772106,0.23583679,2
-0.3089435,0.63701785,-0.8611524,-0.84054637,-0.021053344,-0.074625626,-0.080423154,0.18681195,2
-0.03406456,0.5429504,-0.9400286,-0.7867533,0.10481635,-0.078816116,-0.28144458,-0.28441694,2
-0.847437,-0.1410279,-0.90216017,-0.81441456,0.09972352,-0.07813959,-0.20946431,0.08262024,0
0.6344345,-0.8350277,-0.78889537,-0.9092611,-0.44648463,-0.066246316,-1.0,0.16750385,2
-0.7117913,0.20890068,-0.8844808,-0.8237218,-0.13336787,-0.0722336,-0.18496153,0.3847326,1
0.19076353,0.09768845,-0.8559467,-0.84675884,0.5775018,-0.08283395,-0.15997162,0.38843137,2
-0.8358686,-0.05430521,-0.8778188,-0.8312195,0.13287385,-0.07974826,-0.20659873,0.06487881,0
-0.49689063,0.5241038,-0.8347311,-0.85703814,0.03635881,-0.07603686,-0.12336828,0.14871074,1
0.3994372,0.100236975,-0.9064537,-0.8139535,0.39901996,-0.0831346,-0.6490197,0.15339746,2
-0.66262233,0.5124259,-0.81606346,-0.86687505,-0.19787562,-0.074461676,-0.23149626,0.39407134,0
-0.8042687,0.036897138,-0.857089,-0.8432244,0.20469493,-0.08062203,-0.24753384,0.12319186,1
0.3135429,0.2523384,-0.8110316,-0.87897235,0.48762354,-0.08029449,0.090070784,0.38156343,2
-0.6172909,0.06569647,-0.98428684,-0.7648371,-0.1334072,-0.07020229,-0.08877109,0.2158012,0
-0.97264683,-0.04104513,-0.74876535,-0.80544746,0.5074266,-0.02150765,-0.18703353,-0.7120677,1
-0.56041396,0.35273844,-0.8799665,-0.8276046,-0.042500466,-0.07508243,-0.12185864,0.15920767,1
-0.54449123,-0.7011487,-0.8869055,-0.8348454,-0.26578113,-0.06761592,-0.15876436,0.26976308,0
-0.46912178,0.69358706,-0.82634485,-0.8608262,-0.20828688,-0.07393065,-0.18118992,0.3495221,2
-0.4358175,0.5494931,-0.8794154,-0.827167,-0.22815168,-0.0719111,-0.1699838,0.32725352,2
-0.46503052,0.107221976,-0.9649415,-0.77361435,0.018087856,-0.07571807,-0.2303501,-0.049550653,2
-0.76509774,0.3794902,-0.7880803,-0.88495904,0.063324265,-0.07904429,-0.26209337,0.36572424,1
-0.824247,-0.0035758317,-0.87855506,-0.8292534,0.11552714,-0.077263534,-0.20303704,0.15133235,1
0.7502194,-0.63974833,-0.68656164,-0.96265256,-0.468404,-0.06910918,-0.03286448,0.14883395,2
-0.8888625,-0.018911228,-0.83441985,-0.8571316,0.32370478,-0.08284776,-0.27793956,0.042857043,1
-0.8465977,0.12759413,-0.791573,-0.8807741,0.44398117,-0.0814955,-0.2733611,-0.13648003,1
-0.8282599,0.12644772,-0.79833955,-0.87859863,0.43762046,-0.082937695,-0.26856,-0.04196264,1
-0.29645947,0.5165765,-0.89492774,-0.816754,-0.13613367,-0.07412962,-0.19118737,-0.025328219,2
-0.6498685,0.0625499,-0.92479664,-0.80079633,0.162111,-0.07715366,-0.1279819,0.07343701,0
-0.6424815,0.07378459,-0.93430626,-0.79189557,-0.042777196,-0.07254868,-0.108045235,0.076448604,0
-0.77590847,0.083042525,-0.8355253,-0.8553713,0.38136214,-0.0800118,-0.18071212,-0.06136711,1
-0.8106872,0.14227892,-0.80413896,-0.87379485,0.46745846,-0.078751214,-0.07458523,-0.18197536,1
-0.8721092,0.020362511,-0.8143972,-0.8687233,0.435927,-0.08217519,-0.2523143,-0.0563322,1
-0.7611438,0.21410526,-0.81679994,-0.8682182,0.15060854,-0.08169297,-0.28322414,0.16896948,1
0.1767891,-0.23124209,-0.80710584,-0.88715,0.31056857,-0.0770231,-0.027559415,0.34623736,2
0.053189635,0.18963343,-0.8740592,-0.83189535,0.43542424,-0.08450639,-0.3030669,0.2447373,2
-0.71962374,0.20510334,-0.82226926,-0.86379457,0.20277357,-0.08026024,-0.26360336,0.13102211,1
-0.50655967,0.37944376,-0.8930518,-0.81909364,-0.080510885,-0.07435134,-0.20144796,0.18837363,1
-0.72764415,0.49809211,-0.76228756,-0.9044736,0.29839242,-0.0813632,-0.09873632,0.1997469,1
-0.227558,0.19031323,-0.89594436,-0.8176086,0.5291786,-0.080947444,0.005070746,0.09904331,2
-0.58277076,-0.118053615,-0.95214605,-0.78435504,0.14866835,-0.07649188,-0.11091445,0.03954228,0
-0.66535956,0.23187977,-0.8698073,-0.83537084,0.0409939,-0.076254524,-0.19169387,0.31657326,0
-0.7025321,0.0030609965,-0.925243,-0.8006572,0.046926424,-0.075923145,-0.1852122,0.10367067,1
-0.78627306,0.0744202,-0.8377117,-0.855052,0.29963374,-0.081673205,-0.24208637,0.058284417,1
-0.524758,0.31656393,-0.9123795,-0.80738956,-0.11656043,-0.07296255,-0.16099975,0.20825449,2
-0.31074852,0.10128986,-0.92298,-0.8014766,0.4083905,-0.08031993,-0.08331313,0.10909853,2
-0.7717411,0.39180112,-0.7724006,-0.8938308,0.10928664,-0.079736315,-0.2898929,0.35736418,1
-0.8371409,0.16707855,-0.80074775,-0.87747276,0.30244684,-0.08204996,-0.25928402,0.1252422,1
-0.6948827,0.18085198,-0.91104573,-0.80948675,-0.09544177,-0.07304359,-0.14056149,0.36435097,0
-0.8210428,0.16189261,-0.79735136,-0.87772703,0.33832783,-0.08074587,-0.27209046,0.008752212,1
-0.87615275,0.0098002255,-0.81985515,-0.8665459,0.41241536,-0.08459246,-0.29645073,0.018061712,1
-0.12531534,0.5989492,-0.9034778,-0.81116784,-0.025445372,-0.073262684,-0.21347484,-0.0102060735,2
-0.7520438,0.3046357,-0.7760068,-0.8745448,0.34243736,-0.071393944,-0.1996002,0.065165885,1
-0.6978344,-0.04702404,-0.9482069,-0.78724,0.034191422,-0.07635196,-0.11988422,-0.039686814,0
-0.9411562,-0.35543084,-0.9223028,-0.80057985,0.27775288,-0.07755493,-0.1924927,-0.24034375,0
-0.81247026,0.25082785,-0.7978912,-0.87693846,0.220716,-0.0789416,-0.2920788,0.30376557,1
0.10934347,0.84945387,-0.92738193,-0.7966344,0.07573985,-0.0735205,-0.22668429,-0.03768547,2
0.10065657,0.8549591,-0.90854436,-0.8089726,0.103957765,-0.075115606,-0.16078417,-0.047887847,2
-0.5904625,0.54731286,-0.82141256,-0.8640523,-0.110095516,-0.074728586,-0.23090474,0.5029227,2
-0.75022745,0.4377472,-0.770191,-0.8944712,0.12328271,-0.07836351,-0.2824934,0.364161,1
0.7349917,-0.35391223,-0.73363453,-0.94112927,-0.11814594,-0.06823768,-0.028250575,0.3957303,2
-0.22701126,0.59230214,-0.8941752,-0.81773895,0.034920007,-0.0739654,-0.14326969,-0.019833446,2
-0.37797505,0.7445318,-0.8423803,-0.8508208,-0.1677905,-0.0728354,-0.13118035,0.23748088,2
-0.62240916,0.50104785,-0.8157393,-0.867003,-0.10131778,-0.075745456,-0.23973343,0.46024814,1
-0.8059492,-0.0051691234,-0.8815325,-0.8252614,0.04663761,-0.07546962,-0.18822984,0.07409533,0
-0.36592463,0.62876207,-0.86573124,-0.8355564,-0.102156,-0.073924266,-0.18737862,0.25895828,2
-0.74935585,-0.27322862,-0.9733511,-0.77172124,0.19843951,-0.07714952,-0.11654821,0.09635602,0
0.09489423,0.50089526,-0.9165534,-0.80291766,0.36758244,-0.08251659,-0.34598258,0.010916516,2
-0.74877495,0.25469196,-0.8100123,-0.87200886,0.2437793,-0.08124727,-0.2327373,0.08217184,1
-0.78308374,0.2058585,-0.82070225,-0.8657197,0.18033254,-0.080820166,-0.28190362,0.15127046,1
-0.5663684,0.54728913,-0.82084423,-0.8640482,-0.09615463,-0.07678879,-0.20517209,0.20364839,1
-0.4897735,0.4434764,-0.85292745,-0.8471862,0.19694243,-0.07506698,0.05177954,0.1816725,0
-0.65887797,0.5055671,-0.7998692,-0.8770119,-0.047659814,-0.074894175,-0.18533912,0.3807633,1
0.054883957,0.4882559,-0.8983425,-0.81448346,0.3622493,-0.082873896,-0.33165973,0.11077039,2
-0.49404138,0.6065158,-0.8245741,-0.8624989,-0.0976695,-0.07572609,-0.15837899,0.29325944,1
-0.2542016,0.69257486,-0.8914684,-0.8205337,-0.12861139,-0.0724345,-0.12264394,0.1518945,2
-0.56009775,-0.49210942,-0.9383634,-0.7943842,0.36251104,-0.078286104,-0.120038204,0.3901751,0
-0.340976,0.48088652,-0.8922492,-0.81938595,-0.08069557,-0.074482724,-0.20686059,0.055014193,1
-0.81193715,0.2700885,-0.7816405,-0.88987136,0.21939614,-0.08240154,-0.28408766,0.19922616,1
-0.11989015,0.45403773,-0.8799519,-0.8283412,0.64078665,-0.0796527,0.1514726,0.14217593,2
-0.9004868,-0.17267093,-0.9038698,-0.8126534,0.055788673,-0.077626854,-0.246847,0.15764683,0
-0.9315927,-0.24317425,-0.8943074,-0.8200634,0.25414124,-0.081399485,-0.26406398,-0.072535545,0
0.4201454,-0.5729906,-0.75232035,-0.92850226,-0.24547344,-0.0689996,-0.14151204,0.13835764,2
0.1669681,0.29681045,-0.9320144,-0.7940323,0.30535826,-0.08055351,-0.40817666,0.07591401,2
-0.46986884,-0.0027993917,-0.96660936,-0.77393764,0.27770615,-0.07812256,-0.14350939,0.1895031,0
-0.7251514,0.13224898,-0.89035857,-0.81969637,-0.045249045,-0.0733211,-0.18691052,0.11016482,0
-0.033979952,-0.03802128,-0.93795097,-0.7940268,0.39427406,-0.082320966,-0.52850455,0.1073384,2
-0.6128585,0.07994408,-0.94652563,-0.7890513,0.05597481,-0.0730241,-0.00048695505,0.20079298,0
-0.8752852,0.03206715,-0.8476182,-0.8483754,0.13007498,-0.07984249,-0.2682191,0.260074,1
-0.59543407,0.4501384,-0.84375834,-0.8515337,-0.051112756,-0.07317718,-0.118016295,0.41269046,2
-0.020760536,0.74902326,-0.88116807,-0.8277567,0.13961552,-0.07526633,-0.06216705,-0.015880048,2
-0.84248674,0.06026812,-0.83334917,-0.8575724,0.2455647,-0.08186924,-0.27445114,0.10963027,1
-0.5150719,-0.3820085,-0.94268334,-0.78980225,0.33856502,-0.0789051,-0.19246787,0.49837434,0
-0.17026445,0.76636046,-0.87277865,-0.8336413,0.07746425,-0.07525659,-0.036591917,0.13388601,2
-0.71665037,-0.04657443,-0.95101696,-0.7842056,-0.032891408,-0.07286109,-0.10989771,0.17737526,0
0.1355694,0.43300334,-0.92266095,-0.8013627,0.31728825,-0.07939536,-0.41382164,0.025381878,2
-0.025038064,0.3044492,-0.8417838,-0.83060545,0.4888656,-0.069535606,0.20804602,0.1394429,2
-0.4936587,-0.01999639,-0.91730994,-0.805656,0.46344817,-0.08037983,0.0019102693,-0.09926464,0
-0.7140952,0.26239604,-0.8509224,-0.8455629,-0.04587768,-0.07473949,-0.17650138,0.28484482,1
-0.6145637,0.028814167,-0.9448304,-0.7870165,0.13738042,-0.076337956,-0.14812857,0.14863935,0
-0.44677773,0.45922995,-0.88363856,-0.8246987,-0.051976755,-0.075211495,-0.19683412,0.115502015,2
-0.6566112,0.26949146,-0.83200586,-0.8596891,0.1943059,-0.07991753,-0.12655798,0.08297977,1
-0.32037258,0.48952672,-0.911834,-0.8076417,-0.08689092,-0.07403438,-0.15987782,-0.011928871,2
-0.7968562,-0.032992035,-0.92044544,-0.80264014,0.0072501153,-0.072290845,-0.10796545,0.16456652,0
-0.71022177,-0.50384533,-0.95480037,-0.7854911,0.14954115,-0.076176435,-0.15643573,0.19116586,0
0.08436042,0.22261481,-0.9060201,-0.8119702,0.33803967,-0.08150547,-0.3859334,-0.16371262,2
-0.7161309,0.33958828,-0.81623083,-0.86576563,-0.029831603,-0.07632809,-0.26948455,0.38376838,1
-0.77345383,0.109403126,-0.8868402,-0.8223556,0.060254216,-0.07197422,-0.14224675,0.26532152,0
-0.68771434,0.19271481,-0.8794558,-0.8297034,-0.0053224713,-0.076791406,-0.13656071,0.101463884,1
-0.57470363,0.3214972,-0.84249085,-0.851486,0.28548566,-0.079273544,-0.15347299,0.09971524,0
-0.3935443,0.43949306,-0.9295999,-0.7955395,-0.122615695,-0.0723923,-0.16529256,-0.011297956,2
-0.82210106,-0.02159965,-0.8830387,-0.8266295,0.11780012,-0.078086235,-0.2532357,0.21870343,1
0.18362862,0.40178072,-0.9287427,-0.798261,0.36401647,-0.07985516,-0.5392523,0.11110938,2
-0.29740283,0.6922621,-0.9020208,-0.814123,-0.15422374,-0.06980459,-0.115134016,0.221834,2
-0.7700559,0.2217546,-0.82030207,-0.8665113,0.19576746,-0.08095522,-0.25193092,0.30195275,1
-0.57183886,-0.49221742,-0.91436744,-0.8109909,0.21064752,-0.07150782,-0.021545708,0.34326708,0
-0.5679713,0.40008545,-0.8494403,-0.8465866,-0.05870156,-0.07728982,-0.2541066,0.28687483,1
-0.26370126,0.6475492,-0.88993657,-0.8222378,-0.03189516,-0.074181475,-0.09970126,0.12130883,2
-0.8172829,-0.050789952,-0.89494616,-0.8182865,0.14753315,-0.0756653,-0.18577628,0.07275122,1
0.1739443,0.30301428,-0.87715477,-0.83152163,0.581529,-0.08458565,-0.23980522,0.30070204,2
-0.8486554,-0.16450435,-0.91398656,-0.8071241,0.055870496,-0.07774845,-0.22314976,0.103649184,0
-0.22394708,0.11738301,-0.97717726,-0.7664683,0.32291365,-0.08020118,-0.38970906,-0.061747015,0
-0.10782868,0.7158544,-0.9245487,-0.799268,-0.004458934,-0.07298745,-0.21511857,0.16219623,2
-0.6294084,0.36819983,-0.84575105,-0.8491931,-0.013600126,-0.07663792,-0.17342445,0.124913126,0
-0.80848706,0.34901157,-0.76750106,-0.8994039,0.32142478,-0.08319203,-0.29156193,0.22966132,1
-0.14518061,0.5070178,-0.9308016,-0.79328614,-0.014810279,-0.07605634,-0.26871076,-0.26781994,2
-0.48299885,-0.115801305,-0.9666122,-0.7728934,0.35403687,-0.07901991,-0.06394808,0.2567855,0
-0.42002818,0.152887,-0.96196735,-0.7771078,0.10888016,-0.071824454,0.0042304546,0.21780014,0
0.19683945,0.19478108,-0.9396519,-0.7884808,0.37738544,-0.08207576,-0.5758952,0.06651352,2
-0.09475508,0.7082419,-0.9042762,-0.81231743,0.039796665,-0.072768584,-0.06065817,0.0032210648,2
-0.64217424,0.5060904,-0.81056195,-0.8699956,-0.07543747,-0.07543199,-0.23881799,0.4038127,1
-0.76084435,0.33090922,-0.7868678,-0.8876386,0.23834315,-0.08203226,-0.2650673,0.21104693,1
-0.31322247,0.062330693,-0.9370079,-0.79194677,0.43787378,-0.08224672,-0.15147358,0.23612371,0
-0.81071407,0.30156997,-0.7746039,-0.89342946,0.2523389,-0.08183128,-0.30590075,0.18467622,1
0.11810219,0.6366315,-0.8471534,-0.84856457,0.45712644,-0.07799541,-0.03461027,0.09075336,2
-0.3927116,0.17569527,-0.9182686,-0.80508715,0.37101227,-0.07692792,-0.015866071,0.13729225,0
-0.8193687,0.34393066,-0.74070185,-0.9154628,0.38965166,-0.08681373,-0.37391436,0.21873116,1
-0.36672723,0.6908382,-0.78972524,-0.8805577,0.31137687,-0.074579254,-0.000725016,-0.16820541,0
-0.5829904,0.6515168,-0.7883388,-0.8836888,-0.1247783,-0.07481618,-0.22390431,0.47501478,2
-0.85129064,-0.036732644,-0.875857,-0.8324636,0.14374472,-0.079941794,-0.20492062,0.10977798,1
-0.5089673,0.5341239,-0.8274027,-0.8606366,-0.049300447,-0.0776899,-0.21121083,0.26394886,1
-0.121608555,-0.3050244,-0.8205092,-0.87299037,0.43734694,-0.07806987,0.0066632032,0.46446675,0
-0.8335923,0.07005163,-0.83761847,-0.8542438,0.20561412,-0.080161884,-0.23526882,0.016379625,0
-0.13108727,0.45625225,-0.94059265,-0.788911,0.14807977,-0.07564446,-0.21030353,-0.13630444,2
-0.8396009,0.098013595,-0.8420674,-0.85198796,0.07709897,-0.079625666,-0.26252183,0.30008364,1
-0.56087565,-0.016617328,-0.9577755,-0.77844125,0.13341513,-0.074704014,-0.098196894,0.028927155,0
-0.47753125,0.5493398,-0.87531734,-0.83033085,-0.19783896,-0.07194301,-0.15812,0.2300112,2
-0.7596859,0.05151874,-0.9196698,-0.8023363,-0.15011522,-0.0724048,-0.13205081,0.20389767,0
-0.08722019,0.5034028,-0.9575246,-0.7795109,0.15431587,-0.075430535,-0.26698792,-0.13484356,1
-0.5496058,0.44137555,-0.8627906,-0.8387336,-0.14052051,-0.07434092,-0.17460743,0.26350647,1
-0.89283884,-0.060105175,-0.8355694,-0.8541741,0.3970963,-0.08129653,-0.27098882,-0.12876987,1
-0.6941695,-0.02031891,-0.93973356,-0.7911286,0.048214488,-0.0759777,-0.19308282,0.11847913,0
-0.81493425,0.09309132,-0.864562,-0.8387406,0.08150549,-0.076878086,-0.16488655,0.43342042,0
-0.8412181,0.0012710094,-0.83017987,-0.85539776,0.38453698,-0.07747485,-0.20604508,-0.10781923,1
-0.5260275,0.5189855,-0.8622821,-0.8388998,-0.19904298,-0.07286471,-0.15248848,0.23160931,2
-0.5454428,0.6449649,-0.77391195,-0.895591,0.38733461,-0.077814005,0.053351045,0.03883367,1
-0.70640266,0.17851907,-0.84820235,-0.847808,0.13344887,-0.077593505,-0.1411772,0.06181871,0
-0.7803988,0.23813918,-0.8073285,-0.872922,0.10227771,-0.08161921,-0.31589514,0.3054118,1
-0.7674148,0.2715807,-0.7709644,-0.86826086,0.36698535,-0.06800929,-0.11117444,-0.1310859,1
0.37055886,-0.66419125,-0.6821679,-0.9708486,-0.54637504,-0.069224,0.06762552,-0.68787724,2
-0.21613216,0.5863759,-0.91465807,-0.8057625,-0.03307922,-0.07413918,-0.19620872,0.015829623,2
-0.37067786,0.5196216,-0.9120596,-0.80791277,-0.15167016,-0.072062925,-0.13494685,0.15448214,2
0.30118334,0.33567077,-0.85571986,-0.8464235,0.62686026,-0.08130165,-0.11004235,0.30081433,2
0.410991,-0.14390984,-0.80489266,-0.88478273,0.17573372,-0.07637472,-0.21386372,0.43331334,2
-0.64048725,0.23127875,-0.9037161,-0.8146043,-0.05782871,-0.07383759,-0.16114707,0.31900015,1
-0.64824724,-0.23686993,-0.9451112,-0.7882608,0.2994627,-0.080080256,-0.15049553,0.07262437,0
0.035891652,0.26992476,-0.90960854,-0.8114584,0.32641137,-0.079737864,-0.39744663,-0.08992091,2
-0.8651851,-0.0028831214,-0.83061063,-0.86043394,0.4174305,-0.083763465,-0.26744825,0.09249324,1
-0.8762576,-0.051235124,-0.8414576,-0.85195327,0.3554492,-0.081709825,-0.27232176,0.007592365,1
-0.08734703,0.5214696,-0.92011595,-0.80350006,0.24238116,-0.0773053,-0.17385462,-0.1451324,2
-0.70583844,0.29833493,-0.8370716,-0.8545626,-0.034421504,-0.07700186,-0.25292513,0.40876663,2
0.4438756,0.16504203,-0.8201712,-0.8749951,0.5616726,-0.08029091,-0.23400506,0.6432947,2
-0.7681725,0.11495051,-0.8948097,-0.8184286,-0.08399251,-0.07450944,-0.18651491,0.2209773,0
-0.31536633,0.75734293,-0.8625917,-0.8392385,-0.14384556,-0.07235232,-0.08670204,0.23995872,2
-0.08498147,0.2940165,-0.9556432,-0.7766744,0.25170785,-0.07726616,-0.41194713,-0.07492255,2
-0.73144466,0.41199315,-0.77308786,-0.8949957,0.22839689,-0.08199811,-0.28231323,0.2822152,1
-0.6878824,0.060862705,-0.9618974,-0.7773019,-0.15232268,-0.06861695,-0.10340329,0.45659536,0
0.45641446,-0.27075112,-0.8166875,-0.8836916,0.2946673,-0.07636976,-0.5129474,0.2949844,2
-0.8517157,0.124580026,-0.79829824,-0.87916917,0.36702907,-0.08352811,-0.30908996,0.11470546,1
0.27654845,-0.028568342,-0.84483624,-0.86220515,0.33377683,-0.07576552,-0.36920726,0.43964243,2
-0.74236596,0.12706907,-0.85452914,-0.8184861,0.06106788,-0.06240806,-0.23626545,0.25103042,1
-0.7514471,-0.11123487,-0.95703363,-0.78006256,-0.048888877,-0.07376148,-0.15148014,0.11970593,0
-0.6657808,-0.014776677,-0.94186586,-0.7902989,0.1876815,-0.07567751,-0.0875037,0.18602085,0
-0.81479347,-0.023369625,-0.8953992,-0.8190189,0.05725848,-0.07586605,-0.16224024,0.30854103,0
-0.80496573,0.0106612295,-0.88719875,-0.82353336,0.023136787,-0.07608121,-0.21854183,0.31243712,1
-0.3693031,0.17304358,-0.8883229,-0.82323605,0.46124056,-0.08200214,0.0038906336,0.0779336,0
0.045702636,-0.8503268,-0.68283904,-0.84881246,-0.36907047,-0.13395973,0.5051672,-0.07889582,0
-0.8064524,0.25154942,-0.7687931,-0.89925617,0.44475785,-0.08562602,-0.2978428,0.10966307,1
-0.6639415,0.28986183,-0.8628618,-0.8408004,-0.015981317,-0.077878535,-0.13197643,0.15800875,1
-0.6885941,0.377253,-0.8349659,-0.8549642,-0.13901117,-0.075156055,-0.23037241,0.3183513,0
-0.394337,0.7806129,-0.8249612,-0.86289614,-0.12457001,-0.07344508,-0.107127815,0.41734728,2
-0.8667152,-0.037093163,-0.8727671,-0.83225226,0.080745384,-0.078262545,-0.23035328,0.16676116,0
-0.12302619,0.2847145,-0.9487071,-0.78537476,0.35775366,-0.079988316,-0.2959451,-0.110789776,2
-0.8211717,0.093814515,-0.8133886,-0.8717982,0.39019448,-0.08450465,-0.28536528,0.06364475,1
0.31526792,0.39089853,-0.8453586,-0.8539492,0.5802858,-0.08226581,-0.1717632,0.4208019,2
