0,1,2,3,label
-0.30092597,0.72096235,-0.9851564,0.0497315,2
-0.8578398,0.08216739,-0.985177,0.26518995,1
-0.8678336,0.21553993,-0.98126024,0.43984666,1
-0.78130865,0.47353792,-0.97747284,0.56243885,1
-0.4115252,0.63931656,-0.9847564,0.078885406,1
-0.8634759,0.031036735,-0.9878675,0.04238721,0
-0.8247858,0.22062054,-0.9813629,0.44436127,1
-0.9591811,-0.14273229,-0.98936796,0.010573387,0
-0.9560442,-0.14341354,-0.98836863,0.052556574,0
-0.8405659,0.20282276,-0.9834896,0.2821046,1
-0.5201843,0.15524572,-0.992438,-0.2457375,2
-0.93382734,-0.06496039,-0.9895716,-0.02449496,0
-0.65867436,0.6126796,-0.9803407,0.38737243,1
-0.79511714,0.25528383,-0.9847131,0.1958526,1
-0.224763,0.62831855,-0.98665196,0.0027613342,2
0.21493506,-0.37195063,-0.9899253,0.6256863,2
-0.70007265,0.60839534,-0.9738175,0.7201655,1
0.026189923,0.47343326,-0.9903801,-0.112277225,2
-0.78789645,0.39282468,-0.9799262,0.48359096,1
-0.39515164,0.522193,-0.98815554,-0.10025914,2
0.2713542,0.29110056,-0.9859223,0.35024852,2
0.7461138,-0.6382227,-0.9975336,0.64811784,2
-0.039399743,0.27067497,-0.9877949,0.09615771,2
-0.26576775,0.5212858,-0.9868005,0.11538546,2
-0.86386657,-0.03904724,-0.9901746,-0.0259296,1
-0.37775898,0.44177383,-0.987503,-0.009158239,2
-0.71948105,0.21767958,-0.98441666,0.17656116,1
-0.88945186,0.17206949,-0.9760368,0.4358144,0
-0.83274746,0.34525028,-0.97924364,0.5196879,1
-0.90733576,-0.06390607,-0.99016446,-0.0646376,0
-0.8402983,0.14814502,-0.98310536,0.3599934,1
0.16768128,-0.31046468,-0.99218524,0.41143957,2
-0.058505654,0.4654342,-0.9874866,0.13289489,2
-0.4133622,0.5388497,-0.9869236,-0.0036724657,1
-0.38853338,0.28063992,-0.9837402,0.0634289,0
-0.82087475,0.24338502,-0.9823296,0.36254394,1
0.18659514,-0.16796857,-0.99573123,0.10591573,2
0.52364635,-0.028312624,-0.9885226,0.6885979,2
-0.7199974,-0.15058577,-0.9950156,-0.26504245,0
-0.11407593,0.69541794,-0.9886934,-0.1688165,2
-0.9053594,-0.09646782,-0.99008507,-0.03934206,0
-0.05988127,0.31411484,-0.99123627,-0.114038974,2
-0.8275667,0.18755999,-0.98400575,0.29311463,1
-0.053233504,0.5688056,-0.98979807,-0.16815367,2
-0.57461715,-0.14487672,-0.9943631,-0.23541331,0
0.11738306,0.5138065,-0.98915464,-0.12066749,2
-0.5385407,0.62457705,-0.98223287,0.22369519,1
-0.5797935,0.52601266,-0.98422456,0.1594115,2
-0.91891795,0.07102141,-0.9850086,0.20056921,0
-0.73291016,0.24578494,-0.98748636,0.01630839,0
-0.13141572,0.6734455,-0.9892898,-0.195207,2
-0.83068514,0.2085754,-0.9838055,0.27935275,1
-0.31597808,0.0010451823,-0.99542624,-0.3348869,0
-0.8523421,0.14310354,-0.9850764,0.22479308,1
-0.8274178,0.21770582,-0.98292696,0.3334303,1
-0.12729195,-0.7392559,-0.99810195,0.07024008,0
-0.801363,0.27703944,-0.9838196,0.21864846,0
-0.80115414,0.55254024,-0.97545666,0.6876713,1
-0.76063716,0.080388606,-0.98591745,-0.035872087,0
-0.0921475,0.014283404,-0.99421483,-0.017995402,0
-0.5139792,0.52764654,-0.98367584,0.17453244,1
-0.22650471,0.5930214,-0.98456377,0.13894384,2
-0.22663957,0.56224364,-0.9873302,-0.12689564,2
-0.82246286,0.23712948,-0.9820915,0.36739415,1
-0.046277314,0.5062075,-0.98967254,-0.15538943,2
-0.27940744,0.3922761,-0.99062383,-0.1631026,2
-0.8734967,0.19133149,-0.9817943,0.35445318,0
-0.6354463,0.076673284,-0.99250156,-0.22455743,0
-0.084804386,0.12138253,-0.98955864,0.06563829,2
-0.77857625,0.2445833,-0.98438233,0.2289631,1
-0.37210238,0.6259922,-0.98679674,-0.03368576,2
-0.41771403,0.7414396,-0.98097646,0.27698988,1
-0.81876016,0.20345764,-0.98262084,0.34766954,0
-0.65775114,0.25165504,-0.98906195,-0.058112815,1
-0.86136425,0.09557292,-0.98722595,0.057135552,0
-0.77639544,0.5187274,-0.97751504,0.53620565,1
-0.879032,0.09362443,-0.9841109,0.28370044,1
-0.859523,0.18303512,-0.98488003,0.19478288,0
-0.86175084,0.028783992,-0.9888441,0.024968103,0
-0.7827856,0.4695999,-0.978237,0.5151999,1
-0.69316685,0.5356442,-0.97969824,0.42441338,1
-0.7559464,0.3729068,-0.9803352,0.45086506,1
-0.54418534,0.5829365,-0.9824308,0.28397667,1
-0.17337406,-0.21021393,-0.9939222,0.15763442,2
-0.7922365,0.22904234,-0.9849554,0.1822535,1
-0.82170564,0.32541907,-0.9796672,0.5272155,1
-0.5239472,0.7498185,-0.9797316,0.37668857,2
-0.67586505,0.5429193,-0.9811499,0.34426045,1
-0.7055514,0.29458103,-0.9873056,0.05269456,0
-0.95144284,-0.07837212,-0.98789895,0.07872182,0
-0.8675297,0.24152409,-0.9824634,0.35398036,1
-0.5267745,0.58734083,-0.98386663,0.14256729,0
-0.9635779,-0.176999,-0.98941344,0.0057356507,0
-0.7130724,0.52175736,-0.98084694,0.35651714,1
0.19949448,0.35468975,-0.9906063,-0.02182725,2
-0.49475586,0.46037245,-0.98780805,-0.021195129,2
-0.25835267,-0.22413942,-0.9954054,0.03872765,2
-0.83616555,0.16990337,-0.9762211,0.49731952,1
0.6257341,0.10803436,-0.99187225,0.34242326,2
0.0142682195,0.52937484,-0.9865648,0.052741356,2
-0.71908826,0.07030292,-0.99068296,-0.07784727,1
-0.7309325,0.28734112,-0.9838713,0.2703308,1
-0.8549472,0.25632784,-0.98093414,0.43735087,1
0.634408,-0.10370082,-0.99124783,0.62839526,2
-0.73654014,-0.21181783,-0.99565625,-0.2927879,0
-0.68203545,0.35261744,-0.9850569,0.14998083,0
-0.18166411,0.5292389,-0.98945636,-0.15674219,2
0.27328724,0.26361555,-0.98692983,0.33693135,2
-0.266986,0.53981316,-0.98748153,-0.03243445,1
-0.24609816,0.353105,-0.9911356,-0.20105708,2
-0.25678986,0.14959353,-0.99460053,-0.3181179,2
0.4027627,-0.30807066,-0.9940313,0.48262,2
-0.88402134,-0.062598854,-0.9904325,-0.070027396,0
-0.89971066,0.128735,-0.98240554,0.37742153,1
-0.85645556,0.15458697,-0.8207132,0.34971648,1
0.007030517,0.69887364,-0.98659736,-0.013250291,2
0.32472312,-0.2884615,-0.9888563,0.56565106,2
-0.88156605,0.037757024,-0.9861606,0.18571651,1
-0.32407886,0.121296234,-0.9888955,0.05811649,0
0.73588693,-0.20213708,-0.98556817,0.88380855,2
-0.820534,0.19919771,-0.98260415,0.33687967,1
-0.20632333,0.5955635,-0.9876099,-0.039072618,2
-0.95414865,-0.12983951,-0.98735017,0.07165946,0
-0.7378559,0.3458044,-0.9823513,0.33036563,1
0.06017685,0.4402248,-0.9865368,0.13907808,2
-0.8740691,0.15616956,-0.98490953,0.20138675,1
-0.059417486,0.40685016,-0.99108046,-0.2039271,2
-0.8609681,0.17329232,-0.9821463,0.40492466,1
-0.8483645,0.23590529,-0.9811583,0.43370757,1
-0.36917838,0.8227769,-0.9823902,0.17138731,2
-0.798495,0.19547294,-0.985629,0.124193765,0
-0.33397555,0.58016413,-0.98722786,-0.039510205,2
-0.70737463,0.2880523,-0.9845702,0.21391603,1
-0.5817197,0.031844288,-0.99320894,-0.27997723,0
-0.7530396,0.4064637,-0.9810928,0.4038658,1
-0.971779,-0.030431926,-0.9824648,0.28634498,0
-0.8965269,0.05980125,-0.98499674,0.21464771,0
-0.67599034,0.4737527,-0.9818895,0.31226474,0
-0.81624246,0.29566628,-0.98113626,0.41122398,1
0.16143548,0.3786177,-0.9893889,0.044312358,2
-0.5316818,0.61721826,-0.9824671,0.2675016,2
-0.17309189,0.49516982,-0.98753476,0.080919825,2
-0.5350798,0.23933297,-0.99131054,-0.20377535,2
-0.7942147,0.28453404,-0.98219365,0.33091956,1
-0.33148265,-0.36986,-0.9932656,0.23080347,0
-0.28251415,-0.71538913,-0.99826586,0.14352074,0
-0.28362963,0.6727442,-0.9863231,0.03237783,2
-0.110886306,0.56632316,-0.9897183,-0.18947276,2
-0.42174488,0.15402748,-0.9918623,-0.17582893,0
-0.8633026,-0.005823925,-0.9888257,0.020385928,0
0.15428454,-0.3220381,-0.9939899,0.2362155,2
-0.84245664,0.14816861,-0.9831963,0.33935225,1
0.5939131,-0.29417503,-0.9967463,0.33741224,2
-0.87074053,0.08311322,-0.98442656,0.3003707,1
-0.5359845,0.5041566,-0.9845206,0.15525594,1
-0.22029284,0.73752517,-0.98482513,0.08710119,1
-0.37543392,0.53543806,-0.98780274,-0.054562807,2
0.27524036,-0.49602908,-0.9902925,0.69892263,2
-0.7432996,0.31856197,-0.98293,0.28903222,1
-0.8629914,0.23303601,-0.98161113,0.35848853,1
-0.8412461,0.10149868,-0.9860658,0.1593993,1
-0.7912726,0.4300556,-0.9779588,0.5445423,1
-0.73172605,0.20876193,-0.98820245,0.017137975,0
0.32730627,0.39879674,-0.98838985,0.10481204,2
-0.083901525,0.7187497,-0.98570615,0.09433681,2
-0.6841098,0.23674376,-0.98704094,0.067780815,1
-0.68802696,0.47424215,-0.98125404,0.36483344,1
-0.91375285,-0.0060645193,-0.9884287,0.044662744,0
-0.7209584,0.5173923,-0.9792475,0.4607016,1
0.038047433,-0.2541483,-0.99700123,-0.084024325,2
-0.69408417,-0.13593984,-0.9954154,-0.27195784,0
-0.8666475,-0.026582628,-0.99041784,-0.084827244,0
-0.72337574,0.34874004,-0.98473555,0.18446136,0
-0.41368997,0.50114715,-0.9890256,-0.13739318,0
-0.65509033,0.48547897,-0.98012733,0.38785332,1
-0.10115549,0.56779397,-0.9889023,-0.10112013,2
-0.8126682,0.26144457,-0.98201877,0.36488885,1
-0.65114146,0.631946,-0.9793991,0.38373944,1
-0.905967,-0.061374247,-0.99001795,-0.040881112,0
-0.5152825,0.5401947,-0.98422277,0.15740594,1
-0.79844713,0.119568,-0.9876109,0.058834888,1
-0.23213527,0.64738864,-0.98745906,-0.077116355,2
-0.44435441,0.49963644,-0.9851403,0.06641911,2
-0.5335531,0.33331153,-0.9876917,0.019473866,1
-0.46620816,0.7147633,-0.9800455,0.35334736,0
-0.3568017,0.6402301,-0.9845299,0.122047216,1
0.44801235,-0.46015304,-0.9744593,0.9700197,2
-0.7802575,0.26192826,-0.98544776,0.16492441,1
-0.8604537,0.16910194,-0.98467225,0.22373746,0
0.10835248,0.19300142,-0.9889107,0.13809988,2
0.5426754,-0.62964034,-0.99183154,0.86117095,2
-0.62999594,-0.1687265,-0.9940747,-0.19157988,0
-0.45266464,-0.52696186,-0.9849003,0.24765664,0
-0.1717503,0.55675685,-0.9879104,-0.049435705,2
-0.25514942,0.25278854,-0.9919925,-0.17154482,2
-0.29533178,0.76082337,-0.9845335,0.0730314,2
-0.83595073,0.27794102,-0.98314714,0.28756842,1
-0.69998366,0.18497963,-0.9883803,-0.0018651187,0
-0.8473413,0.07989316,-0.9876132,0.02499447,0
-0.8225389,0.31961626,-0.9815973,0.38008645,1
-0.055694938,0.022501796,-0.9932554,-0.034434885,2
0.4559145,-0.5667195,-0.9918259,0.77177745,2
-0.39173877,0.56851745,-0.9856304,0.041597493,2
-0.16416061,0.6709632,-0.98762554,-0.09188713,2
-0.8267238,0.3146711,-0.98175853,0.37626803,1
-0.6785061,0.4232754,-0.98212546,0.2441192,0
-0.4529053,0.04510951,-0.9923565,-0.14250997,0
-0.3064193,1.0,-0.9758605,0.53081083,2
0.2766673,0.3638424,-0.98771614,0.21148348,2
-0.18617931,-0.5676218,-0.9931619,0.37159705,2
-0.3833703,0.6104383,-0.9864328,-0.009309366,2
-0.81844926,-0.06227207,-0.9928353,-0.1972928,0
-0.5694198,0.67638004,-0.9803326,0.3656713,1
-0.5734574,0.12786195,-0.9910649,-0.12930113,0
-0.8478158,0.118325405,-0.98434776,0.28314435,1
-0.07339075,0.5573269,-0.98874474,-0.1316312,2
-0.5170077,0.68882567,-0.981782,0.25590652,2
-0.18393767,0.6022519,-0.98859376,-0.09753555,2
-0.90659297,-0.13920107,-0.99235356,-0.1564964,0
-0.83005834,0.19201228,-0.9832985,0.30197555,1
-0.013364732,0.37938964,-0.9872049,0.13885622,2
-0.89353275,-0.110376656,-0.990315,-0.05538167,0
-0.39395678,0.41965505,-0.98846066,-0.023870155,2
-0.1330424,0.73842627,-0.986766,-0.053892106,2
-0.9050336,-0.102210075,-0.9908074,-0.07875405,0
-0.7065726,0.4776504,-0.9810649,0.35108763,1
-0.046595782,0.59386045,-0.98728627,0.012382701,2
0.19963259,0.24100961,-0.99180764,-0.047954842,2
0.41858065,-0.2728899,-0.98945963,0.6718171,2
-0.81414366,0.38094634,-0.9801943,0.439654,1
-0.4335372,-0.28929716,-0.9969401,-0.21559036,0
0.5132298,-0.21955091,-0.9932667,0.582626,2
-0.76406765,0.14926623,-0.9832633,0.1979185,0
-0.8880065,0.24683523,-0.9781482,0.5885857,0
-0.6774337,-0.055363268,-0.99359494,-0.22124141,0
-0.7771603,0.47679943,-0.978345,0.53246695,1
-0.9187826,0.076730415,-0.9840933,0.2975855,1
-0.6162479,0.38871264,-0.98607916,0.084921435,1
-0.15127045,0.3106628,-0.98765737,0.15316024,1
-0.44261554,-0.046352237,-0.9931766,-0.17090544,0
-0.8640858,0.09659229,-0.98471534,0.28800496,1
-0.12356278,0.5091102,-0.9876994,-0.0023980886,2
-0.93472517,-0.05816233,-0.9880776,0.068107456,0
-0.85434365,0.31394976,-0.97982377,0.4916167,1
-0.24603833,0.6605656,-0.985328,0.0131987855,2
-0.86103547,0.2323484,-0.9816633,0.34451517,0
-0.9460865,-0.019084424,-0.9858806,0.1486279,0
-0.35302594,0.3689226,-0.9904154,-0.16938531,2
0.5701778,-0.21881631,-0.9928456,0.64776754,2
-0.8713348,-0.024909616,-0.9877067,0.06855207,0
-0.80949605,0.26032963,-0.9818287,0.40025073,1
-0.39679193,-0.2081154,-0.99590975,-0.103983715,0
-0.63487357,0.29998296,-0.9877583,0.0037253648,2
-0.80619144,0.250698,-0.98334414,0.28887445,1
0.11317283,0.37226674,-0.991056,-0.054454967,2
-0.37075335,0.54953074,-0.98227334,0.19789423,2
-0.3116123,0.7534468,-0.9850502,0.03394416,2
-0.87603116,0.24867782,-0.98039424,0.47448382,1
-0.28585547,-0.1546798,-0.9944803,0.06045346,0
-0.52310026,-0.17920679,-0.9951521,-0.22178319,0
-0.10119212,-0.5536451,-0.98206425,0.56548274,0
-0.027215332,-0.3219353,-0.98923886,0.4813455,0
-0.5222398,0.62831104,-0.98139966,0.31897584,1
0.22348243,-0.5703978,-0.9924821,0.5484371,0
-0.9472629,-0.14891568,-0.99110544,-0.07726395,0
-0.8579307,0.21753082,-0.98132104,0.41471773,1
-0.27207017,-0.47933584,-0.9984753,0.07514843,0
0.36135626,-0.09031764,-0.995038,0.11202899,2
-0.12422958,0.6765346,-0.9877942,-0.11490488,2
-0.5833804,0.6136652,-0.9804623,0.35484618,1
0.6154442,-0.17657772,-0.99666935,0.32095176,2
-0.24495037,0.76318616,-0.98651797,-0.07284191,2
-0.77248883,0.21502542,-0.9856519,0.14006954,0
-0.86004406,0.183049,-0.9826482,0.34175202,1
-0.87670636,0.16326514,-0.9844433,0.28256494,1
-0.031793535,0.39993232,-0.9920078,-0.2364626,2
0.04709637,0.6878117,-0.9875724,-0.066865996,2
-0.64013106,0.2200433,-0.9898836,-0.11893988,0
-0.556673,-0.27438056,-0.99696386,-0.33404163,0
-0.7712092,0.2295714,-0.98399293,0.2519918,1
0.6030903,-0.4035601,-0.9955244,0.5606313,2
-0.25993964,0.79003835,-0.9848892,0.028617091,1
-0.67728615,0.31324574,-0.9864936,0.07479057,0
0.3188936,-0.5232337,-0.9723692,0.9231056,2
-0.849105,0.22363086,-0.9829893,0.31384885,1
-0.84230214,0.21844846,-0.98248136,0.35886616,1
-0.7819897,0.25627062,-0.98523587,0.16773477,0
-0.8621168,0.2751583,-0.98054534,0.45309493,1
0.117905796,-0.061145157,-0.99311477,0.20025107,0
-0.5103859,0.5757295,-0.98430604,0.14732301,2
-0.28888994,0.21443823,-0.99217665,-0.2063967,2
-0.87955165,0.009498358,-0.98840535,0.06434138,0
-0.6035774,0.43541864,-0.9834783,0.22442257,1
-0.19994417,-0.20231149,-0.99517024,-0.19210371,0
-0.8265257,0.33869243,-0.97885185,0.47619453,1
-0.4334038,0.52510905,-0.98554194,0.04413446,2
0.33057886,-0.56929266,-0.98987097,0.7897224,2
0.6749525,-0.04347381,-0.9925601,0.51731765,2
-0.45410782,-0.059926927,-0.9910498,-0.010096371,0
0.40794533,-0.6053764,-0.99209,0.7134619,2
-0.78504175,0.4481656,-0.97975975,0.45359477,1
-0.407476,0.6922704,-0.98425037,0.122108646,2
-0.23176056,0.82404846,-0.98354226,0.17867416,2
-0.860742,0.049761474,-0.9895469,-0.0037920624,0
-0.73078644,0.45841727,-0.9807733,0.4442161,2
-0.7753768,0.46706846,-0.97831327,0.50193393,1
-0.6821456,0.55816305,-0.9808728,0.3301549,1
-0.63766515,-0.21336913,-0.99313676,-0.24088433,0
-0.54705566,0.5251175,-0.98441726,0.1380428,1
-0.31372648,0.4050095,-0.9890249,-0.12832448,2
-0.8145038,0.26953068,-0.98088914,0.30488345,0
-0.7043875,0.23580708,-0.9853651,0.16197582,0
-0.3175226,0.6876552,-0.9857927,-0.019104898,2
-0.7849802,0.30775782,-0.9818241,0.35216027,1
1.0,-0.42350316,-0.99663067,0.7963339,2
-0.7595016,0.2166823,-0.9844711,0.24537334,1
-0.7539657,0.1457062,-0.9887592,-0.0041172206,0
-0.72909606,0.44659865,-0.9819185,0.30550992,1
-0.3322555,0.5303348,-0.98836607,-0.10579519,2
-0.8480847,0.1909139,-0.98331386,0.32013065,1
0.031938374,0.53359234,-0.9903948,-0.18992779,2
-0.5404285,-0.1699382,-0.9946353,-0.24949768,0
-0.68519413,-0.26525995,-0.9962683,-0.28367034,0
-0.60085887,0.1535343,-0.99173373,-0.19066578,0
-0.8834667,0.061705783,-0.98477143,0.27645397,1
-0.66042805,0.5244023,-0.97930896,0.3243779,0
-0.773284,0.12687406,-0.98864186,0.0073468983,0
0.120696306,0.40450284,-0.98929435,0.043151207,2
-0.60972774,0.5514059,-0.9822439,0.27297866,1
-0.3319373,-0.29010653,-0.9943284,0.10185231,0
-0.44035837,0.14011663,-0.99122316,-0.1270172,0
-0.30508247,0.5887704,-0.9872606,-0.04565832,2
-0.5078197,0.2097463,-0.99093163,-0.14393505,2
-0.71891093,0.47566178,-0.9795671,0.46475586,1
-0.57410306,0.23713042,-0.98928934,-0.054880038,1
-0.62874866,0.03686127,-0.9903589,-0.06056516,1
-0.56824446,0.27453,-0.9884197,-0.033967078,0
-0.8815643,0.069417655,-0.98631454,0.17780858,1
-0.9894989,-0.19653863,-0.98853207,0.024724156,0
-0.92679095,-0.052900165,-0.9877718,0.12613674,1
-0.44602504,0.7807691,-0.98081416,0.28111,2
-0.08674753,0.44974527,-0.99026114,-0.17227262,2
-0.8462467,0.18468691,-0.9834376,0.3119371,1
0.12725365,0.514429,-0.9898616,-0.06587003,2
-0.7360898,0.08997314,-0.99111915,-0.10343987,0
-0.81910884,0.3058049,-0.9815464,0.38152164,1
-0.1545226,0.18595728,-0.98890465,0.26276565,2
-0.17123091,0.591779,-0.9885258,-0.13995492,2
-0.8934773,-0.1016911,-0.9908989,-0.09391616,0
-0.8880477,0.073164046,-0.98516583,0.22108214,1
-0.93749166,-0.06705797,-0.9879495,0.076984845,0
-0.79338366,0.3208574,-0.9818704,0.34448028,1
-0.7035051,0.17234103,-0.9907803,-0.14646253,0
-0.5851075,0.6919609,-0.9783306,0.51096094,2
-0.29616004,-0.4731236,-0.99918824,0.010013722,0
-0.82245994,0.34705368,-0.9806952,0.4378548,1
-0.18010756,-0.4133833,-0.9935615,0.32835764,2
-0.44640407,0.22769219,-0.9918232,-0.20098221,0
-0.080338955,0.4754173,-0.9881643,-0.04787092,2
-0.869349,0.19339423,-0.982063,0.39299816,1
-0.7958958,0.27511653,-0.98153555,0.35645655,1
-0.6342067,0.25674114,-0.98850477,-0.066483825,0
-0.6976744,0.4316519,-0.9813262,0.37365437,0
-0.4703177,0.37994435,-0.9886146,-0.054759145,2
-0.1811063,0.764164,-0.9849918,0.09380142,2
-0.7433573,0.09068251,-0.9894598,-0.034090787,1
-0.8788936,-0.11039424,-0.9901013,-0.095764756,0
-0.86490893,0.19797474,-0.9830206,0.22683892,0
-0.86217064,0.044177905,-0.98749936,0.07550905,0
-0.83820397,0.25726107,-0.9808581,0.44694367,1
-0.6678702,0.581823,-0.9795351,0.41956636,1
-0.8189311,0.4636681,-0.97535187,0.66264236,1
-0.8972317,-0.09587404,-0.99157935,-0.13801974,0
-0.0557217,0.43871397,-0.98979145,-0.031165347,2
0.66298306,-0.2093345,-0.99269474,0.62587124,2
-0.91413885,0.15086359,-0.97894305,0.3816694,1
-0.78968096,0.42086038,-0.97739804,0.45388716,1
-0.84309685,0.24368714,-0.9809443,0.45494524,1
-0.7796428,0.5232647,-0.9776237,0.56083524,1
-0.5777283,0.032719865,-0.9934582,-0.31003755,0
-0.6496852,0.46245813,-0.98202634,0.31927407,1
-0.49433118,0.45690137,-0.9869086,-0.010028809,2
-0.8321227,0.2667988,-0.98201495,0.3864743,1
-0.2603315,0.76861113,-0.98519665,-0.0064863265,2
-0.58106345,0.20333013,-0.9922181,-0.22048199,1
-0.633285,0.42999458,-0.9822121,0.33965904,1
-0.9123233,-0.046138167,-0.9900691,-0.043360993,0
-0.30158204,0.62352765,-0.9871268,-0.074184984,1
-0.25687492,0.75988996,-0.98487103,0.051585525,2
-0.79773265,0.16000727,-0.9828396,0.117724344,0
-0.84685147,-0.0067593157,-0.9912369,-0.1132711,0
-0.552953,-0.088644356,-0.9938369,-0.180652,0
0.4227816,0.23167503,-0.9928343,0.15642619,2
-0.19973803,0.72743195,-0.9874703,-0.063152924,2
-0.88465595,-0.1836847,-0.9946954,-0.25690567,0
0.07684374,-0.5619267,-0.9890965,0.20224154,0
-0.10586208,0.639027,-0.98893845,-0.12904492,2
-0.8726615,0.23752253,-0.9801199,0.5040928,1
-0.6140299,0.5405595,-0.9809487,0.3730755,1
-0.23914924,0.4019478,-0.99077034,-0.2259787,2
-0.37729216,0.65716046,-0.9848977,0.06429981,2
-0.6891416,0.4238174,-0.9818442,0.27919447,1
-0.251633,0.5970276,-0.98773724,-0.11040349,2
-0.124706745,-0.58845663,-0.99348915,0.23636848,0
0.45987612,-0.3885411,-0.9981497,0.34647217,2
-0.41942668,0.5492421,-0.98535794,0.090449244,2
-0.881675,0.17991279,-0.9804079,0.48477492,1
-0.83107555,0.23898867,-0.9849461,0.18553358,0
-0.79175305,0.31643325,-0.98270255,0.29830557,1
-0.8712635,-0.10526505,-0.99118036,-0.07150462,0
0.4077816,0.09657526,-0.99196756,0.18567297,2
-0.8911835,0.34534693,-0.97556067,0.5347402,0
-0.6316568,0.12961447,-0.9883988,-0.07915935,0
-0.69675606,-0.21624312,-0.994619,-0.21022734,0
-0.7412954,0.42140213,-0.9829302,0.22712459,0
-0.09465191,0.6251704,-0.98911625,-0.14571258,2
-0.13110676,0.66585684,-0.98781884,-0.103630215,2
-0.41591495,0.42362338,-0.9875279,-0.014802963,1
-0.33977935,0.38411087,-0.9900931,-0.14515579,2
0.29889232,0.09903529,-0.98916435,0.45728484,2
-0.70372677,0.4636785,-0.98123914,0.36219186,2
-0.84759533,0.2868867,-0.97852033,0.5791962,1
-0.29633677,-0.5482344,-0.9891788,0.33760402,0
0.36280656,0.26134038,-0.99251705,-0.060214058,2
-0.4814229,-0.040441453,-0.992742,-0.15260276,0
-0.03581798,0.63701534,-0.9866542,-0.007885069,2
-0.8113073,0.10973365,-0.9870686,0.089543514,0
0.5592332,0.17730296,-0.9906164,0.38221616,2
-0.90097576,-0.06853348,-0.9895529,-0.006906569,0
-0.4539065,0.6553874,-0.98221076,0.23661312,1
-0.13339213,0.77446157,-0.9862571,-0.005596295,2
-0.28116518,0.518072,-0.98814064,-0.04154314,2
-0.77591527,0.19214298,-0.9863328,0.12307745,0
-0.20305121,0.89879113,-0.9829186,0.18352279,2
-0.8534324,0.28339615,-0.97928363,0.51464355,1
-0.8966088,0.0048228055,-0.98756075,0.07515895,0
-0.8521409,0.15500683,-0.9837834,0.2717157,0
-0.31498137,-0.20164874,-0.9937934,0.03136962,0
0.59298337,-0.5413689,-0.9899035,0.86367685,2
-0.10411617,0.39192486,-0.99233234,-0.22825146,2
-0.89498544,-0.12308866,-0.9909885,-0.1007019,0
-0.8512962,0.258756,-0.9798362,0.48557737,1
-0.55486476,-0.06094271,-0.99583876,-0.35810032,2
-0.6235418,0.6360805,-0.9786713,0.43194798,1
-0.789479,0.26899806,-0.98461396,0.19239345,0
0.12070471,-0.14041606,-0.9978001,-0.019036636,0
-0.8510916,-0.009331733,-0.9903554,-0.057468787,0
-0.30396056,-0.18078819,-0.99538404,-0.17840067,0
0.39380896,-0.2042369,-0.99178416,0.54115313,2
-0.7702844,0.30504125,-0.9833905,0.29280394,1
-0.59834146,0.22062247,-0.98929554,-0.054840833,1
-0.40191862,0.6362471,-0.982929,0.19532596,1
-0.7965678,0.3663544,-0.9792091,0.5013242,1
-0.69486487,0.43717378,-0.9830073,0.23659681,0
-0.24728066,0.6607228,-0.9858394,0.049905628,1
-0.9234399,0.035038635,-0.98361945,0.33710402,1
-0.9123994,0.11684065,-0.98204976,0.3625369,0
-0.7933028,0.4714334,-0.9741156,0.54423094,0
-0.92485523,-0.012344047,-0.9869106,0.11302757,0
-0.80576205,0.47062474,-0.9786526,0.50402606,1
-0.16672042,0.58073,-0.9859557,0.101871744,2
-0.13073686,0.52553755,-0.9903767,-0.23870495,2
-0.76400554,0.52791023,-0.97630113,0.6024331,1
0.44352102,-0.6867169,1.0,-1.0,2
-0.6867751,0.10516289,-0.99256605,-0.20834807,0
0.40328252,0.32445386,-0.9877152,0.30511737,2
-0.34604955,-0.26002905,-0.9975162,-0.13203388,0
-0.6866069,0.2662108,-0.98768246,-0.027084336,0
-0.741253,0.56622267,-0.9775139,0.56016034,1
-0.87250847,0.16566268,-0.98255754,0.36924583,1
-0.41167563,0.7386009,-0.9840915,0.12239363,2
-0.6849864,0.06628758,-0.9931934,-0.2584349,0
0.22897679,0.33282298,-0.9923775,-0.11080408,2
-0.661667,0.09205155,-0.994341,-0.28666022,0
-0.7452342,0.3792316,-0.9813098,0.3805015,1
-0.660788,0.15199873,-0.99012125,-0.12551308,0
-0.37405077,0.5152528,-0.98748326,-0.033251002,2
-0.75618994,0.53639674,-0.9781189,0.5155692,1
-0.5751703,-0.08213693,-0.9943753,-0.2646609,0
-0.87945426,0.030395448,-0.9883125,0.042502597,0
-0.9745616,-0.14625522,-0.9897123,0.0038824975,0
-0.08652508,0.6666802,-0.9878978,-0.071710885,2
-0.5739636,0.40408245,-0.9867121,0.0074071735,0
-0.057270736,0.09283361,-0.9920442,-0.06445171,2
-0.84078056,0.083747,-0.9885889,-0.0048108697,0
-0.824921,0.09496933,-0.9893553,-0.05882798,0
-0.44231543,0.7234669,-0.9831281,0.16834322,2
-0.8865393,0.030026555,-0.9879885,0.02768661,0
-0.8848152,-0.051467746,-0.98997307,-0.058361292,0
-0.6840639,0.45385778,-0.98118484,0.35342348,1
-0.80400074,0.36026156,-0.980611,0.4047816,1
0.27177876,0.19014116,-0.9920923,-0.026614234,2
0.13355047,0.1042438,-0.9934007,-0.024459988,2
-0.73864096,0.2829418,-0.98439574,0.1869347,1
-0.9086635,0.21280724,-0.97940207,0.5343095,1
-0.82542264,0.015232533,-0.9900759,-0.06705007,0
-0.6245441,0.111588515,-0.99196166,-0.1399967,0
-0.83503914,0.4586125,-0.9758948,0.6685533,1
0.007982403,0.46517453,-0.9874948,-0.0011990666,2
-0.111202866,0.8051889,-0.98545355,0.00082451105,2
-0.14745611,0.71046126,-0.98753285,-0.025777698,2
-0.28373206,0.8359813,-0.9835045,0.17903866,2
-0.2368213,0.63083744,-0.98706704,-0.06849693,2
-0.901821,-0.015606567,-0.98802656,0.041243017,0
-0.8688814,0.14692393,-0.9830546,0.3576083,1
-0.0689576,0.54595697,-0.9852129,0.20393738,2
-0.6771216,0.25581345,-0.9879937,-0.039989904,0
-0.10366264,0.70045996,-0.98659134,-0.023035794,2
-0.90059304,0.053608686,-0.985883,0.15464236,0
-0.5003722,0.5942802,-0.9821711,0.24809924,2
-0.68364805,0.5149573,-0.9793517,0.47663912,1
-0.5924567,0.65945077,-0.97999704,0.37844193,1
-0.587927,0.42001098,-0.9870026,-0.006645456,0
-0.5241261,-0.38915306,-0.997257,-0.10272524,0
-0.80815995,0.32729965,-0.97672814,0.42070836,1
-0.9436977,-0.07317135,-0.987314,0.12669893,0
-0.67596924,-0.014640123,-0.99505794,-0.33895987,0
-0.9285867,-0.09646708,-0.9900921,-0.041575745,0
-0.04549086,-0.5093494,-0.99091375,0.46858305,2
0.24698925,0.57916176,-0.9884564,0.012525059,2
0.023810863,0.67352796,-0.98785186,-0.10481793,2
-0.84873545,0.17335159,-0.982526,0.3590144,1
-0.6818165,-0.0061169863,-0.9944168,-0.30848363,0
-0.742871,0.24132925,-0.9862171,0.099185824,0
-0.9350779,-0.081805795,-0.98946536,-0.0055975467,0
-0.7232464,-0.013848424,-0.9911778,-0.11192773,1
-0.5693114,0.60043633,-0.98215985,0.2641884,1
-0.7265905,0.4563763,-0.9787524,0.3636605,0
-0.7455547,0.38551474,-0.9816289,0.32927525,1
-0.6482451,0.26879907,-0.9869095,0.07896491,1
-0.83318913,0.293876,-0.9814393,0.3868007,1
0.02860403,0.59813005,-0.98993176,-0.16628006,2
-0.6549653,-0.54975444,-0.99232525,-0.026747286,0
-0.7888862,0.48585513,-0.9758614,0.6385058,1
-0.14319548,0.59491694,-0.9863684,0.038679123,2
-0.20474261,0.7168779,-0.98628145,-0.022513062,2
0.52601457,-0.39776015,-0.99103355,0.82857996,2
-0.8247611,0.24904458,-0.9827921,0.34000444,1
-0.856659,0.1229007,-0.98439133,0.289544,1
-0.042784184,-0.47028148,-1.0,0.06524094,2
-0.8433955,0.22886835,-0.9812605,0.45428476,1
-0.47424158,0.26774496,-0.9905986,-0.11616716,1
-0.7972364,0.44796818,-0.975682,0.5613704,1
-0.79122555,0.36013818,-0.9799704,0.4119103,0
-0.6955171,0.33316177,-0.98614305,0.05665116,0
-0.8919503,0.07962659,-0.98529935,0.22128657,1
-0.83126616,0.34889928,-0.97842634,0.53805256,1
-0.7638858,0.36882013,-0.9646589,0.34888387,0
-0.8075826,0.39893624,-0.9792326,0.5051707,1
0.3836187,0.2161092,-0.9927663,-0.039013967,2
-0.85121727,0.25000733,-0.9809515,0.45582205,1
0.030487478,0.4782067,-0.9905105,-0.21675617,2
-0.52106833,-0.62124664,-0.9958573,0.09589723,0
-0.8541799,0.071967885,-0.9874235,0.062796496,0
-0.07611355,0.38313323,-0.9908548,-0.20098364,2
0.42086273,-0.5490626,-0.9935131,0.607841,2
-0.7254179,0.08172831,-0.9932523,-0.22813621,0
-0.7888293,0.35609853,-0.9808727,0.40656456,1
-0.07105628,0.54702604,-0.98806924,0.045576327,2
-0.7508317,0.5676681,-0.9759014,0.6465183,1
-0.8572386,0.081125304,-0.9852637,0.26136115,1
-0.74860424,0.4242714,-0.9806405,0.39898354,1
0.37579674,0.011738852,-0.98985094,0.39780754,2
-0.48645175,0.41563863,-0.98748296,-0.00025877357,1
-0.7988347,0.22917052,-0.985131,0.2020845,1
-0.5660586,0.039054215,-0.99250793,-0.19609842,0
-0.7064354,0.35093918,-0.9838552,0.23795667,1
-0.2640627,0.22774711,-0.9922606,-0.21151683,2
-0.6064078,-0.38096046,-0.9981811,-0.199866,0
-0.8159436,0.34432092,-0.9803777,0.420605,1
-0.516737,0.46965134,-0.98480034,0.12809452,1
-0.88587356,0.09180915,-0.983592,0.31231773,1
0.046610117,0.42764568,-0.9913446,-0.1510633,2
-0.8345415,0.31652248,-0.9802617,0.47304082,1
-0.3853127,0.5690385,-0.98506117,0.062434167,1
-0.68021095,-0.2289893,-0.9950212,-0.25750655,0
-0.62337804,0.0728759,-0.9925424,-0.19468728,1
0.31516242,-0.38586015,-0.99406236,0.31192276,2
-0.64141107,0.66567075,-0.97915745,0.4258661,1
-0.8265852,0.19642854,-0.9832697,0.31799683,1
-0.48028767,0.3169663,-0.99039716,-0.1794416,2
-0.13478991,0.6758115,-0.98605263,0.067363165,2
0.5245694,0.17185295,-0.99180335,0.3128183,2
0.20175898,-0.38719118,-0.9983021,0.20867828,0
-0.76887727,0.09177275,-0.99072134,-0.13397911,0
-0.8755938,0.10847817,-0.9836564,0.32688743,1
-0.86372375,0.087027505,-0.9854289,0.24111377,1
-0.6144762,0.44818214,-0.98233354,0.3092218,1
-0.7325084,-0.28794032,-0.99605006,-0.29481742,0
-0.8948104,-0.08978516,-0.99075395,-0.07886575,0
-0.9053055,-0.11769113,-0.9911133,-0.08868395,0
-0.9573212,-0.068384975,-0.98644143,0.15124077,0
0.3404129,0.1272631,-0.9926318,0.042189814,2
0.22579259,-0.6608306,-0.9925411,0.64183503,2
-0.86187583,-0.003734991,-0.987925,0.07919009,1
-0.7834748,0.45686448,-0.97751164,0.55997145,1
0.19295698,-0.11635503,-0.9932094,0.2595253,2
-0.46104234,0.3862835,-0.98926705,-0.10854824,1
-0.840065,0.27313596,-0.9804024,0.47042415,1
-0.85788953,0.086234316,-0.9856254,0.22186008,1
-0.9493227,-0.11223596,-0.9897452,-0.016636834,0
-0.5229365,0.34955835,-0.98646533,0.02420137,1
-0.35758042,0.5071472,-0.9887116,-0.12421903,2
0.3195402,-0.39520824,-0.97699475,0.91625285,2
-0.5789814,0.54697275,-0.9821924,0.27415377,2
-0.92431927,-0.23529884,-0.9933339,-0.177104,0
-0.007756442,0.51895034,-0.9867305,0.10655898,2
-0.7439767,0.3652612,-0.9828819,0.31343782,1
-0.1999405,0.6018733,-0.9886303,-0.11492711,2
-0.77933216,0.39038092,-0.98063475,0.3892425,1
-0.8774998,-0.035333723,-0.9901722,-0.07728504,0
-0.74679387,0.42590833,-0.9817092,0.33220333,1
0.23001796,0.37827373,-0.98849934,0.15462549,2
-0.8097534,0.314582,-0.9809456,0.44018653,1
0.30925828,-0.5943693,-0.9949034,0.4509853,2
-0.9545187,-0.19322315,-0.9912041,-0.06565231,0
-0.5256141,0.03873214,-0.99512833,-0.37080157,0
-0.24421512,0.7167554,-0.9845845,0.11358304,2
-0.4349196,0.7471275,-0.9807247,0.3194523,2
-0.8997643,-0.101492316,-0.990591,-0.06383057,0
-0.912444,-0.011576161,-0.98786753,0.059866853,0
-0.021239102,0.6380726,-0.98666465,-0.056371927,2
-0.7915892,0.22542915,-0.98497534,0.17350411,1
0.014927328,0.5018314,-0.9895242,-0.13649711,2
-0.8542632,0.13066617,-0.9839302,0.32420158,1
-0.48610064,0.21767989,-0.99222475,-0.24071383,0
-0.83442163,0.23044565,-0.9827483,0.3482889,1
-0.7069425,0.065206215,-0.99126714,-0.14102003,0
-0.27928817,0.6792915,-0.9869282,-0.05311069,2
-0.66962636,0.38655493,-0.98260313,0.35485184,1
-0.8407464,0.06675787,-0.98814374,0.010998696,0
-0.77121663,-0.028485417,-0.992496,-0.17719659,0
0.27325284,0.3760437,-0.98801154,0.15749489,2
-0.24917777,0.002444312,-0.99494845,-0.19681048,2
0.42710525,0.010782257,-0.9917314,0.34484923,2
-0.67526543,0.56870294,-0.9737008,0.34093592,0
-0.89756155,0.010244712,-0.9886642,0.023844264,0
-0.7963393,0.33840063,-0.9814595,0.3624926,1
-0.76425445,0.07641752,-0.9898804,-0.07163088,0
-0.79564506,0.050541475,-0.9892028,0.008291848,1
-0.8552258,0.21407728,-0.98377746,0.25949913,1
0.13005167,0.4380044,-0.9907688,-0.12970147,2
-0.2369901,0.2365355,-0.99098647,-0.13940966,0
-0.6147223,0.09676573,-0.9914254,-0.17433935,0
-0.5839486,-0.15157983,-0.99526113,-0.29402864,0
-0.8437036,0.24737982,-0.98271585,0.30901778,0
-0.5670497,0.29356378,-0.99005854,-0.1401904,2
-0.68693775,0.07752572,-0.99410284,-0.30529025,0
-0.84161735,0.2753629,-0.98144716,0.3847174,1
0.16970515,0.47729045,-0.9907185,-0.132996,2
-0.24718596,0.8481131,-0.98424965,0.05772581,2
0.83480024,-0.2571815,-0.9905798,0.75197613,2
-0.7678575,0.48764813,-0.9790629,0.48082867,1
-0.84013414,0.06260905,-0.9875403,0.10718447,1
0.16506708,0.85184157,-0.98548174,0.035825275,2
-0.8600417,0.0804542,-0.9846735,0.24721102,1
0.14011139,0.55764794,-0.9895478,-0.12405017,2
-0.14418611,0.75749606,-0.9866584,-0.030020818,2
-0.8210598,0.22532506,-0.9837894,0.2711258,1
-0.8352864,0.1447157,-0.98684675,0.08678995,0
-0.6462884,0.22724317,-0.9919317,-0.18935508,0
-0.5282848,0.5574398,-0.9842015,0.16598903,2
-0.6647634,0.31670517,-0.985207,0.1425705,1
-0.67785066,0.569577,-0.9790801,0.44820073,1
-0.6858615,0.34408614,-0.98409265,0.22046712,1
-0.7150676,0.40026718,-0.9756239,0.3775172,1
0.03578031,0.5148485,-0.9883189,-0.11685459,2
-0.8648334,0.22819069,-0.9824529,0.36140883,1
0.15207094,0.5599046,-0.9855498,0.22034618,2
-0.27293858,0.6044595,-0.9868033,-0.008679822,0
-0.786989,0.1899302,-0.9853596,0.19896126,1
-0.9822789,-0.117105514,-0.98575896,0.11529935,0
-0.8014169,0.23771009,-0.983384,0.30389893,1
-0.8449703,0.28855953,-0.98077023,0.42736757,1
-0.661166,0.5496105,-0.98106563,0.3471563,1
-0.9074606,-0.045140594,-0.98839647,0.06453323,0
-0.8940577,0.13763472,-0.98212904,0.36934477,1
-0.86287284,0.21786654,-0.98453707,0.26182613,1
-0.8297695,0.17225444,-0.98446715,0.25799862,1
-0.8072064,0.2856502,-0.9818145,0.3511539,1
-0.8938142,-0.028060883,-0.9877231,0.11657161,0
0.2711377,-0.48618084,-0.9892097,0.6735482,2
-0.5877049,0.1340698,-0.99207777,-0.21918261,2
0.9644412,-0.57521564,-0.9918373,0.8449272,2
-0.8400103,0.32552886,-0.97953546,0.5213838,1
-0.04692632,0.7610979,-0.9878474,-0.09428339,2
-0.8643056,0.1489149,-0.98582035,0.14654174,1
-0.84874094,0.11172228,-0.9884517,-0.009218976,0
-0.98655033,-0.17112502,-0.9878862,0.058023833,0
-0.8863052,-0.051620245,-0.98953193,-0.0016284436,0
-0.730107,0.53600943,-0.97842616,0.49912998,1
-0.5862217,0.16460654,-0.9904756,-0.15355611,0
-0.67527807,0.49420154,-0.98061335,0.38489562,1
-0.16240302,0.18054134,-0.9923481,-0.21108148,2
-0.7744404,0.23876722,-0.98444545,0.26681533,1
-0.33582973,0.10005048,-0.9863817,0.0032040179,0
-0.83183825,0.3491934,-0.97989964,0.4653678,1
-0.6786036,-0.10981241,-0.99547327,-0.32353696,1
-0.39568862,0.83236605,-0.98109096,0.2475396,1
-0.3457173,0.3269318,-0.9895612,-0.121786416,0
-0.68100107,0.25780427,-0.9869744,0.07623746,1
-0.8527415,0.20937549,-0.9811991,0.44754505,1
-0.49812895,0.5236757,-0.9855405,0.08550294,1
-0.290696,0.7131356,-0.9843372,0.08877541,1
-0.50937474,0.29744506,-0.99156135,-0.19469497,0
-0.799212,0.532056,-0.97684336,0.5901376,1
0.15098864,0.517848,-0.9895165,-0.14079809,2
-0.05073306,0.522954,-0.98834217,-0.06567541,2
-0.7919967,0.29327756,-0.98169416,0.41558707,1
-0.86061525,0.19553396,-0.98115265,0.45905334,1
-0.64262855,0.54155874,-0.98013455,0.43149865,1
-0.7691897,0.0142253935,-0.99318737,-0.18825543,0
-0.7476877,0.41503972,-0.9805202,0.41769904,1
0.21543968,0.44524813,-0.99134403,-0.057279244,2
-0.82197464,0.24707031,-0.9824408,0.3525156,1
-0.96842,-0.036761343,-0.9852516,0.20409223,0
-0.71112627,0.35390452,-0.9846255,0.19527195,0
-0.26883456,0.49369586,-0.9877858,-0.044439554,2
0.60709107,-0.40029514,-0.9796318,0.913916,2
-0.07946274,0.19946976,-0.9933612,-0.24409464,2
0.30489928,-0.47776383,-0.9983233,0.21331844,2
-0.12415478,0.54275835,-0.9897201,-0.18588108,2
-0.8227836,0.028131098,-0.9904752,-0.09035146,0
-0.8026937,0.38234746,-0.9800747,0.4174759,1
-0.72629046,0.5785879,-0.9782427,0.48896697,1
-0.2620514,0.73465997,-0.98456186,0.1328905,2
-0.8140745,0.31766272,-0.98130506,0.3654746,0
-0.8728673,-0.015423641,-0.9886092,0.013222344,0
-0.32321376,0.7626536,-0.98360133,0.09574295,1
-0.3673749,-0.37686926,-0.9989924,-0.27628112,0
-0.5350145,0.63874996,-0.98131615,0.32185936,1
-0.70411193,0.3281099,-0.9847608,0.19772527,0
0.22779852,0.08727686,-0.9912238,0.11988475,2
-0.75779593,0.43590903,-0.97978926,0.4662022,1
-0.7905277,0.38579357,-0.98185754,0.32963055,0
-0.71705544,0.43516147,-0.9806371,0.3832595,0
-0.69410515,0.29858267,-0.9856229,0.122424655,0
-0.623297,0.63523924,-0.9798264,0.40175262,1
-0.35313392,0.75550824,-0.98244125,0.18504715,1
-0.5448458,0.19628252,-0.98996353,-0.13649213,0
-0.8027662,0.46132165,-0.9778795,0.5872355,1
-0.74660116,0.5401908,-0.97752964,0.52548444,1
-0.73426354,0.45288035,-0.97995764,0.4320696,1
-0.22766301,0.20909752,-0.9922488,-0.16043428,2
-0.6912166,0.49500963,-0.9814944,0.33926332,1
-0.30733943,-0.075978935,-0.99659216,-0.24149817,0
-0.8181355,0.3046829,-0.98179793,0.38021675,1
-0.44127768,0.72276235,-0.98146045,0.25434518,1
-0.8200922,0.2276281,-0.98165256,0.3122257,1
-0.05617076,0.44125876,-0.9903011,-0.22635281,2
0.2437725,-0.43701106,-0.96430546,0.36191422,0
-0.85890317,0.18548623,-0.98202026,0.41196555,1
0.3973993,0.27401343,-0.9831156,0.42399347,2
-0.59712875,-0.3274687,-0.9947399,-0.061828703,0
-0.9358789,-0.108065695,-0.98906523,0.024273798,0
-0.12731507,0.3160659,-0.9910888,-0.21367672,2
-0.40643278,0.21834576,-0.9920884,-0.23653701,2
-0.88532394,0.02868858,-0.9874281,0.08931978,0
-0.5386417,0.39916438,-0.9872283,-0.014332488,2
0.25339162,0.6739854,-0.9877225,-0.015605643,2
-0.91600823,-0.097904,-0.9891095,-0.014752939,0
-0.8892491,0.07956505,-0.98298264,0.31807885,1
-0.16800305,0.58994186,-0.98784965,-0.07014887,2
-0.8017136,0.35564554,-0.9804718,0.4209307,1
-0.6201546,0.16147111,-0.98919386,-0.040418103,1
-0.55971074,0.11467141,-0.9905533,-0.11575483,0
-0.86174613,-0.013643667,-0.98992,-0.05638975,0
-0.85888374,0.30587518,-0.98088837,0.42994484,1
-0.7366563,0.46011668,-0.97843945,0.4621711,1
-0.5298764,-0.30234516,-0.9957869,-0.17973131,0
-0.5667075,0.5444898,-0.9835879,0.20829493,2
-0.23661911,0.69487107,-0.9851368,0.053146712,2
0.42850477,-0.35491985,-0.9909361,0.6397411,2
0.026009262,0.5476526,-0.9902204,-0.12631279,2
-0.7981369,0.2738033,-0.98395324,0.21216851,1
-0.35765383,0.60893583,-0.98597074,0.02570536,2
-0.74822426,0.48639697,-0.9787978,0.49836668,1
-0.66134006,-0.26869398,-0.9957027,-0.25017306,0
-0.4837199,0.40019575,-0.989518,-0.12787127,2
-0.8576746,0.18937857,-0.9817381,0.41669455,1
-0.8344071,0.1347287,-0.9863453,0.16329357,1
0.42306525,-0.21801642,-0.9950928,0.31715727,2
-0.6791488,0.29854783,-0.985975,0.12954342,1
-0.09802303,0.19606969,-0.99111855,-0.026981264,2
-0.8666669,-0.022134453,-0.98957735,-0.01766266,0
-0.7735853,0.5222489,-0.97832435,0.51407564,1
-0.13345292,0.57271564,-0.98765016,-0.00827463,2
-0.7649836,0.15968578,-0.9885906,-0.025080115,0
-0.20534438,0.81242937,-0.98412186,0.12569618,2
-0.3174277,0.760901,-0.97513765,0.32409984,1
-0.86430097,0.298902,-0.9809793,0.4154014,1
-0.13200861,0.42008513,-0.98714554,0.132932,2
-0.31904757,0.14318746,-0.9932162,-0.24148989,0
-0.9736037,-0.19917077,-0.9897694,-0.022278994,0
-0.80503666,0.1927009,-0.98618263,0.09683469,0
-0.068095356,0.58271134,-0.9893152,-0.15581769,2
-0.85930955,0.05689946,-0.9875967,0.06381927,0
-0.9050216,-0.1637102,-0.9919233,-0.13643005,0
-0.78699136,0.10511399,-0.988224,0.04767707,1
-0.85660064,0.24941364,-0.98140275,0.444128,1
-0.55407465,-0.32809877,-0.9927205,0.060518414,0
-0.9091513,-0.035120696,-0.98864555,0.019099846,0
-0.5114557,0.5841282,-0.983892,0.1572691,1
-0.6429014,0.61110127,-0.9792797,0.425206,1
0.286543,-0.63244134,-0.9550664,0.94476485,2
-0.7691035,0.38387787,-0.9819386,0.33373976,1
-0.8270793,0.11793412,-0.98052317,0.063603505,0
-0.8079941,0.20607129,-0.98602146,0.11666335,0
-0.049696594,0.45764637,-0.9895488,-0.13023847,2
0.27980846,0.42184937,-0.98811597,0.09114905,2
0.05904144,0.19947332,-0.99052554,0.017999932,2
0.15928715,0.4283269,-0.98597354,0.23853764,2
-0.6955343,0.36783314,-0.9870718,0.0032565445,0
-0.39429808,0.51052684,-0.9857937,0.07020609,2
-0.60973954,0.15989539,-0.9894085,-0.041036293,0
-0.09984335,-0.7893058,-0.99724674,0.29690894,0
-0.6014565,0.12031503,-0.99254966,-0.22273985,0
-0.91010964,-0.08904925,-0.99067104,-0.04398851,0
-0.11323738,0.68598366,-0.9875584,-0.14464074,1
-0.85330397,0.10828562,-0.9854786,0.21737531,1
-0.22365195,-0.0060756058,-0.9792862,0.25338256,0
-0.4483357,0.6142289,-0.98381716,0.17381385,1
-0.09226552,0.70018244,-0.9875139,-0.09777343,2
-0.9058877,-0.115106374,-0.9916172,-0.121616125,0
-0.76886773,0.10802026,-0.99036497,-0.092106044,0
-0.7379758,0.3461144,-0.9839827,0.1937035,0
-0.883697,0.12815696,-0.9829745,0.36292678,1
-0.80322385,0.24092154,-0.9817962,0.33357155,1
-0.86356366,0.34209478,-0.9778584,0.56486917,1
-0.81307447,0.48770744,-0.977777,0.5669469,1
-0.14639214,0.6506448,-0.98541665,0.14102365,1
-0.8316653,0.33622622,-0.9790089,0.5156429,1
-0.077204704,0.5643363,-0.9886317,-0.13812059,2
-0.8569472,0.2836077,-0.87709206,1.0,1
-0.85990095,0.28315336,-0.98088807,0.42764527,1
-0.8874496,0.09104934,-0.985296,0.21929592,1
0.034154594,0.14795633,-0.98780787,0.31203145,2
-0.4139252,0.6081464,-0.9860679,0.024737649,2
-0.8141943,0.36416486,-0.9795958,0.46755332,1
0.20751327,-0.12308705,-0.99851304,-0.084185064,2
0.1987977,0.4105693,-0.9889494,0.00254862,2
-0.7913508,0.22772962,-0.9848193,0.19626702,0
0.4973793,-0.2790097,-0.9830592,0.6115848,2
0.31973326,0.21331072,-0.9883114,0.2400577,2
0.030020773,0.5034964,-0.9874124,0.08018023,2
-0.71570444,0.29876742,-0.985429,0.14125235,0
-0.45271873,0.117352284,-0.9944468,-0.35799116,0
-0.04926923,0.4952566,-0.99020797,-0.12545902,2
-0.42315632,0.7665966,-0.9824876,0.17056221,1
-0.803455,0.43205696,-0.97818893,0.5564796,1
-0.72569525,0.47474945,-0.9809273,0.3676989,0
-0.32380018,0.6722566,-0.9854268,0.022540994,2
-0.4638292,-0.42579377,-0.9982658,-0.056679815,0
-0.9475769,0.047678977,-0.98070586,0.26273197,0
-0.82846916,0.2608423,-0.9828943,0.3112586,1
0.30087507,0.34117615,-0.99193585,-0.056527376,2
-0.589929,0.4408076,-0.9827833,0.29080218,1
-0.8950573,-0.13901183,-0.9916066,-0.11923459,0
-0.87436056,0.07218179,-0.98499924,0.27530718,1
-0.5415584,-0.41157603,-0.99441093,-0.0069289505,0
-0.9859255,-0.14900291,-0.9867152,0.113123044,0
-0.6138405,0.50521255,-0.9820082,0.30681285,1
-0.75068367,0.31618053,-0.9862019,0.16903037,0
-0.8356081,-0.09315258,-0.993839,-0.25278494,0
-0.28427476,0.08193545,-0.9944496,-0.3337959,2
-0.8600352,-0.014622256,-0.9892987,0.004142314,1
-0.39439994,0.709561,-0.98411864,0.08820516,2
-0.30592632,0.8370543,-0.9829151,0.117229566,1
-0.8297522,0.19253176,-0.98368734,0.23584473,1
-0.95326084,-0.08501953,-0.9874684,0.10896881,0
-0.86594015,0.04900147,-0.9877628,0.0964513,1
0.008398384,0.15011242,-0.9915377,0.08692434,2
-0.86929333,0.029143527,-0.9885736,0.0071423203,0
-0.80168444,0.37482366,-0.98120415,0.3867138,1
-0.80508137,0.25083086,-0.98579854,0.1060728,0
-0.22290519,0.56663805,-0.9860984,0.1446071,0
-0.7195223,0.34863323,-0.9831491,0.25596896,2
-0.91374,-0.090364665,-0.9887356,0.035717838,0
-0.9064178,-0.07394892,-0.9900875,-0.053866833,0
-0.83164614,0.24589466,-0.98238987,0.36395058,1
-0.13267982,-0.17892972,-0.9947282,0.07178448,0
0.0396474,0.012513593,-0.9946522,-0.071393535,2
-0.80573976,0.045063064,-0.9886816,0.030766979,0
-0.8035091,0.33200637,-0.9816044,0.36795634,1
-0.5245637,0.37808093,-0.9877456,0.0038880855,1
-0.89778745,-0.08504313,-0.9901892,-0.056316584,0
0.58139575,-0.16465566,-0.99331266,0.38323587,2
-0.56005985,0.4919169,-0.9841185,0.19213031,1
-0.12294701,0.65545857,-0.9882519,-0.07018553,2
0.044429064,0.6496457,-0.9885694,-0.16789171,2
-0.96868,-0.08722654,-0.98665774,0.12597397,0
-0.86499584,0.13168386,-0.9870529,0.07217125,0
-0.69133586,0.30162886,-0.97287714,0.32454705,1
-0.67301315,-0.28905338,-0.9962939,-0.23927033,0
-0.49159366,0.5712125,-0.98343736,0.17003213,1
-0.7818551,0.3457327,-0.9817451,0.3807702,1
0.3382675,0.41356903,-0.99034303,-0.03873588,2
-0.81471884,0.23614767,-0.9816689,0.36856347,1
-0.71519893,0.34028548,-0.98416257,0.23432659,0
-0.9283403,-0.10617831,-0.9891051,0.038281046,0
-0.21626759,0.766391,-0.9852108,-0.0032512248,2
-0.46524236,-0.10115826,-0.99518234,-0.24045858,0
-0.8954929,-0.07537198,-0.9892691,-0.027143538,0
-0.9736151,-0.0029397905,-0.9836105,0.30331486,0
-0.8335123,0.2661578,-0.9821422,0.35432625,1
-0.8622623,0.14155589,-0.98345137,0.3412052,1
-0.2971527,0.13373664,-0.99105006,-0.07779433,0
-0.5060873,-0.43811023,-0.9928416,0.14797397,0
0.09585893,0.47980207,-0.9897195,-0.11669919,2
-0.9670984,-0.13618997,-0.988158,0.059609897,0
-0.7667258,0.21829613,-0.98686373,0.09926121,0
-0.50200975,0.7668803,-0.9801902,0.3324986,1
-0.124066085,0.91547775,-0.9826256,0.1852293,2
-0.8777617,-0.063067526,-0.9899775,-0.0020291805,1
-0.7822646,0.517488,-0.9784235,0.49684605,1
-0.7570058,0.38907498,-0.98193866,0.31035864,1
-0.76590043,0.5083314,-0.9771954,0.59253967,1
-0.022965014,0.40432188,-0.9881821,-0.016114563,2
-0.2841807,0.6077515,-0.9865963,0.004320547,2
-0.90804994,0.3247958,-0.975083,0.6457333,1
-0.8754398,-0.020851433,-0.98847896,0.04026387,0
-0.255851,-0.24856693,-0.99041045,0.40368572,0
-0.52029055,0.4794497,-0.98609525,0.010709368,0
-0.86240464,0.06038095,-0.98665464,0.153952,1
-0.56076604,0.5513137,-0.9827034,0.2430582,1
0.30739594,0.13671333,-0.98983806,0.3498684,2
-0.8750737,0.22627018,-0.98112506,0.46207917,1
-0.67310476,0.22374584,-0.9885999,-0.063252315,0
-0.7946716,0.3955308,-0.97963566,0.45165965,1
-0.86137694,0.054490775,-0.9862699,0.19589809,1
-0.7148914,0.18808588,-0.9859558,0.15732908,1
-0.6205634,0.15362741,-0.9906245,-0.14178339,0
-0.951646,-0.0717988,-0.9878582,0.09274137,0
-0.62647116,0.59049314,-0.9778372,0.5227275,1
-0.36743248,0.71621835,-0.98430145,0.1400999,2
-0.079651296,0.4129399,-0.9922868,-0.24967065,2
-0.86884236,-0.043851376,-0.99040926,-0.07944985,0
0.047406495,0.16054907,-0.99322325,-0.17353806,2
-0.9763672,-0.13778502,-0.987016,0.1051256,0
-0.83909947,0.33112225,-0.9790148,0.52972364,1
-0.5086798,0.5789218,-0.9834164,0.19239774,1
-0.43593565,0.74445117,-0.9819436,0.21451303,2
-0.851576,-0.010127813,-0.98958516,-0.01658021,0
-0.6950373,0.27824032,-0.9845141,0.19951953,2
-0.2848126,0.50953126,-0.9867345,0.02654697,2
-0.59796524,0.11336338,-0.991834,-0.18372017,0
0.10187161,0.39865857,-0.9856783,0.28579453,2
-0.8462421,0.089990765,-0.9857718,0.16092637,1
-0.68709236,0.10430102,-0.9905233,-0.13357756,1
-0.5951764,0.48610073,-0.9831018,0.25609273,1
-0.022673786,-0.27210522,-0.99180186,0.34326243,0
0.19200557,0.59384006,-0.98910916,-0.13254818,2
-0.008968294,0.33401966,-0.9903258,0.12816226,2
-0.8201623,0.43329433,-0.9782101,0.56170326,1
0.66522586,-0.13674623,-0.9933321,0.52676034,2
-0.89432025,0.07454024,-0.9814185,0.22201677,0
-0.116146624,0.38999712,-0.99016654,-0.18733832,2
-0.1966835,-0.17692336,-0.9937514,0.08933399,2
-0.79888487,0.24322352,-0.98200256,0.38826907,1
-0.28477758,0.6312392,-0.98606443,0.037296362,2
-0.5154047,-0.081231445,-0.99460286,-0.24723566,0
0.12002826,0.5206716,-0.9892797,-0.07312937,2
0.5390357,-0.56743723,-0.9934354,0.6881375,2
-0.8127405,0.4084661,-0.97728235,0.5651485,1
-0.6968126,0.31700104,-0.98731667,-0.036336854,0
-0.5847957,0.5098907,-0.98346007,0.15031424,0
-0.38352168,0.70876503,-0.98431104,0.08152027,2
-0.70397,0.5320897,-0.9773309,0.60366917,1
-0.547365,-0.17776829,-0.9954281,-0.20063397,0
-0.7430064,0.17044783,-0.97316,0.1304065,0
0.15232754,-0.032290846,-0.99217236,0.25408387,2
-0.22742194,0.24106865,-0.9927637,-0.2485537,2
-0.57956696,0.59440964,-0.98175466,0.30313045,2
-0.19822031,-0.4276579,-0.9968196,0.16092792,0
-0.8494644,-0.11709717,-0.99443674,-0.27001214,0
-0.86603224,0.21361066,-0.9824677,0.31682652,1
-0.8190892,0.2297228,-0.98233414,0.3691932,1
-0.20595369,-0.25008732,-0.99634206,-0.06724577,0
-0.50824285,0.5831933,-0.98439926,0.08719495,1
-0.9168961,-0.021750152,-0.9830205,0.19453421,1
-0.8234173,0.18863608,-0.9835607,0.32074702,1
-0.069667906,0.5106244,-0.9892496,-0.17550895,2
0.5490855,-0.6416034,-0.9755049,0.9363078,2
-0.7709559,0.22007413,-0.98578155,0.13013843,1
-0.5335963,0.29634053,-0.98892605,-0.06301828,1
-0.89280355,-0.06257105,-0.98996353,-0.035586983,0
-0.17850241,0.63065624,-0.98861325,-0.13253883,2
-0.6142224,0.1683296,-0.98952544,-0.053707987,1
-0.36916485,0.6867498,-0.9856677,0.029208124,2
-0.7255417,0.2711651,-0.98544633,0.14360614,0
-0.62650377,0.22238044,-0.99082434,-0.07127854,0
-0.07129985,0.40098113,-0.99095505,-0.17273092,2
-0.9569839,-0.11486271,-0.98877317,0.04612837,0
-0.8920531,0.0060611665,-0.98739594,0.09131926,0
-0.83060163,0.39330202,-0.97743505,0.6017138,1
-0.22767022,0.41230923,-0.99114215,-0.18699557,2
-0.98459196,-0.008315146,-0.9839609,0.24183753,0
-0.6144868,0.26303577,-0.99031276,-0.13753393,0
-0.7019937,0.15872529,-0.98885226,-0.04881169,1
-0.7602659,0.5551568,-0.97790444,0.5198673,1
-0.8233807,0.036726996,-0.9916086,-0.10923065,0
-0.14964572,0.6384351,-0.98659974,0.0045022815,2
-0.74028474,0.0113520175,-0.9925905,-0.21650347,0
-0.39778844,0.6840694,-0.9845599,0.08218856,2
-0.90434873,-0.102255315,-0.99074984,-0.07324171,0
-0.85910904,0.08277553,-0.9896995,-0.051411793,0
-0.653072,0.18845141,-0.99214536,-0.1672973,0
-0.21227825,-0.45289135,-0.99353355,0.29673937,0
0.07165867,-0.5001408,-0.9960849,0.25282583,0
-0.23515475,0.69393265,-0.98360085,0.2132934,2
0.30331868,0.065136015,-0.9957485,-0.071552634,2
-0.66033643,0.5716702,-0.98008126,0.39772117,1
-0.784379,0.26809373,-0.98665786,0.04601156,0
-0.5577319,0.50609434,-0.9852263,0.09690699,2
-0.37795496,0.56720906,-0.98709947,-0.045134693,2
0.5574,0.042307407,-0.99185205,0.33714816,2
-0.140724,0.7009605,-0.98789126,-0.12283614,2
-0.7961367,0.35612315,-0.98086745,0.42320183,1
0.2819848,0.02221644,-0.9898567,0.46472448,2
0.46634436,0.25533468,-0.9896882,0.3162505,2
-0.4688129,0.3624444,-0.98913145,-0.05197327,1
-0.7755188,0.42577207,-0.97889346,0.4968312,1
-0.92106044,-0.036222547,-0.98274183,0.037969783,0
0.2804981,-0.3399456,-0.9928654,0.40459606,2
-0.85617405,0.06001143,-0.9871475,0.115532525,1
-0.4359659,0.4020176,-0.988434,-0.119497895,0
-0.4508131,0.6395986,-0.9817909,0.27491665,2
0.4786355,-0.25570872,-0.9946108,0.52539265,2
-0.87227845,0.0068527013,-0.9892557,-0.020555213,0
0.13882667,0.5805898,-0.9896249,-0.13631499,2
-0.7845149,0.21532722,-0.9869478,0.10027486,0
-0.8485637,0.069563285,-0.9875983,0.09450967,1
-0.12981704,-0.4616856,-0.9932013,0.3401508,2
0.020219445,0.23550265,-0.9920023,-0.10175021,2
0.5511924,0.2602677,-0.98841506,0.34479678,2
-0.22444722,0.71581405,-0.98510724,0.0681648,2
0.13480806,0.28876984,-0.98913527,0.081426635,2
-0.24275528,0.34168875,-0.9904694,-0.1759468,2
-0.9058187,0.030040994,-0.98644215,0.11541006,0
-0.16401175,0.65952945,-0.98733395,-0.037864074,2
-0.7631037,-0.02869147,-0.993328,-0.23420832,0
-0.40109578,0.29520297,-0.9888676,0.02275858,0
0.57111764,-0.5180554,-0.9919724,0.9177495,2
-0.56543946,0.20047949,-0.9914037,-0.2330327,0
-0.65648234,0.24196716,-0.98962957,-0.10251039,0
-0.912202,0.22772971,-0.979823,0.43190777,0
-0.8112886,0.29242444,-0.98141855,0.390098,1
-0.30434525,0.3214553,-0.9900689,-0.118545204,2
-0.80514884,0.20887664,-0.9833134,0.3250652,1
-0.5088827,0.8326655,-0.9773936,0.5155448,2
-0.8582418,-0.05691901,-0.99064267,-0.043385684,1
0.11016226,0.431136,-0.99091965,-0.13676426,2
-0.48518765,0.37682745,-0.98732835,-0.0011020899,2
-0.7433171,0.29410726,-0.98565656,0.1405124,1
-0.58081204,-0.5266628,-0.99733007,-0.04298532,0
-0.6799993,0.43741608,-0.98356724,0.2032165,1
-0.22020745,0.5825305,-0.9864241,0.07762611,1
-0.5877681,-0.13955918,-0.99512845,-0.29483995,0
-0.8449007,0.23967099,-0.9817552,0.3608982,1
-0.08467227,0.62046325,-0.9883245,-0.07857546,2
-0.9135914,-0.1155971,-0.9904378,-0.019044712,1
-0.8194531,0.21821065,-0.98422736,0.25015888,1
0.31224722,-0.41620606,-0.9948827,0.44168705,2
-0.78121054,0.20760816,-0.98632926,0.12342431,1
0.075436115,0.12431942,-0.99205977,-0.10090238,2
-0.7098924,0.5623349,-0.97761786,0.5563879,1
-0.86551106,0.12181437,-0.9824839,0.3765965,1
-0.86517704,-0.035897464,-0.9903872,-0.06792919,1
-0.40678766,0.45729837,-0.98490447,0.13997653,1
-0.14196178,0.577005,-0.988256,-0.09891468,2
-0.75573933,0.42911536,-0.98050654,0.40641636,1
-0.08850238,0.46863246,-0.99071157,-0.19204146,2
0.05537504,0.6582196,-0.9879083,-0.10509953,2
0.13060653,0.7775628,-0.9827686,0.27796793,2
0.51707685,-0.056274265,-0.9924781,0.486668,2
-0.34625757,0.5666673,-0.9881209,-0.095431805,2
-0.30684084,0.48742482,-0.98582774,0.08612923,2
-0.9221577,-0.0017184913,-0.9869129,0.10580866,0
-0.88045967,-0.061846882,-0.9898426,-0.004939094,0
-0.7154712,0.36568242,-0.9839909,0.19736357,0
0.30626607,0.0072422177,-0.99514526,0.100796215,2
-0.3137439,0.21455924,-0.99216807,-0.20596164,2
0.16677564,0.50046396,-0.9870929,0.10243432,2
-0.8891822,0.14268722,-0.9837397,0.3036938,1
-0.5912354,0.2780844,-0.9831524,0.3350613,1
-0.9547473,-0.15552193,-0.988334,0.049194366,0
-0.43922746,0.45770544,-0.98918176,-0.12383717,2
-0.83277416,0.2795788,-0.9810773,0.46200982,1
-0.76133376,0.52800727,-0.9782469,0.49601102,1
-0.6337222,-0.1124523,-0.99564093,-0.33445433,0
-0.54076135,0.5334804,-0.98244596,0.24130833,1
0.3453586,-0.08146402,-0.99192405,0.35425133,2
-0.82634807,0.2814447,-0.98091215,0.4691642,1
-0.81889975,0.47916722,-0.97693706,0.62742865,1
-0.70575595,0.24616805,-0.9647793,0.22002392,0
-0.18642011,0.6400578,-0.9885996,-0.13718659,2
-0.4814461,0.54395384,-0.98484373,0.1306072,2
-0.32143402,0.7348255,-0.9839656,0.15423727,2
-0.7213745,-0.111783415,-0.99317974,-0.20898291,0
-0.69234943,0.4938047,-0.9811655,0.32534778,1
-0.85469127,0.29335517,-0.98238564,0.34623498,1
-0.6718667,0.49243867,-0.97859085,0.4721313,1
-0.95076674,-0.06328869,-0.9874487,0.08370902,0
-0.82355833,0.20510745,-0.9850048,0.15980282,0
-0.7298593,0.040726244,-0.9938751,-0.2525669,0
-0.8625457,0.14348772,-0.98307157,0.34680867,1
-0.9040552,0.1617122,-0.9826041,0.32113767,1
-0.8188046,0.09864013,-0.98838514,0.009062849,0
-0.8331502,0.24539487,-0.9822412,0.37177983,1
-0.8572561,0.30824494,-0.9807619,0.44087237,1
-0.73187315,0.50507355,-0.97958344,0.4587136,1
-0.1015974,0.6167778,-0.9869797,0.016503386,2
-0.7890227,0.39553326,-0.978059,0.5169055,0
-0.6686647,0.27855217,-0.98663616,0.04530333,1
-0.65880805,0.49969304,-0.9815951,0.31185222,2
0.37287754,-0.03660035,-0.9922,0.29019612,2
-0.6660626,0.19119564,-0.9891973,-0.019992441,1
-0.76764214,0.05013822,-0.9864558,0.03990271,0
-0.5040314,0.36795816,-0.9863773,0.11646326,2
0.41029423,-0.22040081,-0.9951988,0.30242056,2
0.052659214,0.8076183,-0.9868599,-0.038127348,2
-0.83278954,0.13091356,-0.9839305,0.21994328,0
-0.751938,0.3535679,-0.9821661,0.34399474,1
-0.68023497,0.22928356,-0.9870217,0.07319057,1
-0.76241076,0.45379764,-0.9794906,0.46574798,1
-0.8136916,0.37007236,-0.9812526,0.39030218,1
-0.8041302,0.24831164,-0.9843006,0.23715445,1
-0.84073246,0.2605522,-0.98070914,0.4470011,1
-0.1489802,0.4812723,-0.98985076,-0.14524445,2
0.2251268,0.31246537,-0.9873457,0.22555971,2
-0.8892642,-0.042743802,-0.9894352,-0.021959543,0
-0.87121284,0.090351745,-0.9839148,0.30949038,1
-0.14465505,0.5231976,-0.9857232,0.058372,0
-0.7018857,0.59927577,-0.9775238,0.50432515,1
-0.66016793,0.52127945,-0.98253053,0.24268755,1
-0.13570783,0.6304329,-0.98854756,-0.13368085,2
-0.7270248,0.33396012,-0.98486006,0.17793624,0
-0.15952069,0.6790846,-0.98771876,-0.094113305,2
-0.8660944,0.071106955,-0.98724,0.08259183,0
-0.12835586,0.63794786,-0.9824125,0.17478746,0
-0.004998684,-0.71618915,-0.98983955,0.2694331,0
-0.4076691,0.75085735,-0.98165697,0.31880823,2
-0.7776307,0.44546062,-0.9799267,0.41318363,1
-0.90101695,0.17754042,-0.98139435,0.40626702,1
-0.47262466,0.2762001,-0.98958033,-0.08522275,2
0.18415779,0.65697134,-0.988688,-0.111163124,2
0.34015495,0.39473498,-0.9928604,-0.059287652,2
-0.817575,0.2315672,-0.98153764,0.29346186,0
-0.8455775,0.17760602,-0.98419505,0.2780931,1
-0.86604095,0.20386274,-0.9826857,0.34905738,1
-0.8893422,0.017653465,-0.9868941,0.13240112,0
-0.5983738,0.6619843,-0.9796531,0.37837118,1
0.07022321,0.649479,-0.9432137,0.37579787,2
-0.83589387,0.028362423,-0.9894781,-0.043482393,0
0.23593628,-0.39135045,-0.98974425,0.67687404,2
-0.22111145,0.47944546,-0.9898331,-0.19518611,2
-0.36268082,-0.529898,-0.99948484,0.033377163,0
-0.06836733,0.62167275,-0.9887766,-0.1115035,2
0.22120643,0.3153036,-0.9891904,0.114599936,2
-0.8302841,0.034222975,-0.9893257,0.033585362,1
-0.40338486,0.73415554,-0.98275936,0.20467478,2
-0.9444876,-0.12622222,-0.98938316,0.0007105917,0
-0.8858199,-0.07883915,-0.9916132,-0.13542038,0
-0.5675907,-0.2066887,-0.9945845,-0.15981102,0
-0.4996652,-0.2782244,-0.99619,-0.15189016,0
-0.89778674,-0.077744395,-0.98926985,0.02471964,1
-0.86049896,0.11967034,-0.9844491,0.26169217,1
-0.85479206,0.1768593,-0.9837706,0.27698293,1
-0.15202972,0.379218,-0.9914506,-0.20795697,2
-0.67311144,0.35794848,-0.98772514,0.012682997,0
-0.45630988,0.6182919,-0.98414636,0.1408756,2
-0.33268487,0.5216275,-0.9883344,-0.069938704,2
-0.43092763,0.44209972,-0.98703814,0.013155475,2
-0.13340393,0.7497427,-0.9866077,-0.004494533,2
-0.004341334,-0.7441159,-0.9981592,0.17587075,0
-0.5182108,0.75430435,-0.980076,0.34613192,2
-0.13626897,0.5657041,-0.9893474,-0.15993193,2
-0.79281414,0.3636797,-0.9791604,0.5132797,1
-0.7660195,0.24714373,-0.9849789,0.19340016,1
-0.81946146,0.25735402,-0.9825956,0.33796418,1
-0.8652699,-0.02098447,-0.98879194,0.0396192,1
0.16856307,0.2780941,-0.98992103,0.059240147,2
-0.74332595,0.3417436,-0.98296475,0.2998293,0
0.32832515,0.4742067,-0.96253705,0.2191577,2
-0.24891472,0.49582762,-0.98732483,-0.009551346,1
-0.48177454,0.32988453,-0.987978,0.007493928,0
-0.21215829,0.53886753,-0.9865228,0.021702543,2
-0.5889155,0.5058967,-0.9827908,0.24106868,1
-0.38419208,0.6372907,-0.9845244,0.11074736,1
-0.46905503,-0.44122058,-0.99840546,-0.08745603,0
-0.6192363,-0.24633306,-0.995176,-0.22735882,0
-0.7556621,0.055051535,-0.97678745,0.007878244,0
-0.8830886,-0.00015793741,-0.9884515,0.03791964,0
-0.07911444,0.51160586,-0.9889857,-0.089873895,1
-0.25362402,0.84526974,-0.9838178,0.07800381,2
-0.21811378,-0.75383246,-0.9984547,0.18047677,0
-0.28180516,-0.40724915,-0.9889855,0.15061954,0
-0.15858206,0.37034637,-0.9889946,-0.007946596,2
-0.33213615,0.7074812,-0.98467183,0.041859657,1
-0.8283999,0.14106077,-0.985921,0.1957574,1
-0.79385227,0.32377493,-0.98175824,0.29986095,0
-0.42221934,0.15723917,-0.99229664,-0.21525496,2
-0.5884601,0.14604133,-0.9917758,-0.19821706,0
0.37124193,0.19324274,-0.98826206,0.41612887,2
0.0014358461,0.3870627,-0.99125904,-0.088724464,0
0.53410363,-0.38205498,-0.9897117,0.6128968,2
-0.8462818,0.20219761,-0.98322964,0.30030882,1
-0.34249052,0.6207169,-0.98638964,-0.01957111,2
-0.31403738,-0.43100494,-0.9920457,0.29284343,2
-0.8775202,0.27153698,-0.97994256,0.46349907,1
-0.28358117,-0.7377503,-0.9981503,0.22058553,0
-0.9267703,-0.1426638,-0.9903311,-0.025371298,0
-0.8953804,-0.11565265,-0.99189955,-0.14363846,0
-0.8366659,0.2457039,-0.9815436,0.392703,1
-0.5652623,0.4531356,-0.98595095,0.076878175,1
-0.3315412,0.72501945,-0.9845034,0.090920486,2
-0.3130027,0.29867354,-0.9926288,-0.25482216,0
-0.7889966,-0.048710138,-0.9925953,-0.16390955,0
-0.80079967,0.39151677,-0.9804931,0.42085254,1
-0.8080046,0.008575961,-0.9921116,-0.17434788,0
-0.8422229,0.27317807,-0.9806693,0.45643508,1
-0.8381639,0.26548302,-0.98146117,0.40371484,1
-0.22617504,0.53313756,-0.98649687,0.040128857,2
-0.56227314,0.51694715,-0.9841167,0.16253111,0
-0.65207386,0.19444986,-0.99240017,-0.19244507,0
-0.16898045,-0.18240559,-0.9959243,-0.08639407,0
0.14775258,-0.12291008,-0.99125695,0.3109398,2
-0.5659303,-0.40029132,-0.99618167,-0.10468984,0
-0.83221376,0.21366929,-0.98276085,0.3504582,1
-0.8440467,0.28219977,-0.9800647,0.4831295,1
0.35220486,0.39205348,-0.9881324,0.2432952,2
0.37499464,0.2691872,-0.9958385,-0.088860065,2
-0.42910802,0.7338406,-0.98305655,0.15664619,2
-0.5529292,0.38831085,-0.9864479,0.052912585,1
-0.74637043,0.32182622,-0.98268515,0.3127973,1
-0.38688362,0.6922628,-0.9851459,0.04802923,2
-0.6673292,0.46833944,-0.9820314,0.3113134,1
-0.4691476,0.6935311,-0.9824552,0.20745951,1
-0.67392784,-0.29391867,-0.9945801,-0.17445281,0
-0.28665936,0.7455526,-0.9835104,0.11792958,2
-0.9167148,0.2022092,-0.9803699,0.4279853,1
-0.22617981,0.7069748,-0.98602533,-0.031826362,2
-0.9406768,0.014350653,-0.9858385,0.17410435,0
0.22584796,0.40048122,-0.9896551,-0.043963656,2
-0.84233606,0.09083983,-0.9869942,0.08065407,0
-0.8666221,0.16388097,-0.9829494,0.35382313,1
-0.84685445,0.30120546,-0.9813164,0.40591285,1
-0.5263043,0.04942356,-0.99430424,-0.33646575,0
-0.7653545,0.37555307,-0.9815842,0.3802141,1
-0.6377563,0.21546653,-0.989026,-0.05981703,0
-0.7954279,0.18349206,-0.986196,0.10645735,0
-0.4599826,0.5682548,-0.98454404,0.1243667,1
0.39992625,0.11905283,-0.99416924,0.14019994,2
-0.8556226,0.26353768,-0.981908,0.40006775,1
-0.718179,0.05374296,-0.9921857,-0.22082844,0
-0.061982065,0.04982622,-0.9907153,0.11647688,0
-0.44959953,0.2930175,-0.99128187,-0.19366491,2
-0.5513899,-0.2866379,-0.9951255,-0.14835644,0
-0.7669089,0.46440464,-0.9780293,0.51891875,1
-0.83951795,0.18308844,-0.983986,0.28054297,1
-0.8949499,-0.030918688,-0.99010575,-0.051740363,0
-0.17931831,0.7092584,-0.98666346,-0.01184845,2
-0.8720255,0.13224113,-0.9843312,0.26631302,1
0.082674146,0.53448975,-0.981221,0.29847637,2
-0.85452604,-0.011006981,-0.9898145,-0.061823636,0
-0.0023777783,0.7686908,-0.9872177,-0.11619136,2
-0.64455,-0.3299951,-0.99660605,-0.17443654,0
0.14324147,0.5510908,-0.9897485,-0.054352447,2
-0.78167206,0.11550422,-0.9899342,-0.10631111,0
-0.89477277,-0.05924329,-0.98997355,-0.04037346,0
-0.8741752,0.113355115,-0.9838344,0.30124998,1
-0.9767729,-0.082448095,-0.9859901,0.17145364,0
-0.57664716,0.579987,-0.981144,0.32044744,1
0.0030466914,0.63139284,-0.98722893,0.008478798,2
-0.8825066,0.22137794,-0.98051924,0.4763018,1
-0.77390426,0.26395577,-0.9846032,0.17398098,0
-0.63586366,0.36628497,-0.9835354,0.26693404,0
-0.1602827,0.58537626,-0.9885339,-0.08822179,2
0.077595174,-0.6522493,-0.9994055,0.109900534,0
0.09752315,-0.11300516,-0.9956385,-0.09876022,2
0.13070542,-0.48264354,-0.99325997,0.45576397,2
-0.27314594,0.046652094,-0.9909121,-0.037322253,2
-0.28714007,-0.17675123,-0.9670361,0.20289904,0
-0.76386017,0.19768633,-0.98641723,0.13222353,1
0.13671428,-0.20173371,-0.9916958,0.34520647,2
-0.8123323,0.32874513,-0.98032916,0.47205427,1
-0.6909243,0.33561444,-0.986964,-0.0066212267,0
-0.78334236,0.27011767,-0.9821607,0.33849517,1
-0.7746842,0.4533748,-0.98021185,0.4309045,1
-0.66411567,0.4345181,-0.9843496,0.18257216,0
-0.3491667,0.6566433,-0.98560244,0.06455324,2
-0.34257352,0.0009204298,-0.9922153,-0.056965455,0
-0.22884423,-0.25847548,-0.99779797,-0.20551896,0
-0.14141664,0.71133274,-0.98635024,0.040702477,2
-0.5187927,0.52580607,-0.9835097,0.22791453,1
-0.08114272,0.37951356,-0.98924804,-0.08257355,2
-0.6671543,0.3787963,-0.9831836,0.2660968,1
-0.5815207,0.16520976,-0.9904728,-0.12437183,0
0.15468174,0.9100664,-0.9863001,-0.03623815,2
-0.9395928,0.015897706,-0.98541987,0.21340853,0
-0.26598686,0.66901,-0.9870149,-0.03722106,2
-0.54231405,0.13917828,-0.9937321,-0.32182428,1
-0.88834465,0.15637612,-0.9808234,0.43045256,1
-0.6492349,0.0936542,-0.99203545,-0.2234306,0
0.52208436,0.40692735,-0.99106723,0.0018511564,2
0.062536955,0.40071577,-0.9909618,-0.12197843,2
-0.852373,0.18360147,-0.983424,0.32527775,1
-0.83934367,0.20932992,-0.9826713,0.36093867,1
-0.43081406,0.17054112,-0.9922446,-0.24514529,0
-0.2970894,-0.5965955,-0.9970387,0.07001254,0
-0.75577873,0.41719162,-0.9806383,0.37708706,0
0.3245756,-0.3763258,-0.990759,0.61938477,2
-0.46853548,0.5950667,-0.9845178,0.0957122,2
-0.8358366,-0.050861567,-0.9927641,-0.18757477,0
-0.8002004,0.119536534,-0.9832695,0.19448549,0
-0.69156724,0.35760528,-0.9834407,0.24378586,1
0.34751445,-0.074846864,-0.9906542,0.39525387,2
-0.7639594,0.07721847,-0.990286,-0.06440322,0
-0.16559714,-0.033215404,-0.97927773,-0.07017787,0
-0.46409178,-0.4236682,-0.99287385,-0.026353851,0
-0.6619684,0.65535605,-0.9779493,0.5129204,1
0.05323577,0.40069708,-0.9900952,-0.028629243,2
-0.7052216,0.29044065,-0.9861207,0.1307029,1
-0.7540342,0.15319954,-0.98799217,-0.0044702888,0
0.39055574,0.08793187,-0.9884208,0.43498787,2
0.37469548,0.24645656,-0.987594,0.32390356,2
-0.31161612,-0.5948317,-0.9857176,0.21009131,0
0.27133894,0.16578433,-0.9864085,0.2085918,0
0.6042087,0.0104086995,-0.9913916,0.4509916,2
-0.4911194,0.010932744,-0.9938579,-0.26699346,0
-0.736616,0.5478966,-0.96921813,0.65470475,1
-0.961954,-0.18667904,-0.9902731,-0.029036522,0
-0.7293426,0.3840099,-0.98120487,0.37986577,1
-0.4784274,0.2991829,-0.99121785,-0.23068467,0
-0.6106564,0.28179997,-0.9895237,-0.08048339,1
0.03078115,0.20945776,-0.99121165,-0.12138885,2
-0.7210221,0.23254967,-0.98705435,0.09131631,1
-0.2279751,0.59493315,-0.9871246,0.051344827,2
-0.44892418,0.4168467,-0.9872158,0.02946353,1
0.41439503,-0.30618805,-0.99680364,0.20433284,2
-0.4892124,0.43618077,-0.98750097,-0.03731008,2
0.00576967,-0.02422461,-0.9945036,-0.0032593757,2
0.53959644,-0.2250981,-0.98802537,0.62784714,2
-0.83160746,0.47506833,-0.9721038,0.6982602,1
-0.8948554,0.073459715,-0.9876345,0.06350889,0
-0.22621435,0.15371525,-0.99240327,-0.2006186,0
-0.51772714,0.29770625,-0.9890336,-0.05212681,2
0.34286904,-0.6495971,-0.9753905,0.8037287,2
-0.47736755,0.67732954,-0.9818018,0.28418088,2
-0.8597014,0.010923371,-0.98922163,-0.008888334,0
-0.788905,0.12477356,-0.9881007,0.009253815,1
-0.20945382,0.6600205,-0.98752004,-0.09064016,2
-0.8874181,-0.085152686,-0.9898453,-0.044179767,0
-0.85497296,0.15638849,-0.9833582,0.3443746,1
-0.09799516,0.059422255,-0.9954168,-0.28777316,0
-0.9881776,0.029671863,-0.98251224,0.3009581,0
-0.81353843,0.06086068,-0.9869515,0.1004557,1
-0.54226846,0.66271996,-0.9797684,0.42360848,2
-0.36866218,-0.43151176,-0.99495727,-0.03126329,0
0.54406834,-0.060522288,-0.98864305,0.59155214,2
-0.48266432,0.44643003,-0.9862463,0.065756075,1
-0.83250767,0.39805847,-0.97637963,0.6272715,1
-0.8603829,0.20097075,-0.9823329,0.37566125,1
-0.45860192,0.5315491,-0.98646986,0.019642659,2
-0.40932304,0.6295783,-0.9840799,0.06989781,2
0.42499816,-0.6083528,-0.98976046,0.8387026,2
-0.3559841,0.48699957,-0.9884609,-0.041145504,2
-0.8595228,0.11068988,-0.9861236,0.18220168,0
0.5085957,0.12532663,-0.991644,0.3025807,2
-0.739885,0.33174253,-0.9846049,0.121371195,0
-0.78307784,0.18103504,-0.9867881,0.08616151,0
-0.5089324,0.010317177,-0.99272424,-0.23319435,0
-0.8893229,0.10226065,-0.985467,0.20417008,1
-0.063248634,0.5718473,-0.98866385,-0.087483525,2
-0.40726018,-0.35088384,-0.9908331,0.11441216,0
-0.8395976,0.27255082,-0.9738564,0.45626718,1
-0.76214755,0.3933565,-0.9809781,0.42181242,1
-0.7701682,0.4689378,-0.978106,0.5511389,1
-0.8332814,0.23279305,-0.98191303,0.4138601,1
-0.09732154,0.1348443,-0.9921494,-0.27854776,0
0.14604974,0.34617007,-0.9879167,0.04142931,2
-0.045048743,0.706002,-0.9879897,-0.086980656,2
0.48892868,-0.46902126,-0.9856674,0.8448176,2
-0.21723813,0.64745027,-0.98695,-0.04928024,2
-0.32187593,-0.10655612,-0.99355024,-0.104843035,2
-0.9294785,-0.14757174,-0.9912433,-0.09647392,0
-0.8821121,-0.099635124,-0.99184275,-0.1478205,0
-0.79582846,0.21384339,-0.9831436,0.25551048,1
-0.322143,0.70691586,-0.9857824,0.0058203936,2
-0.7949567,0.23692538,-0.98472893,0.19997434,0
-0.96858835,0.03641972,-0.9685266,0.29876095,1
-0.8757199,0.018586308,-0.98767644,0.086510226,0
-0.24793592,0.611952,-0.98621815,-0.0059259236,2
0.12626463,0.74306804,-0.98838437,-0.13797337,2
0.20133096,0.057808757,-0.9912383,0.27117527,2
-0.1347439,0.6691346,-0.9876071,-0.08803785,2
-0.62959665,0.41696194,-0.98518574,0.10594473,1
-0.8778139,-0.10645157,-0.9920774,-0.15383753,0
-0.8142791,0.19601049,-0.985791,0.14467867,0
-0.55722255,0.53197896,-0.983266,0.22369389,1
0.5865487,-0.12903926,-0.99150586,0.610924,2
-0.83279055,0.21924104,-0.9812497,0.44645318,1
-0.77695024,0.41656137,-0.9803297,0.37495792,0
-0.85784376,0.10422245,-0.9860273,0.15968147,1
-0.83409774,-0.090026736,-0.99341625,-0.20043707,0
-0.8283497,0.2425875,-0.9819396,0.41803584,1
-0.8162239,-0.020635873,-0.99180883,-0.14973295,0
0.11611956,0.63853,-0.9863483,0.0755889,2
-0.31034613,0.64776206,-0.98387533,0.2327558,2
-0.40942758,0.5242355,-0.98644096,0.03814572,1
-0.9301653,-0.20038098,-0.99204093,-0.12586662,0
-0.7518556,0.2246146,-0.9865322,0.07919093,0
-0.758875,0.3604762,-0.97296554,0.3528664,1
-0.9260521,-0.09035209,-0.9899265,-0.04426834,0
-0.11880162,0.70199233,-0.986939,-0.07508467,2
-0.8501006,0.23524801,-0.9828789,0.30024144,0
-0.38063186,0.40941757,-0.9896418,-0.11957693,2
-0.32370248,0.6907234,-0.9852328,0.08617766,2
-0.6845417,0.3522198,-0.9854359,0.11659582,0
-0.89733773,-0.10330224,-0.9905126,-0.04238999,1
-0.2694006,0.62604034,-0.9862372,-0.0388937,2
-0.40581164,0.36469588,-0.99067116,-0.17043301,2
-0.6668117,-0.08301842,-0.9939985,-0.26331222,0
-0.080558985,-0.34142214,-0.9957177,0.13138826,0
-0.8499752,0.15841468,-0.9845452,0.27447632,1
-0.7616121,0.41538465,-0.98086935,0.39475143,1
-0.9016517,-0.07125002,-0.9902851,-0.065962106,0
-0.92817605,0.024721071,-0.9838564,0.30943203,1
-0.7452483,-0.17245045,-0.99466276,-0.27357298,0
0.14820993,0.21526313,-0.9917678,-0.17339662,2
-0.5748081,-0.24380189,-0.9967181,-0.28273946,0
-0.90207374,-0.10508129,-0.98816264,-0.029000178,0
-0.47299406,0.7197384,-0.98101145,0.2868644,0
-0.7919532,0.2524814,-0.9842385,0.24708201,1
-0.68565273,0.41975236,-0.9835271,0.22330436,0
-0.11495903,0.0035089254,-0.9946088,-0.100876674,2
-0.8229428,0.30859494,-0.9808562,0.43198305,1
-0.96407074,-0.12201929,-0.9886012,0.056285962,0
-0.8240645,0.18910141,-0.9769761,0.30386305,0
-0.9069745,0.1729359,-0.98051405,0.47152206,1
0.40208757,0.05133632,-0.99566764,0.051822737,2
-0.70382136,0.598137,-0.9766678,0.56407464,1
-0.8565905,0.1490927,-0.98332083,0.3177366,1
-0.65473557,0.061200097,-0.99144757,-0.14321178,0
0.15700537,-0.037969977,-0.99238175,0.13399914,2
-0.41696405,-0.27380687,-0.99589336,-0.21287602,0
-0.25060678,0.56290865,-0.988697,-0.10756089,2
0.040391326,0.65790296,-0.986118,0.08861365,2
-0.87283903,-0.010120273,-0.9891218,-0.024312928,0
-0.7083256,0.4356575,-0.98130876,0.3115967,1
-0.4675093,0.68651205,-0.98316383,0.1790342,2
-0.6313024,0.41400146,-0.9849541,0.14155044,1
-0.7553583,-0.037973523,-0.9930832,-0.22670963,0
-0.8218044,0.47188723,-0.97618026,0.63547283,1
-0.48167703,-0.26359713,-0.99043256,-0.09946063,0
-0.44741675,0.22456214,-0.9893435,-0.07138394,2
-0.7170954,0.35350552,-0.98299813,0.28020763,1
-0.748522,-0.056428462,-0.9950929,-0.31220073,0
-0.62827575,0.4993239,-0.9823695,0.2434493,2
-0.58312505,0.3019019,-0.987808,-0.01626344,0
-0.8863387,-0.09791967,-0.99219245,-0.15712029,0
-0.7894925,0.24581191,-0.98393005,0.27588528,1
-0.8224791,0.09553824,-0.9888653,-0.029598981,0
-0.74997306,0.30168158,-0.9751001,0.20974284,0
-0.84882665,-0.014105022,-0.98997366,-0.051088244,0
-0.89268744,0.11952841,-0.9847175,0.20372355,0
-0.86212945,-0.0055466294,-0.9907603,-0.11584617,0
-0.4093582,0.77483374,-0.9816676,0.21157026,1
-0.945788,0.0015052706,-0.9859456,0.16485399,0
-0.8450719,0.22152102,-0.9823505,0.3717721,1
-0.01298815,0.08812103,-0.99084085,0.032984637,2
-0.8805486,-0.048074454,-0.98952097,0.011380047,1
-0.83045626,0.05738908,-0.9880018,0.06115386,0
-0.42492104,0.5893692,-0.98501086,0.047606938,1
-0.84897333,0.12177466,-0.9848253,0.19840689,1
0.65278995,0.051865354,-0.99488884,0.29186314,2
-0.9612389,-0.0017064363,-0.98346573,0.2748565,0
-0.68215287,0.63354075,-0.97821456,0.47209904,1
-0.28522655,0.19969004,-0.9921522,-0.23384613,2
-0.52183664,0.444529,-0.988722,-0.073760286,2
0.12538612,0.47417158,-0.9897957,0.006574139,2
-0.18452695,-0.34153867,-0.9910968,0.3354262,0
0.44690675,-0.5591172,-0.9921044,0.814957,2
0.2375369,0.53308773,-0.9859273,0.120573506,2
-0.74522424,0.2281655,-0.9871227,0.021066166,0
-0.034968376,0.3279159,-0.988553,-0.080996096,2
-0.61003363,0.24741036,-0.9886795,-0.034390062,0
-0.6159154,0.32433102,-0.9867703,0.06355415,1
-0.59801835,0.2888159,-0.98756737,-0.03451237,0
-0.5167216,-0.39991212,-0.9978022,-0.14609835,0
-0.8394716,0.27071854,-0.9808026,0.45472774,1
-0.93952334,-0.12854218,-0.9901217,-0.023975134,0
-0.75213397,0.59735954,-0.97361696,0.68122965,1
-0.78446007,0.2419842,-0.9854573,0.13401146,0
0.022690296,0.48023668,-0.9854855,0.18427752,2
-0.39874348,0.23383273,-0.9927697,-0.25890636,2
-0.97295684,-0.186854,-0.98942417,0.008182913,0
-0.4906808,0.717062,-0.9813225,0.28628182,2
-0.79665184,0.50890934,-0.97665876,0.63120055,0
-0.82347584,0.32652992,-0.9798958,0.44372338,1
-0.82051945,0.39485514,-0.97801274,0.5629194,1
0.23729777,0.65015805,-0.9861957,0.16868186,2
-0.54695565,0.19068201,-0.99142,-0.17543063,2
-0.4332052,-0.2394315,-0.9896402,-0.0777528,0
-0.22123507,0.40433276,-0.9866269,-0.028071508,0
-0.01992333,0.44731283,-0.9882404,-0.050525665,2
0.5177075,-0.4646442,-0.99251527,0.3071106,2
-0.7567875,0.40982658,-0.981038,0.3855466,1
-0.10280886,0.61593735,-0.9875982,-0.045825645,2
0.47208786,-0.102913976,-0.99141484,0.5072855,2
-0.9204277,-0.044535965,-0.9887147,0.056995273,0
-0.6739334,0.7186569,-0.9760124,0.60659826,1
-0.76481134,0.34623295,-0.9828773,0.29133058,1
-0.78597015,0.3378913,-0.98010033,0.4485719,1
-0.8284129,0.07959436,-0.98926383,-0.033073813,0
-0.90472555,-0.12697902,-0.9904969,-0.032485217,1
-0.903335,-0.043717086,-0.98776054,0.085961595,1
-0.10593638,-0.046583116,-0.99123555,0.21719542,2
-0.14438877,0.6212984,-0.9879965,-0.10935885,2
-0.37053135,0.07508361,-0.99255264,-0.20436445,0
-0.83481705,0.036710948,-0.9756122,0.150326,1
-0.8973923,-0.108727574,-0.9913984,-0.11435178,0
-0.8217298,0.3710016,-0.97850764,0.5601722,1
-0.342754,0.36490524,-0.9899894,-0.1269364,2
-0.8636693,-0.013013944,-0.99068004,-0.046731234,0
0.3270594,-0.5044387,-0.9922927,0.59169996,2
-0.7750675,0.41712517,-0.982412,0.26941216,1
-0.6276846,0.39660472,-0.9831708,0.25080293,1
-0.900764,-0.022670269,-0.98936427,0.001059413,0
-0.6293799,0.014925435,-0.9941949,-0.28473172,0
-0.87869793,0.2612392,-0.98002183,0.44837472,1
-0.20094201,0.6037701,-0.98758143,-0.10914023,2
0.054908514,0.75173277,-0.98902076,-0.14871639,2
-0.5893412,0.426588,-0.98486435,0.14979632,1
-0.7939882,0.25238633,-0.9853128,0.18172339,1
0.14304441,0.16347423,-0.9945534,-0.086914465,2
0.40696883,-0.5385576,-0.97996134,0.7753111,2
-0.23338903,0.70665604,-0.9863755,-0.07449199,1
0.010467619,-0.26525095,-0.9905104,0.45056367,2
-0.4846358,0.33666676,-0.99009067,-0.15588087,0
-0.6586223,0.55135596,-0.9794588,0.3686643,1
-0.85706544,0.24112941,-0.98117125,0.4146207,1
0.14578134,0.48699632,-0.99107456,-0.17864889,2
-0.8899554,-0.021863788,-0.9872732,0.14137852,1
-0.27711433,-0.48813474,-0.9999393,-0.032313854,0
-0.8368716,0.20806123,-0.9830976,0.3261864,1
0.16012144,0.22155738,-0.99383754,-0.034849793,2
-0.9007541,-0.097200364,-0.99078065,-0.087185815,0
-0.3853887,-0.047585398,-0.99620634,-0.28623706,0
-0.7891831,0.34843758,-0.9800937,0.46759167,1
-0.36688143,-0.142176,-0.99487203,-0.17368856,0
-0.89046746,0.33337682,-0.97659683,0.64542514,1
0.12612051,0.5409682,-0.98982364,-0.029004678,2
-0.85905206,0.15239584,-0.9839357,0.29769582,1
-0.8515641,0.065698534,-0.98890847,-0.032137796,0
-0.7315675,0.6420673,-0.9750825,0.6498011,1
-0.61685884,0.42930415,-0.98362064,0.18907197,2
-0.89989793,-0.12048715,-0.99144715,-0.10188672,0
-0.04242754,0.7617686,-0.9860528,0.029007114,2
-0.8883567,-0.09666997,-0.9906813,-0.035851136,1
-0.79576856,0.32257196,-0.98095065,0.44132465,1
-0.13869888,0.75472087,-0.9849195,0.11281355,2
-0.39116168,0.47523084,-0.9891452,-0.14478332,0
-0.7770886,-0.024464488,-0.992102,-0.17984438,0
0.3887282,0.22475825,-0.98831224,0.30696812,2
-0.5287993,0.4075629,-0.98585224,0.074892,2
0.4655065,-0.082558125,-0.99015623,0.46326154,2
-0.9766414,-0.25133368,-0.9904711,-0.07260607,0
-0.80486727,0.3115724,-0.9817249,0.363427,1
-0.43321386,-0.10748106,-0.995381,-0.17788586,0
-0.83467686,0.23832253,-0.98271656,0.33571023,1
-0.8608063,0.11126038,-0.9845895,0.27841106,1
-0.9556545,0.012436271,-0.9827372,0.31525126,0
-0.5179995,0.5438705,-0.9836747,0.1859149,0
-0.59609914,-0.16072309,-0.9965942,-0.38702267,0
0.018833518,0.73382187,-0.9874676,-0.09196742,2
-0.3171518,0.82779723,-0.9831718,0.11919427,2
-0.38353753,0.5993867,-0.98589844,-0.007639542,2
-0.42977044,0.724157,-0.9814589,0.27056214,2
-0.12288728,0.409373,-0.99069875,-0.18961519,2
-0.87580836,0.02147007,-0.98838884,-0.0028339773,0
0.06098616,0.47317576,-0.9880356,0.03632438,2
-0.67559856,0.19771409,-0.9881331,-0.038977414,0
-0.59229994,0.30763865,-0.98769456,0.03148006,1
-0.855832,-0.09490186,-0.99379885,-0.25364923,0
-0.7973155,0.087118655,-0.9909453,-0.1482709,0
-0.5759731,-0.14296773,-0.9949529,-0.28208604,0
-0.12479994,0.35187793,-0.9923393,-0.22662264,2
-0.7828047,0.2178219,-0.98539644,0.15539168,0
-0.86549723,0.20779407,-0.97875345,0.515713,1
-0.090447485,0.25968483,-0.9938019,-0.27998474,2
-0.11915302,0.12097537,-0.99351555,-0.12247458,0
-0.02293241,0.49678126,-0.9852492,0.1985935,2
-0.36804518,0.6201093,-0.9853563,0.083664805,2
-0.9090395,-0.08945605,-0.98951614,-0.01643537,0
-0.49985042,0.71281874,-0.9812401,0.3081616,2
-0.31964743,0.6436871,-0.9843064,0.035120502,2
-0.48483643,0.5455015,-0.9846726,0.121741086,1
-0.2792998,0.7680035,-0.98506427,0.0076228976,2
-0.90175307,-0.1208522,-0.99170786,-0.13699788,0
-0.55721176,0.77628976,-0.9783737,0.42558944,1
-0.39997727,0.030716851,-0.9913567,-0.048512325,0
0.027785063,-0.6371302,-0.88925195,0.669182,0
-0.34765655,0.65908486,-0.9858032,0.056892477,2
-0.7332866,0.27166927,-0.986229,0.06452191,0
-0.8485491,0.02900058,-0.98761714,0.11033134,1
-0.7842349,0.12163271,-0.98779315,0.030672051,0
-0.7848973,0.4961335,-0.97567385,0.6967003,1
-0.6903602,0.52673674,-0.980606,0.3856467,1
0.20471907,0.113295935,-0.9882722,0.31189066,2
-0.8111323,0.09446439,-0.98804164,0.061536305,1
-0.0028377175,-0.02295342,-0.99447966,0.18477258,0
-0.6707716,0.21475163,-0.98866856,-0.053817317,1
-0.97379935,-0.043421388,-0.98626596,0.13755494,0
0.16748422,-0.036929548,-0.98960745,0.42426687,2
-0.09619412,0.16850168,-0.99166423,-0.034892008,2
0.46530974,-0.10674167,-0.996548,0.07316759,2
-0.53803414,0.80912286,-0.97805387,0.48307124,1
0.25555104,0.47577578,-0.98869133,0.0209653,2
-0.7818131,0.29644564,-0.9831106,0.26878783,1
-0.61434996,0.35417542,-0.98661995,0.053984433,1
0.16974378,-0.03282219,-0.9756174,0.5095124,0
-0.57414114,0.2902961,-0.9887182,-0.048662484,0
-0.84705365,0.17615795,-0.98411894,0.30499095,1
-0.8214518,0.3090719,-0.98003715,0.42876348,1
-0.8461684,0.18631656,-0.9845748,0.24091455,1
-0.7855339,0.29030597,-0.98202795,0.3870732,1
-0.88847333,-0.089107394,-0.99209356,-0.15643904,0
-0.3279178,0.8033928,-0.9831636,0.12170183,2
-0.75380075,0.30500644,-0.98461163,0.16116123,0
-0.48228437,0.5957123,-0.9830957,0.21110919,2
-0.72111475,0.61349726,-0.9771715,0.55647707,1
-0.19333696,0.672109,-0.98598385,0.0076629966,2
0.55205405,-0.3305232,-0.99239427,0.73058367,2
-0.834105,0.27485883,-0.98047763,0.46865442,1
-0.44987416,0.28458276,-0.9913007,-0.19822729,2
-0.64546895,0.1763187,-0.9909699,-0.13717446,1
-0.61390495,0.34393746,-0.98744816,0.014845327,0
-0.76057893,0.26584765,-0.98480546,0.17879647,0
-0.32839668,-0.039685994,-0.9921761,-0.20366624,0
-0.16728246,0.43182084,-0.98698324,0.09120749,2
0.07483679,0.49697033,-0.98987746,-0.17384195,2
-0.8379297,-0.038844436,-0.99161655,-0.121359825,1
-0.7565722,0.14408362,-0.9918816,-0.1895017,0
-0.12696785,0.75964254,-0.9840083,0.18520954,2
-0.87440693,0.088035256,-0.983554,0.33732843,1
-0.33013195,0.40068185,-0.9896784,-0.13083598,2
-0.16459313,-0.060060322,-0.996715,-0.1740922,0
-0.76231074,0.35358006,-0.98135483,0.39222696,1
-0.8230758,0.13023826,-0.98676556,0.12880379,0
-0.34402472,0.74377674,-0.9817922,0.20795363,2
-0.43107423,0.5326296,-0.98683655,-0.033397958,2
-0.04924217,0.4215759,-0.9904075,-0.21662343,2
-0.37851408,0.7266286,-0.9840623,0.108866826,2
-0.28095323,0.7466794,-0.98525256,0.060804546,2
-0.6120275,0.33934474,-0.9883614,-0.025826678,0
-0.5827398,0.66931796,-0.9804989,0.32655287,1
-0.6727579,0.5216893,-0.98011965,0.41496277,1
-0.21181539,0.4393931,-0.98933756,-0.053961083,2
-0.069275945,0.6964384,-0.9880746,-0.1015688,2
-0.8614192,0.11284251,-0.98494965,0.24250782,1
-0.84322333,0.19329199,-0.98185813,0.38839096,1
-0.9185781,-0.07966775,-0.9891764,0.033633895,0
-0.779269,0.2789665,-0.98382086,0.21964495,0
-0.8514957,0.18483368,-0.9791748,0.38200784,1
-0.19974887,0.5844247,-0.9871347,-0.071727216,2
0.17766511,0.42576328,-0.9906825,-0.112133086,2
0.16075188,0.62167025,-0.9856767,0.08392559,2
-0.7393649,0.3599532,-0.9849991,0.15149483,0
-0.8624289,0.099940166,-0.9861557,0.16748302,0
-0.84768414,0.042268217,-0.98782593,0.03112682,0
-0.8656929,0.06625822,-0.98535997,0.17764196,0
-0.71957827,0.44516897,-0.98106116,0.37462172,2
-0.84027046,0.12582518,-0.98408103,0.27338424,0
-0.018935502,-0.21976984,-0.99886364,-0.0486414,0
-0.20532465,0.60169524,-0.9881237,-0.093991116,2
-0.5824224,0.37894988,-0.9887423,-0.07913464,0
-0.32399607,0.7508644,-0.98428935,0.055661425,2
-0.6298217,0.66331553,-0.9750076,0.5241341,1
-0.7241167,0.5345275,-0.97896266,0.46993816,1
-0.6898522,0.5672096,-0.9794994,0.4272646,1
-0.8532566,0.04607451,-0.9861976,0.16925795,1
-0.8300941,0.3571164,-0.9776265,0.60830295,1
-0.9096436,0.19628483,-0.9806637,0.4222985,0
0.11639792,-0.08489671,-0.98825413,0.29186654,2
-0.5819135,0.37524915,-0.9859907,0.09155449,1
-0.25271147,0.5057329,-0.98578537,0.12513338,2
0.31687576,-0.026557028,-0.9899703,0.44542515,2
-0.6640141,-0.27392644,-0.9949986,-0.25717485,0
-0.5000219,-0.18815532,-0.99468976,-0.16977778,0
-0.80245066,0.38253435,-0.980889,0.4002824,1
-0.7824781,0.245481,-0.984372,0.20718224,1
0.06843048,0.47519982,-0.9864977,0.19193196,2
0.2039631,0.0621583,-0.9859942,0.42126462,2
0.8218018,-0.5156019,-0.991057,0.99652815,2
-0.57347727,0.40146297,-0.98611003,0.11838658,2
0.062297165,0.17543247,-0.99143916,0.098392904,2
-0.71613777,0.26175597,-0.9856895,0.16487728,1
-0.7785541,0.065696955,-0.9908178,-0.14534459,0
-0.8697634,-0.046664596,-0.99045986,-0.060667068,0
-0.21029392,0.7516529,-0.9856767,-0.012463853,1
-0.98455465,-0.05941546,-0.9848557,0.21886882,0
-0.3743883,-0.23392892,-0.9929138,-0.047388896,0
-0.6704757,-0.14835605,-0.99549747,-0.25349867,0
-0.33288234,0.86413693,-0.98187,0.22446635,2
0.0064389706,0.58374053,-0.98753715,0.015344627,2
-0.569281,-0.06666365,-0.99477464,-0.2766869,0
0.19235867,-0.6327836,-0.9903873,0.65395164,0
-0.79886544,0.5047953,-0.9771152,0.58434963,1
0.0054139793,0.7448547,-0.98755544,-0.0589038,2
-0.7929975,0.20134147,-0.98546547,0.17980027,1
-0.7535908,0.1890035,-0.98881257,-0.049860507,0
0.030964434,0.82545274,-0.98701626,-0.058172792,2
-0.79489887,0.3164579,-0.9830219,0.27303055,0
0.002161771,-0.10480431,-0.9952331,-0.027736038,2
-0.78514946,0.09664361,-0.9890617,-0.010001898,0
-0.88834155,-0.07172996,-0.99220127,-0.14110038,0
-0.6814238,-0.04711458,-0.9721183,-0.0904174,0
-0.579155,0.7392989,-0.97815883,0.4946394,2
-0.1617696,0.65400064,-0.9878949,-0.089576304,2
-0.50655526,0.44115144,-0.9863789,0.05409365,1
-0.44325352,0.61793005,-0.985505,0.047188856,2
-0.589547,-0.13857505,-0.9948864,-0.28513223,0
0.42826718,0.36758304,-0.9794407,0.30197215,2
-0.21038273,-0.46246243,-0.99012214,0.28350034,0
-0.8416625,-0.15734845,-0.9943151,-0.25565434,0
-0.9575251,0.001205638,-0.98392767,0.24386635,0
-0.5082809,0.3081957,-0.9901289,-0.14264345,1
-0.33119655,0.80967915,-0.98236305,0.13406615,2
-0.8549831,0.0005193651,-0.99005175,-0.041807994,0
-0.50178874,0.67745864,-0.9799521,0.39007553,2
-0.6878265,0.08492611,-0.9931066,-0.23443505,0
-0.63175875,0.2868889,-0.9879908,0.015963957,0
-0.66071206,-0.08902308,-0.9940761,-0.26107594,0
0.42893386,0.05959846,-0.9941864,0.0645925,2
-0.55542636,0.20309536,-0.98841417,-0.0007350594,0
-0.6952086,0.31435266,-0.98434633,0.21921727,1
0.28620446,0.25781608,-0.99205947,-0.026743352,2
-0.016813934,0.50207055,-0.9854585,0.23720752,2
-0.8364154,0.34884077,-0.9695422,0.5220922,1
-0.4539497,-0.22703141,-0.99546534,-0.15988055,0
-0.69646263,0.40938866,-0.9807353,0.4019899,1
-0.82611847,0.32145858,-0.98031807,0.4456353,1
-0.44953975,0.6656262,-0.98334455,0.17467463,2
-0.6385994,0.23606327,-0.9893566,-0.083474234,2
-0.3101678,0.6246182,-0.98241657,0.2601096,2
-0.781741,0.34399664,-0.9827911,0.27385718,1
-0.9484019,0.010960728,-0.98286235,0.31196147,0
0.3152225,-0.5770656,-0.99259853,0.7092223,2
0.06760734,0.22728437,-0.9914414,-0.11476351,2
-0.8430576,0.0956832,-0.9866865,0.11773977,0
-0.29106694,0.8089523,-0.984142,0.0790174,2
-0.7461281,0.48346728,-0.9797472,0.44016126,1
-0.0905911,0.6574657,-0.9876796,-0.022803336,2
-0.8219867,0.226707,-0.98276615,0.31216073,1
-0.57323456,0.5596274,-0.9822873,0.28015924,1
-0.8493782,0.10363352,-0.9855098,0.21622151,1
-0.47273836,-0.2463175,-0.994272,-0.17631087,0
0.26089418,-0.5425958,-0.99055165,0.7460643,2
0.25061512,0.29673198,-0.9926543,-0.15254468,2
-0.5479711,0.7336194,-0.9791315,0.37550062,1
0.06994301,0.3008407,-0.9902299,-0.16910401,2
-0.96281505,-0.14832386,-0.9881192,0.05195778,0
0.67815447,-0.26169142,-0.98981166,0.8171609,2
-0.39454007,0.78118604,-0.98306155,0.15727465,2
0.030107439,0.36215085,-0.9917441,-0.20085415,2
-0.6785509,0.19198665,-0.9908737,-0.15341073,0
-0.40923512,0.520648,-0.98452425,0.13240476,1
-0.7084935,0.26969287,-0.98396957,0.25189635,1
-0.40919408,0.21996957,-0.9921868,-0.2300815,1
-0.38803792,0.62816966,-0.9852127,0.087674186,0
-0.24394183,0.5888984,-0.98725194,0.02065514,2
-0.65306926,0.59054315,-0.97792816,0.5227046,1
-0.5456964,0.3442614,-0.98744553,-0.037505493,0
-0.88994926,-0.10215476,-0.99086875,-0.07774867,0
-0.80612886,0.116789214,-0.98674667,0.14772317,1
-0.55316854,-0.4689412,-0.99466616,0.0910049,0
-0.57961315,0.44908798,-0.98451483,0.15995288,0
-0.3761773,0.52074337,-0.98803115,-0.086958095,2
-0.038188815,0.5440726,-0.9898065,-0.14159918,2
-0.41278508,-0.70436096,-0.99611187,0.08566846,0
-0.7647488,0.26353872,-0.9846633,0.2024419,0
-0.8114533,0.40095997,-0.9768866,0.53526884,1
-0.34259877,0.8446954,-0.98049545,0.30220413,2
-0.7687457,0.28568634,-0.9834306,0.26642102,1
0.13846844,0.54232454,-0.98755795,-0.06577495,2
-0.03368342,0.5203675,-0.9877125,-0.023641959,2
-0.633114,-0.155543,-0.99515134,-0.24337703,0
-0.86263454,-0.07629296,-0.98989284,-0.039859027,1
-0.6635715,0.37309927,-0.98334134,0.2691154,1
0.13539416,0.06351665,-0.99185985,0.09733957,2
-0.8586243,0.12874418,-0.9848829,0.19268392,0
-0.59532446,0.48792216,-0.984291,0.15091091,2
-0.76295376,0.3751565,-0.97988546,0.43339825,1
-0.7918006,0.14624777,-0.98823446,-0.004085198,0
0.36466724,0.33365262,-0.99309564,0.031080201,2
-0.69056815,-0.5338907,-0.9955706,-0.08040564,0
-0.8392102,0.09069255,-0.9870301,0.08938745,1
-0.8543409,0.007225871,-0.9894871,-0.014266685,0
-0.86701155,-0.0011448711,-0.9893305,-0.01959224,0
-0.26142287,0.001131624,-0.99415636,-0.21544817,0
-0.30530584,-0.47066468,-0.9942007,0.26768643,0
-0.83716893,0.043547645,-0.98825806,0.059212625,1
-0.78882027,0.3217494,-0.98276275,0.27272063,1
-0.79246783,0.2902096,-0.98216945,0.3658505,1
-0.0066748857,-0.51133,-0.98309535,0.4483141,0
-0.91703117,-0.081777155,-0.9893857,-0.021311432,0
-0.88021314,0.012563914,-0.98851717,0.0173496,0
0.2856912,-0.2986921,-0.98822093,0.7002601,2
-0.64073074,0.12498723,-0.9902494,-0.08233678,1
-0.71435595,-0.21838161,-0.9943648,-0.22935724,0
-0.88593006,0.06385869,-0.9857568,0.24084425,1
-0.11204332,0.5590266,-0.98842454,-0.048409894,2
-0.088754535,0.7030802,-0.9877618,-0.111120865,2
-0.0712122,0.5984396,-0.988367,-0.11907628,2
-0.87172586,0.33717072,-0.9762565,0.6221087,1
-0.41956964,0.5365622,-0.9871566,-0.04457897,2
-0.26281685,-0.6308085,-0.99505585,0.13879795,0
-0.6883886,0.38167483,-0.98436767,0.22597863,1
-0.016887218,0.6646867,-0.98854816,-0.11073376,2
-0.5725757,0.5863755,-0.98246455,0.2494061,0
-0.8972702,0.06351134,-0.9848966,0.23429441,1
-0.90411484,0.27829728,-0.9773941,0.6382639,1
-0.7190425,0.5075871,-0.98102605,0.33816242,0
-0.5795013,0.5551692,-0.98212343,0.28451294,1
0.1833641,0.39098,-0.99037415,-0.059787795,2
0.88991034,-0.43122208,-0.99159175,0.56161463,2
-0.6474626,0.36455387,-0.98404336,0.22660294,1
-0.79696476,0.11371984,-0.98929113,-0.037128195,0
-0.7881547,0.009826824,-0.992231,-0.1796642,0
-0.71419966,0.3182335,-0.9842072,0.237255,1
-0.66261864,0.5142018,-0.980834,0.3709129,1
0.51378447,-0.23046651,-0.9968219,0.25216568,2
-0.88645184,-0.0020189285,-0.9883144,0.044147752,0
-0.96556354,-0.17038354,-0.98927504,0.0110208765,0
-0.90185606,-0.1199342,-0.99185866,-0.13630348,0
-0.62206936,0.13935483,-0.9882433,0.05622232,0
-0.35429907,0.018850386,-0.99259835,-0.20240724,2
-0.853318,0.25051653,-0.98060215,0.46346432,1
-0.9591348,-0.14439973,-0.98891276,0.02863995,0
-0.7250401,0.4367382,-0.98007476,0.34640354,1
0.06968182,0.19648519,-0.99309486,-0.20021689,2
-0.7918561,0.23397803,-0.98462063,0.21173441,1
0.19245589,-0.06591609,-0.9952624,0.0040148646,2
-0.76022667,0.20679219,-0.9885891,-0.034024984,0
-0.5603202,0.27842727,-0.9908136,-0.22115153,0
-0.5695362,0.29813212,-0.98908573,-0.08236799,0
-0.48123515,0.68435836,-0.9829022,0.19760707,2
-0.7948818,0.15186784,-0.9873867,0.10116833,1
-0.7179153,0.027028337,-0.99448335,-0.28685462,0
0.28525865,-0.045335144,-0.9916713,0.27355987,2
-0.5121661,0.37957144,-0.9892882,-0.14366713,0
-0.05422625,0.550069,-0.9867332,0.058870308,2
-0.25212395,0.6363056,-0.9861138,0.011244327,2
-0.3978901,-0.16505456,-0.996286,-0.2035622,0
-0.6564208,0.09229535,-0.9905606,-0.13985524,0
-0.6009502,0.28696337,-0.98753595,0.041133896,1
-0.79920065,0.1653634,-0.98726046,0.07384479,0
-0.38636592,0.464374,-0.98932266,-0.14462498,2
-0.60461456,0.30664992,-0.9897,-0.15521073,0
-0.025318056,0.79166615,-0.9858472,0.072280355,2
-0.770229,0.44750118,-0.98089343,0.38655114,1
-0.3336962,0.18487996,-0.9906848,-0.09733032,0
-0.77537477,0.50076604,-0.97537,0.6570073,1
-0.65830606,-0.23025426,-0.9935771,-0.12715381,0
-0.610919,-0.5112023,-0.9777406,-0.04656087,0
-0.81904984,0.42448097,-0.9645074,0.6698593,1
-0.46443143,0.6364745,-0.9832213,0.20414165,2
-0.9163898,-0.019404128,-0.986602,0.12878615,0
-0.8958002,0.09371045,-0.98368025,0.28137827,1
-0.7096013,0.14118965,-0.98935676,-0.046413153,1
-0.79606044,0.2826493,-0.9821721,0.35664427,1
-0.7787471,0.011885852,-0.99103075,-0.13644469,0
-0.8257607,0.16320577,-0.9846512,0.26199603,1
-0.95975137,0.067512065,-0.9828616,0.2978475,0
-0.9144007,-0.12823784,-0.9895142,-0.025218934,0
-0.84246504,0.35125875,-0.97921896,0.51589227,1
-0.8862922,0.21108076,-0.98218745,0.36265147,1
-0.5350713,0.18877989,-0.98910916,-0.0606879,0
-0.7652406,0.15341726,-0.98109794,0.24500656,1
-0.5333025,-0.33385777,-0.99704367,-0.20704153,0
-0.8153783,0.045409694,-0.98854905,0.005904883,0
-0.87485594,-0.030855477,-0.9895439,-0.022270724,0
-0.5425691,0.5531484,-0.98367023,0.16566238,1
-0.7907987,0.18368842,-0.9843909,0.23950644,1
-0.8332225,0.24616967,-0.98113114,0.44399062,1
0.31457847,-0.12128425,-0.99112093,0.5475694,2
0.114409626,0.65858054,-0.9883476,0.017769642,2
-0.45759618,0.27424628,-0.99161375,-0.2108348,2
-0.781659,0.24762695,-0.9839155,0.28084233,1
-0.8962804,-0.021816075,-0.98735094,-0.0038782358,0
-0.7401701,0.5627276,-0.9784768,0.5104083,1
-0.7566885,0.34427717,-0.981414,0.4051084,1
0.23979634,0.05276309,-0.98016906,0.43561056,2
-0.75521904,0.2549862,-0.98321563,0.28205755,1
-0.39996982,0.68783534,-0.98104095,0.3306405,2
-0.20137382,0.46022898,-0.98944724,-0.10673979,2
-0.84773016,0.037054583,-0.99091196,-0.089347094,0
-0.685305,0.3028121,-0.9850981,0.19489294,1
-0.7218116,0.2898084,-0.9866307,0.034024417,0
-0.29855436,0.14667115,-0.9907664,-0.115964234,2
-0.54698753,0.46491787,-0.9853407,0.06320588,0
0.3533209,0.3412301,-0.9942871,0.068866074,2
-0.57668716,0.7302914,-0.9777454,0.46573108,1
-0.1272403,0.7264658,-0.98738253,-0.07539572,2
-0.9250183,-0.22256967,-0.9927861,-0.14694437,0
-0.843185,0.23440452,-0.98343885,0.29334247,1
-0.76483065,0.18225704,-0.98681694,0.11380265,1
-0.5393414,0.20235209,-0.9895666,-0.1080267,1
-0.79019606,0.3699416,-0.98039013,0.43678707,1
-0.40258312,0.6945837,-0.98356736,0.116304085,1
-0.7053623,0.13483644,-0.99267346,-0.18921056,0
-0.12920421,0.43376133,-0.99014777,-0.112847045,2
0.19215989,0.14769962,-0.9894181,0.1781055,2
-0.48381692,-0.17945066,-0.99316865,-0.067503765,0
-0.12026873,0.08738841,-0.9936733,-0.14374,2
-0.14131469,0.5771477,-0.9897608,-0.20363832,2
0.04649812,0.36412555,-0.9872158,0.05245547,0
0.32395703,0.29929954,-0.991152,-0.07413213,2
-0.20565093,0.31760937,-0.9896675,-0.10034138,2
-0.90905654,-0.07827154,-0.9903579,-0.06376159,0
0.28342432,0.057178974,-0.99249667,-0.002474606,2
-0.32520032,0.5587091,-0.9885484,-0.09828457,2
-0.83109045,0.015289769,-0.9899846,-0.046259,0
-0.94009745,-0.038833708,-0.98834854,0.022691026,0
-0.8772633,0.2238348,-0.9826725,0.30594707,1
-0.8131627,0.36637104,-0.9783371,0.5482994,1
-0.6285577,-0.42514974,-0.99643517,-0.14338857,0
-0.8234165,0.0021860003,-0.99151695,-0.15115002,0
-0.9194922,0.061917886,-0.98418295,0.2949929,1
-0.21670482,0.58760047,-0.98753047,-0.023763746,2
-0.08999911,0.76012003,-0.98599976,-0.007917792,2
-0.85172033,0.048806593,-0.9884582,0.016017817,0
-0.86725485,0.062868625,-0.985456,0.15499105,1
-0.8320401,0.17049392,-0.98425007,0.28190565,1
-0.9354817,-0.096641004,-0.9876935,0.0657811,0
-0.5426075,0.21796961,-0.99320835,-0.3011097,0
-0.7959845,0.35246915,-0.9819992,0.34719852,1
-0.8984554,-0.059481114,-0.99009883,-0.04811719,0
-0.8316295,0.23714712,-0.9816702,0.41252232,1
-0.36583635,0.6499971,-0.98509,0.05753176,2
-0.36752966,0.70556235,-0.981028,0.31752902,1
-0.8472322,-0.02240315,-0.9900027,-0.01900962,1
0.43484473,-0.2756533,-0.9921705,0.53881806,2
-0.72100294,0.23245338,-0.9868842,0.083059385,0
-0.8198921,0.19422904,-0.9855565,0.13215603,0
-0.5985211,-0.11353353,-0.99403757,-0.26624012,0
-0.48819172,0.31234524,-0.9890395,-0.05237776,2
-0.6951863,0.013582751,-0.9925676,-0.21872017,0
-0.9013877,-0.11035675,-0.9917375,-0.13211891,0
-0.7385534,0.48295587,-0.9800172,0.44136515,0
-0.43195292,0.7850754,-0.98162913,0.25255606,2
-0.5032878,-0.1764845,-0.9933863,-0.06420292,0
0.4409172,-0.44444406,-0.99082524,0.68500614,2
-0.44586992,-0.2841627,-0.9931053,0.07453405,0
-0.8157586,0.2851476,-0.98106277,0.42012075,1
-0.69993186,0.19708654,-0.9882765,-0.00058703125,1
-0.9595063,-0.19117606,-0.990385,-0.021428406,0
-0.88211715,-0.04406938,-0.98859566,-0.0021449775,0
-0.795909,0.3606897,-0.9798938,0.50555193,1
-0.6237862,0.031107455,-0.994307,-0.27378345,0
-0.5103162,0.26535466,-0.9927392,-0.22928524,0
-0.0126901865,0.42904454,-0.9879943,0.031488657,2
-0.5126296,-0.1308982,-0.9956263,-0.2547141,0
-0.31950006,-0.087509155,-0.9896066,0.18721867,0
-0.7039039,0.15715945,-0.98981744,-0.076180145,2
-0.7504878,0.4934846,-0.98003614,0.42007932,1
-0.054320484,0.14857762,-0.9935872,-0.18742204,2
0.41123456,-0.090844095,-0.9930365,0.21215478,2
-0.46928477,0.2821194,-0.98845416,-0.027976885,0
-0.61880445,0.28223267,-0.9878903,0.0045193583,2
-0.80409074,0.19292419,-0.9854389,0.16789189,0
-0.73086286,0.34469953,-0.9803375,0.25217277,0
-0.469449,0.37724653,-0.988014,-0.026801258,1
0.46218365,-0.45194674,-0.99944586,0.2182602,2
-0.46195048,0.6169097,-0.9841686,0.1077566,2
-0.08467618,0.21714793,-0.99075526,-0.10156126,2
-0.7543415,0.35712743,-0.9815526,0.37804472,1
-0.8310988,0.11762198,-0.9890423,-0.0046011508,1
-0.90999216,0.15320571,-0.98169845,0.43780926,1
-0.8259764,-0.037716806,-0.99234056,-0.18088773,0
-0.7716552,0.3953373,-0.9801304,0.47147194,1
-0.75546235,0.07775754,-0.99156326,-0.15344125,0
-0.8444849,0.12892893,-0.9849762,0.22057727,1
-0.8085771,0.23590124,-0.9827535,0.32737553,1
-0.92179203,-0.17275852,-0.99124646,-0.059854284,1
-0.7493908,0.24017727,-0.987544,0.005681783,0
-0.77759266,0.52488375,-0.9762161,0.63488245,1
-0.089511305,-0.31405133,-0.99615127,0.13369848,2
-0.06817323,0.47724053,-0.98765355,0.046849564,2
-0.8143076,0.30965212,-0.9826286,0.2985571,1
-0.59887487,0.05420047,-0.9930182,-0.20252308,0
0.13592434,0.4460451,-0.9868235,0.070989296,2
0.040025353,0.6676682,-0.98850816,-0.059767917,2
-0.71377426,0.16992421,-0.99054617,-0.12632242,0
-0.21297228,0.52919984,-0.98859996,-0.12419501,2
-0.5723797,0.035614848,-0.99237716,-0.19587326,0
-0.41282222,0.2690521,-0.99175864,-0.22995743,2
-0.76758426,0.049139395,-0.9909778,-0.12614813,0
-0.4604134,0.10596639,-0.9922789,-0.11417335,0
-0.8527478,-0.068077415,-0.99189466,-0.15144601,0
0.13341844,0.13168214,-0.98832715,0.2941144,2
-0.8011236,0.27689394,-0.98313516,0.29239565,1
-0.8842106,0.20625219,-0.9819213,0.39533433,0
0.29106402,-0.071943045,-0.98628145,0.4558969,2
-0.49542394,-0.45229918,-0.99719983,0.015169874,0
-0.27410805,0.6749085,-0.98732907,-0.069123656,2
-0.20618036,0.5676542,-0.9887176,-0.12684381,2
-0.08006525,0.5613561,-0.9877098,-0.014609218,2
-0.6205083,0.5140794,-0.9821935,0.29252523,1
-0.1421304,0.6874856,-0.9881644,-0.13937274,2
-0.12102142,0.060455024,-0.9915852,0.025320128,2
-0.057481438,0.74749815,-0.98610115,0.020592622,2
-0.32112712,0.5796734,-0.98453486,0.17134602,0
-0.0895327,0.4888046,-0.98906523,-0.081807524,2
-0.8139922,0.17405167,-0.984849,0.24332434,1
-0.77228594,0.03287059,-0.98841023,0.044603147,0
-0.8161607,0.21078175,-0.98475266,0.1644128,0
0.33408207,0.2748812,-0.9900412,0.24871063,2
-0.7447324,0.19052708,-0.9896634,-0.010059699,0
-0.30701345,0.6108384,-0.9870799,-0.05786708,2
-0.15833196,-0.7457761,-0.8414545,0.36515397,0
-0.6002989,0.46279722,-0.9820625,0.3085143,1
-0.28317916,-0.59367687,-0.9886901,0.2725505,0
-0.35854238,0.5033722,-0.98861474,-0.106881216,2
-0.85475093,0.18466812,-0.9822523,0.40087497,1
-0.5554308,0.17393911,-0.9901091,-0.0667128,0
0.3053223,0.11892288,-0.98998576,0.3442091,2
-0.7642958,0.40328044,-0.98142284,0.35505724,0
0.36468905,0.40035647,-0.98723024,0.1847519,2
-0.8231946,0.16890788,-0.98469174,0.22323917,1
-0.70040745,0.44598666,-0.98188114,0.3596607,1
0.8383856,-0.30450302,-0.995481,0.5215258,2
-0.43627754,0.60345316,-0.9824503,0.25017387,2
-0.9542353,-0.05243051,-0.9866031,0.1447721,0
-0.69885856,0.28815854,-0.98644274,0.09035209,0
-0.19742808,0.65016866,-0.98670524,-0.028261557,2
0.32379407,-0.67412394,-0.9979477,0.4545599,2
-0.7431719,0.42903912,-0.9801498,0.42806458,1
-0.86401707,0.3295183,-0.9778071,0.6194905,1
0.2069546,0.43840784,-0.98936456,-0.059546366,2
-0.29372588,0.78837305,-0.9828545,0.184057,2
-0.673487,0.5606115,-0.98029006,0.36012,1
-0.8624163,0.09648937,-0.9844142,0.28738707,1
-0.7659865,0.3039603,-0.9826348,0.28802156,0
-0.18585235,0.22692238,-0.987712,0.14201158,2
-0.36411107,0.45506927,-0.9894126,-0.124480546,2
-0.71091884,-0.014806181,-0.9927911,-0.19953218,0
-0.6895783,0.32016355,-0.98166597,0.38535783,1
-0.11663011,0.43313038,-0.99095345,-0.22005162,2
0.34565943,-0.044329375,-0.99149936,0.40207943,2
-0.045054704,0.6310359,-0.98804045,-0.041583136,2
-0.19808853,0.25102,-0.99494857,-0.33029175,0
-0.79592574,-0.017745823,-0.99340796,-0.23021868,0
-0.8335365,0.41956666,-0.97872734,0.5428544,1
-0.81539345,0.251032,-0.9826848,0.32732907,1
-0.6740415,-0.17403913,-0.9938943,-0.18010104,0
-0.6057711,0.59802294,-0.98117864,0.3166638,2
-0.319022,0.6353464,-0.98586285,0.04747168,2
0.08052337,0.23597395,-0.99198866,-0.10360396,2
-0.1415497,0.6210474,-0.9875199,-0.10204831,2
-0.32320336,0.7352156,-0.9851651,0.062089138,2
-0.23914811,0.48646438,-0.9866707,0.068402044,2
-0.6199285,0.43751502,-0.9844658,0.18812321,1
0.08905512,0.3413954,-0.99065036,-0.2115092,2
-0.4527563,0.37113276,-0.9881531,-0.019305244,2
0.18900001,0.10580432,-0.99376947,-0.0075837374,2
-0.8693632,0.34640342,-0.9795103,0.4779455,1
0.6310495,-0.37479675,-0.9923609,0.6552913,2
-0.039993852,0.8277328,-0.98498493,0.09669086,2
-0.23804723,0.6237653,-0.98593473,0.12703747,2
-0.5118236,0.4548809,-0.9852546,0.16545376,1
-0.16506729,0.56501985,-0.9846239,0.15864208,2
-0.5831777,0.37794882,-0.9855377,0.108820274,1
-0.3808397,0.023612961,-0.99487627,-0.3027051,0
-0.038223535,0.632578,-0.98755205,0.0048573464,2
-0.9704772,-0.09055093,-0.98613995,0.15241298,0
-0.8843094,-0.043421477,-0.98978764,-0.051323846,0
-0.5478136,0.34159118,-0.98928493,-0.08095974,0
-0.38827777,0.262035,-0.99266726,-0.2668632,2
-0.82329524,0.07968284,-0.9812063,0.11525351,1
-0.1112017,0.54966265,-0.9869697,0.08677045,2
-0.8162143,0.15768616,-0.9854612,0.16428441,0
-0.29211307,0.6490575,-0.9855146,0.05091452,2
-0.014429241,0.64358675,-0.9887261,-0.1633794,2
-0.81113803,0.30140954,-0.9804762,0.3900883,1
-0.57255626,-0.07440707,-0.9941336,-0.2733944,0
0.35754615,0.36168408,-0.9888186,0.08540914,2
-0.43201718,0.60796314,-0.9840843,0.10231416,1
-0.85009146,0.19643927,-0.98147863,0.3916103,1
-0.81852436,0.26709202,-0.98194504,0.37952918,1
-0.96568686,-0.17841956,-0.9895839,0.011464722,0
-0.9201282,0.010638505,-0.987151,0.107016236,0
0.14755154,0.42458802,-0.9910698,-0.16736755,2
-0.8495121,0.03424056,-0.9873787,0.105552584,0
-0.8743051,-0.09347263,-0.9911007,-0.1047122,0
-0.85638165,0.2321377,-0.9816946,0.38222063,1
-0.3558549,0.07862967,-0.9938824,-0.19602433,0
-0.89067113,0.18061765,-0.98186815,0.35271528,1
0.17711633,0.23191504,-0.99270886,-0.12237725,2
-0.71274,0.45269918,-0.98083675,0.4005897,1
-0.724985,0.39595875,-0.9825979,0.2758509,1
-0.079107374,0.48579353,-0.9901309,-0.1762616,2
-0.48966405,0.6206985,-0.9841905,0.1405565,2
-0.7522521,0.17862743,-0.98345464,0.12272509,0
-0.9254596,-0.029090315,-0.9874889,0.11330626,0
-0.9567172,-0.0012704581,-0.9846387,0.2287873,0
-0.959532,-0.24916124,-0.99122447,-0.09930955,0
0.4021656,-0.35482466,-0.99185646,0.6410806,2
-0.83072066,0.0071650743,-0.9929234,-0.20134586,0
0.0829767,-0.4904676,-0.99146885,0.5577722,2
-0.8211303,0.1598663,-0.98617905,0.11569144,0
-0.8022351,-0.032021582,-0.9940293,-0.25061977,0
-0.16698155,-0.47080803,-0.9976598,0.16911453,0
-0.51454526,0.10737777,-0.99167234,-0.16524631,0
-0.20553169,0.73600805,-0.98430365,0.12001721,2
0.39183658,-0.09554005,-0.98879707,0.4642076,0
0.30636275,0.084086746,-0.99436617,0.011263467,2
0.5225482,-0.05101043,-0.99095213,0.4844875,2
-0.84116685,0.0396595,-0.9898549,-0.05902511,0
-0.9687753,-0.28148073,-0.99253947,-0.12872878,0
-0.8723656,-0.029300153,-0.98926264,0.003911078,1
-0.8267282,0.09486705,-0.98648053,0.1642099,1
0.13858879,0.42853478,-0.99033815,-0.1635691,2
0.24740493,-0.26931655,-0.9923163,0.3284997,2
-0.8284185,0.28659648,-0.98048425,0.46660507,1
-0.7926041,0.21713766,-0.9848713,0.21786752,1
-0.26759478,0.17474702,-0.99236387,-0.18708134,2
-0.43471104,0.3465848,-0.9886805,-0.07522693,2
-0.15233627,0.23645106,-0.9887455,0.11716082,2
-0.92357475,-0.12626383,-0.99048114,-0.05778171,0
0.2730869,-0.08955139,-0.9958413,0.09233479,2
-0.88888013,-0.09443575,-0.99158674,-0.12486097,0
0.70730567,-0.51644117,-0.99480796,0.8299113,2
-0.18587172,-0.15737998,-0.99338686,0.02359663,0
-0.25063616,-0.37082124,-0.998779,-0.110867515,0
-0.20331776,0.5854562,-0.98772275,-0.038103744,2
-0.37150428,0.78100824,-0.98073024,0.30147886,2
0.24169707,0.59705627,-0.98812205,-0.073904276,2
-0.9323426,-0.106764495,-0.9894941,-0.020335913,0
0.49421293,-0.06228572,-0.99461436,0.32171702,2
0.3356046,0.60169744,-0.9885926,0.06002231,2
-0.6256105,0.43127602,-0.9817039,0.3715551,1
0.18681723,0.4521023,-0.9858575,0.25022054,2
-0.4426888,0.7377927,-0.98272735,0.1935786,1
-0.24881713,0.75764257,-0.985267,0.02553539,2
0.48185426,0.07840352,-0.990429,0.5006957,2
-0.8408462,0.11585452,-0.9873632,0.06753399,1
-0.07039866,0.7457578,-0.9884613,-0.14619341,2
-0.20325282,0.45568082,-0.98676974,0.093771845,2
-0.56512773,-0.029625416,-0.9954449,-0.3323005,0
0.14415288,0.44213542,-0.9883014,0.07371913,2
-0.8468058,0.1348243,-0.98407733,0.29543906,1
-0.36007202,0.19675869,-0.99188244,-0.22276732,2
-0.88504034,-0.22628269,-0.99366117,-0.19528532,0
-0.878653,0.08056654,-0.98555803,0.17450193,0
0.24148011,0.5894911,-0.9870462,0.08736031,2
-0.4703861,0.5726041,-0.9839191,0.16762146,1
-0.84102565,0.16070276,-0.98616385,0.15703456,0
-0.8785527,0.20430024,-0.9810887,0.45056644,1
-0.3196668,0.42621022,-0.99009615,-0.19583264,2
-0.23934957,0.7573347,-0.9852626,-0.001481235,1
-0.8972855,-0.064881235,-0.9877614,0.08523319,1
0.22286588,0.2706012,-0.9918118,0.0464717,2
0.50997984,0.25212097,-0.9904169,0.14223132,2
-0.84752107,0.0032356232,-0.98909605,-0.013669848,0
-0.86851275,-0.022320837,-0.99100417,-0.1215322,0
-0.27859622,-0.245549,-0.9918294,0.11383728,0
0.14298964,0.43012363,-0.98796666,0.08625765,2
-0.8819401,0.18697378,-0.9808313,0.477378,1
-0.56798327,-0.5550426,-0.99383146,0.0031848848,0
0.17547226,0.12323536,-0.9905629,0.08732031,2
0.50284386,-0.29808623,-0.9830456,0.76159436,2
-0.9122058,0.057571143,-0.98036224,0.36858484,1
-0.9235755,0.017858952,-0.9860401,0.15186422,0
-0.43014055,-0.05111599,-0.9930314,-0.18469208,2
-0.7849579,0.33796987,-0.98149276,0.37775326,1
-0.7464231,0.5374594,-0.9773221,0.5929003,1
-0.8396156,0.27727896,-0.9812851,0.41293025,1
0.40072685,0.09409046,-0.98875576,0.32323265,2
-0.76996475,0.5840733,-0.97638565,0.60836387,1
0.4293034,-0.50811505,-0.99284804,0.58543766,2
-0.80056405,-0.04105127,-0.9926695,-0.20043367,0
-0.76437485,0.46960998,-0.98008555,0.4300882,1
-0.85042906,0.11950593,-0.98507226,0.22487628,0
-0.6017742,0.5270171,-0.98237044,0.2856073,1
-0.898846,-0.09014577,-0.991544,-0.123401076,0
-0.77431536,0.37257725,-0.98092467,0.39793047,1
0.20137632,-0.5114022,-0.9836261,0.68168014,0
-0.7701874,0.40993237,-0.9807098,0.43404573,1
-0.79777837,-0.21235555,-0.99601257,-0.32576114,0
-0.25818056,0.35580558,-0.99150723,-0.18622968,2
-0.68534243,-0.20736739,-0.99517614,-0.22754496,0
0.14374608,0.6425831,-0.98702675,0.086382404,2
0.2790538,0.28432983,-0.9916795,-0.013542235,2
-0.42033157,-0.2371496,-0.9944405,-0.15074578,0
0.30561197,0.61757576,-0.9890641,0.042954102,2
-0.7152795,-0.057964087,-0.9932223,-0.21818426,0
-0.13804066,0.42561352,-0.986913,0.07851985,2
-0.04260373,0.5687652,-0.9885181,-0.18693507,2
-0.8695126,-0.054940283,-0.9894466,-0.01274997,0
-0.72895217,0.27240962,-0.98686767,0.046667464,1
0.18629014,0.15350047,-0.9896682,0.1817638,2
-0.85560024,0.026235849,-0.98802346,0.08434375,0
-0.15140751,0.7147869,-0.98565185,0.016425893,2
-0.5074328,0.55988264,-0.98309237,0.24279006,1
0.41595477,0.06623104,-0.96828824,0.22951254,0
-0.8025365,0.31082776,-0.9824696,0.30544853,1
0.39100707,0.16132611,-0.9927229,-0.029471293,2
-0.67638993,0.5571903,-0.98122275,0.3059714,0
-0.94055736,-0.08310047,-0.9884167,0.054067805,0
-1.0,0.022381634,-0.9416972,0.3353731,1
-0.57388085,0.4005,-0.98630214,0.061086573,1
-0.5696604,-0.5833919,-0.9964416,0.0843824,0
-0.4786309,0.723805,-0.9812179,0.26655495,2
-0.4468485,0.5867583,-0.985341,0.060117118,2
-0.4812685,0.16990949,-0.9924428,-0.26878157,2
-0.77993274,0.4335591,-0.9801131,0.42514184,1
-0.7950481,0.22959681,-0.9858306,0.14337832,0
-0.84350115,0.07416737,-0.98779315,0.0804395,1
0.74167645,-0.5224513,-0.98934144,0.860994,2
0.041968524,0.3986395,-0.9872857,0.03962736,2
-0.90845424,0.06159991,-0.9847686,0.25626683,1
-0.8643379,0.19828926,-0.9809188,0.41850343,1
-0.8394128,0.19935113,-0.9837682,0.29330498,1
-0.034977525,-1.0,-0.99414307,0.51607406,0
-0.84536463,0.19672824,-0.9820627,0.3973981,1
-0.6181973,0.5517217,-0.98211545,0.3585026,1
-0.30799478,0.55265903,-0.9862881,-0.009273678,2
-0.66196173,0.14238644,-0.99034905,-0.14970973,0
-0.51088804,0.483659,-0.98633856,0.022104137,2
-0.7930037,0.15402795,-0.98465556,0.25325888,1
-0.825561,0.20382458,-0.98187786,0.3771404,1
-0.89087594,0.09537965,-0.98346806,0.33407986,1
-0.7774385,0.279906,-0.9828011,0.31806064,1
0.045266926,0.24164532,-0.9883515,0.09397162,2
-0.7353908,0.26950595,-0.9833327,0.2961115,1
-0.5199915,0.43135232,-0.9869683,0.011285469,1
-0.26020032,0.5504123,-0.9882994,-0.10181543,2
-0.8815482,-0.09467155,-0.990528,-0.05961564,0
-0.7385421,0.5395224,-0.97871166,0.5411902,1
-0.2346102,0.23614024,-0.9888931,0.017032377,2
-0.60170484,-0.041776627,-0.99327725,-0.20415783,0
-0.82247466,0.35357955,-0.98029506,0.46353573,1
-0.72136104,0.07667634,-0.9908405,-0.103538185,1
-0.8035009,0.14892107,-0.98503,0.24386874,1
-0.8749838,-0.02781254,-0.9884632,0.049566723,1
0.242356,0.24190484,-0.9885776,0.20609826,2
-0.3673333,0.18353082,-0.9896486,-0.048111618,0
-0.53904283,0.3698561,-0.98856103,-0.061903,2
0.108234406,0.56770104,-0.98797745,-0.073908284,2
-0.32107732,0.15619439,-0.99094063,-0.08973323,2
-0.7868415,0.44565418,-0.97897625,0.48439464,1
-0.85434175,0.23314878,-0.98178136,0.38366783,1
-0.24046127,0.63606256,-0.98617566,0.04361158,2
-0.71269804,0.24339439,-0.98896545,-0.049426258,0
0.17294627,-0.5935203,-0.9930792,0.5555346,2
-0.1338715,0.6241449,-0.98734117,-0.040603086,2
-0.7667242,0.35851556,-0.9732634,0.43589333,1
-0.84307694,0.17207852,-0.98252827,0.3822422,1
-0.9651304,-0.25574738,-0.9912418,-0.08854371,0
-0.82990193,0.31105593,-0.9812612,0.38861993,1
-0.6012532,0.58901787,-0.9819114,0.2918657,2
-0.7640234,0.48769742,-0.9786845,0.49229568,1
0.7325424,-0.2707504,-0.9929977,0.7051408,2
-0.23565772,0.6147346,-0.9865545,0.0019820333,2
-0.63448614,0.5474328,-0.9814499,0.3127895,1
-0.82568204,0.07058373,-0.987339,0.057634197,0
-0.3752377,0.65903604,-0.9842667,0.11240361,2
-0.77085,-0.18562162,-0.99534994,-0.28165615,0
-0.76446766,0.31486142,-0.9821008,0.34757912,1
-0.8004403,0.2726301,-0.983187,0.30753106,1
-0.4986023,0.47561634,-0.985336,0.18486848,0
-0.6709441,0.5489893,-0.98062986,0.37541085,1
-0.22774836,0.4194641,-0.990068,-0.11999354,2
0.049918115,0.5180162,-0.98751104,-0.01184459,2
-0.5032169,0.63862145,-0.98180974,0.27602738,1
-0.5472703,0.16388996,-0.9928748,-0.21873173,0
-0.58093506,-0.3873654,-0.995701,-0.1348373,0
-0.3521576,0.52140814,-0.986667,0.0077107996,1
-0.12093833,0.4754265,-0.9872448,0.081986606,2
-0.92483103,-0.08320266,-0.98944014,-0.022892088,0
-0.97291726,-0.22310549,-0.99070024,-0.044400454,0
0.15829444,0.34081253,-0.9910878,-0.14301163,2
-0.7772336,0.40493047,-0.9818412,0.3248362,0
-0.4848798,0.059954733,-0.99373734,-0.26200363,0
-0.8956527,0.108592555,-0.9851242,0.2003074,1
-0.74973786,0.052594945,-0.99223137,-0.19858447,0
-0.60656714,0.49528965,-0.98440725,0.21021253,2
-0.022864163,0.757199,-0.9860991,0.05556248,2
-0.86156803,0.13450426,-0.9842288,0.25930503,1
-0.5678466,0.17271402,-0.9911721,-0.19613656,0
-0.7525202,0.49738857,-0.97742945,0.5666688,1
-0.53498274,-0.2823472,-0.9948062,-0.15786076,0
-0.89469934,0.0011888295,-0.987033,0.10074049,0
-0.73601377,0.030635,-0.9924774,-0.20283225,0
0.12972862,0.46648666,-0.9907496,-0.10385117,2
-0.030717134,0.34337932,-0.98345846,0.17624581,2
-0.5066974,0.04192601,-0.99090654,-0.06437643,0
-0.7060986,0.1985448,-0.9910789,-0.13506678,0
-0.6317401,0.095472544,-0.991725,-0.17994145,0
-0.4588462,0.503749,-0.9859594,0.045382433,2
-0.3309398,0.5264956,-0.9878885,-0.06756358,2
-0.81706935,0.042407006,-0.99080795,-0.08367875,0
0.07532793,0.2741397,-0.99035186,-0.03957261,2
-0.7319044,0.39736664,-0.98195946,0.3105468,1
-0.7898829,0.17609677,-0.987576,0.0471915,0
-0.70429134,0.2535841,-0.98690736,0.07256003,1
-0.58629405,0.36769098,-0.9840644,0.22209758,0
-0.40651187,0.4832774,-0.988958,-0.13852823,2
-0.84162354,0.058639288,-0.98813784,0.06539,1
0.17633355,0.4337564,-0.99179107,-0.12189245,2
-0.78563875,0.28688985,-0.9833121,0.3096988,1
-0.5890476,-0.39029694,-0.9953589,-0.030554056,0
-0.580797,0.4523958,-0.98412126,0.18066058,1
-0.2705282,0.6711353,-0.98614323,0.02269537,2
-0.16977528,0.7586555,-0.98618114,-0.033537343,2
-0.8370437,0.028697029,-0.9888355,0.017412402,1
0.17182088,0.33960113,-0.9889318,0.093481064,2
-0.87158597,-0.07668826,-0.9903972,-0.061100066,0
-0.32084185,0.6487535,-0.98654467,-0.018297508,2
-0.23819952,0.17342941,-0.9939214,-0.31076828,0
-0.11350474,0.72952175,-0.98829496,-0.11415209,2
-0.64408386,0.4195851,-0.9837206,0.19699857,0
-0.8234493,0.40512455,-0.97911435,0.51742667,1
-0.15600204,0.5423732,-0.9884617,-0.15324685,2
-0.4988154,-0.04562351,-0.9937265,-0.26233146,0
-0.5577437,0.48863223,-0.9844293,0.14572932,2
-0.09837949,0.7225883,-0.98741806,-0.03931968,2
-0.6545178,0.5524862,-0.9809711,0.33332515,1
-0.77600193,0.38725442,-0.98059434,0.44200268,1
-0.48574165,0.13668045,-0.99385333,-0.24168909,0
-0.32485884,0.118231624,-0.99151707,-0.14674297,0
-0.4667915,0.67367315,-0.98275614,0.15866093,1
-0.6467914,0.6491204,-0.97720146,0.5775461,2
0.11697066,0.6463272,-0.9849055,0.19924144,2
-0.764253,0.22856353,-0.9847742,0.09239358,0
-0.40276378,0.22507712,-0.99070615,-0.0709506,0
-0.83365226,0.4029498,-0.977113,0.62066257,1
-0.59310216,0.68807626,-0.97910494,0.41644162,2
-0.8714006,0.04359907,-0.98766756,0.09463256,1
-0.5191767,0.5715492,-0.98207355,0.26526076,1
-0.7412484,0.41192168,-0.9824474,0.2852903,1
-0.13081166,-0.22074986,-0.991124,0.3416571,0
-0.75866127,-0.0016245842,-0.9936508,-0.2504878,0
-0.13961267,0.4879036,-0.99045783,-0.17973629,2
-0.3824943,0.8658517,-0.9805456,0.28591457,2
-0.4888743,0.58760434,-0.9852057,0.07571253,2
-0.7522268,0.02835083,-0.99142504,-0.11613281,1
-0.79963845,-0.112491846,-0.99388814,-0.25440153,0
-0.3876264,0.6956984,-0.9838516,0.12518412,1
-0.91309774,0.023024336,-0.9845203,0.24847496,1
-0.7139846,0.05586256,-0.99167573,-0.16285056,0
-0.45499188,0.67843896,-0.9829125,0.20645331,2
-0.53806883,0.55974925,-0.9844528,0.12859216,2
-0.88665664,0.18912174,-0.98172957,0.38902846,1
-0.7225582,0.24180935,-0.98490006,0.19381358,0
-0.79724383,0.30373177,-0.9816407,0.35110825,1
0.35787255,-0.55039304,-0.9884446,0.8791769,2
-0.22494638,0.61274046,-0.98791635,-0.07836801,2
-0.2845983,0.8007154,-0.9840327,0.08952774,1
0.3002602,0.37118,-0.9887407,0.17932418,2
-0.33779025,-0.19880989,-0.99659085,-0.23745775,0
-0.041459948,-0.08237654,-0.99406576,0.01375071,2
-0.80736554,0.26334152,-0.9822849,0.36850613,1
0.40646,-0.070463926,-0.9910048,0.39571553,2
-0.6567802,0.2895904,-0.9886988,-0.02020052,1
-0.6677748,-0.15234038,-0.9932345,-0.17392004,0
0.027370334,0.31387752,-0.99109674,-0.044723988,2
0.10666752,0.5211469,-0.98885685,-0.059687167,2
-0.88401175,0.07646957,-0.9848518,0.27843314,1
-0.8961644,0.030388191,-0.9855171,0.22901157,1
0.04879397,0.60165894,-0.9893239,-0.18455869,2
-0.09332618,0.5466394,-0.9894645,-0.09167783,2
-0.7215255,0.35792595,-0.9838236,0.23413225,2
0.44637108,0.2123997,-0.99079645,0.34402737,2
-0.32124293,0.7774805,-0.9839869,0.1271533,2
-0.09694135,0.3388989,-0.99179685,-0.23951128,2
-0.70561624,0.12968889,-0.9932653,-0.24650949,0
0.4515646,-0.18005356,-0.99561554,0.36399513,2
-0.869368,0.19580147,-0.98197675,0.39681205,1
0.27111924,0.035160735,-0.9936628,0.24674886,2
-0.76116025,0.19390374,-0.9765021,0.10851325,1
-0.77456594,0.2778539,-0.98181474,0.33778927,1
-0.7731414,-0.02725482,-0.9929289,-0.22891429,0
-0.6835661,0.056354716,-0.9922377,-0.16321644,0
-0.39659044,0.16266824,-0.9933167,-0.30181864,0
-0.83438015,0.05286677,-0.9890361,0.015962057,0
-0.7194314,0.5050205,-0.9814779,0.328265,1
-0.5482325,0.17268503,-0.99331284,-0.3349942,0
-0.3782809,0.21998326,-0.9880176,0.045241915,0
-0.42994806,0.8289287,-0.9805346,0.29102045,1
-0.043435514,-0.5934351,-0.98973525,0.5908961,2
-0.7037015,0.4313606,-0.9829437,0.2348028,0
-0.75061214,0.3704571,-0.98134583,0.3820793,1
-0.88858676,0.042406395,-0.98700833,0.09923526,0
-0.6343367,0.08607033,-0.99183226,-0.17868376,0
-0.13275018,0.32630256,-0.9921556,-0.1985167,2
-0.8379273,0.16713724,-0.9836261,0.34420222,1
0.31716675,0.42200705,-0.9882933,0.22359896,2
