0,1,2,3,label
-0.28815466,0.7921602,-0.9298776,-0.7179324,2
-0.8393474,0.12710202,-0.9012935,-0.7707209,1
-0.76530266,0.53228796,-0.85484964,-0.8488617,1
-0.3965459,0.7043074,-0.9258692,-0.7238464,1
-0.8401105,0.07299666,-0.934105,-0.7112834,0
-0.7721231,0.32040843,-0.8888678,-0.7850422,1
-0.93184745,-0.107643425,-0.9317543,-0.7117222,0
-0.8210896,0.248906,-0.8981223,-0.77454185,1
-0.5001044,0.20680217,-0.97703856,-0.6362822,2
-0.8084497,-0.02657175,-0.96604055,-0.6588315,0
-0.7089853,0.5676872,-0.878628,-0.8042249,0
-0.21262637,0.69971526,-0.937894,-0.70494705,2
0.22565883,-0.35154116,-0.85333574,-0.8791368,2
-0.6882139,0.67396504,-0.8285321,-0.8900078,1
-0.7712258,0.44988555,-0.8675356,-0.82863426,1
-0.37821847,0.58301723,-0.95276815,-0.67659706,2
0.27707338,0.3565321,-0.8855777,-0.7969072,2
-0.029721528,0.3328766,-0.92426574,-0.72670686,2
-0.84080327,-0.0011940002,-0.94535595,-0.6932246,1
-0.36118168,0.50212693,-0.9398832,-0.70022166,2
-0.8563887,0.46359885,-0.83201337,-0.8781713,1
-0.7013387,0.2681943,-0.9101319,-0.7456524,1
-0.8732842,0.21758392,-0.8585137,-0.80366963,0
-0.8157529,0.399289,-0.86221105,-0.83739775,1
-0.8818668,-0.023645759,-0.94959974,-0.68271923,0
-0.8221326,0.19391534,-0.88647103,-0.79475594,1
0.17947459,-0.2835093,-0.8875365,-0.81825566,2
-0.894498,-0.071189314,-0.9310699,-0.70526093,0
-0.39765912,0.6029714,-0.93913436,-0.70244694,1
-0.3742829,0.3396345,-0.9197016,-0.7127839,0
-0.8011162,0.2942305,-0.8831229,-0.79365283,1
0.1989789,-0.12800992,-0.93122375,-0.7344164,2
-0.69621843,-0.109811306,-0.9816955,-0.63029003,0
-0.8807943,-0.058902144,-0.9467216,-0.68937916,0
-0.68605864,0.5054346,-0.896106,-0.7774159,1
-0.87128127,0.1606617,-0.89780736,-0.7729412,1
-0.046634763,0.3805978,-0.9566433,-0.6735731,2
-0.80891347,0.23328975,-0.8975203,-0.7775458,1
-0.040123492,0.64179784,-0.9626892,-0.6594682,2
-0.5506259,-0.10544762,-0.977052,-0.6374694,0
0.12843162,0.5893309,-0.9556724,-0.6706882,2
-0.52303857,0.6896986,-0.9046294,-0.7619527,1
-0.8960769,0.11404997,-0.9100473,-0.7514863,0
-0.8892729,-0.1123389,-0.9549197,-0.6763079,1
-0.8496567,0.021677256,-0.92986345,-0.7185539,1
-0.71247375,0.29621467,-0.9373014,-0.70535225,0
-0.116821736,0.7464855,-0.9658954,-0.6520965,2
-0.8110508,0.25529665,-0.89884484,-0.77357054,1
0.08778787,0.841509,-0.9251515,-0.7300729,2
-0.29590678,0.051590815,-0.9911825,-0.61279553,0
-0.83141583,0.18845746,-0.9075356,-0.7593941,1
-0.80831975,0.26520622,-0.8910966,-0.7880762,1
-0.7810597,0.33071795,-0.9060423,-0.7586276,0
-0.7872875,0.61500096,-0.83601856,-0.88252515,1
-0.7396268,0.12606029,-0.9400837,-0.687596,0
-0.85298115,0.17872173,-0.8902959,-0.7910049,1
-0.076975524,0.05580248,-0.9471016,-0.69794,0
-0.4981795,0.58941036,-0.91198504,-0.74842995,1
-0.2152875,0.66334796,-0.9170042,-0.73981243,2
-0.2106441,0.6283787,-0.95461434,-0.6687921,2
-0.80427444,0.2872465,-0.88478863,-0.7975242,1
-0.033360004,0.5780268,-0.9606453,-0.66159976,2
-0.79043454,0.23718478,-0.9193284,-0.7373911,1
-0.8533264,0.24161914,-0.8850113,-0.7924731,0
-0.72871256,0.000977844,-0.96487314,-0.6556048,0
-0.61310256,0.122845754,-0.9742072,-0.64214694,0
-0.07209724,0.1743744,-0.9296825,-0.7192747,2
-0.75986934,0.2933809,-0.9059334,-0.7610422,1
-0.35647753,0.6899806,-0.9426724,-0.6946158,2
-0.40532044,0.81226945,-0.89517426,-0.7758877,1
-0.80082095,0.25258273,-0.88741916,-0.79204553,0
-0.6167222,0.029859424,-0.9895358,-0.6180661,0
-0.80625033,0.1324472,-0.9237817,-0.73107064,1
-0.85753405,0.30224526,-0.8568727,-0.8349101,1
-0.6380436,0.30158418,-0.9483075,-0.6862753,1
-0.83764315,0.14066096,-0.9297306,-0.71328413,0
-0.7602547,0.5796654,-0.85888034,-0.8427111,1
-0.8375925,0.23160703,-0.9104608,-0.7517671,0
0.36187512,-0.31173837,-0.82075965,-0.92104244,2
-0.8370993,0.0689076,-0.9377576,-0.7060875,0
0.052227378,0.7538387,-0.9186673,-0.73978007,2
-0.6776402,0.5949365,-0.875088,-0.8128816,1
-0.7400877,0.4254377,-0.87237597,-0.81948763,1
-0.15923992,-0.1773926,-0.9228473,-0.74687123,2
-0.7716073,0.27850112,-0.9120216,-0.7479956,1
-0.8058318,0.37646854,-0.8623624,-0.8395611,1
-0.6600512,0.603692,-0.88758355,-0.79266953,1
-0.06867027,0.77186596,-0.9448418,-0.6899225,2
-0.866557,0.10689467,-0.91747963,-0.7403655,0
-0.9273278,-0.041322857,-0.9294714,-0.7197689,0
-0.84915054,0.28857142,-0.88821346,-0.793709,1
-0.51182395,0.6520367,-0.9171108,-0.7404165,0
-0.93917036,-0.14222917,-0.9396768,-0.7001675,0
-0.69625056,0.5813018,-0.8854694,-0.79539925,1
0.20965564,0.42052048,-0.9428761,-0.6991422,2
-0.4776392,0.51964754,-0.9428401,-0.6973074,2
-0.24252792,-0.18787852,-0.9413407,-0.7147324,2
-0.8217958,0.21891586,-0.8527177,-0.822652,1
-0.18125448,-0.16682377,-0.91374713,-0.75935775,0
0.6300938,0.16229977,-0.89560264,-0.7992826,2
-0.5654091,0.49148363,-0.9037065,-0.7679234,0
-0.7132491,0.3389382,-0.90012616,-0.7724636,1
-0.6854389,0.5344213,-0.89363086,-0.7780399,0
-0.83682317,0.3053944,-0.8756534,-0.81569713,1
-0.9418625,-0.17904791,-0.9442113,-0.69000113,0
0.6356902,-0.06403062,-0.85679257,-0.8788265,2
-0.6636966,0.4077316,-0.9167374,-0.7412311,0
-0.16660285,0.5973986,-0.961134,-0.6622309,2
-0.28412908,0.76021636,-0.9429677,-0.6940846,2
-0.34213936,0.12488033,-0.9352469,-0.699636,0
0.39005774,0.085223824,-0.9297201,-0.7338796,2
-0.88230443,0.019840121,-0.936883,-0.7048072,0
-0.25257778,0.6052405,-0.9436353,-0.6946777,1
-0.22969566,0.41732037,-0.96918774,-0.6489361,2
-0.23720017,0.20446834,-0.987051,-0.61717767,2
0.4119776,-0.2798242,-0.8782995,-0.840042,2
-0.78125054,0.090598375,-0.95640975,-0.6703406,0
-0.8595621,-0.023521632,-0.95143706,-0.681807,0
0.52142245,-0.43675596,-0.8956406,-0.810327,2
-0.8802366,0.17382687,-0.88394994,-0.79904133,1
-0.8318949,0.24424554,-0.6732856,-0.6162365,1
0.01619038,0.7794003,-0.9396989,-0.7000348,2
0.3350221,-0.26552564,-0.8596534,-0.8614483,2
-0.3102585,0.17729042,-0.93139094,-0.71675825,0
0.73031676,-0.16533983,-0.8090316,-0.9462552,2
-0.80169934,0.24740846,-0.8897536,-0.789109,1
0.23245698,-0.22815412,-0.88343775,-0.8268393,2
-0.66446275,0.50887686,-0.8932321,-0.7785641,0
-0.9308884,-0.09162393,-0.9272817,-0.71677893,0
-0.72047234,0.39978492,-0.88966346,-0.7877429,1
0.067299366,0.51087195,-0.9180282,-0.73993737,2
-0.8528279,0.20376569,-0.9107754,-0.7539511,1
-0.75240576,0.2828616,-0.90082115,-0.75112844,0
-0.842263,0.21832907,-0.8799993,-0.80549467,1
-0.83031,0.2846564,-0.8759922,-0.81403595,1
-0.6993888,0.4585827,-0.87983376,-0.8041669,1
-0.3563301,0.8949841,-0.91159904,-0.749618,2
-0.77745926,0.24338396,-0.91970885,-0.7319996,0
-0.3193518,0.6476786,-0.9445509,-0.69330037,2
-0.71264255,0.4360797,-0.8814781,-0.8014085,1
-0.8909287,0.058536187,-0.92371935,-0.7313711,0
-0.55920756,0.07839316,-0.9820595,-0.62635994,0
-0.8024837,0.3778766,-0.8361362,-0.81429595,0
-0.73639244,0.4601929,-0.88035464,-0.807858,1
-0.67658615,0.4600924,-0.8846287,-0.79889315,1
-0.94838715,0.011059046,-0.8877622,-0.76602924,0
-0.87434804,0.101730734,-0.9087317,-0.75625014,0
-0.6589334,0.5312189,-0.8919334,-0.7836182,0
0.17227733,0.44844404,-0.9330683,-0.7170285,2
-0.51736903,0.6834258,-0.8990379,-0.7740834,2
-0.51443136,0.2897793,-0.969989,-0.64863837,2
-0.77600306,0.33810395,-0.8890715,-0.7876626,1
0.18135071,0.70682806,-0.9476228,-0.68527037,2
-0.31603473,-0.34215826,-0.9123152,-0.76646453,0
-0.26095188,-0.7084348,-0.9277387,-0.7450818,0
-0.2713701,0.74280643,-0.93399835,-0.7132355,2
-0.097195774,0.63826513,-0.965664,-0.65315247,2
-0.4031472,0.20742661,-0.9669956,-0.6539729,0
-0.8239352,0.19366911,-0.88996476,-0.78957146,1
0.60019565,-0.26045948,-0.9017127,-0.8004831,2
-0.20857757,0.81037444,-0.9247806,-0.7278971,1
-0.36020717,0.5993086,-0.94680166,-0.68909436,2
-0.7239224,0.37045443,-0.89651597,-0.7766539,1
-0.84284925,0.28327617,-0.88336974,-0.79232657,1
-0.774962,0.48670793,-0.8568037,-0.8431501,1
-0.71111965,0.2553269,-0.9376421,-0.70517117,0
-0.0758971,0.7956543,-0.9247729,-0.7302736,2
-0.66448367,0.2870599,-0.9299781,-0.71958673,1
-0.9437705,-0.07956603,-0.9199221,-0.72869503,0
-0.8909861,0.035192624,-0.9344992,-0.7120512,0
-0.84592575,0.21727195,-0.90568846,-0.76252145,1
-0.70517915,0.57710934,-0.8696546,-0.82251227,1
0.055521548,-0.21904504,-0.9577723,-0.68169534,2
-0.84234214,0.01501745,-0.9527451,-0.67777735,0
-0.70484245,0.4029102,-0.91174734,-0.75002396,0
-0.39727744,0.56573635,-0.95903677,-0.66697514,0
-0.088079005,0.6389544,-0.9528065,-0.6773934,2
-0.79480326,0.3111187,-0.8855421,-0.7968722,1
-0.63572204,0.6949304,-0.88054657,-0.80252606,1
-0.49947077,0.59991455,-0.91457814,-0.7436671,1
-0.21778055,0.71730316,-0.94857734,-0.68331075,2
-0.89346004,0.13527153,-0.8898193,-0.79118526,1
-0.42815542,0.56222606,-0.92756826,-0.7201238,2
-0.45497096,0.789141,-0.8829705,-0.7958932,0
-0.34384066,0.7090497,-0.920084,-0.73595417,1
0.4457888,-0.42940712,-0.79740375,-0.9676462,2
0.11956191,0.25074795,-0.9200437,-0.7406421,2
-0.60759604,-0.12998226,-0.97104686,-0.6490851,0
-0.4772942,0.56439924,-0.9396115,-0.70013577,2
-0.43161607,-0.50760555,-0.89324635,-0.7639839,0
-0.81727886,0.33025777,-0.89702874,-0.77707493,1
-0.8236319,0.12364675,-0.93523496,-0.7055689,0
-0.80475664,0.2771402,-0.9069221,-0.7561293,1
-0.80407053,0.37073538,-0.883307,-0.8002844,1
-0.041651905,0.069181204,-0.9492952,-0.6941548,2
0.0051222146,0.6947203,-0.93845385,-0.7059146,2
0.011454612,0.6637095,-0.9240662,-0.7302171,2
0.46689582,-0.5611268,-0.83463573,-0.91986585,2
-0.37639657,0.6331873,-0.9308036,-0.71442115,2
-0.15162039,0.7432809,-0.9509722,-0.6796984,2
-0.43347907,0.09253287,-0.9620079,-0.6636089,0
-0.8675833,0.3881322,-0.8474226,-0.8583927,1
0.28281796,0.42984492,-0.90993065,-0.76128626,2
-0.16662785,-0.5556135,-0.8913569,-0.8085364,2
-0.36797827,0.67771995,-0.93931925,-0.7016103,2
-0.71505857,0.5428034,-0.8224828,-0.76345885,1
-0.7935219,-0.023619443,-0.97070456,-0.64809287,0
-0.5563989,0.74270934,-0.8839901,-0.7994979,1
-0.8281809,0.16201949,-0.8984571,-0.7740508,1
-0.06082219,0.6290715,-0.95653033,-0.6691295,2
-0.50224686,0.7547181,-0.8993028,-0.7702516,2
-0.48500323,-0.17422828,-0.9739005,-0.64177686,0
-0.88102,-0.10229576,-0.9648888,-0.65889406,0
-0.81124634,0.23937488,-0.8943929,-0.7790741,1
-0.005717665,0.44670045,-0.9189785,-0.7399737,2
-0.8682431,-0.072802484,-0.94877994,-0.68445665,0
-0.37867627,0.48092782,-0.9432215,-0.69601506,2
-0.12123793,0.8164081,-0.94528484,-0.69012284,2
-0.47623605,0.24958391,-0.9504821,-0.681715,2
-0.879318,-0.06417927,-0.9524667,-0.67844653,0
-0.68917334,0.536181,-0.88677156,-0.7940806,1
-0.03719443,0.668839,-0.936933,-0.7068816,2
0.21155292,0.3038166,-0.9471914,-0.6916734,2
0.42383593,-0.23861551,-0.848668,-0.88909554,2
-0.7966767,0.4357469,-0.8748076,-0.8170683,1
0.38070798,0.30673128,-0.95947605,-0.67082614,2
-0.41067016,-0.25336897,-0.9762296,-0.6429167,0
0.5198603,-0.18604612,-0.86337703,-0.86731195,2
-0.8252156,-0.047944963,-0.95725876,-0.6716296,0
-0.56414443,-0.34389222,-0.95815414,-0.68005306,0
-0.31861347,0.029244721,-0.9680674,-0.65379685,0
-0.07445976,0.54270077,-0.90987283,-0.7535463,2
0.20913517,0.7229942,-0.89212084,-0.7835122,2
-0.84475356,0.13959794,-0.8986705,-0.77614963,1
-0.111478955,0.57790685,-0.93910366,-0.7032763,2
-0.91126174,-0.016727656,-0.93053234,-0.71818084,0
-0.8366002,0.3656602,-0.8672011,-0.8299407,1
-0.23388685,0.7323526,-0.93488336,-0.70776254,2
-0.8402072,0.28167287,-0.88743234,-0.7900153,0
-0.9235196,0.021099448,-0.9173414,-0.7377593,0
-0.16066733,0.79474247,-0.9427367,-0.6934896,2
-0.4828045,0.6943828,-0.9007106,-0.77102685,2
-0.33555174,0.42920408,-0.964102,-0.6579099,2
-0.8489131,0.018431723,-0.92895114,-0.7184847,0
-0.7914345,0.3084799,-0.88099676,-0.80570066,1
0.120976806,0.74535716,-0.9480764,-0.68596786,2
-0.378426,-0.17182004,-0.96001714,-0.6744575,0
-0.7872707,0.29965484,-0.89720654,-0.77703875,1
0.124920726,0.4379406,-0.9478239,-0.69052345,2
-0.35777485,0.61412907,-0.9013397,-0.74975425,2
-0.29855517,0.8244109,-0.9323966,-0.71352804,2
-0.5009899,-0.14349186,-0.9751751,-0.64139223,0
-0.0886814,-0.53648466,-0.839903,-0.8465904,0
0.5057901,-0.5979864,-0.8307487,-0.93200773,2
-0.01711598,-0.2948957,-0.86940813,-0.8305957,0
-0.50889194,0.6957408,-0.8910626,-0.78761846,1
0.2341764,-0.5575567,-0.86556315,-0.85611504,0
-0.92196214,-0.11395946,-0.9533984,-0.6791298,0
-0.8396019,0.26445216,-0.8788891,-0.80923367,1
-0.4253055,0.64033026,-0.9212345,-0.73157996,2
-0.2535257,-0.4609884,-0.9385255,-0.7246107,0
0.37237805,-0.048719645,-0.92932415,-0.7365744,2
-0.75255144,0.2629963,-0.91911274,-0.73773146,0
-0.85657597,0.2083633,-0.90004736,-0.7749404,1
0.61402893,-0.38100833,-0.8668686,-0.8641248,2
-0.755766,-0.08143544,-0.97211367,-0.6471599,0
-0.8135996,0.14175928,-0.93248147,-0.71380854,0
-0.6346116,0.53648496,-0.89654595,-0.77805084,0
0.3438127,0.040521994,-0.89343226,-0.80258393,2
-0.6587758,0.36582243,-0.92824197,-0.7208359,0
-0.76246214,0.3077025,-0.9150672,-0.745562,0
-0.84376407,0.32513118,-0.8718376,-0.81855375,1
-0.57705885,0.44555265,-0.9177992,-0.73842853,1
0.12531412,-0.017840207,-0.9150685,-0.7565701,0
-0.49472088,0.6364017,-0.9158559,-0.7414268,2
-0.2715577,0.27242365,-0.9701982,-0.64787877,2
-0.5505748,0.56835485,-0.92891335,-0.72127575,2
-0.8552262,0.04733315,-0.9310968,-0.71458465,0
-0.5863555,0.4943608,-0.905221,-0.76156694,1
-0.80860734,0.392487,-0.86547565,-0.8230376,1
-0.41686618,0.5854914,-0.9306666,-0.71325576,2
0.3363695,-0.5564854,-0.8276456,-0.9197831,2
0.6766957,-0.00020071864,-0.8721101,-0.8487468,2
-0.34576,-0.4235916,-0.9433126,-0.71160513,0
-0.7689357,0.5051088,-0.8719446,-0.82054263,1
-0.68363404,0.6475712,-0.8709422,-0.81881577,1
-0.393645,0.7617763,-0.9204194,-0.73690647,2
-0.22382519,0.9017594,-0.91213477,-0.75256026,2
-0.8380178,0.092167035,-0.94211304,-0.69947654,0
-0.7148191,0.517586,-0.87384146,-0.8186636,2
-0.75924355,0.5279499,-0.86271477,-0.83359146,1
-0.61502075,-0.17645505,-0.9727631,-0.63267034,0
-0.5304636,0.58729875,-0.91775465,-0.7386171,1
-0.044992656,0.39531177,-0.95454955,-0.6763029,2
-0.685216,0.2859814,-0.9148326,-0.74344057,0
-0.60920745,0.44346213,-0.9143149,-0.7473905,1
-0.30227977,0.7555235,-0.93965435,-0.69874007,2
-0.76711226,0.35989147,-0.88771874,-0.7943858,1
1.0,-0.4070921,-0.8384441,-0.92953396,2
-0.74210536,0.26662782,-0.90252763,-0.7660286,1
-0.7333127,0.19223726,-0.9411738,-0.7001529,0
-0.7114738,0.50309265,-0.89281386,-0.78089833,1
-0.8160854,0.17642504,-0.89848435,-0.7762462,1
-0.7902433,0.1917898,-0.9216845,-0.7338009,0
-0.8290684,0.23627634,-0.8928278,-0.783912,1
0.044009745,0.6079781,-0.9655349,-0.65351933,2
-0.5177108,-0.12947065,-0.97893757,-0.6332598,0
-0.37228695,0.6365853,-0.9327805,-0.7117765,2
-0.8416426,0.18006107,-0.8709824,-0.80380553,1
-0.26032937,0.7896951,-0.90542156,-0.762187,1
-0.66027176,-0.23124784,-0.9855258,-0.6248178,0
-0.863369,0.10351655,-0.8995765,-0.7723345,1
-0.6441987,0.5865855,-0.885842,-0.78460157,0
-0.75080097,0.17179279,-0.9394314,-0.70216876,0
-0.59453917,0.6124332,-0.89771295,-0.7740532,1
-0.42130584,0.19299473,-0.9596623,-0.66816527,0
0.5256105,-0.3559193,-0.85231954,-0.88128984,2
-0.2902336,0.65459406,-0.94481593,-0.69103754,2
-0.48898917,0.26049957,-0.96194553,-0.66467285,2
-0.7043464,0.5335814,-0.8701645,-0.8235472,1
-0.55529743,0.2909043,-0.94863814,-0.6873094,1
-0.60877055,0.08262932,-0.94792414,-0.6835294,1
-0.55020356,0.3276975,-0.94477564,-0.6927322,0
-0.14670953,0.54958445,-0.97111654,-0.64382744,2
-0.8010777,0.3551115,-0.87365717,-0.81830615,1
-0.8601352,0.11100878,-0.915228,-0.74657345,1
-0.96544033,-0.16372904,-0.93460864,-0.7028917,0
0.5521476,-0.17919138,-0.89717287,-0.7989068,2
-0.25678435,0.17721973,-0.9632661,-0.6585444,2
-0.499368,-0.20257455,-0.94993496,-0.68123287,0
-0.90413046,-0.015358239,-0.9235581,-0.732583,1
-0.43297145,0.8508706,-0.895661,-0.7777067,2
-0.071802765,0.5167951,-0.9631059,-0.6568889,2
-0.83492553,0.15631515,-0.8944895,-0.7744398,1
0.13739115,0.58923554,-0.9489686,-0.6867864,2
-0.5684612,0.13903426,-0.9986636,-0.6024828,0
-0.37190148,-0.4541629,-0.95187885,-0.6934215,0
-0.15688705,0.6624571,-0.9579377,-0.66634405,2
-0.86804914,-0.06481409,-0.95503604,-0.6751002,0
-0.30052316,0.30044568,-0.9752088,-0.6369955,0
-0.867101,0.115911454,-0.9078229,-0.75793815,1
-0.9141087,-0.028463215,-0.92977744,-0.7198191,0
-0.77421045,0.37470224,-0.8867147,-0.79030454,1
-0.6819311,0.22111458,-0.96237755,-0.6629777,0
-0.57387555,0.76106524,-0.8626768,-0.8384184,2
0.01776737,0.54963464,-0.9494676,-0.6833757,2
-0.7087503,0.4991621,-0.8674702,-0.8047467,1
-0.27654427,-0.45411956,-0.94863564,-0.70744526,0
-0.80531067,0.3994645,-0.87527835,-0.81660026,1
-0.16241655,-0.39079005,-0.898871,-0.7955855,2
-0.42800236,0.28248057,-0.9700633,-0.6475381,0
-0.0680345,0.5431237,-0.94478023,-0.6906178,2
-0.8504928,0.23929562,-0.88210595,-0.80326307,1
-0.8724023,0.0038696826,-0.93142456,-0.71822584,1
-0.6144233,0.3087155,-0.94918615,-0.6832646,0
-0.6814022,0.48920402,-0.88268006,-0.7996485,0
-0.45348325,0.44073868,-0.9475628,-0.6884385,2
-0.62974954,-0.01387006,-0.9824166,-0.62768483,0
-0.88672006,0.17451558,-0.8929889,-0.78797126,1
-0.43695793,0.78938234,-0.90661615,-0.756593,2
-0.82813835,0.23719166,-0.8904238,-0.7893989,1
-0.8428417,0.24605882,-0.9013063,-0.7561123,0
-0.8396511,0.08730218,-0.92925787,-0.72000647,0
-0.65275246,0.64292353,-0.87647474,-0.8122483,1
-0.8039863,0.52357036,-0.83790684,-0.87401795,1
-0.8716352,-0.056357175,-0.9611593,-0.6638358,0
-0.044134915,0.5087235,-0.94483423,-0.69593704,2
0.66520953,-0.17680007,-0.8572958,-0.8784995,2
-0.8954088,0.19992866,-0.87906075,-0.79703885,1
-0.7737594,0.47835943,-0.8670282,-0.81803405,1
-0.5756501,-0.024014145,-0.98304975,-0.6284474,0
-0.7646109,0.5824828,-0.85612035,-0.84934986,1
-0.55516464,0.07705048,-0.98666537,-0.61883396,0
-0.6337288,0.5213666,-0.8919063,-0.7867482,1
-0.47665003,0.5148226,-0.939831,-0.69918436,2
-0.81338537,0.31608623,-0.8827113,-0.8018958,1
-0.24668728,0.83996844,-0.9380596,-0.70198363,2
-0.61820126,0.48911437,-0.88943213,-0.79256845,1
-0.88757026,-0.006357223,-0.94758624,-0.68888277,0
-0.28632408,0.6911956,-0.94863266,-0.68393236,1
-0.24488032,0.8334589,-0.92969835,-0.71803206,2
-0.7779069,0.20799734,-0.9158233,-0.7278914,0
-0.8225727,0.033923134,-0.95779055,-0.67021036,0
-0.5325055,-0.043414682,-0.96873456,-0.6533484,0
0.083976924,-0.52921987,-0.92148244,-0.7622263,0
-0.8535305,0.020691246,-0.9342925,-0.71350425,1
-0.470475,0.46956277,-0.9117353,-0.75334585,2
-0.46988064,0.51810825,-0.9402913,-0.69965106,1
-0.020019978,0.5561155,-0.9172587,-0.7461258,2
-0.8552109,0.28689122,-0.8639897,-0.8316209,1
-0.5990071,0.6046906,-0.88361067,-0.80159736,1
-0.2218466,0.46447134,-0.9713432,-0.642165,2
-0.36249158,0.7236804,-0.9279059,-0.7203685,2
-0.67128265,0.48020333,-0.8966234,-0.7745916,1
-0.1040791,-0.573066,-0.9109036,-0.7685991,0
-0.7711873,0.106481194,-0.9594259,-0.6700558,0
0.47026014,-0.3643018,-0.90025026,-0.8037146,2
-0.40460923,0.6139965,-0.924955,-0.7275383,2
-0.24588631,0.05000645,-0.94298375,-0.70321536,0
-0.86339724,0.22681242,-0.8660507,-0.8256984,1
-0.8102451,0.2898464,-0.91245604,-0.75008696,0
-0.7721493,0.3680243,-0.8948041,-0.77869576,1
-0.7762007,0.07055147,-0.9663933,-0.65390414,0
0.41550982,0.14881213,-0.9170289,-0.7542891,2
-0.8711967,0.39872444,-0.8518291,-0.8333336,0
-0.6729775,-0.17936069,-0.97407657,-0.64523506,0
-0.7234359,0.47733143,-0.90467906,-0.7608818,0
-0.0065313876,0.5832378,-0.9532999,-0.6757201,2
-0.081098795,0.6981651,-0.95953405,-0.6649989,2
-0.118211776,0.7390815,-0.95278275,-0.6765749,2
-0.70326936,0.584779,-0.87735105,-0.80940205,1
-0.3992174,0.48336524,-0.94071686,-0.6988595,1
-0.32103255,0.44241214,-0.9596225,-0.6639996,2
-0.68708146,0.52133465,-0.8847205,-0.7966695,2
-0.83126295,0.33773568,-0.8520049,-0.8513911,1
-0.27656657,-0.53723407,-0.870061,-0.7744568,0
0.3756864,0.3252958,-0.9487948,-0.6898667,2
-0.4610739,0.0025592148,-0.9627101,-0.66029775,0
-0.025472343,0.7120398,-0.9390228,-0.70182645,2
-0.4161404,0.058026895,-1.0,-0.5987852,0
-0.7881003,0.15487602,-0.92652214,-0.723746,0
0.5618448,0.23481089,-0.8889608,-0.8104584,2
-0.8758725,-0.03121373,-0.9425941,-0.697971,0
-0.44023854,0.7222562,-0.902047,-0.76514274,1
-0.121510655,0.85169977,-0.9383106,-0.70335954,2
-0.26822555,0.585651,-0.9453854,-0.69293875,2
-0.75536704,0.23955701,-0.92148894,-0.7323182,0
-0.19360706,0.9820599,-0.91075236,-0.75469446,2
-0.8382572,0.33515888,-0.8615767,-0.83522904,1
-0.87257105,0.045744702,-0.92967296,-0.7193375,0
-0.16508886,0.5841984,-0.9593665,-0.66306883,2
-0.8313159,0.20163979,-0.8983686,-0.7700019,0
0.59953,-0.52693504,-0.82330126,-0.94659245,2
-0.08906755,0.45734984,-0.97238046,-0.64340746,2
-0.86924493,-0.084724724,-0.955368,-0.67294973,0
-0.83327955,0.30692863,-0.86633605,-0.8265734,1
-0.53187,-0.016571313,-0.99445623,-0.60610425,2
-0.7684724,0.31872737,-0.90897113,-0.7485136,0
0.13406265,-0.09981462,-0.9503951,-0.7019829,0
-0.8263338,0.030428559,-0.95037496,-0.68451154,0
0.3996582,-0.17048681,-0.86841667,-0.8552556,2
-0.5788193,0.27221045,-0.94660354,-0.68620014,1
-0.60993034,0.37627602,-0.9304109,-0.7166198,1
-0.82253104,0.32747424,-0.889006,-0.79159933,1
-0.4153043,0.11853509,-0.9781519,-0.6345551,0
-0.38951573,0.7041526,-0.9083174,-0.75461566,1
-0.7803868,0.41973263,-0.8633205,-0.8313073,1
-0.903777,0.077199474,-0.8892724,-0.7878635,1
-0.539395,-0.089252144,-0.9792162,-0.6342987,0
0.6416874,0.08474636,-0.9110094,-0.76986074,2
0.1946575,0.09401643,-0.8568876,-0.8696079,2
-0.78872764,0.52855885,-0.86331975,-0.83291596,1
-0.15702373,0.6508875,-0.9235775,-0.731162,2
-0.7506571,0.5902138,-0.84649694,-0.8590202,1
0.3310629,-0.13385409,1.0,1.0,2
-0.9572413,-0.12941194,-0.9258976,-0.7120698,0
-0.8125896,0.19919962,-0.9040785,-0.76283,0
-0.66482615,0.14912955,-0.9722601,-0.6467191,0
0.40795612,0.391294,-0.8956146,-0.78647023,2
-0.18996096,0.039050564,-0.93450284,-0.7163339,0
-0.32598978,-0.22891426,-0.965854,-0.66768044,0
0.0801388,-0.3785106,-0.88172555,-0.82607406,2
-0.6656933,0.31701687,-0.9433713,-0.6941424,0
-0.8534952,0.21081257,-0.8860735,-0.79688853,1
-0.7444327,0.5112889,-0.8774605,-0.809708,1
-0.3981459,0.8066619,-0.91926646,-0.7364085,2
-0.6625093,0.110599875,-0.9795556,-0.6327577,0
0.24300092,0.40282685,-0.9544799,-0.6751225,2
-0.7292077,0.4336908,-0.88337845,-0.801811,1
-0.639465,0.20014194,-0.9586127,-0.6679419,0
-0.74157244,0.59671307,-0.8622089,-0.837519,1
-0.8568341,0.07324462,-0.93450135,-0.7115365,0
-0.67391634,0.236887,-0.93349296,-0.7126427,1
-0.95035726,-0.11001262,-0.9412202,-0.70020473,0
-0.07462567,0.74254876,-0.9482409,-0.68553025,2
-0.041601658,0.14436182,-0.9509196,-0.68535,2
-0.81798744,0.12809525,-0.9409219,-0.6987317,0
-0.42846996,0.7923632,-0.91315037,-0.7484862,2
-0.8633169,0.07297157,-0.9354613,-0.70715994,0
-0.86016583,-0.014232099,-0.94925505,-0.68389577,0
-0.66724396,0.51203525,-0.886633,-0.79535747,1
-0.20336214,0.73889375,-0.93258053,-0.71662647,2
-0.7850547,0.41533157,-0.87899727,-0.80729795,1
0.27529663,0.3688782,-0.95929825,-0.67173904,0
-0.71869636,0.33230728,-0.9111608,-0.7490138,1
-0.8901137,0.26208422,-0.8591622,-0.8397902,1
-0.8017621,0.056479216,-0.9495216,-0.6813715,0
-0.60457623,0.16008098,-0.962481,-0.6639514,0
-0.8189585,0.5170746,-0.837937,-0.8755861,1
0.01968962,0.5360314,-0.93771607,-0.7020566,2
-0.6867032,0.70729387,-0.85246295,-0.8430327,1
-0.10056791,0.8855839,-0.9367423,-0.7052228,2
-0.27420652,0.91448504,-0.9116652,-0.75272757,2
-0.22240838,0.6992015,-0.9471106,-0.6851463,2
-0.947912,-0.14140964,-0.93984205,-0.7009889,0
-0.063676625,0.6209838,-0.9087125,-0.7566697,2
-0.6557634,0.3054319,-0.94466674,-0.68962836,0
-0.26922417,0.028459907,-0.96739924,-0.6541249,0
-0.5990031,0.5637541,-0.8967006,-0.7760947,1
-0.8780602,0.097103804,-0.9169397,-0.74044925,0
-0.48634776,0.6602341,-0.90063816,-0.76834476,2
-0.73246026,0.18888763,-0.92736423,-0.7232187,1
-0.6688097,0.5765808,-0.8676612,-0.8270592,1
-0.57920825,0.72316265,-0.88127804,-0.80179346,1
-0.56944704,0.4775908,-0.94051725,-0.70024,0
-0.50211984,-0.3654868,-0.96239924,-0.6748646,0
-0.7906498,0.38044935,-0.87072855,-0.806576,1
-0.9207212,-0.033617437,-0.9216043,-0.73248786,0
-0.65131176,0.02845192,-0.9911297,-0.6108954,0
-0.0300636,-0.49477714,-0.8725548,-0.83186144,2
0.2546199,0.6604856,-0.93661535,-0.7087155,2
0.03440377,0.75150186,-0.95192033,-0.6769266,2
-0.82995915,0.21926747,-0.88689756,-0.7940682,1
-0.72238255,0.2920414,-0.92467505,-0.72777116,0
-0.9109592,-0.042558253,-0.9421592,-0.69857424,0
-0.70061,0.027716875,-0.9569324,-0.6700501,1
-0.55584466,0.6646271,-0.899742,-0.7730841,1
-0.72693455,0.44126743,-0.88929653,-0.7873738,1
-0.6285723,0.32054597,-0.92814213,-0.72189283,1
-0.8808245,0.2576902,-0.86340714,-0.8358412,1
-0.06427476,0.56658405,-0.92573696,-0.7281157,2
-0.7247671,0.024895757,-0.983218,-0.62525356,0
0.041894913,0.6704668,-0.9617504,-0.6589313,2
-0.62804854,-0.5469573,-0.94519436,-0.69395393,0
-0.7741409,0.5469122,-0.841413,-0.8685248,1
-0.58037466,-0.0031926334,-0.9899054,-0.6151262,0
-0.19321504,0.792852,-0.9412278,-0.6981273,2
0.53437626,-0.37876683,-0.82617164,-0.93679845,2
-0.8059349,0.29918182,-0.8900128,-0.7905673,1
-0.8370474,0.16649222,-0.898055,-0.7756414,1
-0.5948035,0.69434655,-0.8824446,-0.799654,1
-0.026316702,-0.44889033,-0.9414422,-0.724176,2
-0.82674587,0.27668458,-0.8731655,-0.81990397,1
-0.45475194,0.3198424,-0.95747113,-0.67069036,1
-0.78140163,0.50681883,-0.84930515,-0.84472203,1
-0.77281386,0.41703615,-0.87575704,-0.8089942,0
-0.81429535,0.40091783,-0.85856783,-0.8406327,1
-0.75082624,0.42841482,-0.8523917,-0.7694634,0
-0.7911824,0.4537174,-0.86459506,-0.834051,1
0.39489824,0.27607128,-0.9468192,-0.6949348,2
-0.8300581,0.2363048,-0.88776624,-0.793355,1
-0.8338818,0.2978056,-0.8730494,-0.820475,1
-0.49653253,-0.60737264,-0.93224823,-0.7318029,0
-0.51309997,-0.40277654,-0.9407667,-0.7001679,0
-0.83094287,0.11626539,-0.9305778,-0.7172557,0
-0.060901135,0.4490385,-0.96803325,-0.64830315,2
0.42658007,-0.5301959,-0.862504,-0.87345624,2
-0.70229363,0.12633145,-0.97469157,-0.6407325,0
-0.77128154,0.40924317,-0.879336,-0.8077619,1
-0.73740983,0.42139253,-0.90777,-0.7555614,0
-0.062051743,0.61964124,-0.93339056,-0.7169089,2
-0.36456934,0.33079857,-0.95691204,-0.671507,2
-0.8374451,0.123159826,-0.90288585,-0.7691994,1
-0.7318019,0.47996056,-0.8793276,-0.8057795,1
-0.2520038,0.65353894,-0.9512244,-0.681399,2
0.38247037,0.055463657,-0.88534445,-0.8144146,2
-0.5458294,0.08579834,-0.9692196,-0.6493868,0
-0.24651238,0.2847783,-0.97078776,-0.6460889,2
-0.5827278,-0.354549,-0.97544503,-0.6491376,0
-0.0034278631,0.5847074,-0.9688418,-0.64538264,2
-0.27068835,0.46132052,-0.9551235,-0.6740694,2
-0.4995061,0.52726775,-0.918441,-0.7350059,1
-0.86612475,0.13481659,-0.8932933,-0.7812404,1
-0.7576957,0.27452937,-0.87128514,-0.7745484,0
-0.3703107,0.631925,-0.9278373,-0.71863526,1
-0.65644836,-0.19198316,-0.9809968,-0.6316398,0
-0.6011573,0.11879785,-0.9697268,-0.65010893,1
-0.5649325,0.6485604,-0.9003885,-0.7699666,2
0.32647455,-0.36446935,-0.90056425,-0.7913821,2
0.19533396,-0.6027946,-0.89687544,-0.80854815,2
-0.8074385,0.24151155,-0.8935379,-0.783667,1
-0.46055725,0.37030917,-0.9654192,-0.65441424,2
0.52818495,0.22677097,-0.8997044,-0.79181325,2
0.2123208,-0.36383992,-0.919386,-0.76482654,0
-0.7454811,0.13579296,-0.95950305,-0.66498464,0
-0.26816505,0.72032773,-0.9378788,-0.7054343,2
-0.85700095,0.15227883,-0.8920266,-0.78594464,1
-0.7391731,0.4738021,-0.8720885,-0.8162975,1
-0.7071742,-0.253942,-0.9870546,-0.6216099,0
-0.79599345,0.26658964,-0.8881547,-0.7910652,1
-0.88016033,-0.08073482,-0.95458025,-0.6765807,0
-0.9338595,-0.029546648,-0.9168728,-0.73766655,0
0.35232997,0.18365324,-0.93562263,-0.71677303,2
-0.83937037,0.036021322,-0.9288907,-0.72041124,1
-0.7661538,0.514898,-0.85232973,-0.84478396,1
0.20201015,-0.078276515,-0.90798336,-0.77546227,2
-0.5311271,0.55573916,-0.8957399,-0.7795794,1
-0.44214147,0.4428622,-0.95498836,-0.67414427,1
-0.8223415,0.32181716,-0.87058336,-0.8239177,1
-0.83755237,0.12841506,-0.9086527,-0.758183,1
-0.9252279,-0.07367292,-0.9436089,-0.69574225,0
-0.34122774,0.5690924,-0.9565389,-0.6703924,2
-0.43067387,0.71881384,-0.89978683,-0.7701354,1
0.32463235,-0.37047732,-0.78726894,-0.9411118,2
-0.34632495,0.35439175,-0.97069895,-0.64864457,2
-0.56276554,0.60765016,-0.89650023,-0.77349275,2
-0.8980082,-0.20385405,-0.9688095,-0.65285546,0
-0.726463,0.4200438,-0.8936628,-0.78459334,1
-0.18594319,0.6732566,-0.9552199,-0.67373794,2
-0.7616093,0.44587144,-0.8808689,-0.8035954,1
-0.7009339,0.3921106,-0.9350881,-0.7067018,0
-0.8523747,0.005484402,-0.9521131,-0.67985296,0
-0.44224936,0.52590346,-0.9298051,-0.71612144,2
-0.7296883,0.48114726,-0.88987976,-0.7885154,1
0.025981069,0.0065963864,-0.8740652,-0.81139416,2
0.23871094,0.44249082,-0.91810423,-0.74675953,2
-0.79283834,0.36717385,-0.8754016,-0.8174628,1
0.32151723,-0.58280283,-0.8825328,-0.8294412,2
-0.5366465,-0.50504124,-0.9430514,-0.7110332,0
-0.9291941,-0.1602692,-0.951529,-0.6814546,0
-0.5035991,0.08735579,-0.99569666,-0.6027795,0
-0.23297773,0.7906571,-0.9204099,-0.73447967,2
-0.4228864,0.8185929,-0.89020157,-0.7878557,2
-0.87497175,-0.062410295,-0.95047396,-0.6829416,0
-0.88846296,0.028954059,-0.9318197,-0.7157331,0
-0.010164678,0.71341467,-0.94474524,-0.68859905,2
-0.77026117,0.27261454,-0.9124635,-0.74452186,1
0.027629316,0.5740361,-0.9578666,-0.6664933,2
-0.8354106,0.17446207,-0.89339066,-0.78574437,1
-0.8160603,0.27759954,-0.88927084,-0.79200846,1
-0.6842979,0.108604565,-0.96209645,-0.6634705,0
-0.26553386,0.74992895,-0.945388,-0.6900255,2
-0.6562257,0.4491433,-0.8880572,-0.7975334,1
-0.8171611,0.111783266,-0.93676364,-0.7019541,0
0.28085995,0.44119823,-0.9169688,-0.74695027,2
-0.6470854,0.3425239,-0.93239033,-0.71267205,1
-0.23135146,0.053502783,-0.9708867,-0.6501352,2
0.43157095,0.059734613,-0.89496744,-0.79859257,2
0.022450954,0.23393863,-0.92780846,-0.72629404,2
-0.66054386,0.6339135,-0.877533,-0.78601015,0
-0.8609072,0.29198778,-0.7865294,-0.69316626,1
-0.740944,0.12080254,-0.95022595,-0.6809956,0
-0.77351034,0.09164044,-0.94017327,-0.70288783,1
-0.42709368,0.7706041,-0.9085394,-0.7547858,2
0.14238769,0.5077455,-0.95789415,-0.6684373,2
-0.2229434,0.29981938,-0.9603991,-0.66655046,0
-0.3984149,-0.15735489,-0.9239721,-0.7082554,0
-0.8241508,0.29851267,-0.89359194,-0.782079,0
-0.54703766,0.34463185,-0.96046966,-0.66492134,2
-0.66396,0.12194513,-0.9866818,-0.6210451,0
-0.7738509,0.44851363,-0.8762295,-0.8150947,1
0.18034321,0.5481438,-0.95840174,-0.66816384,2
-0.7521738,0.3883843,-0.91079867,-0.75313705,0
-0.23515326,0.92330724,-0.92795956,-0.7194642,2
0.8321705,-0.2207464,-0.8408257,-0.9136443,2
-0.75131696,0.54628384,-0.86763006,-0.8277559,1
-0.819131,0.10555209,-0.92515385,-0.72871435,1
0.17359126,0.9389548,-0.93154365,-0.71504295,2
-0.83938336,0.123849615,-0.90229064,-0.76367414,1
0.15196437,0.63053656,-0.95571405,-0.6717424,2
-0.13250089,0.8355531,-0.942166,-0.6972067,2
-0.58353895,0.776108,-0.84698945,-0.8473547,1
-0.51283735,0.6186544,-0.913773,-0.7466844,2
-0.6451323,0.3700588,-0.91765094,-0.73846173,1
-0.6636827,0.6314715,-0.87059224,-0.81922203,1
-0.6671504,0.39631397,-0.90673524,-0.7596665,1
-0.83425796,0.40187478,-0.86219907,-0.840001,1
-0.69914544,0.4607216,-0.87495965,-0.7960646,1
0.047629833,0.5887755,-0.95413417,-0.6717342,2
-0.8466534,0.27784246,-0.88632333,-0.79568034,1
0.15566987,0.6343992,-0.9037292,-0.7615,2
-0.26179832,0.6781508,-0.9392533,-0.7023483,0
-0.76740086,0.23504548,-0.91108596,-0.7523239,1
-0.9566746,-0.0810377,-0.9179309,-0.723197,0
-0.7831148,0.28725037,-0.89481777,-0.7811083,1
-0.82657754,0.3391758,-0.8764948,-0.8129625,1
-0.64566886,0.6095334,-0.8875243,-0.7931907,1
-0.88527334,-0.0053661466,-0.93154866,-0.71704626,0
-0.8754589,0.18590862,-0.8829241,-0.79665434,1
-0.0265567,0.6960615,-0.95164984,-0.67821825,2
-0.80197716,0.10568811,-0.9410793,-0.6989347,0
-0.93400395,-0.14493465,-0.9453491,-0.69049317,0
-0.7896817,0.3389957,-0.885192,-0.7927869,1
-0.8721483,0.0121818185,-0.9241996,-0.73120415,0
0.27823603,-0.4709075,-0.8437284,-0.8894083,2
-0.9012836,-0.08789781,-0.94477206,-0.69397515,0
-0.56666696,0.18125543,-0.9730331,-0.6438617,2
-0.78627354,0.27406728,-0.91021276,-0.75313497,0
0.9682121,-0.5720819,-0.8258507,-0.9382485,2
-0.7675827,0.3008854,-0.9003995,-0.7708559,1
-0.62883455,0.43725094,-0.9094002,-0.75422055,1
-0.8234434,0.37645605,-0.86304796,-0.83798075,1
-0.036262333,0.84110725,-0.95173436,-0.6799716,2
-0.84198546,0.19614446,-0.9181752,-0.7388017,1
-0.82578665,0.15820521,-0.94127065,-0.6975976,0
-0.86260784,-0.013897061,-0.9417222,-0.69939077,0
-0.7145245,0.5961075,-0.86338294,-0.8325135,1
-0.6590831,0.5528314,-0.88196236,-0.8036909,1
-0.8948438,0.14989644,-0.90002716,-0.7715833,0
-0.6843838,0.46741474,-0.90595114,-0.7586768,1
-0.14542776,0.23817833,-0.9704745,-0.645975,2
-0.75629187,0.28641567,-0.9017381,-0.771202,1
-0.32093078,0.1557644,-0.92634887,-0.6920406,0
-0.81508106,0.402963,-0.8698855,-0.823295,1
-0.654229,-0.07076019,-0.9904049,-0.6158016,1
-0.7305819,0.44627938,-0.8859301,-0.795243,1
0.31459087,0.39947394,-0.92229617,-0.737347,2
-0.3284932,0.38487917,-0.95706457,-0.6679941,0
-0.6616341,0.30947918,-0.92877704,-0.72207636,1
-0.48202342,0.584373,-0.9259802,-0.72541595,1
-0.27795407,0.78431785,-0.9238375,-0.7269769,1
-0.48964784,0.35490838,-0.9701267,-0.65024686,0
-0.7837305,0.59154147,-0.85066986,-0.8561281,1
-0.0042516887,0.99700195,-0.93096584,-0.7181152,2
0.1630379,0.5918286,-0.9581054,-0.6651846,2
-0.038036883,0.5920247,-0.94725734,-0.68657434,2
-0.33973622,0.39283562,-0.94628495,-0.68771154,2
-0.77534974,0.34519997,-0.8784572,-0.81052583,1
-0.8430456,0.24180411,-0.87179583,-0.820089,1
-0.62826234,0.6038433,-0.87528145,-0.81683147,1
-0.7462127,0.05638574,-0.9701086,-0.65111667,0
-0.7305621,0.4713125,-0.8769376,-0.81164193,1
-0.7359953,0.45850962,-0.8868911,-0.792077,1
0.22502488,0.5170213,-0.9492984,-0.68948084,2
-0.80290467,0.29543605,-0.8873309,-0.79249626,1
-0.6931599,0.4079517,-0.9111413,-0.7534338,0
-0.25343293,0.55838174,-0.9430717,-0.68967915,2
-0.8498332,0.2052317,-0.8818558,-0.80363077,1
0.611542,-0.38309753,-0.78707016,-0.9423841,2
-0.06251714,0.2582519,-0.97568595,-0.6383628,2
0.31842017,-0.458708,-0.9181307,-0.7663645,2
-0.7898928,0.46762878,-0.8791677,-0.8064825,1
-0.8641765,0.015061945,-0.9396249,-0.70304686,0
-0.9365791,-0.07759884,-0.93487304,-0.7077693,0
-0.8005059,0.070220634,-0.9542754,-0.67698777,0
-0.78476024,0.43754447,-0.87587184,-0.8097308,1
-0.71119845,0.6396438,-0.8655954,-0.8298379,1
-0.807641,0.37649223,-0.85741735,-0.83896786,1
-0.25161633,0.80885,-0.91911906,-0.7402403,2
-0.8493929,0.024303287,-0.9389081,-0.70356095,0
-0.3233722,0.65764713,-0.9360106,-0.7053188,2
-0.31076163,0.8346603,-0.9225075,-0.7285769,1
-0.5213169,0.7033261,-0.8901414,-0.78763044,1
-0.68703926,0.38296652,-0.909376,-0.7532079,0
0.11596328,0.35225588,-0.9550186,-0.6755774,2
-0.74219215,0.49116606,-0.870892,-0.82433146,1
-0.7721472,0.44093555,-0.88980556,-0.78739625,0
-0.6993707,0.49360588,-0.8804029,-0.8016921,0
-0.6738084,0.34932613,-0.921621,-0.73339826,0
-0.60916966,0.70152783,-0.87856495,-0.80905914,1
-0.3411227,0.8290785,-0.9100058,-0.7530566,1
-0.5238433,0.24588414,-0.95957315,-0.66314846,0
-0.7307488,0.60245067,-0.85678697,-0.8376899,1
-0.71809584,0.5094754,-0.8744039,-0.8149588,1
-0.532472,0.5902461,-0.90198785,-0.7669002,1
-0.21171993,0.26734746,-0.96455735,-0.6603771,2
-0.78132606,0.13609876,-0.93409556,-0.71275526,1
-0.6746998,0.552156,-0.88879323,-0.7907402,1
-0.2900016,-0.024636686,-0.97906464,-0.6389123,0
-0.80004895,0.35554487,-0.883807,-0.80113363,1
-0.42817506,0.7913935,-0.8999115,-0.7701304,1
-0.040881425,0.5070723,-0.97038275,-0.6424084,2
-0.7927687,0.3065755,-0.8768866,-0.8069948,1
0.39890838,0.33771092,-0.8745471,-0.8181497,2
-0.575668,-0.29992336,-0.953749,-0.6846588,0
-0.91133213,-0.07096562,-0.93760055,-0.7055288,0
-0.38647774,0.27295053,-0.97364616,-0.6381849,2
-0.86216336,0.07173644,-0.92757744,-0.72389054,0
-0.9133524,0.0775751,-0.91083217,-0.7516648,0
-0.5201581,0.45251948,-0.9405045,-0.69769984,2
0.26150382,0.7560856,-0.9399996,-0.6999053,2
-0.1395917,0.77528733,-0.93900764,-0.70298743,2
-0.15452027,0.6597989,-0.948423,-0.6852361,2
-0.7839171,0.40931854,-0.8767005,-0.8116631,1
-0.60093594,0.21229413,-0.94602627,-0.6908453,1
-0.53998625,0.16561002,-0.9576124,-0.6695513,0
-0.4923914,0.21752954,-0.97064686,-0.6473512,0
-0.4215396,0.49743554,-0.9316484,-0.7150863,2
-0.407734,-0.09265986,-0.9450327,-0.6949111,0
-0.8370515,0.027334064,-0.9487239,-0.68475384,0
-0.8408687,0.3586365,-0.8765356,-0.814478,1
-0.50783336,-0.27013892,-0.97038126,-0.65231764,0
-0.5521551,0.608317,-0.9086383,-0.7579882,2
-0.22417209,0.76835585,-0.92899376,-0.71854436,2
0.15156215,0.7710397,-0.94772524,-0.6862643,2
0.43600136,-0.32766473,-0.85289043,-0.8820418,2
0.037044227,0.624195,-0.95798266,-0.67027724,2
-0.77866435,0.3248778,-0.90788305,-0.7570638,1
-0.7322719,0.545388,-0.8634941,-0.83176714,1
-0.63742346,-0.23501986,-0.9802302,-0.63349944,0
-0.4659158,0.45864132,-0.9585584,-0.66955435,2
-0.8394382,0.235534,-0.87836635,-0.80917704,1
-0.8133416,0.17999849,-0.91747403,-0.7434509,1
0.4350779,-0.18573204,-0.89996445,-0.7964895,2
-0.6594513,0.34959134,-0.92036784,-0.7353321,1
-0.33258015,0.3004598,-0.96485645,-0.6572882,2
-0.8421502,0.018853784,-0.94327813,-0.69547385,0
-0.12039575,0.64408934,-0.9383006,-0.7015768,2
-0.74314547,0.20554465,-0.94329786,-0.6936747,0
-0.19624057,0.89090365,-0.91975796,-0.73773086,2
-0.3083279,0.8405719,-0.8812264,-0.7846776,1
-0.84434396,0.34922057,-0.87701887,-0.8083926,1
-0.2994168,0.19724321,-0.97706246,-0.6360956,0
-0.78366816,0.24047396,-0.92538786,-0.7261911,0
-0.054336756,0.6534915,-0.9602854,-0.6623593,2
-0.83701277,0.10289273,-0.93077713,-0.71739364,0
-0.8391892,0.29837742,-0.8755337,-0.8175868,1
-0.5307229,-0.30471426,-0.9345611,-0.7194152,0
-0.608978,0.45180354,-0.9120221,-0.74984896,1
0.28772676,-0.6121537,-0.76426685,-0.9341649,2
-0.8053056,0.16647318,-0.9223706,-0.71222013,0
-0.78672504,0.25522518,-0.922237,-0.73144925,0
-0.03579089,0.526133,-0.95693105,-0.66815376,2
-0.2354236,0.9034103,-0.92970765,-0.71846455,2
0.2881897,0.4961243,-0.92571557,-0.7280873,2
0.07096636,0.2609534,-0.93805265,-0.70816493,2
-0.8574647,0.1547091,-0.8868751,-0.7882763,1
0.16459244,0.49561155,-0.9031134,-0.7678203,2
-0.6763462,0.4227653,-0.93830484,-0.7026204,0
-0.38002062,0.5761602,-0.9270729,-0.72156805,2
-0.64353967,-0.39101082,-0.95978105,-0.67588407,2
-0.5915975,0.2099851,-0.94680303,-0.6908942,0
-0.74493444,0.3855813,-0.8923129,-0.78661525,1
-0.08110002,-0.78757775,-0.90683234,-0.78670424,0
-0.5807086,0.16975015,-0.97376597,-0.64185214,0
-0.8858346,-0.050599635,-0.9487067,-0.68855673,0
-0.09895486,0.75811684,-0.9575039,-0.6644474,1
-0.833132,0.15028234,-0.9088906,-0.75723964,1
-0.21021089,0.04210435,-0.8725058,-0.75471973,0
-0.43377945,0.67946064,-0.91207075,-0.74870753,1
-0.67186433,0.48991722,-0.9019361,-0.76979357,2
-0.08068639,0.7765133,-0.9515325,-0.6781963,2
-0.880266,-0.0771842,-0.95957714,-0.667908,0
-0.40093327,0.12306127,-0.9286317,-0.7097407,0
-0.7471771,0.15195537,-0.9542038,-0.676299,0
-0.71958596,0.40018567,-0.90932786,-0.75193316,0
-0.86494267,0.17172062,-0.8869075,-0.7947861,1
-0.7845278,0.2902412,-0.8876937,-0.7865293,1
-0.845811,0.3969813,-0.8531194,-0.8478547,1
-0.77111495,0.2343665,-0.92555726,-0.725101,0
-0.06379613,0.63717127,-0.9578595,-0.66697097,2
-0.85088706,0.3446074,-0.5930337,-0.80212414,1
-0.5999157,0.2826576,-0.9542334,-0.6763491,2
-0.84226406,0.33440295,-0.8759222,-0.8134928,1
-0.8665793,0.13382347,-0.90826446,-0.75783217,1
-0.398153,0.6709014,-0.9341091,-0.7096181,2
-0.7222228,0.2866989,-0.91721946,-0.74103653,0
-0.43093023,0.28379512,-0.93449765,-0.71058995,0
0.22101444,-0.0819855,-0.95941365,-0.682835,2
0.20929104,0.47911006,-0.9387367,-0.70381,2
-0.78528833,0.13615799,-0.95021015,-0.6857992,0
-0.76854277,0.3587761,-0.895454,-0.7779391,1
-0.7716192,0.27880692,-0.9102707,-0.75285244,0
0.506663,-0.24558151,-0.8473254,-0.87023354,2
0.3269806,0.27375114,-0.90478617,-0.7682092,2
0.038177907,0.5769202,-0.92721725,-0.7245364,2
-0.697366,0.35108775,-0.9176371,-0.737616,0
-0.431296,0.16909319,-0.99358356,-0.60647035,0
-0.036973566,0.5673369,-0.9578228,-0.6706502,2
-0.40946978,0.8365135,-0.91215694,-0.74871933,1
-0.30966178,0.74171317,-0.9339535,-0.71017885,2
-0.4425939,-0.40278554,-0.9566793,-0.68784964,0
-0.92566586,0.09410572,-0.89370245,-0.7642741,0
-0.8090131,0.30973572,-0.89462465,-0.7822213,1
0.3102324,0.40960208,-0.9476502,-0.6897419,2
-0.5744206,0.49932426,-0.89561737,-0.77924186,1
-0.8695564,-0.10272521,-0.95805055,-0.6674742,0
-0.8545972,0.11536874,-0.90015346,-0.77267677,1
-0.52050626,-0.3900187,-0.94567996,-0.7018579,0
-0.9476466,-0.059050202,-0.9187822,-0.73292696,0
-0.9598918,-0.1111657,-0.91550106,-0.7212505,0
-0.59745634,0.5654418,-0.8931619,-0.7830937,1
-0.7339475,0.37117934,-0.91570413,-0.7465961,0
-0.8366862,0.02547422,-0.9405785,-0.70121956,1
-0.3801514,0.77631927,-0.9238238,-0.7265615,2
-0.8099614,0.24146825,-0.9038015,-0.762591,1
-0.8442477,0.09307116,-0.92695105,-0.72598374,1
-0.25900298,0.5663394,-0.97092867,-0.6436564,2
0.02044028,0.20196149,-0.9303596,-0.7279431,2
-0.8467194,0.072908655,-0.9393241,-0.70249426,0
-0.784218,0.429486,-0.8823292,-0.80314946,1
-0.21516982,0.63956153,-0.9184813,-0.74137825,0
-0.8812852,-0.034377664,-0.94873023,-0.68574625,0
-0.8132827,0.2938511,-0.8865329,-0.7966999,1
-0.119123966,-0.1388112,-0.93428266,-0.7218099,0
0.05436492,0.061965287,-0.9539452,-0.68521893,2
-0.78384614,0.08763905,-0.9361544,-0.7089814,0
-0.50662416,0.4361092,-0.93886983,-0.7033914,1
-0.8729073,-0.045759946,-0.9493177,-0.6848703,0
-0.8056315,0.110333905,-0.93887997,-0.70540875,1
-0.11142823,0.7305462,-0.94932896,-0.6862627,2
0.056571484,0.72526604,-0.9610637,-0.6587774,2
-0.2488871,0.7786037,-0.91995806,-0.7353636,2
-0.4181481,0.6015667,-0.93406105,-0.70682764,2
-0.94562274,-0.0478763,-0.920402,-0.7318727,0
-0.6765498,0.36070475,-0.87877667,-0.7799705,1
-0.64837015,-0.25574994,-0.97864914,-0.63754857,0
-0.8544053,0.078489244,-0.92483765,-0.72824264,0
-0.4761572,0.632198,-0.912793,-0.7472978,1
-0.7646196,0.39985645,-0.88376224,-0.80214596,1
-0.8037081,0.025108814,-0.960462,-0.6645946,0
-0.87099004,-0.033567607,-0.9430133,-0.69269264,0
-0.95218354,0.037868068,-0.8946144,-0.77859837,0
-0.8140921,0.3163788,-0.88522774,-0.7916488,1
-0.8434593,0.18572097,-0.89104617,-0.7898729,1
-0.57116055,0.7783816,-0.85462266,-0.8449824,2
-0.2824073,0.18917769,-0.9528605,-0.68140876,0
-0.48514915,-0.41778278,-0.9225176,-0.7438889,0
0.10739094,0.5533879,-0.9549316,-0.6724247,2
-0.94246906,-0.100497335,-0.9305477,-0.71297103,0
-0.746274,0.26565197,-0.9258531,-0.7267901,0
-0.48967493,0.83780986,-0.8886713,-0.79156053,1
-0.8434751,0.062867865,-0.93181527,-0.7159865,0
-0.116172224,0.997973,-0.9097523,-0.7545217,2
-0.85466725,-0.02565667,-0.9425534,-0.69927967,1
-0.7655103,0.5780268,-0.8645431,-0.83183604,1
-0.73904645,0.4446013,-0.8920156,-0.7819103,1
-0.7527039,0.5687462,-0.8497328,-0.8569799,1
-0.47853324,0.059912667,-0.9757624,-0.6408183,0
-0.011065125,0.47323662,-0.9407902,-0.6982012,2
-0.27073735,0.6761552,-0.9379251,-0.70530313,2
-0.8903744,0.3773662,-0.83903503,-0.8657301,1
-0.8520919,0.021392345,-0.9328773,-0.709636,0
-0.24355556,-0.22331297,-0.88651264,-0.8113348,0
-0.92644036,-0.023078203,-0.9203991,-0.7301241,0
-0.7372942,0.08761728,-0.95600337,-0.67350286,0
-0.12733522,0.5491785,-0.9681198,-0.6479933,2
-0.50356996,0.5394376,-0.937101,-0.70559675,0
-0.84066206,0.102434844,-0.9181107,-0.74031,1
-0.15315932,0.66289604,-0.9574266,-0.668094,2
0.04526329,0.82994676,-0.9257647,-0.72756964,2
0.3126924,0.19049828,-0.89243376,-0.8008781,2
-0.6522413,0.27404264,-0.9495415,-0.68476725,0
-0.84085625,0.09645039,-0.9123643,-0.7517426,1
-0.31222117,0.77233577,-0.92546284,-0.7300083,2
-0.69642735,0.23901318,-0.9155945,-0.7420671,1
-0.5998081,0.2003274,-0.9605449,-0.6621729,0
-0.28568465,-0.12683529,-0.89862764,-0.76411235,0
-0.92808676,-0.033536732,-0.9274574,-0.72384477,0
-0.61392677,0.65547323,-0.85996056,-0.84090245,1
-0.3557535,0.7907045,-0.91813993,-0.7419937,2
-0.06378764,0.47975886,-0.97586864,-0.637105,2
0.063626766,0.22145042,-0.965115,-0.65696084,2
-0.952283,-0.10117519,-0.92152464,-0.7238625,0
-0.306611,0.805766,-0.91729003,-0.7391383,2
-0.82215846,0.38345382,-0.8594222,-0.8384867,1
-0.4934316,0.6433808,-0.90923077,-0.7533848,1
-0.4220348,0.81453115,-0.9051817,-0.7599585,2
-0.8295297,0.032299906,-0.94322073,-0.69637555,0
-0.67819345,0.33264875,-0.9078745,-0.7537266,2
-0.10226229,-0.39022613,-0.9549037,-0.6847704,0
-0.27178818,0.57685685,-0.9347285,-0.7100304,2
-0.57684475,0.16111542,-0.9684108,-0.65116817,0
-0.8363596,0.27873632,-0.8715203,-0.8105053,1
0.10855061,0.46653128,-0.8973506,-0.78135484,2
-0.825129,0.13350983,-0.91471064,-0.74109226,1
-0.6639657,0.14889267,-0.9600805,-0.6658464,1
-0.24265891,-0.3058167,-0.93554956,-0.7204255,0
-0.010262102,-0.24091816,-0.89562094,-0.7960357,0
0.20254648,0.6697035,-0.95670485,-0.6676624,2
0.00042575598,0.393146,-0.9235947,-0.7402516,2
-0.8046403,0.4911142,-0.8552935,-0.84940755,1
-0.7881392,0.48222643,-0.8587295,-0.84421957,1
-0.53502303,-0.33548987,-0.9508259,-0.6948037,0
0.6699195,-0.095404446,-0.87156594,-0.85226566,2
-0.87210834,0.120586604,-0.89636534,-0.7499747,0
-0.10065189,0.45502177,-0.9655071,-0.6530308,2
-0.1816886,-0.14242962,-0.93270016,-0.72815174,2
-0.7813841,0.2910665,-0.88276845,-0.80268437,1
-0.5028065,0.5934132,-0.9220059,-0.7311943,1
-0.49339923,-0.035140723,-0.97743237,-0.63403857,0
0.13023382,0.5932014,-0.94850785,-0.6848493,2
0.547048,-0.55443054,-0.8485738,-0.89744663,2
-0.79709446,0.46464735,-0.8539552,-0.84956443,1
-0.6753775,0.36857498,-0.9439912,-0.6908414,0
-0.5671779,0.56820786,-0.9148312,-0.7413912,0
-0.36916652,0.7750096,-0.9251689,-0.724808,2
-0.6913152,0.5940765,-0.8496925,-0.8625332,1
-0.7251334,0.22195107,-0.90281814,-0.72116816,0
0.16159844,0.013807416,-0.9090715,-0.7732629,2
-0.21045929,0.30038577,-0.9764201,-0.63604665,2
-0.56536114,0.6580353,-0.89350015,-0.7827175,2
-0.68734515,0.061630264,-0.96432215,-0.66193736,0
-0.84563076,0.2620324,-0.89217645,-0.78269035,1
-0.8008873,0.27706465,-0.88518703,-0.79748887,1
-0.1863204,-0.21857539,-0.9542996,-0.6828997,0
-0.76470613,0.1899797,-0.95311874,-0.6801652,0
-0.8959472,0.01959151,-0.90544736,-0.74683183,1
0.27231163,0.17450067,-0.91123456,-0.76286215,2
0.08081585,0.36418796,-0.96588624,-0.6528362,2
0.55278087,-0.631919,-0.7904192,-0.9507139,2
-0.78218555,0.50703216,-0.86173964,-0.83652043,1
-0.5153838,0.35041678,-0.94878936,-0.68519974,1
-0.8677914,-0.023531586,-0.9463695,-0.6901669,0
-0.16395044,0.7007973,-0.9572366,-0.66919243,2
-0.5952943,0.21912593,-0.9485949,-0.6878214,1
-0.35521618,0.75559103,-0.9336657,-0.71206176,2
-0.7079481,0.32426697,-0.9174035,-0.7396433,0
-0.61006826,0.27945697,-0.95283544,-0.68497694,0
-0.92604613,0.04989299,-0.9111315,-0.7485092,0
-0.056632966,0.46867406,-0.96415806,-0.6571344,2
-0.9331603,-0.077655256,-0.9346964,-0.7118009,0
-0.8687233,0.047374442,-0.92686427,-0.72371924,0
-0.8156068,0.44851097,-0.8487149,-0.85828984,1
-0.21088827,0.47479707,-0.9663237,-0.654541,2
-0.9642806,0.034506544,-0.90083635,-0.76162535,0
-0.59506905,0.31613082,-0.96094096,-0.6657455,0
-0.68081623,0.20541918,-0.94678473,-0.6878485,1
-0.7448011,0.614841,-0.86130583,-0.8376723,1
-0.7174092,0.054017887,-0.9736842,-0.6442327,0
-0.3834616,0.7529088,-0.9253019,-0.72558725,2
-0.76664287,0.31384528,-0.909062,-0.7581187,1
-0.8793744,-0.06587288,-0.95184594,-0.67946947,0
-0.8349946,0.12621999,-0.94861907,-0.6866165,0
0.086447954,-0.48473614,-0.91182244,-0.77443045,0
0.31769395,0.116942436,-0.95335233,-0.68842506,2
-0.37930477,0.44028738,-0.95691955,-0.67072594,2
-0.76293004,0.31880432,-0.93195593,-0.7126651,0
-0.54026985,0.5650001,-0.9238404,-0.7276724,2
-0.7939129,0.2906724,-0.8931598,-0.7822642,1
-0.36277127,0.63067174,-0.94426954,-0.6916649,2
0.5639279,0.09186506,-0.89552504,-0.7980831,2
-0.7790575,0.40900874,-0.8770813,-0.8125306,1
0.2875055,0.06876171,-0.87670296,-0.83254445,2
-0.8738537,0.035911366,-0.91246927,-0.75231254,1
0.46912545,0.31413257,-0.89775914,-0.7905865,2
-0.4521677,0.42161018,-0.9473624,-0.6889199,1
-0.7602831,0.48476014,-0.86306983,-0.831758,1
-0.83414733,0.102309406,-0.9240076,-0.73062956,1
-0.41737098,0.4594235,-0.95597863,-0.6701039,0
0.4817595,-0.22056478,-0.87384725,-0.8495653,2
-0.41720653,0.70579803,-0.8927015,-0.783531,2
-0.84804976,0.049390048,-0.9435723,-0.69512594,0
-0.79409623,0.21674824,-0.88846785,-0.7828632,1
0.15000385,0.6588724,-0.957036,-0.6678737,2
0.18990624,0.50547725,-0.9563254,-0.6723532,2
-0.112314284,-0.4469766,-0.8965793,-0.7985698,2
0.035487592,0.29084408,-0.9554501,-0.67488885,2
-0.21275178,0.79262006,-0.92757726,-0.7220645,2
0.14477807,0.35510224,-0.92809975,-0.72519726,2
-0.2262054,0.40337318,-0.9647966,-0.65551853,2
-0.8824495,0.075682536,-0.92203534,-0.7302686,0
-0.1521262,0.7344413,-0.94381356,-0.6937455,2
-0.5236294,0.3056348,-0.9465913,-0.6902486,0
-0.73932767,0.010647923,-0.9766498,-0.6392849,0
-0.38755634,0.35673937,-0.93753093,-0.7084039,0
0.5795982,-0.50441366,-0.8152515,-0.962047,2
-0.5445403,0.25255647,-0.9745293,-0.6399559,0
-0.82081896,0.2486504,-0.9152126,-0.74235684,0
-0.6364428,0.29187167,-0.95571476,-0.6743934,0
-0.89595425,-0.069883585,-0.94673556,-0.68841636,0
-0.8313485,0.052619204,-0.9509162,-0.68191266,0
-0.892704,0.27865496,-0.8727345,-0.8129432,0
-0.7924671,0.34451157,-0.8808638,-0.8026824,1
-0.28766042,0.38125217,-0.9565226,-0.6711059,2
-0.44626573,0.6045774,-0.9329796,-0.7148005,2
-0.49910754,0.9073925,-0.8613029,-0.84041786,2
-0.8342721,-0.017938375,-0.9480055,-0.6885284,1
0.12193143,0.5043175,-0.9589687,-0.6677029,2
-0.46845177,0.43460923,-0.93826723,-0.7012639,2
-0.24299006,-0.10063392,-0.95952624,-0.68056977,0
-0.5569892,-0.5096754,-0.9538806,-0.69197446,0
-0.66227424,0.4941936,-0.9083915,-0.75462687,1
-0.20922092,0.65091515,-0.9269795,-0.7243487,1
-0.56423616,-0.09974331,-0.98514843,-0.6221465,0
-0.82722723,0.28911087,-0.88455933,-0.79457915,1
-0.07362771,0.6964067,-0.9497032,-0.68310386,2
-0.88954085,-0.08040112,-0.9452257,-0.69454324,1
-0.7609482,0.2570361,-0.9225239,-0.7342855,1
-0.69572616,0.6220621,-0.8558876,-0.84751964,1
-0.8408706,0.0037398636,-0.95174384,-0.6823034,1
-0.8181081,0.027599216,-0.94529927,-0.6940353,1
-0.39215243,0.52047604,-0.9163621,-0.7381252,1
-0.4700197,0.54834974,-0.92473567,-0.7232015,2
-0.12883243,0.6506722,-0.9515938,-0.67653286,2
-0.7388719,0.484498,-0.877955,-0.8073323,1
-0.073752195,0.53682315,-0.9660627,-0.65274316,2
-0.53977525,0.19048898,-0.9638852,-0.65969056,1
0.066219985,0.7344421,-0.95190537,-0.67534375,2
-0.40476418,0.82245415,-0.90392846,-0.76161695,1
0.13505453,0.8598708,-0.895975,-0.77868116,2
-0.4778629,0.64092517,-0.9001217,-0.7729699,2
-0.33836374,-0.16884455,-0.94183373,-0.7119761,0
-0.3305051,0.630296,-0.9524263,-0.67801917,2
-0.29332542,0.5511218,-0.923673,-0.72513187,2
-0.89896667,0.040561765,-0.92455065,-0.72771114,0
-0.85706574,-0.022288412,-0.9422219,-0.69917494,0
-0.6976999,0.41916075,-0.9094123,-0.7528388,0
-0.6267834,0.044156864,-0.9792652,-0.6326562,0
-0.13696083,0.617092,-0.9401444,-0.7036804,2
-0.2955494,0.2712112,-0.9700738,-0.6482161,2
0.17414719,0.5760516,-0.9237362,-0.73107034,2
0.34042716,0.05226654,-0.90079653,-0.78624535,2
-0.5781204,0.33827636,-0.8883393,-0.79147017,1
-0.42174095,0.51715297,-0.9573,-0.67011476,2
-0.8572239,0.26493943,-0.88306916,-0.7984024,1
-0.5243963,0.5936598,-0.9019705,-0.76568234,1
0.602484,-0.058443487,-0.89919156,-0.8014614,2
-0.2596591,-0.2847951,-0.9571604,-0.6821766,2
0.35252094,-0.03651017,-0.8929227,-0.8016646,2
-0.80389935,0.5377785,-0.84639674,-0.8669886,1
-0.691851,0.30173087,-0.87021047,-0.73069227,0
-0.8240316,0.37068227,-0.8633124,-0.8348755,1
-0.46638504,0.60815203,-0.9184724,-0.73756534,2
-0.30995718,0.80408746,-0.91535777,-0.7448031,2
-0.6977288,-0.07204339,-0.97262776,-0.6442552,0
-0.83549416,0.34472072,-0.8892909,-0.7920205,1
-0.8018311,0.2539608,-0.9155048,-0.7422268,0
-0.7064285,0.08469029,-0.9799617,-0.6348743,0
-0.8434682,0.18724957,-0.88884395,-0.7906079,1
-0.8838723,0.20861888,-0.8903235,-0.7830089,1
-0.7955698,0.14352518,-0.9386491,-0.7026123,0
-0.8144188,0.29327428,-0.8854169,-0.79804677,1
-0.83851767,0.35961288,-0.87492967,-0.81666553,1
-0.090970695,0.6919639,-0.935992,-0.70789343,2
-0.7735279,0.4550053,-0.8611942,-0.83763325,0
-0.64858556,0.32898635,-0.9319329,-0.71243584,1
0.3850733,0.010363638,-0.90047383,-0.78733426,2
-0.6464053,0.24133682,-0.9435355,-0.6964528,1
-0.84900486,0.13117787,-0.8980764,-0.7760291,1
-0.7473651,0.09375177,-0.9282313,-0.70796424,0
-0.4879987,0.42587125,-0.92148966,-0.7322796,2
-0.4289119,0.48965156,-0.9478169,-0.68708193,1
-0.8111212,0.20593712,-0.9151837,-0.74454445,0
0.41855228,-0.18445349,-0.9039506,-0.78922915,2
0.06262189,0.8913358,-0.9424666,-0.6955936,2
-0.8340827,0.16946521,-0.90850586,-0.7573014,1
-0.6605539,0.27804625,-0.929373,-0.720574,1
-0.79575855,0.42457366,-0.88189715,-0.80398697,1
-0.23571435,0.68002945,-0.9436574,-0.6951913,2
-0.8231592,0.3102438,-0.87344307,-0.8180704,1
-0.13365716,0.5506623,-0.9589676,-0.66377985,2
0.23008549,0.37840375,-0.90316975,-0.7629126,2
-0.86494786,-0.0017034113,-0.94365346,-0.69483125,0
-0.85166806,0.13452156,-0.8935665,-0.78114116,1
-0.13551748,0.6003763,-0.92825955,-0.71776783,0
-0.6869732,0.66222394,-0.8612832,-0.83329475,1
-0.64327556,0.57989955,-0.9024084,-0.76536465,1
-0.12219304,0.7034274,-0.95699835,-0.6691448,2
-0.7072016,0.3854114,-0.912746,-0.7470251,0
-0.14678472,0.7542898,-0.9515844,-0.6794778,2
-0.84271646,0.11503583,-0.92763495,-0.721093,0
-0.12081346,0.7144091,-0.90765774,-0.7469766,0
0.011823833,-0.7095513,-0.89816934,-0.77315056,0
-0.8826738,0.22608434,-0.8793346,-0.80706835,1
-0.8292811,0.14950044,-0.9243352,-0.72265476,0
-0.85894823,0.15575692,-0.88625884,-0.79485583,1
0.19338155,0.7363373,-0.9532949,-0.674913,2
0.3493985,0.46445733,-0.95088875,-0.68977004,2
-0.30581403,0.08749494,-0.9553751,-0.67171264,0
-0.7077205,0.43166927,-0.8989174,-0.77262557,0
-0.79825413,0.28168678,-0.8906648,-0.77433264,0
-0.82558155,0.22362706,-0.90005887,-0.7732732,1
-0.8471869,0.2508525,-0.88879544,-0.7921556,1
-0.8669483,0.060132936,-0.92155033,-0.73463047,0
-0.8123076,0.072502196,-0.94629616,-0.6890408,0
-0.2039693,0.5442318,-0.966573,-0.6504455,2
-0.34349445,-0.5132,-0.94562584,-0.71398985,0
-0.055564314,0.6970266,-0.95407385,-0.6745921,2
0.22895128,0.38202187,-0.9244592,-0.7341939,2
-0.8078736,0.0742141,-0.9369566,-0.7088929,1
-0.77981603,-0.025995523,-0.9766779,-0.63956904,0
-0.91957235,-0.08958611,-0.9410828,-0.69931924,0
-0.8599112,-0.041283756,-0.96116436,-0.66424716,0
-0.5446801,-0.17127293,-0.96699744,-0.6582526,0
-0.47673577,-0.24533415,-0.96708983,-0.6613085,0
-0.8742728,-0.040736705,-0.93767256,-0.7058666,1
-0.84037775,0.16323985,-0.9021598,-0.7687572,1
-0.8354889,0.22247466,-0.8987067,-0.7727106,1
-0.13609314,0.4435277,-0.96881664,-0.64664185,2
-0.65465045,0.41220927,-0.93921995,-0.70513684,0
-0.41413188,0.50127596,-0.9360883,-0.7059334,2
-0.12298605,0.8278016,-0.93882334,-0.7028463,2
-0.80576575,0.45362732,-0.8341,-0.8667687,1
0.018023938,-0.735615,-0.9215869,-0.75738454,0
-0.5051154,0.8236758,-0.8860665,-0.79450464,2
-0.121269375,0.63549507,-0.9609154,-0.66003823,2
-0.77728647,0.4174735,-0.86295295,-0.83609265,1
-0.74626756,0.2962768,-0.9112915,-0.7519813,1
-0.8008783,0.3067683,-0.88995695,-0.7892605,1
-0.8422978,0.01816222,-0.9350206,-0.70975566,1
0.17842662,0.34332705,-0.93182945,-0.71940166,2
-0.7281083,0.39765725,-0.8948705,-0.7818054,0
0.3301351,0.55581254,-0.8576218,-0.7313325,2
-0.23458464,0.5594691,-0.9394679,-0.7008599,1
-0.465534,0.38722926,-0.9384909,-0.70440793,0
-0.78968084,0.454205,-0.86201334,-0.8141912,0
-0.8043747,0.4418877,-0.8766199,-0.8101586,1
-0.7356471,0.10251121,-0.9200516,-0.6896742,0
0.38693535,0.12267238,-0.90203524,-0.7835975,2
0.058757365,0.40581495,-0.94378644,-0.69926876,2
-0.8601831,0.041658744,-0.9350398,-0.71049136,0
-0.0641692,0.57801867,-0.9504078,-0.68010426,1
-0.2511155,-0.16566339,-0.9544666,-0.6884139,0
-0.24095133,0.9189669,-0.9249869,-0.7248214,2
-0.19752231,-0.74368393,-0.9237452,-0.7539189,0
-0.8153554,0.13377167,-0.91039693,-0.7549938,1
-0.26805493,-0.38404936,-0.9188999,-0.7389337,0
-0.1477266,0.43635255,-0.9409611,-0.69947207,2
-0.7742795,0.3776492,-0.8922387,-0.7776552,0
-0.4017522,0.20883779,-0.97190297,-0.6443363,2
-0.5678383,0.19560343,-0.96938115,-0.64925104,0
0.37339503,0.25363284,-0.88067997,-0.8152954,2
0.012960851,0.4568346,-0.9546156,-0.6792302,0
0.54037666,-0.35479093,-0.8589481,-0.87513995,2
-0.8276322,0.24991137,-0.89533514,-0.779165,1
-0.32737267,0.6854422,-0.9406092,-0.69844425,2
-0.2951273,-0.41273075,-0.90199375,-0.78532135,2
-0.8589908,0.3217243,-0.87035704,-0.8216001,1
-0.26184216,-0.73421717,-0.9170576,-0.76523507,0
-0.86986864,-0.07844269,-0.9618309,-0.6618158,0
-0.54850066,0.5130774,-0.92737675,-0.72301686,1
-0.3189693,0.79503846,-0.9242359,-0.7282064,2
-0.29561305,0.3589899,-0.9782643,-0.6339695,0
-0.76628876,-0.007980734,-0.9667632,-0.6579404,0
-0.78224903,0.44717807,-0.8763082,-0.810879,1
-0.78332484,0.050112724,-0.9675751,-0.65431136,0
-0.82473063,0.32149073,-0.8719687,-0.8196167,1
-0.8201072,0.31382138,-0.87953067,-0.80577826,1
-0.21370661,0.60280514,-0.93246174,-0.713447,2
-0.6307125,0.24395461,-0.97074884,-0.6513046,0
-0.15317777,-0.14490855,-0.95829916,-0.6791607,0
0.1569531,-0.08342627,-0.89558166,-0.78573334,2
-0.544139,-0.37267154,-0.96036977,-0.67336684,0
-0.82628596,0.3314343,-0.866617,-0.8256606,1
0.3568912,0.45943055,-0.9058608,-0.7706278,2
-0.67226315,0.19708589,-0.9627063,-0.66059875,0
0.38514715,0.32876605,-0.9569776,-0.68340653,2
-0.4150701,0.80195224,-0.91407317,-0.7450609,2
-0.53536624,0.44362217,-0.93128,-0.71549016,1
-0.7282778,0.3760796,-0.892728,-0.78305256,1
-0.37242922,0.7617971,-0.9309921,-0.7173962,2
-0.6513256,0.5291115,-0.8921363,-0.7835816,1
-0.6496515,-0.2625752,-0.9683602,-0.6536053,0
-0.8956325,0.24934128,-0.8738944,-0.8097576,1
-0.21272147,0.77883995,-0.94162035,-0.69522154,2
-0.91820264,0.056041554,-0.9145605,-0.74523646,0
0.23668152,0.47036374,-0.9455579,-0.6922815,2
-0.8285792,0.3518238,-0.8799726,-0.80753577,1
-0.78159493,0.49977675,-0.8600007,-0.8343382,1
-0.50455236,0.09808613,-0.9908572,-0.6129825,0
-0.74848074,0.43017215,-0.88261145,-0.80096155,1
-0.7736666,0.23050001,-0.9218397,-0.7265381,0
0.46073562,0.41435218,-0.9303722,-0.72314364,2
-0.44432318,0.62942624,-0.9184894,-0.7346849,1
-0.42479947,0.86710787,-0.88950217,-0.78865856,2
0.04579997,0.5370801,-0.9620203,-0.6578949,2
-0.041864067,0.30208367,-0.97073984,-0.64565766,2
-0.6950078,0.09884909,-0.97375166,-0.64204025,0
-0.048888475,0.10103041,-0.9246856,-0.7347847,0
-0.75127435,0.52242047,-0.86012095,-0.8365891,1
-0.8191844,0.2283726,-0.8983032,-0.7728341,1
-0.87073475,0.008925885,-0.94890743,-0.6868469,0
-0.85150915,0.17694612,-0.9017575,-0.77028304,1
0.08997905,0.6092836,-0.8869757,-0.7813548,2
0.008702964,0.8474014,-0.9537413,-0.6730471,2
-0.6218192,-0.30231065,-0.9716433,-0.65590894,0
0.15486902,0.62297976,-0.94725466,-0.69047105,2
-0.7588885,0.16204393,-0.95557964,-0.67247623,0
-0.8698063,-0.019947201,-0.94664794,-0.6886358,0
-0.9541471,-0.044669688,-0.91397655,-0.74311155,0
-0.56118035,0.6430926,-0.89016014,-0.7867182,1
-0.5255256,0.106222436,-0.98320746,-0.6232659,0
0.011955142,0.70667136,-0.936626,-0.7067517,2
-0.8643793,0.27036148,-0.8686116,-0.82455033,1
-0.7112733,0.2625594,-0.9443181,-0.6921202,0
-0.7540663,0.31499913,-0.91278315,-0.74594796,0
-0.14721367,0.65554154,-0.9510677,-0.6816642,2
0.09631753,-0.6415743,-0.93381757,-0.73490316,0
0.11383647,-0.07227981,-0.9580807,-0.67794096,2
0.14206386,-0.46545237,-0.8813323,-0.83057296,2
-0.7056931,0.48465422,-0.8780826,-0.8101178,1
-0.9299747,-0.014017999,-0.9230209,-0.7296945,0
-0.7654363,0.2969237,-0.89324194,-0.7835899,1
-0.74474776,0.24509604,-0.9194613,-0.73524374,1
0.148431,-0.16474965,-0.89518464,-0.7987728,2
0.47812003,-0.49515885,-0.8374124,-0.9167328,2
-0.4592516,0.5972829,-0.91537565,-0.7421893,2
-0.7958248,0.38060012,-0.86977017,-0.82481456,1
-0.66983473,0.38838258,-0.9392151,-0.69899964,0
-0.39742684,0.6299576,-0.9300319,-0.7191628,2
-0.7762568,0.54136544,-0.8574897,-0.8439087,1
-0.7572887,0.5099305,-0.87503874,-0.81474954,1
-0.77769816,-0.024160743,-0.9654954,-0.6556892,0
-0.32661903,0.052407727,-0.95007485,-0.6851371,0
-0.21034974,-0.22183257,-0.975832,-0.6478766,0
-0.13259703,0.7896289,-0.93276167,-0.7159596,2
-0.503971,0.5880198,-0.90482074,-0.76270705,1
-0.40456405,0.6617643,-0.906746,-0.75674146,1
-0.06879434,0.44759768,-0.9508888,-0.6802036,2
-0.6503317,0.43492705,-0.8998238,-0.7725487,1
-0.56234205,0.21785884,-0.9581741,-0.668084,0
0.16181225,0.99999994,-0.9421884,-0.69588476,2
-0.3072797,0.14899139,-0.96615577,-0.6560364,2
-0.26318598,-0.51055247,-0.9498205,-0.7032079,0
-0.2526701,0.7411943,-0.9437333,-0.69451624,2
-0.6918063,0.5187619,-0.8930374,-0.7809711,1
-0.5215623,0.18874839,-0.9883068,-0.61803246,1
-0.39590466,-0.6048841,-0.9178373,-0.731869,0
-0.49875778,0.63350755,-0.9007786,-0.7705457,2
-0.8696692,0.20291515,-0.8742251,-0.81102234,1
-0.6265509,0.13956808,-0.97374046,-0.6422756,0
0.53096807,0.4799543,-0.93877065,-0.70694524,2
0.073931575,0.47099477,-0.9569239,-0.6714869,2
-0.8199358,0.25659156,-0.88635635,-0.79448384,1
0.111563265,0.6987064,-0.9314281,-0.7155444,2
-0.4108395,0.22538893,-0.9758824,-0.6353402,0
-0.73911035,0.47498202,-0.8811806,-0.79968864,0
0.3350944,-0.3557012,-0.85458916,-0.87727946,2
-0.45243558,0.65859056,-0.9236076,-0.7279363,2
-0.7822017,0.16959581,-0.9038776,-0.74856925,0
-0.67425954,0.4127205,-0.90177345,-0.76544464,1
0.35403007,-0.03722465,-0.8869209,-0.81196404,2
-0.4433678,-0.40235555,-0.9462775,-0.69449204,0
-0.8386663,0.21451586,-0.892533,-0.7837785,1
-0.64810675,0.719748,-0.86225766,-0.8372971,1
-0.2099539,0.26594767,-0.9683894,-0.6505374,2
-0.77749753,0.5366262,-0.8517079,-0.854856,1
0.39529866,0.13868172,-0.87914085,-0.8227868,2
0.3793773,0.30739266,-0.8932939,-0.7912419,2
-0.29300112,-0.5791673,-0.9014488,-0.75004804,0
-0.46972495,0.0578911,-0.98007363,-0.62937474,0
-0.7231349,0.61328673,-0.8285207,-0.8645415,1
-0.9374174,-0.15160513,-0.9455338,-0.69184047,0
0.06020373,0.43154007,-0.9661385,-0.65182894,2
-0.7127167,0.43774924,-0.8829779,-0.8012335,1
-0.45798942,0.35351244,-0.97395194,-0.6402248,0
0.045923114,0.26820335,-0.9567681,-0.67024165,2
-0.6159031,0.109797776,-0.9609253,-0.6658434,2
-0.65049154,0.3685139,-0.9285294,-0.7226103,1
-0.70148575,0.28110316,-0.92681,-0.7252663,1
-0.20617408,0.7579724,-0.8749951,-0.7809708,1
-0.21774134,0.6657165,-0.9309861,-0.71818167,2
-0.43284684,0.47899553,-0.9349408,-0.71002305,1
0.42442656,-0.2778631,-0.91842556,-0.762018,2
-0.47111785,0.4933247,-0.94323313,-0.6915978,2
0.5418992,-0.1874483,-0.853036,-0.875915,2
-0.11238444,0.6166134,-0.91529894,-0.74002665,2
-0.8172314,0.53592134,-0.8274872,-0.8800789,1
-0.8712796,0.11836991,-0.930493,-0.71701175,0
-0.20882562,0.20782882,-0.968826,-0.647011,0
-0.50086206,0.35404617,-0.94757956,-0.68882984,2
0.3474028,-0.6332411,-0.8171647,-0.9190779,2
-0.46460822,0.7463055,-0.89637375,-0.77897555,2
-0.83604956,0.053480446,-0.94200224,-0.6987194,0
-0.7664109,0.17007072,-0.9389117,-0.70295334,1
-0.5462803,0.6593193,-0.9077897,-0.7587054,2
-0.19526735,0.72981703,-0.9506386,-0.6794976,2
-0.8626877,-0.04670745,-0.9459653,-0.6868673,0
-0.83612525,0.20038396,-0.89024454,-0.7905525,1
-0.96639943,0.072342604,-0.8927649,-0.7763266,0
-0.79176956,0.10535264,-0.92442095,-0.72589505,1
-0.5307835,0.7290757,-0.8755536,-0.81494236,2
-0.68488467,0.47365147,-0.9065965,-0.7585933,1
0.54517436,-0.014398426,-0.8563483,-0.86661166,2
-0.68408316,0.3419581,-0.91217536,-0.7504185,1
-0.4658836,0.50568986,-0.92880595,-0.7199598,1
-0.8172463,0.45548213,-0.84377605,-0.8645074,1
-0.8419407,0.24812962,-0.8835663,-0.7984977,1
-0.44258636,0.59346926,-0.93542755,-0.70824677,2
-0.39404836,0.69604856,-0.92629594,-0.7217938,2
0.43273896,-0.5952964,-0.8240645,-0.9373256,2
0.11268586,0.5166226,-0.899671,-0.77568626,2
-0.3415342,0.5517025,-0.94617015,-0.6927104,2
0.5122079,0.18087238,-0.90189135,-0.78653204,2
-0.7522899,0.5159825,-0.8726044,-0.8210865,1
-0.7210706,0.38649178,-0.9188722,-0.73179495,0
-0.48754832,0.057269186,-0.9745247,-0.63769263,0
-0.82139516,0.32438254,-0.86163235,-0.811146,1
-0.74650675,0.44893867,-0.877487,-0.81297183,1
-0.75195014,0.4303704,-0.8939196,-0.7786747,0
-0.7546376,0.52648854,-0.85726076,-0.8460628,1
-0.81522954,0.2798263,-0.87876195,-0.8083318,1
-0.07869956,0.18665443,-0.9731736,-0.62008816,0
-0.532886,0.5424821,-0.91220665,-0.74606985,1
0.1568346,0.41476703,-0.93219304,-0.714048,2
-0.034523904,0.7845066,-0.9512816,-0.6809647,2
0.4919505,-0.44815373,-0.8198944,-0.9353833,2
-0.30224076,-0.06227395,-0.95790076,-0.674051,2
-0.6476455,0.4226579,-0.91146004,-0.7505132,2
-0.9035059,-0.1113542,-0.9558555,-0.6737133,0
-0.85596645,-0.061172754,-0.96270293,-0.6607273,0
0.29383415,0.45469368,-0.9562487,-0.67211825,2
-0.30828637,0.77656746,-0.9363904,-0.70598894,2
-0.77570474,0.2869948,-0.90943897,-0.75345606,0
-0.9424546,0.08239706,-0.86600506,-0.747545,1
-0.85357654,0.061382517,-0.9278581,-0.723686,0
-0.2343805,0.68124634,-0.9373364,-0.7018165,2
0.13668102,0.8240611,-0.9568015,-0.6679944,2
0.20951086,0.10623331,-0.90544385,-0.7788431,2
-0.12136856,0.74131596,-0.9503438,-0.68089336,2
0.5640229,-0.55622,-0.7860561,-1.0,2
-0.6111053,0.4713489,-0.9229111,-0.7288561,1
-0.8529079,-0.070477694,-0.9635689,-0.65878266,0
-0.4237005,-0.2243005,-0.92904943,-0.73008186,0
-0.6175529,0.24390057,-0.95081186,-0.68293226,2
-0.7937931,0.24356088,-0.9182006,-0.73803717,0
-0.81560427,0.2673423,-0.87312025,-0.8169237,1
-0.758919,0.47456723,-0.88027775,-0.79831845,0
-0.83687043,0.14795327,-0.91594344,-0.74176174,1
-0.85896593,0.12662041,-0.89901173,-0.76780033,1
-0.5031679,0.56905246,-0.91258246,-0.74777615,1
-0.8097831,-0.051957905,-0.9718437,-0.6476026,0
-0.5695225,0.5834086,-0.89445794,-0.78084695,1
-0.8114189,0.29072076,-0.87856716,-0.8105509,1
-0.79240835,0.019918114,-0.9636498,-0.6607689,0
-0.8462448,0.11178222,-0.9199261,-0.7368552,0
-0.010734618,-0.28238565,-0.8748311,-0.8321771,0
-0.30183202,0.7190313,-0.90485954,-0.7663971,2
-0.39386895,0.5866029,-0.9329061,-0.71310335,1
-0.9041996,-0.16672742,-0.96067274,-0.66621983,0
-0.90165895,-0.050724626,-0.94728357,-0.6879634,0
-0.10639879,0.77605987,-0.94798934,-0.6838302,2
-0.31132412,0.7614789,-0.92586595,-0.7274962,2
-0.6659348,0.4080282,-0.9217325,-0.7332492,0
-0.23498197,-0.27676785,-0.9144955,-0.7650777,0
-0.2535981,0.6920271,-0.94228005,-0.6929636,2
-0.6437813,-0.04073268,-0.98072493,-0.63003397,0
-0.0664351,-0.31119192,-0.92913,-0.7402918,0
-0.83061576,0.20318547,-0.90009356,-0.77194566,1
-0.8767878,-0.032093644,-0.9507578,-0.6824407,0
-0.9075309,0.06817749,-0.8936215,-0.78052753,1
-0.72065926,-0.13579056,-0.98291814,-0.6275191,0
0.2636444,0.7561757,-0.93679065,-0.70648116,2
0.16297221,0.2756436,-0.9640976,-0.6556757,2
-0.55029255,-0.20536625,-0.98519254,-0.62527347,0
-0.8776031,-0.06666732,-0.94101584,-0.6894132,0
-0.46075776,0.79083043,-0.8950298,-0.77905774,0
-0.7726707,0.30106515,-0.90401447,-0.7660548,1
-0.5888063,0.2823776,-0.9822112,-0.6299196,0
-0.80992997,0.20059307,-0.89745706,-0.76624495,0
-0.0977425,0.050519854,-0.9585514,-0.6766461,2
-0.8066421,0.24025927,-0.8827789,-0.7726728,0
-0.25355405,0.62842774,-0.94075364,-0.6969572,2
-0.2055988,0.798463,-0.9274756,-0.7213877,2
-0.8881468,0.21864468,-0.86924624,-0.82244897,1
0.41337264,0.10297117,-0.9381906,-0.72089237,2
-0.69109637,0.66183114,-0.8521149,-0.84915334,1
-0.83656144,0.19351012,-0.89305437,-0.78285944,1
-0.41689065,0.055129558,-0.98358655,-0.6225212,0
0.17125118,0.0027626157,-0.9237336,-0.7407936,2
-0.39484018,-0.24046433,-0.975217,-0.6434596,0
-0.08535111,0.30381516,-0.94837713,-0.68690264,2
-0.23618908,0.63124496,-0.95406145,-0.67543143,2
0.04691547,0.73662674,-0.92550975,-0.72709155,2
-0.84786224,0.030932099,-0.9440363,-0.69344574,0
-0.73956114,0.25282386,-0.9318907,-0.7136778,0
-0.45322013,0.75320727,-0.9113735,-0.75036514,2
-0.8581146,0.043980077,-0.92557466,-0.72813237,1
0.054517686,-0.16496539,-0.91109276,-0.7634146,2
-0.61279863,0.47142732,-0.9166183,-0.7383339,1
-0.7316426,0.004490912,-0.9754898,-0.6402588,0
-0.75870144,0.5988611,-0.84587914,-0.8644203,1
-0.86952573,0.19441694,-0.8885339,-0.7902289,1
-0.46073455,-0.23209184,-0.95300114,-0.6728218,0
-0.43020758,0.27907613,-0.9494637,-0.6823729,2
-0.776532,0.28518838,-0.9108692,-0.751482,0
-0.7003353,0.407834,-0.89815754,-0.77546036,1
-0.8147955,0.3306036,-0.8736353,-0.8101404,1
-0.72428286,-0.016280115,-0.98883915,-0.6186631,0
-0.6120617,0.5580605,-0.9012721,-0.7648355,2
-0.5654305,0.35558724,-0.942098,-0.6968614,0
-0.8607481,-0.061692894,-0.9649786,-0.6579897,0
-0.77095723,0.2949772,-0.8993372,-0.7742258,1
-0.7336731,0.35856488,-0.89805806,-0.75052524,0
-0.41566938,0.7376449,-0.90504616,-0.762886,2
-1.0,-0.15662745,-0.93747735,-0.70330465,0
-0.8700627,0.16440645,-0.908962,-0.752442,0
-0.8275194,0.3408473,-0.8670191,-0.82454175,1
-0.8373741,0.03565009,-0.95759237,-0.6693763,0
-0.39633465,0.84646404,-0.9057974,-0.7596457,1
-0.92185104,0.04042299,-0.91523236,-0.7405663,0
-0.8268226,0.27144375,-0.88376796,-0.7975338,1
-0.85739505,-0.0098465085,-0.93979436,-0.7028629,1
-0.114815295,0.34960824,-0.97117174,-0.6430397,2
-0.8350544,0.19054067,-0.92393553,-0.72912335,0
-0.40872255,0.6524716,-0.9301148,-0.7153106,1
0.66041005,0.099565536,-0.9037077,-0.79006195,2
-0.66767406,0.6959076,-0.86773217,-0.8254545,1
-0.26562685,0.25468367,-0.9739283,-0.6392107,2
0.13517296,0.5426217,-0.9384472,-0.7068778,2
-0.7631588,0.34215716,-0.89637125,-0.77368814,1
0.45162112,-0.54717153,-0.8300986,-0.931079,2
0.2448945,0.6060622,-0.9135721,-0.7354326,2
-0.3001188,0.12295765,-0.9695973,-0.6481907,2
-0.7249367,0.27793065,-0.93613696,-0.7066525,0
-0.8302605,0.25577313,-0.8896853,-0.79057634,1
-0.5529889,0.35841423,-0.9587461,-0.6671129,2
-0.59696496,0.3782314,-0.93010205,-0.7186096,1
-0.5766562,0.3405552,-0.9419583,-0.6884581,0
0.025563627,-0.50744027,-0.87901145,-0.83292294,2
-0.49415144,-0.37307703,-0.9686283,-0.6636552,0
-0.35168743,-0.38807434,-0.94418526,-0.6956669,0
-0.9146608,-0.09234828,-0.9453983,-0.6932659,0
-0.76374465,0.2929987,-0.9185509,-0.7349962,0
-0.88706625,0.06705032,-0.9045634,-0.7479741,1
0.03215331,0.5474763,-0.9052139,-0.75196975,2
-0.5103357,0.3080047,-0.9596475,-0.66533715,0
-0.3788456,0.2894263,-0.97831035,-0.6339272,2
-0.853256,0.02323845,-0.9436381,-0.6945033,0
-0.86165,0.2316273,-0.8843252,-0.80124813,1
-0.9485154,-0.15279412,-0.93888104,-0.700264,0
-0.068740726,0.5709245,-0.92623353,-0.72286385,0
-0.7817026,0.57059515,-0.8441442,-0.86714953,0
-0.85086715,0.36748034,-0.8515653,-0.8399146,1
-0.80587006,0.379745,-0.871947,-0.8166174,1
-0.8051014,0.45092258,-0.8551688,-0.84944075,1
0.24005097,0.72998524,-0.91410017,-0.7489076,2
-0.7586334,0.47540933,-0.87361896,-0.8148714,1
-0.20551819,0.467646,-0.93702614,-0.68822694,0
-0.007888049,0.51783836,-0.9453896,-0.688874,2
0.5257488,-0.43585354,-0.90048856,-0.78794485,2
-0.7406178,0.4649216,-0.88157576,-0.8023451,1
-0.0913482,0.68788147,-0.9445855,-0.69149524,2
0.47647512,-0.059982777,-0.8721505,-0.84432214,2
-0.89781713,-0.003013134,-0.9325194,-0.71572477,0
0.1878193,-0.17253327,-0.87544644,-0.82031494,2
-0.6612133,0.78559023,-0.8472591,-0.8620101,1
-0.7454848,0.40027726,-0.8948193,-0.7767501,1
0.029436946,0.41115233,-0.9565849,-0.6700637,2
-0.8058052,0.12454742,-0.9450241,-0.6915982,0
-0.7620879,0.31662247,-0.91405666,-0.7441947,0
-0.88128006,-0.09022513,-0.94550043,-0.6905757,1
-0.8815229,-0.004427463,-0.9271163,-0.72141254,1
-0.095118046,-0.0011132061,-0.91177714,-0.7638676,2
-0.13129014,0.69366544,-0.9534795,-0.6748854,2
-0.35059178,0.12441094,-0.97068745,-0.64659286,0
-0.8160543,0.07926126,-0.8958983,-0.7203474,1
-0.87191117,-0.070921004,-0.9583916,-0.6699005,0
0.33906448,-0.49099517,-0.8597772,-0.8705443,2
-0.5463017,0.26126516,-0.95515525,-0.6744146,0
-0.87706786,0.018066019,-0.9412686,-0.701017,0
-0.58326966,0.40203002,-0.93683213,-0.7069472,1
-0.60725194,0.05934529,-0.98438954,-0.6254483,0
-0.82734895,-0.09238267,-0.9761214,-0.63885885,1
-0.8604312,0.311543,-0.8710849,-0.81684583,1
-0.18593252,0.6718973,-0.95300084,-0.6742405,2
0.06530982,0.8342483,-0.95863813,-0.66619784,2
-0.57381046,0.4881333,-0.9168169,-0.7420411,1
-0.7740923,0.3018479,-0.91346157,-0.74894583,1
-0.67540836,-0.07779837,-0.9795701,-0.63368773,0
-0.218312,0.7748271,-0.9471496,-0.68317044,1
-0.58796406,0.31691092,-0.9423127,-0.6972067,1
-0.6024301,0.33649006,-0.94355816,-0.69434893,1
-0.53116995,0.76440346,-0.88262004,-0.8026888,2
-0.4654876,0.39190182,-0.96259284,-0.66075534,0
-0.839277,0.29047808,-0.8770864,-0.8087187,1
-0.76053345,0.28265247,-0.91856575,-0.7387213,1
-0.80517375,0.11878505,-0.938838,-0.7032007,0
-0.25780058,-0.46252453,-0.9535211,-0.69761693,0
-0.8174491,0.25496092,-0.89176744,-0.78612435,1
0.17376912,0.2775326,-0.9489144,-0.69578546,2
-0.36469227,-0.00085541606,-0.98608255,-0.6245516,0
-0.36354488,0.33162013,-0.96908784,-0.6473298,0
-0.06890601,0.83096415,-0.9512241,-0.68041414,2
-0.6798753,0.042665258,-0.96943206,-0.6510539,1
-0.77241576,0.40307632,-0.87012184,-0.82423025,1
-0.34892377,-0.100665,-0.96838725,-0.65490496,0
-0.87472713,0.3858048,-0.8425045,-0.869322,1
0.13546163,0.6174505,-0.9443249,-0.6965023,2
-0.83915526,0.19900051,-0.8958331,-0.77868706,1
-0.82680625,0.10962875,-0.94263035,-0.6891659,0
-0.20043164,0.6462968,-0.9580591,-0.6703097,2
-0.7183559,0.70570683,-0.8402239,-0.87173575,1
-0.5987822,0.4866404,-0.91014975,-0.7514047,2
-0.87479967,-0.08562708,-0.95686364,-0.672354,0
-0.8646763,-0.06091076,-0.94767857,-0.69038016,1
-0.7784002,0.37375954,-0.87309915,-0.81551194,1
-0.13036624,0.8326446,-0.9212446,-0.735001,2
-0.37332094,0.53542304,-0.9600607,-0.6633154,0
-0.8855122,-0.061238825,-0.9558301,-0.674033,0
-0.75343704,0.014824122,-0.9673144,-0.65220326,0
0.39402318,0.28663966,-0.89639914,-0.7875934,2
-0.5111983,0.46512324,-0.9264196,-0.721598,2
0.4729383,-0.03303805,-0.8781786,-0.8321646,2
0.32418162,-0.0597817,-0.92947197,-0.7350473,2
-0.7865604,0.36318427,-0.8854539,-0.7962187,1
-0.41342926,-0.06477103,-0.97065526,-0.6555276,0
-0.81516755,0.28734922,-0.8899184,-0.7881544,1
-0.840937,0.15350953,-0.89989245,-0.77280235,1
-0.4845958,0.49733952,-0.9479014,-0.6861467,2
-0.5054288,0.609502,-0.9117276,-0.7524146,0
-0.7617715,0.2555382,-0.9227819,-0.725174,0
-0.82683504,-0.08552775,-0.97058034,-0.6502037,0
-0.64105695,-0.17174321,-0.98253477,-0.6277119,0
-0.57205933,-0.11913383,-0.9997819,-0.5972384,0
0.03002438,0.813297,-0.95054764,-0.6799085,2
-0.36757225,0.663461,-0.9379221,-0.7007479,2
-0.41760194,0.7966477,-0.89747566,-0.7756249,2
-0.851208,0.06515011,-0.9393461,-0.6987241,0
-0.65404296,0.24752434,-0.9455003,-0.6904912,0
-0.5742447,0.36280844,-0.93504757,-0.71002734,1
-0.8309013,-0.057638198,-0.97972196,-0.63366014,0
-0.7744962,0.12914553,-0.9629722,-0.6612761,0
-0.55230874,-0.103737086,-0.98363096,-0.62573445,0
-0.11009005,0.417709,-0.9725955,-0.64302534,2
-0.76221097,0.26707044,-0.9163698,-0.74206346,0
-0.84925973,0.25705558,-0.85987103,-0.83428234,1
-0.07613626,0.32632622,-0.9815285,-0.62876165,2
-0.1047478,0.17677602,-0.9608731,-0.6701437,0
-0.3554392,0.68884474,-0.9261605,-0.7264042,2
-0.8834993,-0.05034867,-0.94246405,-0.6946833,0
-0.9493937,-0.15902287,-0.9446269,-0.69287384,0
-0.84929,0.25466004,-0.88432324,-0.7896976,1
0.13520896,0.49593985,-0.9669226,-0.6523679,2
-0.48729718,0.7814784,-0.89238983,-0.78486204,2
-0.30537724,0.7125968,-0.93061966,-0.71183825,2
-0.46905148,0.60587823,-0.9201182,-0.7343855,1
-0.2655315,0.83948934,-0.93551934,-0.7062372,2
-0.5447408,0.84651434,-0.8743648,-0.8152493,1
-0.38381153,0.08252929,-0.94856024,-0.6882656,0
-0.4197714,0.6646963,-0.9223422,-0.731835,2
0.05877024,-0.65651715,-0.52844536,-0.65798897,0
-0.33446747,0.7268664,-0.92983115,-0.71882135,2
-0.71305776,0.32247183,-0.92880726,-0.7171077,0
-0.82720816,0.06983304,-0.9250847,-0.7293463,1
-0.7625181,0.16690046,-0.9352266,-0.707966,0
-0.77191645,0.55652106,-0.83468693,-0.8854785,1
-0.43028855,0.5780451,-0.9391413,-0.70339155,0
0.21346045,0.16638395,-0.894662,-0.78908753,2
-0.79009897,0.13752137,-0.9322987,-0.71682155,1
-0.06081897,0.56764215,-0.9152603,-0.7434024,2
-0.28972736,0.6626277,-0.94492364,-0.689721,2
0.0038388371,0.024213016,-0.92073286,-0.7555418,0
-0.9495477,-0.002945155,-0.9187777,-0.7343999,0
0.4755342,-0.06595683,-0.9358813,-0.7256629,2
-0.23837446,0.75339985,-0.9356155,-0.7077533,2
-0.52778435,0.8820181,-0.8665953,-0.8312597,1
0.31196105,0.085013136,-0.94439703,-0.70312923,2
0.26386648,0.54874676,-0.93627,-0.709194,2
-0.11924863,0.6062968,-0.9526255,-0.6752533,2
-0.76280797,0.3475977,-0.8999116,-0.7714859,1
-0.5957115,0.40913463,-0.9310895,-0.7161025,1
0.17125571,0.016008109,-0.83268404,-0.8155517,0
-0.55494165,0.3466006,-0.94682074,-0.69034636,0
-0.37677377,0.69814825,-0.9347533,-0.7092684,2
-0.8043065,0.3628893,-0.8728441,-0.8122075,1
-0.8263203,0.23262078,-0.9049491,-0.76363665,1
-0.7685758,0.34079254,-0.88344824,-0.8030032,1
-0.80930895,0.25140935,-0.87978935,-0.8095698,1
-0.3147419,0.87705845,-0.91932297,-0.7357993,2
-0.4061156,0.6919626,-0.8917108,-0.7827963,2
-0.4677034,0.6606717,-0.90688705,-0.7584456,2
-0.8143666,0.3266841,-0.81651336,-0.71878624,0
0.1392222,-0.48920965,-0.8650555,-0.8574257,2
-0.70556664,0.6759417,-0.8531814,-0.8456528,1
-0.1814715,0.744689,-0.9364976,-0.7059401,2
-0.27500117,0.72961754,-0.95048517,-0.67877376,2
-0.77356577,0.5185857,-0.8575643,-0.8462206,1
-0.83072925,0.037578374,-0.9502445,-0.6778187,0
-0.81645525,0.3243203,-0.87046486,-0.8233504,1
-0.6256063,0.22677675,-0.96141607,-0.6657628,1
-0.6828838,0.3969206,-0.9346941,-0.70775986,0
-0.29739168,0.7670913,-0.93764824,-0.7037549,1
-0.74140537,0.31614152,-0.91227776,-0.7471221,0
-0.3080563,0.004488319,-0.9613565,-0.6403599,0
-0.1568456,0.49953488,-0.9259361,-0.7274863,2
0.08712095,0.5693764,-0.96303296,-0.6563481,2
-0.81460494,-0.0014471114,-0.9596617,-0.66787374,1
-0.8553489,0.13224877,-0.8888657,-0.7868712,1
-0.3138892,0.4625947,-0.958127,-0.66795707,2
-0.6375574,-0.048125416,-0.9833002,-0.62669057,0
-0.15036437,-0.015504837,-0.9697981,-0.6579584,0
-0.7455868,0.40639985,-0.8810184,-0.80417025,1
-0.33131924,0.8159723,-0.90443605,-0.7561784,2
-0.41414678,0.5936122,-0.94277626,-0.693828,2
0.5968174,-0.86904395,-0.8646258,-0.8683627,2
-0.03415531,0.48766398,-0.96928906,-0.64446366,2
-0.5930589,0.39280605,-0.9438523,-0.69453996,0
-0.6578324,0.5812539,-0.8764603,-0.81049633,1
-0.19864988,0.5074481,-0.94663155,-0.68952477,2
-0.055963933,0.76815546,-0.9519624,-0.67679095,2
-0.84106565,0.15525387,-0.9049842,-0.76377946,1
-0.83324504,0.2310235,-0.87879807,-0.79611963,1
-0.1856682,0.6517744,-0.9476605,-0.6839477,2
0.1897757,0.4965161,-0.9550591,-0.6741738,2
-0.8624883,0.07869613,-0.9137143,-0.74991035,0
-0.049853057,0.77072656,-0.94993347,-0.6814563,2
0.16789162,0.70023215,-0.9213642,-0.7255331,2
-0.71953535,0.41253793,-0.9169497,-0.74022526,0
-0.7156132,0.19530118,-0.95151633,-0.6832163,0
-0.6431073,0.28487715,-0.9444689,-0.69241905,0
0.4634434,-0.35735172,-0.8668018,-0.8459892,2
-0.8204898,0.17407078,-0.8987537,-0.77273446,0
-0.0034884214,-0.18401831,-0.95700276,-0.6919541,0
-0.3092556,0.8202673,-0.9287776,-0.717932,2
-0.617708,0.73103863,-0.85637,-0.8391281,1
-0.7087013,0.59607434,-0.8682555,-0.8254038,1
-0.5506685,0.7632607,-0.8761152,-0.8128308,2
-0.83258694,0.08986546,-0.9145448,-0.7448672,1
-0.81398773,0.4113958,-0.84736955,-0.8601749,1
0.12736905,-0.04056105,-0.89619976,-0.7795789,2
-0.24329966,0.57591295,-0.9198416,-0.73584026,2
-0.75559974,0.42838135,-0.88571566,-0.7962921,1
-0.031082004,0.15687917,-0.9336909,-0.7121952,0
-0.58602875,0.63575375,-0.8971149,-0.7744873,1
-0.6399235,-0.24057555,-0.9800324,-0.63086087,0
-0.77958465,0.2909901,-0.9047754,-0.76369476,1
-0.47934604,-0.15064594,-0.9677374,-0.65491986,0
-0.78388613,0.43715036,-0.879134,-0.80532336,1
-0.763337,0.29631567,-0.9066754,-0.75399137,1
0.073646784,0.54972494,-0.9111681,-0.7540228,2
0.20989567,0.11564222,-0.872725,-0.8137949,2
-0.5571663,0.45981717,-0.9219198,-0.73379236,2
-0.69710314,0.31369078,-0.91577375,-0.74529463,1
-0.84695053,-0.0076887608,-0.9500871,-0.68401,0
-0.19775543,0.8242956,-0.93870384,-0.70083874,1
-0.37534016,0.4326648,-0.96594113,-0.65382874,2
-0.3557588,-0.1976336,-0.94485325,-0.6857534,0
-0.8385519,0.034695476,-0.929634,-0.7191384,1
-0.64656186,-0.10942128,-0.9810232,-0.6333341,0
0.014439046,0.6636207,-0.93641347,-0.7081208,2
-0.54666483,-0.025418282,-0.98311186,-0.62717927,0
0.20309186,-0.6218232,-0.85023254,-0.8843746,0
-0.7836206,0.56296957,-0.8519585,-0.85454947,1
0.015559822,0.8257131,-0.9464884,-0.68915063,2
-0.773008,0.24930662,-0.9136887,-0.74810517,1
-0.732406,0.23555805,-0.9475175,-0.6876881,0
-0.83162475,0.21697593,-0.8994685,-0.76876575,1
0.04077661,0.90771073,-0.9456067,-0.6899305,2
-0.7748636,0.37008113,-0.89779156,-0.7715437,0
0.017947048,-0.06162989,-0.94848067,-0.69722646,2
-0.86325073,-0.033647537,-0.9628348,-0.6625702,0
-0.66253006,0.004749626,-0.93524534,-0.66342,0
-0.5675701,0.8087653,-0.8644583,-0.833741,2
-0.2290732,-0.07648015,-0.94248164,-0.70127535,0
-0.049046636,0.76665676,-0.94798326,-0.68671334,2
-0.5677268,-0.09574711,-0.9841973,-0.6239349,0
0.43416572,0.4318391,-0.86178774,-0.7674217,2
-0.8321297,0.21036056,-0.89768356,-0.77200323,0
-0.6616033,0.53158635,-0.897467,-0.7778342,1
-0.1945287,-0.43949026,-0.90391177,-0.7806756,0
-0.6750951,0.44014236,-0.9203914,-0.7348335,1
-0.77134156,0.29887208,-0.89708066,-0.77773076,1
-0.49119958,0.7484133,-0.8787332,-0.8060585,2
-0.6134584,0.3406223,-0.9378044,-0.70618564,0
-0.5382466,0.2581821,-0.9391461,-0.70037633,0
-0.8810575,-0.15310583,-0.96172184,-0.6664571,1
-0.6775659,0.3664109,-0.9071646,-0.75887376,1
0.29738802,0.3198808,-0.9435791,-0.69850445,2
-0.011831731,0.5741466,-0.9039519,-0.7674137,2
-0.8240956,0.40515596,-0.8368527,-0.82287437,1
-0.43399975,-0.19010961,-0.9657503,-0.65670896,0
-0.68112534,0.4640761,-0.87929666,-0.80684704,1
-0.80814576,0.37265855,-0.87244177,-0.81668866,1
-0.20743623,0.46551758,-0.9416609,-0.6986666,2
-0.51545775,0.47616053,-0.9205406,-0.7336172,1
0.08339137,0.77951634,-0.9595501,-0.6644718,2
-0.8145175,-0.016275644,-0.95874107,-0.668814,0
-0.29990244,0.6937176,-0.896538,-0.7711601,2
-0.76296294,0.39696553,-0.89821684,-0.77271736,1
-0.6413734,0.24803673,-0.93872243,-0.70479834,1
-0.9297817,0.056409836,-0.8899508,-0.7811206,0
-0.8288169,-0.0627206,-0.9655238,-0.65693647,0
0.32342428,-0.5638931,-0.8445356,-0.9014859,2
0.08191174,0.28956193,-0.95646954,-0.67168987,2
-0.8204856,0.14101711,-0.92287683,-0.7316323,0
-0.7806212,0.2645448,-0.89955616,-0.77050877,1
-0.27895027,0.88204724,-0.9253302,-0.7255533,2
-0.7297287,0.5409097,-0.8730465,-0.81659657,1
-0.07974556,0.7333518,-0.942063,-0.6984395,2
-0.82936925,0.1466378,-0.9091736,-0.75676686,1
-0.26700598,0.905591,-0.9214005,-0.73140526,2
0.27047378,-0.5328006,-0.83793455,-0.9117489,2
0.2650978,0.36020863,-0.96172535,-0.6636264,2
-0.5348105,0.8001891,-0.88154256,-0.80125445,1
-0.22887382,0.77275586,-0.9379797,-0.70474946,2
0.08404565,0.36500812,-0.96231896,-0.6569844,2
-0.9378387,-0.11290479,-0.92986655,-0.7094654,0
0.6781422,-0.22509831,-0.8279027,-0.93135464,2
-0.38117442,0.8504887,-0.9137943,-0.7449716,2
0.043497503,0.43206036,-0.9682915,-0.6496177,2
-0.657544,0.24176319,-0.9633383,-0.66190016,0
-0.3971896,0.58898866,-0.91568995,-0.7378963,1
-0.6912105,0.32469285,-0.90174925,-0.7678679,1
-0.37561405,0.6984732,-0.9263258,-0.726585,0
-0.2327016,0.65975803,-0.9362504,-0.7090895,2
-0.6398518,0.6535772,-0.8583827,-0.8382583,1
-0.5258228,0.40070522,-0.94392675,-0.6911779,0
-0.78656423,0.16366139,-0.91902083,-0.7401974,1
-0.53293395,-0.44881266,-0.9323234,-0.7266309,0
-0.35974857,0.5826428,-0.95098406,-0.6797741,2
-0.026889116,0.6172097,-0.9592863,-0.66631794,2
-0.38924992,-0.6972895,-0.9336566,-0.72972745,0
-0.7455866,0.31551582,-0.9089953,-0.7539524,0
-0.33177674,0.91967577,-0.8922156,-0.7841418,2
-0.88852394,-0.082176566,-0.9534206,-0.6776747,0
-0.34644842,-0.06864524,-0.9783084,-0.6352299,0
0.14875859,0.6194074,-0.9464774,-0.68423337,2
-0.022321463,0.5933601,-0.9416137,-0.69649243,2
-0.6107614,-0.11597264,-0.9787422,-0.63484377,0
-0.8383036,-0.039884537,-0.9461108,-0.6881129,1
-0.64675105,0.42987385,-0.8992769,-0.77261835,1
0.14816189,0.11509077,-0.92753625,-0.7313442,2
0.16541815,0.11333893,-0.9268773,-0.727931,2
-0.74561036,0.43059307,-0.872169,-0.8130817,1
0.011041909,0.49423617,-0.9561101,-0.6698991,2
-0.7709137,0.19152436,-0.9408653,-0.699555,0
-0.6652839,-0.52232015,-0.956956,-0.68113685,0
-0.8176377,0.13740706,-0.92588955,-0.72386706,1
-0.28765225,-0.45215827,-0.9082698,-0.77609116,0
-0.81524837,0.08526352,-0.93213856,-0.7158363,1
-0.76952785,0.37349513,-0.8983183,-0.77198344,1
-0.8187814,0.38923752,-0.8637557,-0.8304352,1
0.006618649,-0.49054968,-0.86569244,-0.8187722,0
-0.8919871,-0.042702913,-0.943766,-0.69407994,0
-0.32365602,0.9366104,-0.88755614,-0.7919851,2
-0.8554815,0.053891793,-0.9371919,-0.7032833,0
0.29562384,-0.2743283,-0.84011793,-0.89816993,2
-0.6205127,0.1736762,-0.95321566,-0.6793477,1
-0.7077911,0.042273253,-0.969036,-0.65163535,0
-0.86520046,0.10539943,-0.906851,-0.76333475,1
-0.07622242,0.7780052,-0.9535299,-0.6747007,2
-0.854401,0.39196965,-0.8427158,-0.8617739,1
-0.24260174,-0.61127496,-0.9266042,-0.74222386,0
-0.67092437,0.43468595,-0.9064924,-0.7609727,1
-0.55825365,0.6524029,-0.9023955,-0.7685972,0
-0.8760499,0.10606797,-0.9051116,-0.7606617,1
-0.8880335,0.32846308,-0.84512883,-0.8682129,1
-0.56450075,0.61934125,-0.8958414,-0.7781295,1
-0.06669876,0.59782267,-0.9608916,-0.66080576,2
0.19516468,0.45906985,-0.948437,-0.6875463,2
-0.6299343,0.4213184,-0.905632,-0.76170826,1
-0.49145222,0.61190903,-0.91636926,-0.7391556,1
-0.77613294,0.15785867,-0.94609034,-0.6906064,0
-0.3003384,0.6653558,-0.9310283,-0.7165544,2
-0.765026,0.050741926,-0.9678443,-0.6533057,0
-0.647038,0.5731282,-0.8832908,-0.7988825,1
-0.83807606,0.20812228,-0.88673246,-0.7976571,1
-0.9408408,-0.13544524,-0.93887794,-0.70155627,0
-0.11202294,0.70363545,-0.96040535,-0.6611679,2
-0.8761584,-0.08152896,-0.9616047,-0.6646401,0
0.65911496,-0.76339066,-0.7986485,-0.9889893,2
-0.6044172,0.19220686,-0.9314443,-0.7166552,0
-0.93592376,-0.10709128,-0.9361714,-0.70723933,0
-0.70849776,0.49478412,-0.8878851,-0.7932785,1
-0.114640534,0.60720825,-0.94470453,-0.69215846,2
-0.77203286,0.28175423,-0.90832096,-0.7560543,1
0.20735925,-0.020906508,-0.9432883,-0.7061132,2
-0.7384619,0.2551219,-0.94484,-0.6916683,0
-0.2113488,0.8465969,-0.93358856,-0.7119107,2
-0.53940207,0.33284497,-0.9724887,-0.64348036,0
-0.70973027,0.45932955,-0.8941588,-0.7822392,1
-0.55011636,0.3510844,-0.9520238,-0.6801473,0
-0.46730888,0.75152886,-0.9092284,-0.75609267,2
-0.6937595,0.07018004,-0.9842187,-0.6255438,0
0.29399562,-0.0002709031,-0.905431,-0.7789884,2
-0.4931015,0.43433568,-0.9606208,-0.6640375,0
-0.49742427,0.7008183,-0.9055787,-0.75972503,2
-0.045650512,0.6231564,-0.9303496,-0.71803015,2
-0.23866685,0.7074903,-0.93453956,-0.7058932,2
-0.37718552,-0.12334308,-0.97448856,-0.6474222,0
-0.6351024,0.13902332,-0.9607178,-0.66413647,0
-0.58286315,0.3435449,-0.93329394,-0.71227705,1
-0.61789453,-0.03018266,-0.9839331,-0.6244704,0
-0.48002064,0.17407915,-0.98335785,-0.62740546,0
-0.77861404,0.21247111,-0.92914855,-0.71995854,0
-0.3688833,0.52446496,-0.9594625,-0.6640365,2
-0.5839878,0.35842144,-0.96213955,-0.6608699,0
-0.75260985,0.5054804,-0.8820785,-0.8035081,1
-0.31470686,0.23527703,-0.9540435,-0.67533517,0
-0.7617752,0.56212676,-0.8372032,-0.8727267,1
-0.6375236,-0.19331634,-0.96078926,-0.6660477,0
-0.5857711,-0.49375385,-0.92691135,-0.6749981,0
-0.45098624,0.70346427,-0.90821725,-0.75786704,2
-0.8937877,0.022051573,-0.9208784,-0.73349905,0
-0.75918746,0.33019412,-0.9186357,-0.737543,0
-0.6884564,0.18685713,-0.9480402,-0.689341,1
0.0060507953,0.5869256,-0.9444233,-0.68978643,2
-0.7783755,0.33122846,-0.88760716,-0.7944258,1
-0.7555362,0.052143365,-0.96091723,-0.6639028,0
-0.85163665,0.03639576,-0.9378465,-0.7041169,0
-0.5040878,0.03472872,-0.96035117,-0.67138124,0
-0.9401907,0.11359951,-0.8929848,-0.7775412,0
-0.82571435,0.40625328,-0.8622914,-0.83705676,1
-0.7472603,0.2031349,-0.8979808,-0.76185304,1
-0.50972253,-0.30516034,-0.9737883,-0.6450996,0
-0.7933595,0.08886053,-0.93873805,-0.7011924,0
-0.8498915,0.0089998245,-0.94403076,-0.6939713,0
-0.5262272,0.61298645,-0.91304207,-0.7453848,1
-0.77152514,0.22901417,-0.90445894,-0.76269114,1
-0.8159498,0.2930822,-0.8750045,-0.8168653,1
0.3184846,-0.08186573,-0.86551327,-0.85536873,2
-0.586669,-0.069749385,-0.9935028,-0.6078571,0
-0.49396944,0.23563936,-0.9533036,-0.67848194,0
-0.43865514,0.32993978,-0.9712739,-0.6475095,2
-0.7668486,0.2298192,-0.91708374,-0.7382766,0
-0.76324856,0.29834887,-0.8980808,-0.7748662,1
-0.47942448,0.52643704,-0.9253835,-0.7259836,1
-0.059762508,0.55688894,-0.9624542,-0.6579885,2
-0.43342352,0.2416088,0.72149277,0.6865441,2
-0.74032235,0.3961845,-0.8804153,-0.80782,1
-0.22228682,-0.20121813,-0.9425054,-0.70570064,0
0.24612123,0.10555516,-0.8556344,-0.81137496,2
-0.7371706,0.30393803,-0.89749426,-0.77445585,1
-0.8242732,0.08098765,-0.95476615,-0.6773233,0
-0.66783947,0.35592157,-0.9113449,-0.75354606,1
-0.56014913,-0.28669077,-0.97216326,-0.65175205,0
-0.7005308,0.34037587,-0.9333173,-0.7084821,0
-0.28034416,0.2001127,-0.9566257,-0.6717908,2
-0.5298997,0.5248723,-0.92928797,-0.7184828,0
-0.5640242,0.79989135,-0.86785215,-0.82547903,1
-0.21432996,-0.6977439,-0.90909326,-0.7766995,0
-0.11542541,0.8031909,-0.94855577,-0.68472296,2
-0.8229964,0.28432906,-0.8971448,-0.7784029,1
-0.519288,0.25353295,-0.95532054,-0.670959,1
-0.77248,0.42459315,-0.8743423,-0.8153097,1
-0.68378294,0.18312043,-0.9700557,-0.6522633,0
0.2305305,0.5359858,-0.951578,-0.6833114,2
-0.77736163,0.26139265,-0.9080078,-0.7565906,1
0.20339471,0.20297307,-0.91463786,-0.75258154,2
-0.46420446,-0.14042509,-0.9531744,-0.6825887,0
-0.102710485,0.13884316,-0.9632139,-0.66418743,2
-0.63759136,0.49475688,-0.89648134,-0.7784481,1
-0.95952404,0.08633438,-0.88668007,-0.78994,0
-0.10116276,-0.19141594,-0.9007537,-0.79056925,0
-0.8844093,-0.03859639,-0.95037854,-0.68354386,0
0.29612666,0.10802968,-0.94167876,-0.70360595,2
-0.3103065,0.6241753,-0.95302796,-0.6778699,2
-0.60543096,-0.399477,-0.9663773,-0.6638575,0
-0.7992258,0.04245943,-0.96352094,-0.6604608,0
-0.89915514,0.104755506,-0.89742875,-0.7773439,1
-0.20268515,0.6542814,-0.9413042,-0.69820845,2
-0.07974115,0.8394235,-0.9384441,-0.702713,2
-0.82875776,0.09008969,-0.937415,-0.7030903,0
-0.84491205,0.106457576,-0.9150087,-0.73826706,1
-0.83994293,0.15172948,-0.93214005,-0.7140459,0
0.009918958,0.6423451,-0.9577205,-0.6658976,2
-0.8120214,0.21572882,-0.89735335,-0.77203983,1
-0.1669448,0.37468168,-0.9483064,-0.6873501,2
-0.5212964,0.2687382,-0.9855818,-0.62294334,0
-0.7779046,0.40613133,-0.88823754,-0.79232115,1
-0.87422675,-0.018693894,-0.94844234,-0.68761766,0
-0.6647862,0.461689,-0.8976434,-0.776392,1
-0.8139291,0.28474495,-0.87941617,-0.80865407,1
-0.35170156,0.7176195,-0.9290832,-0.718845,2
-0.3577004,0.7811383,-0.8899865,-0.78776026,1
0.44078743,-0.24216288,-0.8696642,-0.8527917,2
-0.8555285,0.14049548,-0.9140392,-0.7403543,0
-0.7011593,0.28121695,-0.9279882,-0.7229842,0
-0.79781014,0.24307136,-0.9196594,-0.73526275,0
-0.57533056,-0.071282774,-0.98107886,-0.6285158,0
-0.4715051,0.37065572,-0.9476551,-0.688442,2
-0.67217296,0.057294056,-0.9738288,-0.64247394,0
-0.8758427,-0.07195312,-0.96095395,-0.6652581,0
0.3653093,0.35767537,-0.92310894,-0.7442602,2
-0.4281722,-0.2525515,-0.93332076,-0.7223443,0
-0.79824996,0.33608082,-0.87756467,-0.8116398,1
-0.67841333,0.24484563,-0.93957245,-0.700369,1
-0.6764883,-0.119366705,-0.98168135,-0.62927854,0
-0.30223227,0.42991728,-0.96860474,-0.6516002,2
-0.40976426,-0.026681334,-0.94196886,-0.7053733,0
0.38437122,0.41953182,-0.8858654,-0.79084194,2
-0.93469,-0.15687189,-0.945075,-0.6934812,0
-0.5732964,-0.52822846,-0.94050676,-0.7138735,0
-0.78874695,0.27596992,-0.89400804,-0.7813366,1
-0.6010555,0.07631421,-0.982907,-0.62819546,0
-0.49090514,0.32028413,-0.9761783,-0.6416706,0
-0.6428061,0.38257775,-0.92751986,-0.72381306,0
-0.30443376,-0.046761274,-0.9139185,-0.7514494,0
-0.08084294,0.3224855,-0.9478634,-0.69020957,2
-0.3141604,0.58816123,-0.9543776,-0.6747467,2
0.85207605,-0.51328456,-0.8707353,-0.8574398,2
-0.94312334,-0.09490323,-0.9253502,-0.7191133,0
-0.73379946,0.55165815,-0.87596923,-0.8110281,1
-0.03792715,0.20571928,-0.96803236,-0.6528693,2
0.15791368,0.7152948,-0.9450633,-0.69050694,2
0.4211219,-0.04743582,-0.91369945,-0.76232207,2
-0.4529743,0.3401738,-0.9425239,-0.6941773,0
-0.7130369,0.3987156,-0.8956311,-0.7636148,0
-0.45265102,0.43496048,-0.94316876,-0.69532686,1
0.47475344,-0.4309253,-0.91888124,-0.7681408,2
-0.44602543,0.6810416,-0.9216563,-0.7313295,2
-0.73751986,0.41076717,-0.88322335,-0.80062956,1
-0.80845356,0.16236673,-0.9416131,-0.69926286,1
-0.77929527,0.21326706,-0.9185311,-0.7385795,1
-0.89102304,0.19829093,-0.8753448,-0.81390864,1
-0.80155194,0.0015589595,-0.9686703,-0.65251553,0
-0.755715,0.4498315,-0.86990124,-0.8251296,1
-0.78975415,0.28553241,-0.8918546,-0.78670543,1
-0.8976886,-0.13854206,-0.95092666,-0.6837996,1
-0.76257133,0.5858227,-0.8432399,-0.8682426,1
-0.0746443,-0.28529269,-0.92890656,-0.7419494,2
-0.05829817,0.5507566,-0.9325186,-0.7154996,2
-0.79494405,0.36262602,-0.89547354,-0.7798861,1
-0.57664907,0.10264926,-0.97168404,-0.6471867,0
0.1454956,0.5172722,-0.92732555,-0.7209811,2
-0.830733,0.10861912,-0.9346605,-0.7114495,0
0.049813032,0.7478414,-0.9469316,-0.6897486,2
-0.69257826,0.21790195,-0.95952487,-0.6681026,0
-0.7417816,0.18659842,-0.94258726,-0.6984104,0
-0.19824776,0.5964241,-0.95621717,-0.66989213,2
-0.49433136,0.07651706,-0.9705593,-0.6478507,2
-0.70913476,0.42178673,-0.90583926,-0.76063305,0
-0.7455432,0.091063365,-0.9599172,-0.6673769,0
0.03319758,0.42410892,-0.92344195,-0.734045,2
0.3447919,-0.4472322,-0.8566987,-0.8804687,2
-0.44392538,0.15860412,-0.95838714,-0.67192745,0
-0.31243438,0.6650014,-0.9389497,-0.703542,2
-0.583719,0.46854424,-0.9255442,-0.7279291,1
-0.79495066,0.24970123,-0.9233259,-0.73139566,0
-0.86558473,0.2554744,-0.8818742,-0.8047371,0
0.29555905,-0.023774505,-0.8766804,-0.82845104,2
-0.83033353,0.08671905,-0.93217176,-0.71525407,1
-0.25907698,0.7418083,-0.94769657,-0.6859221,2
-0.19096074,0.6356845,-0.9566547,-0.6703408,2
-0.6045667,0.57568747,-0.8952103,-0.77943426,1
-0.1280159,0.7596973,-0.9572631,-0.66721463,2
-0.047638983,0.8253264,-0.9345544,-0.7112673,2
-0.31156945,0.64986503,-0.913078,-0.74842936,0
-0.07663843,0.5578314,-0.95026183,-0.68197125,2
-0.7508138,0.0770129,-0.9332459,-0.7118764,0
-0.7031944,0.48932332,-0.87304693,-0.8129114,1
0.42682093,-0.30817676,-0.81608146,-0.9378502,2
0.33822948,0.33613473,-0.9081008,-0.7713,2
-0.29162145,0.67621267,-0.94612443,-0.6877147,2
-0.26681548,-0.57788944,-0.903433,-0.77589536,0
-0.9465693,-0.0014480054,-0.89973044,-0.75773746,0
-0.8372016,0.23229682,-0.8806265,-0.80618894,1
-0.53853464,0.22819957,-0.95127666,-0.684514,0
-0.85686827,0.21034831,-0.88733816,-0.7961567,1
0.31355232,0.16904452,-0.89337504,-0.7999613,2
0.5315492,-0.16660309,-0.91850215,-0.7635568,2
-0.68579787,0.5042705,-0.88634986,-0.7978748,1
0.84640455,-0.2739939,-0.8720245,-0.85509706,2
-0.4224978,0.6709113,-0.90035677,-0.769076,2
-0.93080044,-0.014543682,-0.9192359,-0.73649347,0
-0.67916286,0.33984867,-0.9260708,-0.7245655,0
-0.36824846,0.90303904,-0.8938691,-0.78377664,2
-0.8124919,0.072745234,-0.9423808,-0.6989986,1
-0.8179834,0.08282302,-0.944734,-0.69415027,0
-0.7263515,0.48465014,-0.87550527,-0.81349146,1
-0.8482244,0.38085756,-0.8473066,-0.8626805,1
0.21879381,0.512059,-0.9463451,-0.68859947,2
-0.6572644,0.62074757,-0.88461447,-0.7959089,1
-0.84263194,0.13965589,-0.8978984,-0.77534336,1
-0.74596643,0.35773385,-0.8958579,-0.77671474,0
-0.17542472,0.28795397,-0.91855717,-0.7396326,2
0.044375718,0.66673744,-0.9514357,-0.676896,1
-0.6880984,0.027552247,-0.9712238,-0.64711905,0
0.35146993,0.0021503866,-0.88650507,-0.81462073,2
-0.18099713,0.3111379,-0.9891606,-0.61410075,0
-0.77302843,0.022860974,-0.9757313,-0.64049613,0
-0.8173786,0.47535554,-0.8597747,-0.8449325,1
-0.79708666,0.30093223,-0.891941,-0.7877368,1
-0.6507396,-0.13723335,-0.96885085,-0.6528,0
-0.75798506,0.45663667,-0.87159294,-0.8166213,1
-0.30617714,0.7044079,-0.93039405,-0.71626574,2
0.09397924,0.29789397,-0.9554775,-0.6751946,2
-0.12835494,0.69365734,-0.9518181,-0.67678934,2
-0.31052527,0.808201,-0.928909,-0.721264,2
-0.22744572,0.555796,-0.92900807,-0.7208657,2
-0.6038795,0.49677473,-0.91169757,-0.7525829,1
-0.755671,0.34672067,-0.89219874,-0.78070045,1
0.6408174,-0.46715242,-0.8246274,-0.94387835,2
-0.4359571,0.43063128,-0.94215906,-0.69777846,2
0.20210254,0.16112855,-0.9437465,-0.7034209,2
-0.85187906,0.40124708,-0.8679571,-0.82637346,1
0.63648736,-0.34813207,-0.85339683,-0.8865409,2
0.11280209,0.5812503,-0.95964134,-0.6651945,2
-0.031660467,0.9080212,-0.9235128,-0.7315008,2
-0.23006156,0.6973264,-0.92029774,-0.7380596,2
-0.4981597,0.5158448,-0.9150392,-0.7469162,1
-0.3603592,0.07329011,-0.9856622,-0.6198168,0
-0.029141963,0.7110288,-0.9384031,-0.7052835,2
-0.58348554,0.5828906,-0.9014551,-0.7660561,1
-0.57212776,0.44276035,-0.9205829,-0.73394865,1
-0.8487992,0.33368745,-0.8629246,-0.8364189,1
-0.53016526,0.39845493,-0.95211995,-0.68083495,0
-0.36951995,0.31926906,-0.9792114,-0.6317274,2
-0.80433464,0.12590042,-0.91563183,-0.72578573,1
-0.7714112,0.4747253,-0.8665119,-0.8255941,1
-0.10263628,0.6243184,-0.9269366,-0.7270665,2
-0.7950871,0.20445749,-0.9151113,-0.74341553,0
-0.0012568235,0.7200975,-0.9610268,-0.660433,2
-0.79346645,0.35563174,-0.87732404,-0.80118906,1
-0.5489573,-0.03064689,-0.9815285,-0.62663436,0
0.3665889,0.43198943,-0.92673534,-0.7268418,2
-0.4171922,0.67199206,-0.9215666,-0.7292072,1
-0.8322499,0.24514617,-0.8792444,-0.80154294,1
-0.8001261,0.31609222,-0.8838599,-0.8002593,1
-0.8974556,0.054727986,-0.92493904,-0.72881997,0
0.15925843,0.49693066,-0.96282464,-0.6591788,2
-0.82823586,0.07720342,-0.9238174,-0.72735393,0
-0.84912,-0.055950463,-0.95658857,-0.6723264,0
-0.83724463,0.28137872,-0.8828462,-0.80094016,1
-0.33910578,0.1353099,-0.9714753,-0.64928174,0
-0.17439595,-0.1648216,-0.9636599,-0.6739912,0
-0.87067103,0.22835885,-0.88502324,-0.79057515,1
-0.5375607,0.46964324,-0.9168137,-0.7392,1
-0.6800072,0.34559983,-0.9345581,-0.7082273,0
-0.7240001,0.5068687,-0.87698835,-0.810994,1
0.19050139,0.29527485,-0.9580917,-0.67045546,2
-0.70720816,0.4486301,-0.89783394,-0.77282894,1
-0.0650568,0.5560405,-0.96401083,-0.6558634,2
-0.84197867,0.17420578,-0.89369196,-0.7844583,1
-0.47569978,0.6865488,-0.917539,-0.74058646,2
-0.9344436,0.039926633,-0.9053036,-0.7586611,0
-0.44006118,0.67890906,-0.9167408,-0.7386584,1
-0.9596388,0.1817772,-0.8382994,-0.8018187,0
-0.8061716,0.048044086,-0.97137517,-0.6469822,0
0.095208764,-0.47617704,-0.8641047,-0.85885495,2
-0.7995457,0.20718446,-0.92209196,-0.7306845,0
-0.15226382,-0.45055336,-0.925741,-0.75204057,0
-0.47954407,0.61476624,-0.92159015,-0.7312867,2
-0.19465253,0.81072295,-0.9201425,-0.7365532,2
0.39714396,-0.055990428,-0.8710577,-0.8289472,0
0.28542012,0.49951154,-0.93095946,-0.72057337,2
-0.26016343,0.5092393,-0.95640904,-0.66959167,2
0.31870145,0.13766752,-0.94172853,-0.7081303,2
-0.8176557,0.082507536,-0.9492509,-0.6853426,0
-0.9432173,-0.24962932,-0.96043515,-0.6652372,0
-0.8534066,0.024229944,-0.9344343,-0.7103545,1
-0.8479685,0.009828091,-0.93999386,-0.6998948,1
0.15181094,0.4964718,-0.9620357,-0.6584605,2
0.25860608,-0.23689497,-0.8983514,-0.79440343,2
-0.81093395,0.33595908,-0.87058896,-0.8231745,1
-0.7729981,0.26321748,-0.90858495,-0.7580801,1
-0.25098652,0.23098767,-0.9673487,-0.6517859,2
-0.41724533,0.40438715,-0.94984114,-0.68218523,2
-0.14076573,0.29418617,-0.9227892,-0.7347797,2
-0.8986325,-0.08878726,-0.95014715,-0.68460935,0
0.28398734,-0.045128107,-0.9337837,-0.7307694,2
-0.80636096,0.3177087,-0.87687117,-0.8143378,1
-0.16846076,-0.12261909,-0.9387687,-0.7092539,0
-0.23023947,-0.33980215,-0.9644934,-0.6736045,0
-0.9160981,0.08240457,-0.91196895,-0.746585,0
-0.19035923,0.6550225,-0.9425879,-0.69431555,2
0.2504086,0.6784055,-0.94802487,-0.68371415,2
-0.8207462,0.19613898,-0.9119285,-0.74026257,0
-0.598445,0.32798254,-0.93327683,-0.71613014,0
-0.9076464,-0.0680055,-0.94314617,-0.6945192,0
0.40993458,-0.43241036,-0.8322094,-0.92061377,2
-0.42660978,0.8123104,-0.91071695,-0.7514321,1
0.5011253,-0.016104698,-0.9007319,-0.79529357,2
-0.6108502,0.4908809,-0.88450634,-0.8009721,1
-0.76889956,0.40951553,-0.88348687,-0.7960062,0
0.48323917,0.13078724,-0.872232,-0.84243256,2
-0.19417733,0.5251964,-0.925467,-0.72720283,2
-0.54168236,0.015149742,-0.99118316,-0.6110238,0
-0.82807523,0.17871013,-0.89712787,-0.7777962,1
-0.7427312,-0.12595978,-0.993565,-0.6085527,0
-0.34064615,0.25126278,-0.9722146,-0.6423335,2
-0.8567384,0.12414913,-0.9147247,-0.7460277,0
0.2472812,0.6674248,-0.9208261,-0.72618586,2
-0.73973715,0.42574072,-0.88047665,-0.80256116,1
-0.4065535,0.91064584,-0.89492214,-0.78112566,2
-0.45563424,0.63502604,-0.91320276,-0.74686736,1
-0.8870297,0.22447747,-0.8587184,-0.83848095,1
-0.2260213,0.8289167,-0.93670094,-0.7028698,1
-0.87418324,-0.02620861,-0.9263835,-0.7205572,1
-0.030623496,0.22419575,-0.9359342,-0.7135639,2
0.2307983,0.33371308,-0.93687266,-0.716728,2
0.51660985,0.3161751,-0.9187375,-0.74322313,2
-0.82400626,0.045238808,-0.9420629,-0.6972922,0
-0.70117396,0.508412,-0.8718801,-0.82152915,1
-0.84314656,0.01723507,-0.9588679,-0.6675935,0
-0.26234472,-0.20996141,-0.9220992,-0.7321477,0
0.1517421,0.49989527,-0.926713,-0.7267642,2
-0.86482453,0.23377487,-0.86927444,-0.8256006,1
-0.54417086,-0.5394503,-0.9418937,-0.70026314,0
0.18854332,0.17762642,-0.92559594,-0.72822624,2
-0.82845604,0.018975884,-0.9522684,-0.6809779,0
-0.90074307,0.060097978,-0.9173422,-0.73929197,0
-0.830214,0.1471176,-0.9164803,-0.7420987,1
-0.069968104,-0.48204434,-0.94178927,-0.7194576,0
-0.4100164,-0.0031724274,-0.96814877,-0.652328,2
-0.6484553,0.6739315,-0.8754554,-0.80949724,1
-0.7320615,0.5982455,-0.85136193,-0.85832834,1
-0.81368446,0.32348314,-0.8753382,-0.8137279,1
-0.821298,0.3259781,-0.87842166,-0.80835813,1
-0.8534979,0.1002021,-0.91092,-0.7499463,1
-0.75596917,0.64685965,-0.8469976,-0.86103004,1
0.44261187,-0.48845714,-0.861524,-0.86891556,2
-0.77498674,-0.0020135045,-0.97040147,-0.6466281,0
-0.8087884,0.22667298,-0.90471375,-0.7626223,1
-0.7479943,0.52821684,-0.87551874,-0.81490505,1
-0.5837609,0.553435,-0.88487726,-0.79785424,1
-0.8293545,0.164216,-0.90729916,-0.7597701,0
-0.77520114,0.44853815,-0.8762465,-0.8080422,1
0.06734294,-0.5894247,-0.9110795,-0.7752303,0
-0.8732753,-0.05224952,-0.9596444,-0.667296,0
-0.75727314,0.42550415,-0.8803569,-0.8055053,1
0.20611387,-0.4854678,-0.83967113,-0.8864521,0
-0.2311383,0.79555416,-0.92243606,-0.7322506,2
-0.7536372,0.46764654,-0.8753267,-0.8161684,1
-0.7306956,0.39744973,-0.8933443,-0.7840286,0
-0.7721486,-0.17686853,-0.99157953,-0.6136136,0
-0.66179997,-0.1736252,-0.97694224,-0.6408679,0
0.1493637,0.7267849,-0.9267532,-0.7264292,2
0.29049426,0.34961575,-0.9424164,-0.70101345,2
-0.39637244,-0.2016877,-0.9629886,-0.66024834,0
-0.8397182,0.24651757,-0.8731674,-0.81791925,1
0.31314212,0.6959344,-0.9337689,-0.7175583,2
-0.12781602,0.49063182,-0.92586553,-0.72305685,2
-0.024309516,-0.13493636,-0.9481777,-0.70268583,2
-0.30408278,0.73257875,-0.91822755,-0.7407695,2
-0.029411048,0.64170897,-0.96428126,-0.65275997,2
0.6315075,-0.6973247,-0.88103175,-0.8450719,2
0.19563884,0.21103248,-0.91473114,-0.753494,2
-0.83450234,0.069951504,-0.92856914,-0.7238234,0
-0.13983342,0.79034793,-0.9349282,-0.7079494,2
-0.49378175,0.6256089,-0.9028358,-0.7676899,1
0.42247903,0.117102176,-0.8578331,-0.73007935,0
-0.7838642,0.3617391,-0.89458025,-0.78153014,1
0.40158242,0.21790294,-0.9455379,-0.6969728,2
-0.65944517,0.6185508,-0.8923942,-0.782799,0
-0.8022593,0.15707117,-0.9163408,-0.7439863,1
0.31918746,0.3529091,-0.8883634,-0.80604446,2
-0.9164984,-0.046528876,-0.9332759,-0.7130953,0
-0.61283547,0.17893389,-0.9912074,-0.6149177,0
-0.9743625,0.07881415,-0.8210152,-0.73074424,1
-0.5567007,0.45992512,-0.9301541,-0.7179718,1
-0.43078914,0.6499553,-0.9291857,-0.7183518,2
-0.46045846,0.22123717,-0.9795851,-0.6297886,2
-0.76269186,0.4903558,-0.8757711,-0.81277895,1
-0.77577084,0.28075472,-0.91892856,-0.7389539,0
-0.8223567,0.11585726,-0.9288923,-0.7211506,1
0.74832106,-0.5055196,-0.81954837,-0.9428818,2
0.05322939,0.46835917,-0.93177575,-0.7126311,2
-0.8876784,0.104509786,-0.902852,-0.76708025,1
-0.8464459,0.24726927,-0.87578875,-0.80922955,1
-0.8206227,0.24408253,-0.8970876,-0.77699304,1
-0.019545406,-1.0,-0.87782824,-0.84864175,0
-0.8274825,0.2443462,-0.8804431,-0.8044265,1
-0.6062357,0.6148846,-0.8870088,-0.7984485,1
-0.29196122,0.61840653,-0.93856764,-0.7007532,2
-0.64545757,0.17756194,-0.95611113,-0.6742667,0
-0.49263495,0.5416037,-0.93509495,-0.7077865,2
-0.8715236,0.14032532,-0.8898811,-0.7878266,1
-0.75905746,0.32955015,-0.8928597,-0.78451526,1
0.18031335,-0.113372594,-0.8877561,-0.8159472,2
0.058398068,0.30219963,-0.9255288,-0.7279225,2
-0.7174752,0.3206924,-0.8952045,-0.77895254,1
-0.5024702,0.4877323,-0.9369417,-0.7051291,1
-0.24514407,0.61802524,-0.95280397,-0.6764384,2
-0.85640097,-0.056804836,-0.9497717,-0.6836717,0
-0.72616315,0.6022198,-0.85921526,-0.84657484,1
-0.5800796,0.0013920069,-0.9717101,-0.64743626,0
-0.6611469,0.34482813,-0.9239117,-0.7311399,0
-0.80550283,0.40555832,-0.8715063,-0.8227944,1
-0.6997316,0.12105015,-0.9562957,-0.67393667,1
-0.8517781,0.012393743,-0.9329698,-0.71295536,1
0.25094074,0.30228648,-0.9099568,-0.7606945,2
-0.34978333,0.2347899,-0.94723815,-0.6879799,0
-0.5204295,0.4241599,-0.9484776,-0.68562865,2
0.119167864,0.6434088,-0.9481817,-0.6831749,2
-0.30593455,0.21190028,-0.95398116,-0.6776384,2
-0.7692089,0.5022946,-0.8662778,-0.82767093,1
-0.83650464,0.2846767,-0.88229537,-0.8018468,1
-0.22823907,0.7067021,-0.93164593,-0.71456856,2
-0.6916244,0.2925924,-0.94801664,-0.68834895,0
-0.820344,0.27865988,-0.87977237,-0.8030664,1
0.18664885,-0.5853777,-0.8665114,-0.859969,2
-0.8751119,0.13221581,-0.89411825,-0.7828613,1
-0.12047234,0.6951039,-0.9429384,-0.6929924,2
-0.7505893,0.41706356,-0.86358887,-0.80804485,1
-0.82458985,0.216923,-0.8844736,-0.80053604,1
-0.69543743,0.071578145,-0.97004175,-0.6513347,0
-0.94009554,-0.2223134,-0.95317817,-0.6753109,0
-0.8105486,0.36459777,-0.8802306,-0.8016081,1
0.11607981,0.93902504,-0.95679164,-0.66919935,2
0.108605206,0.94164354,-0.9456242,-0.689916,2
-0.22174071,0.6876927,-0.93720144,-0.7041564,2
-0.3729693,0.8395956,-0.9074274,-0.7573435,2
-0.6181496,0.60725534,-0.8917124,-0.7838136,1
-0.80305815,0.11613071,-0.92969877,-0.7154542,0
-0.36125982,0.7274572,-0.92096066,-0.7325152,2
-0.7459173,-0.14844772,-0.98476964,-0.6257298,0
0.10058683,0.60099304,-0.94981945,-0.68095386,2
-0.74718535,0.36804676,-0.88795614,-0.7924891,1
-0.78181434,0.32208622,-0.89474064,-0.78136665,1
-0.5639913,0.6519195,-0.89509547,-0.77839774,1
-0.48599368,0.54199743,-0.91266745,-0.75296474,0
-0.65604126,0.61090696,-0.88223153,-0.8007693,1
-0.2135387,0.4845982,-0.9572555,-0.67185163,2
0.061913073,0.59099925,-0.9395663,-0.6992002,2
-0.24865933,0.7862855,-0.93591726,-0.7080207,2
-0.52712876,0.21556014,-0.974103,-0.64401376,0
-0.55707884,-0.3619911,-0.96391714,-0.66494274,0
-0.8107799,0.38495928,-0.87174493,-0.8208811,1
-0.11309442,0.5482207,-0.9265255,-0.7248025,2
-0.89950734,-0.04581189,-0.9439194,-0.69315195,0
-0.9306047,-0.11292532,-0.93826586,-0.70557576,0
-0.94785416,-0.19103804,-0.94765663,-0.6867977,0
0.41989398,-0.44943655,-0.8580804,-0.8802493,2
-0.75931,0.46081555,-0.8898814,-0.78589535,0
-0.46374556,0.1090446,-0.9804516,-0.6306714,0
-0.72259593,0.24839312,-0.93530715,-0.7064054,0
-0.03183943,0.08444503,-0.96436554,-0.6630459,2
-0.60836965,0.18975183,-0.9686904,-0.65504575,0
-0.8734752,0.15312602,-0.9106214,-0.75252527,1
-0.7275051,0.09430009,-0.97066504,-0.64853823,0
-0.59070146,0.55461836,-0.90849936,-0.75792485,2
-0.54621816,0.22258623,-0.9690503,-0.648951,0
-0.73756534,0.5580355,-0.8528645,-0.8499597,1
-0.16390112,0.85531867,-0.92507,-0.7296994,2
-0.8716272,0.04233171,-0.9246725,-0.725545,0
-0.7129577,0.07194334,-0.97138715,-0.6469679,0
-0.017098635,0.40854007,-0.89752066,-0.7403097,2
-0.4893415,0.092772365,-0.9503045,-0.6840814,0
-0.6843023,0.24710253,-0.96060324,-0.66573036,0
-0.71149296,0.37469858,-0.9126433,-0.7481193,1
-0.6541948,0.38128152,-0.9006799,-0.77192384,1
-0.3155613,0.59108996,-0.94833976,-0.6858818,2
-0.7944312,0.08604893,-0.9531034,-0.67809004,0
-0.7087028,-0.37106514,-0.97412336,-0.6481518,0
0.087911546,0.3331562,-0.9453153,-0.6932391,2
-0.71378356,0.45150465,-0.89206827,-0.7817539,1
-0.7703063,0.22585481,-0.9319441,-0.7126738,0
-0.6852534,0.3059073,-0.9297667,-0.7214936,1
-0.38907024,0.5437938,-0.9586791,-0.6661286,2
-0.8195241,0.09926434,-0.9315251,-0.7168063,1
0.18873888,0.5037013,-0.95800835,-0.6719619,2
-0.29155877,0.78742594,-0.9417105,-0.6979394,2
-0.56825244,-0.3659163,-0.9474983,-0.6925894,0
-0.15793389,0.83341354,-0.9420595,-0.69477814,2
-0.8152406,0.07082352,-0.9375579,-0.7043577,1
0.18004626,0.40774173,-0.92674965,-0.7282251,2
-0.8467328,-0.039129972,-0.95022863,-0.68339145,0
-0.30639863,0.7170872,-0.9407969,-0.6991242,2
-0.22015424,0.2312747,-0.9865269,-0.618805,0
-0.10035297,0.8064548,-0.954489,-0.67468053,2
-0.6264652,0.47726527,-0.9096272,-0.7541757,0
-0.807544,0.46034583,-0.86285675,-0.8378118,1
-0.1411084,0.61052966,-0.959134,-0.6626749,2
-0.47769982,0.0004669428,-0.9797138,-0.63013434,0
-0.5401411,0.5480851,-0.9159247,-0.74058694,2
-0.4159831,0.26148057,-0.976693,-0.6372288,0
0.20041347,0.30965286,-0.96361333,-0.65698,2
-0.08777508,0.7986501,-0.94339246,-0.6947426,2
-0.6387793,0.611423,-0.88864964,-0.789008,1
-0.75960374,0.44258046,-0.8745604,-0.8180014,1
-0.46815988,0.19494662,-0.97771084,-0.63846886,0
-0.30676103,0.17179948,-0.9625197,-0.6614444,0
-0.45177275,0.73997605,-0.9136885,-0.7446376,1
-0.80988216,0.41537938,-0.8673308,-0.82753456,1
-0.63463974,0.71492386,-0.8514076,-0.85431504,2
-0.7428931,0.27785465,-0.92135173,-0.7225894,0
-0.38677928,0.28363317,-0.9504497,-0.6836217,0
-0.81823516,0.45813122,-0.84720683,-0.86396503,1
-0.36360276,0.7820086,-0.8736554,-0.8108898,0
-0.57896215,0.7540906,-0.8755833,-0.8116948,2
-0.84940124,0.084961,-0.92764103,-0.72559863,1
-0.7225783,0.4658626,-0.89495486,-0.7738691,1
-0.7351107,0.03981112,-0.97901344,-0.63487184,0
-0.832124,0.18979558,-0.90459466,-0.76258075,0
-0.12550637,0.55641496,-0.964745,-0.65606976,2
-0.83741486,0.21715347,-0.9077127,-0.7578015,1
-0.37103593,0.9412396,-0.89459,-0.7799014,2
-0.5573701,0.098724514,-0.97489834,-0.6383542,0
-0.7573758,0.1689785,-0.9531672,-0.67665875,0
-0.08200222,0.60101056,-0.9746468,-0.6407114,1
-0.73019695,0.072335795,-0.9589645,-0.67106897,1
-0.77465504,-0.074569345,-0.9791368,-0.6324704,0
-0.37413156,0.7622853,-0.9192546,-0.73617107,1
-0.54506445,0.54737085,-0.91961956,-0.73683494,1
-0.81207746,0.20850869,-0.92075676,-0.73656875,0
-0.83999413,0.1218427,-0.8981434,-0.76779854,1
-0.44185913,0.74707407,-0.90777886,-0.7587669,2
-0.8669381,0.23620838,-0.8805008,-0.8007003,1
-0.542956,0.7385217,-0.8645425,-0.834513,1
-0.77784115,0.3551454,-0.8870331,-0.7927121,1
-0.76608276,0.38254976,-0.8582266,-0.8037088,1
0.3670072,-0.5393881,-0.8172356,-0.9484941,2
-0.2721319,0.8743019,-0.9236749,-0.7280968,1
-0.36568916,0.61958694,-0.9480388,-0.68707955,2
0.30632538,0.43815774,-0.91438395,-0.75343114,2
-0.31721324,-0.16121265,-0.97796637,-0.63646907,0
-0.024976432,-0.039511353,-0.94122654,-0.7094782,2
-0.7890974,0.31246248,-0.8859465,-0.7977337,1
0.41462338,-0.025922239,-0.88748217,-0.8134212,2
-0.63654006,0.34150025,-0.9438334,-0.6966505,1
-0.645546,-0.111920625,-0.9678304,-0.6542176,0
0.039618254,0.3760791,-0.947295,-0.69245225,2
0.11787158,0.59274316,-0.94687873,-0.6871207,2
-0.8633712,0.11711013,-0.90036374,-0.7726081,1
-0.87527806,0.0717075,-0.9065457,-0.75930953,1
0.061771452,0.6749714,-0.963975,-0.6540024,2
-0.08103892,0.61783534,-0.95272344,-0.680233,2
-0.7026148,0.4116392,-0.9045298,-0.762738,2
0.45021838,0.27116287,-0.89511704,-0.79891586,2
-0.7663154,0.23120725,-0.9383393,-0.7034261,0
-0.30998215,0.85038346,-0.91922724,-0.73832726,2
-0.729635,0.5222046,-0.86619306,-0.8303932,1
-0.6825939,0.17367631,-0.97811925,-0.63550615,0
0.4603616,-0.14502999,-0.8951068,-0.80811256,2
-0.85045475,0.24283959,-0.8812338,-0.8040965,1
0.28035444,0.084809855,-0.9114739,-0.7735201,2
-0.73998773,0.24405585,-0.9098748,-0.7172279,1
-0.7566149,0.32793832,-0.88814175,-0.7887765,1
-0.66189814,0.10112703,-0.96588844,-0.6569464,0
-0.37622607,0.21517771,-0.98432946,-0.6207865,0
-0.8116783,0.09592731,-0.9388482,-0.70400393,0
-0.8020649,0.1307006,-0.9339421,-0.7115173,1
-0.7027775,0.56295776,-0.88990796,-0.7871346,1
-0.5258777,0.22364384,-0.99028707,-0.6121939,0
0.04414749,-0.7139071,-0.77699864,-0.80809903,0
-0.80529904,0.36627313,-0.8637347,-0.8373928,1
-0.41704252,0.9003565,-0.8945839,-0.7805205,1
-0.661067,0.40066835,-0.9196993,-0.73978996,1
-0.027735114,-0.5839242,-0.85088205,-0.8637953,2
-0.6857946,0.48777178,-0.90353936,-0.7631745,0
-0.38842687,0.87388426,-0.8966367,-0.7779107,2
-0.73428905,0.42582646,-0.88250494,-0.80258274,1
-0.86559474,0.085515946,-0.92562354,-0.72568613,0
-0.61322325,0.13290899,-0.9675608,-0.6537451,0
-0.118089825,0.38963753,-0.9695225,-0.6504703,2
-0.8195733,0.2124882,-0.8904603,-0.7911807,1
0.32156825,0.49199033,-0.9091987,-0.76436883,2
