0,1,2,3,4,5,6,label
-0.3009224,0.7209563,-0.9851566,0.049682334,-0.49770552,-0.46850824,-0.8187869,2
-0.8578396,0.08216596,-0.98517746,0.26513925,-0.11854836,-0.5592936,-0.8245571,1
-0.867833,0.21554133,-0.9812612,0.4398084,-0.14529845,-0.636607,-0.8267104,1
-0.7813076,0.47353852,-0.97747415,0.56240726,-0.28212166,-0.61857796,-0.82926667,1
-0.4115231,0.6393168,-0.9847568,0.078826636,-0.5013746,-0.49921215,-0.82164717,1
-0.8634757,0.031037793,-0.98786765,0.04232631,-0.37973803,-0.5610934,-0.8148274,0
-0.82478523,0.22062136,-0.9813639,0.44432244,-0.090371594,-0.61953557,-0.81138235,1
-0.95918155,-0.14273095,-0.989368,0.010510705,-0.24762388,-0.57928854,-0.79531413,0
-0.9560447,-0.14341238,-0.98836875,0.052496463,-0.1829915,-0.5861054,-0.7734409,0
-0.8405653,0.20282362,-0.9834902,0.282057,-0.27596447,-0.58092636,-0.8122898,1
-0.52018344,0.15524647,-0.99243766,-0.24581444,-0.35996425,-0.4952196,-0.8023343,2
-0.9338275,-0.06495917,-0.98957163,-0.024559483,-0.36245728,-0.5463321,-0.81729513,0
-0.65867263,0.6126802,-0.98034173,0.38733065,-0.42940205,-0.51761764,-0.84625435,1
-0.7951164,0.25528467,-0.9847136,0.1958004,-0.3927745,-0.56311405,-0.8351384,1
-0.22476071,0.62831867,-0.98665226,0.0026983172,-0.36317086,-0.46999156,-0.8235367,2
0.21493536,-0.37195146,-0.98992646,0.62565655,-0.60900354,-0.45144784,-0.8071239,2
-0.7000711,0.6083958,-0.97381926,0.72014236,-0.1432006,-0.569334,-0.7959575,1
0.02619189,0.47343308,-0.9903801,-0.11234622,-0.1306985,-0.5796672,-0.80599684,2
-0.78789544,0.39282542,-0.9799274,0.48355454,-0.22544858,-0.5722803,-0.8324711,1
-0.39514968,0.52219343,-0.9881556,-0.10032801,-0.48731732,-0.49966437,-0.7991507,2
0.27135575,0.29109985,-0.9859232,0.35020417,0.16141549,-0.4205512,-0.9392824,2
0.74611384,-0.6382234,-0.99753475,0.64808816,-0.874135,-0.8266769,-0.6678531,2
-0.039398193,0.27067488,-0.98779523,0.096099794,0.05410081,-0.45401964,-0.8734589,2
-0.26576585,0.521286,-0.986801,0.11532832,-0.0769068,-0.36948287,-0.8920734,2
-0.8638667,-0.03904608,-0.9901746,-0.025994629,-0.3145439,-0.5574242,-0.81968385,1
-0.37775728,0.44177425,-0.9875032,-0.009222329,-0.41592297,-0.5655672,-0.7987414,2
-0.71948034,0.21768045,-0.98441714,0.17650774,-0.22141373,-0.4156617,-0.78521156,1
-0.8894515,0.17207053,-0.97603774,0.43577585,-0.021227539,-0.42372182,-0.6416454,0
-0.8327465,0.3452509,-0.9792449,0.5196539,-0.1794513,-0.6217155,-0.8226632,1
-0.907336,-0.06390485,-0.99016446,-0.06470479,-0.39151144,-0.530414,-0.81031567,0
-0.84029794,0.14814591,-0.98310614,0.35995,-0.102737635,-0.5850894,-0.81511176,1
0.16768181,-0.31046557,-0.99218607,0.41139805,-0.51468074,-0.6612389,-0.8146952,2
-0.058503717,0.46543396,-0.9874871,0.13283889,-0.2644958,-0.5475753,-0.8047707,2
-0.41336036,0.53884995,-0.9869238,-0.0037356615,-0.4344997,-0.4985215,-0.8089039,1
-0.38853225,0.2806404,-0.9837405,0.06336985,-0.084102035,-0.36014563,-0.7307354,0
-0.8208741,0.24338584,-0.9823305,0.3625008,-0.18408175,-0.57110816,-0.8155075,1
0.18659592,-0.16796935,-0.9957314,0.10585769,-0.25016588,-0.78354645,-0.75726604,2
0.5236476,-0.028313398,-0.988524,0.6885713,0.032939345,-0.18857834,-0.98300636,2
-0.7199975,-0.1505847,-0.9950152,-0.26512092,-0.22819102,-0.5035957,-0.8387165,0
-0.11407372,0.6954179,-0.98869336,-0.16888821,-0.42796934,-0.54994446,-0.77497375,2
-0.9053596,-0.09646657,-0.99008507,-0.03940782,-0.32115516,-0.55216455,-0.812377,0
-0.05987963,0.31411484,-0.99123627,-0.11410858,-0.1332628,-0.5648182,-0.8180601,2
-0.8275662,0.18756084,-0.9840064,0.29306772,-0.22133845,-0.6075611,-0.8365329,1
-0.05323127,0.56880546,-0.989798,-0.16822582,-0.2992871,-0.55541146,-0.7838303,2
-0.5746171,-0.1448757,-0.9943627,-0.23548982,-0.1956529,-0.5558784,-0.8504031,0
0.11738533,0.51380634,-0.9891547,-0.12073696,-0.14321528,-0.62639534,-0.792837,2
-0.5385388,0.62457746,-0.9822335,0.22364461,-0.49264032,-0.51717067,-0.8178169,1
-0.57979196,0.52601314,-0.9842251,0.15935703,-0.48216352,-0.50611836,-0.8365656,2
-0.9189178,0.07102245,-0.9850091,0.20051733,-0.30053917,-0.606038,-0.8078383,0
-0.7329093,0.24578583,-0.98748654,0.016245797,-0.43880367,-0.47559497,-0.83050686,0
-0.13141352,0.67344564,-0.9892897,-0.19528052,-0.41437072,-0.5260339,-0.77924156,2
-0.83068454,0.20857622,-0.9838062,0.27930516,-0.26330042,-0.60094744,-0.82650304,1
-0.31597745,0.0010456741,-0.9954257,-0.33496872,-0.090109095,-0.4634981,-0.8740541,0
-0.8523418,0.14310451,-0.985077,0.22474238,-0.27434832,-0.5912568,-0.8312171,1
-0.82741725,0.21770662,-0.9829278,0.33338583,-0.23680723,-0.62315047,-0.82996345,1
-0.12729284,-0.73925567,-0.99810195,0.07018098,-0.62177914,-0.57271403,-0.78802955,0
-0.8013621,0.27704027,-0.98382026,0.21859741,-0.42404276,-0.5486564,-0.8172281,0
-0.8011528,0.55254066,-0.97545826,0.68764627,-0.1942294,-0.6023944,-0.83422405,1
-0.7606367,0.08038968,-0.98591745,-0.035937607,-0.3089572,-0.4502324,-0.78422683,0
-0.092146665,0.014283448,-0.99421483,-0.018059775,-0.25546944,-0.6287274,-0.8219013,0
-0.5139776,0.527647,-0.98367643,0.17447878,-0.45270005,-0.53784186,-0.8150331,1
-0.22650272,0.59302133,-0.9845643,0.13888898,-0.24400276,-0.52107453,-0.79280376,2
-0.22663757,0.5622438,-0.9873302,-0.12696537,-0.44238138,-0.5593249,-0.7405535,2
-0.82246214,0.23713036,-0.9820923,0.36735123,-0.21053624,-0.58085686,-0.809872,1
-0.046275318,0.5062074,-0.9896725,-0.15546069,-0.22667734,-0.5983133,-0.7839878,2
-0.2794059,0.39227644,-0.9906237,-0.16317472,-0.3311705,-0.4954582,-0.796254,2
-0.8734962,0.19133243,-0.98179513,0.3544097,-0.22715533,-0.58624303,-0.7868633,0
-0.6354457,0.07667422,-0.9925012,-0.22463337,-0.3566789,-0.45937818,-0.8194593,0
-0.08480343,0.12138251,-0.9895589,0.06557856,-0.049003124,-0.48994505,-0.87646747,2
-0.7785755,0.2445841,-0.9843829,0.22891258,-0.31322277,-0.56764114,-0.8229836,1
-0.37210035,0.62599254,-0.9867969,-0.033750832,-0.537233,-0.49428132,-0.8127991,2
-0.41771176,0.7414398,-0.9809773,0.27694213,-0.5054399,-0.50551313,-0.827476,1
-0.8187597,0.20345855,-0.98262167,0.3476255,-0.17236865,-0.5722757,-0.8024762,0
-0.6577502,0.2516559,-0.989062,-0.05817981,-0.4750655,-0.4943745,-0.82686704,1
-0.8613638,0.09557402,-0.9872262,0.05707539,-0.39024648,-0.5381661,-0.80418515,0
-0.776394,0.5187279,-0.9775163,0.53617305,-0.32607162,-0.5882799,-0.8226276,1
-0.8790318,0.09362534,-0.98411155,0.28365272,-0.17081186,-0.63073105,-0.8116882,1
-0.85952246,0.18303615,-0.98488057,0.1947306,-0.35838842,-0.5701204,-0.80833834,0
-0.86175066,0.02878499,-0.9888443,0.024906062,-0.34586322,-0.5742158,-0.8353204,0
-0.78278434,0.4696006,-0.9782382,0.5151657,-0.305983,-0.60495484,-0.82919633,1
-0.6931653,0.53564453,-0.9796993,0.42437384,-0.38742325,-0.56621695,-0.8319506,1
-0.75594544,0.37290734,-0.98033625,0.45082694,-0.21628886,-0.60114515,-0.8204636,1
-0.5441836,0.5829368,-0.98243165,0.28392923,-0.4239783,-0.49160767,-0.8469939,1
-0.17337391,-0.21021381,-0.9939225,0.15757923,-0.27659956,-0.5986193,-0.8424205,2
-0.79223573,0.22904323,-0.9849559,0.18220034,-0.35156518,-0.55096674,-0.82321763,1
-0.82170486,0.32541972,-0.9796684,0.5271814,-0.1277822,-0.6336151,-0.83796483,1
-0.52394503,0.7498186,-0.9797327,0.37664652,-0.46842244,-0.5093024,-0.847136,2
-0.6758635,0.5429199,-0.98115087,0.3442162,-0.4335896,-0.53371525,-0.83407754,1
-0.7055504,0.2945819,-0.9873059,0.05263395,-0.43297487,-0.47855055,-0.8391624,0
-0.9514431,-0.07837096,-0.9878991,0.07866302,-0.24466604,-0.6003755,-0.7951685,0
-0.8675289,0.24152495,-0.98246425,0.3539368,-0.23569685,-0.59609014,-0.8195665,1
-0.5267727,0.5873412,-0.98386717,0.14251181,-0.4497826,-0.44769514,-0.8378584,0
-0.96357834,-0.17699769,-0.9894135,0.0056725293,-0.195725,-0.57121956,-0.7718579,0
-0.7130708,0.52175784,-0.9808479,0.35647374,-0.44409132,-0.5465337,-0.8350996,1
0.19949645,0.3546893,-0.9906065,-0.021891654,-0.09560177,-0.64769167,-0.7730307,2
-0.4947543,0.46037292,-0.9878082,-0.021259919,-0.4665649,-0.48110205,-0.8365455,2
-0.25835264,-0.22413918,-0.99540544,0.038665786,-0.24339078,-0.553044,-0.86102504,2
-0.8361651,0.16990435,-0.9762222,0.49728382,0.10383093,-0.3953824,-0.62595856,1
0.6257351,0.108032756,-0.991873,0.3423785,-0.058406293,-0.75172216,-0.849761,2
0.014270455,0.5293746,-0.9865652,0.052681454,-0.21608624,-0.4577526,-0.8028721,2
-0.71908784,0.07030383,-0.9906829,-0.07791515,-0.3347587,-0.52793235,-0.825929,1
-0.7309315,0.2873419,-0.983872,0.2702822,-0.26992825,-0.5905478,-0.8381217,1
-0.8549465,0.25632858,-0.9809351,0.43731225,-0.20539394,-0.6407285,-0.8255853,1
0.634409,-0.103702456,-0.9912491,0.6283657,-0.2998546,-0.55781066,-0.88937426,2
-0.7365403,-0.21181649,-0.9956557,-0.2928679,-0.21515265,-0.51649857,-0.84459054,0
-0.68203425,0.35261822,-0.98505735,0.14992583,-0.40383887,-0.50353086,-0.82096267,0
-0.18166229,0.52923894,-0.9894563,-0.15681356,-0.37027603,-0.53952307,-0.7744843,2
0.27328897,0.26361495,-0.98693067,0.33688644,0.15759555,-0.42151916,-0.9341019,2
-0.2669841,0.5398133,-0.9874818,-0.032499343,-0.36989763,-0.50919753,-0.81157684,1
-0.2460968,0.35310528,-0.9911354,-0.2011311,-0.27371874,-0.5805841,-0.7912442,2
-0.25678894,0.14959389,-0.99460006,-0.31819808,-0.22784673,-0.6937397,-0.73321337,2
0.4027633,-0.3080719,-0.99403226,0.48258203,-0.6241798,-0.6210224,-0.79552144,2
-0.8840214,-0.06259775,-0.9904324,-0.070094705,-0.37845334,-0.5408056,-0.8160804,0
-0.8997104,0.1287359,-0.98240644,0.3773791,-0.11515403,-0.6089125,-0.79943025,1
-0.85645485,0.1545918,-0.8207146,0.34967995,-0.004042536,-0.49043688,-0.4296134,1
0.0070330203,0.6988734,-0.98659766,-0.013313502,-0.24252918,-0.53668,-0.81879765,2
0.32472348,-0.28846192,-0.9888574,0.56561756,-0.6936209,-0.5325954,-0.78481114,2
-0.8815658,0.037758023,-0.986161,0.1856634,-0.21845011,-0.6123138,-0.81807107,1
-0.32407787,0.121296726,-0.9888957,0.058056302,0.0068434477,-0.42798868,-0.88820547,0
0.7358882,-0.20213807,-0.9855698,0.8837937,-0.18721935,-0.01278156,-0.96536696,2
-0.8205334,0.19919857,-0.982605,0.33683497,-0.22271043,-0.58574736,-0.8121263,1
-0.20632121,0.5955636,-0.9876101,-0.03913778,-0.36832052,-0.50540715,-0.81019664,2
-0.95414895,-0.12983832,-0.98735034,0.0716003,-0.16109149,-0.53104067,-0.7446719,0
-0.73785496,0.34580505,-0.98235214,0.33032072,-0.33106434,-0.570945,-0.8348574,1
0.060178816,0.44022453,-0.98653734,0.13902277,0.012751311,-0.46579975,-0.8768224,2
-0.8740687,0.15617056,-0.9849101,0.20133471,-0.32917085,-0.57323354,-0.82400125,1
-0.05941555,0.40685022,-0.9910803,-0.20400119,-0.20578441,-0.6196469,-0.76605743,2
-0.86096764,0.17329314,-0.9821473,0.4048838,-0.11752838,-0.6363437,-0.82168615,1
-0.8483639,0.23590611,-0.9811593,0.4336684,-0.17128167,-0.64425445,-0.8281037,1
-0.3691759,0.8227772,-0.98239094,0.17133361,-0.5736699,-0.47522113,-0.8228215,2
-0.7984944,0.19547394,-0.9856294,0.12413728,-0.3785763,-0.54891425,-0.7931499,0
-0.33397353,0.5801644,-0.98722804,-0.039575666,-0.46003896,-0.47549352,-0.8125081,2
-0.7073736,0.28805307,-0.9845708,0.21386449,-0.3460651,-0.54990155,-0.82956475,1
-0.5817192,0.031845197,-0.9932085,-0.28005597,-0.3540623,-0.5176761,-0.79984623,0
-0.7530384,0.40646428,-0.98109376,0.40382496,-0.27678108,-0.60255545,-0.8358488,1
-0.97177905,-0.030430615,-0.9824654,0.28629765,-0.051371545,-0.59839386,-0.712447,0
-0.8965267,0.05980228,-0.9849972,0.21459654,-0.26111612,-0.61129904,-0.80803645,0
-0.6759889,0.4737534,-0.9818903,0.31221882,-0.39118835,-0.55012894,-0.8230636,0
-0.8162416,0.295667,-0.9811372,0.41118383,-0.20605782,-0.6148621,-0.8165318,1
0.16143721,0.37861735,-0.9893892,0.04425142,-0.09453699,-0.5758126,-0.85695356,2
-0.5316799,0.61721873,-0.9824679,0.2674533,-0.44546917,-0.5062838,-0.8457892,2
-0.17308995,0.49516982,-0.9875352,0.08086087,-0.12987483,-0.4133835,-0.87621903,2
-0.53507876,0.23933369,-0.9913103,-0.20385021,-0.4198604,-0.5083168,-0.7915113,2
-0.794214,0.28453487,-0.9821945,0.3308749,-0.21115066,-0.53813475,-0.7948537,1
-0.33148283,-0.3698597,-0.99326605,0.23075151,-0.2405593,-0.47607794,-0.8704271,0
-0.28251496,-0.7153889,-0.99826604,0.143464,-0.4456988,-0.46325985,-0.87213844,0
-0.2836273,0.6727443,-0.9863235,0.03231629,-0.43540117,-0.4384586,-0.83839,2
-0.11088422,0.5663231,-0.9897182,-0.18954611,-0.32939756,-0.54025453,-0.78421134,2
-0.42174402,0.15402797,-0.9918621,-0.17590186,-0.17123963,-0.47388798,-0.8642377,0
-0.86330247,-0.0058228076,-0.9888258,0.020323716,-0.33577126,-0.5554917,-0.81806713,0
0.1542849,-0.3220384,-0.99399036,0.23616427,-0.6499213,-0.7180543,-0.6900403,2
-0.8424561,0.14816946,-0.9831971,0.33930752,-0.14402755,-0.6019108,-0.8188874,1
0.593914,-0.29417652,-0.99674696,0.33736646,-0.35294893,-0.8776249,-0.7009858,2
-0.8707403,0.08311419,-0.9844273,0.300324,-0.115362495,-0.59097683,-0.8317131,1
-0.53598297,0.50415707,-0.98452115,0.1552013,-0.44521582,-0.5220836,-0.8379333,1
-0.2202903,0.7375252,-0.9848257,0.08704266,-0.44356102,-0.49172637,-0.8193484,1
-0.375432,0.5354384,-0.98780286,-0.05462928,-0.4431245,-0.48256037,-0.8157522,2
0.27524018,-0.49602997,-0.9902937,0.6988974,-0.7920356,-0.5292219,-0.7348929,2
-0.74329877,0.31856266,-0.9829307,0.28898525,-0.3418568,-0.6063847,-0.8397664,1
-0.8629908,0.2330369,-0.981612,0.35844517,-0.21529028,-0.57017606,-0.7900944,1
-0.84124565,0.10149969,-0.9860662,0.1593447,-0.28994286,-0.55326897,-0.8171961,1
-0.79127157,0.43005627,-0.9779601,0.54450977,-0.23529845,-0.6346323,-0.8057663,1
-0.7317253,0.20876276,-0.98820263,0.017075345,-0.42161763,-0.5128136,-0.83052176,0
0.32730812,0.39879602,-0.9883902,0.10475527,0.015966773,-0.5712753,-0.8297711,2
-0.08389917,0.71874964,-0.9857067,0.0942789,-0.249779,-0.41134953,-0.867385,2
-0.684109,0.2367445,-0.98704123,0.06772114,-0.37977433,-0.5417871,-0.8239979,1
-0.6880257,0.47424275,-0.981255,0.36479032,-0.38101175,-0.55608183,-0.8459776,1
-0.913753,-0.0060632974,-0.98842883,0.04460203,-0.34616432,-0.5182145,-0.82488406,0
-0.72095704,0.51739275,-0.97924864,0.46066412,-0.36779737,-0.5803556,-0.8298513,1
0.03804773,-0.25414848,-0.99700105,-0.08409287,-0.17015497,-0.83584416,-0.7348066,2
-0.69408417,-0.13593861,-0.995415,-0.27203688,-0.1866089,-0.51156807,-0.84474635,0
-0.8666475,-0.026581466,-0.9904177,-0.08489543,-0.4155524,-0.5034448,-0.81583416,0
-0.72337466,0.34874073,-0.98473614,0.18440828,-0.4458505,-0.5336969,-0.8328493,0
-0.4136882,0.50114775,-0.9890256,-0.13746408,-0.42108613,-0.36287773,-0.84711444,0
-0.655089,0.48547962,-0.9801283,0.3878118,-0.23887168,-0.47384554,-0.7982514,1
-0.10115343,0.56779385,-0.98890233,-0.10118836,-0.32158318,-0.57595086,-0.7748686,2
-0.81266737,0.26144537,-0.98201966,0.36484578,-0.25499576,-0.6022043,-0.8235157,1
-0.65113974,0.6319467,-0.97940004,0.38369766,-0.48180616,-0.54326725,-0.82489794,1
-0.9059672,-0.061372995,-0.990018,-0.040946662,-0.374368,-0.52949303,-0.82021534,0
-0.5152809,0.5401951,-0.9842233,0.1573514,-0.46908575,-0.5272899,-0.834737,1
-0.7984468,0.11956897,-0.98761106,0.058774784,-0.37200361,-0.5530614,-0.82378733,1
-0.23213312,0.6473888,-0.9874592,-0.07718359,-0.43461,-0.5225072,-0.78999627,2
-0.44435272,0.4996368,-0.98514074,0.06635956,-0.46798927,-0.5157274,-0.8090935,2
-0.53355193,0.3333121,-0.98769194,0.019411698,-0.39036,-0.5048685,-0.8241873,1
-0.466206,0.7147636,-0.98004645,0.35330385,-0.24269316,-0.38980496,-0.8218416,0
-0.3567996,0.6402303,-0.98453045,0.12199073,-0.40459055,-0.50920635,-0.8117545,1
0.4480123,-0.46015358,-0.97446114,0.9700101,-0.45143574,-0.029894292,-0.9491006,2
-0.78025675,0.2619291,-0.98544824,0.16487029,-0.33844998,-0.5486288,-0.82795304,1
-0.8604532,0.16910289,-0.98467284,0.22368659,-0.31750697,-0.5759109,-0.8250111,0
0.108353674,0.19300108,-0.98891115,0.13804394,-0.08231075,-0.6236133,-0.8716706,2
0.54267496,-0.6296414,-0.99183315,0.86115354,-1.0,-0.5425804,-0.7554936,2
-0.6299962,-0.16872534,-0.99407434,-0.19165426,-0.15271366,-0.5279782,-0.8593012,0
-0.45266533,-0.5269613,-0.9849007,0.24760878,-0.36944354,-0.16282079,-0.8560379,0
-0.17174828,0.5567569,-0.98791057,-0.049501345,-0.25571492,-0.49754614,-0.8233546,2
-0.25514823,0.2527888,-0.9919923,-0.17161754,-0.19967568,-0.48719937,-0.80976564,2
-0.29532927,0.7608235,-0.98453397,0.07297239,-0.51360893,-0.4785123,-0.81946963,2
-0.83595014,0.27794188,-0.98314786,0.28752112,-0.25375038,-0.52009356,-0.8111128,1
-0.6999829,0.1849805,-0.9883805,-0.0019287616,-0.3666731,-0.4872629,-0.8274121,0
-0.84734094,0.07989423,-0.9876133,0.02493266,-0.4279791,-0.547047,-0.8072514,0
-0.822538,0.31961703,-0.9815982,0.3800445,-0.27158523,-0.5982964,-0.8299269,1
-0.055694193,0.022501647,-0.9932554,-0.034500316,-0.22322115,-0.667529,-0.80636317,2
0.4559142,-0.56672025,-0.99182737,0.7717546,-0.8400177,-0.67805195,-0.6935011,2
-0.39173687,0.5685178,-0.98563075,0.041536584,-0.48634052,-0.51193935,-0.8049524,2
-0.16415834,0.67096317,-0.98762566,-0.09195517,-0.39809138,-0.49497873,-0.8056117,2
-0.8267229,0.3146719,-0.9817595,0.37622595,-0.28745812,-0.58588994,-0.8353065,1
-0.6785048,0.42327622,-0.9821262,0.24406926,-0.3571634,-0.46162665,-0.7766834,0
-0.45290476,0.045110196,-0.99235636,-0.14258146,-0.2103276,-0.49653918,-0.84926474,0
-0.3064164,0.99999994,-0.97586185,0.53077793,-0.27877828,-0.4039831,-0.80943066,2
0.27666938,0.36384177,-0.9877168,0.21143177,-0.04309839,-0.5539775,-0.87918323,2
-0.18617976,-0.56762177,-0.9931626,0.37155396,-0.8497867,-0.5315158,-0.7311978,2
-0.38336828,0.6104385,-0.986433,-0.009373218,-0.5209165,-0.46882403,-0.8077745,2
-0.81844926,-0.06227073,-0.9928349,-0.19736725,-0.39262846,-0.5008796,-0.8269545,0
-0.56941795,0.6763804,-0.98033357,0.36562842,-0.44833845,-0.507419,-0.84641314,1
-0.5734567,0.12786278,-0.9910648,-0.12937146,-0.23436157,-0.49442866,-0.84773105,0
-0.84781545,0.118326314,-0.9843485,0.28309658,-0.17816922,-0.618279,-0.82178634,1
-0.07338855,0.5573268,-0.98874474,-0.13170126,-0.2984486,-0.54990983,-0.77371943,2
-0.5170057,0.68882585,-0.98178285,0.2558576,-0.55524766,-0.5183409,-0.8365094,2
-0.18393567,0.6022519,-0.9885938,-0.09760386,-0.33195758,-0.5128923,-0.81589776,2
-0.9065933,-0.1391998,-0.99235326,-0.15656853,-0.397111,-0.51108783,-0.8210036,0
-0.83005774,0.19201316,-0.9832992,0.30192888,-0.21182264,-0.57889223,-0.80949706,1
-0.0133628845,0.37938952,-0.9872054,0.13880038,0.033047438,-0.46015364,-0.90058047,2
-0.8935329,-0.110375404,-0.990315,-0.055448294,-0.30903134,-0.54945177,-0.8047407,0
-0.39395517,0.4196555,-0.98846084,-0.02393496,-0.28913656,-0.46905598,-0.8474019,2
-0.13303995,0.7384262,-0.9867662,-0.053957894,-0.39349833,-0.51198626,-0.7942962,2
-0.9050337,-0.10220903,-0.99080735,-0.07882173,-0.353323,-0.5408482,-0.8188264,0
-0.7065712,0.477651,-0.9810658,0.35104436,-0.40417197,-0.5772195,-0.82784164,1
-0.046593577,0.5938603,-0.98728657,0.012320325,-0.18299139,-0.49458018,-0.8386763,2
0.19963425,0.24100924,-0.9918077,-0.048020914,-0.11902399,-0.7305152,-0.74415845,2
0.4185816,-0.27289087,-0.98946095,0.6717902,-0.30174905,-0.42375708,-0.90166295,2
-0.8141426,0.38094708,-0.9801953,0.4396156,-0.28170577,-0.594829,-0.8326003,1
-0.43353742,-0.2892965,-0.99693966,-0.21566609,-0.096633434,-0.56797016,-0.87632155,0
0.5132304,-0.21955171,-0.99326783,0.5825927,-0.38268676,-0.5996086,-0.8626692,2
-0.7640673,0.14926717,-0.98326385,0.1978659,-0.19716772,-0.49697733,-0.75428146,0
-0.88800585,0.24683602,-0.97814953,0.58855534,-0.030609429,-0.64545166,-0.78265256,0
-0.67743355,-0.055362225,-0.9935946,-0.22131684,-0.19746558,-0.49614474,-0.84742194,0
-0.7771591,0.47680002,-0.9783462,0.5324336,-0.28829783,-0.60874385,-0.8402,1
-0.91878253,0.076731384,-0.984094,0.29753864,-0.14736582,-0.60979205,-0.8040212,1
-0.6162466,0.3887133,-0.9860795,0.08486281,-0.44725448,-0.48541084,-0.83191216,1
-0.1512689,0.3106628,-0.98765785,0.15310514,-0.13349776,-0.46647504,-0.8816978,1
-0.44261518,-0.04635167,-0.9931763,-0.1709781,-0.13858196,-0.54955107,-0.8537792,0
-0.8640855,0.096593276,-0.984716,0.28795743,-0.14764276,-0.5897564,-0.82918674,1
-0.12356067,0.5091103,-0.9876996,-0.0024614483,-0.31612885,-0.53590137,-0.797723,2
-0.9347253,-0.05816108,-0.9880778,0.068047985,-0.2865894,-0.54163915,-0.80148196,0
-0.8543428,0.31395054,-0.97982496,0.4915812,-0.20031527,-0.6370214,-0.8317675,1
-0.24603583,0.6605659,-0.9853283,0.0131362155,-0.442514,-0.4664692,-0.7937089,2
-0.86103487,0.23234928,-0.98166406,0.34447154,-0.30630335,-0.617852,-0.8023855,0
-0.9460866,-0.019083291,-0.985881,0.14857313,-0.23832111,-0.5777915,-0.77200866,0
-0.3530246,0.368923,-0.9904153,-0.16945776,-0.3879545,-0.49586326,-0.78739655,2
0.5701788,-0.21881714,-0.9928469,0.6477381,-0.3468164,-0.5192772,-0.9001851,2
-0.8713348,-0.024908394,-0.98770696,0.068492234,-0.24421817,-0.5207018,-0.7745659,0
-0.80949533,0.26033032,-0.98182964,0.40020972,-0.20525944,-0.63090175,-0.8271362,1
-0.39679196,-0.20811498,-0.9959095,-0.10405286,-0.18087512,-0.45316255,-0.8694266,0
-0.63487256,0.29998368,-0.98775846,0.0036618859,-0.45423993,-0.5040045,-0.82664037,2
-0.8061907,0.25069883,-0.98334485,0.2888273,-0.30224165,-0.589422,-0.82606274,1
0.11317474,0.37226638,-0.99105614,-0.054520965,-0.14552613,-0.6173243,-0.80021405,2
-0.3707514,0.5495311,-0.98227394,0.19784221,-0.2681847,-0.2698261,-0.80164176,2
-0.31160975,0.7534469,-0.98505056,0.0338827,-0.53661436,-0.46546227,-0.8121232,2
-0.87603045,0.24867862,-0.9803953,0.47444716,-0.13557161,-0.6196996,-0.8143858,1
-0.28585523,-0.15467969,-0.9944805,0.060392477,-0.039431483,-0.46465504,-0.91854364,0
-0.52310026,-0.17920598,-0.99515176,-0.22185889,-0.24616092,-0.54092485,-0.82607895,0
-0.101192445,-0.55364513,-0.98206526,0.565451,-0.46610132,-0.056385517,-0.7321381,0
-0.027215213,-0.32193524,-0.98923975,0.48130822,-0.13672584,-0.2866883,-0.8461961,0
-0.5222379,0.6283114,-0.9814006,0.31893033,-0.40475306,-0.51778865,-0.850976,1
0.22348213,-0.57039857,-0.992483,0.5484052,-0.59461546,-0.4490366,-0.8189385,0
-0.94726324,-0.14891434,-0.9911054,-0.07733177,-0.30024046,-0.54320234,-0.8108491,0
-0.8579302,0.21753158,-0.981322,0.4146777,-0.18507011,-0.64035314,-0.8182012,1
-0.27207077,-0.4793356,-0.9984754,0.07508845,-0.2855347,-0.5129591,-0.92955804,0
0.3613575,-0.090318054,-0.9950382,0.111970976,-0.2723461,-0.7994356,-0.7236228,2
-0.124227256,0.67653453,-0.9877943,-0.11497386,-0.43194294,-0.54016274,-0.7749582,2
-0.58337855,0.6136656,-0.98046327,0.35480285,-0.3976672,-0.5318178,-0.8251492,1
0.6154447,-0.17657897,-0.99667,0.3209042,-0.37829268,-1.0,-0.6562798,2
-0.24494796,0.7631863,-0.98651814,-0.072908774,-0.55733234,-0.47866043,-0.80187,2
-0.77248806,0.21502632,-0.9856523,0.1400139,-0.3649311,-0.5550039,-0.81167066,0
-0.8600435,0.18304986,-0.98264897,0.34170774,-0.20497073,-0.61923236,-0.80702555,1
-0.876706,0.16326602,-0.984444,0.2825173,-0.22601035,-0.5948082,-0.8509328,1
-0.031791925,0.39993235,-0.99200755,-0.23653829,-0.17681113,-0.62932944,-0.77165824,2
0.047098994,0.6878114,-0.98757255,-0.066932335,-0.23533897,-0.582491,-0.78915846,2
-0.6401302,0.2200442,-0.98988354,-0.11900991,-0.36285347,-0.42044047,-0.8325217,0
-0.5566732,-0.27437943,-0.99696326,-0.3341245,-0.25375998,-0.59338164,-0.8030254,0
-0.7712085,0.22957215,-0.98399353,0.25194257,-0.29411608,-0.59473026,-0.827747,1
0.60309047,-0.4035614,-0.9955255,0.56059754,-0.8088238,-0.73078966,-0.70038843,2
-0.2599371,0.79003835,-0.9848896,0.028555587,-0.49161723,-0.45139694,-0.82263744,1
-0.67728513,0.31324655,-0.98649395,0.07473107,-0.4133074,-0.43967044,-0.8416665,0
0.31889355,-0.52323395,-0.97237086,0.9230936,-0.6520281,-0.21549132,-0.86529696,2
-0.84910434,0.22363174,-0.9829901,0.31380308,-0.27618966,-0.5884452,-0.8305987,1
-0.8423015,0.21844923,-0.98248214,0.35882318,-0.21832097,-0.62198746,-0.83248925,1
-0.781989,0.25627145,-0.98523635,0.16768083,-0.38192618,-0.5056346,-0.83363706,0
-0.86211616,0.27515906,-0.98054636,0.45305684,-0.19175237,-0.6166418,-0.8146509,1
0.11790651,-0.061145335,-0.9931152,0.20019805,-0.12905991,-0.62935996,-0.79510856,0
-0.5103841,0.5757298,-0.9843066,0.14726792,-0.5070095,-0.52228355,-0.84392494,2
-0.2888889,0.21443853,-0.9921764,-0.20647094,-0.22541161,-0.5944765,-0.77852607,2
-0.8795515,0.009499431,-0.9884056,0.064281434,-0.27886793,-0.5687215,-0.84300447,0
-0.60357594,0.4354192,-0.983479,0.22437164,-0.4182442,-0.56058574,-0.8316117,1
-0.19994372,-0.20231119,-0.99516994,-0.19217786,-0.005708933,-0.27521563,-0.85780764,0
-0.8265248,0.33869314,-0.978853,0.47615775,-0.1755732,-0.59454465,-0.77950704,1
-0.43340206,0.52510935,-0.98554224,0.044073872,-0.50188404,-0.5374313,-0.80615836,2
0.3305785,-0.5692936,-0.98987234,0.7897026,-0.56720066,-0.24185714,-0.8457196,2
0.6749534,-0.04347518,-0.9925611,0.517282,-0.12986244,-0.66197824,-0.8887011,2
-0.45410743,-0.05992645,-0.9910499,-0.010160506,-0.19842999,-0.551201,-0.8472301,0
0.40794468,-0.60537726,-0.99209124,0.71343666,-0.7112506,-0.4721493,-0.79750776,2
-0.7850406,0.4481662,-0.9797608,0.45355684,-0.31655017,-0.57138324,-0.8459639,1
-0.40747374,0.69227076,-0.98425084,0.122052334,-0.48077163,-0.4578408,-0.8212087,2
-0.23175783,0.8240484,-0.983543,0.1786206,-0.36613482,-0.40124908,-0.87262434,2
-0.8607418,0.049762517,-0.98954695,-0.0038558394,-0.35843575,-0.5199919,-0.83200413,0
-0.73078525,0.4584178,-0.9807744,0.44417793,-0.27343246,-0.54712284,-0.87945366,2
-0.7753755,0.46706915,-0.9783145,0.5018984,-0.24101655,-0.5579909,-0.8015792,1
-0.6821439,0.55816364,-0.9808737,0.33011013,-0.4689283,-0.5446514,-0.8301892,1
-0.63766533,-0.21336797,-0.99313635,-0.24096155,-0.10526334,-0.40184516,-0.8194675,0
-0.54705405,0.525118,-0.9844178,0.13798738,-0.45120817,-0.5214746,-0.82413083,1
-0.31372494,0.4050098,-0.9890248,-0.12839448,-0.37430978,-0.54146284,-0.77309847,2
-0.814503,0.26953164,-0.98088986,0.30483708,-0.25652447,-0.5041782,-0.71915954,0
-0.7043866,0.23580787,-0.98536557,0.16192164,-0.30597174,-0.5066626,-0.8075798,0
-0.31752026,0.68765545,-0.98579293,-0.019169062,-0.5668094,-0.49668628,-0.78865033,2
-0.7849791,0.30775857,-0.98182493,0.35211676,-0.29962397,-0.58164924,-0.8199016,1
0.99999994,-0.423505,-0.99663216,0.7963126,-0.7055788,-0.89880407,-0.64241254,2
-0.75950086,0.21668302,-0.98447174,0.24532321,-0.23648988,-0.5454676,-0.8082037,1
-0.753965,0.14570712,-0.98875934,-0.0041812807,-0.37148267,-0.50941366,-0.8253036,0
-0.72909486,0.4465993,-0.98191935,0.3054638,-0.43188643,-0.5513906,-0.83647126,1
-0.33225355,0.53033507,-0.9883661,-0.10586429,-0.45951247,-0.5100686,-0.7968748,2
-0.8480843,0.19091472,-0.9833146,0.3200851,-0.19205907,-0.5963068,-0.8255516,1
0.0319404,0.5335922,-0.99039465,-0.19000119,-0.21371725,-0.56662375,-0.78159565,2
-0.5404285,-0.16993743,-0.9946348,-0.24957481,-0.15185335,-0.5563985,-0.8526306,0
-0.6851945,-0.26525864,-0.99626774,-0.28375024,-0.17985514,-0.5405108,-0.8538139,0
-0.60085815,0.15353501,-0.9917335,-0.19073969,-0.32467756,-0.42585504,-0.8507909,0
-0.8834665,0.061706692,-0.9847721,0.2764059,-0.12136449,-0.6135845,-0.82000375,1
-0.6604265,0.5244029,-0.97930986,0.32433277,-0.3565598,-0.5041684,-0.7817323,0
-0.7732836,0.12687495,-0.98864204,0.0072837323,-0.4121181,-0.52452457,-0.8369799,0
0.12069827,0.40450257,-0.9892947,0.043089926,-0.08402905,-0.5815548,-0.84593064,2
-0.60972613,0.5514065,-0.98224473,0.27293038,-0.46599126,-0.523602,-0.84400463,1
-0.33193728,-0.29010642,-0.9943286,0.101793095,-0.26280084,-0.5548038,-0.8686366,0
-0.44035757,0.14011724,-0.99122304,-0.1270878,-0.22684027,-0.5882663,-0.78387076,0
-0.3050804,0.5887707,-0.98726076,-0.04572411,-0.43121088,-0.5168507,-0.798324,2
-0.50781864,0.20974699,-0.9909315,-0.14400649,-0.35572988,-0.47301266,-0.80508834,2
-0.71890956,0.47566238,-0.97956824,0.46471846,-0.24709654,-0.5870048,-0.8240102,1
-0.57410204,0.23713113,-0.9892894,-0.05494657,-0.3377993,-0.49724764,-0.8318178,1
-0.6287482,0.036862195,-0.9903589,-0.06063214,-0.22678928,-0.49410206,-0.80810905,1
-0.56824344,0.27453068,-0.9884198,-0.034032345,-0.34287345,-0.43008158,-0.8297889,0
-0.88156414,0.06941855,-0.98631495,0.17775503,-0.24242231,-0.5837153,-0.8335634,1
-0.9894994,-0.19653723,-0.9885321,0.024662122,-0.15380101,-0.55804294,-0.74530274,0
-0.926791,-0.052898973,-0.9877721,0.12608033,-0.1836,-0.58908373,-0.82603145,1
-0.44602272,0.7807691,-0.98081505,0.28106248,-0.53381085,-0.5057401,-0.8413412,2
-0.08674574,0.4497452,-0.990261,-0.17234474,-0.2726246,-0.62510306,-0.7615894,2
-0.8462462,0.18468778,-0.9834384,0.31189102,-0.2211884,-0.60791546,-0.8187746,1
0.1272561,0.51442873,-0.9898617,-0.06593673,-0.16402934,-0.64933884,-0.7616366,2
-0.73608935,0.089974254,-0.991119,-0.1035092,-0.40625954,-0.4825391,-0.84396213,0
-0.8191081,0.30580568,-0.98154736,0.38147974,-0.2901526,-0.615449,-0.8304535,1
-0.1545214,0.1859574,-0.9889053,0.26271528,-0.4178164,-0.65198296,-0.7939871,2
-0.1712288,0.591779,-0.9885258,-0.14002532,-0.38757497,-0.5507236,-0.76618576,2
-0.89347756,-0.101689905,-0.9908988,-0.09398469,-0.3698484,-0.54599005,-0.8131359,0
-0.88804734,0.073165014,-0.9851664,0.22103116,-0.22015552,-0.5858089,-0.81152093,1
-0.9374918,-0.067056805,-0.98794967,0.076925814,-0.25649166,-0.58367866,-0.7982698,0
-0.7933829,0.3208582,-0.9818713,0.34443632,-0.30891335,-0.5855781,-0.8154591,1
-0.7035043,0.17234199,-0.9907802,-0.14653406,-0.40765437,-0.44753072,-0.8236107,0
-0.58510554,0.69196117,-0.9783319,0.51092607,-0.33652845,-0.52558804,-0.8630754,2
-0.29616058,-0.4731235,-0.9991882,0.009949982,-0.24753386,-0.5290052,-0.9214097,0
-0.82245904,0.34705433,-0.9806962,0.437816,-0.25922188,-0.60876346,-0.8253932,1
-0.18010777,-0.41338354,-0.9935621,0.32831156,-0.59521854,-0.4951226,-0.7903096,2
-0.44640303,0.22769286,-0.99182296,-0.20105642,-0.24768746,-0.4133554,-0.8715664,0
-0.08033705,0.47541726,-0.9881645,-0.047936246,-0.25084293,-0.54670554,-0.77201885,2
-0.8693484,0.19339508,-0.9820639,0.3929567,-0.16399752,-0.63007,-0.82344353,1
-0.7958951,0.2751173,-0.9815364,0.356413,-0.20686111,-0.5549406,-0.7883844,1
-0.6342057,0.2567419,-0.9885048,-0.066550806,-0.38449684,-0.4605913,-0.8125604,0
-0.6976732,0.4316524,-0.9813272,0.37361187,-0.28703493,-0.5276352,-0.83535165,0
-0.47031623,0.37994492,-0.98861474,-0.054825768,-0.39449847,-0.4732981,-0.8176615,2
-0.18110374,0.76416385,-0.98499227,0.09374372,-0.37651804,-0.49299386,-0.80900955,2
-0.7433569,0.09068346,-0.9894598,-0.03415577,-0.3714934,-0.5373995,-0.8103271,1
-0.87889373,-0.1103929,-0.99010116,-0.095833614,-0.3232928,-0.46632826,-0.7735866,0
-0.86490834,0.19797575,-0.98302126,0.22678834,-0.33805695,-0.5834962,-0.77012146,0
-0.86217034,0.044178963,-0.9874996,0.075449884,-0.34080037,-0.55931264,-0.81403327,0
-0.83820325,0.25726175,-0.98085904,0.44690567,-0.1692645,-0.6406046,-0.8305716,1
-0.6678685,0.5818233,-0.9795361,0.41952682,-0.39933586,-0.55912447,-0.84483474,1
-0.81893,0.46366864,-0.9753534,0.6626168,-0.13957545,-0.6049204,-0.78807795,1
-0.8972318,-0.09587273,-0.99157923,-0.13809076,-0.41375533,-0.49865228,-0.81158096,0
-0.055719793,0.4387139,-0.98979163,-0.031230256,-0.121378034,-0.5732589,-0.812881,2
0.6629836,-0.20933595,-0.99269587,0.62584174,-0.34549215,-0.58784604,-0.8811551,2
-0.9141385,0.15086469,-0.97894394,0.38162726,-0.13786922,-0.565569,-0.8077182,1
-0.7896798,0.42086107,-0.9773992,0.45384946,-0.25023785,-0.55482477,-0.79759645,1
-0.84309626,0.24368788,-0.9809453,0.4549074,-0.14591148,-0.64282227,-0.82264197,1
-0.77964145,0.52326524,-0.977625,0.56080365,-0.26555553,-0.6071434,-0.8278518,1
-0.57772774,0.032720745,-0.99345773,-0.3101181,-0.36359957,-0.52840203,-0.7788958,0
-0.64968383,0.46245855,-0.9820272,0.31922856,-0.3578726,-0.56535995,-0.8401721,1
-0.49432963,0.4569019,-0.9869088,-0.010092467,-0.47801203,-0.50252753,-0.81469613,2
-0.83212185,0.26679963,-0.98201585,0.3864325,-0.19824941,-0.61591005,-0.8270294,1
-0.26032907,0.76861113,-0.98519695,-0.0065497756,-0.52154076,-0.47142547,-0.80608046,2
-0.5810625,0.20333086,-0.9922178,-0.22055766,-0.4140761,-0.4725569,-0.8188994,1
-0.6332836,0.42999518,-0.982213,0.33961445,-0.27414855,-0.5715349,-0.8434867,1
-0.91232336,-0.046136886,-0.9900691,-0.043427154,-0.37501943,-0.52133536,-0.8194721,0
-0.30157992,0.6235279,-0.98712695,-0.074252084,-0.4909594,-0.48612767,-0.7902194,1
-0.2568723,0.75989,-0.98487145,0.05152508,-0.47469318,-0.4653021,-0.8134832,2
-0.7977321,0.16000828,-0.98284,0.11766748,-0.28659305,-0.5041331,-0.7245522,0
-0.8468512,-0.0067582577,-0.99123675,-0.11334081,-0.41579267,-0.49724478,-0.8285865,0
-0.5529528,-0.08864361,-0.99383664,-0.1807256,-0.121090025,-0.47255316,-0.8713068,0
0.42278355,0.2316745,-0.9928348,0.1563707,-0.14921355,-0.6936228,-0.774528,2
-0.19973576,0.7274319,-0.9874705,-0.06321904,-0.36060277,-0.49938655,-0.81176573,2
-0.8846563,-0.18368337,-0.994695,-0.256984,-0.36354923,-0.50315136,-0.8234664,0
0.0768435,-0.561927,-0.9890968,0.20218992,-0.6473121,-0.3777774,-0.8740177,0
-0.10585976,0.639027,-0.9889385,-0.12911496,-0.37239686,-0.5009639,-0.78323126,2
-0.8726608,0.23752336,-0.980121,0.5040575,-0.081359774,-0.626032,-0.8146983,1
-0.6140284,0.54055995,-0.9809497,0.37303275,-0.37201685,-0.5557968,-0.8498085,1
-0.2391476,0.40194803,-0.9907701,-0.22605392,-0.33527142,-0.58259606,-0.7643428,2
-0.37728998,0.65716064,-0.9848981,0.06424016,-0.5150287,-0.5013083,-0.8133516,2
-0.68914026,0.423818,-0.9818449,0.2791471,-0.45393825,-0.57230234,-0.8109302,1
-0.25163102,0.5970277,-0.9877373,-0.110472426,-0.4526602,-0.5163139,-0.7844694,2
-0.12470731,-0.58845633,-0.99348956,0.2363179,-0.53531873,-0.47108802,-0.85958683,0
0.4598766,-0.38854212,-0.9981503,0.346426,-0.3567481,-0.8411239,-0.72488695,2
-0.41942483,0.5492425,-0.9853584,0.090390906,-0.43921793,-0.49252388,-0.81708187,2
-0.8816745,0.17991368,-0.98040897,0.48473838,-0.049639866,-0.6446434,-0.7995203,1
-0.8310749,0.23898953,-0.9849466,0.18548095,-0.3769647,-0.5629857,-0.83044493,0
-0.7917522,0.316434,-0.9827033,0.29825914,-0.36210823,-0.5870605,-0.8340693,1
-0.87126374,-0.10526383,-0.9911803,-0.07157278,-0.269231,-0.5270281,-0.8109897,0
0.40778285,0.0965745,-0.99196804,0.18561925,-0.21038696,-0.8588953,-0.74349606,2
-0.89118266,0.34534785,-0.975562,0.5347071,-0.20449652,-0.6030698,-0.7457693,0
-0.63165617,0.12961538,-0.9883988,-0.07922676,-0.17856982,-0.36659217,-0.77144784,0
-0.69675636,-0.21624187,-0.9946187,-0.2103033,-0.21235916,-0.54103285,-0.83654815,0
-0.74129426,0.4214029,-0.98293084,0.22707424,-0.4634164,-0.5197704,-0.81680673,0
-0.09464967,0.6251704,-0.98911625,-0.1457837,-0.35269487,-0.5465568,-0.7824556,2
-0.13110447,0.6658567,-0.9878189,-0.10369854,-0.3739162,-0.51863074,-0.7867546,2
-0.4159134,0.42362374,-0.9875281,-0.014866903,-0.4178761,-0.5426768,-0.79384595,1
-0.3397778,0.38411114,-0.990093,-0.14522704,-0.42199647,-0.59479773,-0.77497023,2
0.29889357,0.09903428,-0.9891654,0.45724618,-0.0038187504,-0.48115095,-0.9498571,2
-0.70372546,0.46367916,-0.9812401,0.36214894,-0.38043824,-0.5848934,-0.837475,2
-0.8475946,0.28688744,-0.97852165,0.5791651,-0.05276978,-0.64474237,-0.80355614,1
-0.29633725,-0.54823405,-0.9891794,0.3375591,-0.25941706,-0.26270857,-0.8591175,0
0.36280793,0.2613397,-0.9925171,-0.0602808,-0.06272979,-0.74861073,-0.7508029,2
-0.48142248,-0.040440798,-0.99274176,-0.15267465,-0.23320848,-0.4996126,-0.8152953,0
-0.035815626,0.6370151,-0.98665446,-0.007948235,-0.27411154,-0.4886162,-0.81222963,2
-0.8113071,0.10973462,-0.9870689,0.08948515,-0.37434912,-0.54951847,-0.8224501,0
0.5592349,0.177302,-0.9906173,0.3821731,-0.06561087,-0.6149142,-0.89279574,2
-0.90097594,-0.06853235,-0.9895529,-0.006970212,-0.3180508,-0.57495624,-0.819042,0
-0.45390454,0.6553876,-0.9822115,0.2365633,-0.4769764,-0.5268451,-0.83196145,1
-0.13338962,0.7744615,-0.9862574,-0.0056592375,-0.38595337,-0.52646095,-0.78505564,2
-0.28116322,0.51807225,-0.9881408,-0.04160866,-0.3309697,-0.4194537,-0.81337184,2
-0.7759146,0.19214387,-0.9863332,0.123020865,-0.3627248,-0.53186405,-0.8270612,0
-0.20304841,0.898791,-0.9829194,0.1834698,-0.40960068,-0.45639154,-0.83346426,2
-0.8534317,0.283397,-0.97928476,0.51460874,-0.06608665,-0.5703724,-0.7869581,1
-0.89660895,0.004823923,-0.987561,0.07509998,-0.3386609,-0.58008575,-0.8132064,0
-0.85214055,0.15500775,-0.9837841,0.2716675,-0.25483906,-0.60239494,-0.8169926,0
-0.3149813,-0.20164847,-0.9937935,0.031307884,-0.30749428,-0.4133857,-0.84693825,0
0.5929834,-0.54136956,-0.9899051,0.8636595,-0.76712924,-0.49062067,-0.8385299,2
-0.10411441,0.39192492,-0.9923321,-0.22832707,-0.2610578,-0.5951462,-0.7627873,2
-0.8949856,-0.12308735,-0.9909884,-0.100771084,-0.35548043,-0.5167897,-0.8017422,0
-0.8512955,0.2587568,-0.97983736,0.48554134,-0.13104017,-0.6381148,-0.8048303,1
-0.5548646,-0.060941577,-0.9958381,-0.3581832,-0.2721741,-0.5414472,-0.7706611,2
-0.62354,0.63608086,-0.9786724,0.4319089,-0.43533635,-0.5631734,-0.82813615,1
-0.78947824,0.26899886,-0.9846145,0.1923408,-0.37868267,-0.5449351,-0.8259206,0
0.120705426,-0.14041665,-0.9978001,-0.019101366,-0.24092259,-0.4787821,-0.9205263,0
-0.85109156,-0.009330645,-0.9903554,-0.057535544,-0.34865728,-0.525385,-0.835413,0
-0.30396044,-0.18078786,-0.9953838,-0.17847404,-0.11448684,-0.58105195,-0.88651025,0
0.3938098,-0.20423782,-0.99178517,0.54111886,-0.33736664,-0.54175436,-0.8721463,2
-0.7702834,0.30504206,-0.9833913,0.29275686,-0.2696524,-0.5664635,-0.8434296,1
-0.5983405,0.22062321,-0.98929554,-0.05490741,-0.37312502,-0.51363164,-0.82361084,1
-0.40191656,0.6362473,-0.9829297,0.1952734,-0.45338446,-0.49879682,-0.82597536,1
-0.79656684,0.36635506,-0.9792103,0.5012887,-0.19436711,-0.61992925,-0.81052434,1
-0.69486356,0.4371745,-0.98300797,0.23654668,-0.44149202,-0.53032684,-0.8119506,0
-0.24727844,0.66072285,-0.9858398,0.049845234,-0.39856488,-0.49660835,-0.814296,1
-0.92343986,0.03503968,-0.98362017,0.33705923,-0.04869938,-0.593563,-0.7876186,1
-0.9123992,0.11684161,-0.9820506,0.36249393,-0.14110473,-0.6170954,-0.7764386,0
-0.79330164,0.47143424,-0.974117,0.5441983,-0.22350611,-0.5557278,-0.7315486,0
-0.9248551,-0.012342915,-0.9869109,0.112970755,-0.29044837,-0.5813672,-0.8046641,0
-0.80576086,0.47062534,-0.9786538,0.5039911,-0.33140877,-0.5801204,-0.83423007,1
-0.16671813,0.5807301,-0.9859562,0.10181393,-0.20830148,-0.39514253,-0.85668874,2
-0.13073489,0.5255376,-0.99037653,-0.23878103,-0.4004775,-0.54002917,-0.76764965,2
-0.7640042,0.52791077,-0.97630256,0.60240364,-0.18189934,-0.5529253,-0.8034711,1
0.44352192,-0.6866773,1.0000002,-1.0,-0.47794774,-0.86906,-1.0,2
-0.6867745,0.105163835,-0.99256575,-0.20842338,-0.41989666,-0.48100185,-0.82730794,0
0.40328425,0.32445288,-0.987716,0.305071,0.11316612,-0.5021378,-0.9315683,2
-0.34604955,-0.26002854,-0.997516,-0.13210541,-0.045686513,-0.5442597,-0.89654315,0
-0.68660593,0.2662117,-0.9876826,-0.027149409,-0.47541022,-0.47077024,-0.8249043,0
-0.7412516,0.56622326,-0.9775153,0.56012857,-0.32863143,-0.5980459,-0.8382611,1
-0.872508,0.16566351,-0.98255837,0.36920312,-0.17333281,-0.6322211,-0.8249959,1
-0.4116733,0.73860097,-0.98409206,0.12233715,-0.5454239,-0.47772673,-0.83670443,2
-0.684986,0.06628868,-0.993193,-0.25851315,-0.4346267,-0.46993646,-0.82211226,0
0.22897875,0.33282256,-0.99237746,-0.110873565,-0.041035444,-0.7140644,-0.77309656,2
-0.6616665,0.092052475,-0.99434054,-0.28673986,-0.40110528,-0.43971962,-0.8405668,0
-0.7452331,0.37923223,-0.9813107,0.380459,-0.254391,-0.5816281,-0.8172662,1
-0.6607873,0.15199958,-0.9901211,-0.12558332,-0.38346985,-0.4912843,-0.80881613,0
-0.37404892,0.51525325,-0.98748344,-0.033316225,-0.45667708,-0.5110826,-0.81155294,2
-0.7561885,0.5363972,-0.9781201,0.5155352,-0.31640682,-0.5737647,-0.82518876,1
-0.57517,-0.082136035,-0.9943749,-0.2647389,-0.19304717,-0.51749307,-0.83832324,0
-0.8794541,0.030396506,-0.98831266,0.042441808,-0.348339,-0.530649,-0.82515055,0
-0.9745619,-0.14625397,-0.9897123,0.0038193762,-0.25940531,-0.56116503,-0.80685663,0
-0.08652276,0.6666801,-0.987898,-0.07177782,-0.3364335,-0.5360888,-0.80790585,2
-0.5739622,0.4040831,-0.9867123,0.007344231,-0.44410223,-0.42325434,-0.8355601,0
-0.057269663,0.09283352,-0.9920442,-0.06451863,-0.20236725,-0.7093886,-0.78099656,2
-0.84078026,0.08374806,-0.98858905,-0.004874572,-0.4147588,-0.52506775,-0.81545955,0
-0.8249208,0.09497042,-0.9893553,-0.05889459,-0.4801725,-0.5171549,-0.81781447,0
-0.4423132,0.7234671,-0.98312867,0.16828951,-0.53748715,-0.47716206,-0.82852995,2
-0.8865391,0.030027673,-0.9879886,0.027625002,-0.37577015,-0.5374237,-0.80277073,0
-0.8848152,-0.051466525,-0.989973,-0.05842784,-0.3691404,-0.5439138,-0.80986893,0
-0.6840626,0.45385823,-0.9811858,0.35338008,-0.37203145,-0.5857951,-0.83565456,1
-0.8039998,0.36026227,-0.980612,0.40474144,-0.32510164,-0.6062602,-0.8231295,1
0.27178043,0.19014072,-0.9920924,-0.026679397,-0.17859297,-0.80009234,-0.734676,2
0.13355178,0.10424352,-0.99340075,-0.02452527,-0.111218736,-0.706795,-0.76405996,2
-0.73864007,0.28294253,-0.9843963,0.18688199,-0.39240164,-0.56916314,-0.8261205,1
-0.9086629,0.21280813,-0.97940326,0.53427595,-0.043160886,-0.62322545,-0.7967645,1
-0.8254226,0.015233636,-0.9900758,-0.067117274,-0.40196335,-0.50604326,-0.8193909,0
-0.6245435,0.1115893,-0.9919615,-0.14006779,-0.2040959,-0.4085241,-0.87217957,0
-0.83503807,0.458613,-0.97589636,0.66852766,-0.18282983,-0.6527167,-0.81679475,1
0.007984281,0.46517432,-0.98749506,-0.0012622178,-0.1927442,-0.62417364,-0.8159125,2
-0.11120018,0.8051886,-0.98545384,0.00076182187,-0.40406442,-0.48826087,-0.7830761,2
-0.14745378,0.71046126,-0.9875331,-0.025841996,-0.36882514,-0.45257163,-0.8058425,2
-0.2837294,0.83598113,-0.98350525,0.17898504,-0.38164872,-0.41437343,-0.85724986,2
-0.23681891,0.63083774,-0.98706716,-0.06856391,-0.4728099,-0.48423973,-0.8057938,2
-0.901821,-0.01560545,-0.98802674,0.04118207,-0.34543774,-0.5877639,-0.80234975,0
-0.86888087,0.1469248,-0.9830554,0.3575646,-0.14815627,-0.6077443,-0.82480556,1
-0.06895566,0.5459567,-0.98521364,0.20388532,0.08502635,-0.4159187,-0.9037821,2
-0.6771207,0.25581425,-0.98799384,-0.040055513,-0.47635165,-0.4920606,-0.8119452,0
-0.103660166,0.70045984,-0.9865916,-0.023100257,-0.38876957,-0.50407505,-0.8016107,2
-0.9005928,0.053609803,-0.9858834,0.15458766,-0.29145694,-0.580337,-0.7968977,0
-0.50037026,0.5942805,-0.98217183,0.24804987,-0.387706,-0.45722568,-0.82181585,2
-0.6836466,0.51495767,-0.97935283,0.4766025,-0.3194187,-0.5690921,-0.8528873,1
-0.59245473,0.6594511,-0.979998,0.37839985,-0.45582888,-0.52555406,-0.8433624,1
-0.5879257,0.42001158,-0.9870028,-0.006708905,-0.41411898,-0.43966132,-0.83623976,0
-0.52412665,-0.3891523,-0.99725676,-0.10279481,-0.2836421,-0.568945,-0.85557216,0
-0.80815893,0.32730043,-0.9767292,0.4206686,-0.21324036,-0.57934994,-0.80551887,1
-0.9436979,-0.073170096,-0.9873143,0.1266426,-0.18242577,-0.5915671,-0.7838571,0
-0.675969,-0.014639035,-0.99505734,-0.3390423,-0.39148355,-0.48492157,-0.812723,0
-0.92858696,-0.09646577,-0.9900921,-0.041641384,-0.3492907,-0.53797334,-0.81317663,0
-0.04549113,-0.5093494,-0.9909146,0.46854496,-0.7023813,-0.4376234,-0.7627088,2
0.24699175,0.57916117,-0.9884568,0.012462623,-0.07388422,-0.56340235,-0.8411368,2
0.023813367,0.6735278,-0.987852,-0.10488665,-0.32277682,-0.53179926,-0.7781079,2
-0.84873503,0.17335242,-0.98252684,0.35897115,-0.17113516,-0.6364945,-0.8212946,1
-0.68181616,-0.006115839,-0.99441624,-0.3085644,-0.34069374,-0.4794441,-0.80222684,0
-0.7428702,0.24133012,-0.98621744,0.0991279,-0.4136217,-0.5456308,-0.8118972,0
-0.93507814,-0.081804544,-0.9894654,-0.0056610554,-0.31638387,-0.5317066,-0.8103054,0
-0.7232462,-0.0138474405,-0.9911777,-0.11199753,-0.33020535,-0.55315244,-0.81511116,1
-0.5693096,0.6004368,-0.9821606,0.26413977,-0.43181658,-0.4882838,-0.83145773,1
-0.7265893,0.4563771,-0.9787533,0.36361766,-0.34480566,-0.48689666,-0.7265359,0
-0.74555355,0.3855154,-0.9816297,0.3292307,-0.3878305,-0.5845295,-0.82451475,1
-0.6482441,0.26879975,-0.98690987,0.07890573,-0.37222138,-0.54566795,-0.8354171,1
-0.8331883,0.29387677,-0.98144025,0.38675934,-0.2612898,-0.5999696,-0.82063323,1
0.028606415,0.5981297,-0.9899317,-0.16635174,-0.2723367,-0.65123695,-0.7565333,2
-0.6549662,-0.5497532,-0.9923251,-0.026813105,-0.6253073,-0.6633215,-0.67200565,0
-0.78888494,0.48585585,-0.9758628,0.6384788,-0.19337481,-0.6098052,-0.7889762,1
-0.14319348,0.5949168,-0.9863687,0.03861861,-0.29018337,-0.5265886,-0.79676336,2
-0.20474035,0.71687794,-0.9862817,-0.022577107,-0.39655608,-0.49079522,-0.7943194,2
0.5260146,-0.39776075,-0.99103516,0.8285601,-0.65776986,-0.537672,-0.80967927,2
-0.8247603,0.2490454,-0.9827929,0.33995995,-0.2277737,-0.5888533,-0.82645005,1
-0.8566587,0.12290153,-0.984392,0.28949675,-0.14742048,-0.61396384,-0.83824056,1
-0.042784423,-0.47028124,-1.0,0.06517974,-0.23358248,-0.8179312,-0.75501186,2
-0.8433949,0.22886904,-0.9812615,0.4542468,-0.09689136,-0.61761063,-0.83015543,1
-0.47424042,0.26774555,-0.99059856,-0.116236925,-0.3615584,-0.5477242,-0.8079663,1
-0.7972353,0.44796884,-0.97568333,0.5613384,-0.18252143,-0.55374753,-0.7455958,1
-0.7912246,0.360139,-0.9799714,0.4118702,-0.31237787,-0.59947455,-0.7876255,0
-0.695516,0.33316252,-0.98614335,0.056591146,-0.47991782,-0.49845874,-0.8144809,0
-0.89195013,0.07962762,-0.9852999,0.2212353,-0.21293712,-0.5827339,-0.80294096,1
-0.8312652,0.34889987,-0.9784276,0.5380194,-0.18233536,-0.66205835,-0.8214343,1
-0.76388466,0.36882132,-0.9646598,0.34884122,-0.16599631,-0.23278981,-0.4674345,0
-0.8075816,0.39893687,-0.97923374,0.5051357,-0.24405459,-0.6053672,-0.8344426,1
0.38362038,0.21610832,-0.9927664,-0.039079443,-0.16624945,-0.7477672,-0.7682459,2
-0.8512167,0.25000808,-0.98095256,0.4557841,-0.14028896,-0.62977624,-0.8247995,1
0.030489743,0.47820657,-0.99051034,-0.21683079,-0.23921147,-0.65395635,-0.75206,2
-0.52106935,-0.6212461,-0.9958574,0.09583804,-0.54588306,-0.4663827,-0.8221728,0
-0.8541796,0.07196888,-0.9874237,0.062736824,-0.38885656,-0.5725021,-0.80647194,0
-0.07611191,0.38313323,-0.9908546,-0.2010574,-0.21882771,-0.6553503,-0.7678111,2
0.42086315,-0.5490637,-0.9935142,0.6078106,-0.7004937,-0.53835386,-0.81592953,2
-0.72541744,0.081729144,-0.993252,-0.22821245,-0.46313757,-0.47105378,-0.84152454,0
-0.7888284,0.35609925,-0.98087364,0.40652406,-0.2800569,-0.5948647,-0.83647764,1
-0.0710538,0.5470261,-0.98806965,0.045515105,-0.15180247,-0.42806095,-0.8881333,2
-0.7508303,0.56766844,-0.975903,0.6464908,-0.22897163,-0.5784496,-0.8168451,1
-0.8572383,0.08112621,-0.9852643,0.26131213,-0.15750661,-0.59858286,-0.83503926,1
-0.7486031,0.4242719,-0.9806415,0.39894283,-0.33685404,-0.58536255,-0.8330765,1
0.37579793,0.011737853,-0.9898518,0.3977654,-0.20337567,-0.6349849,-0.8395113,2
-0.4864503,0.41563904,-0.98748314,-0.0003221482,-0.44304782,-0.52798635,-0.8218364,1
-0.79883385,0.22917138,-0.98513156,0.20203239,-0.306937,-0.55317056,-0.8457149,1
-0.5660581,0.039055064,-0.99250764,-0.19617268,-0.28149217,-0.42991957,-0.8163591,0
-0.7064343,0.35093993,-0.98385584,0.23790652,-0.34278753,-0.5423433,-0.8308353,1
-0.2640616,0.22774738,-0.99226034,-0.21159172,-0.24415168,-0.6264102,-0.7735134,2
-0.60640836,-0.3809597,-0.9981807,-0.19994119,-0.17271034,-0.57253605,-0.8650827,0
-0.81594265,0.34432173,-0.9803787,0.4205654,-0.31987262,-0.6067636,-0.8221628,1
-0.51673543,0.4696517,-0.9848008,0.12803844,-0.45047307,-0.56037587,-0.8214617,1
-0.88587326,0.09181014,-0.98359275,0.31227162,-0.12848523,-0.6048595,-0.80593956,1
0.046612084,0.4276455,-0.9913445,-0.15113473,-0.22774813,-0.64762133,-0.75022334,2
-0.83454084,0.31652313,-0.9802628,0.47300383,-0.18675521,-0.61145794,-0.80935836,1
-0.3853108,0.56903875,-0.9850616,0.06237445,-0.48615882,-0.525004,-0.8089628,1
-0.6802111,-0.22898814,-0.9950208,-0.25758532,-0.18288296,-0.5180805,-0.84089243,0
-0.6233775,0.07287674,-0.9925421,-0.19476137,-0.34706488,-0.5567684,-0.79060006,1
0.31516242,-0.38586062,-0.99406296,0.3118757,-0.6654836,-0.70904064,-0.7029097,2
-0.6414092,0.6656711,-0.9791585,0.42582667,-0.44873565,-0.5312916,-0.84324104,1
-0.8265846,0.19642937,-0.9832704,0.31795126,-0.22697306,-0.6236685,-0.82839894,1
-0.48028645,0.31696692,-0.9903969,-0.1795148,-0.45402336,-0.52051544,-0.79082435,2
-0.1347875,0.6758115,-0.9860531,0.06730369,-0.28338113,-0.4236785,-0.8577117,2
0.52457064,0.17185214,-0.99180406,0.31277177,-0.13891336,-0.7059155,-0.85044336,2
0.20175928,-0.38719177,-0.99830246,0.20862597,-0.4861521,-0.4002321,-0.9173129,0
-0.7688767,0.0917739,-0.99072117,-0.13404995,-0.47169292,-0.4860678,-0.8179934,0
-0.8755935,0.10847917,-0.9836572,0.32684186,-0.10840711,-0.5945731,-0.816383,1
-0.8637235,0.08702846,-0.98542947,0.24106364,-0.18650655,-0.5880482,-0.83317983,1
-0.61447483,0.44818255,-0.9823344,0.3091758,-0.34496537,-0.5638944,-0.8443862,1
-0.73250884,-0.28793883,-0.99604946,-0.29489803,-0.19154269,-0.53835917,-0.8394043,0
-0.8948106,-0.08978397,-0.9907539,-0.07893358,-0.3602741,-0.5429394,-0.82188714,0
-0.90530574,-0.11769,-0.9911132,-0.088752195,-0.34350502,-0.5386012,-0.8163441,0
-0.9573215,-0.06838372,-0.98644173,0.151186,-0.17624512,-0.5999815,-0.7785184,0
0.34041417,0.1272622,-0.99263203,0.042128414,-0.10890381,-0.81598425,-0.7557314,2
0.22579193,-0.6608315,-0.99254227,0.64180607,-0.8511805,-0.4683592,-0.7954552,2
-0.86187583,-0.0037339777,-0.98792523,0.07913094,-0.24777716,-0.5703008,-0.810923,1
-0.7834736,0.45686516,-0.977513,0.55993956,-0.22877997,-0.61966085,-0.81758034,1
0.19295788,-0.11635569,-0.99320996,0.25947547,-0.19038521,-0.6115426,-0.8412814,2
-0.46104094,0.38628396,-0.989267,-0.10861753,-0.45200723,-0.53030074,-0.79524034,1
-0.84006435,0.27313662,-0.9804035,0.4703875,-0.18122153,-0.6524574,-0.8242412,1
-0.8578892,0.086235285,-0.98562586,0.22180906,-0.2103629,-0.5981842,-0.8331575,1
-0.9493228,-0.11223468,-0.9897452,-0.016700879,-0.31062886,-0.5144243,-0.80671585,0
-0.5229353,0.34955883,-0.9864656,0.02413939,-0.43079597,-0.5353037,-0.8034056,1
-0.35757864,0.5071475,-0.9887116,-0.124289125,-0.48791808,-0.48941416,-0.80205625,2
0.31954032,-0.39520907,-0.9769965,0.9162414,-0.2247002,0.1768328,-0.9323635,2
-0.5789798,0.5469731,-0.98219323,0.27410558,-0.4701705,-0.56074524,-0.8356397,2
-0.92431974,-0.23529753,-0.99333364,-0.17717808,-0.3090397,-0.54534763,-0.8160742,0
-0.0077545345,0.51895,-0.986731,0.10650208,0.012185156,-0.38773018,-0.8810622,2
-0.7439756,0.3652619,-0.9828827,0.31339198,-0.29197118,-0.578403,-0.8340967,1
-0.19993824,0.6018735,-0.98863035,-0.11499685,-0.4094462,-0.50364345,-0.7923348,2
-0.7793311,0.39038152,-0.98063576,0.38920125,-0.33625013,-0.59437907,-0.82363397,1
-0.8774998,-0.0353325,-0.99017215,-0.07735267,-0.4175737,-0.5326158,-0.8152089,0
-0.7467927,0.42590892,-0.98171,0.33215874,-0.38963503,-0.5576285,-0.8322189,1
0.23002028,0.3782732,-0.9884998,0.15457019,-0.28567806,-0.60839444,-0.8093327,2
-0.80975264,0.3145827,-0.9809466,0.4401477,-0.21071362,-0.6118101,-0.83591217,1
0.30925828,-0.5943703,-0.99490416,0.45094627,-0.8533927,-0.67492735,-0.69409186,2
-0.9545193,-0.19322184,-0.99120396,-0.065719336,-0.266721,-0.5648895,-0.81177413,0
-0.5256135,0.038733006,-0.9951278,-0.3708859,-0.3380163,-0.43781367,-0.8237834,0
-0.2442126,0.71675533,-0.98458505,0.113526106,-0.37568304,-0.41796052,-0.8237051,2
-0.43491733,0.7471277,-0.98072565,0.31940666,-0.4413072,-0.4760085,-0.8366847,2
-0.89976454,-0.10149115,-0.9905909,-0.06389746,-0.3424726,-0.534465,-0.81416285,0
-0.912444,-0.011575013,-0.9878678,0.059806563,-0.3039829,-0.57323456,-0.8028755,0
-0.021236658,0.6380724,-0.98666483,-0.05643776,-0.34364337,-0.5638266,-0.75831944,2
-0.7915886,0.22543,-0.9849759,0.17345065,-0.37583974,-0.58443344,-0.8224385,1
0.014929503,0.50183123,-0.9895242,-0.13656738,-0.21146744,-0.6584187,-0.7644277,2
-0.85426295,0.13066703,-0.9839309,0.32415614,-0.14495897,-0.6082785,-0.82672054,1
-0.4860997,0.21768056,-0.9922244,-0.24079031,-0.26065278,-0.4221946,-0.8545291,0
-0.83442104,0.23044646,-0.98274916,0.3482449,-0.21844047,-0.6083274,-0.82995623,1
-0.7069421,0.06520708,-0.99126697,-0.14109108,-0.3763855,-0.5057821,-0.82062733,0
-0.27928588,0.6792915,-0.9869284,-0.05317658,-0.4747354,-0.46577793,-0.8060184,2
-0.6696251,0.3865555,-0.982604,0.3548079,-0.13987122,-0.5093312,-0.8398276,1
-0.84074605,0.066758916,-0.9881439,0.010935612,-0.4122448,-0.5204069,-0.80762696,0
-0.7712164,-0.028484315,-0.9924958,-0.17727023,-0.3108212,-0.44065523,-0.84175855,0
0.273255,0.3760429,-0.9880121,0.15744066,-0.068560496,-0.60792255,-0.84641206,2
-0.24917714,0.00244461,-0.99494815,-0.19688457,-0.10965715,-0.66065794,-0.7716502,2
0.42710614,0.010781154,-0.9917322,0.3448047,-0.058313027,-0.5374881,-0.87373483,2
-0.67526394,0.56870365,-0.9737017,0.3408922,-0.42960745,-0.469222,-0.7439315,0
-0.89756143,0.01024583,-0.9886644,0.023782335,-0.37476307,-0.5356012,-0.82435536,0
-0.7963383,0.3384014,-0.9814604,0.36244953,-0.31987792,-0.60142106,-0.82525545,1
-0.764254,0.07641849,-0.9898804,-0.071698576,-0.38080636,-0.5116077,-0.8179214,0
-0.79564476,0.050542504,-0.9892029,0.0082287565,-0.32299834,-0.56075054,-0.82182497,1
-0.85522527,0.21407825,-0.9837781,0.25945038,-0.31746152,-0.5507401,-0.826135,1
0.13005364,0.43800405,-0.99076873,-0.12977144,-0.16043335,-0.71894705,-0.7618561,2
-0.23698884,0.23653582,-0.99098635,-0.13948038,-0.17708817,-0.5033335,-0.8231442,0
-0.6147217,0.09676671,-0.99142516,-0.17441228,-0.20029864,-0.26643434,-0.8524436,0
-0.5839486,-0.15157881,-0.9952606,-0.29410818,-0.17211992,-0.5338102,-0.8442075,0
-0.84370303,0.2473807,-0.98271656,0.30897194,-0.3324807,-0.5622387,-0.8194823,0
-0.5670485,0.2935645,-0.9900584,-0.14026162,-0.4837614,-0.49061063,-0.8133985,2
-0.6869372,0.07752681,-0.99410236,-0.30537152,-0.47414428,-0.44462913,-0.81948566,0
-0.84161675,0.27536368,-0.98144805,0.38467595,-0.26745147,-0.606054,-0.82368255,1
0.16970718,0.47729015,-0.9907184,-0.13306603,-0.19044587,-0.68849766,-0.7460041,2
-0.24718335,0.84811306,-0.9842501,0.057666294,-0.53429204,-0.4841597,-0.8005345,2
0.8348015,-0.25718364,-0.99058115,0.75195426,-0.37474635,-0.5997127,-0.87179613,2
-0.76785624,0.4876488,-0.9790641,0.4807924,-0.34785464,-0.5971816,-0.84681886,1
-0.84013385,0.062610045,-0.9875406,0.10712674,-0.25864726,-0.5377993,-0.82759935,1
0.16507018,0.85184115,-0.98548216,0.035764426,-0.32191154,-0.58718175,-0.77128565,2
-0.8600415,0.080455154,-0.9846741,0.24716124,-0.1639016,-0.6086928,-0.798994,1
0.14011389,0.5576476,-0.9895478,-0.12411994,-0.2934888,-0.6400406,-0.74647266,2
-0.14418358,0.757496,-0.9866587,-0.03008549,-0.39451542,-0.48519936,-0.8181498,2
-0.8210591,0.22532591,-0.98379004,0.27107772,-0.3103357,-0.5907327,-0.82935303,1
-0.835286,0.14471674,-0.98684704,0.08673149,-0.40476513,-0.5294717,-0.8130649,0
-0.6462875,0.22724395,-0.99193144,-0.18942893,-0.43293405,-0.44111001,-0.8500619,0
-0.5282831,0.55744016,-0.9842021,0.1659348,-0.48573542,-0.49069443,-0.83722603,2
-0.6647623,0.31670588,-0.9852075,0.14251523,-0.40599978,-0.56092614,-0.82722473,1
-0.67784905,0.5695776,-0.9790812,0.44816232,-0.3574548,-0.5446881,-0.8254903,1
-0.6858605,0.3440868,-0.9840933,0.22041593,-0.36341888,-0.58170736,-0.83538735,1
-0.71506655,0.40026802,-0.97562486,0.3774754,-0.18963283,-0.49970114,-0.76582664,1
0.035782456,0.51484823,-0.988319,-0.116923675,-0.2202691,-0.6082735,-0.7618841,2
-0.8648329,0.22819158,-0.9824538,0.3613656,-0.20341885,-0.5808581,-0.8235833,1
0.15207314,0.5599039,-0.9855505,0.22029567,0.11643997,-0.24612516,-0.9397512,2
-0.27293652,0.60445964,-0.98680353,-0.008743212,-0.3593105,-0.38569275,-0.8246494,0
-0.7869884,0.18993099,-0.9853601,0.19890893,-0.28261605,-0.5845687,-0.83639437,1
-0.98227924,-0.11710423,-0.9857592,0.11524258,-0.14863867,-0.566264,-0.7260269,0
-0.8014161,0.23771085,-0.9833847,0.30385247,-0.2710735,-0.590662,-0.81870157,1
-0.8449696,0.2885602,-0.98077124,0.42732847,-0.25286803,-0.62665606,-0.825686,1
-0.6611644,0.54961103,-0.9810665,0.34711263,-0.4122846,-0.5341522,-0.8403739,1
-0.9074606,-0.04513952,-0.98839664,0.064473264,-0.25835255,-0.57017624,-0.80480736,0
-0.89405745,0.13763565,-0.98212993,0.36930168,-0.09963067,-0.5704437,-0.7726234,1
-0.86287224,0.2178675,-0.9845377,0.2617773,-0.26414615,-0.5492704,-0.8388413,1
-0.829769,0.1722553,-0.9844678,0.2579496,-0.2534083,-0.59975064,-0.8240545,1
-0.80720556,0.28565106,-0.98181534,0.35111022,-0.25444964,-0.51096994,-0.798181,1
-0.8938142,-0.02805981,-0.9877234,0.11651442,-0.21757153,-0.56799865,-0.81476593,0
0.271138,-0.48618138,-0.98921096,0.6735219,-0.70280254,-0.28927386,-0.7563389,2
-0.5877041,0.13407066,-0.99207747,-0.2192584,-0.384114,-0.51000017,-0.8033441,2
0.9644416,-0.5752171,-0.99183893,0.84490913,-0.99662626,-0.93778735,-0.5594131,2
-0.8400094,0.32552955,-0.9795367,0.52134967,-0.15640807,-0.63249713,-0.8304385,1
-0.046923757,0.7610978,-0.9878475,-0.09435105,-0.35222608,-0.49152976,-0.804374,2
-0.86430526,0.14891595,-0.9858208,0.14648673,-0.38470668,-0.5468101,-0.82196546,1
-0.84874064,0.11172336,-0.9884518,-0.009282947,-0.45626417,-0.4957896,-0.8246239,0
-0.9865507,-0.17112371,-0.9878863,0.05796366,-0.15130095,-0.56119615,-0.74550676,0
-0.8863053,-0.051619142,-0.989532,-0.0016923249,-0.3079295,-0.56024647,-0.8147283,0
-0.7301056,0.5360099,-0.97842735,0.49909478,-0.32692036,-0.5710177,-0.81522423,1
-0.5862209,0.1646073,-0.9904754,-0.15362784,-0.32543045,-0.4928722,-0.8137488,0
-0.67527664,0.49420208,-0.98061436,0.3848539,-0.36168003,-0.57223225,-0.82178396,1
-0.16240197,0.18054159,-0.9923478,-0.21115601,-0.17266679,-0.66112584,-0.76441216,2
-0.7744397,0.23876801,-0.9844461,0.2667668,-0.2325637,-0.5846633,-0.83855456,1
-0.33582896,0.10005094,-0.9863818,0.003141299,0.07097486,-0.27941614,-0.8646934,0
-0.8318374,0.34919414,-0.9799008,0.4653304,-0.23547485,-0.57966447,-0.8199628,1
-0.67860353,-0.109811336,-0.9954727,-0.32361877,-0.30043533,-0.53899646,-0.7980221,1
-0.39568603,0.83236605,-0.98109186,0.24749027,-0.509233,-0.45810735,-0.8250321,1
-0.345716,0.3269322,-0.9895612,-0.12185606,-0.2838295,-0.5487686,-0.8227862,0
-0.6810001,0.25780508,-0.9869748,0.07617805,-0.38861337,-0.53519255,-0.83460546,1
-0.852741,0.20937629,-0.98120016,0.4475063,-0.07395774,-0.60322195,-0.81370807,1
-0.4981273,0.52367616,-0.9855409,0.08544414,-0.45459795,-0.502253,-0.833822,1
-0.29069376,0.7131356,-0.9843377,0.08871731,-0.46388024,-0.5083879,-0.8064653,1
-0.50937355,0.2974458,-0.9915612,-0.19476911,-0.35885713,-0.47264433,-0.8382593,0
-0.7992108,0.53205645,-0.9768447,0.59010756,-0.31545353,-0.6172858,-0.8308281,1
0.15099078,0.51784766,-0.98951644,-0.14086857,-0.2008273,-0.689503,-0.76150984,2
-0.050731063,0.52295375,-0.9883423,-0.06574215,-0.33950043,-0.5782308,-0.7753682,2
-0.79199594,0.29327816,-0.9816952,0.41554686,-0.1808126,-0.6109934,-0.8372957,1
-0.8606148,0.19553477,-0.9811537,0.45901546,-0.07566741,-0.6366856,-0.82097816,1
-0.64262694,0.5415592,-0.9801356,0.4314595,-0.32666937,-0.5756282,-0.8529687,1
-0.7691896,0.014226377,-0.99318707,-0.18832949,-0.39968333,-0.48114425,-0.8428838,0
-0.7476865,0.41504037,-0.9805212,0.4176593,-0.28619912,-0.5909631,-0.82157576,1
0.21544152,0.4452476,-0.99134415,-0.05734545,-0.099456206,-0.7082783,-0.76451945,2
-0.82197404,0.24707109,-0.98244166,0.35247213,-0.24850014,-0.61859673,-0.8333813,1
-0.96842015,-0.03676018,-0.985252,0.20404053,-0.14734092,-0.5755518,-0.77149135,0
-0.71112514,0.35390523,-0.98462605,0.19521958,-0.36395288,-0.529016,-0.8227671,0
-0.26883256,0.49369612,-0.987786,-0.044505432,-0.37372303,-0.46050894,-0.8021231,2
0.6070917,-0.40029597,-0.97963345,0.91390306,-0.34729213,0.04263985,-0.93683565,2
-0.079461634,0.19946983,-0.9933609,-0.24417132,-0.2655155,-0.64293486,-0.74045986,2
0.30489928,-0.47776437,-0.9983237,0.21326512,-0.59769213,-0.8469739,-0.65524656,2
-0.12415284,0.54275835,-0.98972005,-0.18595362,-0.33357945,-0.6201507,-0.75699025,2
-0.82278335,0.028132185,-0.99047506,-0.09041986,-0.40931493,-0.47860256,-0.82684314,0
-0.8026927,0.38234818,-0.9800757,0.41743627,-0.32616818,-0.595257,-0.8214974,1
-0.72628886,0.5785886,-0.9782439,0.4889309,-0.39691818,-0.5653948,-0.83408326,1
-0.2620489,0.7346601,-0.98456246,0.13283409,-0.40394428,-0.4197927,-0.84414,2
-0.81407344,0.31766355,-0.98130596,0.3654317,-0.26459557,-0.5476436,-0.79931605,0
-0.8728672,-0.015422553,-0.9886093,0.013159655,-0.34301725,-0.56249774,-0.8115964,0
-0.3232113,0.7626537,-0.98360187,0.09568529,-0.5086646,-0.48549217,-0.8093886,1
-0.3673752,-0.37686855,-0.9989917,-0.2763605,-0.21542364,-0.6962059,-0.73957425,0
-0.5350127,0.6387501,-0.9813171,0.32181388,-0.44592756,-0.52851486,-0.85918474,1
-0.70411086,0.32811064,-0.9847614,0.19767272,-0.32137167,-0.47170612,-0.82422143,0
0.22780001,0.087276444,-0.9912241,0.11982772,-0.15529719,-0.7006485,-0.7827496,2
-0.75779474,0.4359097,-0.97979033,0.46616474,-0.23268646,-0.5905309,-0.82589614,1
-0.79052675,0.3857943,-0.98185843,0.3295858,-0.37058413,-0.516262,-0.8358112,0
-0.7170542,0.43516216,-0.980638,0.38321802,-0.27864042,-0.54923093,-0.8046213,0
-0.69410414,0.29858345,-0.9856233,0.1223682,-0.36906207,-0.54248524,-0.8161467,0
-0.6232952,0.6352396,-0.9798275,0.40171188,-0.44006774,-0.53079563,-0.8523087,1
-0.35313147,0.75550824,-0.9824419,0.18499474,-0.4588357,-0.47928414,-0.8105218,1
-0.5448448,0.19628331,-0.9899634,-0.13656306,-0.34953552,-0.4733109,-0.81539905,0
-0.8027649,0.46132237,-0.9778809,0.58720523,-0.22096352,-0.58162445,-0.82820326,1
-0.74659985,0.54019135,-0.9775309,0.5254508,-0.30238295,-0.5566402,-0.80169255,1
-0.73426235,0.45288092,-0.9799587,0.43203065,-0.30104944,-0.57815814,-0.8258852,1
-0.22766185,0.20909785,-0.9922486,-0.16050649,-0.20501724,-0.6432792,-0.76468796,2
-0.69121516,0.49501017,-0.9814953,0.33921903,-0.3957662,-0.5606138,-0.8412575,1
-0.30733913,-0.07597843,-0.9965918,-0.24157536,-0.028613716,-0.42065525,-0.9098714,0
-0.8181346,0.30468366,-0.9817989,0.38017482,-0.2759657,-0.6023023,-0.8301471,1
-0.44127542,0.7227626,-0.9814613,0.25429636,-0.47820032,-0.49136448,-0.8353263,1
-0.8200916,0.22762896,-0.98165333,0.31217986,-0.21205288,-0.54543406,-0.79096425,1
-0.056168795,0.44125876,-0.99030083,-0.22642815,-0.33656552,-0.59897846,-0.7382559,2
0.24377292,-0.437011,-0.96430606,0.36187303,-0.53489304,-0.03148508,-0.95899886,0
-0.8589027,0.18548691,-0.98202115,0.41192523,-0.12468667,-0.6266561,-0.82460034,1
0.39740145,0.2740128,-0.9831167,0.42395353,0.14184251,-0.2792291,-0.9755665,2
-0.59712917,-0.32746762,-0.99473983,-0.06189625,-0.24642485,-0.5066,-0.843182,0
-0.935879,-0.1080645,-0.9890653,0.024211898,-0.2649684,-0.58568513,-0.80165535,0
-0.12731361,0.31606603,-0.9910886,-0.21375129,-0.23483327,-0.62348235,-0.78009295,2
-0.40643173,0.2183463,-0.9920881,-0.2366133,-0.3045821,-0.53975844,-0.7946871,2
-0.88532376,0.028689623,-0.9874284,0.08926155,-0.33256927,-0.560213,-0.8218891,0
-0.5386403,0.39916497,-0.98722845,-0.014396697,-0.48982283,-0.5154049,-0.81551707,2
0.2533943,0.6739849,-0.98772275,-0.01566936,-0.14514819,-0.62794495,-0.7961206,2
-0.9160085,-0.097902685,-0.9891095,-0.01481697,-0.3001323,-0.53154653,-0.77856,0
-0.88924885,0.079566106,-0.98298335,0.31803307,-0.110672325,-0.53822476,-0.7754564,1
-0.16800082,0.589942,-0.9878498,-0.07021588,-0.38172925,-0.4959606,-0.80165136,2
-0.80171263,0.3556463,-0.98047286,0.420891,-0.27972588,-0.6112085,-0.82234675,1
-0.62015384,0.1614719,-0.9891939,-0.040483817,-0.303337,-0.49137443,-0.8277181,1
-0.55971,0.11467223,-0.9905532,-0.11582434,-0.22000407,-0.5356508,-0.83025825,0
-0.8617461,-0.013642415,-0.98992,-0.056456447,-0.40193743,-0.53444463,-0.81659585,0
-0.858883,0.305876,-0.9808894,0.42990568,-0.24927375,-0.5993167,-0.83348745,1
-0.736655,0.46011734,-0.97844064,0.4621335,-0.2521141,-0.53991115,-0.7740557,1
-0.52987677,-0.30234456,-0.9957866,-0.1798051,-0.04633957,-0.5067131,-0.88987076,0
-0.5667059,0.54449034,-0.98358864,0.20824297,-0.403994,-0.4424721,-0.8603317,2
-0.23661672,0.6948712,-0.9851372,0.053086378,-0.46834356,-0.51507473,-0.79239696,2
0.42850482,-0.35492098,-0.99093735,0.6397121,-0.66167945,-0.58647436,-0.7849671,2
0.026011407,0.5476526,-0.9902204,-0.12638271,-0.20069765,-0.5983717,-0.7759456,2
-0.79813606,0.2738042,-0.9839538,0.21211702,-0.3483501,-0.54799134,-0.8056859,1
-0.3576518,0.6089361,-0.9859711,0.02564346,-0.4846763,-0.47820196,-0.81362945,2
-0.74822295,0.48639753,-0.97879905,0.49833122,-0.30637595,-0.5956998,-0.8223344,1
-0.66134036,-0.26869303,-0.9957022,-0.25025076,-0.1631537,-0.5059988,-0.8458816,0
-0.48371843,0.40019637,-0.9895179,-0.12794185,-0.45042422,-0.46927366,-0.80925536,2
-0.8576741,0.18937936,-0.981739,0.41665456,-0.120446905,-0.6490642,-0.8201385,1
-0.83440655,0.13472971,-0.98634577,0.16323926,-0.2834225,-0.5684439,-0.8415902,1
0.42306578,-0.21801707,-0.99509346,0.31710944,-0.61909837,-0.7261572,-0.69790125,2
-0.6791478,0.29854855,-0.98597544,0.12948716,-0.39371204,-0.5580106,-0.8427645,1
-0.098021835,0.1960697,-0.99111867,-0.02704601,-0.14629488,-0.6091214,-0.82214975,2
-0.866667,-0.02213335,-0.9895774,-0.017726958,-0.36400232,-0.55073047,-0.8199732,0
-0.773584,0.5222496,-0.9783256,0.5140415,-0.35311866,-0.57494354,-0.84956104,1
-0.13345078,0.5727155,-0.98765045,-0.0083382875,-0.31914806,-0.51264435,-0.7808066,2
-0.764983,0.1596867,-0.98859066,-0.025144994,-0.41367146,-0.45514297,-0.824189,0
-0.20534158,0.81242925,-0.9841225,0.12563993,-0.3757562,-0.43773207,-0.847917,2
-0.3174254,0.7609012,-0.9751386,0.32405534,-0.18177617,-0.42146823,-0.75605464,1
-0.8643002,0.2989029,-0.98098034,0.41536105,-0.24234207,-0.599159,-0.82654965,1
-0.13200673,0.42008507,-0.987146,0.13287586,-0.2054309,-0.48130113,-0.83756834,2
-0.3190467,0.14318782,-0.9932159,-0.24156657,-0.1668919,-0.58420014,-0.8501606,0
-0.9736043,-0.19916934,-0.9897694,-0.022344068,-0.20897913,-0.54039645,-0.7632729,0
-0.80503607,0.19270186,-0.9861829,0.09677672,-0.38931516,-0.5401343,-0.80143917,0
-0.06809315,0.5827113,-0.9893152,-0.15588924,-0.35321486,-0.5807135,-0.7738787,2
-0.8593094,0.056900486,-0.9875969,0.06375963,-0.36303243,-0.5453974,-0.81908727,0
-0.90502185,-0.16370898,-0.9919231,-0.13650128,-0.35119906,-0.5295485,-0.805272,0
-0.7869909,0.10511484,-0.9882242,0.047616288,-0.33276194,-0.55389595,-0.8280474,1
-0.8565999,0.2494144,-0.98140377,0.44408953,-0.13795619,-0.6215161,-0.847931,1
-0.55407494,-0.32809812,-0.9927206,0.06045816,-0.54723877,-0.52734196,-0.80015856,0
-0.9091513,-0.035119534,-0.9886457,0.019037731,-0.34459162,-0.559888,-0.8066878,0
-0.5114539,0.5841286,-0.98389256,0.15721458,-0.49505228,-0.49812284,-0.83914447,1
-0.64289975,0.6111017,-0.97928077,0.42516652,-0.3881476,-0.5278059,-0.8187372,1
0.28654253,-0.6324415,-0.95506805,0.9447561,-0.53101766,0.24056971,-0.84688973,2
-0.76910245,0.3838785,-0.9819395,0.3336952,-0.3913963,-0.56495345,-0.83692175,1
-0.82707894,0.11793533,-0.98052347,0.06354407,-0.3719968,-0.5022353,-0.7902694,0
-0.8079936,0.20607218,-0.9860219,0.11660659,-0.44563645,-0.5312346,-0.8321398,0
-0.049694598,0.45764634,-0.98954874,-0.13030857,-0.2434201,-0.63218296,-0.76133245,2
0.27981073,0.42184895,-0.9881164,0.091090605,0.0038671494,-0.639819,-0.8646799,2
0.05904281,0.19947304,-0.9905257,0.017937317,-0.044993043,-0.5900942,-0.86774087,2
0.15928936,0.4283266,-0.9859742,0.2384876,0.016212016,-0.3906555,-0.90121514,2
-0.69553304,0.36783397,-0.98707205,0.0031937063,-0.52551645,-0.4703576,-0.8270686,0
-0.3942962,0.5105272,-0.9857941,0.070146784,-0.3382476,-0.42798722,-0.8176539,2
-0.60973877,0.15989618,-0.98940855,-0.041102022,-0.2835319,-0.4893762,-0.8162528,0
-0.09984425,-0.78930616,-0.9972471,0.29686183,-0.7239941,-0.66412646,-0.7113859,0
-0.60145587,0.1203159,-0.99254936,-0.22281572,-0.30234486,-0.40832335,-0.84446716,0
-0.91010976,-0.08904803,-0.99067104,-0.044054613,-0.3116314,-0.5286842,-0.8329248,0
-0.11323506,0.68598354,-0.9875584,-0.14471114,-0.4835003,-0.5558205,-0.7477315,1
-0.85330355,0.10828654,-0.98547906,0.21732411,-0.23863348,-0.5996505,-0.8260862,1
-0.22365108,-0.006075442,-0.97928673,0.25333446,0.18881807,0.10561484,-0.7863149,0
-0.44833377,0.61422914,-0.9838178,0.17376018,-0.463903,-0.49983442,-0.85244787,1
-0.09226301,0.7001824,-0.987514,-0.097841665,-0.37592638,-0.49582487,-0.8019936,2
-0.90588796,-0.11510503,-0.991617,-0.12168628,-0.3809504,-0.5249809,-0.82232594,0
-0.76886714,0.10802142,-0.99036485,-0.09217507,-0.3905763,-0.46985063,-0.8214635,0
-0.7379747,0.34611517,-0.9839832,0.19365096,-0.4216835,-0.48010245,-0.81176215,0
-0.8836967,0.12815794,-0.9829753,0.36288357,-0.10821299,-0.62311846,-0.8268606,1
-0.80322325,0.24092236,-0.98179704,0.3335269,-0.22022802,-0.57624,-0.7906443,1
-0.8635628,0.34209567,-0.97785974,0.5648376,-0.13138969,-0.6032015,-0.7971748,1
-0.81307334,0.487708,-0.9777784,0.56691563,-0.2607314,-0.59239906,-0.83972853,1
-0.14638981,0.65064466,-0.9854172,0.14096849,-0.24363843,-0.36530405,-0.8408285,1
-0.8316643,0.3362269,-0.97901005,0.5156083,-0.17296416,-0.6245,-0.80254465,1
-0.07720244,0.5643363,-0.9886317,-0.13819116,-0.3385409,-0.54041946,-0.7777779,2
-0.856946,0.2836105,-0.8770943,0.9999999,1.0,1.0000001,1.0000001,1
-0.8599001,0.28315413,-0.9808891,0.42760602,-0.21609034,-0.59697586,-0.81086785,1
-0.8874494,0.09105036,-0.98529655,0.21924463,-0.23629063,-0.57583135,-0.8154249,1
0.034155786,0.14795595,-0.98780864,0.31198484,0.12953791,-0.3973965,-0.8986586,2
-0.4139232,0.6081468,-0.98606825,0.024675734,-0.52067274,-0.4988454,-0.82472223,2
-0.81419337,0.3641655,-0.9795969,0.46751627,-0.24025957,-0.6208615,-0.8169784,1
0.20751435,-0.12308735,-0.99851286,-0.08425388,-0.17835689,-0.8807959,-0.7122761,2
0.19879985,0.41056883,-0.98894966,0.0024858117,-0.0991206,-0.6866071,-0.7985466,2
-0.7913501,0.22773048,-0.9848198,0.19621459,-0.3724422,-0.5483551,-0.8185049,0
0.49738014,-0.2790109,-0.9830604,0.61155725,-0.6799268,-0.53482705,-0.8031056,2
0.31973493,0.21331003,-0.988312,0.24000737,0.07181969,-0.559052,-0.896577,2
0.03002292,0.5034963,-0.9874128,0.080121495,-0.024521202,-0.48481378,-0.87350327,2
-0.71570355,0.2987682,-0.9854294,0.14119683,-0.36063495,-0.46825472,-0.82432485,0
-0.4527181,0.117352925,-0.9944462,-0.358074,-0.28684974,-0.5535073,-0.7683682,0
-0.049267113,0.4952566,-0.99020797,-0.12552884,-0.2284463,-0.56346124,-0.772719,2
-0.42315397,0.76659685,-0.9824882,0.17050876,-0.55224586,-0.4762808,-0.8228557,1
-0.8034539,0.4320576,-0.97819024,0.5564475,-0.21574315,-0.617198,-0.8256864,1
-0.72569394,0.47474998,-0.9809283,0.3676561,-0.43564105,-0.5715798,-0.8312809,0
-0.32379794,0.6722567,-0.98542714,0.022478946,-0.525815,-0.48032314,-0.8036051,2
-0.46382976,-0.42579293,-0.9982656,-0.056747228,-0.24188828,-0.54797566,-0.8947896,0
-0.94757676,0.04768014,-0.9807065,0.26268366,-0.1661099,-0.4901708,-0.6767308,0
-0.8284684,0.26084313,-0.982895,0.31121266,-0.2779173,-0.5938011,-0.8353806,1
0.30087727,0.34117565,-0.9919359,-0.05659361,-0.022758782,-0.68147516,-0.7532735,2
-0.5899276,0.4408079,-0.98278415,0.2907551,-0.3673256,-0.52457434,-0.8404903,1
-0.8950577,-0.13901055,-0.9916064,-0.11930466,-0.3394569,-0.5132834,-0.8099196,0
-0.8743603,0.072182715,-0.9849999,0.27525884,-0.12877817,-0.6029786,-0.8218409,1
-0.5415589,-0.41157508,-0.9944109,-0.0069933683,-0.4897149,-0.57242966,-0.7519611,0
-0.98592585,-0.14900154,-0.98671544,0.11306592,-0.112920284,-0.5722149,-0.7442623,0
-0.61383903,0.50521296,-0.98200905,0.3067668,-0.40530235,-0.5628127,-0.8481727,1
-0.7506827,0.3161813,-0.9862024,0.16897604,-0.3159547,-0.44837922,-0.8570897,0
-0.8356082,-0.09315145,-0.9938386,-0.252863,-0.39374632,-0.4848631,-0.81479627,0
-0.28427392,0.08193594,-0.9944491,-0.33387697,-0.19595689,-0.6323407,-0.75244457,2
-0.86003506,-0.014621139,-0.98929876,0.0040791184,-0.33391592,-0.54681504,-0.81910515,1
-0.39439762,0.7095612,-0.9841192,0.08814678,-0.5679548,-0.4885606,-0.81564295,2
-0.3059237,0.83705425,-0.98291564,0.117173456,-0.5565826,-0.47501954,-0.8163743,1
-0.8297516,0.19253273,-0.98368794,0.23579451,-0.2569139,-0.5629808,-0.7900758,1
-0.953261,-0.08501822,-0.98746866,0.10891165,-0.21007884,-0.5964877,-0.7931795,0
-0.86594,0.049002573,-0.9877631,0.09639324,-0.27733722,-0.54267454,-0.8330264,1
0.008399725,0.15011239,-0.99153805,0.08686497,-0.31747323,-0.65485424,-0.74959564,2
-0.8692931,0.029144704,-0.98857373,0.0070795715,-0.38407242,-0.5137697,-0.81113255,0
-0.80168337,0.3748243,-0.9812051,0.3866721,-0.30021504,-0.5703905,-0.82923764,1
-0.80508065,0.25083175,-0.9857989,0.1060154,-0.46540803,-0.51131374,-0.80925435,0
-0.22290313,0.5666382,-0.986099,0.14455184,-0.0607875,-0.3473695,-0.90334433,0
-0.71952134,0.34863386,-0.98314977,0.25592,-0.3927577,-0.58893687,-0.8271167,2
-0.91374016,-0.09036344,-0.9887358,0.035656355,-0.24006453,-0.58346194,-0.7921511,0
-0.90641797,-0.07394776,-0.9900875,-0.053933218,-0.36862442,-0.5416529,-0.8079198,0
-0.8316456,0.24589542,-0.98239076,0.36390764,-0.22744662,-0.606031,-0.8320061,1
-0.13267937,-0.17892975,-0.9947284,0.07172437,0.011330038,-0.36065823,-0.90923244,0
0.039648414,0.012513533,-0.99465215,-0.07146102,-0.1273129,-0.77341354,-0.7363817,2
-0.80573946,0.045064032,-0.98868185,0.030705005,-0.33095673,-0.5664651,-0.8245762,0
-0.8035083,0.33200705,-0.9816053,0.36791363,-0.30095837,-0.5941117,-0.823363,1
-0.5245624,0.37808147,-0.98774576,0.0038250834,-0.3815416,-0.52104366,-0.8177946,1
-0.8977877,-0.08504182,-0.9901892,-0.05638334,-0.34312794,-0.5298359,-0.8107983,0
0.58139664,-0.16465646,-0.99331343,0.38319165,-0.4802971,-0.8290812,-0.73877174,2
-0.56005836,0.4919172,-0.9841192,0.19207755,-0.4350103,-0.52625674,-0.84745765,1
-0.12294483,0.65545857,-0.98825204,-0.070252195,-0.33295396,-0.45996964,-0.8124721,2
0.044431508,0.64964557,-0.9885693,-0.16796365,-0.318799,-0.5993186,-0.74393797,2
-0.96868026,-0.08722526,-0.98665804,0.12591779,-0.18501309,-0.5746175,-0.76206255,0
-0.86499536,0.13168499,-0.98705316,0.07211204,-0.43200842,-0.50855166,-0.82537526,0
-0.6913349,0.30162975,-0.972878,0.32450244,-0.19709845,-0.40063882,-0.75443894,1
-0.6730135,-0.2890522,-0.9962935,-0.23934796,-0.20086008,-0.546654,-0.8460058,0
-0.49159184,0.5712128,-0.98343796,0.1699784,-0.4543362,-0.52629495,-0.8268188,1
-0.78185403,0.3457334,-0.9817461,0.38072807,-0.2939254,-0.56750906,-0.8462281,1
0.33826995,0.41356844,-0.9903432,-0.038801447,-0.13908681,-0.73038185,-0.76651347,2
-0.81471825,0.2361484,-0.9816697,0.3685211,-0.23431957,-0.63787454,-0.80684745,1
-0.71519804,0.34028617,-0.9841633,0.23427606,-0.27736324,-0.47249138,-0.84470266,0
-0.92834055,-0.10617712,-0.9891052,0.038219802,-0.22759368,-0.57731885,-0.80612755,0
-0.21626508,0.766391,-0.98521113,-0.003314361,-0.49533403,-0.4742005,-0.7956226,2
-0.46524212,-0.101157635,-0.995182,-0.24053586,-0.08184759,-0.5295264,-0.8856229,0
-0.89549285,-0.0753707,-0.9892691,-0.027208492,-0.3248507,-0.48646614,-0.7913855,0
-0.97361535,-0.0029387176,-0.9836111,0.30326855,-0.09933385,-0.6307549,-0.7715465,0
-0.8335115,0.26615864,-0.9821431,0.35428256,-0.21489325,-0.6074569,-0.81141996,1
-0.8622619,0.14155675,-0.98345214,0.34116083,-0.14687239,-0.6239085,-0.8341352,1
-0.2971518,0.13373703,-0.99105006,-0.077861995,-0.10036793,-0.53905225,-0.8007401,0
-0.50608784,-0.4381097,-0.99284184,0.14791878,-0.61249256,-0.50339615,-0.77698696,0
0.09586108,0.47980177,-0.9897195,-0.116768405,-0.14362165,-0.66769594,-0.7651831,2
-0.96709865,-0.13618863,-0.98815817,0.059549853,-0.19222313,-0.5794814,-0.7735373,0
-0.766725,0.218297,-0.9868641,0.09920338,-0.3717181,-0.56088036,-0.82241917,0
-0.5020075,0.7668805,-0.98019123,0.33245382,-0.49748468,-0.50144005,-0.83110255,1
-0.124063194,0.9154774,-0.9826263,0.18517664,-0.36613688,-0.42086595,-0.8217106,2
-0.87776184,-0.06306651,-0.98997754,-0.0020929128,-0.27192602,-0.5599558,-0.83469766,1
-0.7822633,0.5174885,-0.97842467,0.49681062,-0.3668438,-0.5843043,-0.83647645,1
-0.7570048,0.3890756,-0.9819395,0.31031278,-0.3592153,-0.5158012,-0.82542646,1
-0.76589924,0.5083319,-0.9771968,0.5925095,-0.20108321,-0.58133906,-0.82698554,1
-0.022963226,0.40432173,-0.98818237,-0.016178474,-0.14938956,-0.6095831,-0.82273513,2
-0.28417856,0.6077516,-0.9865965,0.0042574257,-0.4168296,-0.47560886,-0.81522536,2
-0.9080492,0.32479662,-0.9750844,0.6457062,-0.062567174,-0.6549039,-0.7546715,1
-0.8754398,-0.02085036,-0.98847914,0.04020275,-0.30701268,-0.52458864,-0.8094889,0
-0.2558509,-0.24856687,-0.9904113,0.4036443,-0.37267202,-0.38501948,-0.8812129,0
-0.5202889,0.4794503,-0.9860954,0.010646947,-0.44393873,-0.4696809,-0.8078709,0
-0.86240435,0.060382023,-0.98665506,0.15389715,-0.25213346,-0.5821094,-0.8290916,1
-0.5607644,0.5513141,-0.98270416,0.24300852,-0.45428923,-0.53388625,-0.840754,1
0.30739743,0.13671249,-0.9898389,0.3498239,-0.09015767,-0.4558133,-0.9183586,2
-0.8750732,0.22627097,-0.98112607,0.4620416,-0.12746422,-0.6248785,-0.8287541,1
-0.67310387,0.22374669,-0.9885999,-0.06331916,-0.42722782,-0.47325674,-0.82167286,0
-0.79467064,0.39553142,-0.9796367,0.45162213,-0.31041476,-0.617442,-0.82665503,1
-0.8613767,0.05449173,-0.98627037,0.19584551,-0.20736879,-0.57785374,-0.82679874,1
-0.71489066,0.18808672,-0.9859562,0.1572747,-0.19561379,-0.49641544,-0.8141525,1
-0.6205627,0.15362827,-0.9906243,-0.14185452,-0.32037306,-0.40946084,-0.8485509,0
-0.9516462,-0.07179764,-0.9878584,0.09268342,-0.22252917,-0.56245315,-0.80382633,0
-0.6264695,0.59049344,-0.9778385,0.5226935,-0.25751555,-0.51482356,-0.80893594,1
-0.3674302,0.71621865,-0.98430204,0.14004418,-0.40113932,-0.4180359,-0.8455479,2
-0.07964966,0.41294003,-0.9922865,-0.2497473,-0.22467905,-0.63055384,-0.76866555,2
-0.8688423,-0.043850243,-0.9904092,-0.07951741,-0.41584024,-0.53854525,-0.81579924,0
0.047407866,0.16054904,-0.9932231,-0.17361113,-0.09228982,-0.74178445,-0.7565925,2
-0.97636753,-0.13778368,-0.98701626,0.1050682,-0.128024,-0.570455,-0.7456616,0
-0.8390986,0.33112288,-0.979016,0.5296903,-0.14568546,-0.6329735,-0.8153219,1
-0.508678,0.5789222,-0.9834171,0.19234489,-0.4689597,-0.51037693,-0.8366533,1
-0.43593338,0.7444515,-0.9819443,0.21446157,-0.54099953,-0.50708854,-0.82012516,2
-0.85157585,-0.01012671,-0.9895852,-0.016644478,-0.36158967,-0.5139914,-0.8198982,0
-0.69503635,0.2782411,-0.9845147,0.19946715,-0.2577854,-0.49187317,-0.81553376,2
-0.28481072,0.50953144,-0.9867348,0.02648542,-0.28728414,-0.48618656,-0.8352678,2
-0.5979646,0.113364264,-0.99183375,-0.18379357,-0.27745655,-0.47299764,-0.8525437,0
0.10187328,0.3986578,-0.98567915,0.28574723,-0.02065155,-0.45407283,-0.90443015,2
-0.84624183,0.08999181,-0.9857722,0.16087183,-0.24111517,-0.5757915,-0.7907861,1
-0.68709177,0.10430196,-0.9905231,-0.1336484,-0.45156848,-0.51824254,-0.81042546,1
-0.5951748,0.4861012,-0.98310256,0.25604358,-0.38728452,-0.55411667,-0.84010494,1
-0.022673458,-0.2721051,-0.9918025,0.34321678,-0.47165772,-0.6879556,-0.6935706,0
0.19200808,0.59383965,-0.9891092,-0.13261801,-0.19636923,-0.6580969,-0.77358055,2
-0.008966684,0.33401948,-0.9903262,0.12810563,-0.28403065,-0.5296322,-0.8001902,2
-0.82016116,0.43329495,-0.9782114,0.5616717,-0.21091866,-0.6011379,-0.8205706,1
0.66522664,-0.13674772,-0.9933332,0.52672505,-0.37375158,-0.65960497,-0.8278729,2
-0.8943202,0.07454142,-0.9814191,0.22196598,-0.17860545,-0.4808204,-0.66935545,0
-0.116144866,0.38999718,-0.9901664,-0.1874117,-0.31824487,-0.5861982,-0.75747156,2
-0.1966832,-0.17692316,-0.9937516,0.089274645,-0.27471805,-0.616462,-0.82003534,2
-0.79888415,0.24322425,-0.9820035,0.38822722,-0.18890348,-0.6156219,-0.82637024,1
-0.28477538,0.6312393,-0.9860648,0.037234962,-0.4377362,-0.4803262,-0.8260346,2
-0.5154044,-0.08123064,-0.9946025,-0.24731305,-0.120752275,-0.50394076,-0.8533267,0
0.12003064,0.52067137,-0.9892798,-0.07319629,-0.17657398,-0.53075105,-0.78388375,2
0.53903586,-0.56743824,-0.9934366,0.6881108,-0.85558635,-0.66016614,-0.71063375,2
-0.8127394,0.4084668,-0.97728366,0.56511676,-0.16195251,-0.61321676,-0.78391516,1
-0.69681156,0.31700197,-0.9873168,-0.036402106,-0.5729222,-0.48515972,-0.8099096,0
-0.58479416,0.50989115,-0.9834606,0.1502593,-0.48556456,-0.4737329,-0.81392765,0
-0.3835195,0.70876527,-0.9843115,0.081461534,-0.57119775,-0.47559202,-0.8323207,2
-0.7039686,0.5320902,-0.97733235,0.60363936,-0.21171188,-0.5787408,-0.8350817,1
-0.547365,-0.17776746,-0.9954278,-0.2007088,-0.14957328,-0.48202208,-0.86363405,0
-0.74300575,0.17044905,-0.9731604,0.13035122,-0.17999393,-0.34688994,-0.6255528,0
0.15232867,-0.032291472,-0.99217296,0.25403383,-0.16630994,-0.59803975,-0.8841278,2
-0.22742084,0.24106893,-0.99276334,-0.24863017,-0.23344143,-0.64094114,-0.7548034,2
-0.57956517,0.59440994,-0.98175555,0.30308384,-0.4467173,-0.50365216,-0.84863436,2
-0.19822067,-0.4276579,-0.99681985,0.16087255,-0.5216415,-0.50558066,-0.8136687,0
-0.8494645,-0.1170958,-0.99443626,-0.2700913,-0.42657977,-0.47666147,-0.82902825,0
-0.8660315,0.21361162,-0.9824685,0.3167809,-0.25926661,-0.6016635,-0.8030854,1
-0.81908846,0.22972362,-0.98233503,0.36915055,-0.19433005,-0.5973021,-0.8215363,1
-0.2059536,-0.25008708,-0.9963419,-0.0673133,-0.2209914,-0.687636,-0.7376962,0
-0.508241,0.5831937,-0.9843997,0.08713682,-0.53295493,-0.50155175,-0.8173512,1
-0.9168962,-0.02174887,-0.98302096,0.1944817,-0.085090786,-0.5166574,-0.75280637,1
-0.8234168,0.18863687,-0.98356146,0.3207016,-0.19182973,-0.5933085,-0.8398808,1
-0.06966591,0.5106243,-0.9892495,-0.17558134,-0.32703596,-0.61432046,-0.74017036,2
0.54908544,-0.64160454,-0.9755065,0.93629736,-0.64365625,-0.06875199,-0.8699133,2
-0.7709551,0.22007504,-0.98578197,0.13008243,-0.38164222,-0.55102813,-0.82256925,1
-0.53359514,0.29634112,-0.9889261,-0.063085005,-0.39482218,-0.52802485,-0.80850536,1
-0.8928037,-0.06256989,-0.98996353,-0.03565237,-0.35017136,-0.54200256,-0.82446814,0
-0.17850024,0.6306563,-0.98861325,-0.13260913,-0.42361298,-0.5174016,-0.7955005,2
-0.6142217,0.16833046,-0.9895255,-0.053774536,-0.29384238,-0.4700991,-0.82906544,1
-0.36916262,0.68674994,-0.985668,0.029146746,-0.4942449,-0.4612261,-0.8260774,2
-0.7255408,0.27116594,-0.9854468,0.14355047,-0.36832815,-0.48846143,-0.80500287,0
-0.62650293,0.22238131,-0.9908244,-0.07134624,-0.27564502,-0.39831775,-0.8689063,0
-0.07129806,0.40098113,-0.99095494,-0.1728034,-0.24673627,-0.60747135,-0.75711817,2
-0.95698416,-0.1148614,-0.9887733,0.046067625,-0.24822085,-0.57398105,-0.7995184,0
-0.89205307,0.0060621947,-0.9873962,0.091260895,-0.29514107,-0.573667,-0.80485874,0
-0.8306006,0.3933027,-0.9774365,0.601684,-0.11769447,-0.62987447,-0.7998169,1
-0.22766852,0.41230947,-0.991142,-0.18706927,-0.35104892,-0.54486376,-0.7934384,2
-0.984592,-0.008313939,-0.98396146,0.2417877,-0.11744642,-0.48722255,-0.7621467,0
-0.61448574,0.2630366,-0.99031264,-0.13760519,-0.42823675,-0.44803602,-0.8183872,0
-0.70199305,0.15872622,-0.98885226,-0.04887761,-0.40833098,-0.5297894,-0.80199647,1
-0.7602644,0.55515724,-0.97790563,0.5198336,-0.3619909,-0.5896374,-0.84216547,1
-0.8233805,0.03672804,-0.9916085,-0.10930045,-0.41820884,-0.46818495,-0.8459865,0
-0.14964351,0.638435,-0.98660004,0.004439682,-0.33177733,-0.48735368,-0.78638315,2
-0.7402843,0.01135318,-0.9925901,-0.21657935,-0.3793132,-0.48278823,-0.79873323,0
-0.39778626,0.68406945,-0.9845604,0.08212978,-0.55099875,-0.47434062,-0.82373196,2
-0.90434885,-0.10225397,-0.9907498,-0.073309615,-0.3384636,-0.5266061,-0.8170349,0
-0.85910875,0.08277662,-0.9896995,-0.05147803,-0.4645391,-0.49723327,-0.8348299,0
-0.65307117,0.18845221,-0.9921452,-0.16737029,-0.3448385,-0.38684714,-0.8692996,0
-0.2122784,-0.45289147,-0.9935341,0.29669136,-0.5899382,-0.48373485,-0.80837625,0
0.07165837,-0.5001413,-0.99608535,0.25277653,-0.701874,-0.5581429,-0.79240626,0
-0.23515245,0.6939325,-0.98360157,0.21324195,-0.34397733,-0.43520653,-0.8591927,2
0.3033204,0.065135494,-0.9957485,-0.071620554,-0.21536575,-0.7788706,-0.7238279,2
-0.6603349,0.57167065,-0.98008233,0.39768007,-0.3850256,-0.5434098,-0.8269679,1
-0.7843783,0.26809463,-0.98665816,0.045950748,-0.54414153,-0.4943587,-0.8242775,0
-0.5577304,0.5060948,-0.98522675,0.09684895,-0.52015114,-0.5034127,-0.83645386,2
-0.37795293,0.5672095,-0.98709965,-0.045200527,-0.47396332,-0.49132976,-0.80641323,2
0.55740124,0.04230632,-0.99185276,0.33710295,-0.08149414,-0.71290773,-0.8555615,2
-0.14072162,0.7009605,-0.98789126,-0.12290555,-0.41557556,-0.52469134,-0.77777576,2
-0.79613566,0.35612386,-0.9808685,0.4231618,-0.25426257,-0.5927061,-0.8241702,1
0.28198588,0.022215545,-0.98985773,0.46468595,-0.017186075,-0.4372477,-0.94831187,2
0.4663462,0.25533402,-0.98968893,0.31620425,-0.09130518,-0.58034813,-0.85980445,2
-0.46881154,0.36244488,-0.98913157,-0.052039668,-0.36808917,-0.49153763,-0.8389955,1
-0.7755177,0.4257727,-0.9788946,0.49679577,-0.22904634,-0.50181997,-0.8050111,1
-0.9210605,-0.036221147,-0.982742,0.037908494,-0.24971591,-0.4721682,-0.6828766,0
0.28049827,-0.33994657,-0.9928661,0.40455434,-0.3311373,-0.47427577,-0.8188117,2
-0.8561739,0.060012475,-0.98714787,0.11547561,-0.28981,-0.5687089,-0.8251663,1
-0.4359644,0.40201813,-0.98843396,-0.11956784,-0.46079692,-0.47608468,-0.804353,0
-0.4508111,0.6395988,-0.9817917,0.2748691,-0.37496227,-0.45559558,-0.8231173,2
0.47863597,-0.2557095,-0.9946118,0.5253564,-0.20046052,-0.5902461,-0.89518577,2
-0.8722783,0.006853789,-0.9892557,-0.020619392,-0.40861103,-0.53580385,-0.82017994,0
0.13882923,0.5805894,-0.9896249,-0.13638538,-0.17801788,-0.65801346,-0.75428313,2
-0.7845142,0.21532811,-0.98694813,0.10021691,-0.3769333,-0.46509483,-0.84702504,0
-0.84856343,0.06956428,-0.9875986,0.094451405,-0.2702876,-0.55248415,-0.8111908,1
-0.12981722,-0.46168584,-0.993202,0.34010506,-0.73014593,-0.6192207,-0.7173896,2
0.020220876,0.23550245,-0.99200225,-0.10181859,-0.20528215,-0.77357215,-0.7200136,2
0.551194,0.26026624,-0.98841596,0.34475213,0.004977107,-0.6178603,-0.8884793,2
-0.22444475,0.7158141,-0.98510766,0.06810575,-0.3551248,-0.493012,-0.8103677,2
0.13480973,0.28876954,-0.9891356,0.081367746,-0.0016300082,-0.59163463,-0.87152064,2
-0.24275376,0.341689,-0.9904692,-0.17601958,-0.30032858,-0.56636614,-0.78973967,2
-0.9058187,0.030042201,-0.9864425,0.1153532,-0.31218293,-0.55153376,-0.7894181,0
-0.16400927,0.65952957,-0.9873342,-0.03792928,-0.33660126,-0.5092541,-0.81818026,2
-0.7631035,-0.02869019,-0.99332756,-0.23428515,-0.39096504,-0.49221158,-0.812527,0
-0.40109453,0.29520342,-0.9888679,0.022696264,-0.09152037,-0.42873436,-0.8847964,0
0.5711176,-0.51805663,-0.9919742,0.91773427,-0.7506649,-0.5512054,-0.79473484,2
-0.56543857,0.20048028,-0.9914034,-0.23310891,-0.4091564,-0.45230246,-0.8106249,0
-0.6564815,0.24196802,-0.9896295,-0.10257962,-0.43611667,-0.43045664,-0.83308905,0
-0.9122016,0.22773069,-0.97982395,0.43186912,-0.19467244,-0.59071684,-0.7696114,0
-0.81128776,0.29242522,-0.98141944,0.3900566,-0.25695288,-0.6187197,-0.82107455,1
-0.3043439,0.32145563,-0.99006885,-0.118614584,-0.2486147,-0.6029634,-0.7752448,2
-0.8051481,0.20887747,-0.98331416,0.32501978,-0.22026971,-0.57171977,-0.8239457,1
-0.5088803,0.8326655,-0.97739506,0.5155096,-0.41671383,-0.50285494,-0.86363226,2
-0.8582418,-0.056917846,-0.99064267,-0.04345198,-0.31514442,-0.5436245,-0.83067757,1
0.110164344,0.43113577,-0.99091965,-0.13683465,-0.117972255,-0.66636467,-0.7680226,2
-0.48518622,0.37682799,-0.9873285,-0.0011656582,-0.38883346,-0.45215824,-0.8220629,2
-0.7433162,0.294108,-0.985657,0.14045691,-0.40561673,-0.5231561,-0.8352292,1
-0.5808128,-0.5266618,-0.99732995,-0.043052763,-0.35191256,-0.50593376,-0.86587316,0
-0.67999804,0.43741673,-0.98356783,0.20316482,-0.4709706,-0.5167509,-0.8341132,1
-0.22020534,0.5825306,-0.98642445,0.077567324,-0.2881112,-0.45018473,-0.82380193,1
-0.58776796,-0.13955835,-0.99512804,-0.29491994,-0.26809093,-0.5927048,-0.7786198,0
-0.84490025,0.23967186,-0.98175603,0.36085474,-0.19556682,-0.5728055,-0.79187626,1
-0.08466992,0.62046313,-0.98832464,-0.078642815,-0.26989123,-0.5202106,-0.8077922,2
-0.9135916,-0.11559591,-0.9904378,-0.019109368,-0.2660194,-0.56503284,-0.82326233,1
-0.8194525,0.21821149,-0.984228,0.25010955,-0.3100677,-0.60302275,-0.828464,1
0.31224757,-0.41620648,-0.99488354,0.44164598,-0.5921234,-0.7332321,-0.7350703,2
-0.7812098,0.20760909,-0.9863297,0.1233678,-0.3637059,-0.53208935,-0.8234335,1
0.075437546,0.12431929,-0.9920597,-0.10097131,-0.1949737,-0.79107165,-0.70552695,2
-0.7098909,0.5623352,-0.9776192,0.5563558,-0.2705531,-0.61140406,-0.82498217,1
-0.8655108,0.121815234,-0.9824848,0.37655365,-0.034305513,-0.58273435,-0.7921449,1
-0.8651771,-0.03589624,-0.99038714,-0.06799647,-0.35166183,-0.52479774,-0.8293384,1
-0.40678605,0.45729864,-0.98490494,0.13992128,-0.29585287,-0.5559182,-0.79592496,1
-0.14195979,0.57700515,-0.98825604,-0.098982975,-0.30694458,-0.52899796,-0.7775669,2
-0.75573826,0.42911592,-0.9805075,0.40637615,-0.32374278,-0.5833042,-0.8311058,1
-0.08850053,0.46863246,-0.99071145,-0.1921151,-0.3210038,-0.5624843,-0.7848921,2
0.055377603,0.6582192,-0.98790836,-0.105167985,-0.28313884,-0.61385435,-0.76700795,2
0.13060915,0.77756196,-0.9827695,0.2779206,-0.11504875,-0.4242844,-0.8243972,2
0.51707774,-0.05627525,-0.992479,0.48663047,-0.14718938,-0.5952311,-0.9128758,2
-0.34625557,0.5666676,-0.988121,-0.09550026,-0.47092843,-0.48690587,-0.81210965,2
-0.30683917,0.48742503,-0.98582816,0.0860712,-0.28582755,-0.4303554,-0.79474074,2
-0.92215765,-0.0017173588,-0.9869132,0.105751455,-0.3044602,-0.5706081,-0.80024934,0
-0.8804597,-0.06184566,-0.9898427,-0.0050029457,-0.29743588,-0.54210263,-0.82551545,0
-0.7154702,0.36568308,-0.98399144,0.19731125,-0.41610923,-0.53269804,-0.81515265,0
0.30626702,0.0072418153,-0.9951455,0.100737825,-0.22724906,-0.8173269,-0.73030186,2
-0.3137428,0.21455958,-0.9921678,-0.20603606,-0.2694951,-0.56749165,-0.7794874,2
0.16677779,0.5004634,-0.9870934,0.1023771,-0.021731824,-0.5326394,-0.87223214,2
-0.88918173,0.14268813,-0.9837404,0.30364752,-0.2204359,-0.6228947,-0.81959236,1
-0.5912343,0.27808502,-0.9831532,0.3350163,-0.078366786,-0.39026153,-0.8225579,1
-0.95474774,-0.15552065,-0.9883341,0.049133703,-0.1576211,-0.5610337,-0.75487787,0
-0.43922585,0.45770583,-0.9891817,-0.12390742,-0.4792897,-0.49544486,-0.8027741,2
-0.8327735,0.2795796,-0.9810784,0.46197182,-0.1431084,-0.57526153,-0.8224935,1
-0.76133233,0.5280079,-0.9782481,0.49597543,-0.35322246,-0.59690714,-0.83169866,1
-0.6337222,-0.112451136,-0.9956404,-0.33453628,-0.25337142,-0.50302005,-0.81916434,0
-0.5407597,0.53348064,-0.9824467,0.24125847,-0.46594995,-0.55670047,-0.8270404,1
0.34535986,-0.08146453,-0.99192476,0.35420662,-0.13031027,-0.5003354,-0.89542556,2
-0.8263473,0.2814454,-0.9809132,0.46912706,-0.15131816,-0.60925496,-0.83049345,1
-0.8188987,0.47916776,-0.9769385,0.62740064,-0.21811008,-0.63162655,-0.83621186,1
-0.7057551,0.2461693,-0.9647799,0.21997426,-0.08402304,-0.19368768,-0.43522432,0
-0.18641806,0.6400578,-0.9885996,-0.13725668,-0.40004438,-0.5470527,-0.7806211,2
-0.4814444,0.54395413,-0.98484427,0.13055114,-0.4643125,-0.52902454,-0.8225254,2
-0.32143176,0.7348256,-0.98396623,0.15418243,-0.4400656,-0.4376543,-0.8513826,2
-0.7213745,-0.11178219,-0.9931794,-0.20905784,-0.237793,-0.5456079,-0.8219508,0
-0.69234794,0.49380514,-0.98116636,0.3253032,-0.4390862,-0.54957557,-0.82723665,1
-0.85469043,0.29335597,-0.98238647,0.34619117,-0.30119884,-0.58519745,-0.8454917,1
-0.67186534,0.49243915,-0.978592,0.47209474,-0.17125264,-0.5628793,-0.7678836,1
-0.9507669,-0.06328738,-0.9874489,0.083650626,-0.27094945,-0.5649535,-0.78148127,0
-0.82355785,0.20510834,-0.98500526,0.15974857,-0.42076778,-0.5637399,-0.81451124,0
-0.7298589,0.040727213,-0.9938747,-0.25264436,-0.37069887,-0.43207878,-0.8541369,0
-0.8625454,0.14348862,-0.98307234,0.34676468,-0.14350843,-0.6274847,-0.8154619,1
-0.90405476,0.16171321,-0.98260486,0.3210922,-0.18144833,-0.57268727,-0.7837125,1
-0.81880426,0.09864114,-0.98838526,0.009000137,-0.40457904,-0.54183924,-0.82066727,0
-0.83314955,0.24539563,-0.9822421,0.37173736,-0.22184657,-0.6269636,-0.83746904,1
-0.8572552,0.30824572,-0.9807629,0.4408338,-0.23234609,-0.6049899,-0.83519256,1
-0.7318717,0.50507414,-0.97958463,0.4586758,-0.3341891,-0.5380536,-0.8418612,1
-0.101595044,0.61677766,-0.98698,0.01644101,-0.27469853,-0.49149597,-0.8449024,2
-0.7890216,0.39553398,-0.9780602,0.5168714,-0.26196778,-0.58469975,-0.80579174,0
-0.6686636,0.27855292,-0.9866364,0.045242645,-0.4300664,-0.53294843,-0.813403,1
-0.65880656,0.4996935,-0.981596,0.3118062,-0.4410537,-0.56988966,-0.8335055,2
0.37287885,-0.036601275,-0.9922007,0.2901476,-0.37607807,-0.6904334,-0.74007994,2
-0.6660619,0.1911964,-0.98919743,-0.020057023,-0.37508056,-0.5089791,-0.8362887,1
-0.7676418,0.05013916,-0.986456,0.03984142,-0.27631184,-0.41936052,-0.76021576,0
-0.50403017,0.36795864,-0.9863777,0.11640649,-0.2982619,-0.5243937,-0.8282966,2
0.41029495,-0.22040185,-0.9951993,0.30237317,-0.22147225,-0.66621137,-0.8445362,2
0.052662134,0.80761796,-0.9868602,-0.038192213,-0.33611256,-0.56016326,-0.76992744,2
-0.8327892,0.13091446,-0.9839311,0.219892,-0.20483033,-0.602787,-0.7629028,0
-0.7519369,0.3535686,-0.98216695,0.34395033,-0.26762944,-0.58697736,-0.8272763,1
-0.68023413,0.22928432,-0.987022,0.073131114,-0.36333615,-0.5579056,-0.8210784,1
-0.7624096,0.4537983,-0.9794918,0.4657108,-0.32210076,-0.6115507,-0.8373492,1
-0.81369054,0.37007317,-0.98125356,0.3902608,-0.32207555,-0.5775513,-0.84015507,1
-0.80412954,0.24831244,-0.9843012,0.23710442,-0.3449219,-0.5670752,-0.8345905,1
-0.8407317,0.26055297,-0.9807102,0.44696277,-0.1817565,-0.62419224,-0.81516886,1
-0.1489783,0.48127243,-0.98985076,-0.14531544,-0.28029662,-0.5744841,-0.7758693,2
0.22512841,0.31246486,-0.98734635,0.22550887,0.14893603,-0.32522464,-0.91238475,2
-0.8892642,-0.0427427,-0.9894352,-0.02202414,-0.3706383,-0.5339831,-0.8064441,0
-0.87121254,0.09035267,-0.9839155,0.3094441,-0.12373982,-0.59574753,-0.80431193,1
-0.14465317,0.5231976,-0.9857236,0.05831258,-0.08627576,-0.4490124,-0.82796806,0
-0.70188403,0.59927624,-0.97752506,0.5042902,-0.36451566,-0.555283,-0.81281614,1
-0.66016644,0.52128,-0.98253125,0.24263805,-0.4929183,-0.52338016,-0.82760966,1
-0.13570559,0.6304329,-0.9885476,-0.13375136,-0.41001508,-0.49894142,-0.7803022,2
-0.7270238,0.3339609,-0.9848606,0.17788276,-0.4145611,-0.5395351,-0.83674496,0
-0.15951845,0.67908466,-0.9877189,-0.094181105,-0.3973793,-0.5006091,-0.78856164,2
-0.8660941,0.07110798,-0.9872403,0.08253297,-0.3630411,-0.55545723,-0.8198438,0
-0.12835357,0.6379478,-0.98241305,0.17473516,-0.0740539,-0.30901083,-0.7955349,0
-0.00499931,-0.716189,-0.98984,0.2693844,-0.49554422,-0.30327415,-0.90168595,0
-0.40766668,0.75085735,-0.9816579,0.31876242,-0.23956013,-0.29907548,-0.89304614,2
-0.7776295,0.44546142,-0.9799278,0.41314358,-0.3988872,-0.5847247,-0.83026993,1
-0.90101653,0.17754139,-0.98139524,0.4062264,-0.16037284,-0.58536935,-0.7974203,1
-0.4726235,0.27620062,-0.98958033,-0.08529048,-0.31016597,-0.5252112,-0.79257154,2
0.18416023,0.65697104,-0.98868805,-0.111232,-0.25176045,-0.6236591,-0.7342939,2
0.34015673,0.39473426,-0.9928605,-0.059353977,-0.08371338,-0.8081162,-0.73530096,2
-0.8175743,0.23156807,-0.98153836,0.29341507,-0.23693147,-0.5415002,-0.7523969,0
-0.8455769,0.17760688,-0.98419577,0.27804542,-0.24060786,-0.5909376,-0.84895116,1
-0.86604035,0.20386362,-0.9826865,0.34901357,-0.2226458,-0.6014391,-0.8252567,1
-0.8893421,0.017654479,-0.98689437,0.13234518,-0.26791275,-0.5836908,-0.8109792,0
-0.5983719,0.6619846,-0.97965413,0.37832943,-0.46438372,-0.53087664,-0.8297568,1
0.070225656,0.64947903,-0.9432148,0.37575865,0.36058545,0.49117208,-0.24247003,2
-0.8358935,0.028363511,-0.9894781,-0.043548062,-0.42502367,-0.5233307,-0.8160791,0
0.23593664,-0.39135122,-0.98974556,0.67684686,-0.7214931,-0.52898365,-0.7450986,2
-0.22110975,0.47944555,-0.989833,-0.1952596,-0.37285018,-0.57915676,-0.765634,2
-0.36268142,-0.52989763,-0.99948484,0.033314496,-0.28419444,-0.48029894,-0.9149795,0
-0.068365216,0.6216726,-0.9887767,-0.111572236,-0.2835734,-0.5956666,-0.78427774,2
0.22120821,0.31530306,-0.9891909,0.114542924,0.016027242,-0.6153832,-0.8710007,2
-0.8302838,0.0342239,-0.9893258,0.033523805,-0.28497556,-0.55777127,-0.8450384,1
-0.40338263,0.73415554,-0.9827601,0.20462303,-0.48163855,-0.46679044,-0.8478274,2
-0.9444879,-0.12622082,-0.9893832,0.000647068,-0.2719069,-0.55025786,-0.7968782,0
-0.88582003,-0.0788379,-0.991613,-0.13549143,-0.42864668,-0.5206665,-0.8201387,0
-0.5675908,-0.20668784,-0.9945842,-0.1598835,-0.19562714,-0.5674008,-0.85780203,0
-0.49966538,-0.2782235,-0.9961898,-0.15196264,-0.12154998,-0.54018766,-0.8989442,0
-0.89778674,-0.07774314,-0.98927,0.02465751,-0.24790278,-0.5693187,-0.8195528,1
-0.86049855,0.11967124,-0.98444974,0.26164335,-0.21498764,-0.6178386,-0.82125205,1
-0.8547915,0.1768602,-0.98377126,0.27693507,-0.25944155,-0.592333,-0.81509423,1
-0.15202817,0.37921804,-0.9914504,-0.20803115,-0.2501738,-0.64405227,-0.75982744,2
-0.67311037,0.35794932,-0.9877253,0.012620345,-0.38488048,-0.44645223,-0.8655907,0
-0.456308,0.6182922,-0.9841469,0.14082003,-0.49820298,-0.50088096,-0.8322717,2
-0.3326829,0.5216278,-0.9883345,-0.07000579,-0.38654667,-0.4851565,-0.8196193,2
-0.43092605,0.4421001,-0.98703843,0.013092853,-0.4337768,-0.54623973,-0.8052906,2
-0.13340148,0.74974257,-0.98660797,-0.004557401,-0.33303806,-0.50502485,-0.8155994,2
-0.004342139,-0.7441163,-0.9981595,0.1758165,-0.6970885,-0.4968456,-0.753402,0
-0.5182086,0.7543045,-0.980077,0.34608814,-0.48465204,-0.5013398,-0.84464955,2
-0.13626689,0.5657041,-0.98934734,-0.16000319,-0.3604469,-0.6295828,-0.74398535,2
-0.79281306,0.3636804,-0.9791616,0.51324487,-0.16371877,-0.6100651,-0.8100607,1
-0.7660187,0.24714455,-0.98497945,0.19334775,-0.36284184,-0.5601234,-0.82870626,1
-0.81946087,0.25735483,-0.98259646,0.3379197,-0.25314546,-0.5924072,-0.8359382,1
-0.8652698,-0.020983309,-0.98879206,0.03955789,-0.28398016,-0.5567895,-0.82011235,1
0.1685651,0.27809373,-0.98992133,0.059179828,-0.07702643,-0.6523514,-0.8273883,2
-0.7433249,0.34174442,-0.9829655,0.29978254,-0.26277193,-0.45066035,-0.8249014,0
0.32832736,0.4742065,-0.9625377,0.21910909,0.28216416,-0.046096653,-0.65286624,2
-0.24891296,0.49582773,-0.9873251,-0.009615019,-0.3958722,-0.5463632,-0.7869151,1
-0.48177317,0.32988507,-0.98797816,0.0074309707,-0.2684516,-0.46255952,-0.82084197,0
-0.2121562,0.5388676,-0.9865231,0.021640614,-0.33430678,-0.49336207,-0.7959213,2
-0.588914,0.50589716,-0.9827916,0.24101849,-0.40861347,-0.53392327,-0.8324742,1
-0.3841902,0.63729084,-0.9845249,0.110690296,-0.49204957,-0.5160561,-0.82974404,1
-0.46905562,-0.44121993,-0.9984053,-0.08752543,-0.22199723,-0.5343362,-0.88191354,0
-0.6192366,-0.24633187,-0.9951756,-0.22743565,-0.09906642,-0.47691548,-0.8616281,0
-0.7556617,0.05505292,-0.97678757,0.007816054,-0.17345399,-0.34984207,-0.64425975,0
-0.8830885,-0.00015668571,-0.98845166,0.037858456,-0.34309193,-0.5406819,-0.81237435,0
-0.07911235,0.51160574,-0.98898584,-0.08994228,-0.39717588,-0.6179219,-0.75724775,1
-0.25362116,0.84526974,-0.9838183,0.07794507,-0.5749053,-0.48971704,-0.81547356,2
-0.21811491,-0.7538324,-0.9984549,0.18042223,-0.41176742,-0.42028898,-0.8993904,0
-0.2818055,-0.4072491,-0.9889857,0.15056448,-0.2777561,-0.34139046,-0.9228764,0
-0.15858063,0.3703464,-0.9889948,-0.00800994,-0.05706072,-0.41691214,-0.8738397,2
-0.33213377,0.70748144,-0.98467225,0.041798756,-0.5227072,-0.47646397,-0.8070063,1
-0.8283994,0.1410617,-0.98592156,0.19570473,-0.24744633,-0.55525243,-0.8403235,1
-0.79385144,0.3237757,-0.981759,0.29981452,-0.37085164,-0.56103194,-0.80269164,0
-0.4222185,0.15723968,-0.99229634,-0.21532992,-0.31251755,-0.5990524,-0.7751772,2
-0.58845925,0.14604215,-0.9917755,-0.19829151,-0.37650228,-0.47714826,-0.80933875,0
0.37124366,0.19324178,-0.988263,0.41608816,0.17762995,-0.4246207,-0.9398545,2
0.0014375746,0.38706255,-0.9912591,-0.088792175,-0.0061065555,-0.48301834,-0.90017164,0
0.5341038,-0.38205582,-0.9897129,0.6128668,-0.51749,-0.589674,-0.82124245,2
-0.8462813,0.20219848,-0.98323035,0.30026218,-0.258148,-0.5916538,-0.8171241,1
-0.34248844,0.6207171,-0.9863899,-0.019635558,-0.52317876,-0.48005483,-0.81959593,2
-0.3140375,-0.43100464,-0.99204624,0.29279578,-0.64298534,-0.5110173,-0.7540459,2
-0.87751955,0.27153787,-0.97994363,0.4634619,-0.20218585,-0.6336604,-0.80597097,1
-0.28358212,-0.73775053,-0.9981506,0.22053337,-0.5616002,-0.43254536,-0.83431166,0
-0.92677057,-0.14266258,-0.9903311,-0.025436103,-0.26925945,-0.5650452,-0.8138475,0
-0.8953805,-0.11565125,-0.9918994,-0.14371002,-0.36387184,-0.47482085,-0.8063457,0
-0.8366654,0.2457046,-0.98154455,0.3926618,-0.19516143,-0.611883,-0.8181776,1
-0.5652609,0.45313612,-0.98595136,0.07681915,-0.45410314,-0.50117314,-0.82505286,1
-0.33153886,0.72501934,-0.9845039,0.09086244,-0.49391395,-0.46698394,-0.8290265,2
-0.31300145,0.29867393,-0.9926285,-0.25489914,-0.17901976,-0.39410824,-0.8815188,0
-0.7889964,-0.048709095,-0.9925951,-0.16398224,-0.30614758,-0.47887373,-0.83014154,0
-0.8007987,0.39151746,-0.98049414,0.420813,-0.31037453,-0.5632162,-0.8424965,1
-0.8080044,0.008577228,-0.99211144,-0.1744214,-0.38721368,-0.46488008,-0.8356987,0
-0.8422222,0.27317882,-0.9806704,0.45639715,-0.16087852,-0.62295425,-0.82554626,1
-0.8381632,0.26548374,-0.9814621,0.40367436,-0.20813894,-0.62530273,-0.8238865,1
-0.22617292,0.5331377,-0.9864972,0.04006788,-0.26644498,-0.4969026,-0.83810794,2
-0.56227154,0.5169476,-0.9841172,0.16247681,-0.42090443,-0.46542838,-0.84200454,0
-0.65207314,0.19445078,-0.9923999,-0.19251946,-0.43754286,-0.44311836,-0.8474048,0
-0.16898015,-0.18240544,-0.9959241,-0.08646226,-0.22303113,-0.5304412,-0.86151165,0
0.14775342,-0.12291044,-0.99125755,0.31089312,-0.0469653,-0.42514867,-0.8949598,2
-0.56593084,-0.40029043,-0.9961814,-0.104759574,-0.13059759,-0.457997,-0.87387466,0
-0.83221316,0.21367002,-0.9827617,0.35041445,-0.20889261,-0.6177244,-0.82867956,1
-0.8440459,0.28220057,-0.9800658,0.48309287,-0.12853315,-0.62748224,-0.81854874,1
0.35220683,0.39205253,-0.9881331,0.24324542,0.02517736,-0.512395,-0.89636046,2
0.37499648,0.2691867,-0.9958385,-0.088928774,-0.29346842,-0.7854319,-0.69997394,2
-0.42910564,0.7338406,-0.9830572,0.15659148,-0.5567366,-0.47812042,-0.83141124,2
-0.5529279,0.3883115,-0.98644817,0.052852303,-0.363908,-0.5071295,-0.81682724,1
-0.7463694,0.32182702,-0.982686,0.31275108,-0.29716614,-0.57534325,-0.8281649,1
-0.38688135,0.69226295,-0.9851463,0.047968812,-0.51013607,-0.4603596,-0.8160589,2
-0.6673279,0.46834,-0.98203224,0.31126764,-0.33332965,-0.5290862,-0.8189639,1
-0.4691455,0.6935313,-0.9824559,0.20740798,-0.5482128,-0.50077784,-0.8346103,1
-0.6739283,-0.2939176,-0.99457973,-0.17452648,-0.20212503,-0.540437,-0.85047346,0
-0.28665692,0.7455526,-0.983511,0.11787288,-0.4721505,-0.4825932,-0.8038311,2
-0.9167143,0.20221016,-0.98037094,0.42794603,-0.19770584,-0.6269145,-0.79094106,1
-0.22617742,0.706975,-0.98602563,-0.031891227,-0.4787295,-0.4973931,-0.79677284,2
-0.94067675,0.01435177,-0.9858389,0.17405105,-0.25725606,-0.5915612,-0.7980554,0
0.2258498,0.40048078,-0.98965526,-0.04402925,-0.123414546,-0.7099938,-0.7665732,2
-0.8423357,0.09084086,-0.9869945,0.08059514,-0.38002056,-0.57395035,-0.8111421,0
-0.86662155,0.16388184,-0.98295015,0.35377955,-0.17999846,-0.63440394,-0.8261901,1
-0.8468536,0.3012062,-0.98131734,0.40587234,-0.24914232,-0.600327,-0.8282273,1
-0.5263037,0.049424425,-0.99430364,-0.33654734,-0.31213698,-0.4982797,-0.77739197,0
-0.76535344,0.37555373,-0.98158514,0.38017184,-0.30223793,-0.5703549,-0.83673716,1
-0.63775545,0.21546736,-0.98902607,-0.05988401,-0.4039085,-0.416133,-0.83446085,0
-0.7954273,0.18349305,-0.98619634,0.1063998,-0.38630497,-0.544242,-0.8022275,0
-0.45998076,0.5682552,-0.9845446,0.1243102,-0.49577057,-0.52359545,-0.8346584,1
0.3999275,0.11905199,-0.99416965,0.1401435,-0.37558138,-0.68319416,-0.7758346,2
-0.8556219,0.2635385,-0.981909,0.40002656,-0.23159343,-0.5782919,-0.83130836,1
-0.7181785,0.053744003,-0.99218535,-0.22090384,-0.38004553,-0.46135208,-0.8212653,0
-0.061981052,0.049826175,-0.9907157,0.11641909,0.015705496,-0.5135651,-0.9146814,0
-0.44959822,0.29301804,-0.9912816,-0.19373897,-0.3739493,-0.48662785,-0.8025738,2
-0.5513902,-0.2866369,-0.99512523,-0.14842877,-0.14873062,-0.5503185,-0.8814192,0
-0.7669077,0.46440533,-0.97803056,0.51888484,-0.2835475,-0.61667055,-0.8119187,1
-0.8395175,0.18308923,-0.9839867,0.2804954,-0.24325514,-0.60920674,-0.8297847,1
-0.8949499,-0.030917495,-0.9901057,-0.05180642,-0.39147457,-0.5255564,-0.8237848,0
-0.17931584,0.7092584,-0.98666376,-0.011912286,-0.37350628,-0.45267805,-0.8296594,2
-0.8720252,0.13224202,-0.98433185,0.2662648,-0.24141482,-0.61045855,-0.82877886,1
0.08267653,0.5344894,-0.9812219,0.2984301,-0.028027028,-0.4255727,-0.7553671,2
-0.85452604,-0.011005729,-0.9898145,-0.061890647,-0.40515718,-0.53902406,-0.8156882,0
-0.002375096,0.7686905,-0.98721784,-0.116260394,-0.37873846,-0.521083,-0.79084796,2
-0.64455044,-0.32999408,-0.99660563,-0.17451042,-0.31770882,-0.5083476,-0.838633,0
0.14324409,0.5510904,-0.9897486,-0.054418594,-0.2692519,-0.7222426,-0.71862394,2
-0.78167164,0.11550525,-0.9899341,-0.10638052,-0.49799874,-0.4745439,-0.819417,0
-0.8947729,-0.05924201,-0.98997355,-0.040439308,-0.36351848,-0.53814286,-0.8196116,0
-0.87417483,0.11335605,-0.9838351,0.3012033,-0.15216142,-0.6115456,-0.81476057,1
-0.97677326,-0.08244681,-0.9859904,0.17140001,-0.1416594,-0.5953227,-0.7653811,0
-0.5766453,0.5799874,-0.9811449,0.32040206,-0.46030408,-0.55347633,-0.83798164,1
0.0030490756,0.63139254,-0.9872292,0.008416228,-0.23575243,-0.42786118,-0.80478376,2
-0.88250613,0.22137877,-0.9805203,0.4762649,-0.1165088,-0.6442612,-0.81445813,1
-0.77390337,0.26395664,-0.98460376,0.17392729,-0.38896057,-0.5463,-0.8138664,0
-0.6358624,0.36628562,-0.9835361,0.26688552,-0.17390572,-0.33733222,-0.8367168,0
-0.1602804,0.5853764,-0.988534,-0.08828986,-0.3894148,-0.46375406,-0.8016244,2
0.07759452,-0.65224963,-0.9994056,0.1098427,-0.5615125,-0.74420196,-0.6934781,0
0.09752387,-0.11300531,-0.9956383,-0.0988294,-0.19361532,-0.84218866,-0.70692176,2
0.13070542,-0.48264432,-0.99326074,0.4557255,-0.6096151,-0.56158453,-0.7763621,2
-0.2731452,0.04665245,-0.9909121,-0.037387803,-0.1357138,-0.5697974,-0.8348196,2
-0.28713983,-0.17675063,-0.96703655,0.20284775,-0.23304375,-0.35814863,-0.7849269,0
-0.7638596,0.19768715,-0.9864176,0.13216728,-0.3376087,-0.52867097,-0.825674,1
0.13671482,-0.20173404,-0.99169654,0.34516189,-0.3322883,-0.5425199,-0.8576717,2
-0.81233144,0.32874584,-0.9803303,0.47201732,-0.19199166,-0.61250925,-0.83074653,1
-0.6909231,0.33561525,-0.98696417,-0.006684929,-0.56487006,-0.48575422,-0.8195969,0
-0.7833415,0.27011842,-0.98216146,0.33845088,-0.2715587,-0.62664104,-0.8246675,1
-0.7746829,0.45337546,-0.98021287,0.43086547,-0.28652874,-0.5667666,-0.82966626,1
-0.66411436,0.4345187,-0.9843502,0.1825189,-0.44249612,-0.47004738,-0.84109885,0
-0.34916446,0.6566434,-0.98560286,0.06449341,-0.48297673,-0.47826353,-0.8238236,2
-0.342573,0.00092093647,-0.9922153,-0.057032213,0.07801989,-0.40656003,-0.9044684,0
-0.22884414,-0.2584752,-0.9977976,-0.20559415,-0.09189704,-0.45450324,-0.89719,0
-0.1414142,0.7113327,-0.9863506,0.040641762,-0.27875638,-0.43872607,-0.83526444,2
-0.5187911,0.5258063,-0.98351043,0.22786406,-0.3984593,-0.5474916,-0.8410698,1
-0.081141144,0.37951356,-0.9892481,-0.08264108,-0.13879783,-0.5977567,-0.81699973,2
-0.6671531,0.378797,-0.9831844,0.26604816,-0.35175726,-0.5614296,-0.8283995,1
-0.5815199,0.16521057,-0.9904727,-0.12444201,-0.327421,-0.4291967,-0.8129858,0
0.15468496,0.9100662,-0.9863004,-0.036302716,-0.26320726,-0.56448627,-0.783079,2
-0.9395927,0.015898779,-0.98542035,0.21335728,-0.20274782,-0.60957223,-0.8089441,0
-0.26598454,0.6690101,-0.9870151,-0.037286416,-0.43426728,-0.45226055,-0.8164323,2
-0.5423132,0.13917911,-0.99373156,-0.3219055,-0.3984299,-0.4605965,-0.784395,1
-0.8883443,0.15637708,-0.9808244,0.430413,-0.0818674,-0.6191357,-0.7915915,1
-0.64923435,0.09365508,-0.9920351,-0.22350642,-0.39179373,-0.4657101,-0.8162949,0
0.5220869,0.4069262,-0.9910674,0.0017880499,-0.07875806,-0.77309626,-0.772715,2
0.06253904,0.40071565,-0.9909618,-0.12204835,-0.10662627,-0.6187983,-0.7797313,2
-0.85237247,0.18360232,-0.9834248,0.32523257,-0.20138115,-0.6104595,-0.836686,1
-0.83934313,0.2093307,-0.98267215,0.3608957,-0.2051982,-0.6201239,-0.82514584,1
-0.43081316,0.1705418,-0.9922443,-0.24522206,-0.21351558,-0.4031965,-0.85955644,0
-0.2970901,-0.5965954,-0.9970387,0.069952324,-0.23084939,-0.43214288,-0.9295366,0
-0.75577766,0.41719228,-0.9806393,0.3770448,-0.35030347,-0.5007937,-0.81049216,0
0.32457566,-0.37632656,-0.9907602,0.61935437,-0.66886276,-0.503659,-0.78398854,2
-0.46853364,0.5950669,-0.98451823,0.095654085,-0.5401504,-0.49853936,-0.8206075,2
-0.83583665,-0.050860405,-0.99276376,-0.18764868,-0.413572,-0.4784777,-0.8314437,0
-0.8002,0.11953761,-0.98327,0.1944329,-0.13232443,-0.37992847,-0.72738093,0
-0.69156617,0.35760605,-0.9834414,0.24373601,-0.33367774,-0.5130453,-0.8107867,1
0.34751558,-0.0748474,-0.99065495,0.39521173,-0.19870675,-0.6500182,-0.8493627,2
-0.76395893,0.07721941,-0.990286,-0.06447053,-0.37640935,-0.507977,-0.8219655,0
-0.16559654,-0.033214808,-0.9792777,-0.07024412,0.08473545,-0.29592186,-0.8187137,0
-0.46409234,-0.42366767,-0.9928738,-0.026418492,-0.47654337,-0.39192384,-0.8585706,0
-0.6619666,0.65535635,-0.9779506,0.512886,-0.37000465,-0.545126,-0.83787507,1
0.05323738,0.4006968,-0.9900954,-0.028693825,-0.031980366,-0.5201225,-0.8491824,2
-0.7052207,0.29044136,-0.9861211,0.13064681,-0.3619992,-0.5379583,-0.83574545,1
-0.7540336,0.15320049,-0.9879923,-0.004534036,-0.41777712,-0.5154085,-0.81014776,0
0.390557,0.08793081,-0.98842174,0.43494794,-0.027846754,-0.5348929,-0.92053735,2
0.37469703,0.24645579,-0.9875948,0.32385793,0.09983629,-0.5453611,-0.9250723,2
-0.3116167,-0.59483105,-0.9857179,0.21003926,-0.2995632,-0.33114266,-0.8718351,0
0.2713406,0.16578367,-0.986409,0.20854068,0.07446784,-0.35247144,-0.85823065,0
0.60420984,0.010407001,-0.99139255,0.45095286,0.012207538,-0.5956359,-0.7851402,2
-0.49111894,0.010933563,-0.9938575,-0.26707137,-0.2069782,-0.45300055,-0.8624427,0
-0.7366147,0.54789746,-0.96921974,0.6546779,-0.06854294,-0.43980002,-0.64423454,1
-0.96195436,-0.18667763,-0.9902731,-0.0291017,-0.23279244,-0.5568879,-0.7893925,0
-0.7293414,0.38401046,-0.98120576,0.37982374,-0.28354472,-0.6118646,-0.82455945,1
-0.4784262,0.29918364,-0.9912175,-0.2307604,-0.3968736,-0.46209133,-0.8084781,0
-0.6106554,0.2818007,-0.9895237,-0.0805513,-0.38131407,-0.48020297,-0.82725656,1
0.030782402,0.2094576,-0.99121153,-0.12145862,-0.198397,-0.71135336,-0.7507336,2
-0.72102135,0.2325505,-0.98705465,0.09125799,-0.37143186,-0.49799725,-0.8402859,1
-0.22797292,0.5949333,-0.987125,0.051284462,-0.22494167,-0.37995988,-0.8505429,2
-0.4489227,0.41684705,-0.9872161,0.029402226,-0.34183007,-0.52838767,-0.8025609,1
0.41439545,-0.30618936,-0.996804,0.20427981,-0.48355672,-0.8578242,-0.6671635,2
-0.48921084,0.43618125,-0.9875011,-0.037375435,-0.47669885,-0.5095703,-0.8064142,2
0.005770594,-0.024224728,-0.9945037,-0.00332354,-0.20791474,-0.76048124,-0.7487026,2
0.53959745,-0.22509941,-0.9880266,0.62781835,-0.25303245,-0.36929023,-0.94196665,2
-0.83160627,0.4750691,-0.97210544,0.6982361,-0.06227784,-0.60142654,-0.75286955,1
-0.89485514,0.07346088,-0.9876347,0.06344916,-0.40064508,-0.5290181,-0.8225515,0
-0.22621334,0.15371561,-0.99240303,-0.20069286,-0.10358061,-0.44715324,-0.8567958,0
-0.517726,0.29770684,-0.98903364,-0.052193344,-0.3666525,-0.4576852,-0.82045895,2
0.3428681,-0.64959776,-0.9753919,0.8037107,-0.7089263,-0.17675275,-0.8570607,2
-0.47736552,0.6773298,-0.98180264,0.28413337,-0.4321344,-0.5013355,-0.83591056,2
-0.8597013,0.010924488,-0.9892217,-0.008952439,-0.3744306,-0.54782057,-0.8137531,0
-0.7889046,0.12477459,-0.9881008,0.0091909915,-0.3982994,-0.5325037,-0.81705093,1
-0.20945159,0.6600206,-0.98752016,-0.090708,-0.4463626,-0.53175914,-0.7796223,2
-0.8874183,-0.08515149,-0.9898452,-0.044245496,-0.31472117,-0.5428298,-0.7957945,0
-0.8549725,0.1563893,-0.983359,0.34433043,-0.15527149,-0.63088256,-0.8290746,1
-0.0979943,0.059422523,-0.9954164,-0.28785267,-0.23340026,-0.5405987,-0.8397569,0
-0.98817766,0.02967307,-0.9825129,0.3009119,-0.14762326,-0.62216914,-0.7430676,0
-0.813538,0.060861766,-0.9869518,0.10039761,-0.28371146,-0.55663353,-0.80288523,1
-0.54226655,0.66272026,-0.9797695,0.42356873,-0.33084196,-0.4724211,-0.8545242,2
-0.36866266,-0.43151116,-0.99495715,-0.03132908,-0.28184685,-0.51639134,-0.8973938,0
0.54406923,-0.060523093,-0.9886443,0.5915203,0.08371556,-0.34760806,-0.9837999,2
-0.48266274,0.44643047,-0.98624665,0.06569626,-0.438098,-0.49947733,-0.82035893,1
-0.8325066,0.39805913,-0.9763811,0.6272434,-0.09719366,-0.64008933,-0.7826652,1
-0.8603824,0.20097159,-0.9823337,0.37561885,-0.16618772,-0.59474105,-0.8025832,1
-0.4586001,0.5315496,-0.98647016,0.01958026,-0.4957465,-0.48588678,-0.8208129,2
-0.409321,0.6295785,-0.9840803,0.069838494,-0.55665624,-0.48637855,-0.79995704,2
0.42499775,-0.60835373,-0.989762,0.8386852,-0.8117181,-0.3623171,-0.82981133,2
-0.35598233,0.48699996,-0.9884611,-0.041211143,-0.34875143,-0.4411756,-0.8416426,2
-0.85952246,0.11069084,-0.9861241,0.18214844,-0.2824862,-0.57042843,-0.8379733,0
0.5085974,0.12532583,-0.99164474,0.30253398,-0.21087858,-0.74295247,-0.8182591,2
-0.73988396,0.33174336,-0.9846053,0.121314585,-0.4463148,-0.48250479,-0.79437023,0
-0.7830772,0.181036,-0.9867884,0.08610303,-0.43627626,-0.5406753,-0.8238702,0
-0.50893193,0.010317847,-0.9927239,-0.23327008,-0.24132171,-0.54912525,-0.7856566,0
-0.8893225,0.10226168,-0.98546755,0.2041183,-0.27302283,-0.57485336,-0.83311766,1
-0.06324649,0.571847,-0.988664,-0.087551296,-0.2753298,-0.5003174,-0.7882189,2
-0.40726036,-0.35088336,-0.9908333,0.11435486,-0.0630485,-0.26770148,-0.8707363,0
-0.8395968,0.27255192,-0.97385746,0.45622933,-0.08967586,-0.553983,-0.6813009,1
-0.7621464,0.39335716,-0.98097914,0.42177245,-0.25598216,-0.54626215,-0.8428585,1
-0.770167,0.4689383,-0.9781074,0.5511064,-0.2436644,-0.6045475,-0.84783125,1
-0.8332808,0.23279382,-0.981914,0.41381958,-0.13351482,-0.61752295,-0.8398484,1
-0.09732053,0.13484445,-0.99214906,-0.27862588,-0.036233604,-0.41471827,-0.8594434,0
0.14605153,0.34616974,-0.987917,0.041368566,-0.062211007,-0.6490023,-0.83909935,2
-0.04504618,0.70600176,-0.98798984,-0.08704807,-0.31011406,-0.49752173,-0.8130602,2
0.48892885,-0.4690225,-0.98566896,0.8448006,-0.5688056,-0.33940375,-0.81630427,2
-0.21723586,0.6474503,-0.9869502,-0.04934621,-0.47510472,-0.5062686,-0.78768253,2
-0.32187557,-0.10655561,-0.9935501,-0.10491267,-0.12728252,-0.5849811,-0.85852575,2
-0.9294789,-0.14757061,-0.9912432,-0.096542865,-0.3464601,-0.54846036,-0.8119688,0
-0.88211226,-0.09963378,-0.99184257,-0.14789245,-0.4192296,-0.51392657,-0.816073,0
-0.795828,0.21384433,-0.98314434,0.25546116,-0.22416303,-0.5267387,-0.7822392,1
-0.32214066,0.7069161,-0.9857827,0.0057574213,-0.5323078,-0.48582095,-0.8079505,2
-0.79495597,0.23692626,-0.9847295,0.19992208,-0.3543177,-0.5390175,-0.80925155,0
-0.96858823,0.036421448,-0.9685274,0.2987146,-0.022589177,-0.39190793,-0.51798475,1
-0.8757198,0.018587425,-0.9876767,0.08645159,-0.3086125,-0.5727919,-0.8067741,0
-0.24793363,0.6119521,-0.9862184,-0.0059896708,-0.4370029,-0.4535763,-0.8054058,2
0.12626737,0.7430676,-0.9883844,-0.13804343,-0.3194362,-0.5977635,-0.7598881,2
0.20133227,0.05780813,-0.99123895,0.27112618,-0.1238216,-0.5378114,-0.90385216,2
-0.13474172,0.6691345,-0.9876072,-0.08810547,-0.4115767,-0.5209686,-0.78956336,2
-0.62959546,0.41696244,-0.98518616,0.1058874,-0.4941271,-0.51143306,-0.830954,1
-0.8778142,-0.10645017,-0.9920771,-0.1539098,-0.37507898,-0.4671265,-0.8137595,0
-0.81427854,0.19601138,-0.9857915,0.14462334,-0.35293198,-0.5473081,-0.821221,0
-0.5572209,0.53197944,-0.98326665,0.22364305,-0.41972718,-0.5285001,-0.84429735,1
0.5865496,-0.12904063,-0.9915071,0.6108935,-0.2953183,-0.549417,-0.887848,2
-0.83279,0.21924183,-0.9812507,0.44641438,-0.06801286,-0.61100817,-0.8210529,1
-0.7769493,0.41656202,-0.98033065,0.374916,-0.34718108,-0.494562,-0.80801356,0
-0.8578434,0.104223505,-0.9860277,0.159627,-0.26298967,-0.5523852,-0.80270344,1
-0.83409786,-0.090025365,-0.993416,-0.20051247,-0.38199443,-0.481828,-0.83371794,0
-0.828349,0.24258828,-0.98194057,0.41799572,-0.1404974,-0.6069309,-0.8373685,1
-0.81622374,-0.020634592,-0.9918086,-0.1498048,-0.39738208,-0.49022362,-0.82440716,0
0.11612213,0.6385297,-0.98634875,0.07553006,-0.08986005,-0.48571151,-0.8549819,2
-0.3103439,0.6477622,-0.98387605,0.23270525,-0.22113223,-0.33914578,-0.88270855,2
-0.40942585,0.52423584,-0.98644125,0.038084805,-0.42459267,-0.49926156,-0.81646246,1
-0.93016565,-0.20037973,-0.99204075,-0.12593755,-0.31149134,-0.55027837,-0.8076916,0
-0.75185484,0.22461551,-0.9865325,0.07913199,-0.37013754,-0.51837146,-0.8038919,0
-0.75887394,0.36047715,-0.97296643,0.3528233,-0.26874724,-0.49224755,-0.76811075,1
-0.9260522,-0.090350926,-0.98992646,-0.044334233,-0.35022336,-0.5228693,-0.81362647,0
-0.11879942,0.7019923,-0.98693913,-0.07515152,-0.40464443,-0.52366734,-0.79006165,2
-0.8500999,0.23524894,-0.98287964,0.300195,-0.32702085,-0.5575018,-0.8178078,0
-0.3806304,0.40941787,-0.9896417,-0.11964652,-0.34924385,-0.5121189,-0.80315316,2
-0.3237,0.69072354,-0.9852332,0.086119086,-0.46857965,-0.4577306,-0.8350878,2
-0.6845406,0.35222054,-0.9854363,0.11653878,-0.42652068,-0.50869894,-0.82054144,0
-0.8973379,-0.10330114,-0.99051255,-0.042455927,-0.2967206,-0.5551803,-0.82431334,1
-0.26939845,0.62604046,-0.9862374,-0.038958818,-0.50785327,-0.5404672,-0.7735859,2
-0.40581012,0.36469638,-0.990671,-0.17050591,-0.37766683,-0.50393856,-0.8040609,2
-0.6668116,-0.0830175,-0.99399805,-0.26338974,-0.21698728,-0.4860271,-0.83539146,0
-0.080558896,-0.34142214,-0.9957179,0.13133198,-0.38806427,-0.6327035,-0.8245975,0
-0.8499748,0.15841551,-0.9845458,0.27442837,-0.20516786,-0.5888894,-0.8357355,1
-0.76161104,0.41538528,-0.9808703,0.39471036,-0.35052553,-0.5762937,-0.83383167,1
-0.90165174,-0.07124874,-0.99028504,-0.06602919,-0.3824281,-0.5343792,-0.81372976,0
-0.92817605,0.024722219,-0.9838571,0.30938587,-0.08905816,-0.5931078,-0.7884829,1
-0.7452483,-0.17244932,-0.9946622,-0.27365172,-0.25631177,-0.49113607,-0.8329057,0
0.1482116,0.21526286,-0.99176764,-0.17346916,-0.16019861,-0.7315519,-0.7437581,2
-0.57480836,-0.24380088,-0.99671763,-0.28281915,-0.11271837,-0.58333784,-0.85448986,0
-0.902074,-0.10507998,-0.98816264,-0.029065073,-0.28694272,-0.49246627,-0.7411839,0
-0.47299188,0.7197387,-0.98101234,0.28681707,-0.38588515,-0.44641787,-0.8415868,0
-0.7919524,0.25248224,-0.9842391,0.2470325,-0.28568968,-0.5777257,-0.8352174,1
-0.6856514,0.41975302,-0.9835278,0.22325337,-0.4492953,-0.49603844,-0.8299986,0
-0.1149582,0.0035089403,-0.9946087,-0.10094589,-0.1860309,-0.7194733,-0.7657275,2
-0.822942,0.30859566,-0.9808572,0.43194443,-0.24958915,-0.6215082,-0.8314764,1
-0.96407104,-0.12201804,-0.9886014,0.056225874,-0.22408465,-0.5880723,-0.7980353,0
-0.8240639,0.18910258,-0.9769768,0.30381685,-0.1410004,-0.42223197,-0.6792994,0
-0.90697414,0.17293681,-0.98051506,0.47148532,-0.08316687,-0.6492683,-0.8010821,1
0.40208894,0.051335797,-0.9956678,0.051761515,-0.12775128,-0.79759455,-0.7558332,2
-0.7038199,0.5981375,-0.9766692,0.5640427,-0.27062777,-0.5492258,-0.7961779,1
-0.85659003,0.14909354,-0.9833216,0.31769103,-0.19517742,-0.6315312,-0.81385875,1
-0.6547351,0.06120099,-0.9914474,-0.14328346,-0.31960422,-0.52178884,-0.81127304,0
0.15700644,-0.037970424,-0.9923821,0.13394234,-0.26352102,-0.8049755,-0.7512154,2
-0.4169642,-0.27380615,-0.99589294,-0.21295142,-0.1549657,-0.58602977,-0.8570445,0
-0.25060475,0.5629089,-0.988697,-0.107629895,-0.3686044,-0.5181246,-0.79580075,2
0.04039395,0.6579027,-0.98611856,0.08855578,-0.07495028,-0.46361166,-0.85607177,2
-0.8728389,-0.010119066,-0.98912185,-0.02437748,-0.39557606,-0.55500877,-0.81253314,0
-0.70832443,0.4356581,-0.9813096,0.31155083,-0.34416568,-0.5312541,-0.81542057,1
-0.4675072,0.68651223,-0.9831644,0.17898098,-0.51956034,-0.48657036,-0.83624977,2
-0.6313011,0.41400212,-0.98495466,0.1414949,-0.43986887,-0.53297997,-0.830022,1
-0.75535804,-0.03797227,-0.9930828,-0.22678557,-0.30502948,-0.46496844,-0.8288955,0
-0.82180333,0.47188795,-0.97618175,0.6354452,-0.22081706,-0.63055134,-0.8064259,1
-0.48167714,-0.26359648,-0.9904323,-0.099529505,-0.3483984,-0.44917244,-0.86153686,0
-0.44741568,0.22456276,-0.9893435,-0.07145119,-0.27297562,-0.49150777,-0.7934851,2
-0.71709436,0.35350624,-0.9829989,0.28015977,-0.33329773,-0.55089873,-0.8323814,1
-0.7485218,-0.05642712,-0.9950924,-0.3122824,-0.37445423,-0.47014096,-0.82506734,0
-0.6282743,0.49932444,-0.9823702,0.24339959,-0.42627597,-0.49439216,-0.82650167,2
-0.5831239,0.3019026,-0.9878081,-0.016327545,-0.31549338,-0.44119444,-0.8263854,0
-0.8863387,-0.0979183,-0.9921922,-0.15719265,-0.40226698,-0.50971127,-0.82308537,0
-0.7894917,0.24581274,-0.98393077,0.27583727,-0.28506914,-0.57053226,-0.828224,1
-0.8224788,0.09553927,-0.9888654,-0.029664055,-0.45994288,-0.5241959,-0.8184731,0
-0.7499722,0.30168265,-0.97510064,0.20969152,-0.2948791,-0.47719827,-0.7644199,0
-0.84882665,-0.014103889,-0.9899736,-0.051154435,-0.389422,-0.53384185,-0.81670654,0
-0.8926873,0.119529404,-0.98471797,0.20367186,-0.32310924,-0.58178765,-0.8100066,0
-0.86212945,-0.0055454373,-0.9907602,-0.11591631,-0.4667799,-0.5086544,-0.81947434,0
-0.40935582,0.7748338,-0.98166835,0.21151856,-0.5371989,-0.4767502,-0.8279399,1
-0.945788,0.0015063882,-0.985946,0.16479994,-0.22969607,-0.6047825,-0.80521286,0
-0.8450714,0.22152187,-0.9823514,0.3717293,-0.17647988,-0.5831237,-0.81223446,1
-0.012987018,0.08812092,-0.99084103,0.032922924,-0.037207574,-0.57999516,-0.8679631,2
-0.8805485,-0.048073202,-0.9895211,0.011316925,-0.26480636,-0.555963,-0.8201272,1
-0.830456,0.05739011,-0.988002,0.06109365,-0.31808662,-0.5301566,-0.82013804,0
-0.42491907,0.58936954,-0.9850112,0.04754643,-0.5378405,-0.5067534,-0.8045002,1
-0.84897304,0.12177561,-0.9848258,0.19835478,-0.27964503,-0.60825384,-0.8123394,1
0.6527913,0.051864058,-0.9948895,0.29181445,-0.13712323,-0.78319293,-0.7567353,2
-0.961239,-0.0017052591,-0.9834663,0.27480876,-0.115799844,-0.56697387,-0.75770783,0
-0.6821511,0.6335413,-0.97821575,0.47206208,-0.42075342,-0.556519,-0.83407885,1
-0.28522557,0.19969036,-0.99215186,-0.233922,-0.30556512,-0.6253744,-0.7673531,2
-0.52183515,0.44452956,-0.9887221,-0.07382761,-0.46618688,-0.47359067,-0.8224657,2
0.12538815,0.47417122,-0.9897959,0.0065113753,-0.18022212,-0.60881686,-0.7626502,2
-0.18452686,-0.34153897,-0.99109745,0.33538172,-0.40244135,-0.43967065,-0.86678123,0
0.44690603,-0.5591182,-0.99210584,0.8149386,-0.76478505,-0.40649772,-0.82361466,2
0.23753923,0.53308713,-0.9859278,0.120517485,-0.062019452,-0.4003051,-0.80089647,2
-0.7452235,0.22816643,-0.9871229,0.02100373,-0.46406847,-0.4960904,-0.8128022,0
-0.034966826,0.32791585,-0.98855305,-0.08106351,-0.17444578,-0.6484169,-0.8008687,2
-0.6100326,0.24741113,-0.98867965,-0.034455255,-0.3070006,-0.43320182,-0.8155716,0
-0.61591434,0.32433167,-0.98677063,0.063494235,-0.41619033,-0.53872246,-0.82408243,1
-0.59801733,0.2888166,-0.9875674,-0.03457737,-0.38861766,-0.51425797,-0.79840183,0
-0.5167222,-0.3999111,-0.9978019,-0.14617097,-0.23386423,-0.51903135,-0.8728844,0
-0.8394709,0.2707193,-0.9808036,0.4546898,-0.18578088,-0.6344639,-0.8283132,1
-0.9395236,-0.1285409,-0.9901217,-0.024039969,-0.28399572,-0.55467016,-0.81142706,0
-0.75213253,0.59736013,-0.9736186,0.6812041,-0.17504528,-0.527382,-0.75017774,1
-0.78445935,0.24198507,-0.9854577,0.13395572,-0.42216146,-0.49224383,-0.8258928,0
0.022692382,0.48023644,-0.9854861,0.18422456,-0.14501494,-0.33475053,-0.8307378,2
-0.39874247,0.23383321,-0.99276936,-0.25898364,-0.3411221,-0.5454529,-0.77645415,2
-0.9729574,-0.18685266,-0.98942417,0.008119948,-0.18587701,-0.5645412,-0.7760483,0
-0.49067873,0.7170621,-0.98132336,0.28623483,-0.5288103,-0.5203804,-0.8459539,2
-0.7966505,0.50891006,-0.9766603,0.63117254,-0.2050576,-0.59980494,-0.83015865,0
-0.823475,0.3265307,-0.97989684,0.4436847,-0.17351814,-0.59598327,-0.7854914,1
-0.8205186,0.3948558,-0.97801405,0.5628872,-0.16616729,-0.62405354,-0.80219656,1
0.23730028,0.65015763,-0.98619634,0.16862845,0.06328136,-0.39196792,-0.89961106,2
-0.54695475,0.19068271,-0.99141973,-0.17550394,-0.38030306,-0.48294646,-0.80904865,2
-0.4332053,-0.23943093,-0.98964006,-0.077820286,0.0522213,-0.3414287,-0.7939588,0
-0.2212337,0.4043329,-0.9866271,-0.028135508,-0.15661372,-0.5471517,-0.77737695,0
-0.019921392,0.44731277,-0.98824054,-0.05059126,-0.15700457,-0.6114206,-0.8168349,2
0.5177078,-0.4646452,-0.99251574,0.30706352,-0.40951502,-0.77774465,-0.70778763,2
-0.7567863,0.40982726,-0.98103887,0.38550484,-0.31332028,-0.5239473,-0.8309004,1
-0.10280654,0.61593735,-0.98759836,-0.045890808,-0.28310978,-0.55929255,-0.78833437,2
0.472089,-0.10291472,-0.99141586,0.50724906,-0.124769494,-0.5377481,-0.9098505,2
-0.92042774,-0.044534683,-0.9887149,0.05693508,-0.26655537,-0.52018017,-0.8076812,0
-0.6739315,0.71865726,-0.97601396,0.6065686,-0.3803621,-0.5932385,-0.83123094,1
-0.7648103,0.3462337,-0.9828781,0.29128343,-0.3402802,-0.5669039,-0.8174234,1
-0.7859691,0.33789203,-0.9801014,0.44853362,-0.26439983,-0.596516,-0.8077371,1
-0.8284127,0.07959542,-0.9892639,-0.033139125,-0.41583976,-0.4942335,-0.82500917,0
-0.9047257,-0.12697774,-0.9904969,-0.03255093,-0.20960677,-0.52079403,-0.80513966,1
-0.9033351,-0.043715835,-0.9877608,0.085902736,-0.18874997,-0.54696476,-0.79468215,1
-0.105935544,-0.046583056,-0.99123603,0.21714364,-0.027621955,-0.48144752,-0.8819051,2
-0.1443865,0.6212984,-0.9879966,-0.10942775,-0.3717726,-0.5283808,-0.7833072,2
-0.37053066,0.07508418,-0.9925524,-0.2044391,-0.21948831,-0.5761385,-0.796166,0
-0.8348167,0.03671229,-0.97561264,0.15027168,-0.057467118,-0.26136863,-0.51860213,1
-0.89739263,-0.10872626,-0.9913983,-0.11442165,-0.38286248,-0.5326893,-0.8187219,0
-0.8217288,0.3710022,-0.97850895,0.5601401,-0.15413353,-0.62439704,-0.8310294,1
-0.3427524,0.36490566,-0.9899894,-0.12700668,-0.3191921,-0.5258366,-0.79677004,2
-0.86366916,-0.013012826,-0.99068004,-0.046797544,-0.30428505,-0.49834895,-0.8444227,0
0.32705903,-0.5044395,-0.9922938,0.59166807,-0.7678527,-0.5741427,-0.74815506,2
-0.7750664,0.41712594,-0.9824127,0.26936418,-0.43578517,-0.5274749,-0.83853906,1
-0.62768334,0.39660537,-0.98317146,0.25075358,-0.30981204,-0.44737634,-0.8135791,1
-0.90076405,-0.022669137,-0.9893644,0.0009962618,-0.34498748,-0.5342281,-0.8236883,0
-0.6293795,0.014926359,-0.99419445,-0.28481084,-0.25862953,-0.42393315,-0.859651,0
-0.8786972,0.26124007,-0.9800229,0.44833636,-0.14722052,-0.6097564,-0.77822083,1
-0.20093998,0.6037702,-0.9875815,-0.109209046,-0.44349542,-0.52944106,-0.7795736,2
0.054910958,0.75173235,-0.98902076,-0.14878696,-0.25866252,-0.5436181,-0.79667974,2
-0.5893399,0.4265885,-0.9848649,0.14974144,-0.37409213,-0.48892117,-0.83326983,1
-0.7939875,0.25238717,-0.9853133,0.18167017,-0.3358009,-0.54560786,-0.82798856,1
0.14304572,0.1634739,-0.9945533,-0.086982444,-0.08484177,-0.73919535,-0.77188194,2
0.4069689,-0.5385584,-0.97996277,0.7752912,-0.62875044,-0.20274472,-0.8809253,2
-0.23338675,0.7066561,-0.9863757,-0.07455887,-0.5365971,-0.51327616,-0.7785239,1
0.010468245,-0.2652514,-0.99051124,0.4505247,-0.5188121,-0.47042465,-0.7865966,2
-0.48463443,0.33666736,-0.99009055,-0.15595275,-0.41205987,-0.4519018,-0.80932206,0
-0.6586207,0.55135655,-0.9794597,0.36862183,-0.43190414,-0.53956336,-0.80615866,1
-0.85706484,0.24113026,-0.9811722,0.4145805,-0.177335,-0.599946,-0.79981244,1
0.1457836,0.48699605,-0.99107444,-0.17872155,-0.18789122,-0.66928446,-0.7453565,2
-0.8899554,-0.021862686,-0.9872735,0.14132291,-0.1699977,-0.5518106,-0.8128792,1
-0.27711475,-0.4881345,-0.9999392,-0.032380357,-0.16384435,-0.4934062,-0.92353404,0
-0.836871,0.20806208,-0.9830984,0.32614124,-0.2354368,-0.60151523,-0.8260848,1
0.16012323,0.22155693,-0.9938376,-0.034915492,-0.30277002,-0.6932496,-0.7638806,2
-0.90075433,-0.09719911,-0.9907806,-0.08725397,-0.37841493,-0.5427335,-0.8131439,0
-0.3853883,-0.047584742,-0.99620587,-0.2863163,-0.10233967,-0.52346206,-0.890786,0
-0.7891822,0.34843823,-0.98009485,0.4675545,-0.20627522,-0.61763227,-0.8262411,1
-0.36688128,-0.14217538,-0.99487174,-0.17376181,-0.02884978,-0.42708558,-0.89450485,0
-0.8904665,0.33337766,-0.97659826,0.6453978,-0.05237557,-0.6455626,-0.7910387,1
0.12612283,0.54096794,-0.9898239,-0.029069632,-0.14450793,-0.5873459,-0.8204676,2
-0.85905164,0.15239677,-0.9839364,0.29764888,-0.18207465,-0.60445124,-0.80731016,1
-0.8515638,0.06569964,-0.9889085,-0.032202765,-0.44832546,-0.5186788,-0.8188953,0
-0.73156583,0.64206797,-0.97508407,0.649774,-0.3084434,-0.6112099,-0.8154355,1
-0.61685747,0.42930466,-0.98362124,0.18901926,-0.44175428,-0.55075157,-0.81737,2
-0.89989823,-0.1204859,-0.991447,-0.101956084,-0.3358224,-0.5210634,-0.8236101,0
-0.042424917,0.7617683,-0.98605317,0.028945923,-0.3315901,-0.46284357,-0.79374045,2
-0.88835686,-0.09666884,-0.99068123,-0.035916775,-0.27174214,-0.55426955,-0.8270841,1
-0.79576766,0.32257253,-0.98095167,0.44128597,-0.19959946,-0.6139944,-0.82624954,1
-0.13869637,0.75472087,-0.98492,0.112756886,-0.25448054,-0.3981719,-0.83174896,2
-0.39116,0.47523123,-0.98914516,-0.14485425,-0.45034382,-0.4493501,-0.8116131,0
-0.7770885,-0.024463475,-0.9921017,-0.17991787,-0.3964165,-0.5075046,-0.8131786,0
0.3887301,0.22475739,-0.9883131,0.30692124,0.09397811,-0.5464757,-0.9186469,2
-0.52879786,0.40756345,-0.98585266,0.07483265,-0.45209163,-0.54751706,-0.81418645,2
0.46550775,-0.08255914,-0.9901572,0.4632232,-0.49903786,-0.6333596,-0.8049461,2
-0.9766421,-0.2513323,-0.990471,-0.07267363,-0.1855416,-0.53054667,-0.74238473,0
-0.8048663,0.31157318,-0.9817258,0.36338428,-0.29278857,-0.5935301,-0.8279233,1
-0.4332136,-0.10748026,-0.99538076,-0.1779595,-0.1895059,-0.47476375,-0.87794834,0
-0.83467615,0.23832336,-0.98271734,0.33566594,-0.26793212,-0.5976545,-0.83333516,1
-0.86080587,0.1112613,-0.9845902,0.2783631,-0.17396535,-0.6260937,-0.82855904,1
-0.9556544,0.012437388,-0.98273784,0.31520557,-0.07986808,-0.6155066,-0.74517,0
-0.51799774,0.5438709,-0.98367536,0.18586193,-0.3089234,-0.42417103,-0.8604052,0
-0.59609914,-0.16072199,-0.99659353,-0.38710785,-0.20494303,-0.54069465,-0.81925297,0
0.01883614,0.7338216,-0.98746777,-0.092035264,-0.3561337,-0.55383897,-0.7739631,2
-0.31714922,0.82779723,-0.9831724,0.119137734,-0.5764241,-0.46635982,-0.8255128,2
-0.38353541,0.5993871,-0.9858987,-0.0077031255,-0.5026884,-0.502345,-0.7944965,2
-0.42976823,0.7241572,-0.98145974,0.2705137,-0.4863863,-0.50088173,-0.8300587,2
-0.122885734,0.409373,-0.9906986,-0.18968803,-0.259417,-0.6533073,-0.7586375,2
-0.87580824,0.021471262,-0.98838896,-0.002897665,-0.38918895,-0.51520413,-0.79524654,0
0.06098813,0.47317553,-0.988036,0.03626336,-0.017365456,-0.4838369,-0.8619024,2
-0.6755978,0.19771498,-0.98813313,-0.03904268,-0.35480618,-0.5145908,-0.79251105,0
-0.59229887,0.30763924,-0.9876948,0.031418473,-0.37701005,-0.5169338,-0.827262,1
-0.8558319,-0.09490055,-0.9937984,-0.25372735,-0.41276717,-0.47754276,-0.8153467,0
-0.797315,0.08711983,-0.99094504,-0.14834228,-0.45822826,-0.46159655,-0.81991243,0
-0.57597303,-0.14296672,-0.99495244,-0.28216517,-0.25850716,-0.5470032,-0.8097339,0
-0.124798656,0.35187793,-0.9923391,-0.22669768,-0.18125044,-0.6062754,-0.7804096,2
-0.78280395,0.21782278,-0.98539686,0.15533699,-0.36923063,-0.5545393,-0.8092171,0
-0.86549675,0.20779496,-0.9787546,0.51567835,-0.027983874,-0.60289973,-0.75967985,1
-0.090445995,0.25968504,-0.99380153,-0.2800633,-0.121681735,-0.62717324,-0.7707544,2
-0.11915207,0.120975584,-0.9935155,-0.122544706,0.011141896,-0.43335283,-0.9272111,0
-0.022930443,0.49678108,-0.9852499,0.19854131,0.076869845,-0.37182474,-0.90690714,2
-0.36804312,0.62010944,-0.98535675,0.08360607,-0.4028713,-0.42662293,-0.8329725,2
-0.9090397,-0.08945486,-0.98951614,-0.016499206,-0.32436687,-0.56842816,-0.79941356,0
-0.4998484,0.7128187,-0.981241,0.30811548,-0.49104917,-0.49226478,-0.8465117,2
-0.3196453,0.64368737,-0.9843068,0.035059236,-0.5037558,-0.47999823,-0.79148847,2
-0.4848347,0.54550165,-0.9846731,0.1216845,-0.46326393,-0.5076531,-0.83721894,1
-0.2792973,0.76800376,-0.9850646,0.0075602233,-0.57241166,-0.47652853,-0.80121905,2
-0.9017532,-0.12085086,-0.9917077,-0.13706893,-0.38464507,-0.5053769,-0.80988526,0
-0.5572095,0.77629006,-0.97837484,0.4255503,-0.45479718,-0.4881929,-0.8307445,1
-0.3999767,0.030717418,-0.9913567,-0.0485785,0.032758623,-0.43984053,-0.8888133,0
0.027784646,-0.63712865,-0.8892533,0.6691602,-0.3037284,0.7020911,-0.5942733,0
-0.34765437,0.65908504,-0.9858036,0.056832455,-0.42994353,-0.48039177,-0.83078474,2
-0.73328567,0.27167013,-0.9862293,0.06446209,-0.46119922,-0.5100473,-0.8056462,0
-0.8485489,0.029001608,-0.98761743,0.110273845,-0.23626132,-0.5698348,-0.8255947,1
-0.7842344,0.12163363,-0.9877933,0.03061048,-0.3442666,-0.5293126,-0.8060758,0
-0.7848961,0.49613404,-0.9756754,0.6966757,-0.09972991,-0.6050848,-0.800877,1
-0.6903587,0.5267373,-0.980607,0.38560513,-0.35743514,-0.5470705,-0.83943886,1
0.2047202,0.11329527,-0.98827296,0.311844,0.038351566,-0.49276662,-0.9212804,2
-0.8111319,0.094465435,-0.9880418,0.061476022,-0.31975812,-0.5320344,-0.8260214,1
-0.0028369129,-0.02295357,-0.9944801,0.18471877,0.055452943,-0.40406516,-0.9568776,0
-0.67077065,0.21475244,-0.98866856,-0.05388345,-0.39625415,-0.517665,-0.7989412,1
-0.9737996,-0.043420166,-0.98626626,0.13749969,-0.24095252,-0.5847957,-0.77556616,0
0.16748506,-0.036930382,-0.98960835,0.42422587,-0.102828324,-0.50645304,-0.9146207,2
-0.096193045,0.16850173,-0.9916643,-0.034957275,-0.03189671,-0.5200505,-0.8685395,2
0.4653104,-0.10674226,-0.9965482,0.07310754,-0.30212483,-0.89699864,-0.6916354,2
-0.5380319,0.8091232,-0.9780551,0.483035,-0.3855154,-0.45300215,-0.87067735,1
0.25555313,0.47577506,-0.98869157,0.02090387,-0.053399235,-0.65445316,-0.8326321,2
-0.78181213,0.2964465,-0.98311126,0.26873964,-0.3226361,-0.57317764,-0.81430155,1
-0.6143489,0.35417604,-0.98662025,0.053924166,-0.44809598,-0.51664644,-0.8258185,1
0.16974485,-0.03282234,-0.9756184,0.5094784,0.30383962,0.018334389,-0.7512125,0
-0.57413995,0.29029685,-0.9887183,-0.048728675,-0.37748715,-0.45187083,-0.81179523,0
-0.8470531,0.1761588,-0.9841197,0.30494446,-0.19549373,-0.59745395,-0.8529763,1
-0.821451,0.3090727,-0.9800382,0.4287241,-0.18915722,-0.53455716,-0.8044615,1
-0.8461678,0.18631747,-0.9845754,0.24086474,-0.29075205,-0.57931364,-0.832424,1
-0.78553295,0.2903067,-0.9820289,0.38703132,-0.20905629,-0.6176461,-0.83519834,1
-0.8884735,-0.08910605,-0.9920933,-0.15651143,-0.42950803,-0.5057274,-0.8272769,0
-0.3279153,0.80339295,-0.9831642,0.12164583,-0.4961235,-0.48015332,-0.81137806,2
-0.75379986,0.30500725,-0.9846121,0.161107,-0.39181763,-0.5329842,-0.8289535,0
-0.48228246,0.5957126,-0.9830964,0.21105775,-0.42991874,-0.52080965,-0.83734375,2
-0.7211132,0.61349785,-0.97717285,0.55644476,-0.3602064,-0.58931565,-0.8300489,1
-0.19333458,0.672109,-0.98598415,0.0076002926,-0.41311964,-0.50927216,-0.7947811,2
0.5520547,-0.33052438,-0.99239564,0.73055947,-0.36262017,-0.4917426,-0.9057956,2
-0.8341044,0.27485958,-0.9804787,0.46861738,-0.15826546,-0.6464556,-0.82336956,1
-0.44987297,0.28458336,-0.99130046,-0.1983015,-0.40134495,-0.52426726,-0.7999279,2
-0.6454682,0.17631947,-0.9909698,-0.13724548,-0.35334775,-0.4616253,-0.8343451,1
-0.61390376,0.3439381,-0.9874484,0.014782563,-0.46001202,-0.5264296,-0.82951224,0
-0.76057804,0.2658485,-0.98480594,0.17874289,-0.35489553,-0.54689044,-0.81254184,0
-0.32839614,-0.039685637,-0.9921758,-0.20374063,-0.053270847,-0.33431342,-0.85950863,0
-0.1672807,0.43182087,-0.98698366,0.09114921,-0.12182742,-0.47475678,-0.87009645,2
0.074838996,0.49697024,-0.9898774,-0.17391431,-0.21000499,-0.6480766,-0.75937223,2
-0.83792967,-0.038843334,-0.99161637,-0.12143025,-0.36511648,-0.5107167,-0.8241985,1
-0.75657165,0.14408469,-0.9918814,-0.18957573,-0.4489965,-0.44871756,-0.84460336,0
-0.1269652,0.7596424,-0.98400897,0.18515702,-0.15303743,-0.30363268,-0.86536247,2
-0.8744066,0.088036165,-0.9835548,0.33728343,-0.06774609,-0.5780702,-0.81529534,1
-0.3301304,0.40068215,-0.9896784,-0.1309062,-0.3519555,-0.549276,-0.7877193,2
-0.16459253,-0.060059965,-0.9967147,-0.1741656,-0.1502386,-0.36488837,-0.90873545,0
-0.76230973,0.35358083,-0.9813558,0.39218557,-0.25592905,-0.553437,-0.8267679,1
-0.8230754,0.1302393,-0.986766,0.12874728,-0.34202465,-0.5161497,-0.8406334,0
-0.34402233,0.7437768,-0.9817929,0.20790192,-0.44402397,-0.4836948,-0.81741655,2
-0.4310724,0.53262997,-0.98683673,-0.03346321,-0.538039,-0.48392838,-0.81428695,2
-0.0492405,0.4215759,-0.9904073,-0.2166979,-0.2769365,-0.64913404,-0.74351734,2
-0.37851173,0.7266287,-0.9840629,0.10880941,-0.5201452,-0.47893083,-0.83091694,2
-0.2809508,0.7466793,-0.985253,0.060744613,-0.47412613,-0.4732832,-0.82025397,2
-0.61202645,0.33934546,-0.98836154,-0.02589178,-0.39855945,-0.45620638,-0.8472496,0
-0.58273786,0.6693184,-0.9804998,0.32650793,-0.46940723,-0.51089436,-0.8299804,1
-0.67275643,0.52168965,-0.9801207,0.41492262,-0.35909283,-0.57845336,-0.83685046,1
-0.21181369,0.43939325,-0.9893377,-0.05402711,-0.16918623,-0.42903432,-0.81979686,2
-0.06927341,0.6964381,-0.9880747,-0.101637155,-0.43011352,-0.58576506,-0.7643165,2
-0.86141884,0.112843424,-0.9849502,0.24245799,-0.21892196,-0.6094865,-0.82259506,1
-0.8432229,0.19329274,-0.98185897,0.38834956,-0.14605424,-0.6213123,-0.815026,1
-0.91857827,-0.079666734,-0.9891765,0.033572577,-0.26609933,-0.5648965,-0.8149319,0
-0.77926815,0.2789673,-0.98382145,0.21959388,-0.37500465,-0.56487745,-0.8129549,0
-0.8514952,0.18483464,-0.9791757,0.38196567,-0.06893796,-0.57013756,-0.77203023,1
-0.19974676,0.58442473,-0.9871348,-0.071794376,-0.44967943,-0.50953287,-0.7998212,2
0.17766732,0.42576295,-0.9906825,-0.11220229,-0.14492503,-0.6237705,-0.78150153,2
0.1607542,0.62166977,-0.9856771,0.083867595,-0.08683072,-0.46966827,-0.7447283,2
-0.7393639,0.35995394,-0.9849996,0.15143998,-0.458025,-0.5084969,-0.8338678,0
-0.86242867,0.09994121,-0.9861561,0.16742909,-0.30680028,-0.56015456,-0.82522815,0
-0.84768397,0.042269155,-0.9878261,0.031065576,-0.3900685,-0.54828995,-0.8065058,0
-0.86569273,0.066259235,-0.98536044,0.1775885,-0.2664474,-0.5620101,-0.795067,0
-0.719577,0.44516963,-0.9810621,0.3745792,-0.34863016,-0.5756737,-0.8336858,2
-0.8402701,0.12582612,-0.98408175,0.27333593,-0.2014234,-0.55792844,-0.79555774,0
-0.018935055,-0.21976969,-0.9988636,-0.0487085,-0.2599738,-0.74906415,-0.75716656,0
-0.20532247,0.60169536,-0.9881238,-0.09405947,-0.4119855,-0.5234778,-0.77385736,2
-0.5824212,0.37895066,-0.98874235,-0.07920252,-0.4547019,-0.41688076,-0.8546996,0
-0.3239938,0.7508644,-0.98428977,0.055601627,-0.5315583,-0.48607075,-0.81099206,2
-0.62981987,0.66331595,-0.9750089,0.5241003,-0.29849893,-0.48047072,-0.7974572,1
-0.7241152,0.534528,-0.97896385,0.46990103,-0.3644054,-0.5843274,-0.83589745,1
-0.68985057,0.5672101,-0.97950053,0.42722532,-0.406861,-0.54714686,-0.83355516,1
-0.85325646,0.046075568,-0.986198,0.16920376,-0.18231778,-0.52296126,-0.7997881,1
-0.83009315,0.35711718,-0.9776279,0.6082735,-0.11904636,-0.6217508,-0.8075421,1
-0.9096432,0.19628583,-0.9806647,0.422259,-0.20955418,-0.61896646,-0.78774,0
0.11639875,-0.08489698,-0.9882547,0.29181874,-0.08473556,-0.47889784,-0.8435545,2
-0.5819122,0.37524968,-0.98599106,0.09149632,-0.4010076,-0.5287823,-0.8208353,1
-0.25270963,0.5057331,-0.9857859,0.12507711,-0.08713159,-0.35302055,-0.8734499,2
0.3168769,-0.026558042,-0.9899712,0.44538587,-0.119805396,-0.5479617,-0.9021577,2
-0.66401446,-0.273925,-0.99499804,-0.25725302,-0.17288361,-0.51005423,-0.84191215,0
-0.500022,-0.18815464,-0.99468946,-0.1698507,-0.081890255,-0.4703715,-0.87990844,0
-0.8024497,0.3825351,-0.98089,0.40024155,-0.3371956,-0.58493716,-0.83765435,1
-0.7824774,0.24548191,-0.9843726,0.2071302,-0.29210615,-0.52304816,-0.7987999,1
0.06843251,0.47519952,-0.98649836,0.19187933,0.15324923,-0.39530188,-0.9249736,2
0.20396382,0.062157452,-0.9859951,0.42122495,0.26583403,-0.24489397,-0.96123266,2
0.8218021,-0.5156037,-0.99105877,0.9965184,-0.6794939,-0.46691442,-0.8151053,2
-0.57347596,0.4014635,-0.98611045,0.1183295,-0.39534464,-0.47834554,-0.8562072,2
0.062298596,0.17543225,-0.9914395,0.09833412,-0.15993989,-0.66625065,-0.8193064,2
-0.71613693,0.2617567,-0.98569,0.16482292,-0.3574237,-0.55811435,-0.8365769,1
-0.7785537,0.06569819,-0.9908176,-0.14541632,-0.44768447,-0.45920008,-0.8072723,0
-0.8697634,-0.046663254,-0.9904598,-0.060734212,-0.32517168,-0.49014422,-0.8127505,0
-0.21029153,0.75165266,-0.985677,-0.012527496,-0.48744178,-0.48777953,-0.7972605,1
-0.9845548,-0.059414268,-0.9848561,0.21881795,-0.13702913,-0.57594717,-0.7558682,0
-0.37438822,-0.23392838,-0.99291366,-0.04745528,0.067052424,-0.40434724,-0.87028813,0
-0.67047584,-0.14835489,-0.995497,-0.25357634,-0.18987763,-0.50910926,-0.8640953,0
-0.33287966,0.8641371,-0.9818708,0.22441551,-0.5111189,-0.4467703,-0.84014493,2
0.0064412653,0.58374035,-0.98753744,0.015282445,-0.11934741,-0.52144116,-0.8484138,2
-0.56928074,-0.0666627,-0.9947741,-0.2767657,-0.25621298,-0.5445583,-0.8062254,0
0.19235814,-0.6327834,-0.9903884,0.6539229,-0.65297127,-0.4256921,-0.8061176,0
-0.7988642,0.5047958,-0.9771166,0.58431923,-0.2760222,-0.6107537,-0.8372448,1
0.0054166317,0.74485445,-0.9875557,-0.058969796,-0.27098706,-0.5492593,-0.7967628,2
-0.7929968,0.20134236,-0.98546594,0.17974678,-0.29580554,-0.5589933,-0.817378,1
-0.7535901,0.18900448,-0.9888126,-0.049926728,-0.4525226,-0.47763643,-0.81260777,0
0.030967295,0.8254525,-0.9870165,-0.05823882,-0.3883071,-0.5458295,-0.77273285,2
-0.79489803,0.3164587,-0.9830227,0.27298254,-0.38717628,-0.5511221,-0.8328905,0
0.002162367,-0.1048044,-0.9952331,-0.027801529,-0.22553685,-0.7291513,-0.7445494,2
-0.785149,0.096644714,-0.98906183,-0.010066062,-0.3847723,-0.49779072,-0.82316977,0
-0.88834167,-0.07172865,-0.99220103,-0.14117199,-0.3812843,-0.48773843,-0.8398006,0
-0.68142366,-0.04711324,-0.97211826,-0.09048441,-0.124086544,-0.50033164,-0.8116888,0
-0.57915306,0.73929906,-0.97816014,0.49460363,-0.420941,-0.52763534,-0.8618985,2
-0.16176745,0.6540007,-0.987895,-0.08964418,-0.37390056,-0.52466,-0.7909495,2
-0.5065538,0.44115192,-0.98637927,0.05403336,-0.45119834,-0.5382368,-0.81692207,1
-0.44325158,0.6179304,-0.9855054,0.047128126,-0.5372354,-0.48149836,-0.82402617,2
-0.5895469,-0.13857412,-0.99488586,-0.28521112,-0.12132174,-0.4551991,-0.8626387,0
0.42826968,0.3675822,-0.9794414,0.3019269,0.15488192,-0.05206564,-0.6816653,2
-0.21038294,-0.46246237,-0.9901226,0.28345177,-0.31527907,-0.40802652,-0.884525,0
-0.84166276,-0.15734687,-0.9943146,-0.25573224,-0.35617098,-0.49135506,-0.81522006,0
-0.95752513,0.0012068003,-0.9839282,0.24381685,-0.16305202,-0.6261889,-0.76857024,0
-0.5082797,0.30819637,-0.99012876,-0.14271462,-0.39916006,-0.49859682,-0.80727535,1
-0.33119404,0.80967915,-0.98236364,0.13401073,-0.5677539,-0.47815552,-0.81092864,2
-0.85498303,0.00052037835,-0.99005175,-0.04187368,-0.37179017,-0.5391058,-0.82193047,0
-0.50178665,0.6774589,-0.97995317,0.39003387,-0.24687016,-0.33157694,-0.8582473,2
-0.6878259,0.08492711,-0.99310625,-0.23451155,-0.3936055,-0.47902074,-0.8176121,0
-0.6317578,0.2868896,-0.987991,0.015901424,-0.3727173,-0.48753047,-0.83016855,0
-0.66071194,-0.08902201,-0.99407566,-0.2611535,-0.23213664,-0.534266,-0.8280514,0
0.4289353,0.059597373,-0.99418664,0.06453217,-0.21460581,-0.7629267,-0.7615224,2
-0.55542547,0.20309605,-0.9884143,-0.0007983148,-0.13013865,-0.4018835,-0.8283959,0
-0.69520754,0.31435344,-0.9843469,0.21916592,-0.32015365,-0.5550275,-0.8377271,1
0.2862062,0.25781566,-0.9920596,-0.026808515,-0.12780672,-0.6934978,-0.7571477,2
-0.016811937,0.50207025,-0.98545927,0.23715729,0.048100978,-0.3608227,-0.9144994,2
-0.8364145,0.34884185,-0.9695434,0.52205884,-0.057951182,-0.28377274,-0.53046644,1
-0.4539498,-0.22703078,-0.99546504,-0.15995309,0.068914056,-0.42060786,-0.88150924,0
-0.6964615,0.4093892,-0.9807363,0.40194902,-0.2864826,-0.60879934,-0.8329411,1
-0.82611763,0.32145935,-0.9803191,0.44559693,-0.22617605,-0.627672,-0.8163461,1
-0.4495377,0.6656265,-0.98334515,0.17462094,-0.49083322,-0.46758857,-0.8376143,2
-0.6385985,0.236064,-0.9893566,-0.08354233,-0.46072426,-0.49661872,-0.81666,2
-0.31016564,0.62461823,-0.98241735,0.26006132,-0.26359582,-0.35033754,-0.80504185,2
-0.7817402,0.3439974,-0.98279184,0.2738095,-0.40822053,-0.55624366,-0.83119804,1
-0.9484019,0.01096198,-0.982863,0.31191525,-0.052933484,-0.51247674,-0.7333815,0
0.31522244,-0.57706654,-0.9925998,0.70919794,-0.7502829,-0.37730604,-0.8423773,2
0.067608714,0.2272842,-0.99144137,-0.11483285,-0.13695244,-0.7255911,-0.763873,2
-0.84305716,0.09568423,-0.9866869,0.117682874,-0.34645987,-0.57556623,-0.8183277,0
-0.29106432,0.80895233,-0.9841425,0.07895846,-0.5452241,-0.46622145,-0.8213876,2
-0.7461269,0.4834677,-0.97974825,0.4401228,-0.3686052,-0.58418614,-0.8408426,1
-0.0905886,0.65746564,-0.98767984,-0.02286759,-0.30119973,-0.49740472,-0.8182818,2
-0.8219861,0.22670789,-0.9827669,0.31211472,-0.22423495,-0.5669078,-0.79591316,1
-0.57323295,0.5596278,-0.9822881,0.2801116,-0.42339748,-0.5241194,-0.8531556,1
-0.8493779,0.10363445,-0.98551035,0.21617004,-0.231801,-0.5888467,-0.8312716,1
-0.47273853,-0.24631676,-0.9942717,-0.17638427,0.009388804,-0.4088835,-0.861909,0
0.260894,-0.54259634,-0.990553,0.7460408,-0.88764954,-0.59301835,-0.71046185,2
0.2506169,0.29673153,-0.9926542,-0.1526165,-0.11375204,-0.80316645,-0.7307247,2
-0.5479691,0.73361975,-0.97913253,0.37545848,-0.47400504,-0.51188,-0.8277056,1
0.0699448,0.30084068,-0.9902298,-0.16917622,-0.20229028,-0.6728592,-0.7447666,2
-0.9628154,-0.14832261,-0.98811924,0.051897407,-0.16464743,-0.56770533,-0.761154,0
0.67815536,-0.26169285,-0.9898132,0.81714135,-0.28823876,-0.4059681,-0.93439394,2
-0.3945376,0.78118616,-0.9830622,0.15722024,-0.55751586,-0.4905474,-0.8268493,2
0.030109167,0.36215073,-0.9917439,-0.20092809,-0.112601206,-0.66773313,-0.7735361,2
-0.6785501,0.19198762,-0.9908736,-0.15348291,-0.44804835,-0.39578173,-0.832201,0
-0.40923327,0.5206485,-0.9845247,0.13234873,-0.2155734,-0.25793377,-0.8107462,1
-0.7084926,0.26969364,-0.9839703,0.25184685,-0.22031781,-0.5554598,-0.81909674,1
-0.40919307,0.21997021,-0.9921865,-0.23015735,-0.29997265,-0.5491605,-0.7915786,1
-0.3880359,0.62817,-0.9852131,0.087616146,-0.33766514,-0.4588448,-0.8449958,0
-0.24393967,0.58889854,-0.98725224,0.020593181,-0.24978255,-0.4387372,-0.85363007,2
-0.6530676,0.5905436,-0.9779295,0.5226705,-0.31489655,-0.4820652,-0.83427525,1
-0.5456951,0.34426206,-0.98744565,-0.03757052,-0.37092277,-0.5205345,-0.7860311,0
-0.88994944,-0.10215342,-0.9908686,-0.07781637,-0.33255556,-0.5149881,-0.81566674,0
-0.8061285,0.11679015,-0.9867471,0.14766783,-0.27945808,-0.5229623,-0.817987,1
-0.55316925,-0.46894032,-0.99466634,0.09094599,-0.37336662,-0.39442545,-0.8649479,0
-0.5796117,0.44908845,-0.98451537,0.15989842,-0.38117418,-0.44729388,-0.82267827,0
-0.37617546,0.5207437,-0.98803127,-0.08702606,-0.47219145,-0.5100821,-0.80055887,2
-0.03818664,0.54407257,-0.9898065,-0.14166969,-0.23626414,-0.5614847,-0.78057164,2
-0.4127862,-0.7043604,-0.9961119,0.08560966,-0.72201264,-0.5791491,-0.73076993,0
-0.764748,0.26353958,-0.9846639,0.20238988,-0.32375494,-0.506805,-0.8220032,0
-0.8114523,0.40096068,-0.9768879,0.53523564,-0.17838931,-0.5886094,-0.7702429,1
-0.34259617,0.8446954,-0.98049635,0.30215788,-0.45795912,-0.45437843,-0.82697475,2
-0.7687448,0.28568712,-0.98343134,0.26637238,-0.2916292,-0.52050424,-0.81688863,1
0.13847077,0.5423243,-0.9875581,-0.06584129,-0.14954135,-0.6570655,-0.7989675,2
-0.033681482,0.5203674,-0.98771274,-0.023705885,-0.17159088,-0.5741621,-0.8147621,2
-0.63311404,-0.15554208,-0.9951509,-0.24345401,-0.11915767,-0.4886827,-0.8679627,0
-0.8626346,-0.07629189,-0.98989284,-0.039924785,-0.3164592,-0.5615616,-0.80765915,1
-0.6635703,0.37309986,-0.98334205,0.2690671,-0.3469784,-0.5563472,-0.83256865,1
0.13539547,0.063516125,-0.99186015,0.0972813,-0.087837026,-0.64992154,-0.8545967,2
-0.858624,0.12874521,-0.9848834,0.19263163,-0.3163075,-0.5737869,-0.7962615,0
-0.59532297,0.48792276,-0.9842915,0.15085611,-0.46524388,-0.48084557,-0.84047127,2
-0.7629527,0.37515724,-0.97988653,0.43335903,-0.23611751,-0.56211245,-0.7992396,1
-0.7918001,0.14624876,-0.9882346,-0.0041488707,-0.3986924,-0.4981235,-0.81990695,0
0.36466932,0.33365184,-0.99309593,0.031017683,-0.13651037,-0.79836905,-0.73689896,2
-0.69056904,-0.53388953,-0.9955704,-0.08047469,-0.5316849,-0.6206762,-0.7137685,0
-0.8392099,0.09069359,-0.9870304,0.089329064,-0.34002343,-0.52277446,-0.8061925,1
-0.8543408,0.0072270483,-0.9894872,-0.014331281,-0.3713789,-0.5368507,-0.8256068,0
-0.8670113,-0.0011437684,-0.98933053,-0.019656971,-0.3554238,-0.5238583,-0.81376326,0
-0.26142225,0.0011319369,-0.99415606,-0.21552357,-0.26524386,-0.59269434,-0.77692795,0
-0.30530632,-0.47066438,-0.9942011,0.26763707,-0.4297219,-0.43038636,-0.8778384,0
-0.83716875,0.04354863,-0.98825824,0.059152536,-0.28858978,-0.5388761,-0.8190469,1
-0.7888193,0.32175016,-0.98276347,0.2726725,-0.3631049,-0.5582741,-0.81355095,1
-0.792467,0.29021028,-0.9821703,0.3658077,-0.24177848,-0.581945,-0.8363778,1
-0.0066750646,-0.5113305,-0.9830962,0.4482757,-0.3384925,-0.17199633,-0.8809967,0
-0.9170314,-0.08177593,-0.9893858,-0.021376252,-0.3402289,-0.54680014,-0.80193186,0
-0.8802131,0.012564987,-0.9885173,0.017287292,-0.37312204,-0.55618495,-0.81837577,0
0.28569138,-0.29869312,-0.9882223,0.70023507,-0.5411998,-0.37415642,-0.8152376,2
-0.64073014,0.12498815,-0.99024934,-0.0824047,-0.31179798,-0.5166722,-0.82391894,1
-0.7143561,-0.21838048,-0.9943644,-0.22943342,-0.19702525,-0.52088326,-0.83813375,0
-0.8859299,0.063859686,-0.98575735,0.24079405,-0.14674057,-0.5857243,-0.85380876,1
-0.112041205,0.5590266,-0.9884247,-0.048475385,-0.22268212,-0.5255066,-0.8201184,2
-0.08875212,0.70308006,-0.9877619,-0.111190066,-0.42358202,-0.51612365,-0.78965545,2
-0.07121003,0.59843946,-0.9883671,-0.11914572,-0.35714537,-0.55512583,-0.7847512,2
-0.87172496,0.3371715,-0.9762579,0.6220802,-0.092945695,-0.6392939,-0.76551193,1
-0.41956782,0.5365626,-0.9871568,-0.044644773,-0.53333545,-0.5019764,-0.8081435,2
-0.2628176,-0.630808,-0.9950561,0.13874127,-0.619032,-0.58780307,-0.7863029,0
-0.68838733,0.38167548,-0.9843683,0.2259278,-0.34517512,-0.55303365,-0.84377,1
-0.016884863,0.6646866,-0.9885482,-0.11080256,-0.33780342,-0.58385074,-0.758209,2
-0.5725739,0.58637583,-0.98246527,0.24935696,-0.36134744,-0.45881394,-0.8430098,0
-0.89727,0.063512355,-0.98489714,0.23424406,-0.1930094,-0.5810562,-0.80465144,1
-0.9041143,0.27829805,-0.9773955,0.6382362,-0.042933345,-0.6636696,-0.80188936,1
-0.7190411,0.50758773,-0.981027,0.338118,-0.4501591,-0.5333251,-0.84102815,0
-0.5794996,0.55516946,-0.98212427,0.28446543,-0.43015924,-0.51949245,-0.8412649,1
0.183366,0.39097947,-0.99037427,-0.059854165,-0.14703014,-0.7025089,-0.7755496,2
0.88991076,-0.4312235,-0.99159294,0.56158215,-0.9958595,-0.8924595,-0.53155273,2
-0.6474614,0.36455452,-0.98404396,0.22655241,-0.32977927,-0.5764122,-0.8269175,1
-0.79696435,0.113720916,-0.9892912,-0.037193745,-0.4058455,-0.48348036,-0.82088876,0
-0.7881546,0.009828046,-0.9922308,-0.17973784,-0.41187322,-0.47742423,-0.8215395,0
-0.7141987,0.31823418,-0.98420787,0.23720467,-0.3008809,-0.5754855,-0.840189,1
-0.6626171,0.51420236,-0.98083496,0.37087023,-0.37323573,-0.57265496,-0.83796215,1
0.51378536,-0.23046774,-0.99682236,0.25211462,-0.35763666,-0.9039035,-0.69480646,2
-0.88645184,-0.002017811,-0.98831457,0.044087097,-0.34446624,-0.55851084,-0.8147438,0
-0.96556395,-0.17038226,-0.98927504,0.010958239,-0.19802025,-0.5787145,-0.7718097,0
-0.9018563,-0.11993298,-0.9918584,-0.13637438,-0.40397075,-0.5267498,-0.8154873,0
-0.6220687,0.13935563,-0.9882435,0.056162104,-0.20921272,-0.52388644,-0.7974597,0
-0.3542984,0.018850863,-0.99259806,-0.2024816,-0.19902748,-0.6102752,-0.79364663,2
-0.85331726,0.25051734,-0.9806032,0.46342683,-0.12389149,-0.61921847,-0.8032081,1
-0.9591352,-0.14439842,-0.9889128,0.028578311,-0.22158295,-0.55034953,-0.7806045,0
-0.7250388,0.43673888,-0.98007566,0.3463597,-0.33862442,-0.55834925,-0.8246051,1
0.069683194,0.19648516,-0.9930946,-0.20029116,-0.15787992,-0.72692156,-0.73689294,2
-0.79185534,0.23397887,-0.98462117,0.211683,-0.3284283,-0.58260244,-0.8162986,1
0.19245702,-0.0659163,-0.9952625,0.003950909,-0.33447695,-0.7467863,-0.72954386,2
-0.7602259,0.2067931,-0.98858917,-0.034090206,-0.4882661,-0.46119455,-0.8320302,0
-0.5603191,0.27842805,-0.9908134,-0.22122726,-0.50855136,-0.4382124,-0.81786454,0
-0.56953514,0.29813278,-0.98908573,-0.082436085,-0.4628113,-0.49932033,-0.8143559,0
-0.48123306,0.6843586,-0.9829029,0.19755465,-0.5213931,-0.4540544,-0.8463241,2
-0.79488134,0.15186873,-0.987387,0.10111045,-0.34461388,-0.5423783,-0.83239335,1
-0.717915,0.02702953,-0.9944829,-0.2869343,-0.41857967,-0.4771737,-0.8279365,0
0.28525984,-0.04533571,-0.99167186,0.27351102,-0.22655022,-0.701208,-0.8229885,2
-0.5121647,0.37957203,-0.9892881,-0.1437383,-0.4970411,-0.43597353,-0.8180609,0
-0.054224283,0.55006874,-0.9867337,0.05881054,-0.05935879,-0.5118856,-0.88804924,2
-0.25212184,0.63630575,-0.98611414,0.011182062,-0.3691533,-0.4897224,-0.79165596,2
-0.39789006,-0.165054,-0.9962856,-0.20363736,-0.052440554,-0.5126945,-0.89475465,0
-0.65642023,0.09229618,-0.9905605,-0.13992643,-0.33189818,-0.51457983,-0.7883712,0
-0.60094917,0.2869641,-0.9875362,0.041072816,-0.32576784,-0.4951788,-0.82653046,1
-0.79920006,0.16536441,-0.9872607,0.07378542,-0.38186306,-0.5258232,-0.81892157,0
-0.38636422,0.46437436,-0.9893226,-0.14469606,-0.43213028,-0.5086108,-0.7958219,2
-0.6046134,0.3066506,-0.98969984,-0.15528265,-0.50482506,-0.4562846,-0.7977768,0
-0.025315255,0.791666,-0.98584765,0.07222118,-0.2283374,-0.44233543,-0.85651565,2
-0.7702278,0.44750184,-0.98089445,0.3865097,-0.36476249,-0.5597577,-0.84053373,1
-0.33369514,0.18488029,-0.99068475,-0.09739858,-0.29392365,-0.61985564,-0.7680182,0
-0.77537346,0.50076675,-0.97537154,0.6569807,-0.13055906,-0.5514105,-0.7684496,1
-0.65830624,-0.23025328,-0.9935769,-0.1272243,-0.08310811,-0.39998573,-0.85707265,0
-0.61091983,-0.5112009,-0.9777405,-0.046626553,-0.49417084,-0.4407606,-0.8232139,0
-0.81904876,0.4244821,-0.964509,0.66983336,0.052042782,-0.48583403,-0.563378,1
-0.46442944,0.6364747,-0.98322195,0.20408946,-0.459238,-0.46498886,-0.83553106,2
-0.9163899,-0.019403026,-0.9866023,0.12873018,-0.24978498,-0.5862725,-0.78786933,0
-0.8958,0.09371148,-0.98368096,0.2813304,-0.15173802,-0.5470158,-0.7765488,1
-0.7096007,0.14119048,-0.9893568,-0.046479225,-0.35060227,-0.53093565,-0.81908184,1
-0.7960595,0.28265005,-0.9821729,0.35660094,-0.22504652,-0.6077653,-0.83128995,1
-0.7787467,0.011886865,-0.9910305,-0.13651577,-0.41005257,-0.512323,-0.81026846,0
-0.8257602,0.16320671,-0.98465186,0.26194692,-0.23260608,-0.5943214,-0.822146,1
-0.95975125,0.06751326,-0.9828623,0.29780084,-0.13915199,-0.46853498,-0.77349734,0
-0.91440094,-0.12823656,-0.9895142,-0.025283828,-0.25675505,-0.5116393,-0.7715553,0
-0.8424642,0.35125938,-0.9792202,0.515858,-0.20212196,-0.5967784,-0.8090163,1
-0.88629174,0.21108171,-0.98218834,0.36260837,-0.18568546,-0.5954629,-0.80473244,1
-0.5350704,0.1887806,-0.9891092,-0.060754374,-0.21527864,-0.4793433,-0.84152466,0
-0.7652401,0.1534182,-0.98109853,0.24495661,-0.12043153,-0.50997514,-0.7927822,1
-0.5333029,-0.333857,-0.99704325,-0.20711687,-0.108179,-0.51755273,-0.8798495,0
-0.815378,0.045410782,-0.9885492,0.005841568,-0.31205153,-0.50702465,-0.8066425,0
-0.8748559,-0.030854404,-0.989544,-0.022335187,-0.37440646,-0.55292916,-0.8150969,0
-0.54256743,0.55314887,-0.9836708,0.16560844,-0.5131904,-0.5267407,-0.82818764,1
-0.7907982,0.18368922,-0.9843915,0.23945644,-0.26006386,-0.600054,-0.8256253,1
-0.8332219,0.24617045,-0.98113215,0.44395214,-0.15757681,-0.6472912,-0.8293083,1
0.3145792,-0.12128496,-0.991122,0.54753506,-0.068870455,-0.43164828,-0.9467063,2
0.11441231,0.6585802,-0.98834795,0.017707631,-0.24319728,-0.5872588,-0.7714412,2
-0.45759493,0.2742469,-0.99161345,-0.21091005,-0.39083618,-0.47359166,-0.79854685,2
-0.7816583,0.24762768,-0.9839162,0.28079462,-0.27093592,-0.5921593,-0.8319748,1
-0.8962804,-0.021814853,-0.98735106,-0.0039417595,-0.32484606,-0.4885913,-0.7396921,0
-0.7401686,0.562728,-0.978478,0.51037383,-0.34210196,-0.5898255,-0.84519976,1
-0.7566874,0.3442778,-0.981415,0.40506777,-0.22183007,-0.6164331,-0.83742917,1
0.23979747,0.05276233,-0.98017,0.4355723,0.34186995,0.015584946,-0.917716,2
-0.7552181,0.25498694,-0.98321635,0.28200984,-0.26762617,-0.5932365,-0.8203357,1
-0.39996764,0.68783534,-0.98104185,0.3305959,-0.3426518,-0.44653603,-0.8267828,2
-0.20137215,0.4602291,-0.98944724,-0.10680856,-0.24713156,-0.55691594,-0.8230777,2
-0.8477298,0.037055716,-0.9909119,-0.0894157,-0.4187358,-0.48528838,-0.8409824,0
-0.685304,0.30281278,-0.98509866,0.19484022,-0.3001715,-0.5669892,-0.8328345,1
-0.7218107,0.28980926,-0.9866309,0.03396298,-0.47828862,-0.50334567,-0.81955093,0
-0.2985533,0.14667156,-0.9907663,-0.11603406,-0.27176312,-0.56771713,-0.7938925,2
-0.546986,0.46491846,-0.9853411,0.06314633,-0.37836123,-0.4877475,-0.79940754,0
0.3533224,0.3412293,-0.9942874,0.06880685,-0.20341992,-0.7351182,-0.765883,2
-0.57668513,0.7302917,-0.97774667,0.46569383,-0.4355536,-0.5270399,-0.8243409,1
-0.1272377,0.7264658,-0.9873827,-0.07546255,-0.380997,-0.50693005,-0.7893076,2
-0.9250187,-0.22256836,-0.99278593,-0.14701703,-0.2943927,-0.5466943,-0.81519806,0
-0.8431845,0.2344054,-0.9834396,0.2932958,-0.3048217,-0.5913438,-0.83597076,1
-0.76483,0.18225792,-0.9868173,0.113745555,-0.3237078,-0.5685366,-0.8277447,1
-0.53934044,0.20235278,-0.9895665,-0.10809554,-0.35717532,-0.5856291,-0.78894705,1
-0.790195,0.36994225,-0.9803912,0.43674853,-0.27646887,-0.6080114,-0.83743817,1
-0.40258092,0.69458395,-0.98356783,0.116247535,-0.5560928,-0.49980506,-0.8157853,1
-0.7053616,0.13483754,-0.9926732,-0.18928492,-0.405802,-0.4570473,-0.8524631,0
-0.12920249,0.43376136,-0.99014777,-0.1129161,-0.21090655,-0.5606436,-0.7959169,2
0.19216108,0.14769924,-0.98941857,0.17805165,-0.035212815,-0.57590985,-0.895665,2
-0.48381698,-0.17944992,-0.9931686,-0.06757134,-0.03893903,-0.5382901,-0.8756417,0
-0.12026769,0.087388515,-0.99367315,-0.14381132,-0.20960604,-0.7242296,-0.76189303,2
-0.14131269,0.57714766,-0.9897607,-0.2037122,-0.35583985,-0.511859,-0.7924801,2
0.046500027,0.36412534,-0.98721606,0.052395478,-0.04221368,-0.54965705,-0.85287666,0
0.32395893,0.29929903,-0.991152,-0.07419956,-0.082851276,-0.7798982,-0.7543428,2
-0.2056494,0.31760955,-0.9896675,-0.10041012,-0.21517554,-0.60117555,-0.7960708,2
-0.90905666,-0.07827029,-0.9903579,-0.0638285,-0.38047326,-0.5209716,-0.8142747,0
0.2834258,0.057178378,-0.9924967,-0.0025382638,-0.11769113,-0.78680825,-0.7566394,2
-0.3251984,0.55870926,-0.98854846,-0.09835327,-0.44373298,-0.4877302,-0.8098434,2
-0.8310902,0.015290946,-0.9899846,-0.04632482,-0.39187405,-0.5104027,-0.81540686,0
-0.94009745,-0.038832426,-0.9883487,0.022628404,-0.32870632,-0.561734,-0.80188096,0
-0.8772627,0.22383577,-0.9826733,0.30590087,-0.30309713,-0.5684999,-0.8185061,1
-0.81316173,0.36637166,-0.97833836,0.548267,-0.15562901,-0.6396511,-0.8121988,1
-0.62855834,-0.4251489,-0.99643487,-0.14346108,-0.37553033,-0.48412395,-0.82811755,0
-0.82341623,0.0021871328,-0.99151677,-0.15122202,-0.41276863,-0.47500756,-0.83463705,0
-0.919492,0.06191896,-0.9841836,0.2949458,-0.14394994,-0.6036107,-0.8144516,1
-0.21670252,0.5876006,-0.9875307,-0.023828521,-0.44008815,-0.4789436,-0.8130504,2
-0.089996606,0.7601198,-0.98600006,-0.007980749,-0.34893197,-0.5182761,-0.79031765,2
-0.85172004,0.04880774,-0.98845834,0.015955418,-0.36529434,-0.5243164,-0.81032354,0
-0.86725485,0.06286964,-0.9854564,0.15493618,-0.2192582,-0.5403319,-0.7792645,1
-0.8320397,0.17049478,-0.9842507,0.28185806,-0.2106939,-0.6030095,-0.8339754,1
-0.935482,-0.09663975,-0.98769367,0.065721616,-0.2287305,-0.5082365,-0.7658236,0
-0.5426066,0.21797042,-0.99320793,-0.30119002,-0.48106384,-0.4500195,-0.8098243,0
-0.79598355,0.3524698,-0.9820001,0.34715474,-0.33126193,-0.57149285,-0.84486884,1
-0.8984555,-0.059479892,-0.99009883,-0.048183307,-0.37522942,-0.53568566,-0.8176159,0
-0.83162874,0.2371479,-0.98167115,0.41248208,-0.15895072,-0.6235349,-0.8279201,1
-0.3658342,0.64999723,-0.9850904,0.057471678,-0.50863624,-0.48417175,-0.8176847,2
-0.36752737,0.7055624,-0.9810289,0.31748348,-0.22042345,-0.38990682,-0.8314352,1
-0.8472321,-0.022402078,-0.9900027,-0.019074127,-0.30869684,-0.5564671,-0.8344276,1
0.43484545,-0.27565426,-0.9921715,0.5387846,-0.4154209,-0.5848242,-0.84844816,2
-0.72100204,0.23245426,-0.9868845,0.08300042,-0.38628018,-0.49091685,-0.833199,0
-0.8198916,0.19422998,-0.9855569,0.13210034,-0.43937597,-0.5551314,-0.81807065,0
-0.598521,-0.1135326,-0.99403715,-0.26631775,-0.17115937,-0.5256988,-0.8364967,0
-0.4881905,0.31234586,-0.9890396,-0.05244416,-0.32050708,-0.4714902,-0.83060825,2
-0.69518596,0.013583869,-0.99256724,-0.21879572,-0.33847433,-0.49195638,-0.813598,0
-0.90138793,-0.11035541,-0.9917373,-0.13218981,-0.39643794,-0.51062036,-0.8209932,0
-0.7385522,0.48295644,-0.9800183,0.44132632,-0.31256384,-0.54653764,-0.81962645,0
-0.43195063,0.7850757,-0.98162997,0.25250685,-0.51179326,-0.47753048,-0.83738637,2
-0.5032878,-0.17648381,-0.9933862,-0.064270124,-0.12073672,-0.53460324,-0.8610909,0
0.44091743,-0.44444495,-0.99082655,0.684979,-0.54015446,-0.44570553,-0.78743684,2
-0.44587004,-0.2841621,-0.9931055,0.07447392,-0.24799752,-0.44995216,-0.86516595,0
-0.8157579,0.28514832,-0.9810638,0.420081,-0.22497046,-0.6168486,-0.8170895,1
-0.699931,0.1970874,-0.98827666,-0.0006506592,-0.40538272,-0.54206944,-0.82250875,1
-0.95950663,-0.19117472,-0.99038494,-0.021492958,-0.21708071,-0.5716698,-0.7975889,0
-0.8821172,-0.04406807,-0.9885957,-0.0022084415,-0.27980864,-0.4646575,-0.77071273,0
-0.7959081,0.3606905,-0.97989506,0.50551665,-0.17600323,-0.62485605,-0.8443038,1
-0.6237858,0.03110835,-0.9943065,-0.27386227,-0.3174008,-0.4872792,-0.84009004,0
-0.51031506,0.26535547,-0.9927389,-0.22936124,-0.265394,-0.3437959,-0.8923981,0
-0.01268813,0.42904446,-0.9879947,0.03142701,-0.11656545,-0.5582576,-0.8411303,2
-0.5126295,-0.13089734,-0.99562585,-0.25479206,-0.1727888,-0.51194,-0.85631335,0
-0.3194996,-0.0875088,-0.98960704,0.18716526,0.034160912,-0.46396255,-0.9107003,0
-0.70390326,0.15716037,-0.98981744,-0.07624802,-0.4400952,-0.49857956,-0.82728803,2
-0.7504865,0.49348524,-0.98003715,0.42003945,-0.3849101,-0.5633066,-0.8433037,1
-0.054319322,0.14857769,-0.993587,-0.18749562,-0.1564255,-0.70746136,-0.7574081,2
0.4112357,-0.09084481,-0.993037,0.21210249,-0.29388312,-0.7534919,-0.79799926,2
-0.4692836,0.28212,-0.9884543,-0.02804172,-0.21844895,-0.39972883,-0.8205458,0
-0.6188034,0.28223336,-0.9878905,0.004455909,-0.4358394,-0.49523982,-0.825694,2
-0.80409014,0.19292507,-0.9854393,0.16783784,-0.3468311,-0.5562506,-0.81456107,0
-0.73086184,0.34470037,-0.98033816,0.25212362,-0.36509576,-0.5133674,-0.76906264,0
-0.46944764,0.37724704,-0.9880141,-0.026866063,-0.40781683,-0.50304353,-0.8176979,1
0.462184,-0.45194745,-0.9994463,0.21820784,-0.66447663,-0.94082075,-0.59250784,2
-0.4619485,0.61691,-0.98416907,0.10769953,-0.5402097,-0.502844,-0.8234693,2
-0.084675044,0.21714796,-0.99075526,-0.10162991,-0.112858325,-0.6516974,-0.80303407,2
-0.7543403,0.35712814,-0.98155355,0.37800238,-0.25290027,-0.6015368,-0.8207879,1
-0.8310986,0.11762292,-0.9890424,-0.004664898,-0.424434,-0.5004961,-0.84036183,1
-0.90999186,0.15320659,-0.98169947,0.43777037,-0.092159525,-0.63608414,-0.81989497,1
-0.82597625,-0.037715763,-0.99234027,-0.1809609,-0.38166502,-0.48533547,-0.8307837,0
-0.7716542,0.395338,-0.9801315,0.47143498,-0.24105155,-0.6051977,-0.8440465,1
-0.7554619,0.07775864,-0.991563,-0.15351355,-0.41892326,-0.481168,-0.82903045,0
-0.84448457,0.12892982,-0.9849767,0.22052637,-0.2617759,-0.6019348,-0.8267602,1
-0.8085764,0.23590204,-0.9827543,0.3273305,-0.239571,-0.6091614,-0.8280572,1
-0.9217924,-0.17275724,-0.9912464,-0.059921578,-0.23321979,-0.5397532,-0.81916815,1
-0.74938995,0.24017826,-0.9875442,0.005618632,-0.38475564,-0.4280594,-0.81750864,0
-0.7775914,0.5248846,-0.9762176,0.6348544,-0.22164094,-0.6149101,-0.813105,1
-0.089511335,-0.31405145,-0.9961515,0.13364169,-0.3427135,-0.6240941,-0.8349207,2
-0.06817132,0.47724056,-0.9876539,0.046788745,-0.07561834,-0.56328213,-0.8545177,2
-0.8143066,0.30965298,-0.9826293,0.29851073,-0.3522637,-0.5593394,-0.8258957,1
-0.59887433,0.054201245,-0.9930179,-0.20259753,-0.21973622,-0.51421374,-0.84072596,0
0.13592649,0.44604477,-0.9868239,0.07093011,-0.09902069,-0.6083174,-0.8493583,2
0.040027797,0.667668,-0.98850834,-0.059834152,-0.24795319,-0.5485947,-0.7870871,2
-0.7137735,0.1699252,-0.99054605,-0.12639257,-0.39962706,-0.42346752,-0.8316547,0
-0.21297038,0.52919996,-0.98859996,-0.12426466,-0.3619874,-0.53976035,-0.7886642,2
-0.57237923,0.035615772,-0.99237686,-0.19594732,-0.251787,-0.47723442,-0.80599713,0
-0.412821,0.26905257,-0.99175835,-0.23003322,-0.35781974,-0.5501627,-0.7880546,2
-0.76758385,0.049140483,-0.99097764,-0.1262185,-0.37489742,-0.47003213,-0.8268008,0
-0.46041256,0.10596715,-0.9922788,-0.11424366,-0.20138305,-0.46038073,-0.8440987,0
-0.8527478,-0.068075985,-0.9918945,-0.15151817,-0.42566878,-0.51483816,-0.8210516,0
0.13341957,0.13168165,-0.98832786,0.2940668,0.048241436,-0.47024858,-0.9351336,2
-0.80112284,0.27689472,-0.9831359,0.29234892,-0.32660735,-0.5962129,-0.8363487,1
-0.8842101,0.20625308,-0.98192227,0.3952931,-0.20374504,-0.5999281,-0.8167031,0
0.29106462,-0.07194364,-0.98628235,0.4558586,-0.10939686,-0.45419905,-0.91796225,2
-0.49542457,-0.45229858,-0.99719983,0.015106365,-0.20761713,-0.49507207,-0.8997968,0
-0.2741057,0.67490864,-0.9873292,-0.069190815,-0.5056503,-0.49093118,-0.81327224,2
-0.20617834,0.5676544,-0.9887176,-0.1269139,-0.41743338,-0.5214074,-0.78620356,2
-0.080063134,0.56135607,-0.9877101,-0.014673024,-0.21235706,-0.5117987,-0.8166256,2
-0.6205069,0.51407987,-0.9821944,0.2924781,-0.40645903,-0.5329209,-0.85887146,1
-0.14212811,0.68748564,-0.9881644,-0.13944322,-0.4542042,-0.5356574,-0.7674619,2
-0.121020645,0.06045507,-0.9915854,0.02525799,-0.016718209,-0.57244056,-0.87453747,2
-0.057478815,0.74749804,-0.9861015,0.020530872,-0.3437529,-0.44267,-0.796932,2
-0.32112512,0.57967377,-0.98453546,0.17129229,-0.16915025,-0.33069047,-0.871726,0
-0.08953065,0.4888047,-0.9890653,-0.081875116,-0.24907789,-0.4983929,-0.80923784,2
-0.8139917,0.17405249,-0.9848496,0.2432744,-0.22825655,-0.58083564,-0.84086704,1
-0.7722856,0.032871574,-0.9884104,0.044542,-0.24433243,-0.48658684,-0.81449735,0
-0.8161601,0.21078272,-0.98475313,0.16435862,-0.3798043,-0.53779733,-0.7925291,0
0.3340839,0.2748806,-0.9900418,0.24866083,-0.05484076,-0.6594337,-0.84959334,2
-0.7447318,0.190528,-0.98966354,-0.010124028,-0.38042971,-0.46543974,-0.86097,0
-0.30701137,0.61083865,-0.9870801,-0.057933465,-0.5046555,-0.5067217,-0.8021913,2
-0.15833288,-0.7457731,-0.8414554,0.36511466,-0.30435693,0.53744054,-0.63109285,0
-0.6002975,0.4627978,-0.98206335,0.30846804,-0.25728607,-0.45158264,-0.81141156,1
-0.28317976,-0.5936767,-0.9886905,0.27250177,-0.5053748,-0.33450237,-0.8505442,0
-0.35854056,0.50337255,-0.9886148,-0.10695045,-0.48844206,-0.49132276,-0.8097623,2
-0.8547504,0.184669,-0.98225325,0.40083364,-0.1004798,-0.5782662,-0.82145983,1
-0.5554299,0.17393981,-0.9901091,-0.06677982,-0.21779126,-0.4616061,-0.8262873,0
0.30532348,0.11892189,-0.9899866,0.34416366,-0.08730085,-0.59614396,-0.8658195,2
-0.7642948,0.40328115,-0.98142374,0.35501385,-0.3258256,-0.54251367,-0.82552165,0
0.3646912,0.4003558,-0.98723084,0.18469916,0.009706467,-0.6267295,-0.860383,2
-0.82319427,0.16890875,-0.9846923,0.22318837,-0.2863069,-0.60270834,-0.8225813,1
-0.7004062,0.44598722,-0.9818821,0.35961694,-0.3026311,-0.5084061,-0.85739696,1
0.8383861,-0.3045041,-0.9954821,0.5214882,-0.42891976,-0.86003125,-0.7001455,2
-0.43627563,0.60345334,-0.9824511,0.250125,-0.35872918,-0.48284173,-0.8186025,2
-0.95423543,-0.05242935,-0.9866034,0.14471702,-0.21420588,-0.6177959,-0.79402024,0
-0.6988576,0.2881593,-0.9864431,0.090293676,-0.39545906,-0.50015664,-0.83046055,0
-0.19742566,0.65016884,-0.9867055,-0.028326392,-0.428186,-0.49321273,-0.8057927,2
0.32379383,-0.67412466,-0.99794847,0.4545196,-0.88572675,-0.80072594,-0.6462568,2
-0.7431706,0.42903966,-0.98015094,0.4280253,-0.31258583,-0.6143442,-0.8243587,1
-0.86401623,0.32951906,-0.9778086,0.61946136,-0.066088036,-0.6609914,-0.8170718,1
0.20695698,0.4384076,-0.98936474,-0.059612855,-0.12129614,-0.68939614,-0.7882902,2
-0.2937234,0.788373,-0.9828552,0.18400434,-0.40132844,-0.43417436,-0.8514323,2
-0.67348546,0.5606121,-0.980291,0.36007679,-0.43899262,-0.5576349,-0.8357197,1
-0.862416,0.09649028,-0.9844149,0.2873394,-0.14868473,-0.61762804,-0.8171693,1
-0.76598567,0.30396107,-0.98263556,0.28797442,-0.37089294,-0.5877808,-0.8140749,0
-0.1858511,0.22692248,-0.9877125,0.14195605,0.053193986,-0.41571748,-0.89423496,2
-0.3641093,0.45506966,-0.9894126,-0.12455076,-0.41429392,-0.48995024,-0.80387855,2
-0.7109186,-0.0148050785,-0.9927908,-0.19960648,-0.27827632,-0.47066003,-0.84451026,0
-0.6895773,0.32016414,-0.9816669,0.38531584,-0.15330122,-0.49018684,-0.8171427,1
-0.11662832,0.4331305,-0.99095327,-0.22012648,-0.26160502,-0.62528855,-0.7768588,2
0.34566027,-0.04433024,-0.9915002,0.40203747,-0.021290362,-0.5311203,-0.92798895,2
-0.0450525,0.6310356,-0.9880407,-0.041648254,-0.33212775,-0.48936397,-0.7774903,2
-0.19808728,0.25102022,-0.9949481,-0.3303731,-0.22571436,-0.46149477,-0.8223912,0
-0.7959256,-0.01774463,-0.9934076,-0.23029542,-0.4173352,-0.45575753,-0.82548517,0
-0.83353543,0.41956723,-0.97872865,0.54282135,-0.2496395,-0.6076891,-0.8391156,1
-0.81539273,0.25103283,-0.98268557,0.32728404,-0.26237333,-0.5808743,-0.8176928,1
-0.6740416,-0.174038,-0.993894,-0.18017426,-0.25078624,-0.50501406,-0.83423895,0
-0.6057694,0.5980233,-0.98117954,0.3166182,-0.46976542,-0.53514236,-0.84091896,2
-0.31901985,0.6353467,-0.98586327,0.047411107,-0.4017985,-0.3826943,-0.82658255,2
0.08052492,0.23597369,-0.9919886,-0.10367273,-0.11280699,-0.7727451,-0.7509515,2
-0.1415475,0.62104726,-0.98752,-0.10211675,-0.39320257,-0.5360457,-0.7600394,2
-0.3232009,0.7352156,-0.98516554,0.062029354,-0.46057314,-0.48127982,-0.81778216,2
-0.23914617,0.48646453,-0.9866711,0.06834257,-0.18919444,-0.51334566,-0.8520578,2
-0.6199271,0.43751562,-0.9844664,0.18807025,-0.3374764,-0.4746098,-0.840497,1
0.08905715,0.34139532,-0.9906502,-0.21158382,-0.19508392,-0.6761133,-0.73455775,2
-0.45275488,0.37113327,-0.9881533,-0.019369587,-0.34413296,-0.5142966,-0.8030581,2
0.18900156,0.10580392,-0.9937696,-0.0076477975,-0.08776465,-0.73621434,-0.7796319,2
-0.86936235,0.34640428,-0.9795114,0.4779091,-0.20216417,-0.57997364,-0.809329,1
0.6310496,-0.37479806,-0.99236214,0.6552642,-0.6197819,-0.6316951,-0.8044349,2
-0.03999111,0.8277327,-0.9849855,0.09663324,-0.3515874,-0.440079,-0.8427873,2
-0.23804496,0.62376535,-0.9859353,0.12698096,-0.1189612,-0.31547135,-0.8984606,2
-0.5118221,0.45488125,-0.9852552,0.16539942,-0.3262006,-0.47304457,-0.84426343,1
-0.16506535,0.5650197,-0.9846245,0.15858826,0.041431308,-0.35244963,-0.87405264,2
-0.5831764,0.37794936,-0.9855381,0.10876299,-0.4211489,-0.53706497,-0.8258968,1
-0.38083917,0.023613587,-0.9948758,-0.30278513,-0.18518227,-0.5176063,-0.81143814,0
-0.03822124,0.6325778,-0.98755234,0.0047947615,-0.15424092,-0.5217624,-0.8468146,2
-0.9704776,-0.09054974,-0.9861403,0.1523582,-0.13826613,-0.60051477,-0.7602315,0
-0.88430953,-0.043420255,-0.98978764,-0.051389948,-0.39064556,-0.53917414,-0.8126486,0
-0.5478124,0.34159178,-0.98928493,-0.081027254,-0.34366494,-0.48013002,-0.83844095,0
-0.38827667,0.26203555,-0.9926669,-0.26694095,-0.2980645,-0.5379445,-0.7902063,2
-0.823295,0.079684034,-0.98120666,0.11519648,-0.19786355,-0.46976095,-0.77570844,1
-0.11119959,0.5496626,-0.9869701,0.08671224,-0.089552835,-0.48586813,-0.8720524,2
-0.8162137,0.15768719,-0.9854616,0.1642302,-0.29891396,-0.54541504,-0.8067656,0
-0.2921109,0.6490576,-0.985515,0.05085408,-0.4580822,-0.48054624,-0.8175098,2
-0.014426798,0.6435865,-0.988726,-0.16345122,-0.3381436,-0.5586151,-0.7678664,2
-0.8111371,0.3014104,-0.98047715,0.39004675,-0.20421758,-0.4761908,-0.7875822,1
-0.5725561,-0.07440621,-0.9941331,-0.27347273,-0.19059834,-0.50131303,-0.8429604,0
0.35754836,0.3616835,-0.98881894,0.08535059,-0.02270773,-0.6790793,-0.8514975,2
-0.43201524,0.6079634,-0.9840848,0.1022568,-0.5104281,-0.50310296,-0.8149741,1
-0.8500909,0.19644019,-0.9814796,0.3915683,-0.12430143,-0.58498216,-0.78466016,1
-0.81852376,0.26709276,-0.98194593,0.37948707,-0.24045074,-0.61602986,-0.8299609,1
-0.9656873,-0.17841822,-0.98958397,0.011401884,-0.19034213,-0.57806176,-0.786845,0
-0.9201282,0.010639653,-0.98715127,0.10695909,-0.31856406,-0.5611127,-0.8117577,0
0.14755374,0.4245878,-0.99106973,-0.16743976,-0.14316261,-0.6708909,-0.73877054,2
-0.8495119,0.03424163,-0.9873791,0.105494946,-0.22199282,-0.49198982,-0.8126606,0
-0.87430525,-0.09347156,-0.99110055,-0.10478151,-0.38449475,-0.5428508,-0.8145162,0
-0.85638106,0.23213859,-0.9816955,0.3821787,-0.23595001,-0.6076661,-0.8107283,1
-0.35585415,0.07863031,-0.9938822,-0.19609883,0.026783526,-0.43590373,-0.8948655,0
-0.8906708,0.1806186,-0.981869,0.35267162,-0.17695121,-0.60514176,-0.78803355,1
0.17711818,0.23191471,-0.99270874,-0.12244722,-0.08426282,-0.7879649,-0.7499014,2
-0.7127386,0.45269966,-0.98083776,0.40054873,-0.311575,-0.54318255,-0.8429315,1
-0.7249839,0.39595938,-0.9825986,0.2758032,-0.39811036,-0.5652155,-0.8316742,1
-0.07910544,0.4857934,-0.99013084,-0.17633396,-0.25796053,-0.6365563,-0.75825614,2
-0.4896621,0.6206989,-0.98419106,0.1405009,-0.48282358,-0.46605808,-0.83214176,2
-0.7522515,0.17862839,-0.983455,0.12266864,-0.27181613,-0.46356243,-0.77386534,0
-0.9254597,-0.029089183,-0.9874892,0.11324911,-0.26370138,-0.58007914,-0.8065287,0
-0.9567173,-0.0012693554,-0.9846392,0.22873706,-0.17535093,-0.62389666,-0.7694612,0
-0.9595326,-0.24915975,-0.99122435,-0.09937884,-0.21117699,-0.5221288,-0.7645961,0
0.40216613,-0.3548261,-0.9918577,0.64105225,-0.70805866,-0.5825755,-0.78941333,2
-0.83072054,0.0071662664,-0.9929231,-0.20142105,-0.4655496,-0.47250032,-0.84172076,0
0.08297658,-0.49046826,-0.9914698,0.55773926,-0.6882497,-0.47235012,-0.7690984,2
-0.8211298,0.15986726,-0.9861795,0.115634605,-0.40438142,-0.55100626,-0.81386024,0
-0.802235,-0.03202042,-0.9940288,-0.2506972,-0.42717427,-0.4772203,-0.83046997,0
-0.16698176,-0.4708076,-0.99766004,0.16905944,-0.28653133,-0.47881547,-0.91753477,0
-0.5145446,0.107378475,-0.9916722,-0.16531906,-0.29945982,-0.5510101,-0.7964995,0
-0.20552912,0.7360081,-0.9843042,0.11996048,-0.40024492,-0.4421643,-0.82381594,2
0.39183736,-0.09554118,-0.98879796,0.46416977,0.043116838,-0.31090042,-0.9383007,0
0.3063643,0.0840864,-0.9943663,0.011200011,-0.1336394,-0.82293,-0.78003633,2
0.5225492,-0.051011413,-0.99095315,0.4844497,-0.077512965,-0.49431145,-0.93077624,2
-0.8411667,0.03966081,-0.9898549,-0.059092313,-0.43264353,-0.5184848,-0.8231882,0
-0.9687759,-0.28147918,-0.9925392,-0.12879997,-0.2206904,-0.53447974,-0.78915244,0
-0.8723656,-0.02929911,-0.9892627,0.003847912,-0.3119336,-0.5585153,-0.81665635,1
-0.8267279,0.09486805,-0.98648095,0.16415536,-0.22057134,-0.5379395,-0.8155338,1
0.1385907,0.4285344,-0.9903381,-0.16364071,-0.21965942,-0.7228284,-0.74290794,2
0.24740529,-0.26931727,-0.992317,0.328453,-0.48920807,-0.7911646,-0.72489583,2
-0.8284178,0.2865972,-0.9804853,0.46656826,-0.17907448,-0.6317508,-0.82265264,1
-0.7926034,0.21713851,-0.98487186,0.21781632,-0.29552534,-0.5832492,-0.8271888,1
-0.2675938,0.17474735,-0.9923637,-0.18715486,-0.18337043,-0.5290864,-0.7721529,2
-0.43470964,0.34658533,-0.9886805,-0.075294286,-0.36055776,-0.5349174,-0.79451084,2
-0.15233493,0.23645101,-0.9887459,0.11710386,-0.029310405,-0.41872022,-0.8978266,2
-0.92357504,-0.12626252,-0.9904811,-0.05784847,-0.32760513,-0.5515284,-0.8106989,0
0.2730878,-0.08955178,-0.99584156,0.092275515,-0.24231392,-0.84116375,-0.71257865,2
-0.8888803,-0.09443456,-0.99158657,-0.12493113,-0.39330608,-0.5051294,-0.8127882,0
0.7073057,-0.5164427,-0.99480945,0.82989246,-0.64432824,-0.5834695,-0.82529545,2
-0.18587124,-0.15737987,-0.9933869,0.023533918,-0.25426102,-0.50043696,-0.8006309,0
-0.25063646,-0.37082094,-0.9987787,-0.11093761,-0.035372406,-0.5874879,-0.91884303,0
-0.20331553,0.5854564,-0.98772293,-0.03816919,-0.38260382,-0.43478915,-0.81016487,2
-0.37150183,0.7810085,-0.9807312,0.3014322,-0.40855178,-0.49910322,-0.841222,2
0.2416994,0.5970558,-0.9881222,-0.07397075,-0.11808084,-0.6480201,-0.788562,2
-0.93234277,-0.106763184,-0.98949414,-0.020400643,-0.31708193,-0.51383847,-0.7956058,0
0.49421406,-0.062286586,-0.994615,0.32167017,-0.1125835,-0.660066,-0.8692999,2
0.33560717,0.6016967,-0.98859304,0.059962742,-0.07050204,-0.56085217,-0.777992,2
-0.62560904,0.43127644,-0.98170483,0.3715123,-0.28630066,-0.56605273,-0.83624744,1
0.1868192,0.45210165,-0.98585826,0.25017115,0.091731876,-0.5123909,-0.8864726,2
-0.44268662,0.7377929,-0.982728,0.19352606,-0.52010226,-0.46830764,-0.84995234,1
-0.24881452,0.7576426,-0.9852674,0.025473602,-0.48002425,-0.48863015,-0.80824924,2
0.48185605,0.078402296,-0.99043006,0.50065905,0.085007876,-0.40961397,-0.9750371,2
-0.8408457,0.11585551,-0.98736346,0.067474656,-0.40668282,-0.54024696,-0.82683307,1
-0.070396245,0.7457577,-0.9884614,-0.14626446,-0.41939712,-0.49216223,-0.7885553,2
-0.20325118,0.4556808,-0.9867702,0.093713924,-0.06369196,-0.49598044,-0.87627304,2
-0.56512743,-0.029624194,-0.99544436,-0.33238244,-0.25578764,-0.5486011,-0.82358146,0
0.1441549,0.44213492,-0.98830175,0.07366015,-0.037502557,-0.61285406,-0.812834,2
-0.84680545,0.13482511,-0.984078,0.29539192,-0.16803458,-0.6087912,-0.8246638,1
-0.360071,0.19675918,-0.99188215,-0.22284284,-0.24441332,-0.61638665,-0.7730558,2
-0.88504076,-0.22628132,-0.9936608,-0.1953597,-0.24515377,-0.5019642,-0.8065798,0
-0.8786527,0.08056758,-0.9855585,0.17444837,-0.3067444,-0.59785455,-0.81260085,0
0.2414828,0.58949065,-0.98704654,0.087302506,-0.039861053,-0.40116876,-0.7880031,2
-0.47038433,0.5726044,-0.98391974,0.1675673,-0.4540441,-0.52114075,-0.8353358,1
-0.84102523,0.16070372,-0.98616433,0.15697996,-0.349059,-0.53503865,-0.84714574,0
-0.87855214,0.20430103,-0.98108965,0.45052838,-0.11367269,-0.6552821,-0.8241,1
-0.31966525,0.42621064,-0.990096,-0.19590637,-0.3586312,-0.4867097,-0.7850331,2
-0.23934716,0.75733465,-0.9852629,-0.0015441328,-0.5049487,-0.502957,-0.7924014,1
-0.8972857,-0.06488007,-0.9877616,0.08517432,-0.17881727,-0.5515451,-0.7917481,1
0.22286779,0.27060074,-0.99181205,0.046410754,-0.100776255,-0.6712749,-0.826565,2
0.5099816,0.25211996,-0.9904173,0.14217587,0.03957677,-0.64146245,-0.803471,2
-0.84752095,0.0032367855,-0.9890961,-0.013734311,-0.3719339,-0.54214895,-0.8034305,0
-0.86851263,-0.022319704,-0.99100405,-0.121602565,-0.43452007,-0.51488626,-0.81875676,0
-0.2785961,-0.24554875,-0.99182963,0.113779575,-0.082372814,-0.30274165,-0.88317114,0
0.14299166,0.43012327,-0.9879671,0.0861993,-0.033974588,-0.5414021,-0.85475945,2
-0.88193965,0.18697456,-0.98083234,0.4773415,-0.049766988,-0.62192273,-0.81053984,1
-0.56798434,-0.55504173,-0.9938314,0.003121227,-0.44537234,-0.44848102,-0.8674622,0
0.17547351,0.123234816,-0.9905632,0.08726156,-0.15536976,-0.5643375,-0.7983954,2
0.50284475,-0.298087,-0.98304707,0.7615721,-0.31194666,-0.08595434,-0.7525668,2
-0.9122057,0.057572246,-0.980363,0.36854202,-0.035409093,-0.4503712,-0.7609266,1
-0.9235755,0.017860085,-0.98604053,0.15180948,-0.25640032,-0.5755726,-0.79060304,0
-0.43014017,-0.051115334,-0.993031,-0.18476552,-0.17016724,-0.60863185,-0.815197,2
-0.7849568,0.33797058,-0.98149365,0.37771124,-0.28827596,-0.61571306,-0.8251418,1
-0.7464216,0.5374596,-0.9773235,0.5928703,-0.24280554,-0.6148056,-0.83403254,1
-0.83961487,0.2772797,-0.98128605,0.41289,-0.20762765,-0.6311305,-0.81586623,1
0.40072834,0.094089836,-0.98875654,0.3231865,0.06294188,-0.43719763,-0.93857634,2
-0.7699633,0.5840739,-0.97638714,0.6083342,-0.28734174,-0.58098876,-0.82592756,1
0.42930335,-0.50811607,-0.9928491,0.5854048,-0.777731,-0.68528336,-0.7024208,2
-0.80056393,-0.041050076,-0.9926692,-0.2005082,-0.42394137,-0.5207311,-0.8187569,0
-0.76437354,0.46961063,-0.9800867,0.43004906,-0.3708406,-0.557651,-0.85151565,1
-0.8504287,0.11950687,-0.9850728,0.22482526,-0.25758928,-0.61087906,-0.8112281,0
-0.60177267,0.52701753,-0.9823713,0.28555992,-0.32006824,-0.46799344,-0.8544488,1
-0.89884615,-0.090144396,-0.9915438,-0.1234712,-0.40800282,-0.5185146,-0.82283187,0
-0.7743143,0.37257802,-0.9809257,0.39788935,-0.2742575,-0.5938095,-0.8295991,1
0.20137626,-0.5114026,-0.9836274,0.6816545,-0.28165781,-0.039351106,-0.9475575,0
-0.77018636,0.40993303,-0.98071086,0.4340065,-0.27907732,-0.5850192,-0.84746456,1
-0.7977786,-0.2123541,-0.996012,-0.3258431,-0.2809277,-0.52016246,-0.81903154,0
-0.25817913,0.3558058,-0.99150705,-0.18630296,-0.2634599,-0.5374967,-0.800949,2
-0.6853425,-0.20736635,-0.9951757,-0.22762176,-0.2885318,-0.53825957,-0.8052296,0
0.1437484,0.64258254,-0.9870272,0.08632408,-0.0343062,-0.513605,-0.86736375,2
0.27905554,0.2843292,-0.9916796,-0.01360634,-0.055750355,-0.77587706,-0.75731176,2
-0.42033172,-0.23714894,-0.9944402,-0.15081745,-0.14413658,-0.53998333,-0.87762034,0
0.30561465,0.6175751,-0.98906446,0.042893462,-0.1675735,-0.708369,-0.75775373,2
-0.71527934,-0.057963043,-0.99322194,-0.21826005,-0.3137716,-0.47023094,-0.82279146,0
-0.13803875,0.42561355,-0.9869134,0.078461155,-0.1003937,-0.4051217,-0.8524794,2
-0.042601436,0.56876516,-0.988518,-0.18700778,-0.3151357,-0.57682997,-0.74730265,2
-0.8695126,-0.05493915,-0.98944664,-0.012814015,-0.31669953,-0.5445007,-0.80775684,0
-0.72895133,0.27241048,-0.9868679,0.046606757,-0.46646756,-0.5113567,-0.8258434,1
0.1862914,0.15349986,-0.98966867,0.18171018,-0.018645138,-0.5720899,-0.8745921,2
-0.8556001,0.026236922,-0.98802376,0.08428471,-0.30040047,-0.5540346,-0.8199988,0
-0.15140507,0.7147868,-0.98565215,0.016364224,-0.3869908,-0.54303527,-0.7754785,2
-0.50743103,0.559883,-0.9830931,0.24274045,-0.36387688,-0.48895338,-0.82613164,1
0.41595614,0.066230625,-0.9682888,0.22946371,0.11272597,-0.15046471,-0.8494598,0
-0.80253565,0.31082857,-0.9824704,0.30540234,-0.31981978,-0.5639384,-0.8187971,1
0.3910088,0.16132542,-0.992723,-0.029536411,-0.1396916,-0.8195727,-0.72874355,2
-0.6763883,0.55719066,-0.9812236,0.3059253,-0.51161885,-0.5398852,-0.8249976,0
-0.9405575,-0.083099306,-0.9884168,0.054007694,-0.26476714,-0.58549005,-0.80752736,0
-1.0,0.022383913,-0.9416981,0.3353298,-0.019954473,-0.47346833,-0.5645244,1
-0.57387954,0.4005006,-0.9863025,0.061026707,-0.40918255,-0.4828193,-0.8306359,1
-0.5696614,-0.5833912,-0.9964417,0.08432253,-0.6095133,-0.47666594,-0.8185902,0
-0.47862875,0.72380525,-0.98121876,0.26650655,-0.5218017,-0.50345534,-0.8307449,2
-0.4468467,0.5867586,-0.98534137,0.060056984,-0.53289986,-0.49139163,-0.8282125,2
-0.4812676,0.16991016,-0.9924424,-0.2688598,-0.36835438,-0.5416678,-0.78826904,2
-0.77993155,0.43355972,-0.98011416,0.4251025,-0.35133702,-0.57904416,-0.8324377,1
-0.7950475,0.2295977,-0.9858311,0.1433227,-0.38815984,-0.505498,-0.82772607,0
-0.84350085,0.074168354,-0.9877934,0.08038045,-0.31177434,-0.5448495,-0.82488173,1
0.7416764,-0.5224524,-0.98934305,0.8609778,-0.7804074,-0.45841792,-0.8291995,2
0.041970313,0.39863926,-0.987286,0.03956628,-0.12682374,-0.6038135,-0.83917344,2
-0.90845406,0.061600953,-0.9847692,0.25621784,-0.1858281,-0.60492057,-0.81231314,1
-0.8643374,0.19829023,-0.9809198,0.4184634,-0.11011593,-0.5993733,-0.782665,1
-0.83941233,0.19935192,-0.9837689,0.293258,-0.23664974,-0.5989126,-0.8219052,1
-0.034979105,-1.0,-0.9941439,0.5160378,-0.8275633,-0.34691924,-0.8893234,0
-0.84536415,0.1967291,-0.9820636,0.39735657,-0.11773339,-0.60259503,-0.8149142,1
-0.6181957,0.55172217,-0.98211646,0.35845894,-0.27310303,-0.44850555,-0.88216364,1
-0.30799282,0.55265933,-0.9862883,-0.009337202,-0.4727464,-0.5168438,-0.78429425,2
-0.661961,0.1423874,-0.9903489,-0.14978153,-0.4047725,-0.4655289,-0.80757594,0
-0.5108865,0.48365942,-0.98633885,0.022041969,-0.5245769,-0.5165622,-0.8203464,2
-0.7930031,0.15402889,-0.98465616,0.25320923,-0.14889193,-0.542371,-0.81556815,1
-0.8255604,0.20382544,-0.98187876,0.37709767,-0.08415018,-0.46115687,-0.78902894,1
-0.8908756,0.095380574,-0.9834688,0.33403504,-0.114822805,-0.5887288,-0.8035995,1
-0.7774376,0.2799067,-0.9828019,0.31801498,-0.2971147,-0.60178405,-0.82772624,1
0.045268416,0.24164516,-0.9883519,0.0939132,-0.11488046,-0.6463243,-0.8389036,2
-0.73538995,0.2695066,-0.98333347,0.29606456,-0.26571065,-0.5868872,-0.821605,1
-0.51998997,0.43135276,-0.9869685,0.011222616,-0.44193143,-0.51551783,-0.82029283,1
-0.26019847,0.5504124,-0.9882995,-0.10188386,-0.38061905,-0.54043776,-0.77558947,2
-0.88154846,-0.094670355,-0.9905279,-0.059682503,-0.33001918,-0.5475732,-0.815049,0
-0.73854065,0.5395229,-0.978713,0.5411571,-0.20283836,-0.48667538,-0.85434395,1
-0.23460898,0.23614046,-0.9888933,0.016970195,-0.038400292,-0.44667923,-0.8675652,2
-0.6017045,-0.041775793,-0.9932769,-0.20423257,-0.2815949,-0.49027064,-0.815903,0
-0.82247376,0.3535802,-0.9802962,0.46349815,-0.21410531,-0.61726856,-0.8267714,1
-0.7213607,0.07667737,-0.9908404,-0.103607476,-0.354194,-0.5216437,-0.8186302,1
-0.80350035,0.14892189,-0.9850306,0.24381876,-0.2036759,-0.5865604,-0.8345631,1
-0.8749838,-0.027811497,-0.9884634,0.04950603,-0.24979186,-0.5479307,-0.8114339,1
0.24235731,0.2419041,-0.9885782,0.20604634,-0.018915385,-0.54255885,-0.8991827,2
-0.36733237,0.18353122,-0.98964864,-0.048177257,-0.21678336,-0.5290927,-0.8390828,0
-0.5390416,0.36985666,-0.9885611,-0.061969936,-0.46093434,-0.49136478,-0.824423,2
0.10823697,0.5677008,-0.98797756,-0.07397492,-0.1670649,-0.6125052,-0.7980641,2
-0.32107633,0.15619485,-0.99094063,-0.08980155,-0.1176455,-0.49681398,-0.84944075,2
-0.78684044,0.44565493,-0.97897744,0.48435843,-0.32403174,-0.5979926,-0.8303144,1
-0.85434103,0.23314965,-0.98178226,0.38362595,-0.19917016,-0.5882141,-0.81531656,1
-0.24045895,0.6360626,-0.9861761,0.04355046,-0.36506808,-0.45654288,-0.8341196,2
-0.7126972,0.24339524,-0.9889656,-0.049492463,-0.44542176,-0.47650623,-0.831218,0
0.17294645,-0.5935211,-0.9930802,0.5555012,-0.9110136,-0.6379672,-0.6884223,2
-0.13386932,0.624145,-0.98734134,-0.040668488,-0.4039053,-0.5311316,-0.78787905,2
-0.7667234,0.35851645,-0.97326446,0.4358547,-0.16617517,-0.5276805,-0.7861096,1
-0.84307635,0.1720793,-0.9825291,0.38220012,-0.14110424,-0.6382773,-0.82950634,1
-0.96513104,-0.25574595,-0.9912417,-0.088612586,-0.19846094,-0.5331569,-0.7624132,0
-0.829901,0.3110567,-0.98126215,0.38857844,-0.2529568,-0.6005953,-0.82739717,1
-0.6012515,0.5890183,-0.98191226,0.29181856,-0.46076268,-0.53817296,-0.8479647,2
-0.76402223,0.48769814,-0.97868574,0.49225983,-0.3147747,-0.5879682,-0.82581055,1
0.7325433,-0.27075195,-0.9929991,0.70511585,-0.53934777,-0.46869648,-0.8783151,2
-0.23565549,0.61473477,-0.9865548,0.0019188821,-0.35888252,-0.49442008,-0.79963344,2
-0.6344845,0.54743314,-0.9814508,0.3127437,-0.45561504,-0.55032235,-0.84403545,1
-0.82568157,0.070584744,-0.98733926,0.057574198,-0.34816316,-0.5180569,-0.7939198,0
-0.37523553,0.6590362,-0.9842672,0.112346835,-0.4514472,-0.5087635,-0.8247339,2
-0.77085006,-0.1856204,-0.99534947,-0.28173593,-0.25009847,-0.49432537,-0.838154,0
-0.7644667,0.31486213,-0.9821016,0.34753537,-0.23747398,-0.5719832,-0.8214966,1
-0.8004395,0.27263087,-0.98318774,0.30748487,-0.2805565,-0.6005012,-0.82516634,1
-0.49860066,0.4756168,-0.9853366,0.18481515,-0.2572169,-0.39334494,-0.86118436,0
-0.6709426,0.5489898,-0.9806309,0.37536845,-0.41779006,-0.5216685,-0.8372634,1
-0.22774667,0.4194643,-0.990068,-0.120063335,-0.28930363,-0.508883,-0.79879546,2
0.04992014,0.518016,-0.9875113,-0.011908025,-0.15704715,-0.6358657,-0.80832964,2
-0.503215,0.6386217,-0.9818105,0.2759795,-0.44939607,-0.5043304,-0.84255123,1
-0.54726946,0.16389075,-0.9928745,-0.21880719,-0.32646906,-0.48101693,-0.8416796,0
-0.5809356,-0.3873644,-0.9957007,-0.1349091,-0.15349643,-0.5185944,-0.8715563,0
-0.35215575,0.5214083,-0.9866672,0.007648051,-0.43957305,-0.52437234,-0.79753417,1
-0.12093645,0.47542644,-0.9872452,0.08192788,0.034821928,-0.34889728,-0.89571023,2
-0.9248313,-0.08320132,-0.98944014,-0.022956476,-0.34543225,-0.56326765,-0.8056582,0
-0.9729179,-0.22310394,-0.9907001,-0.04446645,-0.19538465,-0.57030416,-0.78246886,0
0.15829623,0.3408122,-0.99108773,-0.14308271,-0.19240406,-0.6653302,-0.76309097,2
-0.7772325,0.40493104,-0.98184204,0.32479125,-0.39949852,-0.5552916,-0.81911194,0
-0.48487914,0.05995539,-0.9937369,-0.26208127,-0.19873872,-0.5093447,-0.8495113,0
-0.8956524,0.10859357,-0.9851247,0.2002556,-0.3053207,-0.58269036,-0.81622976,1
-0.74973744,0.052595973,-0.992231,-0.19865921,-0.42384285,-0.46709055,-0.81546277,0
-0.6065656,0.49529022,-0.98440784,0.2101607,-0.41916597,-0.48123056,-0.8550137,2
-0.02286151,0.75719875,-0.9860996,0.05550237,-0.29652944,-0.46048027,-0.824051,2
-0.8615676,0.13450518,-0.9842294,0.25925624,-0.23527715,-0.5961493,-0.81434613,1
-0.56784576,0.17271478,-0.9911718,-0.1962103,-0.384508,-0.5115283,-0.7952782,0
-0.75251883,0.49738935,-0.9774309,0.56663656,-0.20686287,-0.59206015,-0.7917727,1
-0.53498304,-0.28234643,-0.99480593,-0.15793324,-0.16715258,-0.5488489,-0.8711287,0
-0.89469934,0.0011898577,-0.9870333,0.10068293,-0.27641106,-0.5809886,-0.79127717,0
-0.7360134,0.030636147,-0.9924771,-0.20290741,-0.40006915,-0.4694638,-0.828433,0
0.12973082,0.4664865,-0.9907496,-0.10391988,-0.18449923,-0.6698414,-0.7593355,2
-0.030715406,0.34337914,-0.983459,0.17619255,-0.057930306,-0.28180894,-0.8442621,2
-0.5066968,0.04192674,-0.9909065,-0.06444326,-0.07878068,-0.44523752,-0.84864885,0
-0.70609784,0.19854572,-0.9910788,-0.13513818,-0.49624205,-0.45696738,-0.8416194,0
-0.63173944,0.09547345,-0.9917248,-0.18001443,-0.29150248,-0.5015339,-0.83178586,0
-0.45884454,0.50374943,-0.9859597,0.045321777,-0.42302033,-0.51796126,-0.8132964,2
-0.33093786,0.5264958,-0.98788863,-0.06763066,-0.43963242,-0.49457598,-0.80107516,2
-0.81706905,0.042408228,-0.9908079,-0.083747044,-0.37323368,-0.47930637,-0.8286338,0
0.0753296,0.27413946,-0.990352,-0.039637893,-0.1700185,-0.6772703,-0.7444414,2
-0.7319033,0.39736727,-0.98196024,0.31050104,-0.4081681,-0.57705885,-0.82793754,1
-0.7898824,0.17609769,-0.98757625,0.047130734,-0.3387949,-0.48033357,-0.80613416,0
-0.7042905,0.25358495,-0.98690766,0.07250053,-0.38587695,-0.49728265,-0.8215125,1
-0.58629286,0.36769158,-0.984065,0.22204693,-0.20184287,-0.5115768,-0.8106813,0
-0.40651006,0.4832778,-0.98895794,-0.13859925,-0.46547735,-0.48763293,-0.797124,2
-0.8416233,0.05864033,-0.988138,0.06533032,-0.31310135,-0.57362986,-0.82711136,1
0.17633581,0.43375605,-0.99179107,-0.12196201,-0.16457579,-0.73649573,-0.7348511,2
-0.78563803,0.28689057,-0.98331285,0.30965263,-0.27056992,-0.57949555,-0.8483751,1
-0.58904815,-0.39029622,-0.99535877,-0.030619904,-0.2588755,-0.42805293,-0.8563073,0
-0.5807956,0.45239633,-0.98412186,0.18060738,-0.43167832,-0.55930066,-0.8318985,1
-0.27052587,0.6711354,-0.9861435,0.022633642,-0.40627778,-0.46139637,-0.8266834,2
-0.16977254,0.7586554,-0.98618144,-0.033602312,-0.45445275,-0.47295395,-0.8197865,2
-0.8370436,0.028698102,-0.98883563,0.01734975,-0.28820202,-0.52511615,-0.807392,1
0.17182249,0.33960062,-0.9889322,0.09342305,-0.017106712,-0.60977155,-0.85956323,2
-0.87158614,-0.07668692,-0.99039716,-0.061167225,-0.34420487,-0.5512189,-0.8149027,0
-0.32083964,0.64875364,-0.9865449,-0.018361762,-0.50187695,-0.48908195,-0.8079223,2
-0.23819843,0.17342985,-0.99392086,-0.3108479,-0.17777577,-0.648177,-0.7535701,0
-0.11350232,0.72952175,-0.988295,-0.11422135,-0.38740003,-0.5154189,-0.8025801,2
-0.64408255,0.41958576,-0.9837212,0.19694613,-0.39463502,-0.5122866,-0.8118906,0
-0.8234482,0.4051252,-0.9791156,0.5173923,-0.19515616,-0.6054951,-0.82666296,1
-0.15600014,0.5423732,-0.9884616,-0.15331805,-0.39322412,-0.56174153,-0.7482108,2
-0.49881503,-0.045622855,-0.993726,-0.26240906,-0.14787896,-0.46520123,-0.86368287,0
-0.55774224,0.48863277,-0.98442984,0.14567423,-0.45147288,-0.5461961,-0.8248077,2
-0.09837705,0.7225883,-0.9874183,-0.039385036,-0.35580444,-0.44366235,-0.8223567,2
-0.6545163,0.55248666,-0.980972,0.33328074,-0.43909782,-0.54839325,-0.832617,1
-0.7760008,0.38725504,-0.9805954,0.44196403,-0.24508405,-0.5907097,-0.8306502,1
-0.48574078,0.1366812,-0.99385303,-0.24176577,-0.14930674,-0.40610364,-0.8724439,0
-0.32485804,0.11823196,-0.99151695,-0.14681396,-0.09690198,-0.5311184,-0.86060846,0
-0.46678936,0.6736735,-0.98275673,0.1586065,-0.5553082,-0.48731518,-0.81337434,1
-0.6467896,0.64912087,-0.97720283,0.57751507,-0.27791116,-0.47638518,-0.8411739,2
0.11697328,0.6463268,-0.9849062,0.19918945,-0.094944134,-0.45334682,-0.82266515,2
-0.7642521,0.22856449,-0.98477453,0.09233545,-0.35787737,-0.4851335,-0.7585821,0
-0.40276262,0.22507767,-0.9907062,-0.07101816,-0.13957585,-0.44000432,-0.85901743,0
-0.8336512,0.40295044,-0.97711444,0.6206343,-0.15389447,-0.6672386,-0.824454,1
-0.59310013,0.6880765,-0.97910607,0.4164015,-0.47149324,-0.54001266,-0.84141034,2
-0.87140036,0.043600187,-0.9876678,0.09457447,-0.29442823,-0.5508507,-0.8262659,1
-0.519175,0.5715494,-0.9820744,0.26521245,-0.42072943,-0.53928965,-0.8312883,1
-0.7412473,0.41192234,-0.98244816,0.2852431,-0.3900506,-0.5453559,-0.84124744,1
-0.13081133,-0.22074983,-0.9911247,0.34161183,-0.13175566,-0.46257785,-0.90097034,0
-0.75866103,-0.0016233176,-0.9936504,-0.25056577,-0.42590672,-0.45944774,-0.83167404,0
-0.1396108,0.4879035,-0.9904577,-0.17980897,-0.28646788,-0.53698844,-0.7785954,2
-0.3824917,0.86585194,-0.9805465,0.28586715,-0.504456,-0.48364758,-0.8375131,2
-0.48887244,0.5876047,-0.9852061,0.075653374,-0.5089255,-0.48378506,-0.81925815,2
-0.7522266,0.028351814,-0.9914249,-0.11620273,-0.34040868,-0.51152503,-0.82508546,1
-0.7996385,-0.112490356,-0.9938877,-0.2544796,-0.3404983,-0.47566032,-0.83069855,0
-0.38762423,0.6956987,-0.98385215,0.12512776,-0.50427675,-0.4901625,-0.8376251,1
-0.9130978,0.023025393,-0.98452085,0.24842536,-0.13686956,-0.59415245,-0.78030443,1
-0.71398413,0.05586347,-0.9916755,-0.16292316,-0.3540663,-0.52320427,-0.8172385,0
-0.45498973,0.67843926,-0.9829132,0.20640153,-0.4405386,-0.47108537,-0.8359897,2
-0.53806716,0.5597496,-0.98445326,0.12853599,-0.5103152,-0.48747426,-0.8223617,2
-0.8866562,0.18912266,-0.98173046,0.38898665,-0.1429487,-0.6176657,-0.80090076,1
-0.7225574,0.24181016,-0.9849006,0.19376108,-0.29757357,-0.50179577,-0.8116479,0
-0.7972429,0.30373254,-0.9816416,0.35106456,-0.32874545,-0.6156729,-0.8260032,1
0.35787272,-0.55039424,-0.98844624,0.8791611,-0.83216,-0.44400844,-0.77604353,2
-0.22494423,0.61274064,-0.98791647,-0.078435436,-0.40719423,-0.5149546,-0.7919608,2
-0.28459567,0.80071557,-0.98403317,0.089469396,-0.49103332,-0.47266033,-0.8142845,1
0.30026203,0.3711793,-0.9887413,0.17927074,0.015366405,-0.53103405,-0.85938877,2
-0.3377902,-0.1988093,-0.99659044,-0.23753458,0.0071470737,-0.48852935,-0.90651447,0
-0.041459233,-0.08237645,-0.9940659,0.013687201,-0.17996809,-0.64487034,-0.78076106,2
-0.8073647,0.2633423,-0.9822858,0.3684635,-0.22773066,-0.6167938,-0.83553,1
0.406461,-0.07046488,-0.99100566,0.39567363,-0.32045275,-0.5887015,-0.85367244,2
-0.6567791,0.2895911,-0.9886989,-0.020264998,-0.42215785,-0.49682412,-0.8345727,1
-0.66777486,-0.15233934,-0.9932342,-0.17399353,-0.18723935,-0.52606016,-0.8343222,0
0.027371824,0.31387734,-0.99109685,-0.044789717,-0.18372586,-0.67058825,-0.7474549,2
0.106669426,0.52114654,-0.988857,-0.059752822,-0.2027236,-0.6786698,-0.7676619,2
-0.8840116,0.07647048,-0.9848524,0.2783852,-0.12937273,-0.6030058,-0.83084303,1
-0.8961643,0.03038919,-0.9855176,0.22896087,-0.1656046,-0.6032077,-0.8132124,1
0.048796415,0.6016588,-0.98932385,-0.18463138,-0.3122682,-0.619248,-0.7526012,2
-0.093324095,0.5466394,-0.9894646,-0.09174585,-0.2308934,-0.5286078,-0.7963375,2
-0.7215244,0.3579266,-0.98382425,0.234082,-0.41287977,-0.5640562,-0.8403437,2
0.4463731,0.21239886,-0.9907972,0.34398246,-0.047348022,-0.61661804,-0.8974932,2
-0.32124037,0.7774807,-0.9839875,0.12709679,-0.47865817,-0.44474736,-0.839057,2
-0.09693974,0.33889902,-0.99179655,-0.23958722,-0.22496302,-0.65741205,-0.74846494,2
-0.7056155,0.12968989,-0.9932649,-0.2465873,-0.4766123,-0.45053875,-0.84588444,0
0.4515652,-0.18005407,-0.99561626,0.36395013,-0.23018697,-0.7793236,-0.77321744,2
-0.8693674,0.1958023,-0.98197764,0.39677086,-0.16331035,-0.62478334,-0.82183987,1
0.27112055,0.03516023,-0.9936634,0.24669756,-0.2082697,-0.6633714,-0.8083996,2
-0.7611595,0.19390488,-0.97650254,0.10845619,-0.34277672,-0.545595,-0.80537874,1
-0.77456504,0.27785468,-0.9818155,0.33774483,-0.2320686,-0.5941006,-0.79931784,1
-0.77314115,-0.027253598,-0.9929285,-0.22899061,-0.4100113,-0.49458316,-0.8183921,0
-0.6835657,0.056355625,-0.99223745,-0.16328898,-0.2594682,-0.46683407,-0.8520124,0
-0.39658958,0.1626687,-0.99331623,-0.30189812,-0.2957533,-0.48735353,-0.7988676,0
-0.83438,0.052867815,-0.9890362,0.015899412,-0.34573448,-0.51316154,-0.8430836,0
-0.71942997,0.5050211,-0.9814788,0.3282199,-0.41187295,-0.5209468,-0.84141904,1
-0.54823166,0.17268589,-0.9933123,-0.33507577,-0.43497577,-0.45901665,-0.80978656,0
-0.37827983,0.21998376,-0.98801786,0.04518138,-0.07830979,-0.45517606,-0.8643812,0
-0.4299456,0.828929,-0.98053557,0.29097337,-0.5044157,-0.49120626,-0.84589416,1
-0.04343596,-0.5934354,-0.9897363,0.590865,-0.56244385,-0.18477586,-0.81109077,2
-0.7037001,0.43136123,-0.98294437,0.23475268,-0.4730655,-0.5434502,-0.82082546,0
-0.75061107,0.37045783,-0.9813467,0.38203734,-0.28737032,-0.5757813,-0.82113576,1
-0.88858664,0.042407468,-0.98700863,0.09917735,-0.33223027,-0.5570485,-0.8134308,0
-0.6343362,0.08607133,-0.991832,-0.17875713,-0.30195323,-0.4446265,-0.83670527,0
-0.1327486,0.32630274,-0.9921554,-0.19859043,-0.15321791,-0.6031874,-0.7738542,2
-0.837927,0.1671381,-0.98362696,0.34415781,-0.15074685,-0.61755514,-0.8359957,1
0.31716883,0.4220062,-0.98829395,0.22354823,-0.017175168,-0.57417846,-0.8805027,2
