-0.984931940487728,-0.5108861497998615,-0.4013571651666403,-0.43662984150758394,0.291868527493616,-0.004102510093402839,0.0
-0.9561272676457545,-0.5778804744804562,-0.4429475873209153,-0.4352026944443816,-0.037732740731120595,-0.025669208928418414,1.0
-0.9781388285412908,-0.5227298292830602,-0.4331731409838029,-0.44473470697506146,0.35127018898295737,-0.014224412320008874,0.0
-0.9855493649512649,-0.5338672579296322,-0.3961061018350919,-0.41785178836710757,0.2706225094986445,-0.08904897683023832,0.0
-0.9518689465657797,-0.5683593895389639,-0.48884750963594314,-0.4344875499510059,0.151928641740867,-0.02140155681708951,1.0
-0.9924224788324894,-0.49185873392403945,-0.3840809003173173,-0.4380693777438275,0.3303715015695331,-0.03628156336185712,0.0
-0.9293319788998476,-0.6072975766039179,-0.5370507421824837,-0.4324987567596003,0.33631003246347246,-0.03763481511556497,0.0
-0.9588478906527511,-0.5957938404086754,-0.4412072815648999,-0.41091648279545434,0.1797303095262447,-0.12641868035203777,0.0
-0.9754558727160153,-0.5053134135360763,-0.41340855367654955,-0.45644096856418354,0.01658785943244799,0.04138599077169054,1.0
-0.9810123463868927,-0.5278841952192277,-0.40320458907889145,-0.42519621714453004,0.3228667312555018,-0.06828732025374926,0.0
-0.18400547507309994,-0.23744895383936176,-0.39498962707085233,-0.4654541203095033,0.1071550821900496,-0.4350934328051322,1.0
-0.8775115064586771,-0.687671770778356,-0.5302643534197349,-0.38273501011847705,0.1570730646160539,-0.23189660923229716,0.0
-0.9193937013795602,-0.5849932927161717,-0.5227938074200272,-0.4637946245299152,-0.13128595440281945,0.045813523232607664,1.0
-0.9841400334465311,-0.5381991693376393,-0.392633584596874,-0.41709602321130523,0.17121647757362063,-0.11193178478371728,0.0
-0.7297843552958572,-0.8118056657138141,-0.07814920850770252,-0.35089380598216346,0.6071652132890409,0.3083532543467653,0.0
-0.6329938352657418,-0.7068989267908079,-0.36536071226854117,-0.39166539854330884,0.526023036518379,0.38373812309930844,0.0
-0.9890172086757687,-0.5050292431561991,-0.3975653629277741,-0.44433639436266636,0.15045317870514222,-0.0061825291464767205,0.0
-0.9263044443150151,-0.5663266589623107,-0.541728360121963,-0.4500746618992606,0.40360195879350563,0.03903049051284648,0.0
-0.9272937419147232,-0.6363612452109919,-0.48639449222652803,-0.42507652446181887,0.06385736198313666,-0.08005318459626276,0.0
-0.9662770919062589,-0.5573678874840405,-0.43275650347565814,-0.43685585892915435,-0.10751874957679469,-0.001680225408532327,1.0
-0.9605157486124323,-0.5194815862918177,-0.44413589262552494,-0.4673860637963246,-0.10311329651079468,0.06764686715922666,1.0
-0.779248118396303,-0.5826879212564826,-0.627748098635207,-0.4830585616916981,0.1575513859494622,0.027683602584585788,0.0
-0.9635535560659354,-0.49686491849070813,-0.4633693263738606,-0.4674314001064131,0.347572525351864,0.045721072554148805,0.0
-0.986484785084127,-0.49516005412410496,-0.3925266329028615,-0.4535255642695436,0.041431311129766085,0.04062744204560097,1.0
-0.9391481261419914,-0.651184831564006,-0.4337146168908078,-0.38136219752334233,0.20253739631072956,-0.11473169148657,0.0
-0.7997721903865119,-0.657115332701351,-0.5546561252885501,-0.48182546514228014,-0.22257704439980663,0.04081321382189789,1.0
-0.5126058903448603,-0.8565286115362405,0.02008949098330509,-0.3686233690807784,0.559107304310287,0.29965771966973326,1.0
-0.9776017570603421,-0.5165326040804075,-0.42152810271481356,-0.4355621136063545,0.2866343175952216,-0.016705181449079506,0.0
-0.9634293894036149,-0.5245791333186623,-0.4648653970083732,-0.4595024623760535,0.27722082385217006,0.03775045712226927,0.0
-0.9705601529897048,-0.5251684931707662,-0.4500802585059954,-0.4410214249715298,0.40256575407787537,-0.007724336791119729,0.0
-0.7142724949173163,-0.5962244903343263,-0.7720675541036506,-0.5340272776629224,0.5533171344376634,-0.03748751536151361,0.0
-0.7647081604021284,-0.6523007791458204,-0.5316365146075952,-0.4762173653035164,0.25011620857590056,-0.0106479240679904,0.0
-0.9325523076346717,-0.5886990353825077,-0.5243729185983735,-0.4359600721709705,0.317115691264066,-0.021023620007016214,0.0
-0.9782241672436467,-0.5163772947997858,-0.44701361076215335,-0.45132951107216,0.29943489230175446,0.03413199513659527,0.0
-0.972554571269907,-0.5166872593754241,-0.4146971773547138,-0.4595618321672785,-0.05540500382005703,0.03718816606224065,1.0
-0.9380461444620118,-0.5936033961079825,-0.5148559218834123,-0.4485542230755005,0.13614629034711753,-0.04428188110431583,0.0
-0.6378943688887491,-0.42259718812458275,-0.7465479683018963,-0.54519635852561,0.1415481258408174,0.21640405528771595,1.0
-0.9553893479701147,-0.5757755691189002,-0.4433015995744449,-0.4256645094144651,0.09024268899126148,-0.0947648783128213,0.0
-0.926046972237246,-0.6169047426946759,-0.5244143861350267,-0.4452663440209155,0.013440351985121682,0.020876100711558397,1.0
-0.9572624985834608,-0.5590661518455969,-0.45444548475599994,-0.45037997586367257,-0.22011330887297226,0.006940930257333411,1.0
-0.9295002520754463,-0.6503103093877348,-0.4708207928769061,-0.4054671600235244,0.11038745535411493,-0.0970347875787425,0.0
-0.914748816736599,-0.6195032815287251,-0.49672469197918123,-0.4394692311991862,0.07468823269581609,-0.1017611247290094,0.0
-0.9610459298829318,-0.5202861790721536,-0.45581881064499985,-0.4558240042004673,0.3839642334517029,-0.003628438964889049,0.0
-0.9548658611833439,-0.5799874106700718,-0.4364792393819905,-0.4405926597668643,-0.27920157755374336,-0.014407610099781781,1.0
-0.8429022024760312,-0.5900394401464961,-0.580264364987554,-0.5125503724665855,-0.12087252341684185,0.11216372011145087,1.0
-0.9920070762633185,-0.5164592595455111,-0.3754671619280957,-0.42668755398021113,0.19409934552041014,-0.036637176995103334,0.0
-0.9692611262276642,-0.5290958079776784,-0.44022726522471456,-0.4481019936536065,-0.020071185134727096,0.031065414147448726,1.0
-0.9656184272276493,-0.5494811399836151,-0.4533224033806049,-0.43404444203620396,0.28477994706531373,-0.04454848097163478,0.0
-0.9078076302713348,-0.5938591975172368,-0.5682921073216614,-0.44842709202841713,0.31246324973251793,0.014356172868210712,0.0
-0.9467574009886975,-0.6005718008781261,-0.4718691293011131,-0.42306156148834834,0.014013251049157502,-0.13876400814479692,0.0
-0.9881092687441755,-0.525282398309062,-0.406644375296474,-0.42208327171461757,0.3879805920742396,-0.07046886911820788,0.0
-0.8886388581382411,-0.5771945907820922,-0.532701183593787,-0.49305130977370665,-0.22569263241987814,0.002345846499303618,1.0
-0.9135621543123936,-0.5849237962505688,-0.5475126354701353,-0.44953434007862014,0.37298306241265367,-0.024716042495649855,0.0
-0.9857027639133346,-0.4953325088891026,-0.3949035297266232,-0.4506812678000435,0.01301606170987056,0.02866460276718812,1.0
-0.9022210357373042,-0.6104656327639489,-0.5738992377834814,-0.4401480740205645,0.4364173782563949,-0.006769494721601381,0.0
-0.9729892289055082,-0.5509374885852687,-0.4267133568499883,-0.4193677898333598,0.3240693090395226,-0.07335245030275629,0.0
-0.8999387656490327,-0.6318186293909651,-0.5433692736154336,-0.4546410025099873,-0.026261176578943918,-0.022808233014640366,1.0
-0.9813103349787805,-0.5149549037280143,-0.4047842238821733,-0.45366817404042187,-0.04146743874425171,0.06968089948749608,1.0
-0.9564108076294233,-0.565774235146853,-0.445217472079603,-0.4467631960590374,-0.20659998001973973,-0.013539836610275786,1.0
-0.6822815150597554,-0.8193877623887657,-0.3593453909411026,-0.41941640817939124,0.3754790669005393,0.06489116404968735,0.0
-0.9829503485395346,-0.5110546586730401,-0.4138283341447087,-0.44481284928870984,0.19886526564473886,-0.014914547481092041,0.0
-0.9719625596061069,-0.5071904372403887,-0.43491396817195693,-0.46424220903377933,0.020643217392751254,0.07623720404142839,1.0
-0.9587563116014007,-0.5449415844607489,-0.46634928466222775,-0.45602456721068096,0.08215236718414778,0.023531897818332388,1.0
-0.9492613393888846,-0.5452464009178312,-0.48638898402101965,-0.46039911184981924,0.024838579719917264,0.06922076648940421,1.0
-0.8717403352554949,-0.5397641358196819,-0.624529250624121,-0.4978870027612611,0.4709378035134994,0.06919263243893756,0.0
-0.9747412251188573,-0.5309017169472643,-0.4163687752532895,-0.4460481141384604,-0.07832214979493068,0.00873884158297537,1.0
-0.9857308119325163,-0.5190405809037155,-0.3866860028292028,-0.4340078618854372,0.17770094099032138,-0.009078604051686135,1.0
-0.9021179070989657,-0.5944491306982483,-0.6105805268389967,-0.47366316654226776,0.25191685482430964,0.07558017954331298,0.0
-0.9910784829752516,-0.4842279430899931,-0.3721240151441362,-0.4525022167219547,0.09576046902193927,0.03943692579900142,1.0
-0.92728079119294,-0.6242432148108229,-0.5160976914736977,-0.40210589649275,0.17430765710584895,-0.1666071874508692,0.0
-0.9793970674381272,-0.5245770471818906,-0.42401128102904945,-0.4362391477119033,0.33188678668517546,-0.03834140702190027,0.0
-0.7875252268633329,-0.6431547101499506,-0.5486485892890376,-0.49446877106695647,-0.2134378542779946,-0.06298458813750141,1.0
-0.8257149347219985,-0.6688433914044917,-0.6770587971361884,-0.4634237800366016,0.40882682755139504,0.040096903892641866,0.0
-0.9223039311966973,-0.630482681356553,-0.4768763972242066,-0.42480504863588214,-0.1294999257066004,0.004276918491988283,1.0
-0.9326958840557834,-0.5891123958199264,-0.465217035515232,-0.44201055923247584,-0.2083864899105728,-0.06841471861556743,1.0
-0.8284069851162283,-0.5171742878551451,-0.6390916466266054,-0.5017333107318989,0.37487819897091645,0.10556538122881459,0.0
-0.9626340353488728,-0.46147079195127994,-0.40612606209757096,-0.4930494777343105,-0.024914643757171395,0.0967789738090754,1.0
-0.9072771452132423,-0.6074275108821116,-0.5734139729780936,-0.45106146536437586,0.299740760651361,0.02181725645952574,0.0
-0.9259319498729544,-0.6160157603408652,-0.5224369498989987,-0.4226950958103602,0.30013537611233865,-0.05748033619560686,0.0
-0.9367157003636878,-0.6400426134556356,-0.48956018001828105,-0.4250435490383235,-0.30113430425834675,-0.04474389742386446,1.0
-0.933334691493796,-0.616722026913388,-0.5173285780211483,-0.4381320123114273,0.15317288989958033,-0.03879661753948467,0.0
-0.9766489686352189,-0.5374330172654842,-0.42079601238970377,-0.44457335344208027,-0.07097283909501598,0.007079359176712558,1.0
-0.9278180057180362,-0.5547633865586269,-0.5173392723739562,-0.4635546612477681,0.016623052352323628,0.06631274944954113,1.0
-0.7883816556042016,-0.5271858537886851,-0.6348296320737047,-0.5326889656157814,0.024069700778257083,0.13510141282340332,1.0
-0.9387621592205625,-0.6203554147870751,-0.4631862352162233,-0.4061180308861651,0.20752096705176853,-0.09213081520143135,0.0
-0.9884863309240149,-0.49073360372210034,-0.39508613462758596,-0.43879728024056003,0.44436505719115904,-0.0064655859553749235,0.0
-0.9686189120664636,-0.5647271146263894,-0.4461899250194537,-0.43627228499357495,0.10510896448848701,-0.0308707018537044,0.0
-0.9568984470727493,-0.5850487832441947,-0.45677343587966,-0.44100736251567546,-0.14084752168622605,-0.010613793736884869,1.0
-0.9657150035321314,-0.5159273492117166,-0.41535814661337417,-0.4511643906324198,-0.01089926618897695,0.011170086780630578,1.0
-0.9782232368784752,-0.5215435683671434,-0.4230224190245243,-0.4519117376624287,-0.00450192203503566,0.04464985281116478,1.0
-0.9874419188069972,-0.5004666244940975,-0.38782696523395893,-0.4468951555011093,0.019175007722534845,0.02511024416122479,1.0
-0.8217844166395639,-0.660664759721173,-0.5525402770825806,-0.4857648430093725,-0.23196816638124168,-0.0054946240294390875,1.0
-0.9332146999649501,-0.6131057958466856,-0.5175972046976659,-0.443456851674187,0.13297849108337972,-0.03782675066945971,0.0
-0.9576111345381629,-0.5674833126860872,-0.4523574149057926,-0.4424657660101746,-0.22726850990759984,-0.014623836852684879,1.0
-0.9687852561941085,-0.5491631420745353,-0.4497263563493131,-0.4382691784661059,0.10246662119787332,-0.019882404425757543,0.0
-0.9908462725714389,-0.5068343032918222,-0.38646242139981396,-0.43229221432807546,0.32895344743972865,-0.05183953617155159,0.0
-0.8828058924078238,-0.5304707831732274,-0.5196392324339707,-0.49883245276138377,-0.09296766125038675,0.01258251210422451,1.0
-0.9330014404217434,-0.5866040456803155,-0.4727231528214846,-0.44529358421070114,-0.1252265236987761,-0.04671036192273788,1.0
-0.979328534442279,-0.5418121647202606,-0.4240475709102644,-0.4245207501890316,0.1022298780004795,-0.03601683244252485,1.0
-0.9795374055315335,-0.4739985426848937,-0.39793391369078723,-0.47519982002623934,0.08041526291972016,0.09662953123031554,1.0
-0.9666897178752212,-0.5001884885619168,-0.4501819885041027,-0.45797469848127376,0.35385752114847024,0.0522000684290001,0.0
-0.9764398058737787,-0.5325459614927213,-0.43247100229231084,-0.44279620292640726,0.24362076614462266,-0.007289065834247578,0.0
-0.9901357344991875,-0.49905714451036476,-0.37219459877680905,-0.4349134780103485,0.16324217078882072,-0.0667032662993565,0.0
-0.774463040403834,-0.7006339315730887,-0.5080824589602959,-0.3943103584846677,0.3682052668312229,-0.00966209682578364,0.0
-0.9871902098160587,-0.4780213974914277,-0.3915564810629567,-0.47350133218473134,0.08960994718211539,0.12109265699224213,1.0
-0.9714557805330992,-0.5164704418504527,-0.41643743632239655,-0.4668218794678318,-0.07322717425983927,0.05562182598194982,1.0
-0.9853178658461499,-0.5117279161971847,-0.39001537592316626,-0.43749064179531666,0.20275453063799032,-0.02374903131517914,0.0
-0.9796511840903666,-0.5268628990204867,-0.39644508640726944,-0.43865569433353957,-0.07330950741645934,-0.013973974103563722,1.0
-0.9676333766282016,-0.5483185142480459,-0.44465465899567025,-0.4339108759923862,0.2984803488821135,-0.06065036118335195,0.0
-0.971010661718782,-0.5467395118229466,-0.4432393321431998,-0.4355462234618455,0.1941601957211767,-0.04606776184334936,0.0
-0.9665672341592916,-0.5358345318892032,-0.46777771166231275,-0.4461110321147087,0.3583411801250181,-0.030222066520463747,0.0
-0.887766443331698,-0.5716740935413186,-0.5933375426298622,-0.4915444010801398,0.06332841739312793,0.1334481587400683,1.0
-0.7520843416051725,-0.6327062277999702,-0.6651583645491673,-0.5034374641904875,-0.0953702967462246,0.10075519124988871,1.0
-0.8384887516227768,-0.5390512244761297,-0.639451526776843,-0.5063895709892229,0.4548464337162561,0.0919032874084096,0.0
-0.900968221510923,-0.5697843763100554,-0.5118844980603239,-0.4812246642636506,-0.1557577623739459,0.01487334511162363,1.0
-0.9388697564014373,-0.5061155990579076,-0.4999993734982267,-0.47085799145005014,0.37221266804944236,0.05596296618883729,0.0
-0.8532989518388572,-0.547583457540261,-0.6061713616272328,-0.48535762448826414,0.31663063612518144,0.093796763924952,0.0
-0.8753880188635152,-0.5825233293363843,-0.5588291334346153,-0.4652564696058671,-0.058077259940446546,0.09271187960996034,1.0
-0.9725799763665899,-0.5112989365475811,-0.43220887726257673,-0.4611307751109791,0.0009218509634435074,0.06313982167453923,1.0
-0.9519545746840787,-0.5420740633242115,-0.4946981224700135,-0.4615989392888253,0.2134748785833126,0.07048051193934839,0.0
-0.9606347101063589,-0.5902845052857102,-0.42720658015942187,-0.4254185638480465,-0.2625131678735774,-0.06459652874023716,1.0
-0.9617810529736465,-0.577388737399835,-0.44063058028872354,-0.4324753322388287,-0.05537923362938402,-0.03788169962510884,1.0
-0.9261282363670222,-0.5239458371146285,-0.5009278153427816,-0.4621958089849537,0.4363677001347318,0.034298969499471546,0.0
-0.8275518427988845,-0.6280732601428385,-0.6412546248642159,-0.4534709433401802,0.379914529380926,-0.04256723507065602,0.0
-0.9026411358377866,-0.6408380893668525,-0.579225185515102,-0.438387417418105,0.2577889968036179,-0.01410640539196889,0.0
-0.9154957816352626,-0.5511006585191628,-0.5014419375351348,-0.4868319010337031,-0.14055561320702586,0.08408195518591187,1.0
-0.9071388760898482,-0.5909778076744584,-0.5980855100195525,-0.4724250359797712,0.19315588470624406,0.06912275144582071,0.0
-0.9873022710846668,-0.4843804835763632,-0.39528259329257137,-0.4506694063201794,0.2566173190246217,0.003205121502413693,0.0
-0.939833408872562,-0.5981463056819396,-0.4614512440036628,-0.439241345160159,-0.3114261972963574,-0.016643599152076215,1.0
-0.9841257051454069,-0.4917769565846206,-0.4040554349092847,-0.45659131009451553,0.14516895229448704,0.051216350804339214,1.0
-0.9872492971161007,-0.49987844661964737,-0.4136257514101146,-0.4398192776548409,0.3701043166858062,-0.008712236346767233,0.0
-0.95061142790269,-0.5841161495817784,-0.4478680781412313,-0.43275667670004464,-0.04830818440517848,0.009586350595653994,1.0
-0.9787284940307026,-0.5587721659180399,-0.40746894279131574,-0.40550192711791594,0.30223165534208407,-0.13491417778122752,0.0
-0.9718319998902311,-0.49935298818049717,-0.41333701345649043,-0.46687521395178455,0.029466923215456325,0.1039061727714183,1.0
-0.9811919219553956,-0.5257360352772552,-0.3925089676702322,-0.4336105884697134,-0.12517340463162074,-0.025118179781972526,1.0
-0.9242457476459938,-0.6268960659237451,-0.5222218547544735,-0.4031245856881739,0.2596108825953335,-0.16402666094013255,0.0
-0.9488618104093326,-0.5646225649442573,-0.4438031675870461,-0.45880086823105054,-0.24926173525415402,0.01212951550764614,1.0
-0.781691829244527,-0.758471325237484,-0.5519906864995989,-0.410685060688515,0.33827179442217825,-0.02158086216091539,0.0
-0.9677445373345939,-0.5472680574807529,-0.4428469172859868,-0.4287583648068081,0.2842375886834963,-0.047343175305512554,0.0
-0.9031228654511576,-0.6279241914067558,-0.5676762906192174,-0.4287998465786647,0.32969795203095525,-0.03639788340213413,0.0
-0.8064459962547574,-0.6464382184839756,-0.6936653852301589,-0.4704035188812376,0.08014385051949798,0.06386612086239299,1.0
-0.9412038298185262,-0.6254704651207146,-0.5065817472114725,-0.40017131099095166,0.30362149573407804,-0.1512260697377137,0.0
-0.9520033357129041,-0.5379672289046388,-0.4948699927882708,-0.4668329261482572,0.08964796131652288,0.10501857476663677,1.0
-0.9491941034506216,-0.5203535335337772,-0.4629661242005613,-0.45697215719570383,0.3303741309772137,0.04099199459706427,0.0
-0.9758370451784043,-0.5170571287922255,-0.39354078126248987,-0.45390457878702206,0.025687566827209837,0.03129731245342443,1.0
-0.911953713069398,-0.5918946580181303,-0.4935034608433907,-0.45964335649386595,-0.12974259337048089,-0.054714572407675695,1.0
-0.9743570142221205,-0.5282069575446691,-0.4237214071994346,-0.43448588093596924,0.1400461828278278,-0.0239020554716821,1.0
-0.8794185252798544,-0.6447906980823555,-0.5337656552370796,-0.4446506333301243,-0.0568803538337494,0.07283349977803487,1.0
-0.9800174077337528,-0.4808283934549126,-0.41072378618666094,-0.46026742542754906,0.3982624345072965,0.03748855940341538,0.0
-0.5822498501439799,-0.7561241023496394,-0.6337654949019483,-0.4022476812054495,0.7482478764803656,-0.08086948919595224,0.0
-0.9156828613979401,-0.650196716960206,-0.5064126084057193,-0.43080697647220406,-0.2699103596714937,-0.09625943442001174,1.0
-0.9237018114062666,-0.6011572045185639,-0.5566634798557576,-0.4435948554559175,0.366895305623596,-0.017475736307236683,0.0
-0.9743704565520799,-0.5459475075218682,-0.4375235650448844,-0.4240697482558437,0.3179541312483605,-0.029317234855556457,0.0
-0.9474303625762557,-0.6196311852957728,-0.44441754709421605,-0.418789008665067,-0.3743884206497829,-0.0865531998983307,1.0
-0.9312651469379986,-0.6125443456011143,-0.5360297180649842,-0.4158195052628778,0.2818157864190528,-0.1231495515647715,0.0
-0.9066078154931216,-0.6476840713924924,-0.5086136181867873,-0.4290388056315856,-0.11480611200354707,-0.08510250561567335,1.0
-0.9846647799431094,-0.5256153972162814,-0.3964515885820029,-0.42070791760982734,0.27402559916950475,-0.08835299790169104,0.0
-0.9826827756204592,-0.5033375716710873,-0.41260830869384396,-0.4452879840122643,0.3786719101842642,-0.0023969025302044756,0.0
-0.45661262691144616,-0.9076718769460291,0.09479142637667437,-0.33727719034885895,0.10030626896224577,0.1791293829543537,1.0
-0.9620251062504939,-0.5799968321304766,-0.44984365706572116,-0.4210147905372053,0.24855405053667262,-0.06449149797844217,0.0
-0.9829045485928901,-0.5133428693542552,-0.4189584387302578,-0.4366083196458501,0.3160008677768559,-0.01504296222444114,0.0
-0.9836172462410202,-0.5001009214884597,-0.4014355649867737,-0.45099526934623446,-0.024036077729025773,0.043554858186712134,1.0
-0.8999371844414698,-0.5883692084763561,-0.6289353014888943,-0.46618718601264375,0.21009757521779998,0.09176947934469815,1.0
-0.9737965127895953,-0.5440670259284723,-0.4476859677638294,-0.4299481587954345,0.2777782300441708,-0.04159708474557505,0.0
-0.9705778253094726,-0.5626269552742943,-0.4182483195159758,-0.41804384581279364,0.14538353060436762,-0.11867615679362323,0.0
-0.9764098120880003,-0.51615312292248,-0.42143848065354667,-0.45227016331097425,0.0195803310240035,0.04710903728512236,1.0
-0.8538258773647414,-0.5869306178104935,-0.6187909573726331,-0.4873145223706539,0.005927203803401199,0.12528815473957933,1.0
-0.9753587903390263,-0.533893821112014,-0.44026680249174405,-0.43835118086139513,0.22398687023364436,-0.028940631618932598,0.0
-0.9790165047330718,-0.5376601154447217,-0.4093860994350723,-0.4214636319437984,0.32709388923075255,-0.10444611146407991,0.0
-0.872482271709873,-0.7158964840448181,-0.3979090166271183,-0.4054027659877763,0.33554300673334153,-0.0032898220512680844,0.0
-0.9595097496356,-0.593094606928836,-0.4290649308811024,-0.42595441265299017,-0.24567398592649353,-0.054038702918223616,1.0
-0.9353539856270706,-0.5926928415918932,-0.483483189042134,-0.44993623682729106,-0.21294015231777563,-0.06857623301957962,1.0
-0.9862454938146736,-0.5134567924003213,-0.4032784735603767,-0.43384110909411955,0.3116215821607053,-0.0434695943670777,0.0
-0.9255440397746347,-0.5594789787978668,-0.5430102205225378,-0.45690011098876787,0.36501261290121606,0.06915995793012047,0.0
-0.9532753991051112,-0.5300240036548796,-0.47912307223844897,-0.4735127264321384,0.10503734968296338,0.0982757734597384,1.0
-0.9541116164184222,-0.5719093323606023,-0.48711841592566146,-0.4549836843800644,-0.13866184394250292,0.039225958703219196,1.0
-0.9868204766220725,-0.4917480863222129,-0.38136486994739205,-0.4524556545089675,0.04883642423452305,0.03548461220806769,1.0
-0.9391051141950487,-0.5859050529105791,-0.44165123318162414,-0.4507738764011365,-0.348940694903335,-0.023633469134608905,1.0
-0.8639916960578853,-0.7034649894194874,-0.5504682985677292,-0.39135610969015344,0.26476981536521066,-0.1590396334527333,0.0
-0.9317844179390735,-0.5934930497334557,-0.4880154715771311,-0.44917708206458434,-0.3214580019021993,-0.05885425753488162,1.0
-0.9273068320632392,-0.6267224739796338,-0.47970617317954223,-0.43274134658175173,-0.2917355610523834,-0.09768373274745533,1.0
-0.9720370224592729,-0.541662691846065,-0.41913156742634294,-0.43667037922607166,0.07851868230584963,-0.034760734632780364,0.0
-0.9340438362838838,-0.5882512478809081,-0.4952750360873166,-0.44168244799643686,0.1557572505576178,-0.021957732475306926,0.0
-0.6985502433282673,-0.8174873124311268,-0.27537761906885616,-0.38509722536993857,0.4373291174135206,-0.0010610663472520184,1.0
-0.904413384442126,-0.6486588091163147,-0.531327647186575,-0.45023007521266595,-0.23236377039057843,-0.00852778497160319,1.0
-0.9486449971357561,-0.5524142634653663,-0.49743119015398624,-0.45009599107162457,0.40903575974201767,0.006339912621556721,0.0
-0.9468984256099732,-0.5994995621156404,-0.4544716998775097,-0.4366860868244827,-0.0763969296142735,-0.038776473963882896,1.0
-0.9730460267468469,-0.5082726862310349,-0.4271730834860681,-0.46389578391608766,0.0638717029624525,0.0674038114747822,1.0
-0.5445611621064643,-0.504071285755451,-0.8053970974501756,-0.514653026856345,-0.10070365403582021,0.15944166294775894,1.0
-0.9751801818147035,-0.5116871711063928,-0.4147440783069484,-0.4533567851804345,-0.019600108432637042,0.04889065568511594,1.0
-0.9028204945527868,-0.5544633755460843,-0.6159533723173014,-0.5022201959991875,0.12561064041626593,0.14286555325869849,1.0
-0.9579480315328314,-0.5730444073025971,-0.46776828332318005,-0.43394756891897146,-0.03684931126712604,-0.049951303140125754,1.0
-0.9831472152112677,-0.5417068922458309,-0.404208758384988,-0.415580008741319,0.297831616059713,-0.09862596758502717,0.0
-0.9585853195195944,-0.5330636585484061,-0.492478527535729,-0.44781863760639024,0.4934630007649439,-0.005344926467449289,0.0
-0.9763475778906467,-0.5563060938979131,-0.42176688391532247,-0.42752854352115227,0.05943252391026464,-0.05264143005212173,0.0
-0.9173342640834887,-0.5716773350793345,-0.5763934986688536,-0.49300754787846773,-0.018122906430331945,0.10634441278104048,1.0
-0.9765925304183235,-0.5207951053697134,-0.42527133949039864,-0.45349359097991854,-0.027140806034792242,0.03660903923146865,1.0
-0.9430367387014702,-0.5456178252810893,-0.4901839340598387,-0.4718064535109031,0.08561625653799994,0.05546528490317709,0.0
-0.9181902465737293,-0.5447485366746783,-0.5135843502178215,-0.4708267640498151,0.20835317082748805,0.03541135959388774,0.0
-0.9445953667605573,-0.5913523000685782,-0.46594188698008193,-0.4377167321241754,-0.28322808562192736,-0.008813730528486108,1.0
-0.9768592681794281,-0.49613875061540236,-0.4266471755908916,-0.44626656148516636,0.4188822474546876,-0.006973365077607201,0.0
-0.8105985279007112,-0.6412050236302566,-0.5775757255420487,-0.4952205523722056,-0.19655318377099606,0.013602871776503406,1.0
-0.43255018778684745,-0.4511370560773352,-0.7674965764438559,-0.486513351592495,-0.2394183161831518,-0.13524278848399196,1.0
-0.6509294674166527,-0.4316538371061611,-0.7768050062882237,-0.5187309594141395,0.34128401383363716,0.1264162144761118,1.0
-0.8446311056773629,-0.6044310913895461,-0.5740514257710537,-0.487643367291248,-0.1340017583200994,0.08240498386980996,1.0
-0.9626265307649589,-0.5595815914810803,-0.47133196633020086,-0.4297867145718845,0.26982789058380363,-0.060183537723226536,0.0
-0.9670175525403142,-0.5486044455806439,-0.4549191044370237,-0.4347795706848624,0.29093223451114814,-0.026155642187857896,0.0
-0.9312211829537054,-0.6068110560092279,-0.5034437363220615,-0.4512618988680182,-0.3144850072501104,0.0035364061828472857,1.0
-0.9163685198328125,-0.6243992199239246,-0.48345111192004975,-0.45231167147512324,-0.34573448678164215,0.0027446579825732035,1.0
-0.7985493555388834,-0.6815711925083588,-0.5828842678506685,-0.43183134180952953,0.30146368589369377,-0.07499328385483973,0.0
-0.9313533142143323,-0.5904116291716033,-0.5369303105173009,-0.44610051866275535,0.2562827027466648,-0.011895769538448588,0.0
-0.8458658987155602,-0.6632346867652223,-0.5339257381065485,-0.46040592105218137,0.25446677215441854,-0.044761793157747025,0.0
-0.9785251234883093,-0.5399434172095734,-0.4193362231098531,-0.4302066176698863,0.2507326129337697,-0.05083597115972931,0.0
-0.98848899714109,-0.49342780294455924,-0.38629135807778314,-0.4485006966767136,0.11344697212614806,0.03903808595934861,1.0
-0.9775392450302662,-0.5162499313527009,-0.4182592161922355,-0.4357338062033379,0.3296035829486682,-0.03542037633747063,0.0
-0.977951982836115,-0.5343309030599207,-0.4321015439812603,-0.43742154369807024,0.24387036370008283,-0.037598175265183,0.0
-0.9463324660642805,-0.6195533904879268,-0.4588291491740727,-0.4099100001035312,0.10343019970728129,-0.12228061494699874,0.0
-0.9637687656430305,-0.5597970688040648,-0.4388387004743068,-0.44747155362169316,-0.1594617619609916,0.00639509244775684,1.0
-0.9494039609448752,-0.5383817118424878,-0.5074883054141208,-0.45723694729694997,0.3623636136450558,0.036444619162786726,0.0
-0.9540083134161128,-0.5611240084358625,-0.4416854818775272,-0.4393145880155454,-0.00445845013691161,0.01855886890709329,1.0
-0.9001200709378782,-0.6314432773598674,-0.5676214430937669,-0.4560253332320018,0.10399740922291655,-0.025377900232280506,0.0
-0.8156366460787353,-0.6420515931130776,-0.48342461324784747,-0.4907376310280622,-0.4115579985442348,-0.12871149517241073,1.0
-0.9535630818167258,-0.6049761066260263,-0.4478242783704162,-0.42901129612459116,-0.10418854308609032,-0.06294453363447766,1.0
-0.9853631338175725,-0.5150545907663118,-0.39960482131382513,-0.4303492159894099,0.31342453081895966,-0.07025422531962376,0.0
-0.9597458556175072,-0.5592962363877017,-0.46101018717279346,-0.44744425242735925,-0.16750327667183695,0.01702234256976038,1.0
-0.9740975783387142,-0.5467913229541511,-0.4124578551882403,-0.42416650303888004,0.2550118993430984,-0.07154880714990781,0.0
-0.8082116211356735,-0.7258593144668958,-0.47379424553439414,-0.42292991497038124,0.18851207479768345,-0.2227772101712724,0.0
-0.960001129783717,-0.5141641778559388,-0.4508124921133323,-0.46734939502063877,-0.03408821233956172,0.07834298926492148,1.0
-0.9778005346913344,-0.516753351136692,-0.4032299651518504,-0.45488260536232333,-0.09394729376910371,0.03631273454744741,1.0
-0.9872675296829709,-0.49248555961037316,-0.40277947293530536,-0.4479197279863065,0.18932084929016885,0.032797178457167946,1.0
-0.9717727186754577,-0.5160757313655063,-0.4533166448128639,-0.44856878726841815,0.4353797456973184,0.013882257809739507,0.0
-0.9414267443929105,-0.5694965927660629,-0.5106173597284178,-0.43371868018189336,0.3674852859726691,-0.01852308675814324,0.0
-0.9637711971019618,-0.5164290378775166,-0.4600262724695268,-0.46961404997468126,-0.004064559903711018,0.08441709683563468,1.0
-0.9773248501966453,-0.49948052663007975,-0.4063245128243255,-0.46539938439908696,-0.020996035307897926,0.06365599502735511,1.0
-0.9232411100840802,-0.5595987323909282,-0.5278010404397211,-0.48251600278789947,0.02762429934952562,0.10930724593268987,1.0
-0.9463390720256786,-0.5559424844892847,-0.48716096391547126,-0.4536031820540475,0.04224602581660046,0.061586190144615596,1.0
-0.5116319829788096,-0.5210625063609786,-0.6035755588677068,-0.4650681433216379,0.6377840642301416,0.056148026324126445,0.0
-0.6239292866055824,-0.7545166636714848,-0.7600892936200043,-0.43001901731672876,0.6983803407946095,-0.09334858519327115,0.0
-0.9329757548973041,-0.5343369403162893,-0.4981850466958978,-0.48213664735706596,-0.0849041237448879,0.08181042128282999,1.0
-0.963028252119448,-0.5776247876036549,-0.44749361577014884,-0.41776257077568324,0.16461991936595782,-0.11774451170525387,0.0
-0.9541212687692613,-0.6028872017681162,-0.4325628373071273,-0.4203072542407628,-0.13282287213268493,-0.0844412472210028,1.0
-0.9671327577268414,-0.5380691428592189,-0.41028211292921934,-0.4570295966024224,-0.017342848450347892,0.03946772087793296,1.0
-0.9644788989651039,-0.537410852268902,-0.4725246411898729,-0.4476333931753087,0.28415394929489723,0.00013722332123263133,0.0
-0.9736116091591086,-0.5362997647122973,-0.42467860643529937,-0.45036306771475393,-0.04320892730380749,0.02243338199842189,1.0
-0.9454780198676389,-0.5791253561254452,-0.5160936477682181,-0.44435705390870467,0.301745495413153,-0.05129370017898607,0.0
-0.9860441450535095,-0.513338099330886,-0.39733646575606213,-0.4456409207906052,-0.12126702937231021,0.011475725953604582,1.0
-0.9604295853628537,-0.5482256382251236,-0.47015164069592247,-0.4455654007136959,0.22104916087495358,0.022632061285882563,0.0
-0.6169247494420853,-0.7011651422800258,-0.7182387422716019,-0.4103751905883857,0.4532096134588677,-0.20028118169439496,0.0
-0.9709434462983539,-0.5466667678223519,-0.43875880610984785,-0.427277916123196,0.25515828770975657,-0.059715685902812905,0.0
-0.9799258052117226,-0.49138823230433176,-0.39107492572795044,-0.4426316056953013,0.251733359935001,-0.016281658042791594,0.0
-0.9409071665350673,-0.595432188224816,-0.5310022231623507,-0.4474526594854825,0.04354739922613715,0.07306954099254018,1.0
-0.9739686448211123,-0.5029887305208658,-0.41126495318746287,-0.4471541923450423,0.35602811240574606,0.002851768378537546,0.0
-0.9139756627987963,-0.6119310832665485,-0.5460500489072715,-0.44479736170962075,0.38362242973231436,-0.007272801056665987,0.0
-0.8245917215858051,-0.5808203696116245,-0.6355173363240286,-0.4664433425015497,0.47559661179063917,-0.01441223897193022,0.0
-0.9834054284359811,-0.5138286035213024,-0.39963354298735326,-0.4392080483058554,0.03626566976379232,0.012332918269678472,1.0
-0.8652313261926997,-0.665532337049661,-0.541403284312272,-0.43484424000269767,0.11140005749385534,-0.07400726956468097,0.0
-0.947950879121886,-0.52467419951354,-0.4964276327849654,-0.4657527244531217,0.3740721278687794,-0.010319927912229545,0.0
-0.9358118760563692,-0.5674045104831459,-0.5310280205293384,-0.4559223757548933,0.3023013157686267,0.01049076999821523,0.0
-0.3589396388142705,-0.4657615915628538,-0.622749099311715,-0.5865482339109818,-0.028208501190597396,-0.10619831146068706,1.0
-0.9430567837630353,-0.590329715726991,-0.43696175762210127,-0.4288296905274876,-0.08880326260729912,-0.10287109166460451,1.0
-0.9564395906971519,-0.5608759598859059,-0.4536123994715525,-0.44729277009340757,-0.10397136445179564,0.012465761396225133,1.0
-0.9440896750033958,-0.6107412343994336,-0.46803104035481957,-0.4295232309455186,-0.32796115859683317,-0.045324187977837285,1.0
-0.9676563333485839,-0.5585035256893571,-0.4385303405801363,-0.4435968867205359,-0.021007948023504946,-0.030182581311274714,0.0
-0.9598556805908859,-0.5179521417471804,-0.4509627548604928,-0.4524860766089422,0.32203661106895404,-0.020880150780427466,0.0
-0.9644657637551557,-0.587427425192125,-0.44115370345720206,-0.4124012144857838,0.21813157245421247,-0.11748300616111265,0.0
-0.9331116836901777,-0.6290215387647323,-0.5176899369534618,-0.4218751630396298,0.25874440062878695,-0.09660131531996244,0.0
-0.8641787191980073,-0.6486353091803758,-0.5796152246646168,-0.4681695859295208,0.006285488010137841,0.017848526754122462,1.0
-0.9749048470292939,-0.5485853183980957,-0.4281204995763416,-0.4360761628039578,0.08519863313263054,-0.035316160770118565,0.0
-0.9897349579978687,-0.48291238022072647,-0.37781311422226227,-0.4597843722071501,0.04791716731409283,0.051565006771647555,1.0
-0.9159463621243025,-0.4889905826882386,-0.4821145548799794,-0.49994350536659965,-0.03659032131751136,0.0934479987200929,1.0
-0.47530254610107764,-0.7458561028735331,0.04297696243765026,-0.47974051537393775,0.8553365163301674,0.05629881109847984,0.0
-0.5602390846674827,-0.5121557304345384,-0.7699855175809939,-0.44945837123033827,-0.11243617895134342,0.10397382813435514,1.0
-0.8972914470282426,-0.6589436683180822,-0.5257200550442845,-0.43776227167755005,-0.304306422603108,-0.09002262920243827,1.0
-0.4825096758235597,-0.7058362584584836,-0.7128180089531506,-0.26947064533338483,0.4341291427627096,-0.028402099323401674,0.0
-0.9291195375932937,-0.5729667873374616,-0.5228336148467685,-0.4569665033831139,0.12749907988211956,0.04018941625899394,1.0
-0.9576647896306598,-0.5896302904969878,-0.4619354143832236,-0.4196588676619414,0.15383584135698805,-0.11227851893983168,0.0
-0.5532178465197679,-0.6011721884288185,-0.7817750348136949,-0.6088854741722972,0.5675869040922151,-0.4398751086626448,0.0
-0.9842725357128463,-0.5292832618790199,-0.39306688428968317,-0.4183486994250518,0.2805195212629666,-0.10185659651319945,0.0
-0.9479543645761356,-0.5654991659919996,-0.4948831144407856,-0.44637967626580694,0.29947689890107915,-0.031107475013781624,0.0
-0.2606251264008588,-0.5692295744852353,-0.30675706871692043,-0.34029724404004474,-0.06262427100787785,0.4114331353651602,1.0
-0.9840864333403089,-0.5115712027827092,-0.410157262960139,-0.4369318246296628,0.24260144569607614,-0.0037027674104537097,1.0
-0.971573936232627,-0.5308777378966116,-0.4433789310327472,-0.45849805284853573,-0.019734265722800973,0.06492713864084144,1.0
-0.9731180693237341,-0.5165134713376386,-0.4301683960459425,-0.45463041977766067,0.1756050581244028,0.028154547621543867,0.0
-0.9515292619168078,-0.5965112483079527,-0.45578155099239875,-0.4009870476593533,0.20333969236303046,-0.13444657295403928,0.0
-0.9125917511478955,-0.542016509745371,-0.5729815909720024,-0.4792268284502663,0.4276671047802001,0.10198362688796186,0.0
-0.9573535970829702,-0.582050724863335,-0.47489329346619624,-0.42193964351627616,0.3602361684538402,-0.07729963382501069,0.0
-0.9846779293147905,-0.5446440504028227,-0.4033538704134502,-0.41595694293661395,0.24366789269503142,-0.09963388127518794,0.0
-0.9351974459967859,-0.5279362724378156,-0.483649286530877,-0.47051077551039105,0.061920330082356624,0.12019677789290413,1.0
-0.9761380078969216,-0.48093959322480584,-0.41737298445114285,-0.4760000090598294,0.0417887641653162,0.09453297540342886,1.0
-0.9808895086256593,-0.5330041333170477,-0.40625227029582345,-0.4193198539085488,0.2889266816895421,-0.07507913580299183,0.0
-0.9374773139270542,-0.6238228620406028,-0.5022423454797861,-0.425720938214397,0.22857353800600108,-0.10269892687606563,0.0
-0.9637557075324724,-0.5146886396747168,-0.4454633235752065,-0.46102598072100887,-0.0028169311916278472,0.06957149969119863,1.0
-0.7578206876294046,-0.7433913469044701,-0.42220466638333937,-0.4387305710363335,0.04135182842341638,0.12144649156174776,1.0
-0.9616458146964143,-0.5295221392723545,-0.4501128844657138,-0.46495277519360056,0.013812596674670857,0.09262049564775121,1.0
-0.9368381048012502,-0.5237603030002379,-0.48682605658571265,-0.473894171423962,0.03627610929210692,0.1210013509060623,1.0
-0.9869290572335097,-0.5058136202285214,-0.38887051787197746,-0.43771698454789004,0.1446003742741643,0.005207891634589928,1.0
-0.9133171772898188,-0.5024581270608013,-0.5185246073647962,-0.47966417400561306,0.49702654775771954,0.05643908972140307,0.0
-0.9836455995373807,-0.5131998708446666,-0.4061002457999724,-0.43790654585576916,0.1480529630620186,0.02054688787516566,1.0
-0.6203921337017431,-0.8466473096975506,-0.15983082016626315,-0.4304422335367241,0.3844144768547588,0.13348444209321808,1.0
-0.8975403529886187,-0.635862662194871,-0.46637495089786807,-0.44736470503574893,-0.23777386970350378,-0.08628465338285604,1.0
-0.9524291168630589,-0.5949055414331496,-0.45553577629324393,-0.4325152265021865,-0.311713826987515,-0.04493979700576493,1.0
-0.7937624237463863,-0.6394505985641178,-0.5504337740400104,-0.48851972102400393,-0.2592223523331294,-0.009363911002924632,1.0
-0.9635946154614379,-0.5486473979318979,-0.4560793947523366,-0.43479667286153667,0.265933303493561,-0.0395912649053137,0.0
-0.9838412443925011,-0.530331386272878,-0.38466475893944446,-0.42462932406824877,0.13644179595906797,-0.08259877363693907,0.0
-0.9701665186317168,-0.5257391979446311,-0.42638284670641746,-0.4547527295700592,-0.047774582887982225,0.03816313154798848,1.0
-0.9689681395764804,-0.5568413224654243,-0.44016247879497117,-0.42099772949911973,0.3241041012935339,-0.09953226431281403,0.0
-0.7457341181074869,-0.7559082631586027,-0.4850490779614653,-0.37043267224119064,0.238581100624572,-0.029148645906126737,0.0
-0.9816674084721729,-0.5161134208588654,-0.412056540613064,-0.43346925714955764,0.3590204628313757,-0.041622182762950065,0.0
-0.8606677016346329,-0.6510108054398172,-0.5916269119578643,-0.42324943006055277,0.3836153802527569,0.05530583553245613,0.0
-0.9391169377391634,-0.5894854809715974,-0.510571310085319,-0.44353120513628314,0.2974340059665379,-0.02163417672747497,0.0
-0.9341957029532032,-0.6226731692390887,-0.4922969834507654,-0.4380247163094592,-0.30730821821819204,-0.0157265067757701,1.0
-0.8354951544851297,-0.5412489089649886,-0.6561349568404051,-0.49963871275759997,0.23732296589727545,0.07381412416016346,1.0
-0.6851466135512085,-0.7981337399969991,-0.33195042050953405,-0.3332437417787782,-0.021195094595901007,0.22182948575551517,1.0
-0.9463556385371995,-0.5989229279940874,-0.4716552704153587,-0.4117037429306731,0.21539920261767653,-0.10541782896983203,0.0
-0.9044971590890655,-0.5644060103039698,-0.5495520478465493,-0.45892312626935367,0.40287538180517957,0.014398347192307513,0.0
-0.8523622887970618,-0.5267463475670986,-0.5981640069318026,-0.530309957374711,0.052805960050190115,0.13837125165670494,1.0
-0.9852319368596876,-0.5316783793560361,-0.3998782070826436,-0.42158143895661837,0.3038358635690818,-0.07643801348976308,0.0
-0.973643354951504,-0.5483458244550171,-0.4249027880890537,-0.4329623403921787,0.18111122332519408,-0.0574039925236149,0.0
-0.9455282762113252,-0.604708040466008,-0.4836659463307475,-0.43004876884461424,-0.12043528885503813,-0.02215141257191789,1.0
-0.9300723852238497,-0.6164360947575727,-0.5044364553904669,-0.4462729297100985,-0.24737584001701524,0.008174366862943733,1.0
-0.7012934406324869,-0.7252470290143148,-0.3855275871117799,-0.5881366898645658,-0.30225767750512794,-0.09833806881607679,1.0
-0.9530639881864544,-0.5837004780907529,-0.49341654774887805,-0.4321045088296963,0.3303764732240565,-0.032351876185345296,0.0
-0.9657109701597845,-0.5777968948768047,-0.3929080640760547,-0.4149891034049132,-0.23815576136710315,-0.0683749732682544,1.0
-0.977612542165327,-0.4943927274449156,-0.4255611150930111,-0.4707969489358807,0.014495188952693652,0.09820541693796243,1.0
-0.9228974962118841,-0.5024349416179168,-0.520297073401225,-0.48471031733265607,0.3400922936765285,0.09347342339335404,0.0
-0.8574155786890784,-0.6297255525094435,-0.5721423189372228,-0.4593022064594542,0.05845237200735203,0.018278349285224513,1.0
-0.8395965862917261,-0.6580268461827542,-0.5813304921678473,-0.4325908832308449,0.35992768821514537,-0.0833908039015739,0.0
-0.9730262669934031,-0.5363514952494904,-0.4157228575657561,-0.4374929724686394,0.0733433300964245,-0.03505562092271162,0.0
-0.9762110748920171,-0.5022098098241266,-0.4150080387636519,-0.45533305228555676,0.01012131502384371,0.050532537642603556,1.0
-0.9809178297327046,-0.5070151335716571,-0.4202467597718734,-0.44511118550609474,0.29292453925508877,-0.020406032994323465,0.0
-0.95976446444506,-0.5473397285620822,-0.4693133613542573,-0.4457068237638488,0.2587732775721743,-0.002291445022779388,0.0
-0.8434541023909592,-0.6421154118293517,-0.6503636670315742,-0.4343927673310764,0.389922321515658,-0.058102087838137965,0.0
-0.9543989765423191,-0.6018727776489002,-0.4544993889713638,-0.4105510221702537,0.304521139625285,-0.11458120978290741,0.0
-0.9748515545103636,-0.4904920970267566,-0.4211904539302145,-0.4690562174977249,0.0472054120655581,0.08576576388878036,1.0
-0.9157631064560858,-0.6605506265490221,-0.44012869064010274,-0.42221645998781077,0.01639906413472203,-0.054794549154165956,0.0
-0.9817760955691326,-0.5247642753932042,-0.3935642925717942,-0.42655001594149355,0.200890242992711,-0.07561124880469546,0.0
-0.9647254518084986,-0.540831281124238,-0.4581028848741027,-0.43745958756057035,0.35090676252877373,-0.04659210160130004,0.0
-0.963127529945254,-0.572263434129685,-0.4726252266270884,-0.428306547249929,0.28599179019361975,-0.042918174078096255,0.0
-0.8701938862121226,-0.5306077288364404,-0.6154437142375709,-0.5095181332991195,0.2467008187879742,0.13652007086191933,0.0
-0.8755909533749124,-0.6691401543387342,-0.5991557122748578,-0.45133079713145813,-0.11128450399108628,0.030242289963151897,1.0
-0.8936509036528633,-0.5899192974979298,-0.5653254691002374,-0.48005191421162735,-0.08783033647223476,0.09217578319898746,1.0
-0.43330404560685115,-0.5406482736932234,-0.8630815614036932,-0.43374661474316306,-0.003620291884080945,0.0007087991545042423,1.0
-0.9347981644555672,-0.5816275182120364,-0.4864220939813518,-0.44914883851023507,-0.10977314066825988,-0.01242014576607332,1.0
-0.9714913660704122,-0.5519101048022439,-0.43828450126940943,-0.43312707968401376,0.21042829584095135,-0.039354072552664314,0.0
-0.957659410597432,-0.5475080330671017,-0.44184368572472615,-0.45694366954090926,-0.21330893095918468,0.006552348895873793,1.0
-0.9104587403826251,-0.63756222331663,-0.49002256464671007,-0.44560741969661777,-0.23762345417090902,-0.17278362162088362,1.0
-0.9558536789175216,-0.5540556024374871,-0.46932687287126995,-0.43820726255136394,0.24218808379638637,-0.021214870998782463,0.0
-0.9735610375887273,-0.5517374229145832,-0.4406894186173018,-0.42654914368857577,0.2529708117607889,-0.06418642947671753,0.0
-1.0,-0.46643730560078656,-0.34504658072690175,-0.4404961813571859,0.27903780961101543,-0.035703710307554586,0.0
-0.9664173652432891,-0.5298405971189636,-0.4554853515036383,-0.4429426832306278,0.3987235079868179,-0.019802445186789735,0.0
-0.911709757448534,-0.5912230051094282,-0.5909662395113132,-0.4556949168179437,0.3310613007127641,0.009899269733710414,0.0
-0.9829118165635301,-0.4994035979250834,-0.4174748920717075,-0.44374142328898525,0.349650079009031,-0.009563653416447535,0.0
-0.9155432944480401,-0.5924810662858313,-0.5269507400623388,-0.43146072521363876,0.27764902149318627,-0.01337826169659886,0.0
-0.9908414341100704,-0.4964455013208037,-0.37088842001715333,-0.44524536560811,0.10173105598638775,0.0013081625970526724,0.0
-0.9577148175054427,-0.5684192783545514,-0.4794817440896481,-0.4334844824547763,0.227320375577915,-0.04952397561575102,0.0
-0.7826673282492991,-0.7097602046069263,-0.5369795810680741,-0.4633533342188983,-0.0654607001795702,0.040111980400689966,1.0
-0.9664355201342698,-0.5462844301899342,-0.4489484699964519,-0.4411539965213986,0.21959431662363862,-0.026628288798552644,0.0
-0.9667431165299063,-0.5356071887930492,-0.465269091794945,-0.44355351186482694,0.2888570835622483,0.001312147270568051,0.0
-0.9636627101095014,-0.5380502196498949,-0.4498960688517214,-0.45097050098209623,0.062359513597662106,0.03203551436992296,1.0
-0.9429687411437113,-0.5939536436097523,-0.45060626709727813,-0.42738673873455035,-0.10213478070733464,-0.023669555982187798,1.0
-0.9791821807369456,-0.5132745314006932,-0.418184029855141,-0.4450083603908398,0.2660597776730982,8.942888987757691e-05,0.0
-0.9352806576572527,-0.5384075181376115,-0.46540998682394363,-0.4743117883147948,-0.13536013695433288,0.06235508847331196,1.0
-0.9561141907602102,-0.5595542111835925,-0.4597691167187228,-0.4456824699843999,-0.010139282756019802,0.035104773714712455,1.0
-0.9514658993676417,-0.5426463266230217,-0.47055491101554975,-0.45981892710899536,0.11113327195910602,0.0800412056565287,1.0
-0.5350022624305923,-0.5552625171225314,-0.5996345297676816,-0.4470065593898364,-0.15010555477160492,0.2666195357530763,1.0
-0.8661676570868807,-0.7082840464077755,-0.4701727418097263,-0.4288778824663575,-0.33997006670325186,-0.20649030293679516,1.0
-0.8470896717941033,-0.5154024592311776,-0.5994216025598922,-0.5190986981878962,0.425351155409002,-0.09783879273525146,0.0
-0.9888945118590442,-0.49975441843110824,-0.3673204920932695,-0.4471177608926758,0.022567804623008905,0.013631444709177567,1.0
-0.787700102338397,-0.4914220245798337,-0.6293692858518752,-0.5494933833418294,-0.03548310222039297,0.11692898822205781,1.0
-0.9612337954171859,-0.557467533245228,-0.46081441955706176,-0.44581562019947085,-0.0069111951514581604,0.003829955657963755,1.0
-0.9254828006790984,-0.5913812654201525,-0.49720449920465243,-0.44859159918197644,-0.054104216379405684,0.03885729212777681,1.0
-0.9670051184394293,-0.5683802570941711,-0.4422304048396556,-0.421347550758773,0.32153830774873887,-0.08539461069063653,0.0
-0.9419929690143943,-0.55997826776633,-0.49501424476453887,-0.4485120084918509,0.007537422750429623,0.059865484971259965,1.0
-0.7555458500426737,-0.682753933314842,-0.26424789263796766,-0.5495260585982192,-0.3403128471882047,-0.06931660346200046,1.0
-0.9830293780722652,-0.5148528971231261,-0.40378129863440004,-0.4393419381636084,0.33791641833271535,-0.022311281565277872,0.0
-0.9339822169433969,-0.5304861806918346,-0.48954209087485456,-0.48054516186022506,-0.08699835064466047,0.10619310535649307,1.0
-0.9703724493813497,-0.531148644925306,-0.4426717615367366,-0.4495325205282328,0.14541804619091264,0.023632918955186988,0.0
-0.9674235232510472,-0.5319781053275205,-0.4532813554321163,-0.44221873921404414,0.35004803250744887,-0.021389986778963598,0.0
-0.8892345393203281,-0.6338471416400329,-0.5777014374042845,-0.42235284326526745,0.09647233285996265,-0.08137785736168028,1.0
-0.9603671174710907,-0.5636863517078269,-0.4192668839886918,-0.42979723067556536,-0.03582276674242141,-0.009297767312890094,1.0
-0.9660406135350441,-0.5540760777017698,-0.4264278722455905,-0.4404027204212341,-0.026433107519301446,-0.04675124005502298,1.0
-0.9774585596225951,-0.5449523404100357,-0.4369628884189576,-0.4287455058734923,0.2801698109526572,-0.03411674336868698,0.0
-0.97040751089142,-0.5474759757508796,-0.4170736746094303,-0.43804679574916633,-0.10024251703628759,-0.015332206932613631,1.0
-0.9603201324599268,-0.508503792352947,-0.5016195084940028,-0.4779586661488076,0.37701580326840833,0.1045305675099297,0.0
-0.9515120121412703,-0.5542779089833855,-0.4543290482206686,-0.4592661706027828,-0.16832930300427812,0.013644710000511154,1.0
-0.9729484066447317,-0.5257700324979664,-0.44662886350919306,-0.4502513094287772,0.18754739712875673,0.005440809730922765,0.0
-0.9372310416751926,-0.5558229725323142,-0.47699852389199127,-0.4661957426624098,-0.15453843842819565,0.047705833697552616,1.0
-0.9597648406031745,-0.5236091645686547,-0.45468844705835126,-0.4577579011954314,0.015307488338528963,0.061312839629521734,1.0
-0.9871178595884195,-0.5266415665942678,-0.3898294355815395,-0.42365987925626036,0.24390025451360065,-0.0828566085607597,0.0
-0.8296889387360478,-0.6867288237818344,-0.433160014203326,-0.41540694568657655,0.43404426886565994,0.123546151802118,0.0
-0.9692195207664287,-0.5184309316577937,-0.46020669076243853,-0.44658801088813976,0.4247949141602081,-0.003755630413846402,0.0
-0.9216732262478703,-0.5515433376022308,-0.5607171227527485,-0.48752799943352854,0.11622952186237492,0.11473928907942842,1.0
-0.8159255278677359,-0.6193869060568228,-0.5983388859195908,-0.4990184144683255,0.13787096673242413,0.027007755872596708,0.0
-0.985104782872849,-0.5080580418689867,-0.3998113208450045,-0.4420679452104015,0.3170660621566138,-0.01883563606153388,0.0
-0.9657275993516903,-0.5602159171646832,-0.44244505917033766,-0.4405502218518057,-0.030540688767760366,-0.016766885258561938,0.0
-0.9730974017778705,-0.530435238471666,-0.4413254548366106,-0.44272796119874974,0.2632682738603539,-0.014374377361559474,0.0
-0.9681282504092834,-0.542142550668053,-0.4645173752488495,-0.4503948413817666,0.10997162601476296,0.038814865879152755,1.0
-0.9903019801441227,-0.4879070876712074,-0.38390472206162063,-0.45530498264832614,-0.009959670320997607,0.06991969292231186,1.0
-0.9774079340258818,-0.5132614402680536,-0.43895191830653196,-0.4454524845834535,0.3752982242980524,0.002352737029309211,0.0
-0.7939860836960431,-0.7036214722929472,-0.48680433213460667,-0.4930138041930569,-0.2790691967031185,-0.11784938703725245,1.0
-0.9776575380344392,-0.5251365299687788,-0.41668436422891464,-0.4344531051471112,0.2976017026110618,-0.03129274386211649,0.0
-0.9556553417824268,-0.5366156187732796,-0.43627467969784306,-0.4599956124137562,-0.18779758204922858,0.0002329797391162243,1.0
-0.9021186261513656,-0.6326028098496524,-0.5935077250928904,-0.45074036702594505,-0.08276073687506455,0.11942572338199,1.0
-0.5137879230932487,-0.24350167358944358,-0.7902318001127058,-0.5397778013725957,-0.028376528996509387,0.03697257235057472,1.0
-0.9781547474382243,-0.5502385270674344,-0.4200559209286743,-0.42097032252658634,0.28584099734406043,-0.0529385919021872,0.0
-0.7503678036415545,-0.7521963722581475,-0.2992584309490857,-0.49433528966848234,-0.18902933889287715,0.00023258057732693932,1.0
-0.8896886949176168,-0.6384105524954282,-0.5279472715254376,-0.4305362835381756,0.09347788489921083,-0.16490542247003503,0.0
-0.9684468186039469,-0.5565375346943976,-0.4564276970496345,-0.4299414167548586,0.1820608976660355,-0.01914938934628256,1.0
-0.9390198131997297,-0.5947044320459648,-0.5278555905448064,-0.4580395080899522,-0.032209300710125455,0.05300620051139315,1.0
-0.9819645305701743,-0.5011982584357924,-0.40516496439792327,-0.45098769728095794,0.011246338354803098,0.028363938631230462,1.0
-0.9797807255355705,-0.5385414813492798,-0.41383859076977714,-0.42871759429973794,0.3594483953223423,-0.04498355953189524,0.0
-0.9229292684688379,-0.5964939772008214,-0.5258086687359158,-0.4611335434282776,-0.009375221547170742,0.017624138053569903,0.0
-0.9910050485336577,-0.48686538127009377,-0.389984404468334,-0.44586561771938504,0.33475842602193034,0.00863254795347071,0.0
-0.9766822114248986,-0.5179271145888761,-0.4294848840228132,-0.44207757677920173,0.3126349035018869,-0.01550413780059466,0.0
-0.9745991417481602,-0.5118233330897828,-0.42380801747076746,-0.45559932838614114,0.05358626487141088,0.04195339586582387,1.0
-0.9708420086688228,-0.5243595498138609,-0.4437831681083129,-0.43700422119188204,0.42225689117129594,-0.028695905404033443,0.0
-0.9529318392692993,-0.5750092624995208,-0.4994136835428585,-0.43368401480248436,0.34759962498630403,-0.0026638233502738495,0.0
-0.9801450910418714,-0.4892875835832347,-0.3962486380637417,-0.4559968993698003,0.0384663267780667,0.03734475062264951,1.0
-0.9702919535666719,-0.5510683545561426,-0.43529730277191836,-0.4241095666620104,0.24787895144412977,-0.10542420753768493,0.0
-0.9564853583404762,-0.4953420682853494,-0.4248904433929262,-0.4774578197862886,-0.09704688530368874,0.07697498704274482,1.0
-0.9884370076451023,-0.4874206173196226,-0.4035937123128066,-0.45550036953795664,0.18217093039114635,0.05636815421335384,1.0
-0.9655601800987921,-0.5425768781740923,-0.3963517494193412,-0.4400423986756121,-0.03844313871761798,-0.013009306121823713,1.0
-0.7348897452086439,-0.6787542648485719,-0.4766572069753227,-0.436112391253221,-0.07395526924467577,0.10384358307535817,1.0
-0.8844865828090177,-0.588711238237928,-0.620160919759524,-0.4982214207969479,0.02289849939977033,0.13302750791101095,1.0
-0.948226561513874,-0.5636150921673304,-0.5100609518330549,-0.4603234666902109,0.026829800177765706,0.09598606023062575,1.0
-0.895552284839214,-0.6797729462491735,-0.4984256497369747,-0.40411672447241964,0.044868028817800554,-0.04670151030902101,1.0
-0.9481294707713033,-0.5653416079729514,-0.5026906416288613,-0.43810356002117107,0.36802207593598757,-0.04605231937445794,0.0
-0.9710516209413301,-0.547402044986082,-0.45181212795486,-0.4469049102647148,0.08810304784868116,-0.014216712163590798,0.0
-0.940693744221737,-0.5727130441469311,-0.45336100829829135,-0.45619345211673556,-0.26612155009679167,-0.018519257519276425,1.0
-0.9587650133578212,-0.5614445655300498,-0.48043583123324524,-0.4334018523100437,0.31269103335269877,-0.04036333856018298,0.0
-0.9419268334110684,-0.622534045859864,-0.447505348465373,-0.41879272016477886,-0.22491516527843886,-0.05092558317336122,1.0
-0.9847259670865783,-0.5130008093256205,-0.4026778277926906,-0.44328118400653943,0.042611277366305066,0.00846126030003592,1.0
-0.9828659819325744,-0.5179386286004211,-0.4250489724093097,-0.4339614208613457,0.41526238635821,-0.005794407812804599,0.0
-0.9316164425525008,-0.588207585286875,-0.4773073375240816,-0.449103372214562,-0.27557458611149654,-0.07867257493321411,1.0
-0.8539098824177038,-0.695407241689811,-0.5046709399918068,-0.46609139490178,-0.3274261756144843,-0.15372581850746384,1.0
-0.9733170563668866,-0.5336320621613382,-0.42519121693644935,-0.44794636403442223,0.022307486917859137,0.002683637747165275,0.0
-0.9723583306103388,-0.5297286069849055,-0.42765270652993237,-0.4338507978522466,0.32229918566861393,-0.04446014832950672,0.0
-0.968119448733725,-0.5443184564701335,-0.46092898260904597,-0.4363979249077372,0.3345218148676081,-0.0373769094614343,0.0
-0.969961482003105,-0.5779890431670972,-0.43237040420079426,-0.4072248848497856,0.29060432354120636,-0.1157115985979413,0.0
-0.9666367475758861,-0.5526889209152273,-0.46048304417906166,-0.4331586588490492,0.3678183189378233,-0.008669612786272653,0.0
-0.9664149505115105,-0.4857684804931378,-0.4303581483141928,-0.46505376017650907,0.3179008089878352,0.03499757342439926,0.0
-0.9799889855007332,-0.5063130082291099,-0.40804199705642374,-0.45363769522389386,0.08272582395517061,0.05930883567209638,1.0
-0.8732662672200938,-0.5386436087006294,-0.6492561504329861,-0.5196859431348265,0.2907302196468904,0.12608039466052776,0.0
0.2657775382073877,-0.25295412429564035,-0.5973101638997425,-0.12951485966840798,0.6089304972227766,-1.0,0.0
-0.9902148761494409,-0.486424461244492,-0.38418868341261353,-0.45192941764765276,0.07296734138171118,0.04875915409611437,1.0
-0.8863923289037857,-0.6436174817968533,-0.5869734182839458,-0.4167137366910099,0.2136279298799923,-0.12988891465647365,0.0
-0.41193373964963415,-0.951331142376717,-0.06071016674164903,-0.041527914639364005,0.19317811495711415,0.8066576516028247,1.0
-0.9638913191544776,-0.5617509150523051,-0.4379338367634767,-0.4370397249369059,-0.05417257924085905,0.011373207589696357,1.0
-0.9631351626558458,-0.5340447864802556,-0.4586674687263098,-0.45747112864608325,0.0972001697593365,0.034836509739242114,1.0
-0.6258582151944592,-0.8751420371348952,-0.07277683956894865,-0.15860284652901635,0.01817528113279672,0.6889672041151431,1.0
-0.9170344012521355,-0.49309716005326054,-0.5116687048299662,-0.4952168194576744,0.2706751083805341,0.10836658952585386,0.0
-0.8439588722841304,-0.7498615930202759,-0.4901368470937578,-0.41051805956953474,0.19158793490069748,-0.1810878275526199,0.0
-0.9333029710422726,-0.6359985060243363,-0.509247896064941,-0.39251213583628947,0.16665196341999472,-0.17095746353738603,0.0
-0.9261141041941211,-0.5851532985240513,-0.5441230308468115,-0.4474913922803125,0.3213734380358182,2.8249920441008724e-05,0.0
-0.9707717243835301,-0.5501023002067904,-0.42559100191695043,-0.43822809910868826,-0.1070415666362183,-0.018080135031125856,1.0
-0.981947220116854,-0.5130947698982239,-0.41571452279398025,-0.4500814941917519,0.09972140558171716,0.04449779484367391,1.0
-0.9378935532578863,-0.5733320190824651,-0.4546626554403764,-0.45957253794065517,-0.26524830298771923,-0.01919587011472172,1.0
-0.9294528844790024,-0.5403672753501888,-0.5300210656941852,-0.4851011734396353,-0.004667524290802916,0.1322701877090898,1.0
-0.946885696799837,-0.5706413153398892,-0.5021043638761422,-0.44670771715358454,0.39612848697943726,-0.01730125264424945,0.0
-0.9646134699240683,-0.5185897254394636,-0.46865688500347785,-0.4515000990898341,0.39932285583233684,0.016238400731774155,0.0
-0.8941411868062126,-0.6435369814638086,-0.4845924957006499,-0.4458390356137953,-0.2827335909411289,-0.1040079457593065,1.0
-0.9854226039294925,-0.5303447762539579,-0.40608414574448914,-0.42271167212767913,0.26838849302787754,-0.06576156924202836,0.0
-0.822066839796335,-0.53334852503232,-0.6796428515272408,-0.5521311187007477,0.029276176477834676,0.15452236360438712,1.0
-0.6113257529226376,-0.42265574546069473,-0.7696042604361458,-0.5775501992138017,0.4931774012178053,-0.000994364876032885,0.0
-0.9404755964524822,-0.6195007726017357,-0.45950803878313284,-0.42163750393600885,-0.33619662658930705,-0.07414981104338444,1.0
-0.9818032196321363,-0.5263234009768332,-0.39531244207202,-0.4383019521575913,0.019594737266868112,-4.7064906954792825e-05,1.0
-0.9375459849431591,-0.5616167382565836,-0.48969315199450864,-0.4641408061796813,0.06606210666686516,0.025569699395673606,0.0
-0.9691760750913454,-0.53520514893881,-0.4294881279065654,-0.4523689622127762,-0.08401960984756376,0.03887478711846981,1.0
-0.9369361254100952,-0.5466880791280554,-0.48540782947985717,-0.45602390202414655,0.3606090548938656,0.011467013616940337,0.0
-0.9841261485718747,-0.5292916140271391,-0.39871751994645427,-0.4214466564676045,0.25692424609331155,-0.08077953783352504,0.0
-0.9742193243810781,-0.5471681167488757,-0.41490733130826213,-0.42546949952817564,0.08395822789688034,-0.04009251830360273,1.0
-0.9590087440590829,-0.5684370148417142,-0.47942934757525096,-0.4328833731407676,0.3352690044555486,-0.045438341539477754,0.0
-0.9193432907935184,-0.5652310121779053,-0.5403823581442345,-0.4676282902505099,0.02331767724938892,0.10684273902650647,1.0
-0.9850495118915902,-0.4946982469520574,-0.40108674359991353,-0.45345028690677786,0.08195647615122917,0.027923898739043298,1.0
-0.9257470737425902,-0.6143158029050745,-0.520720733351462,-0.40934677360609234,0.30334658255321645,-0.10338555951964414,0.0
-0.7087300213110499,-0.6832632582397391,-0.27657798296198627,-0.604081420346571,-0.3345613713933027,-0.10595595149515487,1.0
-0.8954160628149965,-0.653234989898467,-0.5054549993538108,-0.4475616544672935,-0.2581863236214248,-0.04629825801108597,1.0
-0.9777043717503168,-0.5139408509278649,-0.4278699522326455,-0.4587675707175861,-0.000619589107519844,0.09213646449827789,1.0
-0.9184537085855097,-0.6447335730329817,-0.5286077323447934,-0.39745900526676625,0.1500279760237792,-0.18834426332819634,0.0
-0.9101843372961518,-0.6570944685354297,-0.49916643616372325,-0.3882272767661729,0.15441652501788466,-0.22012949990818134,0.0
-0.8687650987972152,-0.5873047839325976,-0.5982562704212346,-0.5043305327725566,-0.07091301886607429,0.08191431087635878,1.0
-0.9617498740729132,-0.5797363924753017,-0.4273230025091065,-0.4251586244441302,-0.06701965992104372,-0.03513048080321036,1.0
-0.7648340048738693,-0.49122802213373373,-0.7060997665460895,-0.5804216885807805,0.016958570087178645,0.06438979744708993,1.0
-0.8965618457932014,-0.6619820856638787,-0.47426692174998375,-0.4254841036541604,-0.4039904972491857,-0.1582119914696812,1.0
-0.8118742114558708,-0.5491550958150524,-0.6982389938970995,-0.5545957832211896,-0.007004543642965336,0.1525533122692405,1.0
-0.9673602823240639,-0.5562524838226391,-0.4657859513098199,-0.42761561452652636,0.30562083426856057,-0.05993687433136107,0.0
-0.8137717999305946,-0.5270310824925895,-0.6707241956034121,-0.5025269250201969,0.3895950388140957,0.17743921826729844,0.0
-0.8853066150343749,-0.6681233150147632,-0.47905088249544264,-0.44019673093890926,-0.2514219700558917,-0.16007384454087822,1.0
-0.8902459935621729,-0.4048954797457409,-0.5111215155758302,-0.5146869926140062,0.5397539154660485,0.09972547582411005,0.0
-0.9747492214722089,-0.5103015947591456,-0.4357583885231397,-0.4511243062642557,0.22924436240799628,-0.0033882972972279135,0.0
-0.6820138228164933,-0.8348455486963507,0.06471370935743093,-0.44520970295766377,0.6753276897243992,0.22780351712967906,0.0
-0.9827920954488168,-0.5116465389976421,-0.39951286928203256,-0.43778209558555825,0.06414444880193018,0.011660128687710308,1.0
-0.9294130761804341,-0.592414549219867,-0.4786837078482802,-0.4538405544774093,-0.3073104458726815,-0.0016699715364799114,1.0
-0.8483396809200702,-0.555041097917078,-0.5772686810181693,-0.5097062848726983,-0.16625047476347482,0.046942864623074926,1.0
-0.8174401021085789,-0.7237740177396256,-0.4743876528996063,-0.4118794091371143,-0.14737327507168343,0.17302417227187303,1.0
-0.9623417208189576,-0.5394045351233848,-0.4530129875385057,-0.45575000596401966,0.09691734711247457,0.03643035604768296,1.0
-0.9342601264512947,-0.626645523557487,-0.4749878537829277,-0.4264917053382134,-0.3323013077467206,-0.07062952320699356,1.0
-0.9579485261128975,-0.6083533278636432,-0.4654867732332937,-0.4149626720179151,0.14587645906266472,-0.09989642966065414,0.0
-0.9371388319444802,-0.5055609883565847,-0.5011511234673751,-0.47856713072695356,0.34078800556606825,0.08155432584834064,0.0
-0.9595539740066489,-0.5877340302625556,-0.4553560997365423,-0.42884370497895774,-0.1351129485749279,-0.011388608967122434,1.0
-0.7781032724391936,-0.7622263163911447,-0.4465063208951808,-0.336968870356803,-0.07748368162892369,0.14884299060588368,1.0
-0.9526881963815874,-0.6057904355179904,-0.4644124127892079,-0.4275860093262857,-0.23774914187794544,-0.03470130527747031,1.0
-0.9342178575380461,-0.6192729752966264,-0.4825537298735519,-0.43336886553493015,-0.2722912458554155,-0.02271823087291938,1.0
-0.6684713041277193,-0.7502406053381088,-0.3827292978296223,-0.4799498644566347,0.28560900126259225,-0.019647365728934787,0.0
-0.91198519798501,-0.6370225825302758,-0.5685941671936322,-0.4344831924714555,0.3130914121034343,-0.007327405611001272,0.0
-0.983796367256509,-0.4869592199410863,-0.4026800165077361,-0.45222417852842245,0.2348565251158405,-0.0029562930657508627,0.0
-0.9811495823334495,-0.49403975785170806,-0.42346326862122885,-0.4565842365670882,0.25546585441220315,0.06585382048431047,0.0
-0.9850530647339075,-0.5151247190444741,-0.4045624059687104,-0.4318529942849807,0.3215610803572204,-0.07061118492725663,0.0
-0.9544385422905183,-0.5641077633034746,-0.46667719295219084,-0.43109225163986553,0.1554947497667375,-0.03279387004421287,1.0
-0.9533374742798415,-0.5877608944390247,-0.45215413746476385,-0.4335440510931551,-0.23631481999761506,-0.062325680555795376,1.0
-0.859558875969334,-0.6761562498640443,-0.5192591907005446,-0.39991788218284585,0.030831222450846213,-0.05021195332171363,1.0
-0.6151121790860484,-0.6150540128581744,-0.3277077981076011,-0.5677080464817176,-0.12701496056162243,0.006088569812400127,1.0
-0.7455762402654329,-0.6343210466435608,-0.6536171735207238,-0.48071073487842914,-0.03615335937823119,0.13361019543776012,1.0
-0.9441468203457007,-0.5536210454595307,-0.4890909500868955,-0.45731965408925374,0.12071020145365835,0.0843764255046654,1.0
-0.9275235641656451,-0.5666743927145661,-0.5180892976460153,-0.4659454614266704,0.06611485584019464,0.043111947826890575,0.0
-0.9601623112141253,-0.522989063293205,-0.47243256484505697,-0.45733304328582847,0.06721287798459709,0.08500053471570078,1.0
-0.9408668744359471,-0.6250011931966994,-0.4419501140922107,-0.4283518328425127,-0.30794946310721677,-0.05904370334757635,1.0
-0.9726092317688413,-0.5305423684949292,-0.39494568844693356,-0.4418152358909686,-0.042047160692262914,-0.01753958109227097,1.0
-0.8875142186634503,-0.6356625270338502,-0.4433626040602081,-0.42664284800638075,0.20297061051170634,-0.08243425295887995,0.0
-0.7766952305171196,-0.7250262486339482,-0.6282327079292733,-0.3869582389729969,0.4403917517862914,-0.19146382426491443,0.0
-0.9916989790004882,-0.49915641558867896,-0.3694748458468933,-0.43198155991889886,0.3102053752357843,-0.06316216234713973,0.0
-0.8874722529162582,-0.527433216984796,-0.5100078808310159,-0.5041797685065579,-0.0678054913224023,0.08434033638988274,1.0
-0.9847293706823509,-0.5049321479921701,-0.40419252784040166,-0.4445596245053821,0.27304750496136176,-0.0045519041810509935,0.0
-0.9693237481603341,-0.5394604937380683,-0.4203110425349116,-0.443383988716348,-0.06156628159835428,0.01798433420908045,1.0
-0.9816252883900063,-0.516944533238179,-0.4074160860532342,-0.4392297048916052,0.25607790287936383,-0.041884773421234485,0.0
-0.8806314566516479,-0.6784113465203727,-0.5046775067899273,-0.38474633971486943,0.10274991946050785,-0.20502500765031526,0.0
-0.5715813017801943,-0.5956678541116304,-0.6513121691963842,-0.49161678222392835,0.10944593076136702,0.014897991038588878,1.0
-0.9677143742699641,-0.5426739580237403,-0.4444612781140464,-0.435195094276667,0.399094423473033,-0.0448042191483295,0.0
-0.890860613963347,-0.5592210716704142,-0.5495065844370797,-0.48544684280439854,0.034319274683133644,0.08979705353383509,1.0
-0.903262106676658,-0.6177400192764657,-0.5058953633027446,-0.4547555938876942,-0.22167220987131286,-0.05953090850636141,1.0
-0.9582731225852665,-0.5768681157320612,-0.43532588963559754,-0.4321533786060523,-0.1323437845369733,-0.013474642799481141,1.0
-0.7896438440293752,-0.5665601189626246,-0.681180343495081,-0.4820339241898723,0.06116317351049176,0.15325948922247454,1.0
-0.962283630571969,-0.5388345282004976,-0.455855856217562,-0.45509384796646585,-0.043530133792917064,0.04775798403515387,1.0
-0.9151307314410508,-0.6388557972214851,-0.5000484060395214,-0.41356374734275675,0.21073057089698732,-0.04611947521330142,0.0
-0.8774789312293049,-0.5900294806350037,-0.5950876040879337,-0.46068340001107505,0.319716065954401,0.0053047311581896775,0.0
-0.9946140892599673,-0.480368918928581,-0.37671041430046587,-0.438885340435054,0.38573335205418885,-0.022648029491190866,0.0
-0.5265596748864361,-0.619307491938988,-0.355787950050539,-0.5128785102546173,0.20421323956885656,0.15812098532559596,1.0
-0.9855859967734459,-0.5014074750207429,-0.38336397541587297,-0.4485837953924935,0.04122915505386025,0.03625390606907283,1.0
-0.9157939366066572,-0.5836955333243145,-0.5426151692949782,-0.4628874381259597,-0.003957931884469648,0.05726705579232287,1.0
-0.7028491322912623,-0.7466309837427922,-0.10447411816595242,-0.46006311568813124,0.17065452695825034,0.11231210631787147,0.0
-0.9733536556274669,-0.5654715190467419,-0.4226165001217913,-0.4335667517139477,-0.08471578166257052,-0.018018500876251505,1.0
-0.9718413538706299,-0.534576771818878,-0.4339462340087916,-0.43624043352834,0.19424118962524203,-0.048338168777019457,0.0
-0.8974298032036522,-0.6813826344027732,-0.5387546850580825,-0.42283753120888273,-0.3088787911352672,-0.1560422604313867,1.0
-0.6585500684423045,-0.7337882207790434,-0.4052492037579186,-0.4549229965093021,0.3311266290043353,0.22672490783499158,0.0
-0.9468659081071131,-0.6181639666785422,-0.4675995442813675,-0.42365469332172345,-0.31469933005928824,-0.06941836669349856,1.0
-0.6666434988820578,-0.4073787845754977,-0.7975837157639041,-0.5872896588324356,0.5164526288148402,0.18322897202956612,0.0
-0.9054752174449169,-0.6667744321159291,-0.5220475808938415,-0.38993287247425135,0.1151671284794367,-0.21669610131384043,0.0
-0.9741351330125896,-0.5304093928843007,-0.4375663239767593,-0.4438732301752362,0.18339456163081047,0.020637147133845325,0.0
-0.9765716476572575,-0.5639921181502288,-0.4135008529300261,-0.40710028136230825,0.24225611476200948,-0.11195642494584199,0.0
-0.949424761807126,-0.6141611743733567,-0.4519810018015429,-0.418216152329232,-0.04887557991114205,-0.13415116911521038,0.0
-0.9595627448633143,-0.5206280992241213,-0.48355205252079453,-0.47181099546359323,0.2143253317432427,0.08896625297760177,0.0
-0.9727734658493743,-0.5575168060201185,-0.4286508042283437,-0.4206639973793552,0.1539755290687247,-0.0913620564209408,0.0
-0.9278723386854432,-0.5582547664981504,-0.4923570479052185,-0.46574333880940677,-0.1707564751589689,-0.00914875782540674,1.0
-0.9698267198773035,-0.5370990740531615,-0.4400493651825258,-0.4351013786229454,0.27698700583296404,-0.030505638434063276,0.0
-0.8256610639041757,-0.6904186558912352,-0.4789223999407547,-0.4446881562375857,0.2297392321398461,-0.029140497416652828,0.0
-0.8848429720496747,-0.6340710753837612,-0.6618725106278761,-0.4538906789989109,0.16253893394762375,0.026204931423212372,1.0
-0.77641967877513,-0.620339998030331,-0.6105296168798543,-0.5208873738482693,-0.22055643861055968,-0.022271361356764715,1.0
-0.887504692400021,-0.6235932018970806,-0.5877007074531606,-0.4562468472890603,0.17987400281009866,0.008543303655075015,0.0
-0.91605859330835,-0.5992265058619946,-0.5358130882413881,-0.44316610565961545,0.38470956750653584,-0.004642397700253943,0.0
-0.9357919127575053,-0.587698048779744,-0.5069971851099039,-0.4425604246677312,0.17715127066512787,-0.021060727274654432,0.0
-0.6966260864390682,-0.46643059962414757,-0.7145072673702612,-0.4579863020935521,0.2605588328715025,0.17882329028679628,0.0
-0.5087467822059013,-0.5568044201388109,-0.6613832025698897,-0.5466259746361829,-0.20777584796193094,-0.08786970484580857,1.0
-0.9137686078058253,-0.5195978800045693,-0.5178644986011043,-0.49709083515124886,0.024313334216323187,0.08900187354035849,1.0
-0.9700662186158855,-0.48807736712193156,-0.4470310031062659,-0.46269880780152334,0.41492945271950155,0.06463286166369232,0.0
-0.9520628166988385,-0.6236994128871679,-0.42852866803641326,-0.41288795377888815,-0.30595869880097865,-0.08635413763395497,1.0
-0.9461694109408157,-0.5798658672548349,-0.472946116068649,-0.4423235600550016,-0.21972367879650556,0.004134954074281012,1.0
-0.9030184129266428,-0.6498862751178565,-0.572005150478026,-0.4456924819212433,0.1307248840694712,-0.02249651607240789,0.0
-0.9729950897974481,-0.5585513840070054,-0.4295428049445504,-0.4252568307067757,-0.018455425094405134,-0.061259342455099425,1.0
-0.9533624706798017,-0.5675845431456844,-0.49454387948756934,-0.4420569608727638,0.1248566011336647,0.011391785950753045,0.0
-0.9582807522475005,-0.5855209743874464,-0.4506443192129618,-0.432460734299858,0.011224541724804332,-0.07166356175234263,0.0
-0.9854068988658913,-0.49620485001489406,-0.40895106310503637,-0.46064943674002945,0.0003099578387820989,0.10090669379894651,1.0
-0.982351574030807,-0.49293421314618246,-0.4088408195497977,-0.4581182099343093,0.05733113714428299,0.07209829418155883,1.0
-0.9271042905645259,-0.626189324103776,-0.5186176438899033,-0.42489996396015467,0.3070026610663123,-0.10865940464090833,0.0
-0.9421985586664089,-0.598306931572012,-0.5001017043206889,-0.43057797126586833,0.20870512202923971,-0.09527753889357278,0.0
-0.965103580979811,-0.5491082249796129,-0.4341252759440674,-0.44596039688284067,-0.12757742441184755,0.028924903878448795,1.0
-0.9500811834166015,-0.5845818887918087,-0.48622918601572546,-0.4263169222701705,0.21813611421344048,-0.06091059882530559,0.0
-0.9549181021209132,-0.5673556883298297,-0.45969491427652337,-0.43348589768370915,0.2725121593299189,-0.08070793532332511,0.0
-0.9297734561834211,-0.6549499848432655,-0.482409222410738,-0.38612841437636714,0.2073301208672178,-0.20293330486542208,0.0
-0.9389804901068685,-0.5810420100649281,-0.44099683563502917,-0.447154554364692,-0.32203706784592706,-0.02986199976904834,1.0
-0.9562919827005953,-0.5552981333072979,-0.48699355603613775,-0.4398411564775138,0.37629591434352777,-0.004200731913752307,0.0
-0.9694178060982491,-0.5203196812461488,-0.40544732053072235,-0.45353363023744153,-0.021388712936493803,0.016007563635640785,1.0
-0.5740724313376705,-0.36122982116912195,-0.7963544946046077,-0.5695152755779922,-0.14426435400259383,0.031902444473181205,1.0
-0.9298780514628273,-0.5292360177324091,-0.5384400897610501,-0.4726914807292332,0.34967225225893134,0.09451585286612263,0.0
-0.9497709937344846,-0.5468484173124839,-0.5190107966455269,-0.45199677563976143,0.28049750961364106,0.02053941000986462,0.0
-0.9349234475762342,-0.5690281385867176,-0.5354240090531954,-0.4441328804652515,0.4556215884048589,0.0018622855998343428,0.0
-0.9745428958177846,-0.5492847590264699,-0.4335746421228139,-0.43289128658130555,0.17345193959272054,-0.05902789986456901,0.0
-0.9683904256870005,-0.5433700980655174,-0.4336488500939947,-0.4394567859842259,-0.027196752035887534,-0.0014911453476792564,1.0
-0.9732837423649898,-0.5133150487615791,-0.42061589307138403,-0.45969379674931665,-0.010983723594904363,0.02342893237272458,1.0
-0.9818886072857387,-0.4858266549368483,-0.3997789307387584,-0.4599908687739313,0.11029940804513585,0.06711725034207351,1.0
-0.9510216323972076,-0.5570263215899175,-0.4723198317982967,-0.43985420037828704,0.2315026442097194,-0.02315466139103859,0.0
-0.927832017682966,-0.5692320365105122,-0.5535552548902409,-0.4548051204491552,0.33870606702544936,0.02320099687156945,0.0
-0.9757312047482694,-0.5082269301528551,-0.4146695910106564,-0.45289935015289834,0.11208717567000427,0.02924569938277244,1.0
-0.9290052431350112,-0.5279941038651854,-0.5186132525332854,-0.4743731834884364,0.26374066710756927,0.08124262480719721,0.0
-0.9491644459878744,-0.5770165565138796,-0.4682817519408116,-0.45186795624790865,-0.18706893745741532,-0.004344632539654371,1.0
-0.9551101528746333,-0.5997559855390373,-0.49422062871668737,-0.4244343316339063,0.15054332389396333,-0.06363725434369566,0.0
-0.9549207448408407,-0.6036305775252387,-0.43732152144882497,-0.42058506635246284,-0.2980100364587298,-0.07818248055899507,1.0
-0.9550716268674208,-0.5774282800265604,-0.4585632911007695,-0.448963538978038,-0.22822547464510706,-0.018848550507668226,1.0
-0.9590975679116731,-0.5762008340253348,-0.4113296226417525,-0.4307214270299658,-0.13196076997658224,-0.036330030759605066,1.0
-0.9564571276072935,-0.6001612971269392,-0.4233108518420231,-0.4086704129115923,0.1213520777307196,-0.1487915118211496,0.0
-0.9897144978297201,-0.4955268802557149,-0.37697111223166924,-0.45068430454407693,0.0038142714013179313,0.02647492472930565,1.0
-0.9560422650058842,-0.548773319289067,-0.47770762835166297,-0.4390915880774869,0.2762617953836821,-0.018644669735776883,0.0
-0.9726530234190234,-0.5641647345519046,-0.4465275234280426,-0.4184967977305754,0.2723921704930807,-0.09529809402614932,0.0
-0.8707071043166462,-0.5066750306237399,-0.5909513762129496,-0.5049906400160258,0.4402674915231926,0.1574127148859627,0.0
-0.9151887111727874,-0.6183064526283772,-0.5108530250171859,-0.443128819239141,-0.049309280406830164,-0.0041930304370296715,0.0
-0.9551911419499912,-0.6060505872991035,-0.45678352997973304,-0.3965272481362174,0.06837401225944609,-0.10421999703850772,1.0
-0.9719103117134251,-0.5377602290445123,-0.4459893494288859,-0.45537648800881825,-0.053085887044978575,0.05418774307045084,1.0
-0.8818624903019153,-0.6245343889545387,-0.6180278657272156,-0.4843505704313269,-0.13668932513443519,0.07048568961158412,1.0
-0.4628187790460383,-0.6329948366116293,-0.8646434473884637,-0.4795715782997787,0.3852992144083344,-0.33053059977832266,0.0
-0.9851074441284668,-0.4964510031702771,-0.39829394162486625,-0.4399595971852767,0.3368979670788187,-0.021075047831734386,0.0
-0.7538146494525662,-0.7417035884941101,-0.3324772984214144,-0.3236247387057429,-0.04041194500882925,0.3472375735017757,1.0
-0.9661355031960347,-0.5348721209647144,-0.4822913388645078,-0.4526829626493742,0.4102199533541884,0.019428111532834823,0.0
-0.9351638328623619,-0.6276763810408053,-0.5069411371219509,-0.4326361047230893,-0.2608551633161025,-0.010928965317549937,1.0
-0.9858328255313131,-0.5285045679133865,-0.40467324884817185,-0.42076859519539345,0.3489932495253819,-0.07542797726621081,0.0
-0.9449226826266721,-0.56720056390108,-0.5342272537594319,-0.45034105000519703,0.4290771029629475,0.008535356117376078,0.0
-0.8965581632903157,-0.6757561462351801,-0.4954163338914324,-0.4398441907235871,-0.34153226606017584,-0.17611752778950499,1.0
-0.9838860693978395,-0.5073589428253267,-0.4086375220894715,-0.4391242171014893,0.36261117213286004,-0.031032702459132398,0.0
-0.9450460073683671,-0.581261594656983,-0.46231597816516246,-0.43632299812215347,-0.20063168522839275,-0.05355900736492547,1.0
-0.9929516694584611,-0.47893420459654745,-0.3626922438277794,-0.45327442767822257,0.018942645086253082,0.02943720942580204,1.0
-0.778422128073388,-0.629215357341958,-0.6785690067192003,-0.5051256802322169,-0.05700714776166407,0.13342348219575328,1.0
-0.8356934653430728,-0.6478436229781843,-0.5025273642401791,-0.438502354264257,-0.07491843323704919,0.09040918943943207,1.0
-0.9409739965306368,-0.5535531357764499,-0.48394526351851613,-0.449143892901698,0.3955867046001932,-0.031304872996882505,0.0
-0.956684146009084,-0.5572203804067043,-0.42571425509692873,-0.43881191036561706,0.024767558720078076,0.024437940888890744,1.0
-0.9010713303463715,-0.677003845536339,-0.5294006414257315,-0.4353101121806496,-0.2283536216806713,-0.12061942490825381,1.0
-0.9609639815485648,-0.5857081832231816,-0.4702278369866616,-0.4204874677137842,0.26195247668877675,-0.09707050911273299,0.0
-0.9679522084163679,-0.56835474735318,-0.44040284646495914,-0.42108523798859376,0.2803202254187349,-0.08887926739627285,0.0
-0.9635376072993341,-0.575209854628638,-0.44188484623702323,-0.42219026172423235,-0.06634885124236978,-0.043930750899985826,1.0
-0.9141804769198949,-0.6208671251344441,-0.5761336287532913,-0.4404921600898838,0.43052664217451503,-0.01850597755803831,0.0
-0.95101155317829,-0.6162147404918531,-0.45594677720394367,-0.42079713562157633,-0.19817791663532092,-0.04302550579163643,1.0
-0.9620265991606898,-0.5141989794343436,-0.45823117579240635,-0.46367818539857003,0.1900282908257185,0.013883140361905785,0.0
-0.9742466039524058,-0.5356401831583674,-0.4233537421263339,-0.43134619821142506,0.3152079899681305,-0.07090290323363178,0.0
-0.9493293465363986,-0.5984944656118971,-0.4694858601695874,-0.4035058694733275,0.22109095385393512,-0.12991002589004447,0.0
-0.8959986607332083,-0.5854414152107985,-0.550762023201948,-0.46865405436823265,-0.09833237486302981,0.054847852352780585,1.0
-0.984774136834245,-0.5091916076792782,-0.41127685874300335,-0.43762017402499653,0.37121722642979554,-0.005764259490544576,0.0
-0.928205011523456,-0.5392060900197386,-0.5102225793954545,-0.47244850679017175,0.11109789278764318,0.0811139148074735,1.0
-0.904253013565919,-0.6410009239013287,-0.5430269498887063,-0.40632919416849406,0.07841397844360036,-0.0977324314070664,1.0
-0.938382708580757,-0.6059929027941455,-0.47185189590057725,-0.40747314582734995,0.39713275454628555,-0.07607898021002789,0.0
-0.900438708883371,-0.6726434788748235,-0.49667688021552225,-0.422251321522606,-0.4155880910576554,-0.1765441494746698,1.0
-0.9889064774035059,-0.49928715828518605,-0.37828931519407105,-0.4455572283745095,0.0037257583777652037,0.01870909235700326,1.0
-0.9751001072924073,-0.5360280880335186,-0.440334619097648,-0.4344029273146432,0.23234522447283806,-0.05085261221875367,0.0
-0.830648464045622,-0.6428796586770148,-0.6673281196290672,-0.453093040239955,0.37317986121200003,-0.0016849952770053224,0.0
-0.9765563685027848,-0.5430933935113663,-0.419498101323851,-0.42961593349764665,0.14796831607575503,-0.06530626780706425,0.0
-0.9650012840403087,-0.5644027608468529,-0.4041397109958328,-0.43184233879538386,-0.29123769683046286,-0.05501979820293862,1.0
-0.9354680858406179,-0.5684829200353678,-0.5167040772646463,-0.4565424550906212,0.024823404141621694,0.08994677471654391,1.0
-0.8742359204139214,-0.6092473648724122,-0.568313599417971,-0.47104718223792885,-0.07426781218964584,0.12467879696618797,1.0
-0.8318008089837984,-0.6926954794811278,-0.5741183242238985,-0.4561939056020336,-0.17153952532378414,-0.012443141903042115,1.0
-0.9295207035132227,-0.6242813345838165,-0.5350456971931707,-0.4277726357606639,0.3032432798454501,-0.06998190275982133,0.0
-0.9359420569159722,-0.5833963363115019,-0.4755265462557545,-0.44874888344914476,-0.23490152445332668,-0.012999653682267756,1.0
-0.9570552755381396,-0.5772608410431295,-0.47071016098478474,-0.4241346610731217,0.36021373275931534,-0.05781588805696389,0.0
-0.9115588157051523,-0.6403684931932513,-0.5112528946227239,-0.4355483895612093,-0.08663257901000745,-0.11288553756868135,1.0
-0.8636717197116711,-0.6395511404601494,-0.548478672451571,-0.457723027276472,0.19607608244694485,0.022190458471070176,0.0
-0.9439195606942143,-0.6118271672398271,-0.44592009932441495,-0.43005448208670155,-0.2975850699985043,-0.05326297118118208,1.0
-0.9438026420332832,-0.6238979475511133,-0.4407616030852409,-0.4253724222856783,-0.2902863946756895,-0.07107233953338642,1.0
-0.9738822472892453,-0.5142895957935648,-0.4144506573776155,-0.455894280587815,-0.09591310949718504,0.039397440875519024,1.0
-0.9864483055061051,-0.4929385423902065,-0.3876004378929416,-0.44717378379396516,0.05189446012624308,0.04069997042161257,1.0
-0.9802972284805771,-0.5295733421922683,-0.4126693536960575,-0.43300770091969304,0.2731810140406262,-0.053553021006397666,0.0
-0.9862980065865113,-0.5251876680075322,-0.3962893292963757,-0.4276738737286075,0.3607338681190996,-0.06335036161836413,0.0
-0.9706794646667605,-0.4886139165762841,-0.4284926254315464,-0.4694078499133239,0.09109579799206116,0.11205569842623397,1.0
-0.9525508130051716,-0.5570331766034055,-0.4394808946982071,-0.44574899774725196,-0.1902729617662995,-0.0015432572572322886,1.0
-0.9832899915561258,-0.5279502681507035,-0.4177476818182425,-0.42544727387751763,0.34488259195075366,-0.06294033122572422,0.0
-0.9170571460236896,-0.4887752965156367,-0.4779868958674297,-0.4950372008632134,-0.07669708826284244,0.08823557595109724,1.0
-0.9148042826330763,-0.5846725379241562,-0.5215024382157626,-0.4649702647823625,-0.08396426537098864,0.05621725580489158,1.0
-0.9702202513210062,-0.55704014463454,-0.44096047152177614,-0.42167064499678486,0.35510220838004036,-0.10314782774319639,0.0
-0.9629524488196625,-0.576924190579529,-0.4179880564882905,-0.41419040280273123,0.23679283301768506,-0.10754444147601631,0.0
-0.9750338955740793,-0.5341251752978553,-0.42244581334794784,-0.43949581352411043,0.12277600473365313,-0.036917831169447905,0.0
-0.9750376534659957,-0.5454165404290489,-0.42738627146180397,-0.4251286969801657,0.3047185701209532,-0.08131037572060769,0.0
-0.9474880062482662,-0.5559486953868822,-0.47713920896404427,-0.43063521656931364,0.2468791332234556,-0.07423096155241778,0.0
-0.6890213166681906,-0.6910734154649306,-0.4898750940491341,-0.5062246439851186,-0.0567159417887837,0.10861114958503264,1.0
-0.9455181345292727,-0.575522084769852,-0.5027969922575525,-0.43929895672459224,0.17449971125084984,-0.010715112452517486,1.0
-0.8832709010263222,-0.5934909675021336,-0.5446210408190874,-0.44692308751499615,0.22681444484040836,0.0341911680068625,0.0
-0.4249904619931157,-0.4711384590220168,-0.7455995563403931,-0.4216045440563641,-0.29272476016011,0.0017615569673405823,1.0
-0.939748975928109,-0.590982905808357,-0.44657879380862714,-0.44185465442907396,-0.30612292274346375,-0.03950683788178549,1.0
-0.9704128255458908,-0.5419062923429118,-0.4212530414323302,-0.43766962819312216,-0.07067290310736082,-0.0024686578063144306,1.0
-0.9933397094205014,-0.4805478933510152,-0.3772525972366482,-0.4463341190412772,0.35077687331671575,-0.00795973154932748,0.0
-0.9834989295326744,-0.5191653134019454,-0.41351333287066616,-0.4396152891254663,0.08090800493864336,-0.009473415939734203,1.0
-0.9674572003044718,-0.5623868115523082,-0.4383895680036153,-0.437856393728754,-0.025873508746526053,-0.04242519366547519,0.0
-0.9922357111364021,-0.48174011288313234,-0.38203395798032636,-0.45427110316117386,0.1355197782543881,0.04955160563053528,1.0
-0.9904985276884399,-0.48945368599910083,-0.37888653607755735,-0.4497511990962685,0.13260045925841374,0.05248925998868649,1.0
-0.989856566849105,-0.4864366520297178,-0.3902235165726896,-0.45302858680049085,0.24751959779656627,0.026064075061264756,0.0
0.0927633340782863,-0.7334651334521343,0.9999999999999999,-0.9086279587709439,1.0,-0.3998897597002551,1.0
-0.9797663407914441,-0.5246640951170966,-0.41311551980302896,-0.43149811579528924,0.2540879631756684,-0.06091411937039058,0.0
-0.9736368197936862,-0.5265248161749049,-0.4423248114019042,-0.44137755626831743,0.34858067527800796,-0.0033465059481596108,0.0
-0.7073138529598367,-0.805219240723763,-0.21168064385670832,-0.2700219054346785,0.03320137737481324,0.33278004218028734,1.0
-0.6691790485368431,-0.7635705819346235,-0.3323163353732856,-0.3923019006335152,0.7049691632821671,-0.014359187584417793,0.0
-0.9487150985761355,-0.5756658444805216,-0.4931016601511381,-0.42582141148792707,0.4129392146797128,-0.08087960687576609,0.0
-0.8819574079913697,-0.6692778108171569,-0.5279177305896353,-0.43712932194796383,-0.28437855477530416,-0.1069261478046208,1.0
-0.8453320405359152,-0.5313119376255849,-0.6677630376175104,-0.5152391575391331,0.4186763586351926,0.13951491213435802,0.0
-0.8405577842827446,-0.6728005183037089,-0.5482858441717897,-0.4647959477007702,-0.3131600505447268,0.0008639577549302475,1.0
-0.9824980006708196,-0.5047281814926207,-0.402449293314409,-0.4471563153720869,0.19588024439984728,0.009608930874295865,0.0
-0.9433091375328443,-0.6057152591475038,-0.5348555496357993,-0.42747894007370074,0.27277993629211017,-0.059952604555938475,0.0
-0.9408921704398712,-0.6267035236062385,-0.45076508618233385,-0.42483298485471466,-0.36023402706961155,-0.06692092727756725,1.0
-0.8994973873377144,-0.5906334565777179,-0.5988976209545793,-0.47554949904023913,0.37607869267756006,0.09090059041898196,0.0
-0.9657869498391431,-0.5314036921181035,-0.46282929220492175,-0.4499900506353124,0.11834652998249456,0.04092671103963253,1.0
-0.9573332296498057,-0.5617242439979688,-0.46572454971964067,-0.4498834886822149,-0.13070710052897622,0.018828188925870765,1.0
-0.9767386891460558,-0.5156524509935064,-0.4271483864673574,-0.4559478606581042,0.03629085388893322,0.06076487400474302,1.0
-0.7879987178607857,-0.7489744337332704,-0.33960988866737757,-0.48642695830334687,-0.39162797991960435,-0.2269616383481201,1.0
-0.9637005624237597,-0.5298919864462159,-0.446761987898856,-0.44789779699891796,0.005453734093373963,0.014947713663772386,1.0
-0.9485544178675269,-0.5385505903590356,-0.48944990997683513,-0.4624162019547883,0.06388867290712852,0.09105962041530818,1.0
-0.9243169087833735,-0.6761000303551892,-0.46972769977121465,-0.4083955542722715,-0.11735467027312335,-0.194462082562079,0.0
-0.9215090006294755,-0.6487958230618484,-0.4626492497535496,-0.4180281329618499,-0.2298985621679447,-0.1820586685616276,1.0
-0.9753130330733505,-0.5210688164054862,-0.4330735457800808,-0.45521059426906213,0.285138518235061,0.01506398920061958,0.0
-0.9857065733277541,-0.49815857750416703,-0.39220082853922267,-0.45323350529617945,-6.316258586686052e-06,0.06404539768126193,1.0
-0.9933983985988705,-0.4741903594989124,-0.3907499377773968,-0.4541589853440696,0.3102972182140784,0.03341572735416852,0.0
-0.9558696915909388,-0.5880335655022445,-0.42936598015795285,-0.4334765464911119,-0.304657798372693,-0.03705042181574394,1.0
-0.9630459941382666,-0.558893074388792,-0.4501817092876834,-0.42900388864328903,0.29000237880641333,-0.047604668555160455,0.0
-0.9757616375698122,-0.491991313840636,-0.4340160106879894,-0.4471730916330681,0.5427131576567505,-0.014080409012741836,0.0
-0.9128943703063485,-0.5823196330696274,-0.5808387824147161,-0.47193772158030917,0.032291590744370824,0.1337531110742318,1.0
-0.9837597000484547,-0.5043476602242183,-0.39601348525580865,-0.45053799564418806,0.038143094544011255,0.058854325018736546,1.0
-0.9071238813849896,-0.6045220305576029,-0.4994055050186786,-0.45422392678575985,-0.2770434369863395,-0.06558155052816476,1.0
-0.8510257888624043,-0.7003496074421599,-0.5473907111892764,-0.4465350425087254,-0.18455534435258047,-0.06223702324137682,0.0
-0.9793478701776993,-0.5125113254609839,-0.416702175690976,-0.4539793184977041,-0.02892942988551017,0.05472767899404183,1.0
-0.8621304966325417,-0.6017524489408438,-0.5784232660981072,-0.4809588572798232,-0.08051877263733467,0.022340982461337054,1.0
-0.972062292046047,-0.5536274853844485,-0.41693719784502264,-0.43858161948766156,-0.06028856808527852,-0.046227352184063986,0.0
-0.8141411104915587,-0.5951942842904681,-0.6358185263504172,-0.5140717400574789,-0.017957639257180233,0.10078649049065198,1.0
-0.9635300000905032,-0.550315349704451,-0.4565908038517485,-0.44227305659679933,0.08511997694165896,-0.015785145022091537,0.0
-0.9530638328425611,-0.5930446502347493,-0.4677935500967919,-0.4057066578617746,0.15790228322517513,-0.11748808666696518,0.0
-0.9150264762026868,-0.6606613649047425,-0.51564883141276,-0.42241039146224485,-0.3943987655177673,-0.11511681541339257,1.0
-0.4056102622509664,-0.39891630082519725,-1.0,-0.524938406927478,0.5350878469094946,0.07449032966750563,0.0
-0.9627498244382414,-0.5052791943167965,-0.4307898686511197,-0.4677588372204061,-0.006403068966064698,0.08710009381156239,1.0
-0.8907855981749337,-0.5849792884881475,-0.563438349008667,-0.4594372247165945,0.40896890638073213,-0.01480082028485607,0.0
-0.9705702348805706,-0.4907789296061548,-0.4197540011767088,-0.46720689159114537,0.038625588555068646,0.09574151828436749,1.0
-0.949805168659375,-0.5994123088365136,-0.4274777716914529,-0.4394064374472755,-0.2878418086576575,-0.040328356822075,1.0
-0.9267569593739002,-0.5518373383722429,-0.5016406942334423,-0.48023729858817793,-0.06943711458694712,0.08207033693492306,1.0
-0.8600317556618725,-0.6626784365458349,-0.5396270542540986,-0.4391984291524732,-0.03945822390200629,0.09852482008873434,1.0
-0.9693542507705244,-0.580178109688159,-0.42397468696128743,-0.40639442152677374,0.11957556590373805,-0.1437857624749568,0.0
-0.9931220061382036,-0.495999131101319,-0.3690426020536973,-0.43941097774111915,0.13985598439394362,-0.026795674213991972,0.0
-0.9351354945304914,-0.6311782212075004,-0.510838137495057,-0.43181769624436267,-0.26149439510769085,0.003265703998023616,1.0
-0.9712801776202621,-0.5490096839859891,-0.46958019866633327,-0.43493854740783483,0.36923022399466554,-0.0044119570536350974,0.0
-0.9809362495066661,-0.5349156909836351,-0.4059757643976388,-0.4264574263127383,0.3010693914919782,-0.06998665960949271,0.0
-0.9093906388696646,-0.5385855851693674,-0.5385652228775315,-0.4891984839023149,-0.044906648148613726,0.11070395265957163,1.0
-0.9791248267793656,-0.511985867391868,-0.4241675908812622,-0.46165280056468394,0.07874405499743177,0.08817215310057172,1.0
-0.9529462839589748,-0.5530907716878662,-0.4752416218558243,-0.4576278651493482,-0.10738400224908629,0.0382157031886754,1.0
-0.8761816626113851,-0.6982355844810773,-0.3581883620325007,-0.38046898959990627,0.20229668045385582,-0.01520637368196266,0.0
-0.9673686797697084,-0.554526685342536,-0.4287896625112848,-0.4320748127500397,-0.06156817771741199,-0.062175747446001,1.0
-0.9829672174076788,-0.4962811876910947,-0.4060470093012366,-0.4634298977115861,0.029879259452116988,0.07618022605139223,1.0
-0.9875835776786888,-0.5020374901850029,-0.3775417310149142,-0.44676963966173,-0.020190905037923312,0.010979545476453443,1.0
-0.948578675006129,-0.5519738309954658,-0.48021193839048515,-0.4525733708601326,0.285726598441761,0.011000770935108138,0.0
-0.9702917126082828,-0.5475995770015202,-0.449523210693061,-0.42976872277346334,0.36086456296066066,-0.0751134419812342,0.0
-0.7630163246897601,-0.7504821708077273,-0.6441815541854385,-0.36160659926693123,0.30237505927203967,-0.2318920434331553,0.0
-0.9260005973543477,-0.5201954564487374,-0.5510874689282141,-0.49936268063789585,0.12500564035652323,0.17522977171596876,1.0
-0.869127184130214,-0.6573144582397694,-0.48344799361187757,-0.4347767864703054,-0.2243600704994677,-0.11617710437031975,1.0
-0.8315311343807124,-0.5712760874750086,-0.6146709418134725,-0.49856230576797844,0.37115648127359224,0.02972515325759953,0.0
-0.951962874796388,-0.5998074453849628,-0.4543252281080162,-0.41638329442715055,0.11195655936835787,-0.1526925856782928,0.0
-0.9784566101175056,-0.5123226631478706,-0.4085820768966578,-0.45577593257949794,0.05533974398756991,0.06790510293116625,1.0
-0.940856563189715,-0.6051983966161678,-0.503427932309278,-0.4242014796011347,0.21689265741471603,-0.06744557446255442,0.0
-0.80551704927821,-0.5355184876617092,-0.6815812839361661,-0.5412647982084112,-0.005554423079691076,0.12232528024304422,1.0
-0.9744520652832316,-0.5265961021245336,-0.4183779793735633,-0.450472810153166,-0.04291274360514841,0.029064892344469,1.0
-0.915806540235984,-0.5318906342665999,-0.5355959804435834,-0.49031730235834686,0.062177396369817534,0.12381177289584677,1.0
-0.9541613952290534,-0.6285561985470285,-0.44521544166576305,-0.39375074576769187,0.12486170465430228,-0.15317435018390305,0.0
-0.9046152197670255,-0.6783872498595516,-0.4848790996819949,-0.41585326602154427,-0.3389644487679958,-0.16103553570151122,1.0
-0.9547041916402682,-0.5483199003115954,-0.46836557421176395,-0.46349719418317736,-0.12994777144956876,0.052638184809295586,1.0
-0.9621919767298666,-0.5427694800007882,-0.42333061960003004,-0.449702849364077,-0.004176661100633347,0.03481836989269635,1.0
-0.9550234907700673,-0.5771791000679494,-0.4859138078786345,-0.4293903847787287,0.32564235050124835,-0.040149952708443064,0.0
-0.9431451724475893,-0.6212149057672043,-0.4732372266700414,-0.39190729275039254,0.15363898754396216,-0.21011972517656513,0.0
-0.990527937582244,-0.5105593433997057,-0.3782235056869317,-0.4334370154655823,0.22533650779022438,-0.02468653520604237,0.0
-0.9334965857531681,-0.5947762239766137,-0.514438748490327,-0.43142724751433975,0.28335858584096,-0.035780455062117945,0.0
-0.9725172805664667,-0.5697435465015106,-0.427084845569463,-0.411172151429122,0.32673912350683304,-0.13140654912820687,0.0
-0.6627915184315405,-0.4947573995832956,-0.6123056350152649,-0.47786978891170534,-0.06515805485050516,0.07595881112842495,1.0
-0.8431649736297784,-0.7637341765854533,-0.580719731518709,-0.38023728679165475,0.1619002216418797,-0.2765130280592821,0.0
-0.9523506650688214,-0.5860065492622052,-0.4887136031330844,-0.4197575071126608,0.35560965576660586,-0.0848151073879812,0.0
-0.9827443724915275,-0.5023275592017045,-0.41507037163643506,-0.4413407473619092,0.31217093628155024,-0.013848913675853275,0.0
-0.9660376831991299,-0.4797218675031498,-0.4162361522988902,-0.4820449433830921,0.024898394459640885,0.08510138577662586,1.0
-0.9756210238320046,-0.5342800038505827,-0.4181152826910603,-0.4286155309590989,0.31120807530995603,-0.04402751587465277,0.0
-0.9422934761337508,-0.6004697245615339,-0.4921786914960948,-0.4386302221095139,-0.10800284725671289,-0.05610860534240024,1.0
-0.9616863356241582,-0.5863456184432463,-0.47211163403819667,-0.4168698931992005,0.28877449588253695,-0.09922289971654331,0.0
-0.6380250125040297,-0.8610134438808942,-0.3576824161792279,-0.33097488557511906,0.1876434154515661,0.1322795882552142,1.0
-0.9712869264180525,-0.5462714581803111,-0.4482977933352824,-0.44201906660938306,0.13660986560488153,0.01951775172347592,0.0
-0.9337210492450323,-0.5971220474244723,-0.5221900140330085,-0.441612309393221,0.3091639111096792,-0.026253317521243554,0.0
-0.8515118018484523,-0.6567461433092074,-0.5633469501766136,-0.46729195881827285,-0.11382066081171432,0.11691661394862571,1.0
-0.9781281638155958,-0.5411079002992483,-0.4048722274595792,-0.4177005411754827,0.31742695540042964,-0.09156556667180812,0.0
-0.9778733377193042,-0.5317531894941068,-0.42001363905976596,-0.4349698008930576,0.30629231472331675,-0.05985538139505169,0.0
-0.8913892591442604,-0.6315865381420112,-0.5610994112005914,-0.43998610409088357,0.3185400953886234,-0.0377850296991837,0.0
-0.9240064484151602,-0.5774630314185198,-0.5354366934152408,-0.44536792489391347,0.3000566503977299,-0.021881208378677786,0.0
-0.7807668799430004,-0.5622696236046831,-0.5752814041962011,-0.47922693085420465,-0.06854965841586994,0.14232142713136287,1.0
-0.8851807958522577,-0.691218185689675,-0.5163563320592454,-0.39614287976683926,0.07152195322404346,-0.2848193439613524,0.0
-0.8071801202470325,-0.6768046728097625,-0.6591217247419051,-0.4563467622540003,0.49130048662973413,-0.002487111885673045,0.0
-0.9508111785230627,-0.5535748659668749,-0.4487696586741685,-0.4467747976446169,-0.1315584118030276,-0.00793042789037397,1.0
-0.9006575147260462,-0.5308469462005115,-0.5045317453679797,-0.4886394010572004,-0.09103449006289122,0.11304479063337612,1.0
-0.9919603951889189,-0.49033360865334336,-0.3834654383192795,-0.45150205694385964,0.10564714524834594,0.0489149904468346,1.0
-0.9950528032859609,-0.4805000814962599,-0.36978963116922653,-0.4469604557574732,0.2926894793276691,0.00672311002699089,0.0
-0.964516555434558,-0.5823196093196754,-0.42620667737750284,-0.4083364618139377,0.19625030610391964,-0.1411134746949886,0.0
-0.9807008525794145,-0.5213996197646124,-0.41118490062216756,-0.441700076123167,0.05838990540773746,-0.009698436276906839,1.0
-0.973355137242917,-0.5386679661960844,-0.4207658390619209,-0.4419127330108208,0.004702441904491511,-0.045239636358907695,0.0
-0.9818160243301527,-0.5277439352937999,-0.4099470749433073,-0.42558134317323604,0.3227983432020085,-0.07433524519794038,0.0
-0.9667425836861676,-0.5824076298137231,-0.42862659469870723,-0.40288903338587945,0.28249849776614805,-0.1350420803365903,0.0
-0.9420221946818024,-0.5748329962020906,-0.5263240001696438,-0.4385189570041203,0.3652376723410822,0.008467899862126682,0.0
-0.6654402549873715,-0.5790638109068954,-0.6783779940502503,-0.5521450346087884,-0.07043701626865834,0.056460192582225496,1.0
-0.9534751008680087,-0.5370515668172513,-0.4134750681599466,-0.46017289356006436,-0.19061180260976374,0.0033187938827934733,1.0
-0.9642129528510782,-0.5495152593699189,-0.4364630164513156,-0.4453031969509933,0.03510464269457081,-0.0005746082338416447,1.0
-0.9729976695492557,-0.5088688216881256,-0.4370944371678979,-0.4616374688175549,0.0601668616565008,0.07703227836446236,1.0
-0.7943345523573788,-0.5229533756468863,-0.6546312445695154,-0.5475060752765335,0.013209153297746162,0.15896917668760835,1.0
-0.961538961284244,-0.544025727280872,-0.48817317569327756,-0.4524705095261786,0.28388629320043157,0.031195800277659946,0.0
0.14793993611099765,-0.21464012635508312,0.49741503851804714,-1.0,0.25069694731102743,-0.32697746132857763,1.0
-0.969310175393083,-0.5646148022113953,-0.45040500193807026,-0.41756346553901463,0.14845612711577286,-0.0635601003393493,1.0
-0.8232610105420051,-0.6223276267994544,-0.5655849581290933,-0.5108132358388117,-0.27462443513175677,0.05698282661700329,1.0
-0.9787344921838748,-0.5189624069379054,-0.4210581607889194,-0.44602646843307914,0.156190944925792,-0.005408040938231832,0.0
-0.9761543773715669,-0.5239931922998131,-0.4078169830518087,-0.45504310737276565,-0.07679085368533234,0.019151917790097707,1.0
-0.925664636060296,-0.6414083806225623,-0.4930950604519406,-0.3711332357298043,0.16017362808414898,-0.23874838743070567,0.0
-0.9193673812395478,-0.5700404816038085,-0.5618066216624024,-0.4637024660300047,0.3555917757850004,0.07552213131465552,0.0
-0.9375300585831783,-0.545120229101483,-0.4772255377754503,-0.4573558971699877,0.039834636244995364,0.09989055389890047,1.0
-0.8100152190818342,-0.6758213976677732,-0.604001119443662,-0.4272258104953614,-0.33833727656105883,-0.13282363706925715,1.0
-0.9697712401138974,-0.5572543588083769,-0.4124428539942729,-0.4314050461956012,-0.06977712159955043,-0.044547426756277236,1.0
-0.9730799318970599,-0.5218284852961546,-0.40888887434173693,-0.4546311479970253,-0.0937024385956037,0.02573505149105686,1.0
-0.9803393712730488,-0.5184939014351497,-0.3899038806021723,-0.4492163515530065,-0.0787325357806278,0.019487482522218873,1.0
-0.9220281158581888,-0.6444524919289168,-0.4785765272237528,-0.41876847026875763,-0.2388205972075536,-0.03929911589607506,1.0
-0.942190329321107,-0.5512926271952515,-0.44480329436895005,-0.46865165888646826,-0.2793260612031404,0.0140648039969559,1.0
-0.9489762566558879,-0.5864419013987244,-0.4475477054222299,-0.43508517064486757,-0.00034207573880767894,-0.0738174502021017,1.0
-0.9883365419631657,-0.48276968183563873,-0.4014521218499266,-0.47076037402997795,0.10191395933478425,0.10887096235882625,1.0
-0.9788529366834889,-0.5057571663923819,-0.41561929362385847,-0.4629616612233541,-0.05038414779077219,0.07793114365872551,1.0
-0.9417762883374846,-0.612974271490766,-0.4946461623496632,-0.4377453774521654,-0.25069544069233735,-0.01243172114225254,1.0
-0.9780627959940189,-0.5358073642993955,-0.43084215397769854,-0.43051960222301683,0.3203044634351804,-0.02427741833304907,0.0
-0.8789879912884032,-0.549532578417068,-0.5893017303563973,-0.4988745293276456,-0.008383034588724844,0.10428628863424406,1.0
-0.9264398859919404,-0.6454715168747858,-0.4567320325045016,-0.4099555371698095,0.04069457739346591,-0.1602400097726217,0.0
-0.8499292882974684,-0.7167355780269359,-0.489070757304136,-0.40140255199031816,0.3502316429211261,-0.09365485217463962,0.0
-0.9496683623713504,-0.5555627535047338,-0.46312833535072556,-0.45871818070612064,-0.17757826516061725,0.007987806084881756,1.0
-0.9094106754707119,-0.6366178967234684,-0.5155055634800815,-0.43142574193989386,-0.05611674524331675,-0.07772753869865387,0.0
-0.979837824484047,-0.5324642270725013,-0.40214091344735103,-0.4255902150629399,0.2985087079254602,-0.08735997121016462,0.0
-0.9050519664987899,-0.47519831114534583,-0.5056566260046662,-0.5124490485014243,0.0017053795371953506,0.1556501519705421,1.0
-0.9880350375628882,-0.4852724290713202,-0.3814098138165307,-0.4595918561677202,0.06998484606196734,0.07482903211327978,1.0
-0.9048498838470872,-0.6790621829797481,-0.49727589758064983,-0.413320711763872,-0.2203683836809645,-0.14121067935378318,1.0
-0.9751351529483234,-0.4855132681983383,-0.40582358117209666,-0.46662557383786296,0.04091223563300694,0.0980547059667055,1.0
-0.9679266054715161,-0.5567859717895127,-0.4420934785378007,-0.4438407308416299,-0.12321049409417936,0.009661716800989865,1.0
-0.9682624786969328,-0.5421090548925682,-0.4526521185401501,-0.4402653450784838,0.28839681739704653,-0.004902258459095743,0.0
-0.9331311222460538,-0.5783870348084045,-0.5069317953366903,-0.4642685863112732,-0.07360597556820139,0.06234068514143162,1.0
-0.9315146313603848,-0.5998338348775264,-0.5064744173541771,-0.4303722691157768,0.38515737273716866,-0.07211457491933324,0.0
-0.9862466113612878,-0.5205679114448659,-0.3942207156725853,-0.43476962040297473,-0.03490731667712324,-0.021987090273765466,1.0
-0.9501521238172127,-0.5573993659596483,-0.5062140282946067,-0.4502706826556354,0.25946578577220536,-0.008687635572756851,0.0
-0.9717200629542966,-0.5423291852015139,-0.4014645520756735,-0.43565712558210845,-0.09745351212531597,-0.037700370324745686,1.0
-0.9280820859685146,-0.5103259453405236,-0.5104176945547808,-0.48977289126002466,0.056569063671133846,0.12037040740681641,1.0
-0.951530437398714,-0.5947714819833214,-0.4596849150120442,-0.43759700657814576,-0.2006154940057603,-0.016281612534031605,1.0
-0.9412452697643762,-0.6076962542275425,-0.44904613734882715,-0.42211209450892995,0.13377091614429243,-0.12457478747660844,0.0
-0.9527847610917674,-0.5480082069543851,-0.465795501613226,-0.4621298364343295,0.06270716461177744,0.01671773395611977,0.0
-0.9613230408496667,-0.5603043559563964,-0.43564441445866653,-0.4498461643346866,-0.24609812420804766,0.01688566922566882,1.0
-0.9501167341866459,-0.615237458306209,-0.465889322103937,-0.4238913808096934,-0.10171807718124068,-0.059950660963553275,1.0
-0.9857628244910438,-0.49591061168444656,-0.4073432979266318,-0.44440344480911836,0.32360953999993786,0.03005597493201608,0.0
-0.9692631541359379,-0.5001352737037852,-0.42666999981926906,-0.4711294230948714,0.04848984167389191,0.07708098143376695,1.0
-0.958517139380709,-0.5384275641731259,-0.45624711142568053,-0.4516051314610498,-0.015737483067474398,0.028196266255853836,1.0
-0.9600396678976566,-0.5352900768469658,-0.43002098500235775,-0.43774711709604947,0.2646996458225514,-0.05553656413781736,0.0
-0.9303316759019299,-0.5256486370269415,-0.5246866964734277,-0.4790537192459706,0.3448205728836555,0.07586650504227105,0.0
-0.9622951024736732,-0.5345125116603673,-0.45870985907374756,-0.4476451879044614,0.3003833944094813,-0.010228796913881406,0.0
-0.9784844903032122,-0.5355350860032517,-0.42332338903699385,-0.42913753555172607,0.25243196619751257,-0.05184285292197707,0.0
-0.9721502781518071,-0.5568830045862867,-0.4389723813418969,-0.41634495074602224,0.3009479868643222,-0.0862320937930817,0.0
-0.8566863798415056,-0.5547600881015843,-0.6153929645222423,-0.4885467965530879,0.02533086118209678,0.17007271732659573,1.0
-0.9602389898088328,-0.5657708763310385,-0.4769020889125142,-0.4294964745521024,0.3728919528936517,-0.03704127450392808,0.0
-0.8308521593944915,-0.6609706360617593,-0.5442500196314672,-0.48388901161353487,-0.12038508901550565,0.05281247316548948,1.0
-0.9340316862725769,-0.5196305285798201,-0.4930684914796498,-0.4777334435989385,0.10109967233683687,0.10281535947627489,1.0
-0.9861580208467919,-0.4935368498558639,-0.38267957138286296,-0.43477520787964374,0.33101203000314794,-0.03175928843582251,0.0
-0.9563041236232073,-0.5442534206061764,-0.4608485471747991,-0.443120803295328,0.22745836033892808,-0.018968856638468198,0.0
-0.9654171755158265,-0.5150995550885105,-0.45473679843115705,-0.449242385537851,0.39308119391382434,-0.004562660491459328,0.0
-0.9310276969938768,-0.6166608971921113,-0.5235975250349971,-0.4214062747429603,0.30390937258094564,-0.07627138718564155,0.0
-0.9771223157077442,-0.516608793221758,-0.4263802626915149,-0.4377274389169984,0.34444582823153025,-0.02982309713294599,0.0
-0.9846447115552925,-0.5056585339087433,-0.41232899726401123,-0.44377567679021623,0.28397853925091476,-0.009878975948161813,0.0
-0.9857012235139784,-0.4858628999502882,-0.39616084439351873,-0.4462608799113632,0.33705408753183286,-0.01698409003636421,0.0
-0.9264995075037968,-0.5727408491404702,-0.4772421454242887,-0.45076274224158097,0.3411847154279023,-0.04886943802318765,0.0
-0.964457200417839,-0.5217628636740623,-0.44429294786815476,-0.46050915144130167,-0.019086304656466935,0.06312399185989713,1.0
-0.9909682638135382,-0.4997380718364454,-0.36884416123266595,-0.4282518036297248,0.30745575047208884,-0.06830688160694115,0.0
-0.9719306222795144,-0.5248792713067774,-0.4222122355969371,-0.45614883550953356,-0.054172319604395974,0.04221187198267631,1.0
-0.9243342899994278,-0.6522298486655408,-0.4815884172229621,-0.39421787153629007,0.09406255037373781,-0.05801813992063482,1.0
-0.9082737143548077,-0.6054545538326113,-0.61508689713347,-0.4673584129644414,0.26069918652159174,0.09350603171367254,0.0
-0.941718601001827,-0.6035369771804683,-0.46305757152911825,-0.4411493721753982,-0.20180157483083921,-0.05398070979345189,1.0
-0.9541352184709863,-0.588312786818478,-0.44640206428855295,-0.4222777868546542,-0.15600397784386993,-0.030527626156615244,1.0
-0.8344410599620685,-0.7000031220232211,-0.4898446943712477,-0.42963714548353993,-0.10300750514947613,0.14322875189743137,1.0
-0.9678317627082659,-0.5647666508135969,-0.4375257544371084,-0.4154691929235021,0.30137662610814964,-0.11468793119779079,0.0
-0.9612362932811408,-0.5529358444660866,-0.45512789815305177,-0.42683002894656885,0.3669142896160373,-0.059668083063910284,0.0
-0.9693285852406717,-0.5553814935019671,-0.41514314038134886,-0.43104709011312164,0.025719797767952426,-0.05409915628391581,1.0
-0.9444621042277457,-0.5754249694750527,-0.4797953299786669,-0.44217728803272716,-0.04686768351629708,0.025033966137490937,1.0
-0.712533696225521,-0.43469173085216617,-0.6076147530672876,-0.5647741855026418,-0.05585074618762492,-0.008603391720952612,1.0
-0.9644822547408775,-0.5229538558124049,-0.4302699020447998,-0.4382589695782106,0.4180330440431587,-0.053187451446370534,0.0
-0.8545975020616976,-0.7070623039234946,-0.4133869282661475,-0.4054862995601704,0.2666927002743353,0.09603563386054277,0.0
-0.7618723697151786,-0.4993190512898676,-0.712740479675344,-0.5583796886586117,0.39429305634992934,0.08586299429372773,0.0
-0.932313577358097,-0.6460455176419578,-0.4629503111758756,-0.4205652173447429,-0.41275861390081603,-0.0710652573013454,1.0
-0.3397330493549816,-0.535025382505929,0.08699104841054817,-0.6312292052045931,-0.05097607491997769,0.06750961208186006,1.0
-0.9384365808182952,-0.5886356181554895,-0.46834465464503183,-0.4336139106826212,0.03508230038242989,-0.022144021944934537,1.0
-0.8316562329472267,-0.699162886693854,-0.5499167504517533,-0.4002571806905339,0.19626302869710135,-0.11776780299872545,0.0
-0.875640977078379,-0.6173924109918262,-0.6042228581749258,-0.4720445863657575,-0.08326680909818848,0.04486739568822805,1.0
-0.9893822565456829,-0.5062920749552903,-0.3700088910428866,-0.4420219086742865,0.012611492023165277,0.011238103532365692,1.0
-0.9467651293680511,-0.6067772636472714,-0.43982065670528153,-0.4119490099666094,0.18344015674644798,-0.16086638787144697,0.0
-0.9898537286279296,-0.49507559206838925,-0.3791869132023508,-0.432270420562696,0.34343924858424457,-0.04109146443488246,0.0
-0.9505629710554455,-0.6009598366966388,-0.4764285556584273,-0.4248564593168494,-0.0965662352888608,-0.06899856093448674,1.0
-0.9199089600373055,-0.6994994642324388,-0.4574400565655132,-0.38919497883673587,-0.025009591713175433,-0.139649929193061,0.0
-0.9342404654254727,-0.6121450519169854,-0.44490938010815784,-0.43840902174081803,-0.36790715896062326,-0.07772112525506136,1.0
-0.8637560042872999,-0.721484182428566,-0.41303342033270096,-0.3886831116149272,0.18834848355672418,0.03744922545912912,0.0
-0.9507362743025051,-0.5689253660388665,-0.4281347767725636,-0.44601181575744386,-0.25018938865548046,-0.028088101367857315,1.0
-0.9380118385852996,-0.5957429904071565,-0.4526085326135651,-0.4432481597783229,-0.3290907147286013,-0.06794053846524577,1.0
-0.9682276886419902,-0.5391319452837886,-0.411821598041847,-0.4445788745358521,0.008736170891438133,0.015634218375432572,1.0
-0.9432788059763464,-0.566916952984812,-0.49685006756226474,-0.45727247577385116,-0.026729495737532638,0.0391686999355278,1.0
-0.8204071301751424,-0.5798065130425366,-0.5372081606931843,-0.45182871427828514,-0.2518033450669688,-0.03572770053289402,1.0
-0.9673762198400846,-0.5816771420636782,-0.4297262495788431,-0.42256856765492895,-0.10747004437648097,-0.037525366288821596,1.0
-0.966720045303413,-0.5382045773312607,-0.446643504573829,-0.4341525125893184,0.36460855960168526,-0.056522079514050944,0.0
-0.781043513389084,-0.6438488758213986,-0.5920931573461109,-0.4769174358896797,-0.17132664382167617,-0.064298589716408,1.0
-0.6712612694202515,-0.8038201462973837,-0.5563962950440904,-0.4232141676205329,0.35695106048191866,0.0593898822875848,0.0
-0.9358873997127771,-0.6183164252660082,-0.4799856536096634,-0.4335912976564683,-0.28094182527394423,-0.03055235478550661,1.0
-0.8447333649846237,-0.5190590153144528,-0.5686343816558337,-0.5070536177092823,-0.08480950370970622,0.10307054199132872,1.0
-0.9636237134954397,-0.5685188221762641,-0.4200569436859497,-0.42377883743169975,-0.1325766290557817,-0.0351533231221089,1.0
-0.9647464020610662,-0.5662707744802485,-0.4125048685390654,-0.4304159395436243,-0.22515568932478586,-0.04672283307493794,1.0
-0.9399134169377477,-0.5848112738633806,-0.5091769287644956,-0.45359251165615777,-0.05919741107102028,0.036176699013157884,1.0
-0.9634449673055786,-0.5122312518276654,-0.44791885707837664,-0.46595704692219586,0.05552993271078786,0.0808401011246827,1.0
-0.9819466346656498,-0.5160086250419982,-0.3992732676624541,-0.4447763519780785,-0.017540317304605646,0.024404036400301494,1.0
-0.9517457034772198,-0.5541734855356646,-0.42037197100139173,-0.449741367433563,-0.15330884293055108,-0.003308298271786562,1.0
-0.9754957273960834,-0.5245357452469301,-0.4287131035626146,-0.45705239036815326,-0.08381928378727826,0.05431630001232503,1.0
-0.9820530955047155,-0.5291019152853271,-0.4212242475759769,-0.4371859578438437,0.2683656375617959,-0.017896853519473524,0.0
-0.9571070762828515,-0.551427822999409,-0.4543597478169915,-0.4419312751534461,0.31084292199663344,-0.03838076079785158,0.0
-0.9422842376634643,-0.6033736410266668,-0.5208326510041942,-0.4274666314028156,0.29004224992283156,-0.041895483043241484,0.0
-0.9730965865801628,-0.5190572085258405,-0.4309901626152441,-0.43750784554501776,0.3567338711391707,-0.03280619374178065,0.0
-0.9799088628079452,-0.5344881860314014,-0.43065675794790303,-0.4331246131451022,0.3064877872341643,-0.024183648113523255,0.0
-0.9475495564211173,-0.6131435507913525,-0.4661942485071233,-0.4225668000086874,-0.2791563725768844,-0.033942637567295764,1.0
-0.9809650708291829,-0.5234424297231605,-0.3984566715755682,-0.44046540817783714,-0.034277942191599936,0.0014345821336143837,1.0
-0.9539287840938397,-0.5333984111952604,-0.46884377336705074,-0.4611936722276935,-0.001561529825930219,0.057453053304782876,1.0
-0.5577198225024589,-0.47401255839815865,-0.7198127915299798,-0.5872797785483822,-0.058081353023036436,-0.1065123647081716,1.0
-0.9419107318319832,-0.6340465831185332,-0.46895453811541843,-0.4178981678271899,-0.3158058047108649,-0.06410565833900567,1.0
-0.9394963744970318,-0.58109101129013,-0.5054579008518141,-0.43593552250062306,0.2616816466180478,-0.014429658250290765,0.0
-0.9869258899581291,-0.4901115237961279,-0.4043119426530686,-0.4552050139331341,0.24462592514439754,0.026889422256798044,0.0
-0.8269133255036741,-0.6865657442145996,-0.5944123754060323,-0.39282650646037015,0.04930636304045711,-0.036722597223746205,1.0
-0.9307171798609984,-0.6217906054162571,-0.49477741698617844,-0.4181588828971173,0.16920592970125178,-0.11111430197562837,0.0
-0.925695437713035,-0.561477201674566,-0.4927114517701321,-0.4460632433803333,0.37012631145703706,0.006571063293410855,0.0
-0.9428899128881012,-0.5747219612936917,-0.5360747234330497,-0.45266835714874426,0.3886380921843972,0.016734127706701594,0.0
-0.8928458014507239,-0.5124994534625607,-0.5015325549325872,-0.49674477109155907,-0.09145197812668854,0.12827341636297393,1.0
-0.9185664670092402,-0.5936007756281739,-0.5513326271129184,-0.4429500445209688,0.40120173549727356,-0.002798429907220684,0.0
-0.9813403017791759,-0.48492924272788784,-0.41688155632751506,-0.4660648487349266,0.08346760054727997,0.09636069031412334,1.0
-0.9455915478763869,-0.5265083710646365,-0.4757813960474336,-0.4580137983934567,0.33047479281032055,0.032923058909631736,0.0
-0.7359557336026211,-0.7805025098859284,-0.4150551080878127,-0.4131358608494754,0.216169452221904,0.0023935502396091766,0.0
-0.9805298788006311,-0.5083111065196123,-0.4097413752210393,-0.4550410098090349,0.018003749677521524,0.05228537918154321,1.0
-0.9585342178257831,-0.508841425095888,-0.4739357472439522,-0.4648156077278919,0.15269120676806824,0.04205907310579078,1.0
-0.9636329095914866,-0.530126688506238,-0.43433790547994244,-0.4428102314266731,0.2835046957214212,-0.016625596427803604,0.0
-0.8217200229643716,-0.6841732874024959,-0.550856044268969,-0.48023607030775445,-0.33177416096389173,-0.11860168889875117,1.0
-0.9658945234163241,-0.5466045762301961,-0.4658474229703001,-0.4425452840486163,0.2994708048700789,-0.03026794585207628,0.0
-0.9872514830096523,-0.4741982944639161,-0.3975678273114544,-0.4724690805206253,0.05867142527451859,0.12199655892448281,1.0
-0.9577215289025484,-0.5898456376596395,-0.4146435469505147,-0.4242969659196416,-0.12034015722432037,-0.0922849524437506,1.0
-0.9756660212791153,-0.5463599203171987,-0.4168019150080593,-0.42456740001723325,0.2014533908646634,-0.0927986139580414,0.0
-0.9563699486389895,-0.5536235687959734,-0.4239455380332503,-0.4391908617016998,-0.031941060534973226,0.009116216602545418,1.0
-0.915573628756747,-0.5937297721425983,-0.539546750800691,-0.46584469062163286,-0.13632492952749187,0.08780096107119226,1.0
-0.8622155756159292,-0.6100879092261867,-0.601570316679893,-0.47421818991135395,-0.0399779118345307,0.1279743635519351,1.0
-0.9800547559243817,-0.5271995786865749,-0.40463051759241464,-0.43466530082245275,0.07805879831918183,-0.006096297300803526,1.0
-0.9000095411538191,-0.5847176290738652,-0.5661141709437988,-0.48541117247954585,-0.03408138337680758,0.10822852570894165,1.0
-0.9476780288346507,-0.505992758626876,-0.48427636488773634,-0.469386693752476,0.27027698494025476,0.06163483260923071,0.0
-0.9335669581415637,-0.5414230227637279,-0.48419744405597,-0.45357342612708335,-0.012906346571534305,0.0577323876224561,1.0
-0.8718326863934555,-0.6143749600824703,-0.6218109302596333,-0.468090819319578,0.3246287857413457,0.016696299654019774,0.0
-0.980574660532247,-0.5172884663160826,-0.39857151599089524,-0.4404720469985047,-0.013493331791154528,0.009845239494931584,1.0
-0.9748107224796249,-0.5058637100757299,-0.4126156802756599,-0.46320238428707444,0.0060897333374648616,0.07224259446791122,1.0
-0.8347746576022138,-0.7032463131207869,-0.4859678069412235,-0.4503876136912571,-0.3087135346990834,-0.15303033537369143,1.0
-0.9366554669849941,-0.6291440590056003,-0.4674869974719192,-0.4302830806273556,-0.3584412954781333,-0.035938462972432514,1.0
1.0,1.0000000000000002,-0.6763173509927707,1.0000000000000002,-1.0,0.025650228622733508,1.0
-0.7358041586126307,-0.6345810671489623,-0.8034941129901255,-0.5083049806376696,0.1977009646872938,0.12079850934855639,0.0
-0.8950092011435894,-0.6799132509846574,-0.5293453954126686,-0.3773357864019095,0.2526404227827558,-0.18305212194756157,0.0
-0.7996136051645406,-0.7187224696499213,-0.644223995142222,-0.4177061797651171,0.3102441794222114,-0.17049033249678922,0.0
-0.967777410470823,-0.5344249182122115,-0.45291074144191756,-0.4408991412650581,0.35920898675708696,-0.016558314191629345,0.0
-0.9321748880516326,-0.5652237796088979,-0.5051329254512265,-0.4565676503721137,0.14369601076662197,0.027494983136326638,0.0
-0.6145673352809435,-0.42143133499701724,-0.7472340348502885,-0.5786352131868068,-0.10850942807897418,0.031365463968686697,1.0
-0.8929952259448727,-0.543889474999055,-0.5307242198617169,-0.4840441931317055,-0.08076682436334601,0.10459033433660082,1.0
-0.9141506389982544,-0.5721029968962791,-0.4943214051288496,-0.4773789638962932,-0.17889100995230572,0.046790160079840847,1.0
-0.9545883040405178,-0.5711942310442844,-0.4323391977495592,-0.4324164257150305,-0.03075254430118443,0.004258824121146168,1.0
-0.979258180121728,-0.5399515773968636,-0.39458984359643345,-0.42581499389808203,0.09866944862956081,-0.09503724288762413,0.0
-0.9871572950176406,-0.5135784454516723,-0.39833951352668323,-0.431335743632816,0.3248451679681492,-0.03431740562771024,0.0
-0.944845187362464,-0.5613711730636958,-0.4444725222007109,-0.4470589912840092,-0.1275903314472017,-0.005129645009953412,1.0
-0.9686403775379461,-0.5734602046363283,-0.4252307390522923,-0.4134103490426013,0.13786462732237936,-0.10966647678194662,0.0
-0.949939935478754,-0.5992681564791739,-0.49734040117216016,-0.4200399678111325,0.2465607363005932,-0.05651865273940203,0.0
-0.9272332949639124,-0.6370681102094853,-0.5230260114244435,-0.44057120675425676,-0.256836621927302,-0.002546415071996938,1.0
-0.9847282831592811,-0.5044250234689839,-0.4165936615430451,-0.45185690835981035,0.03284531838248492,0.05668793528141806,1.0
-0.9782433946852039,-0.5016118809047961,-0.4208900679636047,-0.4638420584697874,0.010344489697532155,0.07662437954915276,1.0
-0.9776297058043129,-0.5461018882168521,-0.41016157433136236,-0.4192415441494767,0.30657340303125724,-0.1048285645387341,0.0
-0.9530047822708292,-0.5365791420048478,-0.432960818056235,-0.45443094641852155,-0.051952000399648535,0.023101551929143257,1.0
-0.9700569320483426,-0.5377143458358242,-0.42998764334648465,-0.44216318785595016,-0.0017911084586373638,0.03017777853855346,1.0
-0.9808809958482297,-0.5338165189120685,-0.4347363865878999,-0.43162749110233284,0.3647467701546841,-0.05105623440737815,0.0
-0.9689869519684498,-0.5457975927169171,-0.4007476220346805,-0.4318633305352546,-0.12045513753670739,-0.04216195401918274,1.0
-0.922959882291739,-0.638176533096733,-0.5276583750696451,-0.43240846696606117,-0.043071690937025675,-0.03811612519666388,1.0
-0.8875422914246404,-0.559690474039407,-0.5851865558803131,-0.5021279160346971,-0.054656139455581426,0.11241627682482395,1.0
-0.9898187950964658,-0.5047133761185255,-0.36454726741206533,-0.43849985104233474,-0.052105637146718814,0.006381441072742206,1.0
-0.8643892530336728,-0.6372577141224294,-0.6060668299090821,-0.48661323391294736,-0.14571855433973732,0.05477874366271935,1.0
-0.9684352507378924,-0.553352451372141,-0.42672148423547956,-0.4340160636101801,0.050970966602967224,-0.05111587682195139,0.0
-0.9713080563086346,-0.5442719008847083,-0.4327898342573804,-0.4391444425435574,-0.035671424779970345,0.02518958754928058,1.0
-0.9025162807608547,-0.5464187486060432,-0.5530901516054316,-0.4834351978202952,0.32778332370820545,0.06858280043646194,0.0
-0.9789367639915914,-0.5244910961186958,-0.427106722432479,-0.4429563595499602,0.3795222610401369,-0.0036445215166008224,0.0
-0.9713064252001129,-0.5451408685949803,-0.4125792111711671,-0.4455451322873214,-0.05101008040225441,-0.004907213642546914,1.0
-0.9615930703517437,-0.55300916584509,-0.4599879136517351,-0.44459612878612603,0.13764379946435287,0.027161072894264508,1.0
-0.7694226330213352,-0.6722868934509592,-0.6737542216173138,-0.4903527629574572,-0.18934010159299725,0.029043159718408644,1.0
-0.9860283469499186,-0.5223213252917076,-0.4094638855446968,-0.42615861104486086,0.2826516373037904,-0.04537638345071535,0.0
-0.9868396143772091,-0.5007108669457461,-0.39243649903337463,-0.4520250510176956,0.016226589382313653,0.05050860395924643,1.0
-0.9420518258122355,-0.6171038760975854,-0.4909971677801475,-0.43792538352341726,-0.061925715301237916,-0.034417487890616216,1.0
-0.8590329173979099,-0.5162626038742666,-0.596921420842981,-0.5122047325851034,0.30694138398171017,0.11904299078969197,0.0
-0.9768126495838589,-0.538436982387718,-0.4287191207194365,-0.44180830662050796,-0.011400279269537114,0.013744909197075859,1.0
-0.8052408349054668,-0.652417846023618,-0.6561648377236367,-0.4360959399873988,0.12951883290111318,-0.034560475412701276,1.0
-0.9584326563385341,-0.5934110967003663,-0.4602058014786725,-0.4205951317816254,0.06800041508102198,-0.07223704524237726,0.0
-0.853589791183018,-0.6196655529966235,-0.6510787981949117,-0.5001038154246976,0.03041471507141484,0.06617455946738238,1.0
-0.9253317163709158,-0.5277416224626794,-0.508578343220705,-0.46295945671342026,0.45766190231286225,0.025381781499149506,0.0
-0.9817896852042006,-0.5238016716398226,-0.4261672371517027,-0.43507322884951605,0.27685359435004714,-0.04211504835872745,0.0
-0.963757112640075,-0.5837749069577225,-0.44530571263683233,-0.4143065693345405,0.03036546598244834,-0.059742828158142317,1.0
-0.9864009784306167,-0.49946679370268426,-0.4202221326280934,-0.45001141196202127,0.2977245998138741,0.015503810427783107,0.0
-0.9626064390111209,-0.5457350305285178,-0.42601564061171626,-0.44097196845437714,-0.10033480320582722,0.00030993045427509707,1.0
-0.8413572105208172,-0.7150383799425766,-0.46297558570727915,-0.4196336174603807,0.06064496920944075,0.13415950966269063,1.0
-0.9719174698747262,-0.5378640698272079,-0.41810083634162337,-0.4497915917698932,-0.0796679070370144,0.006860152138995244,1.0
-0.96018393049434,-0.5745751406984797,-0.4697564013853206,-0.4263353915108543,0.31399971558856277,-0.07983317060844998,0.0
-0.9935309552264944,-0.4707790598339237,-0.3609095394459814,-0.4547798122093202,0.028082296460240436,0.061115451824714465,1.0
-0.9471185479603595,-0.595682856906807,-0.4800741908407492,-0.4049107630428801,0.1962639458813706,-0.14067336037019879,0.0
-0.9744268206717535,-0.5326700833602611,-0.4330276753847131,-0.43772665766843516,0.22680489132613846,-0.02127628769636569,0.0
-0.9412937181396881,-0.5721096267552307,-0.49918283029381866,-0.4486384517582087,0.10118195839765945,0.008326438222998757,1.0
-0.5124853190064922,-0.8013297462957216,-0.056665281252258615,-0.340689902689439,0.2941675897351562,0.4520838971553869,1.0
-0.9644434130513226,-0.5345107267809914,-0.46844725727848435,-0.4579152190707896,0.031073306017648433,0.06296313800084846,1.0
-0.9649791905749805,-0.5548238890873529,-0.40876369289638237,-0.43835874039425654,-0.24422995187662982,-0.03329041559042283,1.0
-0.9484745171535302,-0.5315700463039238,-0.45589330960015545,-0.4535069633543183,-0.08410186487091856,0.015360369018789607,1.0
-0.8225700700905288,-0.5819188439697205,-0.5817093158107544,-0.5158990974933,-0.12433404144268007,0.016438238678809974,1.0
-0.9062107041230253,-0.5697112250115509,-0.5523986482406645,-0.48174876476025263,-0.016571257362025568,0.09903884751479285,1.0
-0.8968264040928601,-0.6685839082800044,-0.42174352744859145,-0.3976633494302962,0.2502721776330895,-0.035411879464960376,0.0
-0.9509555775886732,-0.5276435527352266,-0.4775807265096339,-0.4592955138965893,0.3684152047406395,0.006604925000377276,0.0
-0.9739496391879723,-0.5322653505605693,-0.4474090753951733,-0.4435715569195561,0.29020489349744694,-0.02282595755774795,0.0
-0.820782710899061,-0.5867926519031605,-0.7311197527206637,-0.5379093427665002,-0.10908997174930002,0.13943325151761254,1.0
-0.9242743209064825,-0.584020108913226,-0.48144020161321016,-0.45100832600055024,-0.2593218783921915,-0.025026459653595425,1.0
-0.9524100829086944,-0.5779351691735172,-0.4601756763188245,-0.4435172685579004,-0.19151864489229975,0.020900373002346456,1.0
-0.9242223864693633,-0.5296206626733544,-0.48666162976146987,-0.451691068620964,-0.007550277904842445,0.07307046530806062,1.0
-0.9716637277062457,-0.5376721185078399,-0.44142319903660054,-0.44059453914517627,0.21687969853292072,-0.030746925401645017,0.0
-0.9557201089710254,-0.553173468025529,-0.46361559556746856,-0.4503932896248504,0.003798400603478372,0.0409371179021975,1.0
-0.9433521205827862,-0.5562935332262435,-0.48454096747215103,-0.4482749950858878,0.30670147872437337,-0.008042146767119165,0.0
-0.956564004258061,-0.5429345292818338,-0.47301275635683054,-0.43624876073458785,0.4285681558300993,-0.02345194991305553,0.0
-0.9814524010517235,-0.5154513942210435,-0.4064634581585254,-0.4397910910648944,0.276938407049484,-0.038834538084627224,0.0
-0.9111970794599592,-0.4995498867210253,-0.4870869090358386,-0.490999523883312,-0.0911429419097623,0.08072838886591382,1.0
-0.9780366922724357,-0.5372374225025043,-0.4072434426659872,-0.43614275716739026,-0.019785889277007918,0.01052455548596151,1.0
-0.8976849729162644,-0.6349101967813062,-0.5350336887498905,-0.4586337935006963,-0.2816149260435606,-0.06263251381794169,1.0
-0.8903438123360734,-0.5267021735760257,-0.5473432720001706,-0.5063638641468632,-0.0156720336320606,0.14055987535573833,1.0
-0.9608504507673421,-0.5787171854693635,-0.4651219458789126,-0.4270421063588271,-0.0697238011294238,-0.017133543061647973,1.0
0.31940704644914586,-0.05353921760913871,0.3779552003982438,-0.7821495956747002,-0.09839646530388949,-0.14849570242435356,1.0
-0.9342189494694109,-0.6125466602932136,-0.5120365681895515,-0.42876273981742785,0.30395675112057485,-0.046679122519280386,0.0
-0.8782814834055978,-0.528507741607443,-0.5828634560306742,-0.4870972193268903,0.4731008112222904,0.06230655813275418,0.0
-0.977280967316365,-0.5501090895044877,-0.37059053398144726,-0.42858503323440666,-0.15069582301201956,-0.06044528507172404,1.0
-0.9525937522757325,-0.5372920808627836,-0.43116251573398423,-0.4552142369488984,-0.2138265612550067,0.0006543063844452403,1.0
-0.9665862064865655,-0.510708375844055,-0.45043416557868005,-0.4626616941347867,0.19676057817204412,0.09626740656966051,1.0
-0.9450904013655527,-0.5360657330898961,-0.5042192398838775,-0.47025763689127853,0.09482154388087384,0.10161986805541316,1.0
-0.9718318056442298,-0.5552028871896523,-0.40427843516171835,-0.4265734971413002,-0.1356056883467749,-0.02738945018628145,1.0
-0.9082062366090464,-0.5349422380639646,-0.5609814560486324,-0.47755727319024355,0.29455407916798515,0.10496008892126471,0.0
-0.8873837239334466,-0.552884019928017,-0.5766689640442189,-0.48514489544242534,0.09936063953691386,0.11034125579201107,1.0
-0.931179744329998,-0.6384610702017259,-0.4875638939449522,-0.4078674843231126,0.1541745576989723,-0.11943594689283885,0.0
-0.9003244655368534,-0.5180207685599075,-0.566904217531181,-0.5055704560057093,0.14582697142384676,0.16886590603350868,1.0
-0.5329356567572485,-0.9339737472310532,0.03368704910091369,-0.11394886925342612,0.2731259897360471,0.9999999999999998,1.0
-0.9514892049106486,-0.5978566355137487,-0.4452974985260597,-0.41362627345419356,0.09820660948379528,-0.15701002120966534,0.0
-0.9606631361058617,-0.5146255891321531,-0.4502771734890697,-0.47405878350916664,0.049286765321743746,0.08647952742368764,1.0
-0.8270507510749555,-0.7487252125692359,-0.41402947058891604,-0.38726540842711976,-0.21273783039627608,0.10319455616418245,1.0
-0.9535651883069096,-0.5399050326874371,-0.5005724900307669,-0.46061645043698213,0.2876099544919636,0.05443103185270858,0.0
-0.9650207459943274,-0.5497525906218409,-0.43866307371390145,-0.45108380848061497,-0.10626855890653053,0.01191036340855779,1.0
-0.9644182964634882,-0.5543191580158929,-0.4248523111635145,-0.44651789779566936,-0.12348678139511834,0.011159321839223165,1.0
-0.9799541407238068,-0.5348232943392487,-0.4006837117070651,-0.43636645215553593,-0.005836670820625944,-0.0320302878015839,1.0
-0.9373081057926914,-0.623983565998823,-0.46206465505430094,-0.43047295412839853,-0.3514249225354415,-0.05142240259467006,1.0
-0.895494983862324,-0.6168572476603066,-0.556094109942255,-0.46354108695347546,-0.1649760394408904,0.0553316658133855,1.0
-0.9516079744356262,-0.5681002448566265,-0.4929157663985569,-0.4332995370643207,0.3977787940159146,-0.005897376031473479,0.0
-0.8517422546462886,-0.6106846860375943,-0.5715039716936845,-0.47405384334453676,-0.13891202489815954,0.08118291256388989,1.0
-0.8144130841041044,-0.7336156744930005,-0.4895651285852529,-0.41136978842112226,-0.0885967322168934,0.07887552913271131,1.0
-0.9409651852014149,-0.6395786335971275,-0.457535802316393,-0.42427490918220645,-0.39414337005069777,-0.057509754046912324,1.0
-0.9359549796288121,-0.5312330712413171,-0.4755430539478534,-0.46537699876080507,0.0163677757687503,0.11156296443365302,1.0
-0.7172782737400333,-0.643530215681468,-0.6599509857343737,-0.4851162083425734,-0.030627914013138302,-0.021348346100757403,1.0
-0.9474693904491722,-0.5977672353062381,-0.47988611481561483,-0.4088294403897553,0.3583975334668481,-0.09386157792573738,0.0
-0.9399991783958198,-0.5390911482066844,-0.4398260007305966,-0.46345823761286314,-0.23265915563990036,-0.0028011581457726966,1.0
-0.879756296777066,-0.6711335978407683,-0.5450824893323686,-0.3846364140766946,0.16653089405127774,-0.2139294357968032,0.0
-0.9328627270436949,-0.5634027928924165,-0.5178659529354175,-0.4726694054078109,0.014541627357942358,0.07045637110452788,1.0
-0.9722649953682669,-0.5422986150759481,-0.42852001055375766,-0.4344934544472517,0.1881222878357417,-0.0362308512836716,0.0
-0.9909486234321718,-0.4796307931143612,-0.3895861360384418,-0.4565075595037628,0.2761165435030447,0.03649879064900615,0.0
-0.9243762846028439,-0.6120590258675032,-0.5320943280801333,-0.4270136686555852,0.29787568463944175,-0.010713786519446,0.0
-0.7669193983670114,-0.6232500134025792,-0.7174441951802109,-0.5443605957930493,-0.023499481242369835,0.0856665543365661,1.0
-0.93728039107711,-0.6012057523365271,-0.48177601367540107,-0.44233615430198214,-0.16100228304398267,0.017793084684475675,1.0
-0.9491978211772352,-0.603191625222069,-0.46098565279834874,-0.4252549102805887,-0.27340138504740075,-0.06893715496238413,1.0
-0.9811341350030878,-0.5113591392362599,-0.4006579974638286,-0.45033296868079065,0.007864843553461301,0.027265907866250248,1.0
-0.5295354110141964,-0.5452648951865305,-0.8093045509312378,-0.5187636144550923,0.04038243848558362,-0.07939391571984568,1.0
-0.9600402979501499,-0.5340407304653038,-0.43993021434110047,-0.46296139600060127,-0.1351026415216575,0.05359804614897587,1.0
-0.9799323533897857,-0.5535449700965482,-0.3757289267253491,-0.41206587733732214,0.06290235199253826,-0.1463278615278258,0.0
-0.9300895256357429,-0.6259008227036362,-0.5172799469667737,-0.39474810726957277,0.2898364924024396,-0.17671985548590788,0.0
-0.8521044364379781,-0.5813386630678126,-0.6702141060353475,-0.517469808040592,-0.06140478237356675,0.14529452699321774,1.0
-0.9840642368145167,-0.5033611006606384,-0.39925166519858,-0.4533595411769996,0.058312509545126893,0.043952355237328794,1.0
-0.9808767281698595,-0.4749700657780321,-0.39838916823966886,-0.4696191077012436,0.030487372535014712,0.09487925413950649,1.0
-0.8606308527426036,-0.7099553751735846,-0.41691512979983153,-0.4501581196590001,-0.3610901815170737,-0.19945116399908872,1.0
-0.9874714523833643,-0.5185837456836175,-0.38762909306845067,-0.4308245808015367,0.06284184069087984,-0.02723194942546895,1.0
-0.9417811213905721,-0.5912220642767211,-0.4610921293224172,-0.43984780993422345,-0.25595774990233205,-0.03577908872500556,1.0
-0.9479217863071856,-0.595050234764912,-0.5071754084575136,-0.42531867661548645,0.373494732819363,-0.06139453771631677,0.0
-0.9894756089719031,-0.48349201246729334,-0.4054227804289227,-0.45576036042408397,0.3881080817307388,0.039807091584763796,0.0
-0.9398742097673622,-0.5981299911415954,-0.4930276420864307,-0.4450114424287559,-0.13441425207338464,0.03495054783668442,1.0
-0.9282101336599651,-0.5454438611507905,-0.49536106200329166,-0.4790698250887488,-0.15218191188296581,0.0455613019402731,1.0
-0.9649930053531409,-0.5687343464457025,-0.43122468492457405,-0.4389085130484955,-0.12826481074405902,-0.00441535588911479,1.0
-0.986762105855145,-0.4861184445200483,-0.40038433659226974,-0.4627773984861943,0.1366566217303763,0.08650655429776459,1.0
-0.9486604378144532,-0.584659136800727,-0.5069203923165209,-0.4475659557448364,0.011727208265658734,0.05302370951107495,1.0
-0.9747113383738216,-0.5596619059007503,-0.44249208247616695,-0.41829881340819336,0.15287389100331789,-0.085360781252538,0.0
-0.9598971169195858,-0.5458250132779806,-0.47405472019006656,-0.4582512133701888,-0.009974740853939276,0.09478849092657585,1.0
-0.9876996717528966,-0.48699340588230094,-0.39928165149591577,-0.4458906974956579,0.37865957914391296,0.016578050239676262,0.0
-0.4452464214794153,-0.5579792172681282,0.09640993728113845,-0.6190335384080337,-0.23308881852670366,-0.16892658164202318,1.0
-0.9556739791205706,-0.5556920827984436,-0.49144858257912305,-0.4450564587125563,0.31403275410087306,0.022816602685051382,0.0
-0.9865304298669657,-0.5042809594974245,-0.4007594722303102,-0.44953845259622455,0.16524981640014674,0.002852559104753615,0.0
-0.9345137127098821,-0.5961978940950845,-0.510807179236661,-0.4446914210484929,0.23157530695168158,-0.0264120771100911,0.0
-0.9595325314060191,-0.5601015265095526,-0.44563906691461913,-0.4392865105619184,0.1976946746174411,-0.045073308007708895,0.0
-0.9817785703186854,-0.5163209932822865,-0.3869968118074031,-0.43563057627673335,-0.0067821679696700166,0.0015977725636127952,1.0
-0.9681662743418139,-0.5551120702676522,-0.4512429021818489,-0.44026852455895166,0.02025654304888165,-0.003128912996543427,1.0
-0.9759308579864697,-0.5571608725552063,-0.4102464839472187,-0.41475195431860334,0.18722489945272383,-0.10393046247123452,0.0
-0.5579411344538391,-0.7087329172447974,-0.643107084444297,-0.4614622305969892,0.6538803404545052,0.04077412910261069,0.0
-0.9833499104115622,-0.5392111240493855,-0.4011534787049227,-0.43680021493881444,-0.10722466272615694,-0.014505160147776364,1.0
-0.9499386520735295,-0.6342403889593159,-0.47731192553985285,-0.4045864855658635,0.16555500311151955,-0.13862985879861614,0.0
-0.9532336514725558,-0.5799066597347795,-0.4536989926753983,-0.4284144664478589,0.21250624048259273,-0.11097556433990191,0.0
-0.9892573194317951,-0.4861937709121236,-0.4015771389168549,-0.45268444603298547,0.3011083499906948,0.027153930211452616,0.0
-0.6743786291245137,-0.5071466129685587,-0.5921400465435772,-0.5611040577572777,-0.09902892958059459,0.05616884669779146,1.0
-0.8982875208401042,-0.5334402210027879,-0.5443072108838359,-0.48815659403893413,0.1435408432704589,0.13438475781456452,1.0
-0.972635028679314,-0.5492542626026581,-0.4319503127398708,-0.4373757867021151,-0.023020765286374492,-0.0144646386375439,1.0
-0.9613087366990093,-0.5438519078807156,-0.4535818704127573,-0.45592872337173673,-0.06161924352253276,0.027462681454327755,1.0
-0.9434846534223247,-0.6190430484684787,-0.49444591131022547,-0.4180845290804787,0.23230851268978644,-0.12183809963476058,0.0
-0.9246550533874239,-0.6593244863109523,-0.4643411601563787,-0.41812985175045636,-0.18146136461392187,-0.14696641699329233,0.0
-0.9181712476303164,-0.6324636597885146,-0.5004534967424493,-0.4432964012854908,-0.26948711768137584,-0.029584010259344092,1.0
-0.9760743092093026,-0.5254969513874066,-0.42240461444866234,-0.4549274551381907,-0.06751892620708011,0.03042172920802684,1.0
-0.8473115864678123,-0.6451626405761952,-0.602330105683929,-0.4510010170000665,0.38060385804647556,-0.008179920658142825,0.0
-0.9845738520016745,-0.516606520450646,-0.4139635630845644,-0.4322560679759297,0.30933264197505933,-0.041883676586632425,0.0
-0.976999631441503,-0.46251565596228195,-0.4083459544385024,-0.47852827879486304,0.06810316452327513,0.1330943221628771,1.0
-0.8775294752385203,-0.521906776167208,-0.6533486443260434,-0.52338478681808,0.37861641348878117,0.17126668788889418,0.0
-0.8928622068255657,-0.5936490089102157,-0.6161354964498298,-0.4853374212487252,0.06091735422734356,0.14135925401859223,1.0
-0.983394001758085,-0.4786442249976501,-0.38386422858323116,-0.4596933163265453,0.10275022531942712,0.09064362795429061,1.0
-0.9449493493588267,-0.5774580789759145,-0.45650742407583067,-0.44932781700747965,-0.2531788299153413,0.002275868622558465,1.0
-0.9441475805910121,-0.6031563725349375,-0.5286795521388211,-0.43142936989680236,0.3733200157309814,-0.06358494682746885,0.0
-0.9820461080031377,-0.5023164890393489,-0.42504822880740695,-0.45514903231778464,0.2924702010831036,0.04593313255589274,0.0
-0.8822008949204313,-0.697595997084284,-0.566054463309984,-0.4398904859185433,0.07688559496586775,-0.03075266709899313,0.0
-0.9666914926616044,-0.5635146201991026,-0.4577689557830613,-0.43064963460146677,0.26318889171793136,-0.0461094720243428,0.0
-0.8760147741024448,-0.6068824938784725,-0.5690651541387048,-0.46868999173002734,-0.07365140149659924,0.07786636471193624,1.0
-0.9243476489254375,-0.636173319968827,-0.4957244107610571,-0.42572736133938405,0.11659218020391662,-0.05648467241127123,0.0
-0.9473370218664984,-0.6181338741418262,-0.44109319931896235,-0.4287219345645459,-0.3622168614389652,-0.059997658846981126,1.0
-0.9308240504151143,-0.5755911171378639,-0.503549573627958,-0.4637992800093514,-0.16880934726394148,0.031307113465081096,1.0
-0.8768958710742687,-0.5781075541034044,-0.6215040866290471,-0.48796076648872744,0.08067588108318917,0.1328238063505087,1.0
-0.9826183972277543,-0.5007357681594287,-0.40703384749951543,-0.45558739963695094,0.04964780261387179,0.056149392046160464,1.0
-0.9862632627760395,-0.5391270679901522,-0.401749125589887,-0.4156180926954238,0.2918358126934987,-0.09901026274381601,0.0
-0.9547318277308475,-0.5599620321913027,-0.4642323707355718,-0.45623346353971767,-0.14521169367194914,0.024642129240456893,1.0
-0.9617963261885858,-0.5616028706433713,-0.4545021660668466,-0.4455410965677768,-0.04172898301067582,-0.018530719351529567,1.0
-0.9722391813111044,-0.5783307450300259,-0.41654114824846306,-0.3999020858580433,0.22989664154443556,-0.16576443178733974,0.0
-0.9689779891680246,-0.5163235347620586,-0.4539063884332726,-0.44105528894886986,0.5002721716110108,-0.01050108171653495,0.0
-0.9435938614648217,-0.6097506643033073,-0.46344877699800774,-0.4322433263969465,-0.31302548334335323,-0.02732292962872663,1.0
-0.9766656120817803,-0.5046634907566154,-0.42497121906647894,-0.46195951493714366,0.007400170307964832,0.06140597992924904,1.0
-0.9785729997506734,-0.4980873318874222,-0.4151724562375583,-0.4655090762630754,-0.05659301749508655,0.08599307613074726,1.0
-0.986429006465926,-0.4938695529079557,-0.40359323877117215,-0.4555145449850613,0.15114778174763074,0.07494641649916622,1.0
-0.9681320051251244,-0.506407603005899,-0.438923277087456,-0.4651308311582531,0.022932549949811767,0.08672157799308408,1.0
-0.9789214161931229,-0.5551368060165609,-0.4229983778495492,-0.4133703775964232,0.3337571366020077,-0.0950031852283898,0.0
-0.9469805925426046,-0.5166064302054085,-0.49570530809472096,-0.4680471586524983,0.3499697233944379,0.056741223208318745,0.0
-0.9283935528343852,-0.6127873543032144,-0.47529374606294034,-0.4462954575765629,-0.3096448342322533,0.00544514168829215,1.0
-0.981435811613487,-0.512124684599576,-0.4019094079600556,-0.4429364459238441,0.13812088478500165,0.002955546887067527,1.0
-0.9783708306097106,-0.48670788672233456,-0.43082688385199575,-0.45469467153474363,0.3559601482873375,0.020886361058165197,0.0
-0.9554221718865468,-0.6162038923101907,-0.43146988753498916,-0.4076953003290942,-0.321399117526912,-0.08670824126947355,1.0
-0.8515637584814724,-0.6080735758575961,-0.6234348758002912,-0.4909786251356,0.019443342267911487,0.10970892143196971,1.0
-0.7799965253779015,-0.6563256716199177,-0.6761695236053555,-0.4567879153308284,0.04388616772547834,0.01714540912521022,1.0
-0.97136639753812,-0.5474245064526294,-0.4562375319300243,-0.4273516010028867,0.19713035415161112,-0.017154841487269798,1.0
-0.9868838741627225,-0.4950856166065367,-0.4090651933329226,-0.4468622139622848,0.3090697851404086,-0.0038564679998479966,0.0
-0.669985375038356,-0.5766444264083177,-0.7999461037321166,-0.5206171047375137,0.234219211933363,0.11437996542134121,0.0
-0.976361737903157,-0.510909316926991,-0.4242591303442699,-0.45435815981287425,0.06432586027811027,0.0648028511906024,1.0
-0.9713459483757804,-0.5044311193681421,-0.417470110383321,-0.46951908656900804,-0.08954085481374674,0.06396562585582882,1.0
-0.931403528209451,-0.6399672067846945,-0.4907982849137444,-0.4252362628579508,0.10170621351710356,-0.07683752725165738,0.0
-0.9833593738414872,-0.5402392785368708,-0.4126489747362518,-0.41979508776820684,0.3258635094704466,-0.07562399921572183,0.0
-0.8393698491394708,-0.6018804879035251,-0.47519606416617816,-0.37718352727781257,-0.14522288288690996,-0.16393326877412037,1.0
-0.9040962182516707,-0.6252118082503583,-0.5940651302302752,-0.4569325300399776,-0.06953559472585807,0.06897137353813924,1.0
-0.9660996133687112,-0.5290351787826173,-0.4643655197025676,-0.4447312306286418,0.41092555947875603,0.01981222383435718,0.0
-0.9445876476614551,-0.5613329427671456,-0.45167891896729473,-0.45861785915184883,-0.22862512327524293,0.0042809639913216485,1.0
-0.7249078372323906,-0.6324843210872586,-0.643489423435138,-0.5155326123296868,-0.16115826581561488,0.00923466624340303,1.0
-0.955065498081997,-0.5717203680878588,-0.48067757482005985,-0.4231371631134059,0.4365652470752789,-0.08322315475565872,0.0
-0.9752114897364265,-0.5274381626451915,-0.3907205690551542,-0.4504549364304245,-0.07210312260072374,0.014583617796279643,1.0
-0.8716087821051017,-0.6453178356075109,-0.5827818206438301,-0.459569929785162,0.2636873957912526,0.019420423228835988,0.0
-0.9254437170879263,-0.5151821073444651,-0.5354919982200081,-0.4986747062727212,0.0735249045756371,0.13405846241381847,1.0
-0.957629513640484,-0.554253428207697,-0.4933985046219606,-0.44648283303670006,0.33082488530878335,0.03413271393781976,0.0
-0.9675039288677072,-0.5564833869316578,-0.41327899538701385,-0.4376197080338278,-0.14236771571561893,-0.00606334616748164,1.0
-0.9600597682327313,-0.49141801105339916,-0.45501091308894676,-0.4733765184493815,0.38842461656496186,0.05708067698805264,0.0
-0.9363151549279819,-0.5445405520851927,-0.48994015517347256,-0.45620359596794485,0.04551959817161222,0.08396925792191937,1.0
-0.8887585722645367,-0.5396863531250821,-0.5986217142495506,-0.48696957299645405,0.44331881903596976,0.08626333370248752,0.0
-0.9845193117438162,-0.5173544927135324,-0.4021443257796041,-0.434817163104077,0.18940540253390276,-0.0446523080370875,0.0
-0.9522296700942164,-0.5925225492977431,-0.45361774200119453,-0.4317708152778895,-0.12806482593396867,-0.0020045573569402136,1.0
-0.9582399361697667,-0.5297641495055664,-0.4482329435286999,-0.46034231497068173,-0.04449166936023638,0.03247845847700078,1.0
-0.8051339318312123,-0.6165716752380274,-0.6575510620903616,-0.4585269333065051,0.4192966439827744,-0.09355283561898448,0.0
-0.9376750079011265,-0.6075827593660198,-0.4872780190585341,-0.4365052354166762,-0.1529126230137784,0.016010692529464236,1.0
-0.8350565743656659,-0.6126310771514134,-0.5957083340007822,-0.4696815114147302,-0.002946444650630889,0.13169460140630684,1.0
-0.9584167417130194,-0.5320937932504454,-0.46161488915727567,-0.4697137873491769,0.04286731818605956,0.04572205893798461,1.0
-0.9529712551361986,-0.5477313742510418,-0.44667503065481323,-0.4592154386918596,-0.17380779216675785,0.01032978190620008,1.0
-0.9035227965666552,-0.6442533783840017,-0.5695323059620636,-0.4554286402591916,-0.1104736443450757,0.040430529594527184,1.0
-0.9291944462777132,-0.6174243555251889,-0.510983050160523,-0.4134677718559657,0.3492987555885113,-0.06270743468055343,0.0
-0.9460051900371129,-0.5591900676052108,-0.4714408678778974,-0.4574720784627954,-0.06571191800368184,0.04565426706442482,1.0
-0.975030769886013,-0.5404636965597521,-0.4268859441410108,-0.43235183786425563,0.21551498131783314,-0.04943866721028825,0.0
-0.812972409206484,-0.6421267237146108,-0.6725494480465867,-0.4476917642125258,0.3939639390681596,-0.031790696749651945,0.0
-0.9731371360927066,-0.5321299418109164,-0.411132052775217,-0.45175399313228887,-0.12589196360877172,0.015530627318936844,1.0
-0.9601315246854547,-0.5070451799665109,-0.4267202723287245,-0.4710007842904132,-0.10592772032120801,0.03672539654890521,1.0
-0.9829122332351978,-0.5027916497110231,-0.400238730626365,-0.43731920883499364,0.3402260510767794,-0.0335599346560328,0.0
-0.9833710091917207,-0.5162479133440985,-0.39631559872621536,-0.4406511062073764,0.18223419306877875,-0.029713289082956538,0.0
-0.9060203595938822,-0.6210238441117183,-0.5560433975446091,-0.458313005285997,0.00582501936201936,0.009295446202969529,1.0
-0.8431563274829208,-0.6234903507205927,-0.5637192038846631,-0.4695554143668914,-0.13180723387044974,-0.05141826400119887,1.0
-0.8766731412398727,-0.5500784475062016,-0.5468237349218094,-0.4719543015000174,0.3243480588801255,0.06407308404261931,0.0
-0.9477730829865713,-0.6141189090300334,-0.4536516156246937,-0.4282522644413121,-0.32752960344991966,-0.042033123120623406,1.0
-0.8843498132791066,-0.6835677107475003,-0.5480144299930465,-0.39529280152028723,0.30147932539744804,-0.12375490664360476,0.0
-0.9773204580349798,-0.5097924854930259,-0.41767850349458197,-0.4534137537791454,0.03823466879390357,0.039711083716439444,1.0
-0.5532112042706647,-0.8626870471393011,0.016230608043212413,-0.4489070183057682,0.7957840199377443,-0.05012028554988662,0.0
-0.9877437940870666,-0.4913993575342936,-0.3825432277777989,-0.4529462151929276,0.1014458991567689,0.038077049569192174,1.0
-0.9725547058257801,-0.5295138708627259,-0.41737944690804385,-0.44011975956806654,-0.03285382407779591,-0.0020728436304488823,1.0
-0.6252479966627031,-0.5250216626750178,-0.5549810054223745,-0.5246505552168796,-0.15044857307816778,0.08906278989402175,1.0
-0.814720710133428,-0.6937375506375698,-0.4857531538633219,-0.46602670622436937,-0.2697788560109628,-0.08888558435639554,1.0
-0.9540307001396631,-0.5666894224308839,-0.4537060176615367,-0.4482727124181776,-0.204918251980435,-0.005431015335825186,1.0
-0.9884441119411702,-0.5081414263217428,-0.3799782664324057,-0.4399832563832603,-0.021943917997479037,0.013355056296202214,1.0
-0.9480759344967958,-0.5771867189971933,-0.45330410575462254,-0.44591974108078736,-0.2954907940659291,-0.03532703414825173,1.0
-0.9745000895249976,-0.5651703678726238,-0.4066460342243641,-0.41491859045453977,0.069806464135985,-0.10884610377149177,0.0
-0.9757966678029362,-0.5351232759687632,-0.44014656003534325,-0.43561715618612595,0.27262926311760177,-0.04896639924887409,0.0
-0.9665155809896808,-0.5536509407137935,-0.4482774732401135,-0.44286392284238846,-0.16715792223047055,-0.0010922309614810322,1.0
-0.9545967022263171,-0.6131433564821879,-0.4649187714621369,-0.40303703762281523,0.24143359369790285,-0.15331372236405194,0.0
-0.9887622525124863,-0.5002045685220737,-0.39045540951282764,-0.44559271388326027,0.0983619723488068,0.03755605592579457,1.0
-0.9072403098753993,-0.6034320989539045,-0.5386985542451027,-0.4566555113330003,-0.04242258713621955,0.024030168607019918,1.0
-0.9673973291573094,-0.5738322373888338,-0.45595838327283983,-0.4150236844668227,0.22317078030192866,-0.0770493077077838,0.0
-0.9734188825116443,-0.5164246219789579,-0.4394436537708282,-0.45970004249627355,0.10935545333675493,0.0633669908664484,1.0
-0.9676511415818041,-0.5387826339692552,-0.44179484672007197,-0.4517270124496492,-0.11769525777032688,0.02848830490090733,1.0
-0.9764286284206627,-0.5314140907495376,-0.41302899157467965,-0.43653843454279184,0.16918175590834938,-0.05581445279313612,0.0
-0.983270871075435,-0.4920245461555194,-0.3803323233089053,-0.45610757826533255,0.014018977142984945,0.0425077340622076,1.0
-0.9793725110040226,-0.5242939760211915,-0.382123386688656,-0.4274153505267972,0.19154749771888444,-0.08024162324298054,0.0
-0.9771900255477037,-0.5024676023751579,-0.4148626410575315,-0.45627926022820897,0.025000664447822188,0.04394191587984639,1.0
-0.8797823184117256,-0.6219711677308034,-0.5844728764788194,-0.44100207647700657,0.32255868714916736,-0.0014144362814468067,0.0
-0.9477176104609434,-0.5039974975512014,-0.46634609941074684,-0.46564938414482865,0.3663089270907833,0.011655798071727352,0.0
-0.9636820025580862,-0.539929928361499,-0.45497421942024313,-0.4365091943708467,0.3563564680886968,-0.02580093678559291,0.0
-0.9662151234309682,-0.5624233159606554,-0.44008408803148436,-0.4235403779730934,0.25918291694110984,-0.1051159437193834,0.0
-0.9297248462524118,-0.5501784171891848,-0.5108759014202187,-0.4660970615253331,0.0202700017591273,0.07541293174943259,1.0
-0.8616116040680574,-0.6203186301491889,-0.564399217126869,-0.45824359356537203,-0.12539756542770056,0.027437444653003372,1.0
-0.9687261992029442,-0.5493372050264383,-0.450505588198169,-0.4432523335126854,0.1809826284204793,-0.0032124981734932695,0.0
-0.9845009786155963,-0.5028086756658041,-0.39845114038962604,-0.4400689718740164,0.3443435358191608,-0.04120927830196567,0.0
-0.9767217820340537,-0.5060721052122511,-0.4271263687038347,-0.4459480393906484,0.26218371690272346,0.004265174620029086,0.0
-0.9231949387014566,-0.6456833142940843,-0.5097992987149973,-0.3915301723974516,0.15207752550683434,-0.16616831275811647,0.0
-0.9631742483728889,-0.5526920103176622,-0.4765498950758554,-0.43761830057748374,0.33845612543126047,-0.00030301547216430766,0.0
-0.9312312986997558,-0.634353192259143,-0.5133398588863595,-0.41607492357914017,0.23495495456942622,-0.08118374428731309,0.0
-0.8043944823173841,-0.6701308304311632,-0.6421720464781934,-0.4078577048947241,0.32910238939927083,-0.018102885425229698,0.0
-0.973364938070151,-0.5839942509651931,-0.4213169509123913,-0.40307860361509773,0.17646326941849927,-0.13628005536185872,0.0
-0.8384985351841118,-0.6739639586026935,-0.5623288662658545,-0.448135199914711,-0.1068131959185509,-0.06159190203329817,1.0
-0.9539861533074012,-0.5136864440654385,-0.4720963093180046,-0.46616612200265894,0.0682875454498813,0.07780306786964868,1.0
-0.9533966309349914,-0.5461815974474797,-0.4685347057412078,-0.4549870738195673,0.02512076295527102,0.04453313612959584,1.0
-0.9611604072799047,-0.4989546010630396,-0.4406195280394561,-0.4753446199653038,0.03572215453434395,0.07806608633846336,1.0
-0.9649940165443385,-0.5276844819996885,-0.4416125936541432,-0.47093552341956085,-0.06136851021417872,0.07888422765423522,1.0
-0.9467938025411848,-0.5960334005405199,-0.45918151224580667,-0.4375041959206047,-0.25050911696538297,-0.09203761592725232,1.0
-0.8491909863014582,-0.54762016356457,-0.6258831379700822,-0.49304834632075323,0.47729570520457587,0.09479327111279029,0.0
-0.9890911285884854,-0.49313388754009785,-0.3863548224722705,-0.4509788736347178,0.03193620482588949,0.062276686878869336,1.0
-0.6558027718600117,-0.678179430805399,-0.287740455066795,-0.6242698653552085,-0.325253960040681,-0.09007154036981785,1.0
-0.9572522958340396,-0.5756475235306747,-0.43889132369132905,-0.4413412826424648,-0.25500540229572366,-0.019627359352066144,1.0
-0.9327667116240478,-0.5550720348142052,-0.5346914742465162,-0.45712008617788363,0.447562292518956,0.010278982363134759,0.0
-0.9664734597074623,-0.5580443686932983,-0.4585131953409013,-0.4271815896878276,0.27828947962970274,-0.028060759961700595,0.0
-0.958735860064726,-0.5715596772735253,-0.473318637414501,-0.42374232684164936,0.2793386508755885,-0.06053317867719021,0.0
-0.9863235577817069,-0.5089387831174982,-0.4019207186117851,-0.4426717224251641,0.19519193459300907,0.0004316969462216931,0.0
-0.9821358634915871,-0.4947755986694075,-0.40378195166721137,-0.46107425202080016,0.06188774164916653,0.062495940226910116,1.0
-0.9489328042345252,-0.6133028435165405,-0.45837163358681987,-0.42844380908651136,-0.05580181849658386,-0.04334383245190336,1.0
-0.8497993933840996,-0.6649812490896022,-0.5589190105671347,-0.4431046927226028,-0.060105086830172516,-0.0126311299083322,1.0
-0.9368912778359396,-0.5500922097895246,-0.4737023786791096,-0.46835558684314393,-0.17384262067765016,0.0498012973461215,1.0
-0.8156580422171927,-0.5964538164105255,-0.6465434759412158,-0.45962956077195416,0.3893765808342842,0.0018608092339029558,0.0
-0.8416447990559404,-0.6537869722596379,-0.6002557943642252,-0.4421171012060488,0.4508689627241917,-0.009898624341841016,0.0
-0.8902999736267693,-0.6457249509031152,-0.4619934467804524,-0.45411255759110786,-0.3121060321234149,-0.09881904726221456,1.0
-0.987756989558646,-0.5031126775564234,-0.3919082239843023,-0.44010993831375456,0.1303015768888904,0.012297852575262811,1.0
-0.8681855546927723,-0.593381290316122,-0.6025194097672233,-0.5097333491352338,-0.04138917113194429,0.09518464897040434,1.0
-0.9425446550017983,-0.5593931416377503,-0.5106385225441188,-0.4451493711517339,0.3829528690528335,0.020776563341646927,0.0
-0.4897870338026278,-0.514782417792976,-0.8226397237482835,-0.6135827700558424,-0.14544933789396267,-0.1029471917149772,1.0
-0.8367402351348537,-0.7527623136616967,-0.4125795215608025,-0.43168666303941666,-0.31119185511045955,-0.22498456071308448,1.0
-0.9052316005540763,-0.5818330765210331,-0.5700918947737085,-0.4509896383751173,0.40328307676931047,0.008930074871304618,0.0
-0.7696032528372753,-0.7122740070700109,-0.4973985959269411,-0.48826473919561997,-0.30504895948911787,-0.009714583380450847,1.0
-0.9754188466359768,-0.5503628461458182,-0.43256062500370857,-0.4208925916761036,0.35088340158679043,-0.06917213009434457,0.0
-0.9401283956256248,-0.5946022830206343,-0.49782626859926826,-0.43891289390576993,0.15106659489838478,-0.03424223342314397,0.0
-0.9925889376752799,-0.4735735133972404,-0.3660923601685378,-0.45935866846139706,-0.0005144992854221181,0.04530137853314169,1.0
-0.9654201391912289,-0.5628808986577234,-0.44173223165267667,-0.4106603506376405,0.22058464588074572,-0.12301791064760582,0.0
-0.8454786734935636,-0.5990272392135485,-0.6427101401209274,-0.4549733724448601,0.4633938310145268,0.03714370259778308,0.0
-0.9576009764424769,-0.525871126090789,-0.45999287125374017,-0.45135280599453387,0.4370457863783533,0.006394919034944905,0.0
-0.74193977557346,-0.47055471911947816,-0.6554244871268167,-0.5428255388797987,0.29252329114218467,0.06326033416481514,0.0
-0.9443171531980151,-0.5566188504888459,-0.5264100417843636,-0.45251616336185824,0.3642228173039468,0.01952543415817376,0.0
0.03358297006915001,-0.641859910859209,0.4741885623476525,-0.8202419128830053,0.6161270465625737,-0.2812708081216909,1.0
-0.8756540580366681,-0.6365554927610639,-0.5972988309388383,-0.4529145482733793,0.3263175565433161,0.046867706893199586,0.0
-0.9417459067833442,-0.5711548804584412,-0.4677720026563617,-0.4414562327873851,0.3205412689051812,-0.03456313559728023,0.0
-0.9839841054169296,-0.49785662160871047,-0.40170920680367056,-0.4591872404806757,0.02974013453104009,0.08413087463890184,1.0
-0.9621186136711225,-0.5677654212561577,-0.4796433727378638,-0.4360280546191142,0.33522234075713353,-0.03847605953351353,0.0
-0.9081503939795611,-0.6475229371486184,-0.5081544039896687,-0.39682921595704795,0.12782785434257626,-0.184787376204584,0.0
-0.9406460371969696,-0.5049395020922577,-0.4832980021497565,-0.4908125091229899,0.0001440810049846003,0.09849087639631635,1.0
-0.9824016332696683,-0.4995566879202788,-0.3946197382215682,-0.4566123729201541,0.05036099966612509,0.05570332459148156,1.0
-0.9878706052610018,-0.49013632087316583,-0.3959904569812406,-0.4553127632801865,0.03439878852722571,0.07162267425121385,1.0
-0.6476754962281817,-0.6321181476066035,-0.632712252699506,-0.49787702189499156,0.03881636886853097,0.03745307921442089,1.0
-0.9377536908020556,-0.651180864115585,-0.46571098013068857,-0.4006684517301596,0.1282347698490479,-0.1759858987831086,0.0
-0.9560165207408837,-0.5422989889219325,-0.4680482013057041,-0.4465303974607321,0.34911179930228353,-0.007788955802511148,0.0
-0.9617378679421498,-0.5007814964387356,-0.46148073677887363,-0.46672764085246177,0.39168502573957137,0.03893006698424483,0.0
-0.915455102828248,-0.6137364239495424,-0.501159053528633,-0.45491194302974586,-0.3165646850619109,0.005940657571371475,1.0
-0.9702808966137353,-0.489972153817182,-0.4227551867819526,-0.4858921610534083,-0.0015784525652162984,0.10776321042281965,1.0
-0.859201012408504,-0.6494533761343362,-0.5729168780830477,-0.4410819439149786,-0.10645428323161751,0.0072841528259760605,1.0
-0.9376224556288906,-0.5984399757450074,-0.4703982528282627,-0.4449028693883857,-0.2224879746203225,0.008190945107134149,1.0
-0.8579173241173648,-0.49468952811569317,-0.5807323010248772,-0.5064966518447042,0.12493469708775322,0.17884556565639398,1.0
-0.9691650834124562,-0.4786973250852756,-0.438538185364153,-0.47589853777125435,0.07577334918966779,0.13361529653869852,1.0
-0.738125504690261,-0.5658526574887163,-0.51727304337475,-0.4770291188038732,-0.13674593608149377,-0.026609788665549788,1.0
-0.9581912224525256,-0.5829250345223242,-0.42106240390798194,-0.42790697286720536,-0.23709716362298539,-0.06372622608555419,1.0
-0.736739709182088,-0.7188903854098825,-0.6278400436394,-0.40978535981306435,0.43946930613892476,-0.0253949040896134,0.0
-0.8165925803963285,-0.5294650417572782,-0.6769014358344096,-0.5208505657594558,0.33439035149522345,0.12411931156236436,0.0
-0.8348568542115862,-0.5617794593511288,-0.6472716636646573,-0.527274863047092,-0.08234114293583475,0.046838430526099636,1.0
-0.9592274041123763,-0.528344382242645,-0.44044933795609037,-0.45518945494144025,0.026272963143955885,0.03174840793708085,1.0
-0.9068895837702244,-0.6057155053715058,-0.588539199080487,-0.43439898098819524,0.3512771364352164,-0.038192965306003926,0.0
-0.9713439530750491,-0.5317061802775492,-0.420869714956116,-0.4527506960612294,-0.09097242209205242,0.03354336017189472,1.0
-0.9606972949189884,-0.5648905516723777,-0.4456227374651324,-0.4365435796754341,-0.07289453679446106,0.004741382792168612,1.0
-0.9333836733262691,-0.532833859785206,-0.5110256218561352,-0.4691226257922938,0.27433714590725283,0.07357596403948807,0.0
-0.9532335612030699,-0.5935150853030937,-0.449861311497982,-0.4196176301969701,-0.13342673603416155,-0.06088808598142676,1.0
-0.92626932619473,-0.5888872254725029,-0.5294603308698912,-0.43751096953602453,0.43084853595866646,-0.021424100123345183,0.0
-0.9657963750127428,-0.5339027524368017,-0.4638900131760793,-0.45119639784282767,0.1493109152993502,0.040253542288241864,1.0
-0.9594683547989037,-0.5104790631581448,-0.46131362644286295,-0.45982691042296053,0.3557288851737998,0.010941346891536361,0.0
-0.8960602344787323,-0.5798705191312384,-0.6107074668886832,-0.4615725128112763,0.18727082844568044,0.05985735698198609,1.0
-0.8654418646967446,-0.5641161547625604,-0.6311977360743536,-0.48723168832610214,0.3214610052284096,-0.0037686970306980167,0.0
-0.9572168516729633,-0.5658417130836653,-0.47220918259768896,-0.44415867031365674,0.08065133222741741,-0.013037688559341013,0.0
-0.9585297446820794,-0.5991286914911299,-0.45281688734211895,-0.4086077148054152,0.2952989035390199,-0.1391881470207778,0.0
-0.9697334210919732,-0.5480668194545227,-0.44355297416921136,-0.4456875807256415,-0.12782757952194876,0.03338749549013165,1.0
-0.9710630576882849,-0.552134195466153,-0.43621444003146526,-0.43652714520936536,0.04326536122925045,-0.053057334719201675,0.0
-0.9746195254111938,-0.5434198382754549,-0.43311358107960585,-0.431034751275982,0.2521381844033138,-0.05833045922087158,0.0
-0.967021410008058,-0.5254064165078682,-0.4247546918231724,-0.46005562357077745,-0.18561543530786245,0.026066450452925792,1.0
-0.9692786983688461,-0.5797421407457977,-0.4421294222453991,-0.40962316035061164,0.16341518396495872,-0.10489488304474487,0.0
-0.7391337136722621,-0.6823383266080244,-0.5854419117532503,-0.41907801899341746,0.36780078458929155,0.14595824508418603,0.0
-0.9665885638854408,-0.5647772615567029,-0.4263151633329956,-0.436666078604429,-0.19920969407676137,-0.03670344743533816,1.0
-0.9451395266948371,-0.5870330574617739,-0.46990807054360867,-0.44383378785224514,-0.23596417284266363,0.011794191423415687,1.0
-0.7864791519991066,-0.7534282685743774,-0.4712705252372069,-0.43390629123094004,0.27094419241335743,-0.1293789916936066,0.0
-0.8518346785395708,-0.5359876499823744,-0.5858772622260514,-0.5262219883467827,-0.1291910597806478,0.06312646689220505,1.0
-0.987505807771665,-0.5103744855624238,-0.4116334652324114,-0.43992119779070527,0.32529969346575216,0.01736920650622101,0.0
-0.9843154285555415,-0.5105246920212062,-0.3962590849045615,-0.4450087801481706,0.01448778182328278,0.02911483322344492,1.0
-0.7956010983323383,-0.6884524216404178,-0.48790464370351677,-0.4470205351057746,0.3796010415173084,0.07196403452341676,0.0
-0.9199887983686824,-0.536002480323737,-0.5198477738195213,-0.5021240605616929,-0.1315432595451061,0.10135807096883145,1.0
-0.9231563180848656,-0.588286195101476,-0.5308282161103932,-0.47238869715657356,-0.15093466903876818,0.0570092836416355,1.0
-0.9747105686707576,-0.5430303289063237,-0.4285921345611424,-0.43686836031041887,0.11174155384042272,-0.021219725433634533,0.0
-0.9866589771349852,-0.493353324886176,-0.3954078178812623,-0.4456235497640229,0.12154081491227373,0.03182089591049282,1.0
-0.988069664983845,-0.4974272944887204,-0.3781085589205813,-0.44586756989903054,-0.017100369199656407,0.040698273471723515,1.0
-0.8961232212951127,-0.552451704560643,-0.6092067395199167,-0.5028797668680817,0.10588820201558576,0.13011518422401847,1.0
-0.924210884929035,-0.5898011822010534,-0.4774667416165691,-0.4687898930851788,-0.24054398400219046,0.007903879874776273,1.0
-0.9433783416876911,-0.529872174253677,-0.49909379950192084,-0.4707715116644212,0.3547663630511395,0.04196866890485373,0.0
-0.9809708624292691,-0.4994275376254756,-0.4126202280868101,-0.46137121705881906,-0.0530771994149348,0.06342535937741932,1.0
-0.8011924626511157,-0.5606292542943266,-0.7166505357703216,-0.5149453564096484,0.37484286660609445,0.08602366311651678,0.0
-0.9702249141805475,-0.549706418697783,-0.44240890993989235,-0.4382308502440661,0.24267996169465372,-0.025323230624104954,0.0
-0.8778227081344936,-0.6695292256748007,-0.48937488508544114,-0.3983940294966538,0.2221322858331382,-0.021698677659631425,0.0
-0.9337263879462976,-0.5653847436147612,-0.5530462357301201,-0.4556323334632362,0.26401106816943887,0.045742914261547675,0.0
-0.9488260675195999,-0.61013590474338,-0.4786238224340868,-0.4080788183097022,0.31470688917382494,-0.13268203962634822,0.0
-0.9557908317872145,-0.5701695479214581,-0.5044497799463655,-0.4348627732899851,0.32981124354621416,-0.03631818496301293,0.0
-0.9511571992142656,-0.5963750109962563,-0.467793030428856,-0.42436914015542226,-0.09620033093676955,0.007922358367071001,1.0
-0.9660267831466975,-0.5367314481557681,-0.4390009936110919,-0.4468866010321396,-0.03160758264093025,0.04114811887712942,1.0
-0.9808712748701427,-0.515299582515606,-0.417454605782943,-0.4369758119934154,0.30250267981820134,-0.023366241801324752,0.0
-0.9729541900751721,-0.5479373170912307,-0.41919325046292877,-0.4373630540045838,0.028846505610415407,-0.03374825834370027,0.0
-0.9367621754149212,-0.6186630365437596,-0.5052311453296806,-0.4141912004037032,0.25540611076247394,-0.08959530478014936,0.0
-0.8624172593558131,-0.6830177107749307,-0.5891569372506196,-0.42014827943077054,0.2857749643639548,-0.11253505814215518,0.0
-0.9287363394725583,-0.6167939425020076,-0.46613851516950294,-0.43948556872631744,-0.2763955294757838,-0.01964796323420614,1.0
-0.876395091735095,-0.7120355561684949,-0.5597162819888156,-0.3897945952427361,0.17683857373228584,-0.2586059115654084,0.0
-0.8399883832534524,-0.7036828403113854,-0.5540233317130064,-0.39150966131157394,0.39285192261712,-0.059037907223341464,0.0
-0.9456549663240404,-0.569785391090434,-0.4754193842225208,-0.44661380110662807,-0.03628809273889974,0.031313035418477964,1.0
-0.9726427256905971,-0.5082110807776902,-0.413647220600895,-0.4601389993852239,0.0211675790426481,0.07399904759951284,1.0
-0.9521577742217494,-0.5935457800060758,-0.4787689663297713,-0.4387706685473437,-0.029840988310967625,-0.01087776757115033,1.0
-0.8680881725297122,-0.6284516666356026,-0.5554479664903466,-0.4564268352657795,-0.07066277437028995,-0.00937084988415084,1.0
-0.9582582938880109,-0.5736585040484791,-0.43297207632345314,-0.44183777845014804,-0.2726594868143736,-0.035126994116106994,1.0
-0.9446166966114578,-0.5638011535591139,-0.4963734624926766,-0.4320049565248332,0.25810739426253,-0.02884275295473503,0.0
-0.9626463742809226,-0.5544965898619413,-0.453447701691476,-0.43591979454390994,0.2886275087500029,-0.010427574558003166,0.0
-0.9736571576761244,-0.5374595172853174,-0.430745664216725,-0.43195419591456297,0.3134618436751465,-0.053055195531142484,0.0
-0.956228577360224,-0.5743897293656153,-0.4414222889461064,-0.42971448484233793,-0.1061241546811533,-0.02021164896890135,1.0
-0.9866956672704499,-0.4984416701766685,-0.3936376076722336,-0.44102171021977576,0.2560873811547945,-0.0032186247991018756,0.0
-0.9691831554166034,-0.5363772381197693,-0.4440130304992112,-0.43873323856485763,0.3832632541406626,-0.06275239437730229,0.0
-0.8110568310210775,-0.6544809320968666,-0.6423884209931209,-0.47126401271732216,0.508255715940188,0.03790909327323097,0.0
-0.9766679885127257,-0.5078357575241419,-0.4063675480928226,-0.45892926354242863,-0.09936537319223396,0.03741177228691105,1.0
-0.8968193007501728,-0.5116703931803847,-0.5775434522683293,-0.4840174905176476,0.4925717111435781,0.08784972834817023,0.0
-0.8436267018930182,-0.614300359097012,-0.6383240366586038,-0.47207889427534167,0.30423164942786607,0.08199967669652013,0.0
-0.928972933338106,-0.6278313367640155,-0.4166683576884749,-0.4067323341665339,0.31276661194448063,-0.11988479004749072,0.0
-0.9652235545942147,-0.4733092590998236,-0.4368909030849373,-0.48006262607116584,0.1348956659203968,0.13279298769411416,1.0
-0.8916692725128318,-0.6784004942529624,-0.5347606446158716,-0.39182816866486503,0.19985712879281664,-0.21014523037836408,0.0
-0.97802984745933,-0.5313817285940854,-0.41924250797298945,-0.43861578434986126,0.21613907959410966,-0.014548949494301987,0.0
-0.968735754943963,-0.4793892295794995,-0.4280288914391406,-0.47587160151788827,0.06792395958164789,0.13167315626407367,1.0
-0.971449998165021,-0.5389934756255095,-0.4312680190045376,-0.42702604761634605,0.3117893963617646,-0.0554916869263818,0.0
-0.8189731374757886,-0.6324426057781705,-0.6627321668566594,-0.47953977847867135,0.30605867824956545,0.08554547544450215,0.0
-0.9206090304901817,-0.5768217071955394,-0.5162891927393772,-0.4618611718503105,-0.04138777859755227,0.05354912973461787,1.0
-0.31702346485031463,-0.5845307895745506,0.29889761526969894,-0.6842485139934077,-0.11731639261055804,0.02696391061436593,1.0
-0.9638377950106508,-0.5398591057308112,-0.44864560684718763,-0.43282538797715947,0.28846163969460037,-0.062458519560314445,0.0
-0.9084077871089096,-0.6225921819261545,-0.553842536129292,-0.4478622516692329,0.21049227928699923,0.012904315688841067,0.0
-0.9387295657041977,-0.6453362290452487,-0.45897412178009084,-0.41524006263512997,-0.327683483020354,-0.08819004261472206,1.0
-0.8954767600522208,-0.5261316887031037,-0.5152283140669062,-0.48201753754137994,0.18639004917229787,-0.010329592751071428,0.0
-0.876947195291899,-0.5810980979169501,-0.6128722579177888,-0.48561515281327305,0.4490215410084609,0.07445806513610641,0.0
-0.9543695228400982,-0.5657724479492736,-0.46337329311718994,-0.44798214919998774,-0.0914665394464195,0.017751585679710264,1.0
-0.986147440984777,-0.5314303612336677,-0.3771987890574324,-0.4115428616177149,0.22928925507730466,-0.12312962628619094,0.0
-0.9696061668964773,-0.5333305103790046,-0.4520505677605347,-0.438579739099717,0.37378110637524553,-0.021626780469228838,0.0
-0.9887899801317245,-0.49663226305707076,-0.3918002902297738,-0.45085734089769586,0.05626307497621251,0.04662681678260615,1.0
-0.9867185407082565,-0.5177594960180437,-0.4055535125575488,-0.42798453663146774,0.3427806164895746,-0.05276698220227047,0.0
-0.9560744210826978,-0.5708342521134485,-0.4677373643879337,-0.42828873265417416,0.30512773325306236,-0.06219833603977688,0.0
-0.9607212318364425,-0.5654735827896882,-0.45256112411545135,-0.43642706341851395,-0.09969122470884298,0.009919975552753714,1.0
-0.9731252054848967,-0.5693996369105592,-0.41988979141657246,-0.40817522041523413,0.2654546950991806,-0.12880297272059776,0.0
-0.9654877188596364,-0.5085953422121159,-0.45829406392538313,-0.4564066534680426,0.3169334788042728,0.052165051108067705,0.0
-0.9016020279728395,-0.6495200199386344,-0.4693223956266304,-0.4387065875364937,-0.33473019480416516,-0.03222282681204297,1.0
-0.9320077155956522,-0.5923415826348335,-0.4796159443156372,-0.4401231184740071,-0.09400229526980403,-0.0758181831277834,1.0
-0.9700644495253964,-0.5529360264057654,-0.4196043872948791,-0.42777865860428943,0.13523090598543283,-0.09090889997119705,0.0
-0.9540610011244294,-0.591024629264897,-0.43555474131052135,-0.4285522333376314,-0.24893370978633272,-0.05558888308192232,1.0
-0.9513722501858525,-0.5553687331299931,-0.5003196527061513,-0.44831039600083766,0.330829350339108,0.010841584479807358,0.0
-0.9835052415177312,-0.5337170895987897,-0.4221754578410431,-0.4241265780364388,0.3284938020753363,-0.07615626303247512,0.0
-0.47270086204316664,-0.2522051071128679,-0.7494936302689674,-0.5375340182060458,-0.06410071484937205,-0.06440783772311509,1.0
-0.6570353572458381,-0.7584004581445466,-0.5588508441557807,-0.43866449784998707,0.29110432098952077,0.032804983788687,0.0
-0.9464613067571676,-0.5972736008424068,-0.4479189121860616,-0.4357770322015081,-0.2481659566409553,-0.018171784732629658,1.0
-0.9892032233642957,-0.4941502599271361,-0.3732283385517796,-0.4438175514480259,0.029337649385980602,0.0086721910007541,1.0
-0.9582194860877865,-0.49013661182859325,-0.45651385796770355,-0.4778680617764845,0.07837267262551666,0.12670841413919803,1.0
-0.7858027683138251,-0.642747462939448,-0.3541757626314063,-0.530193783479635,-0.2947672682751331,-0.09444107984833298,1.0
-0.9792271658346924,-0.4979149536445591,-0.4020442159748049,-0.46313108163531563,-0.0013176108515814272,0.07186476076423888,1.0
-0.9678279827224326,-0.5490289052473798,-0.40202579202320543,-0.4321707295835638,-0.07124805148690466,-0.016759804699743728,1.0
-0.9807204509900406,-0.5339155660644537,-0.4096719359149184,-0.43280693119362995,0.2508403532497424,-0.04555580683450151,0.0
-0.7587794047196816,-0.7902812484209316,-0.3590126324441388,-0.3300874448246833,0.27889623776285244,0.11378007922129978,0.0
-0.9892046189496525,-0.48274794269154553,-0.3972961104688006,-0.45651282817695155,0.1591736529263253,0.06371464901290239,1.0
-0.9641280101939776,-0.5416455164506563,-0.4286709296648558,-0.4410717500050391,-0.0412460535770475,0.0033291897730221825,1.0
-0.9414090222090221,-0.6220389722435642,-0.4608955742686619,-0.42084902112368033,-0.12974549139912495,-0.11721432464634685,0.0
-0.9118950532525036,-0.48141455177627257,-0.5098506698893457,-0.524402752908735,0.0808247625867245,0.11660984395617649,1.0
-0.8781768498137718,-0.6701836548742981,-0.4947910458938085,-0.4460907512135845,-0.3325318369180502,-0.08914407085000255,1.0
-0.9405651160472152,-0.6331088394708712,-0.4380906946789093,-0.42920036265193745,-0.36186481174570667,-0.06203774310408258,1.0
-0.8465549783032003,-0.6329664194006949,-0.5915658223547079,-0.4287267402215869,0.16989317709590712,0.008542956175080257,0.0
-0.9334931815408689,-0.5544412831273752,-0.49081077715508786,-0.46746688286270677,-0.16898592271952567,0.04164548314311008,1.0
-0.9576248860180493,-0.5378619992896502,-0.4529924170304245,-0.4539142803363758,-0.04539514601529995,0.014058273844562423,1.0
-0.9836230931614306,-0.5202159344494867,-0.4139598646312386,-0.43824726369524014,0.2435362218845171,-0.024155175145394652,0.0
-0.8418530752248612,-0.498094355036449,-0.6248016377641725,-0.4968360790204224,0.30950873329056183,0.2878255037462461,1.0
-0.9848011962891347,-0.5128506234131012,-0.40824469418676324,-0.4504478592915475,0.01586034981490872,0.05978272471018926,1.0
-0.7921004540741183,-0.5321038263679712,-0.6946378613592807,-0.5475028074577561,0.10697951123273787,0.17142809936855855,1.0
-0.9484002924316979,-0.5988101101418901,-0.4564334056978227,-0.42479908757766655,0.02373189959156767,-0.06552284767636388,0.0
-0.9421973157762799,-0.5541474796120145,-0.44685919291806697,-0.4565762348589281,-0.2102316429898915,-0.037834326960655515,1.0
-0.8061652967530886,-0.7763369299404771,-0.234521399628528,-0.2710892793090426,0.4095512634886413,0.4242968369304376,0.0
-0.9826606211365418,-0.5071365506771282,-0.41685777158264203,-0.44124449461469606,0.351224458163921,-0.01651805714445958,0.0
-0.9446337796406221,-0.5201135891074646,-0.43550058806635084,-0.47121347337364705,-0.023949444133046255,0.07676227079874051,1.0
-0.9397711103572887,-0.5823236139024093,-0.497953179492027,-0.44315382766498085,0.21894038375405223,-0.009628044979630764,0.0
-0.9655606813559368,-0.5581714786141646,-0.4345777217630447,-0.44012703774475576,-0.12806967591706847,-0.012975545875305892,1.0
-0.970273196607145,-0.49296645327207755,-0.427535426941273,-0.4725624452765319,0.06462314154406591,0.10873138201290172,1.0
-0.779554912388208,-0.486026125668485,-0.6309348582686148,-0.5101575651552217,0.2959485183754392,0.09242214120280982,0.0
-0.9832031938434328,-0.49251840833341004,-0.402544183332399,-0.4583104402937249,0.056693562706258784,0.07660934489357449,1.0
-0.9436181785885229,-0.6245753304198208,-0.4704432525933325,-0.4242067720219068,-0.31916036186370383,-0.045281520063434756,1.0
-0.9554274553116961,-0.5623629947798493,-0.4807874259982558,-0.43429678057895404,0.3588283102795175,-0.03499745564222268,0.0
-0.7147986187091455,-0.6858548652863934,-0.6588960602051486,-0.39252653584646957,0.3876283922561256,-0.039106651522667,0.0
-0.9394606816765465,-0.6065963122010778,-0.47498866225906583,-0.43084339386213144,-0.24729445790759047,-0.04546411855453815,1.0
-0.9550821817546508,-0.5824262966309885,-0.4428483739636517,-0.44165008569052117,-0.27900286162307725,-0.01839723269270202,1.0
-0.9107070369516183,-0.6333763388082567,-0.4703814716264794,-0.4406752419750463,-0.27707547442522845,-0.07460320971946721,1.0
-0.9403408159775227,-0.5734970700252907,-0.48186157558875975,-0.42599875706513307,0.4152588675502349,-0.04471809575521836,0.0
-0.9768948090860159,-0.5126924378281907,-0.42309242380588197,-0.4580258991963564,0.05839589874903354,0.06147970803883647,1.0
-0.9601732594653895,-0.5742008416813966,-0.4493810257065437,-0.44422959373465076,-0.21017422546528386,0.008996533330281324,1.0
-0.9459345888305941,-0.56582936877568,-0.5012432307464042,-0.4438807354695879,0.3724463789902404,-0.018467425713088178,0.0
-0.9015408708139193,-0.6692283173932624,-0.4372420683939551,-0.42290956550307046,0.07835212388029605,-0.007168864860921586,1.0
-0.9690217359019301,-0.5692646554182664,-0.45330518549214943,-0.42155157467587456,0.2201649751745079,-0.07314371379997335,0.0
-0.9782945129937497,-0.5462910822058374,-0.4406715580346809,-0.4276253276944771,0.3254020014084039,-0.05414582149145336,0.0
-0.8772618642159621,-0.5237318454244088,-0.6146343369097667,-0.5135672754102678,0.27391932990312906,0.1509232349254858,0.0
-0.9569951994166248,-0.5737622657954023,-0.4375554410560495,-0.4315620809619005,-0.11533039420838254,-0.0033858504880087247,1.0
-0.960681167955982,-0.5465089206032995,-0.4416426958485822,-0.4472902832700845,-0.010347297207958225,0.033299445680749336,1.0
-0.9891184862826519,-0.4896664495914884,-0.3739427241086369,-0.44660731346811605,0.04452102369702796,0.021626032393372543,1.0
-0.8877586741461038,-0.6049559140946353,-0.5427120800328867,-0.4682358344502474,-0.15501145507540143,0.05112604554069634,1.0
-0.9747701584520363,-0.543669287525729,-0.40899918056333756,-0.4331623342608918,0.1211429024250963,-0.05702381127374087,0.0
-0.9133606000029502,-0.6262793165419289,-0.5043404093298497,-0.4361644562104663,0.04770507699868345,-0.043401516681879596,0.0
-0.9254276422143498,-0.5741502202731311,-0.48693400476314097,-0.4664467943946005,-0.16527195945042933,0.022167756738266133,1.0
-0.9769975471838631,-0.4955410873543688,-0.40744305835863603,-0.4673126873754203,0.009048499095546655,0.06256099894439111,1.0
-0.9612355186841632,-0.5159302370425488,-0.41782667205382845,-0.4656739037056543,-0.12656445143891995,0.03102398551729188,1.0
-0.8472134295854399,-0.6080744360362763,-0.6308976801732811,-0.4821803566967891,0.06951178607496801,0.09349235463320818,1.0
-0.9883215278986333,-0.5011241966920668,-0.40133493374153145,-0.4365891383085636,0.3872724132460014,-0.03304089880152188,0.0
-0.39205904923339363,-0.6691328417783459,-0.8597299333133958,-0.4496238398999466,0.34578923995073474,-0.2698056220624094,0.0
-0.9655616967144695,-0.5668679252491415,-0.445919340061995,-0.43878901544958115,-0.03330369235988148,-0.03223056124089279,0.0
-0.9906391377511218,-0.46433981807056385,-0.4017931477781401,-0.46329362130584545,0.3343562496067528,0.056727919801847035,0.0
-0.979578376316637,-0.5495288744239815,-0.4236021773472288,-0.4188164335261032,0.3364299032975436,-0.0870090868718483,0.0
-0.8689059432591826,-0.6423756466259773,-0.563734095798512,-0.40048261211146935,0.3660266505868803,-0.09493066293938036,0.0
-0.9547967299619485,-0.5947389044863511,-0.4961834424068054,-0.4134764914513783,0.35916129860596513,-0.07601367063257479,0.0
-0.9737078652325893,-0.5171421932641926,-0.43336424792674916,-0.44094750686951045,0.29632685432300476,0.005981144255330369,0.0
-0.6618205384948732,-0.7999609555547561,-0.4434586827568791,-0.4377075450549626,0.2800791879943039,-0.028676206791509447,0.0
-0.9756687420538824,-0.5240236817061145,-0.42333823876621046,-0.4490355623432962,0.06354329270301065,0.004697608794740006,0.0
-0.9882787819954908,-0.49772918912617525,-0.39210383465625737,-0.4463394938742198,0.06792569079625373,0.00809898150767677,1.0
-0.9498840141097823,-0.5677335559515709,-0.47484780422387435,-0.44493501391774215,-0.09764076678314909,0.012797402666415967,1.0
-0.8992618381806824,-0.6673393176758502,-0.49758734065202725,-0.3869207390970396,0.3511555895742017,-0.16777027537448772,0.0
-0.8394268101330924,-0.5871385859052692,-0.6755888296994951,-0.48246028894665216,0.48311500726556955,0.08523064060052206,0.0
-0.7945373979694854,-0.6862333855508387,-0.6905991266577725,-0.4413657372779732,0.4338220752253462,0.005613297274574851,0.0
-0.9864727793375377,-0.47788188808172816,-0.39184337529598245,-0.46155002996366556,0.132491307399802,0.08329417849231409,1.0
-0.9680466957911161,-0.5374562717741389,-0.4529027116077298,-0.438002781439213,0.34124709940595804,-0.014424238898971094,0.0
-0.9784262409988463,-0.5358077272986425,-0.4197244301012907,-0.4319506171658348,0.2286179101799657,-0.061098601072161994,0.0
-0.9700361807402189,-0.5713331081895779,-0.4297543089585197,-0.40974341770182265,0.2424812132135564,-0.11164218038964302,0.0
-0.9603380868804351,-0.5616545534321078,-0.485679314167862,-0.43337025803343354,0.3609748524079717,-0.026778100580917102,0.0
-0.9837697106401985,-0.5001975821543785,-0.38896125027067896,-0.44796892861832827,0.03980935614809333,0.011610169208573117,1.0
-0.9550056399887246,-0.5467166939774604,-0.43346859483515965,-0.4511137875070719,-0.05857895688221543,0.022932920960586148,1.0
-0.9508850713474557,-0.5452727423009044,-0.5086781299725447,-0.4441146500270418,0.5058479332243225,0.013036695792792454,0.0
-0.9485546481219238,-0.5495602782211185,-0.48327653063813664,-0.4479627317886069,0.34704962105912246,0.0155321544019697,0.0
-0.4367626685434725,-1.0,0.08573615819082048,-0.03546908901794005,0.33804449646233004,0.9781491829307982,1.0
-0.9633140072091121,-0.5442716527346344,-0.458851362782727,-0.43764944254003696,0.34489944675031536,-0.04716567269021768,0.0
-0.8990790714021674,-0.533064609880394,-0.5927909652919175,-0.5107904710319082,0.07972890661344373,0.18998315793013537,1.0
-0.6360681209423007,-0.599554123742903,-0.7203064015580641,-0.46788560942446333,0.46278490012187246,-0.0069716644570909665,0.0
-0.9371848193764089,-0.5650001921906993,-0.49755450662556605,-0.4566507624662167,0.22657355892146325,0.0059024541010466395,0.0
-0.9169064932630147,-0.6511501002533057,-0.5531352282404619,-0.41504116413893577,0.2379534870211845,-0.09303874969862384,0.0
-0.807934958615757,-0.6574765930144147,-0.6662312437215003,-0.4345629311956515,0.43380396022207146,-0.036252642758352716,0.0
-0.9711506400070684,-0.5448249038609182,-0.4297069531099248,-0.4285598952249324,0.2567489767867117,-0.024892668772241854,0.0
-0.9352045729329427,-0.6029194668755411,-0.49212414719695113,-0.4439850588123891,-0.245990732801736,-0.019408060838570888,1.0
-0.8383041951801028,-0.6863405771085922,-0.6169753611479499,-0.4030619369374965,0.2857642509777497,-0.13052705170242754,0.0
-0.9506787428113267,-0.5808894071011972,-0.47911358099163076,-0.419723799737381,0.3398535360670163,-0.08703880251566791,0.0
-0.9792324300796267,-0.474868541537751,-0.4202993332877245,-0.47786721995657144,0.09424796647283898,0.11247006846295576,1.0
-0.9852681559657264,-0.48748153738609934,-0.40949079388812115,-0.46329918455816305,0.079894824708864,0.08691826968167322,1.0
-0.9714451038903908,-0.5297721404767096,-0.44531638372901616,-0.4382624922852823,0.34183071225013006,-0.0297596540407721,0.0
-0.8530184237389858,-0.7016093452399839,-0.40978281288664886,-0.4461535801795353,-0.43256785924153096,-0.1811002470183071,1.0
-0.9857593737964097,-0.5022603126214793,-0.4118304449237961,-0.45602071402168043,0.03521445643655094,0.08121415386243172,1.0
-0.8623662161022927,-0.6867298742599551,-0.44976155173742055,-0.38788617167010675,-0.03272361587392375,0.12089606210230412,1.0
-0.9483479674857088,-0.5242973690578261,-0.4531977836045422,-0.46644473334824865,-0.04453725066822645,0.0325982435355195,1.0
-0.9692410165885413,-0.5363310977884854,-0.4504822398680243,-0.4318935257559022,0.36782377878542843,-0.014149836955227478,0.0
-0.976128160462452,-0.5057842275688372,-0.4430944816019208,-0.44894190382206334,0.4194069684397471,0.011942626791635672,0.0
-0.9239042833634058,-0.5549579285343256,-0.5312464746367284,-0.4616632050759695,0.42233825154406995,-0.010731159624224834,0.0
-0.8666661081814444,-0.6293583177138364,-0.5684004449072583,-0.4679575327165746,-0.1375687005480391,0.03919236995300974,1.0
-0.9566637708862585,-0.5894115188239922,-0.4478094035755738,-0.4270559026725992,-0.16557205507259853,-0.03596306163051138,1.0
-0.980326917585707,-0.49462298667153765,-0.3950448620695371,-0.4670356932950875,-0.014694621088739077,0.07698632441337606,1.0
-0.9464168985210754,-0.5423860894429381,-0.48959529520573886,-0.4636283801513822,0.06590953444819725,0.08560910019344788,1.0
-0.9235990339140491,-0.6162090105320608,-0.5345574967555918,-0.425459935073659,0.35355663914797664,-0.044371927326633344,0.0
-0.9035235385420037,-0.6916037867487839,-0.5456691994997156,-0.38830812738003617,0.14393508292614368,-0.23822063468664076,0.0
-0.8701273749453611,-0.6435538823989702,-0.6220471424941992,-0.43961478713454294,0.33659797327969554,0.00484832168978599,0.0
-0.9733675802907615,-0.5078812624538503,-0.4206710002258326,-0.4571814299625637,0.16307310347626283,0.05577138597398345,1.0
-0.9223873369047667,-0.5782268547331455,-0.5685556996162863,-0.4607988528163754,0.3407781777587179,-0.01258176201968086,0.0
-0.9163539698520815,-0.6027417546355743,-0.5299340560497142,-0.43712295034310733,0.42141372450481246,-0.08695817678772713,0.0
-0.9134963225561706,-0.6608651857736955,-0.5106327010685625,-0.39479733013706364,0.010265202351404629,-0.22269070429643278,0.0
-0.9710222762061541,-0.48401246606905324,-0.43638336632967517,-0.46957035435185607,0.03889950346391595,0.12311720982305341,1.0
-0.8293243038689858,-0.6397702362446144,-0.5888406324357393,-0.42127762063057816,0.25081800351943273,-0.0739174634674711,0.0
-0.9634574000518679,-0.5643350107694698,-0.4445374988093342,-0.42443672530171545,0.1552522574545864,-0.1040452436501575,0.0
-0.9443583128515486,-0.5185782837042532,-0.49756858136734056,-0.4806310145715462,0.14485121584042984,0.11183133447346752,1.0
-0.9883837818022067,-0.5138727132822304,-0.39660772638952224,-0.42556059344751673,0.30677803184595676,-0.06528076524232868,0.0
-0.9492641274636467,-0.5734864023917539,-0.46877750264200735,-0.44508001402105013,-0.15765143847242136,0.03416484275744012,1.0
-0.9649555710931692,-0.5621143954203691,-0.47024717410731315,-0.4296072267807872,0.3720654974024335,-0.061622077831589864,0.0
-0.9200508676055851,-0.5900690510158942,-0.5469419450052918,-0.44231313989301557,0.33452706648708663,0.0008265264009613559,0.0
-0.9901763689482794,-0.4778550563554886,-0.3833626877507666,-0.4551065213284645,0.2586705431114247,0.017654317530767526,0.0
-0.974558069380241,-0.5141121867740039,-0.4218514783540987,-0.46100890696447094,0.0033015102295030074,0.06169260388597336,1.0
-0.9146691212883048,-0.6040746089425822,-0.5998226604152552,-0.45268894654606656,0.44021572614241694,0.02312576769972073,0.0
-0.5128116600730872,-0.48335094393072864,-0.8548077828098166,-0.5226570399853377,-0.06147628113137946,0.12422642957591304,1.0
-0.8736550996048537,-0.635704560326231,-0.6586796648296894,-0.4687794907904074,0.3441428839644719,0.05099795794797145,0.0
-0.9391419368702436,-0.5855523706061088,-0.5544057631714165,-0.4573401391585893,0.15580943295657804,0.0073365710875599,0.0
-0.9485182925063458,-0.6137867995779731,-0.44704749504078845,-0.43043829349545726,-0.3453279752877353,-0.030087740940844515,1.0
-0.9236199415785057,-0.59325165731629,-0.5484047138334935,-0.455729337839891,0.11623389806472018,-0.003622151243234023,0.0
-0.8748723204483739,-0.5861688061601315,-0.5338066483052257,-0.4869989915895633,-0.14243573901958942,0.038854976212537036,1.0
-0.9427648433849969,-0.5259560366169131,-0.4727388802779835,-0.4554996770501394,0.33638632306386845,0.014357864834913418,0.0
-0.9884550689046107,-0.5166426973812905,-0.39515496927954596,-0.42826929966647165,0.35187194113754894,-0.0504096937169126,0.0
-0.9895693923096998,-0.47818897742740935,-0.37287350146414616,-0.45857996844062837,0.12481628443828306,0.06506974904558725,1.0
-0.9901609283453584,-0.49303984675708007,-0.38708379841947993,-0.45390748741884657,0.06909723289967033,0.053300337025451124,1.0
-0.7507196221422383,-0.591926969978649,-0.5920422333001405,-0.5119460888566673,0.5058186019024633,0.023002048629975097,0.0
-0.8998585782690993,-0.5055118337745299,-0.5210217659538727,-0.49240491178989565,0.0672156539920131,0.09756057851862952,1.0
-0.9242400163279885,-0.6305448392673956,-0.5313428675271449,-0.4403368898961096,-0.006044340256022018,0.0034525052624652386,1.0
-0.8570410931082375,-0.6788334133636656,-0.5507133230559331,-0.45069752886552467,-0.08754239141526049,-0.1335120374233975,1.0
-0.7849304408583415,-0.5277702063702362,-0.6655088977669792,-0.4954628279715112,0.20250641968901237,0.05022012879671215,1.0
-0.9297493888385484,-0.590200108613257,-0.5354541880947792,-0.4399704146815731,0.35098482195538416,-0.018627401170436948,0.0
-0.9675152021539858,-0.5449563039859857,-0.4388960729263356,-0.4345708137672002,0.0873831758233252,-0.007573916552936298,1.0
-0.9485866281672392,-0.5900423863207331,-0.4705441470221401,-0.43179156631245785,-0.11046924511552575,-0.032446619234756516,1.0
-0.6781524062624504,-0.5844135770343964,-0.6140319331024123,-0.4684275296751755,-0.1614469667515403,0.04409940005171888,1.0
-0.975114696419217,-0.5394244547228604,-0.42815466771411526,-0.42226513392314924,0.34786524971864585,-0.07885166519803374,0.0
-0.9509887717572806,-0.607849747097374,-0.46198362988695163,-0.43220364197479466,-0.29335414760984935,-0.03561036391247676,1.0
-0.9265117824200267,-0.5897424881396457,-0.5223804831127387,-0.4358006198355323,0.2708781275521546,-0.0381888228461769,0.0
-0.8665152169200487,-0.5363828643185653,-0.5859722295907884,-0.49353596823087875,0.06979465196588178,0.09257013279649778,1.0
-0.921396665736277,-0.6184255760688688,-0.5552212896108861,-0.4337741302562836,0.29106732296385784,0.015022111419985395,0.0
-0.9773709077577595,-0.5084696343292169,-0.43540868450640086,-0.4593428545143893,0.057609661326759105,0.07508795161679531,1.0
-0.9586304348158815,-0.5815391537891658,-0.4540010973771822,-0.4111321455798081,0.20013802230298883,-0.12892780023175304,0.0
-0.9669899741916012,-0.5579976715120577,-0.4335851851871635,-0.422816243671247,0.2520396348432401,-0.09313559882871088,0.0
-0.9011530960441344,-0.6670567600891958,-0.4936071690787309,-0.4373693760619457,-0.3164144080416401,-0.14788642414012748,1.0
-0.9833143153653696,-0.507316035176952,-0.4268071847680904,-0.4469723826458841,0.3530544451377039,0.01023721014824527,0.0
-0.9194641445226587,-0.5759241713582174,-0.5108425657824637,-0.4648735326183844,-0.08610634622013955,0.07473564766014901,1.0
-0.9764774084487797,-0.4959965297518011,-0.44254858184333157,-0.46201762395288837,0.24344389891748855,0.07227315553703717,0.0
-0.9772682795997032,-0.5117450153315575,-0.4265485233027719,-0.45889314544983323,-0.04827143623628413,0.07471719121241602,1.0
-0.9467350745988715,-0.5116889131264022,-0.4817003395664582,-0.4741170440288933,0.28270605742585125,0.08797760457226134,0.0
-0.9431820220995258,-0.5711015025983706,-0.5085264567830368,-0.4377432148518601,0.32689624244032467,-0.029386944288324886,0.0
-0.9879135780340211,-0.5031319706423601,-0.3839331664686541,-0.44588134858566414,0.03864202812709272,0.012769325478246383,1.0
-0.958647462554656,-0.5872077469078886,-0.4744586110319359,-0.42701412443952974,0.2980318072381095,-0.05080932445539029,0.0
-0.9132995335818964,-0.5955607820175848,-0.565860860719695,-0.4724565778784919,0.03113124192508751,0.0624960803794858,0.0
-0.7713188177331898,-0.7614109579811864,-0.39888590933099555,-0.3391021097414515,-0.07939418571532841,0.009922903498982715,1.0
-0.8113465599900258,-0.5771422338587785,-0.672009012779547,-0.48678770102724883,0.43722545357073467,0.06672414262655049,0.0
-0.9307133447315512,-0.6251831131462184,-0.5140884993616656,-0.4220909036474935,0.21531067881247382,-0.09158326557151156,0.0
-0.9487127074250544,-0.5707206884736022,-0.4916676914490674,-0.43875477850784445,0.17650481564475257,-0.06412389276804437,0.0
-0.9620322232540771,-0.5385772667750509,-0.4718906653181215,-0.4438420558235162,0.3718072314749292,-0.02351433644803338,0.0
-0.9534271319414258,-0.5646428872070541,-0.4964569338613433,-0.4376582219249615,0.39559680546268655,-6.047586947088932e-05,0.0
-0.8834145038262341,-0.6507632036106814,-0.5194252818877401,-0.448839128365823,-0.17494975575692034,-0.038445032251888646,1.0
-0.9747117096682069,-0.5071689586534052,-0.41854387671493276,-0.44253229649680825,0.3338326262401322,-0.004293443719515018,0.0
-0.9454789905072217,-0.599635974972746,-0.508643661710073,-0.4359993701465691,0.09139483902467228,-0.017294468160842746,0.0
-0.9855810091188375,-0.495522398676606,-0.39291896357226036,-0.456228161214725,0.021456981324527155,0.07891627331869035,1.0
-0.8168871369512943,-0.6769998055051205,-0.3415262665118358,-0.5048752218542066,-0.4001240716013308,-0.1785264110800653,1.0
-0.9697261389627095,-0.5230099129172788,-0.4291729272425912,-0.4565001165426804,0.049562240782910404,0.06903904406915067,1.0
-0.3129487608868482,-0.40462768036911634,-0.8006784748276083,-0.4070508085856552,-0.24324806521421255,-0.06343742157024972,1.0
-0.9435035045645913,-0.6319157498353751,-0.4943888033957835,-0.384881505264925,0.18648661230139466,-0.17745139811087368,0.0
-0.7675175387626494,-0.5068193745014724,-0.7326002049585266,-0.5623384434812386,0.4650095670179364,0.1211680367292876,0.0
-0.841398325158469,-0.5446110056702397,-0.616080993267002,-0.5050425803184919,0.2683661737691607,0.09310023448489373,0.0
-0.8727030269709007,-0.627026661906795,-0.61562768117934,-0.47554697706430715,-0.04960109695272033,0.06673097894578318,1.0
-0.9633466668789136,-0.5828589065858182,-0.4452103371067886,-0.4120981158390862,0.22652230984885374,-0.13581522535774684,0.0
-0.9747671796771266,-0.5369193147001015,-0.4551358980011656,-0.4421487675445637,0.28734210253454273,-0.006554259904991945,0.0
-0.9847040585848216,-0.5200539244296136,-0.39947534515053695,-0.43775260798836213,0.04844002391606041,0.008023754471847909,1.0
-0.9592377282720037,-0.5853533452399009,-0.44486590467061876,-0.4325949998827128,-0.23196513760022175,-0.04236840474700232,1.0
-0.9594497663069919,-0.5736411750232369,-0.42836824498243514,-0.43618427546398625,-0.17953590333778818,-0.04372669041224605,1.0
-0.9348597831677736,-0.5755064780074763,-0.465064411198997,-0.4348437433217625,0.20829457942458746,-0.07581713899311762,0.0
-0.9726405381737161,-0.5460324466163831,-0.4519348688489412,-0.42953043172263944,0.2898195248617892,-0.037523335884436876,0.0
-0.9425545996001123,-0.586258916697993,-0.4524494417157253,-0.43818136208194663,-0.2888454927466627,-0.03232847020459745,1.0
-0.9002396823043876,-0.6421310170948094,-0.5601673683375165,-0.45382484464607054,-0.17142313591135394,-0.04606576272635865,1.0
-0.9443594694673499,-0.5990524867359373,-0.5117596124940716,-0.4292982576525637,0.34163653584287157,-0.039849268185369616,0.0
-0.976177633127634,-0.4739577728698328,-0.3971634391325197,-0.4733087568994443,0.023123147161152935,0.10093454615146699,1.0
0.08496201645578338,-0.17417142601537,0.0508516388171939,-0.7727095583965584,-0.3226344217255095,-0.7200521055469628,1.0
-0.9731098633301174,-0.5357230152056878,-0.43850342466311965,-0.43359072673409826,0.1537531690747099,-0.024268958374900583,1.0
-0.9715996585328253,-0.5479198134771379,-0.42560930870469976,-0.4353718699824408,0.09865011157440773,-0.061841872145734465,0.0
-0.9902827814953112,-0.4644661749807393,-0.3926230545006042,-0.46313104150547846,0.2995081374345875,0.02775147842716663,0.0
-0.9760076055872436,-0.5231198134621062,-0.4296842130306838,-0.4588427670528643,-0.02267032736587228,0.05412652331898744,1.0
-0.9143921582719652,-0.6105804047401481,-0.5361746719904097,-0.4551204770624966,-0.03951285415226438,0.06454826799382471,1.0
-0.8940264682515084,-0.5359180812100426,-0.5850889058654822,-0.4804124814435229,0.35365849048751236,0.13861052062279183,0.0
-0.55544180161272,-0.8966742783392717,0.07415454000575505,-0.35756023970565054,0.8867877793811185,0.4677097602214523,0.0
-0.9871469908105368,-0.49364149989828393,-0.3941068982663819,-0.4565087805012067,0.10180125972761346,0.06645567004750298,1.0
-0.9741474308422038,-0.49145482144629254,-0.43406525867105195,-0.47837160481144336,0.021180290751557293,0.10360788698839844,1.0
-0.9589609451921984,-0.5306201956220099,-0.4707183473276244,-0.4591364941899027,0.10878864126952036,0.07210945322715193,1.0
-0.9864730016425106,-0.503049965716274,-0.3989815111195866,-0.4528747116833726,0.027811562415636565,0.04737939806875209,1.0
-0.8773150694470558,-0.5722028668533776,-0.6315538414654361,-0.482450330295645,0.49537527851251506,0.07559222102940846,0.0
-0.9894449849585918,-0.4936157882852601,-0.38575739011977256,-0.44751565762435036,0.12005359738163182,0.039542635657408856,1.0
-0.9770108822778003,-0.4933257431284384,-0.42642185845643904,-0.4539004577762359,0.40943471547569044,0.009550902549881633,0.0
-0.9507008561883726,-0.5792493618638913,-0.46756454506089196,-0.430026864273755,0.10418631767945319,-0.07217408078497779,0.0
-0.9781642846964553,-0.512404816911641,-0.38269203883862557,-0.44940826398398964,0.008572097298458162,0.028842817577266228,1.0
-0.971971094208836,-0.5287511204231081,-0.38514932001886193,-0.4448132232631949,-0.05805216722363507,0.003064468321780425,1.0
-0.9255410136777367,-0.5943234290041557,-0.4730767412991779,-0.45017509839095193,-0.2008864809759322,-0.010136615161138538,1.0
-0.8929948494823633,-0.47769975547354016,-0.5090780598098735,-0.4957293115636933,0.20227902423367244,0.07796739146162318,0.0
-0.9566171865803097,-0.6082384200665398,-0.41169780539798106,-0.4144404837020635,0.0008499541543766781,-0.13247587024362262,0.0
-0.8953605409714374,-0.6024096957296177,-0.5952456002453864,-0.45366949122688077,0.4318236226044564,0.05053978192363628,0.0
-0.9246012360022167,-0.5148466790036136,-0.506392789809422,-0.4880814267124519,0.0602275820578117,0.11685268726383778,1.0
-0.9602565517342555,-0.5538525805445488,-0.42502659699203515,-0.4409754808585541,-0.028771894309435886,0.012669679530547321,1.0
-0.7679565264224476,-0.6607206558663947,-0.6143042265205687,-0.4229303224741978,0.34379541494915533,-0.1521360573328309,0.0
-0.8055276396530445,-0.7778921716180549,-0.5414302832565067,-0.3524246008950874,0.3639773270549443,-0.15308426030506136,0.0
-0.8066691984378587,-0.7426371337651247,-0.22990724959970157,-0.36929179852902483,0.3269050104950706,0.016182437606932006,1.0
-0.9257679065000219,-0.6079404804684029,-0.5700067756881727,-0.44937339250862635,0.16925444753362592,0.044896085770104836,1.0
-0.9415936247684619,-0.5932643962775571,-0.49761607395621005,-0.4134233750513832,0.17260133917732745,-0.1323599675001848,0.0
-0.9707269335595475,-0.5045553774623338,-0.41997893868950936,-0.4500983617688973,0.31036051174092655,0.01599048002150716,0.0
-0.9068929365562485,-0.6370528629586932,-0.5059195420681452,-0.43463335169530015,0.14641607882164587,-0.07664366475949416,0.0
-0.8285751625874458,-0.7380823225512314,-0.46754979056853896,-0.4078807932557692,-0.16969411255292544,-0.04665507046641559,1.0
-0.9350536982304127,-0.6321688093982142,-0.4925029504845491,-0.4192781358598578,0.172752050635829,-0.11344609879775175,0.0
-0.5360605299684728,-0.5301683380620263,-0.9485081996821993,-0.5253605343576134,0.5009775877433119,0.029123929017611346,0.0
-0.8882830166614265,-0.5760182930367719,-0.5581341892278865,-0.4703006795114076,0.4149777742145589,0.007416063829120932,0.0
-0.914513183210745,-0.5687341188376651,-0.5452740306768469,-0.4781418542001264,-0.005782333911673931,0.08595047010792757,1.0
-0.8240924660945904,-0.6104493356609973,-0.5763586818788999,-0.48634100430613797,-0.15359442127667788,-0.001178626188694202,1.0
-0.9746844874485018,-0.5159199743257954,-0.4313675005120359,-0.45458645470485587,0.05577159595216249,0.05432657295123587,1.0
-0.6115771242054031,-0.7172969341613294,-0.07926051175539806,-0.5973754591922843,-0.09413418684823141,0.04757636754800125,1.0
-0.9633323872095578,-0.5405587988397607,-0.4470752280333771,-0.4499441234059731,-0.02601239302799782,0.03640077376661166,1.0
-0.9579805233509087,-0.5664047888859192,-0.455515319947711,-0.43549643847402686,-0.04754928933927158,-0.022723962891796096,1.0
-0.9175045115963699,-0.5959045654483381,-0.467727468715923,-0.43377413431838296,-0.061633476591948066,-0.027098916090970676,1.0
-0.9580162107189462,-0.5891254116171132,-0.4832146233593029,-0.4246263426637802,0.3011408840275676,-0.048860789270158037,0.0
-0.9088077926048156,-0.5454751734252957,-0.5288187180544226,-0.4947648796553497,-0.010277222447613574,0.11348063124055807,1.0
-0.9721284774224963,-0.5485876407250762,-0.4403595805645171,-0.42804945560892704,0.22479804564641181,-0.06102875061546584,0.0
-0.9838751515534385,-0.49126877878867276,-0.4075334603541419,-0.4546072039657004,0.14548112294238855,0.03302593800545008,1.0
