-0.978500756421725,0.000759366299761012,-0.5534744520456135,0.21439412036812996,0.0
-0.9386237059952647,-0.08705071289971691,-0.6139189319889239,-0.12577580681369838,1.0
-0.9688731325863128,-0.00670634795931585,-0.5863679375948214,0.25857807516973563,0.0
-0.9004733662030515,-0.10994508524295289,-0.7071840653537679,0.2084830792002223,0.0
-0.718452302217231,-0.33231776613865355,-0.7117314291651138,-0.06799052396664423,0.0
-0.9731155936374057,-0.023952586438396796,-0.5590942144285471,0.22829780953129833,0.0
0.19273904588464275,0.5728644444820201,-0.3150136387414073,0.09918486873557118,1.0
-0.8302692451713816,-0.23330733747049803,-0.7268282134757681,0.015954782496430713,0.0
-0.8862094361356818,-0.06944498842060444,-0.6863951299983435,-0.2109490536490103,1.0
-0.9777734431027949,-0.04329520257101905,-0.5561129519231556,0.08400044794107443,0.0
-0.6167775761561695,-0.5746977019594991,-0.31536773154024605,0.6037669875608501,0.0
-0.4781605637446598,-0.318211538715549,-0.5370124835312947,0.6065601733011428,0.0
-0.9843176713365688,0.011056213122182218,-0.5501249788029475,0.08656706555677565,0.0
-0.9454787775247206,-0.0594041141375848,-0.6570010548526615,0.29638156075494526,0.0
-0.8965550137836233,-0.16108410417252658,-0.6693036339363929,-0.06117905907939271,0.0
-0.9529648089766581,-0.058912985686683815,-0.6012628114642931,-0.1729714504614203,1.0
-0.9499813650111348,-0.017932947989860323,-0.5986044092081427,0.11961044361263286,0.0
-0.6782019704082045,-0.017595949085901626,-0.7582589248573657,0.08013144477568113,0.0
-0.9482305976307944,0.04311082725555977,-0.6010942706807847,0.27033313659347236,0.0
-0.9805244989417936,0.028184196789696456,-0.5424735374847335,-0.007490955686229241,1.0
-0.9151302617298614,-0.21050773161848949,-0.6291326227353383,0.09273039539465025,0.0
-0.9826856702792878,0.005481752214086588,-0.5482832828638329,-0.0123107974388151,1.0
-0.9684352922545224,-0.003867749341295322,-0.5716049226151158,0.20635535815333964,0.0
-0.9580907691584475,-0.008095300888719993,-0.6005242721203005,0.30773093933854745,0.0
-0.9820776109940039,0.01844278028123772,-0.5330954122953887,-0.02412577906954432,1.0
-0.5874490841544311,0.015419024628241504,-0.8968378392749354,0.37191244979270116,0.0
-0.6639592217819998,-0.14911543157811197,-0.6915496515593385,0.09781881233747776,0.0
-0.7868327952300342,-0.18919740062338164,-0.7550020595793738,-0.3753035013849636,1.0
-0.9689310690244347,0.005153628899957859,-0.5963784770253189,0.22024892532599222,0.0
-0.961897882301959,0.0016338496989722895,-0.5683491657275552,-0.10946731751089217,1.0
-0.747036802299085,-0.04396473045823829,-0.8273618005710489,0.35950587488890323,0.0
-0.9388474607422341,-0.0615181760423432,-0.6168206343360263,-0.246219868800027,1.0
-0.9374083958686538,-0.08519137806170496,-0.6122732598990035,-0.009070316755843254,0.0
-0.895327634458416,-0.12360133886958181,-0.6983271844440271,-0.09207651421771171,1.0
-0.9399354507860316,-0.049138405772676,-0.6213516667979309,-0.27622687939103374,1.0
-0.9683273218439682,0.005060069511574901,-0.5888295139447165,0.27890337870572535,0.0
-0.8792438079008082,-0.12929764329330676,-0.6742505305059792,-0.043696459503408266,0.0
-0.9452186824108578,0.007281823813801297,-0.6043132428099599,0.2850709093989343,0.0
-0.9366137571149231,-0.08770867909360096,-0.6128462501676478,-0.3432207205548027,1.0
-0.7761728631901798,-0.040917851344831974,-0.7322007516252935,-0.22424341899805209,1.0
-0.9885498121768942,-0.01563990175472453,-0.5323284443797479,0.11868767670885189,0.0
-0.9562570148472559,-0.01312407716423969,-0.5962463832805389,-0.0711537651207065,1.0
-0.9514378476522038,-0.04434603177473649,-0.6119835428647736,0.18292013177842908,0.0
-0.868466210125373,-0.07878973188252354,-0.7301951259705722,0.20599531083836717,0.0
-0.9244702643381041,-0.11136244075973525,-0.650250654430424,-0.09071426073034092,0.0
-0.9829393063029457,-0.022725764339104976,-0.5646082009845512,0.2861066669823951,0.0
-0.9799453133647229,0.026863997747753082,-0.5447280834801171,-0.022578694808469593,1.0
-0.8613387939638828,-0.10473531176478548,-0.7375792433167662,0.31182732117396744,0.0
-0.9615578360468618,-0.05463380857566553,-0.5911595397870537,0.22324413937132245,0.0
-0.9734276487887782,-0.0007399795936823481,-0.5594759898069334,-0.0883577406407278,1.0
-0.9387793934754631,-0.06238085648312057,-0.6147153634712992,-0.2686277668128515,1.0
-0.5454239218594352,-0.45676952771120966,-0.5666741172527241,0.20639381242675858,0.0
-0.8891619740433123,0.10013486236147215,-0.6272283686955118,0.06519535712297367,1.0
-0.941850261909513,-0.02822214193975022,-0.625003866261895,0.0012025902423066955,1.0
-0.9283740171423047,-0.024921718440948322,-0.6390171014134348,-0.04681113054341697,1.0
-0.8178978566261516,0.033074707863655406,-0.7572104878950112,0.3491647168621114,0.0
-0.9739903570065929,0.02257023531337299,-0.5412077286042996,-0.037692140501002704,1.0
-0.9643064692328752,-0.021850721159263467,-0.5754619589894837,-0.13706513260121664,1.0
-0.9721500048496001,-0.002322188120634186,-0.5594995937545328,-0.014416030706109341,1.0
-0.9021474322032148,-0.0048149561303601,-0.637803030818151,-0.029864132691865962,1.0
-0.8603604391770922,-0.06569962677882821,-0.7680038966766399,0.14312089551811663,0.0
-0.9350126019142347,-0.05034401546118945,-0.6384238614598944,-0.12186423502630261,1.0
-0.8978906406491237,-0.14144193209049905,-0.6954843801461426,0.056303249314415535,0.0
-0.9708387652095813,-0.013049865210956274,-0.5765727531490193,0.238609645263262,0.0
-0.6976452294316898,-0.12162855941050549,-0.7135486167541983,-0.36604272332258847,1.0
-0.7517126595616167,-0.1599590128431893,-0.8447438582950494,0.27602511269712704,0.0
-0.9050594613174952,-0.09087226758470096,-0.6392933467709963,-0.2911465116882976,1.0
-0.7504361064458047,0.08028420351227106,-0.7590750778266929,0.2947785310720208,0.0
-0.9479001914362433,0.09389998728926471,-0.5393809221205633,-0.062026473585048564,1.0
-0.8674898028845308,-0.09817899428244996,-0.7341270240600231,0.18185670785168565,0.0
-0.8941195722635642,-0.12776263420292733,-0.6967645675009628,0.17769539267306614,0.0
-0.9048879475918864,-0.12591887203718363,-0.6937494823699394,0.03566709229852312,0.0
-0.9668714995368715,-0.030438143748806584,-0.5813941918162959,-0.13121391346795455,1.0
-0.8968266152905316,-0.02601987408160829,-0.6705865813230012,-0.05341759095233488,1.0
-0.9532272560724048,-0.02921516026583565,-0.6024617581800765,0.11956918257530556,0.0
-0.6974061561258525,0.07627218419355294,-0.7545904588672504,-0.06965621732304395,1.0
-0.9581059185747041,-0.032043128381761515,-0.6133523708602062,0.2101397923493829,0.0
-0.9553290141710604,-0.06652604974798897,-0.6135325435986352,0.015241713527128062,0.0
-0.9391434588400918,-0.0919233516559813,-0.6328902018322965,-0.21539984737864745,1.0
-0.9518160382853357,0.004686535746022125,-0.5681725135264972,-0.07251952353306847,1.0
-0.9823188186337648,0.014978626379130874,-0.5410677292320316,-0.02665207390777382,1.0
-0.911841957686497,-0.13798014818265503,-0.6795223364251707,0.07712134337056409,0.0
-0.904646963055786,-0.11921231772767103,-0.6896020608630167,0.012411654085426905,0.0
-0.9399618858219523,-0.06438068908183751,-0.6210959905880207,-0.28687903730172826,1.0
-0.922323468184768,-0.10491039267880413,-0.6370406637887069,-0.2457643717753925,1.0
-0.9557876643004655,-0.043222372272660785,-0.6116871478783663,0.0287058469627856,0.0
-0.9868366404336268,0.004119033789755332,-0.5385468549254965,0.2416563201733507,0.0
-0.833965659136906,0.03099922242048403,-0.6583758136592466,-0.16646968431876105,1.0
-0.9046402426955581,-0.08359799307803115,-0.6437544438466641,-0.20924385073983243,1.0
-0.8055787492888292,-0.30433265363563916,-0.5609739687225379,-0.2555152072093869,0.0
-0.9711202330994539,-0.04119921789623238,-0.5881294290402049,0.02704040886675603,1.0
-0.9711333724880085,0.06467267384812025,-0.5361990789714306,0.0395681142971649,1.0
-0.9265933199266494,-0.01612388994454146,-0.6147367429610304,-0.05576110626708669,1.0
-0.9530919484330389,0.03164264287359149,-0.591413687537377,0.27729416187418593,0.0
-0.9665606116486886,-0.02054300020395812,-0.5884739210938225,0.15049459327926046,0.0
-0.986339978993369,0.013958713229912018,-0.5219240627167836,0.09425545081834638,0.0
-0.9448194247128697,-0.03984817083132964,-0.6266551047149439,0.28960596653240966,0.0
-0.966857588428579,0.05113761246005123,-0.5692656548172951,0.3509890481679831,0.0
-0.9817200231591342,0.05502875197078515,-0.5338375239179811,0.049475478237507906,1.0
-0.96027090077343,0.0061548841321757836,-0.5715475168301639,-0.1295931447613661,1.0
-0.9792088114532231,-0.0014471045186986303,-0.5423871170557528,0.12793063867298765,0.0
-0.9578763819207969,-0.07258387256638607,-0.5996481740429391,-0.01599819041627258,0.0
-0.9514021914966443,-0.0051076349300320165,-0.5930670155763701,-0.11406183824805721,1.0
-0.9541998237344332,-0.042954059824950534,-0.6030020613806839,0.19793359849088688,0.0
-0.958896841748147,-0.04223668459928738,-0.6055228334171789,0.10469384639605235,0.0
-0.9527831252790369,-0.017780397856515695,-0.6225421052260413,0.26186465581555163,0.0
-0.839727497574986,-0.02609177215996889,-0.7406099187107394,-0.025208884311584606,1.0
-0.9407672803343716,-0.05096971095912697,-0.6456821139526149,0.2799951963242273,0.0
-0.955033435108164,-0.08459075724684256,-0.5979496231222903,0.139401227386303,0.0
-0.6443982114846969,-0.07774642997239442,-0.8144210872518765,-0.19908017751987503,1.0
-0.8595723895494325,-0.03770916751710537,-0.671377875836312,-0.2393792233712167,1.0
-0.9127503014324098,0.04154459357341991,-0.6353609364886054,0.2852563719649132,0.0
-0.8242374419504473,-0.054399108397528595,-0.7108543801888383,-0.11736871673441704,1.0
-0.891048050160088,-0.05921514822920204,-0.7320231730016452,0.20734750295948282,0.0
-0.9611703841099294,0.012579161715943338,-0.5821236128264584,-0.05089626951110089,1.0
-0.9449502308880626,-0.1081105906251574,-0.6100828226560773,-0.32936542783283557,1.0
-0.8957930982690339,0.014369501324560177,-0.640643780154853,0.33432482644938655,0.0
-0.7546805164649008,-0.10248032609462088,-0.7980010317858149,0.2596110461473744,0.0
-0.6123260245966802,-0.02446718954040579,-0.8429642159851422,0.321862779510067,0.0
-0.9170418604892652,-0.1655460442793869,-0.6434101503048768,-0.09541217698696605,0.0
-0.8614182942636539,-0.14739219291713135,-0.7559716067270896,0.12565421299718454,0.0
-0.8807734627694039,-0.013742304739246751,-0.6541458839742744,-0.20693287720789022,1.0
-0.8677679503866883,-0.064274161509046,-0.7562262005320787,0.09274273027590603,0.0
-0.9123235819586754,0.048287626690487084,-0.6201115621602231,0.1112204356484557,1.0
-0.9818633970182483,0.04213646689706324,-0.5381236435358867,0.19171455687966896,0.0
-0.9154341838589747,-0.10878087625197157,-0.6410686569991391,-0.3758004774725621,1.0
-0.9773155645570992,0.035437611400637004,-0.5495942616178877,0.08858875501504283,1.0
-0.9815137052592886,0.01951899576948922,-0.5597189320013441,0.2905649306198186,0.0
-0.9311589181268,-0.09479680077873442,-0.6197525239313635,-0.12337441451096706,1.0
-0.9701017785591606,-0.07291924205323141,-0.5766977071427242,0.19278296469423434,0.0
-0.9598495935918628,0.029664732783538955,-0.559690241086624,-0.015052554922431044,1.0
-0.9572044960988,-0.05775045677361218,-0.6208955762350477,0.14120825334388248,0.0
-0.7374151489006712,0.06325324727932079,-0.7935433031375109,-0.13326428585193528,1.0
-0.9735847161975278,-0.018415314790568627,-0.5534251771596638,-0.17252065571928316,1.0
-0.8934755976460075,-0.1439420000469347,-0.6981802040922468,0.13292559093797807,0.0
-0.9282699399930681,-0.05719519179401247,-0.6136699623161379,-0.3156037703094475,1.0
-0.6896786401688073,-0.33608749010391986,-0.7550024194681504,0.22639417197259398,0.0
-0.8212146777896837,0.07401445269918011,-0.6905595687034779,-0.07888575280744148,1.0
-0.8624354141534885,-0.13245395215949252,-0.738472060398176,0.20428536783799803,0.0
-0.931837064552518,-0.011376793157171522,-0.6464715641858291,0.022796003423440372,1.0
-0.9819705760746581,0.022672842530743864,-0.5367140665067485,-0.022217995509092772,1.0
-0.927853920153627,0.008659660585716142,-0.603416711174126,0.23515136094472633,0.0
-0.8738240281567,-0.08054057170683399,-0.6593918483487933,-0.2190719530529746,1.0
-0.9642696411661473,-0.017459836293176552,-0.5810027621799048,0.06340211163954523,1.0
-0.8306232782182932,-0.1580625420194506,-0.7129327581315208,-0.14227194068547266,1.0
-0.9714330877357332,0.05330397105103005,-0.5483665541866649,0.3233372465034396,0.0
-0.4004569828480629,-0.29561503519087234,-0.8257100410983901,0.6458002111650797,0.0
-0.9178838002375032,-0.055152424647687485,-0.6560522570006787,0.2845554993739065,0.0
-0.8812262978424454,-0.17205532034725646,-0.6991235185648352,-0.3764920933430996,1.0
-0.9263971166781187,-0.14702825088549504,-0.6337825508248544,-0.4450056283761606,1.0
-0.9375049319059352,-0.13229395329346053,-0.5949510493495948,-0.4025672807648946,1.0
-0.9036930266950499,-0.11882556510790258,-0.7101859787232357,0.16393233806842872,0.0
-0.8694649941251256,-0.16970568708108416,-0.6982394375751061,-0.22633031754813088,1.0
-0.978559052673976,-0.023780356130304152,-0.5543745156893282,0.18692418631408098,0.0
-0.9754769277670219,0.01706969136128801,-0.5602447310601487,0.29329946303660165,0.0
-0.25576071065017525,-0.6762811524287875,-0.17881184872355566,-0.04812723147497626,1.0
-0.8600874873296139,-0.0462441868375826,-0.7254268872038389,-0.08348002891035232,1.0
-0.4498074070434049,0.005481887655752554,-0.7972199642480301,-0.3045607399822433,1.0
-0.9497521023402684,0.00077689194110038,-0.5967156499848594,-0.06144814674975098,1.0
-0.8595873731195547,-0.05710419882300802,-0.7857774877371737,0.1067843833163494,1.0
-0.9254192628059963,-0.11794093980738868,-0.6448174268398104,-0.18617142812669843,1.0
-0.9628426690906263,-0.03911803058189446,-0.6048385356251483,0.1859540252242719,0.0
-0.9584258299267229,-0.07227570526377303,-0.5893498886100323,0.04412917108818332,0.0
-0.9665534253540609,0.0018565686976758922,-0.5736201832781639,-0.034497085294150256,1.0
-0.7913354910904741,-0.03993676716226163,-0.7673939365630618,-0.07555149300250082,1.0
-0.9651438546926644,-0.024398301305661542,-0.5971754075804592,0.13570250388993776,0.0
-0.970075471042356,-0.03696327148393869,-0.5707630190926787,0.22519907539611103,0.0
-0.9873917024822018,0.026506632463272714,-0.5207082186003761,0.3405454984839936,0.0
-0.8198211737184281,-0.31789913632326344,-0.6057893663296603,0.20280993178505385,0.0
-0.907916098795813,-0.08854575376778055,-0.6548301242573524,-0.29112903099626697,1.0
-0.9803287992300791,-0.002401200810381983,-0.5568106167813996,0.22325979000181062,0.0
-0.8934801427064174,-0.03417781038756888,-0.6905653559290601,0.26840068088524327,0.0
-0.9334377891076615,0.0019996113042362457,-0.6279817164686938,0.030422739406837956,1.0
-0.9347020393461735,-0.06449806473568409,-0.655288891399919,-0.20309985584608287,1.0
-0.9147161900328901,-0.0890845248409283,-0.6189902995467238,-0.42561992376753366,1.0
-0.9043262756380096,-0.08958980552982863,-0.66217769293299,-0.39297388612809897,1.0
-0.8978774348060244,-0.14220232453574327,-0.6661479312717814,-0.37590426793668513,1.0
-0.9600199314635929,-0.03888765349424299,-0.5803473528359788,0.0009899909746561991,0.0
-0.8826457431809612,-0.10721645815939161,-0.744078426910151,0.24128127450950995,0.0
-0.9062132660293964,-0.08541297141189778,-0.6618772448286383,0.04774121306621656,0.0
-0.8646428552412573,-0.16147428090451027,-0.7180675475612742,-0.34318305478664374,1.0
-0.9617348929293505,0.018780531516046958,-0.5751783280429895,0.0032089624776896787,1.0
-0.33442637630309013,0.1778315176032069,-0.8888096134555552,-0.09561867354073794,1.0
-0.9654181089520142,0.009184913849668547,-0.5660504831857351,-0.06961632247095924,1.0
-0.8869287879195743,-0.0931136232776865,-0.6576030529408884,-0.1623050562668276,1.0
-0.9402396192455301,-0.07234274805181837,-0.6348678031327455,-0.11219846850396759,1.0
-0.9762184880000296,-0.04688922871007907,-0.5686410433057836,0.19721744123960222,0.0
-0.9410852845475601,-0.011114203331324894,-0.6404531821286801,0.3815593496828218,0.0
-0.7959593821016139,0.008265095997262259,-0.7309551781744403,0.23441716065434398,0.0
-0.8833198629578579,-0.03344091743995122,-0.73372130760266,-0.10224298242288647,1.0
-0.9862180172681893,-0.0033102069835627135,-0.534281915056567,-0.02871229880743919,1.0
-0.9671177763913006,-0.004445471892496888,-0.5795006101522039,-0.07834898919091615,1.0
-0.9780963325813142,0.018492109271154133,-0.5365720631061159,-0.07525361260493921,1.0
-0.6967783072432822,-0.12372541534722724,-0.8209560901270301,0.2365848732830935,0.0
-0.8828351391738165,-0.006920262227975184,-0.6606305526089769,0.12115488356410002,0.0
-0.9224355421010202,-0.09856234479265873,-0.6419451981507139,-0.3458081422594876,1.0
-0.9671313341877508,0.031103952943608543,-0.56796514195794,0.3295842451744073,0.0
-0.5585309724186911,-0.19237458854599018,-0.5133049948243389,-0.5392583821985988,1.0
-0.7287692850293247,-0.11385247387825242,-0.74434190501003,-0.27652093990489923,1.0
-0.13546826374759358,0.31258662447038443,-0.7880764563310965,-0.1944679767596916,1.0
-0.9463596532724674,-0.054024979610668385,-0.6329381838353348,0.173025627138145,0.0
-0.9531275007534397,-0.042745370339293993,-0.6124223865115271,0.19039152176286608,0.0
-0.9028217634510878,-0.10753226545817249,-0.6826586493308154,-0.3866789852445806,1.0
-0.9146904336630166,-0.04927524716704608,-0.6706128957912748,0.30491876577229604,0.0
-0.8817718164014495,-0.13406807699512852,-0.6678803710207921,-0.43378543437889655,1.0
-0.9026632869188304,-0.08031791349459214,-0.6997051471533755,0.14419319947996437,0.0
-0.777557887460962,-0.17787760841620442,-0.7112930750591873,0.10639027599577684,0.0
-0.9209868361114448,-0.11347276685015084,-0.6511099633546011,-0.3226246719270049,1.0
-0.9692727545824542,-0.03913780334077864,-0.5812067140851384,0.16343681892804238,0.0
-0.983827790745258,0.025410307475694074,-0.5336587710954096,0.05854862738326342,1.0
-0.8878109624914411,-0.14595170413522007,-0.7049138103784691,0.19153222997771382,0.0
-0.9679627515797075,-0.0017682139309328493,-0.5695366090125761,0.2441203043131397,0.0
-0.9486960027548785,-0.0696794966159722,-0.611282106852509,-0.0924124007770762,0.0
-0.9684176924056135,-0.025664775516770093,-0.5893670393003703,0.15174709302329994,0.0
-0.9242447476035827,-0.1484216647223182,-0.6423060472601602,-0.012321625543656085,0.0
-0.9394647942330773,-0.1014429318611865,-0.6473701593639768,-0.011595574534436985,0.0
-0.9493056943735476,-0.05794573177103679,-0.607008860937354,-0.22197811982968246,1.0
-0.9282814464329239,-0.010518344825989512,-0.6544050519208571,0.263246449713077,0.0
-0.9417811146624627,-0.06430073720014842,-0.6189937671585367,-0.062102744528381604,1.0
-0.9354039570518267,-0.062408225267890985,-0.6070536546273204,-0.07054593484335607,1.0
-0.858565405648477,-0.12832222497458667,-0.7432490309560279,-0.017842341541865064,0.0
-0.7393521906599035,-0.13154511299091126,-0.6634485041965195,-0.5561031808541704,1.0
-0.934387164127371,-0.12374035022344282,-0.6308725341059773,-0.20740560951087017,1.0
-0.9426046224652986,-0.05132753372658189,-0.6261135973586559,-0.224700041487498,1.0
-0.8431852094043691,-0.043568635125441686,-0.7478792744958112,0.21275922410768605,0.0
-0.7269829661551925,-0.2847226238836285,-0.6688273667623161,0.01742431361284788,0.0
-0.9687237437155418,-0.00046386539318278575,-0.5581389192636113,-0.1446059573279195,1.0
-0.982171218576558,0.03006436762278278,-0.5496637194041594,0.13183782038399935,1.0
-0.9409977941792813,-0.12302599693769561,-0.6666874302413149,0.1718134812801918,0.0
-0.9598335475463834,0.006458496742647604,-0.6009400603881655,0.33939530187471206,0.0
-0.9486028274589692,0.014227838053936792,-0.6075654746432987,-0.057581895193887844,1.0
-0.9683379643026192,0.026114178196257082,-0.5553717632501743,-0.06763418726951885,1.0
-0.8907985418235391,-0.027335395384603122,-0.6848507511874274,-0.057881735503286694,1.0
-0.9237583092335618,-0.040763608945320634,-0.6448547182615958,-0.03313626296169279,1.0
-0.4595684052240976,-0.2611580295184003,-0.9380441308586152,0.5857102740885914,0.0
-0.9054149472225271,0.004122855442121209,-0.6483586815435516,-0.14304848097381306,1.0
-0.9473113637947906,-0.0881957117365526,-0.6198976885858601,0.060891731075406186,0.0
-0.9355128770754401,-0.12678581244551385,-0.6170231643248827,-0.2296260047993455,1.0
-0.9536912389479602,-0.029964400605343663,-0.5705703460606023,-0.08437506884713143,1.0
-0.9498556449556912,-0.020148327505209666,-0.6241598730722913,0.19400636968284113,0.0
-0.9627483248928027,-0.02738221440775911,-0.5860026075512069,-0.1071070849818079,1.0
-0.7611783702238427,-0.034395156830904716,-0.8197598154529269,0.41900077762141624,0.0
-0.9728239599180769,-0.004765540792928499,-0.5620254958423009,0.07679478421527824,1.0
-0.9626896673009065,-0.07314869215424857,-0.6150341758621164,0.1094850059531306,0.0
-0.9802128157936042,0.00013355833699641578,-0.554532951009783,-0.16239285707625042,1.0
-0.9440947736462881,-0.03560898272903279,-0.625699224846844,0.13260501473338537,0.0
-0.9646124093259658,-0.04294376428240052,-0.5515278610952414,-0.23172782090578692,1.0
-0.958779544631483,-0.043231879424630804,-0.6009114485150209,0.1596742410097859,0.0
-0.971831948526414,0.03049211812468973,-0.5329764838137631,0.18426156216551579,0.0
-0.9154118263489721,-0.1306790365159019,-0.6450616048200655,-0.2628605925819465,1.0
-0.9162792849515973,-0.09516113052954668,-0.6965193894792907,-0.04790192765631708,1.0
-0.9634125757919102,0.018736573816304905,-0.5544995325167155,0.2639296587571942,0.0
-0.7493952958207861,-0.028213434977127916,-0.772441406298758,0.3443715445445441,0.0
-0.976030768058056,-0.002623937005152649,-0.5547821776878856,-0.015282062567495092,1.0
-0.8092248911433293,-0.18493092987182122,-0.7261037030149451,-0.02906492041367381,0.0
-0.9266048892576594,0.010951083425274538,-0.6435324312560521,0.268070414473212,0.0
-0.90851163465697,-0.04815740802968049,-0.6858962887847008,0.1990253411083427,0.0
-0.048454847293523895,0.2796784503038181,-0.6549456560134117,-0.14125102434974207,1.0
-0.7914516264150262,0.02207429783946943,-0.7559951727921923,0.16462374712406255,0.0
-0.920272961429591,-0.09924671322195416,-0.6151098077367976,-0.18787949776085253,1.0
-0.9385650877747602,-0.05546629703676573,-0.6192469850963075,-0.1715309608647937,1.0
-0.9210489755390505,-0.12660655034258655,-0.6506321673914073,-0.3997888391139143,1.0
-0.954082811223375,-0.055076697843650727,-0.6039987553935928,-0.10096466350319915,0.0
-0.9435225405161722,0.008701122197169509,-0.599499253151825,0.22511061366305168,0.0
-0.93421153150792,-0.052106341000331416,-0.5987546441997844,-0.27898694914872224,1.0
-0.8064671353253725,-0.14284025937012024,-0.7552257555127955,-0.12010200029708878,1.0
-0.9645739081307074,-0.04787982942937907,-0.5906647617781705,0.009068550852750585,0.0
-0.9852717526385699,0.04390044636836542,-0.5233697967924379,0.005550017815987414,1.0
-0.8815842384670228,0.07769753678726812,-0.613012155425731,-0.09415331160305211,1.0
-0.21879818476539392,-0.40434399979137,-0.09202210291081647,0.6362123749842784,0.0
-0.35767726096118535,0.1314705010225285,-0.8467258269772804,-0.05303757476398668,1.0
-0.8557925913122206,-0.17873893206903557,-0.7156902112071356,-0.4027903589702082,1.0
-0.2504265881990644,-0.28735855257296194,-0.856503484439941,0.5577813467169255,0.0
-0.8560916105872822,0.0971844004381483,-0.6322495029006556,0.008608265739387354,1.0
-0.8991987004530421,-0.05314257874545031,-0.6841404399260512,0.02980326102748135,1.0
-0.9007286844073535,-0.045012763215209,-0.6818813747504543,0.09322073793279613,0.0
-0.9401258732285294,-0.10111407665292829,-0.6378572819156424,0.041011088448290815,0.0
-0.9780418491349246,-0.03196924938078134,-0.5514059712851568,0.18525923587661758,0.0
-0.9262358205748109,-0.05359420651361233,-0.6546084925790853,0.18503906725844518,0.0
-0.8894546671515923,0.010957933959684502,-0.6158507727041739,-0.2479700209618424,1.0
0.08162299597820544,-0.051170591024737845,-0.35927006577744164,0.205977065707504,1.0
-0.9256023305092047,-0.10332272426245437,-0.6411181913417737,-0.26196477459691303,1.0
-0.9244244030476261,-0.05105222675637113,-0.6841442715807169,0.25208440208038985,0.0
-0.9539111567420389,-0.03393839644563888,-0.6061063011955944,0.2902246798879141,0.0
-0.9619191934402231,0.004337996535203899,-0.5800389728807456,0.10009832008677878,0.0
-0.9543288325182872,-0.004565676811788828,-0.619563060984333,0.20752524919773863,0.0
-0.8544589907186206,-0.15464201376012687,-0.758978508488484,0.08561222893892688,1.0
-0.8988039554365717,-0.049904160617310706,-0.6642791363175838,-0.24623448720030472,1.0
-0.9549082061130543,-0.057743826718161625,-0.6061813883651194,-0.09556277736003685,0.0
-0.9328900010796461,-0.11542951186938546,-0.6333260162150741,0.08497039480546151,0.0
-0.8748058416552978,0.005996415256107862,-0.7129462722153987,0.33580548208176203,0.0
-0.9392551512125842,-0.09140367451234263,-0.6406858612997556,0.23956230135873838,0.0
-0.9069884427507533,0.0041594598202468885,-0.6291341964707624,0.0018268412214384813,1.0
-0.965912267942162,0.05954694141528727,-0.5568980610971133,0.0023435111245332374,1.0
-0.9729131308134091,-0.034225638670269266,-0.56608869469642,0.19390353339701463,0.0
-0.8967351608466465,-0.12493715648702546,-0.6582349752039673,-0.2586545443158676,1.0
-0.9115591336016591,-0.14004248728608554,-0.683928797518245,0.08667082572407044,0.0
-0.9493652945731317,0.014977362572550681,-0.5948784002041921,-0.05106233800811345,1.0
-0.6589789941918964,-0.3238329306002511,-0.6320000357884006,-0.05746432564666233,1.0
-0.9461126461786858,-0.008815539711150948,-0.6016654339351151,-0.049307350298346125,1.0
-0.9818114491547045,0.006347334512067093,-0.5414907429637217,0.07566156030374441,1.0
-0.8772062622090819,0.056751370001370136,-0.6466983814888846,0.3904847671420378,0.0
-0.4690644402582655,-0.5524179990054165,-0.4150657785840467,0.20572993313103663,1.0
-0.8529230281188913,-0.1496467041811145,-0.6492175995211645,-0.3449698203500175,1.0
-0.9690059781829513,-0.04336460058741454,-0.5848229902031179,0.1433115039376854,0.0
-0.7005215096554956,-0.11155561177571907,-0.7184548737227159,-0.3654727833848783,1.0
-0.9768345394521917,-0.03177539735468324,-0.5454271740727769,0.04998236913971141,0.0
-0.9706336310440236,0.007072358104078066,-0.561726666757,-0.018947231390925613,1.0
-0.9559471675328568,-0.05970483831974209,-0.6047726103289846,0.21758072104573586,0.0
-0.9738853361717651,-0.005271906827419563,-0.5636215374224588,0.2718840450008498,0.0
-0.8022868296692977,-0.16499478452156052,-0.7630640859533262,0.2754587691688697,0.0
-0.9131297297642185,-0.08469530851066419,-0.6798819172056267,0.17316429425529875,0.0
-0.907559484188088,-0.13826514021599037,-0.6805391432383875,-0.38925327014583244,1.0
-0.767627904140205,0.042355331264904025,-0.7843265950288735,0.13293332300261199,1.0
-0.9448314935381172,0.05291132480901854,-0.5670838944093661,-0.07052846293218692,1.0
-0.5558755894287304,-0.4825729079929169,-0.5546009732456956,-0.02478075123919552,1.0
-0.9248944138042385,-0.11509150534491097,-0.6461767562494692,0.09727458319830322,0.0
-0.8643999922679574,-0.03354430073509696,-0.6984849731983328,0.28760538847554923,0.0
-0.7905624077710001,0.05908381411356334,-0.7276535352732663,-0.03951788248368672,1.0
-0.962751058850511,-0.048957150452370216,-0.5897326159722238,0.08711735864254037,0.0
-0.9014392825048687,-0.12353509745547019,-0.6854679532420052,-0.33239094237939765,1.0
-0.9330148758836656,-0.08534549807661004,-0.6616617721614323,0.21029710094673715,0.0
-0.9523686172917555,-0.10055585886323468,-0.5734165332240693,-0.2981319942463236,1.0
-0.9683658239696258,0.038543073765316155,-0.5680383850410264,-0.02461750951659715,1.0
-0.8899262290051069,0.05540479567073846,-0.6514284514487304,0.2612646516243716,0.0
-0.7976250204463244,-0.11876606329421244,-0.7383806408879613,-0.06169713525166118,1.0
-0.7718416023297606,-0.16807834405724795,-0.7584917340991055,0.21165264249338137,0.0
-0.9715256409980337,-0.0032694057019884842,-0.5532381191412054,0.17324566235428124,0.0
-0.9616963226768395,-0.03246412976625707,-0.5749333040274788,-0.005572718718772209,0.0
-0.9661329773472909,0.023084706342627173,-0.5626321240072176,-0.03533114151559236,1.0
-0.9724674468074141,0.014623365641953004,-0.5667054492104086,0.21387046356911402,0.0
-0.9432347367365891,-0.03576666876900612,-0.6252766052490526,0.15755203052345915,0.0
-0.7792701898687314,-0.12862173500119228,-0.8176958192698709,0.24920107943897407,0.0
-0.9530481663173321,-0.039779561438468516,-0.6183560104543667,0.2669662971122715,0.0
-0.935596422380844,-0.12539663263786155,-0.6319288361345072,0.178560191390443,0.0
-0.8810285983377641,-0.2084120368377833,-0.6366404633316086,-0.10325797668403934,0.0
-0.974321105624042,-0.0206611532066225,-0.5524095727188054,0.11893068753141903,0.0
-0.5227329741050202,-0.17120878307444962,-0.5218347415791336,-0.42055850606719714,1.0
-0.9476087793057555,-0.07559934984582216,-0.6374978712420303,0.17820227988655518,0.0
-0.9198318631752996,-0.10919006240786158,-0.6886739935601904,-0.16114699393488424,1.0
-0.8134165884426056,0.04962770681818439,-0.7402930872075104,0.16936973534343072,0.0
-0.9391870662152332,-0.05765023574419252,-0.5973215228219082,-0.2317373485904463,1.0
-0.822968285858964,-0.1788325179837451,-0.7827935721777803,-0.21932568969370975,1.0
-0.7825027119453034,-0.14840910910084923,-0.7543042868897414,0.24770873915950214,0.0
-0.8487614331154832,-0.06065722443086158,-0.7232052326819932,-0.17202340579875217,1.0
-0.1733997842835131,0.10435445683409636,-0.9465459156864218,0.007145475983590884,1.0
-0.8241647472702147,-0.036470954135666776,-0.7766490007136582,-0.0751780392350821,1.0
-0.9072844268143971,-0.0752965951769556,-0.6532355071763795,-0.18067995632901043,1.0
-0.9558930955873215,0.031909807132016174,-0.5804098773064778,0.3254673053319653,0.0
-0.9596415827259546,-0.05107748498802144,-0.601378426164605,0.11694875012044793,0.0
-0.9476775713710353,0.043169825358833694,-0.5760353180773577,0.26413377798606247,0.0
-0.9468749471655183,-0.10402803224412235,-0.634591037717959,0.18985552959565113,0.0
-0.9376189459645409,-0.04558725293081093,-0.627934729976319,0.1466415016951863,0.0
-0.9620692164588756,-0.051405455841051426,-0.60294358435947,0.1543074989902847,0.0
-1.0,0.056334346065612606,-0.4879924664116847,0.2171695010059411,0.0
-0.8752845028189745,-0.0676215011515716,-0.750163795302723,0.2093936918356825,0.0
-0.9646585938882277,-0.06360346896921108,-0.596586127858407,0.1366763986239134,0.0
-0.975607189679536,0.022711395019086075,-0.5614873804078258,0.26772514505608136,0.0
-0.9870382381428834,0.019439006226031355,-0.5220621642775827,0.0460353639464758,0.0
-0.9403817574678722,-0.06688864229292886,-0.6418273334868716,0.11799602714107464,0.0
-0.6925510547810849,-0.23890673682504643,-0.7285818293280217,-0.18982232947214958,1.0
-0.8660612242001651,-0.10947209009647355,-0.6983550302458812,-0.1594655446580162,1.0
-0.9527586917008763,-0.03927170312010266,-0.6078918337906535,0.12881127290587113,0.0
-0.9523567775959073,-0.0193307281906972,-0.619183839398772,0.1968595192099883,0.0
-0.9485161967610405,-0.021498422453408488,-0.6071517501932057,-0.011708340726250033,1.0
-0.9199925854520149,-0.10870644122035947,-0.6255287840129048,-0.17772742395898605,1.0
-0.9705124848980367,0.0036360751248121145,-0.5670954360520829,0.18902864703436761,0.0
-0.9087071626111636,-0.010272888798446789,-0.6174146847512488,-0.19484039464399774,1.0
-0.3172351931599493,0.024015065554270756,-0.6885577778315463,-0.06528123578488657,1.0
-0.7836723652700123,0.07350680194287951,-0.725562159463345,0.2575349868992586,0.0
-0.9844522381061742,0.014052490244221283,-0.5199467527169038,-0.031561354335308614,1.0
-0.6955144905729155,0.1394363887575565,-0.7353411445180796,-0.14253644621007494,1.0
-0.9741523095614306,-0.03440774433772517,-0.5803451845776393,0.166739475838676,0.0
-0.460199833174092,0.017232865323028757,-0.8619182427028893,-0.39505377226877564,1.0
-0.9362796396679198,-0.07723001457622852,-0.6415730355227537,-0.24079676184225213,1.0
-0.968178460789948,-0.04120384798456786,-0.5815413317844521,0.08140061318526523,0.0
-0.8943760224495043,-0.08957659498979473,-0.667174716464177,-0.14291651091010824,1.0
-0.6458023694438922,-0.22144600457720415,-0.4363675389145572,-0.645389515524117,1.0
-0.9759321063290395,-0.0024336412592949747,-0.5544948155312088,0.2504036446922324,0.0
-0.9699062148313603,0.015599961792515105,-0.5577999623780814,-0.024865360304421588,1.0
-0.9068972255510994,0.007649762052063538,-0.6366740377202388,-0.13964231831862908,1.0
-0.9580897610822733,-0.015959634660697997,-0.5973489814880455,0.0678301702259825,0.0
-0.9719392272758621,0.01929043033619693,-0.5847060346958205,0.29028855089878863,0.0
-0.9537410993013541,-0.015938749180991363,-0.6059118842221053,0.2542777669511828,0.0
-0.8451973665807255,-0.1397873190756097,-0.7538163680207409,-0.020046656199931352,1.0
-0.9447634550047199,-0.07227458855923899,-0.5891781229048482,-0.10096717770028057,1.0
-0.9514525423371788,-0.05115332162323215,-0.5927114713504741,-0.10883704680420142,1.0
-0.921286413251522,-0.034265016875140754,-0.6329779777760804,-0.20570445226798428,1.0
-0.9585355725923513,-0.0459412864712823,-0.5828680894746902,-0.1637948983051429,1.0
-0.9440214623618114,0.03306008881644136,-0.6385424324690443,0.30640867784133224,0.0
-0.9319621535964201,-0.04096446489793252,-0.617428791087974,-0.2378384579606248,1.0
-0.9430780241936271,0.0017020262420184146,-0.6058618032692531,-0.035902266940208705,1.0
-0.9819938464435296,-0.026226136529402953,-0.5494625271454432,0.16165888464991773,0.0
-0.8928765647386332,-0.07678885431124324,-0.6910416780744151,0.010341112156467552,0.0
-0.7610176012931383,-0.25830096875008496,-0.6282468444471904,0.35642082502864214,0.0
-0.9557518807658096,0.005563829361074829,-0.6069359562242359,0.3268025784481631,0.0
-0.8887137420686084,-0.0059157141282025,-0.7094435053240083,0.03875959146480139,1.0
-0.9817825025280222,0.00722666321138829,-0.5358377821754436,-0.019730617451360385,1.0
-0.7349544954394406,-0.08123385431674174,-0.755850934580236,0.01812652758882037,0.0
-0.9789761008045859,0.005935015933498183,-0.5509287283690482,0.2368330773113982,0.0
-0.9512263680718371,-0.058953198733154945,-0.6084311404502609,-0.10737222411687741,0.0
-0.6400497530581025,0.09347773638578002,-0.7525019782862783,0.00793920533103282,1.0
-0.8174708332655544,-0.07991550336096317,-0.7636827713472649,0.2365618336316319,0.0
-0.9483071999082707,-0.04371472182729544,-0.6047712236026094,-0.17780761923758848,1.0
-0.9546562674155762,-0.026813889712146065,-0.6205820919763383,0.03145804718251833,1.0
-0.9865023792213101,0.035618846189181874,-0.53186490139529,-0.04237948332158116,1.0
-0.9682554747156732,0.0070927720418008655,-0.5868732043814601,0.28577564471615946,0.0
-0.7062262332938631,-0.22408554333913486,-0.6781811235183766,-0.4768810606112438,1.0
-0.9315391047754656,0.02488128022661662,-0.6418886955457078,0.24258982857099048,0.0
-0.9680169364473761,-0.01694768428323682,-0.5722320647851846,0.2080198274991986,0.0
-0.8491585549979275,-0.03876754397841923,-0.7514321538804446,0.2927919085789974,0.0
-0.9377350475035221,-0.017437926570281717,-0.5946241504469202,-0.24361376079954034,1.0
-0.8619780925616086,-0.1352852881632145,-0.7690745069001846,-0.15795674232402124,1.0
-0.2919375923162656,0.6052400112473914,-0.7373464859313099,-0.036222947205933324,1.0
-0.9690265842424111,-0.05667227160952631,-0.585362560537745,0.18406282869542057,0.0
-0.6428748767673264,-0.35076145528033476,-0.5041059496328893,-0.41884841367104697,1.0
-0.9558623822766266,-0.05469850177135968,-0.6202733670798449,0.08757189128611084,1.0
-0.9745759882093858,0.020937738143828863,-0.5555674640968686,-0.036018556099347517,1.0
-0.9715388530660468,-0.03923431665490126,-0.5755240819159675,0.25916898933757304,0.0
-0.8904697839851273,-0.08586771266274286,-0.6929465735634355,-0.09972249749690851,0.0
-0.9636140975609824,0.010343923484723933,-0.5728067877215772,-0.005135893100142293,1.0
-0.9328520712104662,-0.07385678512684854,-0.6619858763321056,0.24367688925325653,0.0
-0.9052187257029155,-0.11409600385860619,-0.6463899899798174,-0.28204656558241065,1.0
-0.9720735329032036,0.03847832474399991,-0.5404407685175708,-0.009614058152370323,1.0
-0.9581138432047718,-0.04963405182028652,-0.598427174254122,0.149580986271253,0.0
-0.9381521057171749,0.042777530128215766,-0.567500617886935,-0.13720035070178604,1.0
-0.9839301853564868,0.0395452515445328,-0.5489276514184294,0.12367721215035833,1.0
-0.9520305105698655,-0.041479011216748726,-0.5608416874936227,-0.10446187818527121,1.0
-0.6243672513442258,-0.21974379285534898,-0.6539612303001764,-0.1259889518497251,1.0
-0.9260954314283129,-0.047806992729456724,-0.670089445306152,-0.048855390931492465,1.0
-0.8520776268103238,-0.23432984741677684,-0.6968122368335552,-0.06424435304577976,1.0
-0.8617402943266733,-0.12810287450439442,-0.7687738246616409,-0.058309753946174686,1.0
-0.9270937018347328,-0.05346627288523355,-0.6615369069657405,0.2588855845657877,0.0
-0.9585174806468757,-0.03797274445519841,-0.6162145384374673,0.014927814511517307,0.0
-0.5602168210025613,-0.22385671732094164,-0.7029299470587507,-0.28554901818307504,1.0
-0.9169022299507306,-0.06736370576989216,-0.6236559110451787,-0.338047489448933,1.0
-0.9409417683345606,-0.05565584929802023,-0.6415539608861558,0.21166912357218856,0.0
-0.9188591713325405,-0.15273288256831502,-0.6355020617961734,-0.3125578024933691,1.0
-0.9755747691025174,-0.00721041591325762,-0.5756769675463722,0.327074744394738,0.0
-0.9031151017070636,-0.08256025607820253,-0.6501795484838264,-0.345520856282312,1.0
-0.9470015363401729,-0.07647091386363628,-0.5872933740057448,-0.22778638267467272,1.0
-0.9530364178070625,-0.04670416288792084,-0.6003842071254766,0.18596016287990458,0.0
-0.9606858049846629,-0.020692022014549512,-0.5822550417173296,0.2299061100928863,0.0
-0.9545149228214517,-0.03560888236657543,-0.6175799472941301,0.2309942152003725,0.0
-0.9575896211967811,-0.09484440118219561,-0.6048772913234369,0.17822318141850502,0.0
-0.9450716562702135,-0.01780207309464455,-0.613000731661488,0.2243688578139107,0.0
-0.5230159623808142,-0.06143068034169518,-0.8227558130356301,-0.24303960239401218,1.0
-0.9527952122316141,0.05288196403015662,-0.5672888031502961,0.23595945961535508,0.0
-0.9715353856204273,0.013661203318444212,-0.5577379365767844,0.026538498145486242,1.0
-0.8199846286492444,0.03903991205953636,-0.778477173169615,0.20695410784725582,0.0
0.8484521608377718,0.5127136242904682,-0.5101960186050952,1.0,0.0
-0.986347981764568,0.0363532771013223,-0.5296644428723813,0.02940964804080784,1.0
-0.1784998862748084,-0.9087872870997498,-0.3304199582748158,0.6737462840652959,1.0
-0.9480253623767971,-0.013406746331504786,-0.6125110240182777,0.01853155938643778,1.0
-0.4938413175788728,-0.7267721594865278,-0.3590613654342336,0.3624655518066139,1.0
-0.9190178908749065,-0.12533130970596312,-0.6801721483591328,0.1718363229682571,0.0
-0.6902477410309722,0.060542342786502557,-0.832885250773999,0.13718166286109584,1.0
-0.8798762781652035,0.07387156939067438,-0.6346272661815833,0.2009297651794777,0.0
-0.8955321612949633,-0.07126309475063934,-0.7036635597926613,0.2086713954420257,0.0
-0.9433771870861719,-0.07309364787270092,-0.5998059275529067,-0.12184118556581952,1.0
-0.9741244177459961,0.004252754681638604,-0.5686511242974684,0.04023038094246778,1.0
-0.8991274934644832,0.001481945631911022,-0.6766741271195197,-0.06332721431070545,1.0
-0.9541729106019782,-0.005542490507355793,-0.5945638686699282,-0.089276478674512,1.0
-0.9241707741996444,-0.060989418314925485,-0.661948975704616,0.2667226119628861,0.0
-0.9498219256861522,0.007021711300864847,-0.6154152459401406,0.3089762730512639,0.0
-0.9662535021692829,-0.007270523159844285,-0.5681094604415371,-0.06710034116782496,1.0
-0.9796363801174381,-0.028910832487199254,-0.5663310578347052,0.1781983709536725,0.0
-0.7480671736658523,0.07523154044344307,-0.8048349484972201,-0.06785130713480668,1.0
-0.9163113733888637,-0.14373645042861627,-0.6467013704051263,-0.40911671099972774,1.0
-0.9610282588177177,-0.06910664178405963,-0.6026904937246336,0.1587774460871788,0.0
-0.6393891241612325,-0.5878677905231472,-0.33961318980415495,0.6292005512584207,0.0
-0.9740217272538895,-0.020494942202042177,-0.5543392521953353,-0.0503517209697221,1.0
-0.9489783060759223,-0.00864550116705938,-0.6269549722220195,-0.026588242460944767,1.0
-0.956081268176683,-0.023370532376174168,-0.5885806165869873,-0.13891708465634459,1.0
-0.9105860758938122,-0.027308962553778952,-0.6363934343145972,0.2571013435665086,0.0
-0.9773084650006922,-0.02913813794737251,-0.5563851982753143,0.16968093533018477,0.0
-0.884757359882581,-0.03960738906138152,-0.6925078477551408,-0.054363297185701834,1.0
-0.9788392295819454,0.0295552811057513,-0.5479540804424079,0.0366847173124228,1.0
-0.8776555812073008,-0.16598851985478502,-0.6668553820426028,0.005270450004694758,0.0
-0.8951483978060729,-0.12562746931111524,-0.6970117467676951,0.18050091180780042,0.0
-0.5729526334482902,-0.18323554914644058,-0.4297643443932333,-0.6953149281622591,1.0
-0.9002281441564841,-0.03258558264012794,-0.6475249254476174,0.09470087707129857,0.0
-0.9814484437620794,0.018973666504351006,-0.5514460738587874,-0.0029021558284311536,1.0
-0.9789572621368603,0.04224773190225416,-0.5558356445967436,0.31842858685620257,0.0
-0.8520517089569177,-0.1718247205895218,-0.6947731649560908,-0.3626613903904152,1.0
-0.9683087829455254,0.005453442419314211,-0.5790049643939782,-0.04091098662512104,1.0
-0.8856023736156371,-0.16843136914282375,-0.7106596758460414,0.03363727595007161,0.0
-0.8738082555001812,-0.19382493960830738,-0.688835969772239,0.02764364857077042,0.0
-0.8129034512345795,-0.03803313270180636,-0.7565567017572183,-0.17678320047706717,1.0
-0.9740083084344454,-0.03249944176312008,-0.5661035228076017,0.06182631504791993,0.0
-0.9466290865040506,-0.09473750331353827,-0.6021484028685884,-0.14430717020958783,1.0
-0.6631181944219013,0.16586021876615809,-0.8226062604542197,-0.0969872480200049,1.0
-0.8539497735692301,-0.1912827269112083,-0.6691225224783116,-0.5030708254650924,1.0
-0.7334732727069156,0.05632109677505637,-0.826663073463313,-0.10610870479483743,1.0
-0.9537377886595423,-0.0538791913087786,-0.6258044731251107,0.20164314466367572,0.0
-0.7297406896707067,0.06896199748873252,-0.7780584803099222,0.32367419962845,0.0
-0.8387686737529065,0.2154462226177346,-0.6038836165246118,0.4766204582942882,0.0
-0.9635557073660662,0.015156350586719755,-0.5842987612621203,0.15774986198853266,0.0
-0.8095037284283508,-0.097809690681253,-0.7663224627739819,0.2405671794941094,0.0
-0.9004971155734547,-0.09062109568648047,-0.6543112274286759,-0.3783237684499051,1.0
-0.45415911650241025,0.08724139715241214,-0.8989401958016335,-0.17163557754379252,1.0
-0.7474871352210251,-0.2832129406136714,-0.6856924183702817,-0.20606899255447642,1.0
-0.9471938346197057,-0.024512006803612464,-0.6081418287928607,0.020310531702434933,1.0
-0.9073734718307029,-0.14825788617617391,-0.6627917573417751,-0.4157433874105188,1.0
-0.9403811238567628,-0.13094617178655216,-0.6477957048929887,0.030516008746587164,0.0
-0.944330511785652,-0.0644805960139421,-0.5893268641830712,-0.20393184272331877,1.0
-0.9405756945590492,-0.06404625410821188,-0.6467359030245453,0.2865216075655184,0.0
-0.9102483684937724,0.04569273960682135,-0.6344094595959032,0.25401001552491725,0.0
-0.6933371046319465,-0.38412531669023553,-0.6752371464218168,-0.07985873021066314,1.0
-0.933606289570325,-0.12401150919555233,-0.6478835048289742,-0.3101089792162819,1.0
-0.9072199737096566,-0.13594412635132175,-0.6675673335497259,-0.3524761263877606,1.0
-0.942964069082783,-0.04917912391879379,-0.6151975126336102,-0.23797082249644047,1.0
-0.5260715838952177,-0.31827542061753644,-0.5765916555692935,0.09187342628419266,0.0
-0.8893884209207126,-0.16768415677285858,-0.6506766575261628,-0.07865380962995619,0.0
-0.8747797453670403,-0.14712903333487426,-0.7444397352621361,0.1773108763259829,0.0
-0.9767516321563962,0.04195437165690165,-0.5456607716242693,0.17220064477633254,0.0
-0.9732830199613459,0.032107534024080814,-0.5649955637788514,0.19174164105392494,0.0
-0.9789254944675427,-0.0037402492065305368,-0.5590882259189971,0.23112646455554692,0.0
-0.9342918339368176,-0.09524451466244324,-0.6304658216485357,-0.30637806114754385,1.0
-0.42910458253455713,-0.07679432840423736,-0.43500999499740733,-0.3820519022047536,1.0
-0.9620726590483775,-0.055509066232040376,-0.5954862650024151,0.14302347848578006,0.0
-0.6372871412935353,-0.09876422557859246,-0.8065356390422403,-0.1085108470910722,1.0
-0.8967749451061128,-0.04482134211028014,-0.6742660939655897,-0.01998335394893508,0.0
-0.942995225322817,0.005204055744146778,-0.6202910357455838,0.020244398798221923,1.0
-0.6979661761088074,-0.2818508718685735,-0.6580407446803962,-0.03960290331317613,0.0
-0.9168244221514775,-0.15337452562511064,-0.634576233562735,-0.39354017974263283,1.0
-0.9621907235371144,-0.02494537050271927,-0.5557428840149644,-0.10110610130350003,1.0
-0.8398663833382991,-0.16730452537746274,-0.6260818589513488,0.07451871752389361,0.0
-0.6831081524475713,-0.2582985521264861,-0.8207123818597553,0.28271633515724726,0.0
-0.9880405308007364,0.011913668896276791,-0.5212330501872711,0.22478439302538758,0.0
-0.839964340001335,0.030312246642758764,-0.6488054437082093,-0.1528035436263157,1.0
-0.9783094825554821,0.01404415475117747,-0.5534126253529996,0.19379136635089597,0.0
-0.9567436817591896,-0.03320831322130856,-0.5818475490353405,-0.1189558469497893,1.0
-0.9739390969535833,-0.004162461465201973,-0.5611732461927762,0.1701159920871877,0.0
-0.8308092382365472,-0.22395128806945452,-0.6976860232646511,-0.019151919978130857,0.0
-0.37826819704271714,-0.010812474921917087,-0.7748611600183758,0.027624555603818726,1.0
-0.9575328768630954,-0.059661891252068625,-0.6171292914565506,0.18694749914422393,0.0
-0.9542896937220228,-0.03661646548430415,-0.6010917685998814,0.287859757643903,0.0
-0.8440908580622029,-0.014380618608146975,-0.6940339805014678,-0.04515535858810757,1.0
-0.9409368049813676,-0.08560809972442936,-0.6090085297471587,-0.19563901426831717,1.0
-0.6949812250192097,0.011412321873841516,-0.806812353065848,0.001126793981228405,1.0
-0.9276755698610357,-0.11080157111908887,-0.6500038088840967,-0.27956383827939185,1.0
-0.9460618620655364,-0.020291379831836043,-0.6144691563696996,-0.1038648383239249,1.0
-0.8265864702602489,-0.05780497975604104,-0.7505280368141715,0.19666676568679498,0.0
-0.9925603490351279,0.04088313966192347,-0.5190142984779773,0.3071906041164614,0.0
-0.9792015432243062,0.01452630042001292,-0.5357382647740973,-0.007913451275432967,1.0
-0.8821606195301863,-0.06517181757274793,-0.7046860598335903,-0.07800866127392186,1.0
-0.5698864264301755,-0.3929746408007791,-0.29075209809822633,-0.02114262573998349,0.0
-0.9621192242856367,-0.07253892557719005,-0.595223081279394,-0.15331954606218584,1.0
-0.8557314652165753,-0.2121594180081803,-0.736800361751441,-0.4129278034733681,1.0
-0.5123966459669449,-0.3126684630888187,-0.5898564560380827,0.26776973302311313,0.0
-0.5186717760787424,0.33190237282114804,-0.8361444466343425,0.4416253669076488,0.0
-0.9632977989050864,-0.01817984075327069,-0.592651424991562,0.10494028655585189,0.0
-0.9666810873051955,-0.07954987840443192,-0.5845599303320916,0.14674797285928165,0.0
-0.9283714796994141,-0.13868979814891153,-0.636168610770694,-0.1597567084081994,0.0
-0.9375892179827284,-0.04688787449553207,-0.6224009437234094,-0.22562537709635236,1.0
-0.9732343141236619,0.005608995152312543,-0.5567037646530546,-0.07340786049785096,1.0
-0.9615617248785691,-0.06406011677025238,-0.5950364076394269,0.06505304483983324,0.0
-0.9599903188295883,-0.00849876185131681,-0.5854958828798275,-0.09555400675983042,1.0
-0.9571719700600727,-0.02864022791822901,-0.5977592770883123,0.1792614269207251,0.0
-0.7519931464266819,-0.23820924593174403,-0.6677939490953759,0.07945332226933254,0.0
-0.8384024003715063,-0.11835600713539168,-0.8303723577620471,0.0419890106637488,1.0
-0.6804717654552246,-0.06314132843855703,-0.7697672389306078,-0.3428422713167457,1.0
-0.8391549890421668,-0.1113102671814309,-0.755213979687821,0.06665205984867648,0.0
-0.879986917772947,-0.09308220887612254,-0.7017468045687606,0.2524923619277329,0.0
-0.9637062555051852,-0.017489242812583808,-0.5737313881500821,0.1087733934344201,0.0
-0.908838985119182,-0.08464469682072609,-0.6723393414431593,0.07209902351399455,0.0
-0.5407282010737974,0.19581847072226066,-0.7778167769384919,0.308774551423534,0.0
-0.29299049002458677,0.09615436976236999,-0.7556764280698083,-0.3246334788749398,1.0
-0.8783962051185862,0.037209144568140576,-0.6576434827572053,-0.05097205510141324,1.0
-0.957154767170796,0.04989453368225598,-0.5828899765824982,0.33328977814095156,0.0
-0.9321389331271831,-0.13781366198299155,-0.6183276666204768,-0.22360050737247228,1.0
-0.5466086994280458,-0.45190207411237115,-0.5827532354860622,-0.026111609839168978,1.0
-0.9615072650907982,-0.0619059256455457,-0.5963524840372442,-0.0958412370342981,1.0
-0.9340425725834237,-0.061010767420390744,-0.6570113637994053,0.04175812515150219,0.0
-0.6295337364200048,-0.01711538608847621,-0.867261047402113,0.11114628823167318,0.0
-0.9407354228945123,-0.09511551472825691,-0.6258805674643113,-0.08725711871914076,0.0
-0.9789920181277043,0.028193330286967286,-0.5562504921884031,-0.036039031745794564,1.0
-0.9750095191897986,0.03336395257320493,-0.5528662902903542,0.01414282309125138,1.0
-0.9178724976782733,-0.10274549059222907,-0.6726736147127018,0.08871331372173857,0.0
-0.9505066754484703,-0.04295082217730144,-0.5982649855859294,-0.17939464848787653,1.0
-0.9290257572991351,-0.08956505458408623,-0.6543373400496206,0.11231240603798308,0.0
-0.9363877704352849,-0.06525272680382377,-0.6241547170604399,0.15494271465462736,0.0
-0.9150850385151554,-0.08540685484120923,-0.616816692405121,-0.3902109579116122,1.0
-0.9569553856706208,-0.00427056186339958,-0.5598938621050475,-0.08801791151659039,1.0
-0.6988267634666042,-0.336261724995301,-0.7632819302888897,0.28707430535484824,0.0
-0.626222426593211,-0.12795004094674625,-0.7477674001690401,-0.20107927137332948,1.0
-0.38683116738446766,0.41799016172613457,-0.812224033934462,-0.1860314096662695,1.0
-0.9006126623413743,0.01348118490715329,-0.6760229299286251,0.2635451822760224,0.0
-0.9295731218351903,-0.02300401734544126,-0.6703655726692478,0.1878587014662918,0.0
-0.9489735948696082,-0.026348571639519355,-0.6164838060185864,0.2595844566712924,0.0
-0.8631556042119893,-0.07169230098421642,-0.7225299821652114,0.17086894887473386,0.0
-0.9637850452287188,-0.04754791785111821,-0.5970925614861207,0.0831239957648268,0.0
-0.9554005248865424,-0.03600062129092127,-0.5929304973493206,-0.08890032600243741,1.0
-0.9623163778174648,0.01115405986107687,-0.5713110689497437,-0.06750453986684678,1.0
-0.930745007078801,-0.048038207411030306,-0.6300465651706119,0.13315133705094895,0.0
-0.9657147628489074,0.012247039789081274,-0.5648157802766307,0.0493263876414766,1.0
-0.898720433024859,0.01628376754983135,-0.6579823793989401,0.18673294277480088,0.0
-0.9283675810303935,-0.07337796807842557,-0.6380035501735543,-0.2649497003888712,1.0
-0.9487303905753691,-0.01303216218320994,-0.6034229727336197,0.250742010976561,0.0
-0.9364520602736702,-0.11088131270736695,-0.6698159424784823,0.04641066530344891,0.0
-0.936747308758135,-0.07678245238476637,-0.6311226562359964,-0.3011700948884042,1.0
-0.8912952260402762,-0.119905287981008,-0.7068141459397114,0.3051670765158397,0.0
-0.9383521251853598,-0.12808294124949227,-0.6024439442643954,0.008043902704380868,0.0
-0.9589649240895134,-0.006522616276648442,-0.5978327031256739,0.26710197365807137,0.0
-0.9378187481642001,-0.03509297037207948,-0.6323953668984426,0.18364749399265373,0.0
-0.9611216391816151,-0.07112222186448144,-0.613357244323306,0.16858792181214544,0.0
-0.8134250635409038,0.07693285356129842,-0.7081747961441412,0.37018490195141857,0.0
-0.9373478920455589,-0.13379597493732004,-0.6409210012248261,-0.02074471568692904,1.0
-0.9601632844803518,-0.023224815347060848,-0.6050483443245254,-0.11060532628070066,1.0
-0.21625738628166868,-0.0012723484057748785,-0.9930388865516377,0.25778153286051886,0.0
-0.9785619437689085,0.023704508512223554,-0.5447264811096731,0.2641494051075487,0.0
-0.9521452055442559,-0.01381593603775029,-0.6317053372752519,0.303946954024049,0.0
-0.9091148598148705,-0.14431843032242186,-0.6919473377130368,-0.34073250906972136,1.0
-0.9797392879620466,-0.02800832297557694,-0.5640495848995593,0.2585239302235367,0.0
-0.9220566691718926,-0.050393688852943805,-0.6908269745799596,0.3184087588422575,0.0
-0.8515440964031462,-0.20409384066006797,-0.6901064991608168,-0.46177766063268344,1.0
-0.9775120054798562,0.009309040646196545,-0.55901738803157,0.2785882609078839,0.0
-0.9227925594193616,-0.08333018324714124,-0.6358199449452189,-0.2772796646290959,1.0
-0.9899561493865872,0.04476474391275599,-0.5075277327609579,-0.025750305168830555,1.0
-0.8498664520542477,-0.027358043511907792,-0.7029871927614157,-0.06850745741478151,1.0
-0.6858813315338204,-0.08371908467671824,-0.8320736358527201,-0.141173921730465,1.0
-0.9159056442451223,-0.03661524426515167,-0.6371263315146379,0.2788179444859538,0.0
-0.8886827500891264,-0.03943069698617746,-0.6388976248967269,-0.3398820788165871,1.0
-0.9394537507253994,-0.059495470530296427,-0.5915625617996558,-0.03888395199366746,1.0
-0.858821367317357,-0.20620242361871113,-0.725155699402331,-0.35072908966422295,1.0
-0.9444361846168394,-0.09559633775787403,-0.6424361103997526,0.15095076317190645,0.0
-0.9543978141699625,-0.07579433971976546,-0.6097453137224981,0.1716559029673482,0.0
-0.9489412710962758,-0.08636314201396776,-0.6145814094854508,-0.1364253523042995,1.0
-0.9222052497718095,-0.03115223234533318,-0.6080022622671468,-0.25072308650239955,1.0
-0.8789442074050602,-0.11950060413328986,-0.7436472447127689,0.2923693281006023,0.0
-0.9634361236516672,-0.02824405115500686,-0.5814546110335426,0.21433014964942118,0.0
-0.9280754033323172,-0.11603313470307862,-0.6448448165568876,0.10785152026370182,0.0
-0.898204977047776,-0.0017756458443096979,-0.6573933236538172,0.03806363502400505,1.0
-0.8677703319126292,-0.16294700030023362,-0.7249157746760219,-0.03259534930988214,1.0
-0.913471388044474,-0.1298418437122374,-0.6466778311907018,0.2858397581403769,0.0
-0.8593089705470486,-0.20355749346704843,-0.6949039866804175,-0.519279229910642,1.0
-0.9841822780290893,0.01733282126221307,-0.53078497190096,-0.04602725256092621,1.0
-0.9645861685482685,-0.025658287770415664,-0.5984113408616434,0.13857396968568303,0.0
-0.822177380795978,-0.20632508258471455,-0.7206582507082118,-0.39520388923391353,1.0
-0.9507563856270913,-0.07178304799142374,-0.5798541443452397,-0.3477961410142589,1.0
-0.9084991867023925,-0.05223987961217717,-0.6733710809062948,-0.04897152631860964,1.0
-0.9412590840856473,0.018806527644647533,-0.6134914658885761,0.003640031302633122,1.0
-0.759139046179169,-0.21064645751092007,-0.7635150097866612,-0.3041335040026291,1.0
-0.9001073984337854,-0.13597837631890858,-0.7133021156754568,0.17330436004824631,0.0
-0.9101511099038186,-0.08162072919399646,-0.6481186015742508,-0.30373089083155763,1.0
-0.8333442062474571,0.003310610327070966,-0.73730313183719,-0.1194114856652099,1.0
-0.8756923201345893,-0.15662638560213546,-0.6956285363048494,-0.21591415948418802,1.0
-0.9210780774154139,-0.13352130773978427,-0.6324500928605313,-0.38044301917362583,1.0
-0.9211918643010025,-0.1515979641977634,-0.635227376942715,-0.3751987707162748,1.0
-0.963216224163107,0.00736667920228061,-0.5677720534409778,-0.14610747020400436,1.0
-0.9809017084702443,0.02803366111830402,-0.533594537592013,0.005617698044659329,1.0
-0.9720454559042419,-0.02412238767411308,-0.5702978922687766,0.18041410483045886,0.0
-0.9581769739455048,0.04942038249242105,-0.5688470672878301,0.04833106474804237,1.0
-0.9336139712368934,-0.0524832073157878,-0.6035737014019331,-0.252317334085549,1.0
-0.9761962874995362,-0.022325442366630942,-0.5744599632250185,0.25244036226604427,0.0
-0.8845070427333371,0.07183036700682383,-0.6123712775248323,-0.12249702478066274,1.0
-0.8787461928746846,-0.0685787095754781,-0.6839934604759164,-0.16792363575432875,1.0
-0.9582631260291484,-0.06012621543636753,-0.6052609971174009,0.24014548895870763,0.0
-0.8157415568052803,0.009416741761919228,-0.7264273854856583,0.32971818575324513,0.0
-0.9647149221449257,-0.026186109494901365,-0.5795365859331367,0.04219388496468894,0.0
-0.9645664838836002,-0.04468096907940782,-0.5889348022027525,0.20674007752336457,0.0
-0.9266565550765843,-0.04519467098322815,-0.6361899982567558,0.14067601936926027,0.0
-0.9761824138207742,0.023415468121873687,-0.5430101894074761,0.0075861908713899025,1.0
-0.9241008402640072,-0.06855893951159438,-0.6685239937201286,0.07093092346329183,1.0
-0.8321898282734651,-0.08009250959685671,-0.6981996672841577,0.13803580495473103,0.0
-0.14815545735204183,0.2067179442248689,-0.7881310733257237,-0.19872126567669787,1.0
-0.9159163101781006,-0.09871013380301231,-0.6258168987436548,-0.3758492935382532,1.0
-0.9587244651291852,-0.03835310495102645,-0.5834584558324252,-0.1263155195086449,1.0
-0.9905837528282503,0.04147331795114201,-0.5213043148971017,0.2764216409323139,0.0
-0.9763596259763325,-0.005610608707017885,-0.5679594144257017,0.014289322573354718,1.0
-0.9539890818113752,-0.06461533417974626,-0.6062378343161513,-0.11284351985402333,0.0
-0.9890639195335462,0.04302152096346509,-0.5263875762958509,0.08404576431519035,1.0
-0.9865230344719611,0.030771319397737654,-0.5241956981979838,0.08079885425174435,1.0
-0.9855772273311987,0.03813363191622214,-0.534211894809779,0.1831383687942795,0.0
0.6218047399106008,-0.39858278254609436,1.0,0.07764154711482718,1.0
-0.9445148353790647,-0.04799906025606485,-0.5918228158139271,-0.27996801413425115,1.0
-0.9717240714206936,-0.017850240164993265,-0.5691602417665933,0.1731886582704884,0.0
-0.9628004310034239,-0.013917077777756977,-0.5915423553096272,0.25180655928531315,0.0
-0.5999780458842805,-0.5461700727082897,-0.4458023828876315,0.1796086266391422,1.0
-0.5303536853994152,-0.4006309270230841,-0.539181784302577,0.6097866095374593,0.0
-0.9273442472695309,-0.07405949682134773,-0.6566560412493516,0.2890961429290083,0.0
-0.7763801743028608,0.060605121315629576,-0.7931878163722527,0.3230986827547902,0.0
-0.9753116594288556,0.012746431471792052,-0.5504744610705128,0.12374167086185799,0.0
-0.9192267392267852,-0.10836197011048172,-0.70636764243228,0.1554719950100948,0.0
-0.9166905558469449,-0.15421749395971368,-0.6442514520941459,-0.4311131428391629,1.0
-0.8564527676143774,-0.06318848742574774,-0.7487990973555798,0.25582698135719395,0.0
-0.9141939284063285,0.005517315074526838,-0.6445601859957505,0.26621377833731996,0.0
-0.9428594081249131,-0.01575447862639183,-0.6044070584794475,0.26258609166939273,0.0
-0.9456811219500688,0.020926189454717123,-0.6107469052616419,0.38060805697052474,0.0
-0.9517372376727269,-0.011436100449522667,-0.6170705667895601,0.04779059866902886,1.0
-0.9389662165354112,-0.05091829617032959,-0.632885070775109,-0.19342686873195253,1.0
-0.9666561759788131,0.005111952729371087,-0.5789404095668151,-0.01783872794145916,1.0
-0.9509801507405254,-0.03514869628098105,-0.6003358280984723,-0.23017394389382562,1.0
-0.9760888118178149,-0.009900374933243625,-0.5665793747618151,0.010863128150357955,1.0
-0.6946659054465911,-0.31268535824008103,-0.5505222582094562,-0.6404921632165552,1.0
-0.9485826436549023,-0.010564316433942525,-0.5994805362145212,-0.0528753103618641,1.0
-0.9683696392228158,0.0200813036275818,-0.5693338283215805,0.15568306429608378,0.0
-0.9864895104655285,0.01506991210036468,-0.520468874552499,-0.03237664503011382,1.0
-0.9190387561788944,-0.1479730616098543,-0.6668910184390221,-0.41111766212576634,1.0
-0.8883964354831303,-0.18058734556203904,-0.6537216019613031,-0.3351650824793691,1.0
-0.26781853178365966,-0.569262422476164,-0.2799200739777242,0.36519476244899957,1.0
-0.89244272292022,-0.16577052161235678,-0.6874159224555245,-0.2938331192258817,1.0
-0.9795778932334129,0.02064176598794973,-0.5426945938830441,-0.039262547277947465,1.0
-0.9907478399841882,0.055793906869290436,-0.5302173400944385,0.24387940300513872,0.0
-0.9380602632402956,-0.1014980480027182,-0.6100432866777635,-0.3789039338989108,1.0
-0.9473287611269066,-0.05825093435720795,-0.6140459888091663,0.18853910718243516,0.0
-0.9655666650052172,0.037569181888884,-0.5722390216847426,0.44517655781456705,0.0
-0.8760286529893115,-0.05617231788109597,-0.7372973193169168,-0.03391328262993134,1.0
-0.9769075297990278,0.013485739581353615,-0.5469051332714487,-0.01695367587226087,1.0
-0.7887030173465324,-0.23054046219238422,-0.7450094365936117,-0.3271950594957127,0.0
-0.9705233053596911,0.008036477109817933,-0.569083051645728,-0.06936818579784401,1.0
-0.9603229450006598,-0.054643570148970734,-0.5845114479607352,-0.13704230481609433,0.0
-0.9484597331165898,-0.041926049262934,-0.6170558890124419,0.009819169844580162,0.0
-0.9336522079797829,-0.1081367094334077,-0.6415531212335381,0.05927238619319712,0.0
-0.9696481359942221,0.012195580524731506,-0.5616976886885559,-0.019193845737241144,1.0
-0.8813691497453408,-0.18783876776767336,-0.711287603961666,-0.4813785812723054,1.0
-0.12979398858653923,0.4030755654547472,-0.9774805898844006,0.6190296124346144,0.0
-0.9473521498050848,0.025793190244911182,-0.5767617703082358,-0.05312223378711119,1.0
-0.8442148314398904,-0.0576238016205212,-0.719425945893634,0.283392986430677,0.0
-0.9762635194299458,0.013892158308906277,-0.5423115817604977,-0.039661031585508655,1.0
-0.9799111533616883,0.01905238848572398,-0.5579330054346607,0.24822449478577657,0.0
-0.958261877246452,0.04495120041438434,-0.5608394320625825,-0.001095677517463839,1.0
-0.9294574800462714,-0.11729178200273428,-0.6107354268981658,-0.3683859856941801,1.0
-0.874711987004441,0.019131786648303756,-0.6546592017010278,-0.04726745349109951,1.0
-0.8026666413032605,-0.18917911238412705,-0.7208022542237243,-0.11682634076667006,1.0
-0.9565737402579784,-0.09911525034502364,-0.6001866312512945,0.017877004735917957,0.0
-0.9089122641525601,-0.15019101711620592,-0.6963152635817678,-0.33880958682330775,1.0
-0.9584944097451731,-0.04172097625716485,-0.6275981301633102,0.26430838411476754,0.0
-0.9728105342649283,-0.034160334592980825,-0.5668835411026911,0.20487887770044938,0.0
-0.8709879538591141,0.010161496096951675,-0.6819038157008803,-0.10278742890538078,1.0
-0.9702574418767986,0.009705925700872114,-0.5760963219426716,0.02558377427702297,1.0
-0.9335064803640177,-0.035649389952963295,-0.6360780662278324,-0.17494565403546955,1.0
-0.8255913708690304,-0.29648556634305534,-0.5645199271348482,0.10720413696939561,0.0
-0.9532811048056874,-0.05281156699531253,-0.5963300920944117,-0.12981483337695018,1.0
-0.9757671112104835,0.0302777624043426,-0.5528434331210454,-0.01787775583111549,1.0
-0.9269565716977584,-0.037699373932529694,-0.6337615134848914,0.18109206853313253,0.0
-0.9581227273441115,-0.04217841609093891,-0.6079044846841833,0.2510280872211345,0.0
-0.8162060555370335,-0.1832035421864773,-0.6697011602519164,-0.32664528546363153,1.0
-0.941532223732247,-0.08667533651555057,-0.6247325217434921,0.04356812302293295,0.0
-0.9319068221327578,-0.11632981848218435,-0.6321877144218983,-0.008464561251768386,0.0
-0.9691915499090358,0.005283692424317657,-0.5611018701964443,-0.0013182789254217314,1.0
-0.916197070136043,-0.11696687555665594,-0.6738466105894089,0.09766440590858698,0.0
-0.9458004893211833,0.01944261739137175,-0.5938463493569762,-0.1296649349674177,1.0
-0.7214169627257445,0.07348263992728818,-0.8073773048131414,-0.09746443306893335,1.0
-0.9635998922562741,-0.013617454756011102,-0.5767320346725278,-0.10308589751830813,1.0
-0.8802242422804922,0.0199520475468557,-0.6793171522416201,-0.000808293631175256,1.0
-0.9021648778395686,-0.026359440564381206,-0.6756170032241946,0.0015446569023097496,1.0
-0.9354754967289401,-0.028982743246901494,-0.6293333267723629,-0.18598207775652417,1.0
-0.9472825879674669,-0.036468273674435475,-0.5837930022712916,-0.06946453194619782,1.0
-0.9862713122601764,-0.00492996699980567,-0.5334330196630648,0.14931580995758503,0.0
-0.9056121170578798,-0.09590462911654955,-0.6833350801440898,0.16953568378102865,0.0
-0.9763587508021737,-0.016571429938710455,-0.5725767628379473,0.24599308172455686,0.0
-0.7133142474819143,-0.18287215623125685,-0.6200801872003718,-0.44059123307384995,1.0
-0.9613460244461685,-0.08443954307900167,-0.5980419011673213,0.20799010288509262,0.0
-0.5070433692535472,0.13281083889421666,-0.6973315057945011,-0.0739197952969943,1.0
-0.9326566020032447,-0.09298929306950143,-0.6574290291465121,0.23744566248033466,0.0
-0.7967838442423896,-0.13803233954421806,-0.7112081437066737,-0.32059369932150966,1.0
-0.8908175343510806,-0.18828451453806885,-0.7151862928230344,-0.3052665599910086,1.0
-0.9752743340203929,0.017993183301642388,-0.5605470668620576,0.235175786479712,0.0
-0.9555247966857405,0.007318898402815688,-0.607497229269469,0.3546750770441583,0.0
-0.9527307985308068,0.06373168710459923,-0.5536897459752161,-0.025655487506284068,1.0
-0.9791176559076813,0.016499802960785945,-0.5367013080223072,-0.06511223044198586,1.0
-0.9657032835159851,-0.03173029597926287,-0.5752498396406851,0.2164885161182174,0.0
-0.7573576764915907,-0.3016483717830561,-0.6640904958942018,-0.17727131726962292,1.0
-0.9457255188976806,-0.09619392806276489,-0.6444677965291976,0.17637666502157215,0.0
-0.5022387320789705,-0.5450908350385222,-0.632662692976104,0.09311994974108104,1.0
-0.9692245375796273,-0.04469627368764108,-0.5663370652253612,0.22146186207658977,0.0
-0.9685745310101951,-0.02307246126927489,-0.5774677862590721,0.2107533636590908,0.0
-0.8462051324321239,-0.13171647077348725,-0.7358255438204558,0.17947131515549294,0.0
-0.893383629454433,-0.06024979183336368,-0.6938218147225543,0.19161150720325032,0.0
-0.6869508995795116,-0.0056701011642852975,-0.7098242930083088,-0.10970798979738741,1.0
-0.9309483944435025,-0.10759461865488312,-0.6383706877512749,-0.17204708608161587,1.0
-0.8409046418836852,-0.23663668075481364,-0.7221705991816912,-0.10143070048975866,0.0
-0.9274884795559563,-0.06806500749128859,-0.620320488344546,-0.3219572139532665,1.0
-0.7259814172876605,-0.1716299688738979,-0.8326749831802953,0.3315698740744384,0.0
-0.8557771258451853,0.01887293093364835,-0.6466622519358284,-0.13611475057789013,1.0
-0.9928731966670121,0.04170939984765093,-0.5121669913792121,0.22092314734537952,0.0
-0.9625707464776421,-0.030586046433670862,-0.5831723742582526,-0.06878571578279037,0.0
-0.9743292155320438,-0.023988340903629654,-0.5652650657781259,0.22782140112864438,0.0
-0.9531570530135796,-0.10338759334548689,-0.6041799162550187,0.16797050551735265,0.0
-0.9175060872286731,-0.06600990991890694,-0.685053302424714,0.25620665749832283,0.0
-0.5176189548483938,0.035249798958082404,-0.8066689265950843,-0.20769666610646514,1.0
-0.24262023480874473,0.22437049461976916,-0.7835837674676889,-0.17775717245417486,1.0
-0.9349362194330975,-0.022546613331423826,-0.5717546509885412,-0.25816367841566296,1.0
-0.949883523570257,-0.04323681002506622,-0.5978214681414741,-0.04318972217866733,1.0
-0.9614088365489166,0.018202921299390745,-0.5854572547542921,0.01028916910636153,1.0
-0.7031106548910853,0.09250020062749054,-0.7742192374977829,-0.09911928621346432,1.0
-0.9455096347988938,-0.026507360967950925,-0.6409293431270642,0.19016565228574467,0.0
-0.957130666679189,-0.069957648867992,-0.6186283854733401,0.0573950950260069,1.0
-0.7481182549064533,-0.08511020976538083,-0.7311756526100536,-0.39839690708230147,1.0
-0.918060233753723,-0.0984528155261773,-0.6490572995763907,-0.20886844775843919,1.0
-0.9224172895557494,-0.03017957106550381,-0.6561652598090172,0.29363132493512,0.0
-0.9692413135301081,-0.04306126716376672,-0.5871997931624918,0.06765379871081073,1.0
-0.514348673168319,-0.8002745942878435,-0.2257783825839243,0.8875210162692256,0.0
-0.8582479658171972,-0.1410164344741323,-0.735131727445298,-0.15891958039770698,1.0
-0.8988685825372814,-0.15424967646988466,-0.6987462894122396,0.01005269687577258,0.0
-0.8978950089793328,-0.17768299647791155,-0.6834163605888469,0.03543470152064417,0.0
-0.6790281580753321,-0.11967776617355155,-0.8267060589445453,-0.29015064466178764,1.0
-0.8846182303041851,-0.043998126763466525,-0.7159758357469033,0.25635022375032024,0.0
-0.9116936664210885,-0.027702151687312253,-0.6297711322606392,-0.0177457059691922,1.0
-0.9577621499787455,-0.06276685684583867,-0.5821242076522283,-0.1415205961276457,1.0
-0.972534246435367,-0.007151463271795333,-0.5472867333147184,-0.13323775410503177,1.0
-0.8910461832696055,-0.17795571786030145,-0.6715393094392562,-0.32602282545749983,1.0
-0.9192174607119225,-0.03244250041545861,-0.6081996915069492,-0.3382193615253533,1.0
-0.928368502452422,-0.09401929947468787,-0.6188231168352588,-0.10267749454823577,1.0
-0.9702899486829949,0.01845772139382032,-0.5674421923012406,-0.08889335040824771,1.0
-0.9179694997979619,-0.1237856664779185,-0.6764441808934688,-0.3232269718427088,1.0
-0.9686103135079124,-0.03147347331324646,-0.5879587879958416,0.22985437506187353,0.0
-0.8291077876872959,0.0112290845358161,-0.7296128485469439,-0.08048025004379794,1.0
-0.7820038110454671,-0.23872778550101248,-0.6960747843124079,-0.015650303025627532,0.0
-0.895892975279945,-0.18210748611401678,-0.647024370905496,-0.08016182275889015,0.0
-0.7881037814851641,-0.28883090437671066,-0.6946014641003966,0.19496247856291893,0.0
-0.9289930541788524,-0.040185067046257156,-0.6249077371072493,-0.24703451599202475,1.0
-0.9714532512841912,-0.030674799393755326,-0.5632747242999965,0.1994375643966658,0.0
-0.9829933415855105,0.04028180725520698,-0.5270892520703372,0.02624500207907246,1.0
-0.8663318246037477,-0.22222077806542007,-0.6983563605428006,-0.32955196189012725,1.0
-0.9645966026093858,0.0465565386369136,-0.5486552164909807,0.0034632110747957693,1.0
-0.9541663515503123,-0.053410812661917606,-0.60922970469521,-0.18309747576941376,1.0
-0.9551799545948241,-0.03335074777785105,-0.6060851036654336,0.18617087211282576,0.0
-0.9053021193693329,-0.0641175777686458,-0.6715640409632193,-0.153878958060493,1.0
-0.9034396261222314,-0.10528631577677454,-0.6780840575913656,0.2528394284326545,0.0
-0.9298146003442935,-0.03966773959729282,-0.6633056388972374,0.15810068507797612,0.0
-0.9601141262127835,-0.04167307911174628,-0.5672202350998655,-0.16064514397675492,1.0
-0.8976514908267705,0.044574470795200105,-0.6467553559488922,0.0005586568117709224,1.0
-0.931419551789725,-0.10402715488711287,-0.6385267590403924,-0.27299479172106067,1.0
-0.9166139087188159,-0.12711604468311266,-0.625849847562014,0.004311042060264947,0.0
-0.9298679931409852,-0.1393196284520487,-0.6502989956765035,-0.19500764606564688,1.0
-0.9287488756635636,-0.036291670581811986,-0.6536632904136126,0.3335718109600327,0.0
-0.979326876900808,0.024912441098548413,-0.550836414909641,0.2539548357008986,0.0
-0.9560687837044959,0.033028768671426414,-0.5710697993206402,-0.0026958268441774937,1.0
-0.9413957677217091,-0.01968153429080302,-0.6119239059009606,-0.06995466010210083,1.0
-0.9433714529989672,-0.024940658592168152,-0.5867137223730573,0.17022869029352813,0.0
-0.7409329323934786,-0.12313653308473584,-0.8321953818913205,0.22156270719566462,0.0
-0.788202830696372,-0.34654460964568856,-0.6533756389482096,0.05005050980915339,0.0
-0.9004433344407786,0.020490008736165327,-0.6632066289861289,0.25215427063649243,0.0
-0.9696423608596113,-0.03255714593618514,-0.5835034160574832,0.1586189741045628,0.0
-0.9605021518985815,-0.06263590103970179,-0.6041625127999778,0.20221530699286355,0.0
-0.7933273580352374,0.007875312806703769,-0.7505639407672039,-0.029169033297784898,1.0
-0.943526479126548,-0.06623425852741283,-0.6401867020653823,0.26006216116765174,0.0
-0.7600491406691414,-0.164890372495062,-0.7255591054825304,-0.24510853965788704,1.0
-0.9068919318357426,0.021658149223905396,-0.6350843416634635,0.037167744832932816,1.0
-0.9508050957213285,0.012260627579643357,-0.5997511392755424,0.2963569656244429,0.0
-0.902094872532954,-0.12989118932626414,-0.6962470042291665,0.17766705204156455,0.0
-0.9672942946439851,0.0002017095058393023,-0.5768708972243404,0.2570472727594654,0.0
-0.9783304560647427,0.012767534695250354,-0.5615323255294223,0.20538535836900138,0.0
-0.9796684000523788,0.04089947934567305,-0.5392816126661707,0.26317655448026445,0.0
-0.8954755616188844,-0.06113479263155396,-0.6402945173814037,0.21469975870893637,0.0
-0.9501499657006657,0.0027650082729075084,-0.5977362384278917,-0.07256442859517356,1.0
-0.987701626290335,0.01034742510494302,-0.5195303003638887,0.22419955498412017,0.0
-0.9604820012623513,-0.007184048677576313,-0.5774955355438941,-0.1128038969469578,1.0
-0.8938602127182131,-0.19651494589527854,-0.6741789630401105,-0.0187780309787473,1.0
-0.9733227899906782,0.04955058177538629,-0.5493382722706256,0.04568999687260375,1.0
-0.8694719431004487,-0.08328535007943919,-0.7738773930397642,0.1521044626339979,0.0
-0.9176913451421868,-0.11374110558445027,-0.6430316820921533,-0.29011784389669193,1.0
-0.9133211924483183,-0.07169438281740204,-0.6754181027053882,0.2514540162638844,0.0
-0.7696359652752333,-0.24376872699705082,-0.6910898276733632,-0.17575409008692663,1.0
-0.9547071391416484,-0.07319287747784574,-0.6051420061806495,0.19242222019170896,0.0
-0.9451945113958348,-0.050053180924234816,-0.6128846136090629,0.2557748311371181,0.0
-0.7923879695732725,-0.16069271607427904,-0.7923545988462785,0.2223536297206491,0.0
-0.9567506530767913,-0.05680743898229004,-0.5838339814417192,-0.05769528599075334,1.0
-0.9222552957435634,-0.07347367489782508,-0.6475669365117263,-0.11306991270679481,1.0
-0.9496554945478244,-0.007748565491244287,-0.5813597763343525,0.3171196826948418,0.0
-0.7946081941314542,-0.29452727759042896,-0.6182198845664137,0.1750302334173929,0.0
-0.6519479943056419,0.15046851836090513,-0.8234254120701638,0.2754784030285803,0.0
-0.03097577438892496,0.015409434353933188,0.006853826473721236,-0.37265104946165684,1.0
-0.7500022309432894,-0.044498349997378686,-0.7612496191603983,0.26235071918716163,0.0
-0.9135616545017853,-0.09372069745336094,-0.6409467780357203,-0.058625228417533926,1.0
-0.9417916828343386,-0.10537038096605358,-0.6342083280223453,-0.23522192461952457,1.0
-0.7612416656202543,-0.24346897892195093,-0.7390950736885341,0.062035942227681815,0.0
-0.9850298176889696,0.0028465695336908903,-0.5249101935371235,-0.0419645596181443,1.0
-0.9587436162380292,-0.03993612105919088,-0.6064767560004667,0.06767213372696962,0.0
-0.9857869307619664,0.019024152609556255,-0.5270350853012035,0.2656077031589825,0.0
-0.9302265366135496,-0.11379588477562474,-0.6535526795985589,-0.18551622594424647,1.0
-0.8863595498851108,-0.27116341038170344,-0.6675914398541595,-0.1520634363375382,0.0
-0.9313510830485636,-0.038793637656076685,-0.6360576400264644,-0.20268128705994398,1.0
-0.8090663612783568,-0.3226504479263743,-0.6196932516947086,0.10483097680595592,0.0
-0.9311725202646586,-0.0712851383265411,-0.601044129499815,-0.31919267195436246,1.0
-0.9124501135883312,-0.10171998465633966,-0.63119080471849,-0.40577736764722594,1.0
-0.9396146201607686,-0.10893705256669386,-0.6180912714831903,-0.21718665922788222,1.0
-0.9203895215062414,-0.05293568985792792,-0.6578895694842334,-0.1065198059176215,1.0
-0.7365454215607845,-0.031182410101905447,-0.6874937961496318,-0.29356354149045966,1.0
-0.9531462889579932,-0.028515335714634056,-0.6039530956471342,0.25937358049581705,0.0
-0.6869344832234565,-0.11482646384122494,-0.7501592577764655,-0.27060399672125474,1.0
-0.5313498798072034,-0.38569170330527086,-0.767378821999737,0.22871887386581424,0.0
-0.7755167884330276,0.06631455153607424,-0.6968453282793842,-0.14430743786225791,1.0
-0.7656066645948895,-0.14717250794972886,-0.7308864023679629,0.03611358039048233,0.0
-0.9489416823261161,-0.07884507683117806,-0.5918348685776138,-0.1935990315336407,1.0
-0.8432304467972401,0.016196241058072255,-0.727476568974519,0.30629281279609316,0.0
-0.9150802352277057,-0.07700670678693591,-0.677976633761866,-0.1389300546121584,1.0
-0.9484507758116043,0.01736847419355131,-0.5966373069393156,0.003009100871854506,1.0
-0.8830359289706379,-0.08164745462309807,-0.7252783471838804,-0.14591265977641793,1.0
-0.9628186185484426,0.009258865416495093,-0.5853361772396376,0.280367760171114,0.0
-0.9744959843137141,-0.003817975568602784,-0.554353805544465,-0.06754480008261553,1.0
-0.7990408268645682,-0.07619251341362288,-0.7701288097451537,-0.017414475635296175,1.0
-0.9655298465804095,-0.008038067009424513,-0.5840468129939091,-0.13205249308997286,1.0
-0.9744810049632708,-0.021800156029003176,-0.5778008123150519,0.1809747176654617,0.0
-0.9390112299930444,-0.04168400367519144,-0.6131936094481665,0.2065483838280585,0.0
-0.9619799350637073,-0.0031607021119398546,-0.5800172243775278,0.2655342299196869,0.0
-0.9715874448683981,-0.028835582066672368,-0.5883886096055158,0.20884686424829016,0.0
-0.9265196243730622,-0.13501931731540756,-0.6516804134080276,-0.34729578913595244,1.0
-0.9733090253707462,-0.014856232113943414,-0.55570731231284,-0.09101780900329769,1.0
-0.9711289754166103,-0.007132045780147818,-0.5492688677505769,-0.05969876564712205,1.0
-0.3405356960696255,0.25318106629432185,-0.8104453505489719,-0.16657263631207894,1.0
-0.9345787320970647,-0.02144675205466575,-0.6053903035719678,-0.25281229133794497,1.0
-0.9185165948182016,-0.16629865456998286,-0.6633340067137949,-0.3964865868050202,1.0
-0.570421782150544,-0.14468857315442055,-0.9912076387302772,0.2260817888469215,0.0
-0.914170463419031,-0.07728553264196836,-0.667031496985007,0.15672697429145582,0.0
-0.9815157522240429,0.036009556191677686,-0.5481126254619698,0.1781890223292625,0.0
-0.7558365026314209,-0.22781708518944485,-0.7860569983016282,-0.04179479943863284,1.0
-0.8943428259393736,-0.04751840894844088,-0.6442769736871024,0.2654450754586206,0.0
-0.9188546399437507,-0.057660149556634795,-0.6954357846893774,0.2704020199460646,0.0
-0.8483391097738344,0.044740928802877805,-0.6337513417033206,-0.14011200097670534,1.0
-0.9649839839024432,-0.018012055264635743,-0.5804593426691504,0.17189262559302862,0.0
-0.8835114483694697,-0.08329285662729877,-0.7152536414212878,0.2851150648741322,0.0
-0.9738712736513583,0.04874791565540097,-0.5593739955301161,0.04660493534498682,1.0
-0.9227034841015852,0.0020465075893468174,-0.6166470524955576,0.23084799168476128,0.0
-0.6269791798622829,-0.38816284974015636,-0.6317701185844631,0.07530895122800743,0.0
-0.9723786284422578,0.01039841326802568,-0.5605213370351619,-0.03071467906463985,1.0
-0.7563388834627839,-0.2766304410261745,-0.6466727615232413,-0.10770643412282832,1.0
-0.745977405937066,-0.18849469411156022,-0.7390923262540414,-0.47449096869934726,1.0
-0.951810675164791,-0.03344956126292154,-0.6230389488403778,0.2011407379926628,0.0
-0.9818601172254882,0.06133208487212741,-0.539166270533105,0.021487011875061437,1.0
-0.9407979643240312,-0.1103465902177478,-0.5959552557375456,-0.21339821268739262,1.0
-0.9654178877020101,-0.04785887862919141,-0.5798094264398393,0.10393433617392635,0.0
-0.9535129392799216,-0.05412747911472702,-0.596992863916369,-0.2034225626250151,1.0
-0.8799975343438273,-0.08020484529130303,-0.7046883453321624,-0.21152343077008257,1.0
-0.8019664770311444,-0.08422515711481704,-0.7584236864278846,-0.11916437253059509,1.0
-0.9718253535128103,-0.02030947525801268,-0.5620115938366753,0.0029924356610179607,1.0
-0.8583482277402606,-0.05326382755822924,-0.7232787027955837,-0.12248373975640281,1.0
-0.8115486625217304,-0.3159614713808447,-0.6833707519640052,0.0548113912253908,0.0
-0.7540753944872984,-0.147086266850744,-0.7555571480443413,-0.3313374389078369,1.0
-0.9172158961527345,-0.07492121336265836,-0.6569544701011548,-0.21981128261523908,1.0
-0.7885679739848186,-0.17054982380583927,-0.7676499433528943,0.0509588448184743,0.0
-0.81730575625253,-0.09031609464682983,-0.7789738955217044,0.19041520178112192,0.0
-0.9728196529523792,-0.0075308116308472825,-0.5555649615264218,-0.06918172897695606,1.0
-0.764100465759753,-0.23716564105024457,-0.6851426631868263,-0.46196607430283426,1.0
-0.9107518184565054,-0.1548204983749183,-0.6585254800662028,-0.4348799945189632,1.0
-0.9235054915218873,-0.13489164808662177,-0.6378619428045502,-0.16936938067977267,1.0
-0.618623929048353,-0.05298499533876646,-0.939906206590327,0.08659297865479813,0.0
-0.9375995144479518,-0.03507930776192085,-0.6195870414291262,0.17796696896286704,0.0
-0.9239387639042882,-0.02028307638989415,-0.6078239390147807,-0.2183384565245911,1.0
-0.8533802279274088,-0.22745054067796444,-0.727234929529695,0.12813475967227475,0.0
-0.7176929788727295,-0.23791427968308465,-0.836349045164172,0.1350069563102117,0.0
-0.9544966327360981,-0.020948965255310856,-0.6062885018367538,0.26188473437863463,0.0
-0.31028257266977577,-0.35021323643364527,-0.28541242350346363,0.9922754355580934,0.0
-0.4377808490664693,0.3217483003127365,-0.795311800337017,-0.15647131369713874,1.0
-0.8447914899022408,0.0043452023798622105,-0.6754035863167069,-0.13094142310045992,1.0
-0.8913789221475072,-0.0823949967302702,-0.7170898139930363,0.30970287986502393,0.0
-0.952719824202211,-0.04128412052477605,-0.6173604112052986,0.09859309373124216,0.0
-0.9706112009368908,-0.04177941359231851,-0.5592779191291479,0.01736018539748983,0.0
-0.9819075610817292,-0.005500337035221452,-0.5512501872216685,0.23993594494640696,0.0
-0.92300433795537,-0.05431369080525079,-0.6129618403332342,-0.18692469083046961,1.0
-0.9627549440961339,-0.035525099993548186,-0.5927290072746993,0.03545999715918276,1.0
-0.9287574040355068,-0.11159584756619725,-0.6704336352507713,0.13689911958903989,0.0
-0.8973996801846138,-0.15132734745045873,-0.7107232599151188,-0.3485219064583707,1.0
-0.978024041446902,0.01710716031910768,-0.5654326181899842,-0.0097249194890573,1.0
-0.9343414157706186,-0.02022505330737743,-0.5922041780951959,-0.10242074805877609,1.0
-0.9577703577716149,-0.030382529419181684,-0.5867412268439276,-0.06703794041792711,1.0
-0.9728323662638241,-0.02624779042510606,-0.5929679143857052,0.26257918978637607,0.0
-0.9563785411388587,-0.04616616102424761,-0.5667741612027317,-0.17962097868009747,1.0
-0.98585354312049,0.003941031137481628,-0.5201283773973424,-0.1002469258207018,1.0
-0.9550671480110267,-0.053310059153492996,-0.5905711776020448,-0.028506381225626688,0.0
-0.857999567772048,0.004344997496941956,-0.6960793378586966,0.21754480327030906,0.0
-0.9845856321946039,0.019041147142452322,-0.5349114716036336,0.1001452088243045,1.0
-0.9698991109780202,-0.012179070154704777,-0.5812563802735137,0.28314365582721085,0.0
-0.9757326573303768,0.00013769188555210615,-0.5750372614409982,0.25666252251150945,0.0
-0.9595306439387015,-0.04140113190117578,-0.5764849315360954,-0.12320979260791715,1.0
-0.974091367817899,0.0264497898858074,-0.5504640595565194,-0.020322047928575455,1.0
-0.9455305003730641,-0.044888348417007735,-0.6229048817570999,0.04690914012643517,1.0
-0.9771339053269202,-0.0312934712646111,-0.5568561254283001,0.18970562889848458,0.0
-0.9799999178909103,-0.017682500642239564,-0.5652229822985737,0.19887317569966226,0.0
-0.9811127428834853,0.017978690223272698,-0.5432255614183656,-0.02870270328975425,1.0
-0.9183394084505571,-0.1312820531318678,-0.6730544679848984,-0.16403947719201406,1.0
-0.7948028739261291,0.07116505713362536,-0.7244463419977989,0.21439484433723624,0.0
-0.9671175626753131,-0.03128991374285646,-0.5868687274421444,-0.0755100667346159,1.0
-0.7292376360869407,-0.14478902631937463,-0.8230805466473193,0.021443419269515214,1.0
-0.8944124627692455,0.011363197971612074,-0.6479220545822968,0.3505940441194384,0.0
-0.9740008107915203,-0.012727751174734611,-0.5793700057790134,0.19466953728593608,0.0
-0.8596358787118726,-0.11135468098923125,-0.7516557132308741,0.2752982142587193,0.0
-0.9491551259725828,-0.09905769377201225,-0.6223522956643763,-0.05715501762556366,1.0
-0.9776269752748272,0.012835611874788835,-0.5480891844104406,0.05656006726827693,1.0
-0.91354405879294,-0.1461732741681726,-0.6659316757238459,-0.15670179324781236,0.0
-0.9226244930762502,-0.1477560196985218,-0.6508011802573114,-0.2053810385795803,1.0
-0.9477434726166277,-0.040721826329596825,-0.5893184729163055,-0.15290215535147084,1.0
-0.9340346826723231,-0.06186626336230735,-0.634906863226159,-0.04969314171544245,1.0
-0.9486577019773346,0.06447346038854064,-0.5445288115093413,-0.048387236503352846,1.0
-0.9706742058900302,0.039015654660828875,-0.5541932558139484,0.056338675665121386,1.0
-0.9909352327792349,0.05609622226993499,-0.5027872550425654,-0.004306848047846194,1.0
-0.9634735330702411,-0.023066981638543163,-0.5892452434426316,0.14604380476537132,0.0
-0.9159143262092724,-0.060310790017793776,-0.6617171288989004,0.015394520186691806,1.0
-0.9510064344235396,-0.05647466663227576,-0.5789809011436335,-0.2996650512948697,1.0
-0.9270196404880192,-0.00743151077626393,-0.6084958092712526,-0.13652652036977211,1.0
-0.7456657336800577,-0.02256420809913952,-0.7305938758417605,-0.21158871784299177,1.0
-0.9621561031259487,-0.0579386076823905,-0.5959398829857686,0.17707794689649278,0.0
-0.8547995473678628,-0.23815991999184705,-0.6153252863397357,0.14825036457502713,0.0
-0.9452515285053026,-0.03579323342162319,-0.6225737257126674,0.145050091609296,0.0
-0.9307502334984322,0.0006971009892666191,-0.622087241585979,0.26930215174868427,0.0
-0.8003507978054182,-0.06700174739086034,-0.777212076429351,-0.07216068559027192,1.0
-0.9811373331489165,0.03184678446333143,-0.5383818775257581,0.006320853248286552,1.0
-0.7444959349272309,0.0012944121615964532,-0.8749391908739617,-0.2047668575451133,1.0
-0.8943568713422538,-0.07584019583824475,-0.6496410995258094,-0.3388934836899564,1.0
-0.9595817580230384,-0.02662077640367434,-0.5987997281290551,0.13287788166595896,0.0
-0.9370738653291806,-0.04318865397664197,-0.6241602877671288,-0.06857764395228684,1.0
-0.9197086406988446,-0.04134656443754886,-0.6415855376842791,0.20339220962514246,0.0
-0.9380881990529746,-0.02993065139669145,-0.6272965964424376,0.31862781559381914,0.0
-0.976379586389235,0.019405004524622446,-0.5522539489715074,-0.14175373404860692,1.0
-0.973612318398793,-0.0024123072522428263,-0.5604390105635563,0.19430135823897401,0.0
-0.817719096672814,-0.10391662462454586,-0.7722096749499219,0.16578694198560998,0.0
-0.8566211578678359,-0.07242003074300943,-0.7487562153878824,-0.2640819676812284,1.0
-0.8757397775698917,0.05835496657363046,-0.6235933986478261,-0.14150364819043745,1.0
-0.9693498962369383,-0.035292101740035026,-0.5678550413621675,-0.08313356597403598,1.0
-0.8553872096661023,-0.13483809680750214,-0.7136666332911835,-0.3762856709421751,1.0
-0.843743188888312,0.03646898343775348,-0.6828843035008406,-0.07807593028290932,1.0
-0.8786543400492349,0.020070670056423337,-0.6378056650195457,-0.20540224201227075,1.0
-0.9344124520829054,0.035170134598071,-0.6225892990947519,-0.010027702845404225,1.0
-0.9105683491624096,-0.05798215599881252,-0.6779181755119073,0.09454211167045774,0.0
1.0,0.9678611520080563,0.7797647523296665,-0.7097329551834969,1.0
-0.9065734368736961,-0.12414128558399079,-0.6843967343201549,0.17940759863924066,0.0
-0.9214550490002661,-0.13498064025629752,-0.6640855124813817,0.1753647789757699,0.0
-0.8265339206030028,0.03810095254255533,-0.7118660768773707,0.3666392696186552,0.0
-0.7286583738671325,0.1123708697133034,-0.7179175534776688,-0.09216440490025439,1.0
-0.968586034491628,-0.06009082580006726,-0.5435989979394793,-0.21587185726205843,1.0
-0.9340507897656123,-0.02158689394200229,-0.5906459320966417,-0.2704575606286381,1.0
-0.9708556626845206,0.026455856055433477,-0.5655202668119192,0.01323881713348141,1.0
-0.9524674490516151,0.018502986398250806,-0.5944800517650861,0.1285866099947723,1.0
-0.9605592543118895,-0.06277240721230737,-0.5741606504821485,-0.19570275589076022,1.0
-0.869592441111965,0.013904312275866137,-0.697200376872114,0.22175735675151406,0.0
-0.8409211829474166,-0.003870363249408558,-0.7180634019276517,0.01910401171325629,1.0
-0.8594809520229804,0.048802302355504534,-0.6974268349691217,0.07953945859373232,1.0
-0.35421283451586916,-0.8898771883774643,-0.24316241110502773,0.7756220286971444,1.0
-0.9307431276765064,-0.1172191903432957,-0.623571935677793,-0.011890584809995504,0.0
-0.9439455455365969,0.019440036518295636,-0.5981290722844695,-0.014233039070866656,1.0
-0.7604122420524932,-0.3441521908835967,-0.6392018665881445,-0.27185939186021346,1.0
-0.9342311898345766,-0.015215795098826153,-0.6500079973268273,0.2028285710080966,0.0
-0.9623532851143919,-0.0480317527209065,-0.5789097080275718,-0.0711448486356004,0.0
-0.9504638732100427,-0.040377197551503693,-0.6031212951739123,-0.17058998108581103,1.0
-0.949522265226871,-0.05234712440526058,-0.5918334484362134,-0.19293847789911525,1.0
-0.971600102012735,-0.03105659092983895,-0.5633164532927541,-0.07571862603437975,1.0
-0.9119554405091796,-0.14818524003028988,-0.6534635986595606,-0.42493995224122455,1.0
-0.1486123826766741,0.047156422357715375,-0.3799214113306124,-0.10566858127168685,1.0
-0.8521419739932733,-0.10732062844124335,-0.7264459540026867,-0.2543594407801955,1.0
-0.9310264793185296,-0.06637265022102924,-0.6513966939467047,0.29287531306283526,0.0
-0.7898199367776265,-0.08869105203735031,-0.732220050732624,-0.22100306493833755,1.0
-0.7456704891088337,-0.2937761598573516,-0.7084892788998929,-0.16977509074529787,1.0
-0.9923384223429643,0.06295112664241674,-0.5267921358560272,0.24261035887534446,0.0
-0.9169334741626313,-0.17121649155125626,-0.6564661474237539,-0.47728444268091647,1.0
-0.5927201548518899,-0.08716307445273946,-0.8134816338963444,-0.1629388117915087,1.0
-0.9255288219774134,-0.11434603367805057,-0.6522099488146798,0.2417987174733258,0.0
-0.9147010143828207,-0.016550580643357723,-0.5993716823993284,-0.2972872753758097,1.0
-0.8325660634712739,-0.20369117744351442,-0.7352612218217598,0.035458266698120106,0.0
-0.9048885072351751,-0.038486514795616225,-0.67531064677343,-0.07352380399962871,1.0
-0.9606999508487291,-0.037205905970267045,-0.5873997653565346,0.10278342234869603,0.0
-0.8691666942712105,-0.2052591871197889,-0.6820165692456682,-0.258927669427561,0.0
-0.9871045408378476,0.05009416406939929,-0.5313900192543445,0.21264102079377137,0.0
-0.8921388506096597,-0.12083884573359205,-0.7024447766307482,0.18160179565020307,0.0
-0.6687064814406397,-0.044603063062581716,-0.8699099345341649,-0.17428500100701355,1.0
-0.9108782061137983,-0.11052256074463701,-0.6573691559804249,-0.24545671049272139,1.0
-0.8350705066764212,0.03602751851207481,-0.6946016771977095,0.223252177136428,0.0
-0.8680701350020542,-0.04390676599687561,-0.6516272751222487,0.21634718559060895,0.0
-0.9729624590731785,0.006574910962158689,-0.5569077173460801,-0.04123393994979565,1.0
-0.3207275907569742,0.10340696890719328,-0.9095760592813751,-0.07482048672961848,1.0
-0.9431659710276538,-0.014414431714806206,-0.5983800296915195,-0.18901418893060515,1.0
-0.955070411532558,0.0058791115510859054,-0.5868440650335238,-0.03414350587183078,1.0
-0.8904021248694074,-0.0716263907138196,-0.6524390845748467,-0.34858125282178204,1.0
-0.9029608116225738,-0.1465352267013304,-0.6989744232165609,0.15854153864693074,0.0
-0.89054632537094,-0.03008832604623043,-0.7170110688266939,0.1573528140311841,1.0
-0.7911652329987404,-0.01376989573295758,-0.8133111789378915,-0.15685272953914955,1.0
-0.9774122840443322,0.015164532255591084,-0.5509755476409257,0.0057973402050124564,1.0
-0.8001009903240468,-0.26102216320447824,-0.6210743046766531,-0.5271689031374596,1.0
-0.9821927511035123,-0.011847145468890798,-0.5433002699576542,-0.005540520902971229,1.0
-0.969851023707897,-0.025216070452242265,-0.5816157855055228,0.20843080055950092,0.0
-0.9685339774403366,-0.008634489031709935,-0.5567490463116663,-0.009406103861125465,0.0
-0.9178893901603998,-0.09685611620653682,-0.6371733111832685,-0.333982752130544,1.0
-0.9258130386762384,-0.1013755562069108,-0.6805633581832092,0.2416843366430775,0.0
-0.6729076965859471,0.07548041675143574,-0.8533003937828738,0.36233872337221396,0.0
-0.9434428288675241,-0.028895112758327107,-0.6206132658114142,0.31885935514991076,0.0
-0.9487415289308998,-0.00826906398941863,-0.622491115615084,0.3007049840714357,0.0
-0.9508825854839353,-0.07395266790451653,-0.6022290834524009,-0.19456805242179218,1.0
-0.9811521834317225,0.042548105165544664,-0.5446491108602322,0.0871165642636902,1.0
-0.9275899748883296,-0.08232145764085223,-0.6725237387804043,-0.0721432479308218,1.0
-0.9641391835502618,-0.06467877939425139,-0.6090029664670912,0.06249112893910645,0.0
-0.9424929849221991,-0.029669451372630076,-0.6316989107647643,-0.07104605896885882,1.0
-0.17736415407769324,-0.021333964758854414,0.07020682963081815,-0.6411742682722831,1.0
-0.936505134852778,-0.04453239030941611,-0.6460781981538527,0.2173925989565622,0.0
-0.9746822876397776,-0.009521180434688921,-0.5424367428761372,-0.060824653285727476,1.0
-0.9660842219222645,-0.0690169824339059,-0.5784402684400564,0.08944236264731012,0.0
-0.360204353798246,-0.20178990294088262,-0.8066453762244794,0.6027606090686662,0.0
-0.9765076387875988,-0.03841619331879384,-0.5674065498265118,-0.1654581804553378,1.0
-0.9334591418476631,-0.08775214099444896,-0.6229362668886278,0.09721397945680574,0.0
-0.9847923098530811,0.040309824326278276,-0.544071589209033,0.23179939382084452,0.0
-0.5286161679903374,0.13537583460604585,-0.6812061520367569,-0.19726113684003427,1.0
-0.9718165759593215,0.013357504287288546,-0.5437622196178998,-0.06725396751012673,1.0
-0.872236370524242,-0.017063935295305775,-0.6984739699405842,-0.1278996687943008,1.0
-0.9454753904836629,-0.028003756033596304,-0.6125658839525123,-0.12124260162624675,1.0
-0.9198818088860686,-0.13775345044446036,-0.6749524371985497,0.10266499524499016,0.0
-0.8838017556487445,-0.1456280163788447,-0.6850622033556056,-0.36942821607981974,1.0
-0.9661799715860417,-0.009400140210137443,-0.5800991144770732,-0.1209970572469162,1.0
-0.966895040693932,0.08569576727267939,-0.5419007729594041,0.037366127296048074,1.0
-0.8247549370945341,0.0669337323979195,-0.7769245220888186,0.2927131005068838,0.0
-0.9310385780943439,0.011170695187607063,-0.5960402437078982,-0.03861377802649672,1.0
-0.8477284612390201,-0.05810999471985385,-0.7708965461762245,-0.028630814848487014,1.0
-0.9763999677048592,0.04894575243379605,-0.5253482096487341,0.06564732311453322,1.0
-0.9208255229754405,-0.1079417856767685,-0.7021197521376386,0.2469327049634961,0.0
-0.9742951603537493,0.022047615446415203,-0.5698083055069705,0.2209993960787049,0.0
-0.9470907963817244,-0.03382488084845249,-0.6072013075550232,-0.19161460879740916,1.0
-0.8330218098720266,-0.2314310980154924,-0.7643633750897694,-0.06370770259813993,0.0
-0.9567337446192404,-0.01992126826897854,-0.6050009799108742,0.24554450978537865,0.0
-0.9524042648706773,-0.0653744111812273,-0.6209472443203214,0.15787149239863754,0.0
-0.8807782768850642,0.038164236149220085,-0.6724495758789447,0.05042289868354892,1.0
-0.8247473058488078,-0.08732153104954328,-0.7320285017981977,-0.15547991099736103,1.0
-0.965187508833713,-0.05770846192817096,-0.5977683536759454,0.020994339683398665,1.0
0.26372265258184013,1.0,-0.6489677215929519,-0.1505984265002878,1.0
-0.9412320746756082,-0.0340684949436982,-0.6460686417824056,0.2694779051116818,0.0
-0.9011888534096784,-0.09749237112733455,-0.6541743142396707,-0.26241888073066527,1.0
-0.9354954423856651,-0.045679038778701164,-0.6224295138523447,0.23775888000765963,0.0
-0.8928256358908147,-0.16092154657805524,-0.677435439703713,-0.006539090517870719,0.0
-0.926190714219352,-0.14311961206213303,-0.6321442285836117,-0.4409659585307284,1.0
-0.903120558042547,-0.06093132375951319,-0.6686617881171496,-0.24086865293163995,1.0
-0.3643757641599884,-0.2851159374460964,-0.5454926114890043,0.8559414414703327,0.0
-0.8249939724698409,-0.03069758925655966,-0.7674652445688679,-9.795517757340416e-05,1.0
-0.9755884026985047,0.022461612678792264,-0.5551550626648367,-0.0011597040949946416,1.0
-0.9805520727296761,-0.04480905019233669,-0.565949582852404,0.19722166615128756,0.0
-0.9460806154204194,-0.05626395093634885,-0.6194140219952982,-0.12250638977022421,1.0
-0.9539608478295287,-0.0978270771478387,-0.5681480629641922,-0.2870964340948202,1.0
-0.9609897621464166,-0.09885995930749947,-0.5920080942111107,0.11606574229188099,0.0
-0.854361358334756,-0.09065936827411375,-0.7590284479346182,-0.11142469865970586,1.0
-0.9200709291242245,-0.12601692679299203,-0.6472321869041743,-0.38443711175828277,1.0
-0.9805685647003762,0.030479466679354403,-0.5492107524142198,0.09670058539720401,1.0
-0.9545440083840843,0.02400135991844486,-0.5864038748240733,-0.021642140495835967,1.0
-0.9700765917292936,-0.06311868020924294,-0.5895146200481753,0.22753713330734335,0.0
-0.9247417700707791,0.020742803345371333,-0.6355825985006992,0.268016646384198,0.0
-0.8986302080710813,-0.12299705703977161,-0.6572685924306763,-0.39176333570769717,1.0
-0.9737488418534098,0.0025944157459628636,-0.5556501979368581,0.06991080875331859,1.0
-0.7887322154156692,-0.07094126641848231,-0.7764536549535833,-0.09116786418183381,1.0
-0.6858937781697023,-0.1317944478956805,-0.840087754816389,-0.06343743865372027,1.0
-0.9816068953957057,0.026934289698281128,-0.5537971493099805,0.23689411195201954,0.0
-0.9600623057725082,0.02338317310838471,-0.567130994826737,-0.1334582699134955,1.0
-0.7810804382962854,-0.11314655402283291,-0.6470397865318016,-0.18266076082629384,1.0
-0.777995457828974,-0.18717832629647665,-0.7772644823127015,-0.3052253872137476,1.0
-0.8634678886379343,-0.11662783328203673,-0.7689822915791326,-0.15365567791595433,1.0
-0.9520237558858252,-0.012919007347180982,-0.6125028421382626,0.3113768354594013,0.0
-0.9222585299412094,-0.05101557236649316,-0.6164946218592406,-0.2972028184258339,1.0
-0.6055942571731423,-0.07647120576452371,-0.7925618907644361,-0.3004457811706674,1.0
-0.8168114092878616,-0.14728221585219586,-0.7539602501589175,0.12145276127685498,0.0
-0.8941256949959098,0.04183872630994641,-0.6734984759496154,0.011372437393474405,1.0
-0.9391609365210416,-0.041927332103414365,-0.6491168255483052,0.23365426299107786,0.0
-0.9545193217522339,-0.05876336947578138,-0.5832363933949345,-0.20223306081284767,1.0
-0.9434931314323861,0.05186206803484757,-0.5898914520903136,0.3080231573075879,0.0
-0.9091586686991133,-0.02211085951918538,-0.6402675701378948,-0.017145902928916684,1.0
-0.36954254417158405,-0.2975958030879453,-0.8396370473515853,0.37289791215606577,0.0
-0.9330647073782257,-0.10741402537204424,-0.6311783570584414,-0.20248679844216957,1.0
-0.9408081284389233,-0.005375422559501235,-0.6015919229184385,-0.10191807830429404,1.0
-0.7226669797589241,-0.07398497120132064,-0.804010532300069,0.2698742707252555,0.0
-0.9125319509694646,-0.12101735924262695,-0.664953773461985,-0.23087094598651053,1.0
-0.7656278083518222,-0.08643709426164545,-0.7512653365168755,-0.07865935086277444,1.0
-0.9418017964449236,-0.006496968560117576,-0.6156307581819462,-0.03454347834560096,1.0
-0.9337346566637008,-0.03271397010711956,-0.607003874930047,-0.23617761359612843,1.0
-0.9643106917214556,-0.03699023426757635,-0.5874368939683463,0.12213121002574841,0.0
-0.7334195053034672,-0.11327182128369276,-0.8350926635861896,0.26231897406636806,0.0
-0.9619856836680732,-0.022209941992978176,-0.5714275314370275,-0.18366654964524612,1.0
-0.981535934710085,0.009266039831889256,-0.5548910318003797,-0.024306838353185853,1.0
-0.9758492153094557,0.013819621209822525,-0.5473744152545822,0.258106881246995,0.0
-0.8480546872353509,-0.05216457435024205,-0.734526715756389,0.2994827222792797,0.0
-0.8677757924147995,-0.11763944016521127,-0.7282088888191431,-0.11494984243851286,1.0
-0.7793065334298068,-0.10342736162818283,-0.733649327520147,-0.25206028650946444,1.0
-0.8397591025949114,-0.2842498224294022,-0.692941469282381,-0.18232505173911848,1.0
-0.9124433610924021,-0.08936619947208038,-0.6847647407854256,-0.07871685233996449,1.0
-0.9679719213709186,0.009671728582894931,-0.5674056630966252,-0.012214780671883883,1.0
-0.3519781716420999,-0.5920066036567494,-0.1954479486114022,0.48451646782084945,0.0
-0.9825831586823944,0.030360017556018956,-0.5307870807522789,0.04461948453003667,1.0
-0.9618394193946922,-0.020054665866033092,-0.5741460271021417,-0.08753398804684762,1.0
-0.9358075368039686,-0.06267549090373246,-0.6218016460068597,-0.27289356745814347,1.0
-0.9839228742791921,0.0020801771090324245,-0.5375080815637042,-0.07038777905201146,1.0
-0.9638546472619939,-0.07895888660726438,-0.5781175093187829,-0.023116315402267766,0.0
-0.9653870953048749,-0.0250569409499512,-0.5956744667128944,0.17493418061518726,0.0
-0.9523663318089173,-0.046941996380210856,-0.61376880255726,-0.22438913280700223,1.0
-0.9359029287381206,-0.14021702321629426,-0.647233403381191,0.11574837931830646,0.0
-0.8681150461921097,-0.09421271827673532,-0.7033291527561307,-0.1266284561388249,1.0
-0.9537167693035238,-0.08341342147783873,-0.6259402385472139,0.11951738958452679,0.0
-0.9624110436473765,0.007406810791506235,-0.5887781302443845,0.04329394772313906,1.0
-0.9528646044123419,-0.07232820101736834,-0.6193845230266467,-0.07567641475254631,0.0
-0.9540771977452814,-0.025440338614335464,-0.601547530997775,-0.16867139172986226,1.0
-0.9764535769716196,0.030692650313170686,-0.527897303670043,-0.03168448330945675,1.0
-0.970751932201817,-0.020508246633678798,-0.5395386961471421,0.10248469354203216,0.0
-0.6771798198619478,-0.29311584963504445,-0.734788689286896,0.31717503038364603,0.0
-0.9677177999552545,0.023193177011054403,-0.563143930572665,-0.02319286548572027,1.0
-0.8279910212447167,-0.11044504925324083,-0.7490765058836543,0.20314401034858576,0.0
-0.8804433918175404,0.03352952341587109,-0.693936337616445,0.05058836223763931,1.0
-0.9489999669213984,-0.02890432865929932,-0.6107296843139588,0.2578667513168985,0.0
-0.9518905187361725,-0.06566228663527968,-0.6046471728378996,0.15083652193006258,0.0
-0.8040419834963218,-0.10582210926554997,-0.7334072288357084,-0.2284166398943104,1.0
-0.9550670811806777,-0.04300513178147314,-0.610656434631809,0.090111099657092,0.0
-0.9780967538164177,0.015022271675637536,-0.5471538537684144,0.25340922463842674,0.0
-0.9677754765204913,0.015297167731292263,-0.5739552586589202,0.18887745716669152,0.0
-0.893321141759052,-0.1764194589494043,-0.696837003509698,0.024149802572373022,0.0
-0.9476001538324876,-0.04476399513782406,-0.6328774594799454,0.23749236323916137,0.0
-0.90281048948762,-0.15770217332763617,-0.6977619745696038,0.11087302312453491,0.0
-0.7244735285761472,-0.17797197063914894,-0.8124817576900566,0.2463003096153025,0.0
-0.7733224269430223,-0.18509164129393557,-0.7522637201870059,-0.227903708670691,1.0
-0.9348818948128651,0.02177402201595452,-0.6180242035107022,0.01294850803893154,1.0
-0.9339973829635609,-0.03099518731420973,-0.6246638567229724,-0.0451411409726291,1.0
-0.9455854392175856,0.03882774818878104,-0.5827100283420946,-0.013854849040923031,1.0
-0.9172563116937066,-0.047864848762880316,-0.6424361256910524,0.16969956977497277,0.0
-0.9246482736858055,-0.1033316921609937,-0.6374212950449009,-0.32776297791434206,1.0
-0.5227570908243439,-0.21993546936563654,-0.9948359284027726,0.15636758420374067,0.0
-0.7827826427591861,0.022536635020375187,-0.7561691568083869,0.3732820757396029,0.0
-0.9849617512557189,0.0255243544306821,-0.5326540561484436,-0.010992049723698702,1.0
-0.9739441879312661,0.056092888653098444,-0.5334908409552431,-0.003513996174739187,1.0
-0.9522269192050887,-0.05949245798768965,-0.6201491622432306,0.18565753202929375,0.0
-0.8496688416043142,-0.2477878389106458,-0.7178247105359018,-0.029238179714475898,0.0
-0.7869786479470742,-0.17965438255459246,-0.7449443290610204,-0.17529833308847598,1.0
-0.9113965913928693,-0.026902735749925445,-0.6302826285127494,-0.23322921542097347,1.0
-0.7395538660629528,-0.05056941246074061,-0.7940561777688978,0.2770143197620818,0.0
-0.7230751716458258,-0.4517927916801485,-0.42927012149323474,0.06856145836841843,0.0
-0.8443597202538753,-0.16417793710217476,-0.6489442817079456,-0.42903955083872614,1.0
-0.9831631724516972,0.011023117732350679,-0.543158429235117,0.06623013823294796,1.0
-0.6266191536459348,-0.15136710660905212,-0.8302312072427048,-0.013905508800124033,1.0
-0.8118108196155011,-0.04592684769063255,-0.7611442986599923,-0.1555874316458606,1.0
-0.8783101838897157,-0.004755100825481397,-0.6853752171521055,-0.07363191267801088,1.0
-0.9808607386546326,0.0372744668179827,-0.5463466762345006,0.27026796289962784,0.0
-0.2557634075274533,0.21386271396368556,-0.8845390471816469,-0.23535386943391112,1.0
-0.8088796242985172,-0.03184601900476805,-0.617697051048033,-0.026768988964905566,0.0
-0.7659946529064056,-0.32888796297625766,-0.6317336885579042,-0.4966506372695959,1.0
-0.9689005872922525,-0.006703536954562023,-0.5620379201827937,0.2434619627933293,0.0
-0.9670851984109908,-0.019321007324025835,-0.5865401238357701,0.18967909337649705,0.0
-0.6704121000093126,-0.23940332193438574,-0.6930299956461904,-0.4404465256974099,1.0
-0.9649860476400738,-0.053752473201232207,-0.5947867696444609,0.24166314943645653,0.0
-0.6255563689547418,0.1958689793286058,-0.8631852327123931,0.28442724738442177,0.0
-0.9149178194326857,-0.09776062510600386,-0.6655631704665598,0.04087776708830715,0.0
-0.9894946648342747,0.05482933755918745,-0.5088375801159861,-0.033256683239966375,1.0
-0.9509281746922192,-0.06869823379150704,-0.6081518330835824,0.12408798169859764,0.0
-0.964647183866117,-0.022930487910896136,-0.5961215706293683,0.2766476354357057,0.0
-0.7784924569908558,-0.059920909278195295,-0.7890209520493473,0.353747871867242,0.0
-0.9510155602198558,0.014916894961927704,-0.5805904589651397,-0.0984882668439353,1.0
-0.9401388974477707,-0.0038660214463990816,-0.6055515446938716,0.3396612712552566,0.0
-0.6201955687948661,0.18484682003138667,-0.7512504398151005,0.20178442231650212,0.0
-0.8234819270356378,-0.1333897381992682,-0.7627544282067326,0.19979148294088137,0.0
-0.868666450139571,0.21952419987545635,-0.5819244238785823,0.4783320562542947,0.0
-0.8708880317040808,-0.17792885009534487,-0.6897196592041578,0.013765413294445493,0.0
-0.9204946631417836,-0.12108141927340776,-0.6707633238754429,0.03816233835111668,0.0
-0.9170336651461242,0.04437297395600018,-0.6244482936195231,-0.0554938059223366,1.0
-0.9747743660401348,0.023087197986311064,-0.5449388820899607,0.001834750132749266,1.0
-0.9649417548031805,-0.031112082145031618,-0.5859223637459311,0.07388111524895094,0.0
-0.982842636563647,0.03348586612186513,-0.5416299161682259,-0.0052774535526469955,1.0
-0.48475189543399994,-0.06606953177587593,-0.7576457133959756,-0.03732825417320969,1.0
-0.9048840619646515,-0.07160053005148183,-0.6910284022273931,-0.10009083479133449,1.0
-0.9113511838918679,-0.19203230538425634,-0.6605554655390288,-0.004038937723197057,0.0
-0.8809807900615534,-0.11571067588305142,-0.679682307915837,-0.3911382451261462,1.0
-0.9581064400328092,0.050043249250858735,-0.5640403581834244,-0.046976476442643425,1.0
-0.9122211949847137,-0.10654331660466826,-0.648754919929631,-0.30305358998908916,1.0
-0.7964451238253505,0.09702588709918603,-0.6949222061491732,0.07525312601328202,1.0
-0.9135926774092714,-0.011244364249661631,-0.630397982303226,-0.0380411546638622,1.0
-0.9413222171538286,-0.09739862091180104,-0.5995429981535058,-0.3045689884685046,1.0
-0.6282855493392335,-0.24934870966911765,-0.818578576473955,0.30451775158142147,0.0
-0.7376066214215758,0.029469546084730625,-0.809801777178658,-0.04496976683269298,1.0
-0.7651626842026673,0.02406858479050622,-0.7964397447857394,-0.19312490972406374,1.0
-0.926897602959846,0.01055841827846965,-0.607863382666116,0.09326156561466364,1.0
-0.9424109444720705,-0.008057736745628347,-0.5927973568557348,-0.03648011425636032,1.0
-0.8691692341082486,-0.09390582581402943,-0.7522617619504801,0.2282302082907033,0.0
-0.9119158506579448,-0.10698492934783149,-0.6544022510644746,-0.3350436885273359,1.0
-0.97029831105354,-0.06329326527261553,-0.5885581066392084,0.14400418976937007,0.0
-0.9345144360658878,-0.1115039802412614,-0.6280926011130517,-0.20760500357402295,1.0
-0.8909104211677896,-0.0611308820002439,-0.6889859658790911,-0.15138238285270209,1.0
-0.8959480120568971,-0.08235096365919317,-0.6897084228473227,0.30444438670495233,0.0
-0.9425755563772839,0.023646875962472363,-0.6062470911003098,0.2614416465524292,0.0
-0.8544523636052446,-0.046786144623156264,-0.7644522824518534,0.08017696951401006,1.0
-0.9485309464689897,-0.07580971632730546,-0.5874572863248411,-0.13333257882681795,1.0
-0.9570365856720582,-0.04154747939780988,-0.6061575520535968,-0.18004554490211114,1.0
-0.9589870051445122,-0.0509923608537104,-0.6007987813195291,-0.03936868628961287,0.0
-0.9642158815304,-0.041369076506048444,-0.5927597935031079,0.15626098585570258,0.0
-0.9535499018980713,-0.0045188965677077295,-0.5827055288447804,-0.23245847149257381,1.0
-0.9564216461882119,-0.09667368271101337,-0.6156805008096774,0.06087097856034029,0.0
-0.6261833739278726,-0.19769498791213555,-0.7595418529702805,0.29031947875050346,0.0
-0.952997455158897,-0.06894605480234205,-0.598805104811207,-0.26285561878893093,1.0
-0.9304363154734557,-0.09810082374128702,-0.6362893064323243,0.17138335308647562,0.0
-0.9612481186857914,-0.046438564992446245,-0.5970937255686751,0.16304510661172558,0.0
-0.9230454334081899,-0.09037843184093741,-0.6433930553458738,-0.30443465250263624,1.0
-0.693506322354684,-0.32290446795864497,-0.6749724053377486,0.07249503243984066,0.0
-0.9820180522453005,0.0023679538982674248,-0.5620081222464195,0.24581336756590844,0.0
-0.9777838478549646,0.0035617080631389145,-0.5494639704073285,-0.03801630276357995,1.0
-0.7097559175453183,-0.23154883770707407,-0.6751766449175263,0.2611011624378201,0.0
-0.8886587016935048,0.010192119383371875,-0.6643672181323907,-0.20276649656760298,1.0
-0.8909396894827877,-0.07076407374643981,-0.6940410898578575,-0.23251170259197007,1.0
-0.5114536296995107,0.27941742111637197,-0.8663766575563195,0.28376098450057413,1.0
-0.9358745939519431,-0.10026982892925554,-0.6475193338001615,-0.07943729473254377,0.0
-0.962748685532301,-0.009140079044704416,-0.5861305903492885,0.30881934105043174,0.0
-0.9831660536475408,0.019063925077421925,-0.5292654103000269,-0.05813083303777372,1.0
-0.9566504019634591,-0.06943971161119163,-0.5806676587156363,-0.2067650752057941,1.0
-0.8523926303303576,0.009266406665156338,-0.7552441887246215,0.02591264790817932,1.0
-0.8357987554848284,-0.0015515931683518017,-0.7168735541311211,0.3513657170775016,0.0
-0.8929813785422492,-0.08130571856154507,-0.6513394866893342,-0.336872132958743,1.0
-0.9679453384256144,0.023932443352113003,-0.5742621065660588,-0.06356889665994465,1.0
-0.9354419592988549,0.02514874470378188,-0.6370095208854955,0.2905925662243949,0.0
-0.885041136313077,-0.09052444715240826,-0.711197230024515,0.22178994788937292,0.0
-0.9577793537210033,-0.047294329797878225,-0.602567405364602,0.14909386381668152,0.0
-0.9820900700057282,0.021305991768362634,-0.5478249243386053,0.23225790712522768,0.0
-0.9397117847469691,-0.11526617406147571,-0.6087910290256241,-0.19807647646351637,1.0
-0.9066265513768869,-0.04083136519602486,-0.7064139439937017,0.16836482808089365,0.0
-0.9276254881766717,-0.13288814046115224,-0.6555778797717303,0.1860679327456849,0.0
-0.9139084363346592,-0.11532451742141961,-0.6444536066643596,-0.27768812519653924,1.0
-0.9315727818044693,-0.1121757018350184,-0.6457134560753967,-0.15906393210631856,1.0
-0.9846695798603344,0.0013971508583386846,-0.526191979013815,-0.12161165109014774,1.0
-0.9518830641922174,-0.026395945846591325,-0.5951061867082877,-0.09050123556523099,1.0
-0.9728415215933384,-0.0018857600947895653,-0.5684243790690513,0.22250516055192943,0.0
-0.9615126011623434,-0.04734999264471667,-0.582282020783212,-0.04433615999947908,0.0
-0.9105087491869326,-0.1360649990584925,-0.6845886966852566,0.13944897534985262,0.0
-0.8038434418966309,-0.20707567681061206,-0.7731666601807661,0.13910894956562908,0.0
-0.8993452002546043,-0.13284699353945728,-0.6512424700048141,-0.3627734364950752,1.0
-0.8248667523625791,-0.2594377434457603,-0.757714862025243,0.027119723814792232,0.0
-0.9763150145178265,-0.008933342825999939,-0.5767580304256581,0.2714711844138235,0.0
-0.9240510370843278,-0.06569543510328898,-0.6412505220016946,-0.10133701923042665,1.0
-0.9615156703192886,0.014898314753601719,-0.5616247696800689,-0.03338771407397757,1.0
-0.9329495413956687,-0.10177532701813996,-0.652358049932161,-0.12268432504011373,1.0
-0.5460627143502916,0.21037559633354957,-0.7694783124438549,0.3519828064756238,0.0
-0.9766647888563365,0.013672978675357522,-0.5620530375971039,0.3069094887663337,0.0
-0.8116799258085775,-0.12094623341977788,-0.7245830961585822,-0.16057817564414828,1.0
-0.9572615042897877,0.0012288388171850656,-0.5758115402934862,-0.17467453760213386,1.0
-0.7013728860614716,-0.48786543082817546,-0.5437684930497645,0.2588565264263837,1.0
-0.9480983550777088,-0.0829818998460909,-0.6272626836885344,0.2024032377221724,0.0
-0.9463546284109273,-0.05180834786499501,-0.61432678822046,0.19253099629644832,0.0
-0.9627678746965689,-0.03263551463495813,-0.5880781659525328,0.21392157587520458,0.0
-0.9387161028494272,-0.08229375950428464,-0.6131005240777424,-0.16890712609438574,1.0
-0.9807913740149065,0.01947678581572125,-0.5416486465795379,0.18506976516427834,0.0
-0.9693992139947503,0.029328558660322926,-0.5633531064590336,0.050807372984588414,1.0
0.1121945259353303,0.533169781283357,-0.8029870768549419,-0.26555699337170846,1.0
-0.9200130918505635,-0.09938717684063589,-0.6412188563723944,-0.3626222753828699,1.0
-0.9432619770996771,0.026537536541443252,-0.5820468698989497,-0.02449765972288518,1.0
-0.9674812830663779,0.014242192381996657,-0.5591634080579745,-0.14414404020365912,1.0
-0.7764120993614916,-0.08172684740599598,-0.792114106742692,0.18458438164544208,0.0
-0.8999953481007227,-0.17116851899739643,-0.602318905702537,0.17933100430466878,0.0
-0.6886251170674829,-0.27154642193727385,-0.5424568096651297,0.23133816563102227,0.0
-0.8472605479343943,-0.21570800812137833,-0.72339096414783,0.06171650412077535,0.0
-0.9686558854205948,-0.024124074524004974,-0.5771977119381295,0.1389320981753782,0.0
-0.9555790158671009,0.06482416810815123,-0.5650659859805172,0.03295193207387087,1.0
-0.9594747904962726,-0.03645906219953706,-0.589824924902342,0.2132217075205965,0.0
-0.9079732298947443,-0.007767073079865315,-0.6712272642837157,0.2847924998823389,0.0
-0.9604008341196971,-0.0421749213551279,-0.6119044232171945,0.21267044324130174,0.0
-0.7409144483518533,-0.09805417058105582,-0.8182134228246941,0.17382060045371153,0.0
-0.886837771279293,-0.05943717211834218,-0.6766500812824544,-0.12509645351436371,1.0
-0.9487385837979935,-0.029324473832163793,-0.6039909312068074,0.19553090305590556,0.0
-0.9610686108951151,-0.02420606266213042,-0.5977340154362626,0.13986464892517814,0.0
-0.9063625905386636,-0.21423630954139863,-0.662771103577184,0.09861921718668443,0.0
-0.9354841992372247,-0.059607024296343895,-0.6318100260186281,-0.1586383276517624,1.0
-0.98048307915424,-0.03729157337057086,-0.5388869202979657,0.13575089034220122,0.0
-0.9377937481434733,-0.07251418889309073,-0.6335734262018758,0.18845590259148098,0.0
-0.8336495728039166,-0.2064184840856036,-0.7532464969106266,0.059739095356923344,0.0
-0.945122404608392,-0.06597062160833761,-0.6201137976740227,-0.1707160516539493,1.0
-0.2778298364447478,-0.7723187401980718,-0.38078214580215203,0.24457030849940228,1.0
-0.81759082683264,-0.03337063202036261,-0.7144935698966665,-0.13749636403479035,1.0
-0.8615662980760166,-0.17831851811192184,-0.6622301751067082,-0.43083492738912665,1.0
-0.9575872891779269,-0.055688475580790466,-0.5847947935070431,0.042856735013814456,0.0
-0.8993674232061886,-0.1321406551286306,-0.6858435560951643,-0.3645682781930928,1.0
-0.9355584837861168,-0.1061037253216752,-0.6153702878619467,-0.31942270072844076,1.0
-0.9305143123591058,-0.038896777289417955,-0.6570157761616053,0.2258277800966881,0.0
-0.9767601157400206,-0.031147260842290758,-0.5837421671232583,0.23119837941738225,0.0
-0.2175634498081127,0.6087131462564945,-0.7365741190641113,-0.06627455156688118,1.0
-0.9128504459407603,-0.14192737496717978,-0.6359873352064891,-0.3984014815569046,1.0
-0.6804904599254656,0.18176572112615977,-0.8287955886375826,-0.04315629785137249,1.0
-0.5086972418816018,-0.29760498404657576,-0.7476823382117442,0.16982768593024097,0.0
-0.9252150221152178,0.053811948672893975,-0.6369810623954772,0.30127296004324,0.0
-0.9573743689408833,-0.04797992681938196,-0.5929039259029687,-0.1734655205975195,1.0
-0.966394355188867,0.01327256752239879,-0.5812536136819829,0.05718216754238388,1.0
-0.9405209553660464,0.05523238128597674,-0.5926354033937623,0.03886487109016796,1.0
-0.6450741811316694,0.25605240317170197,-0.6231734534890246,-0.05412905243580303,1.0
-0.6932423097599472,-0.14969745124016515,-0.5272914781261351,-0.4890951944088445,1.0
-0.9550468160702034,-0.05247268311510393,-0.5684357529284539,-0.13163710697159947,1.0
-0.9729170138924205,-0.032485991591649055,-0.5689048580055794,0.15705115200898798,0.0
-0.8500123799475107,0.05378398606128497,-0.6474878509384552,-0.12181720363217216,1.0
-0.6615421496758409,-0.45285873948255306,-0.585112189873394,0.25351819045008805,0.0
-0.9495353040913331,-0.03313249201040157,-0.5914961182157317,-0.09705222423710148,1.0
-0.9889589062630345,0.029432876531479538,-0.5059448641948658,-0.04190439109915183,1.0
-0.5034749788447497,0.056566197518611375,-0.8081572903521482,-0.12261412799135785,1.0
-0.9173528292928799,-0.14673366748714806,-0.6448883445059065,-0.2308094768795535,0.0
-0.9534721297640708,-0.027629570371397506,-0.6016534395341497,0.31131864450696045,0.0
-0.8261207514882356,-0.1948256238677133,-0.6863822308403993,-0.4462183945180337,1.0
-0.916585251151789,-0.16448309075858072,-0.6355989261735044,-0.45420403362172035,1.0
-0.779430300364362,-0.1271607249220186,-0.7526460710818934,0.08754372119498516,0.0
-0.9391529309203146,-0.019172517443584648,-0.6087322864104334,-0.10550523623290774,1.0
-0.9770485512341154,-0.009723108221846993,-0.5680403889167637,0.16080973441449745,0.0
-0.7695488632066904,0.09654611551044878,-0.7251138114367417,0.2721801806773922,1.0
-0.9731610428822414,-0.01119626400888829,-0.5670920176464492,0.22544603761930035,0.0
-0.9784277848705694,0.0016705268244121343,-0.5618345645883,-0.030886095688817124,1.0
-0.20699737920721262,0.13692569583071745,-0.8371033354170644,-0.25339908249237,1.0
-0.7021637201962283,0.08462363201540882,-0.8137463096284304,0.009560624790691526,1.0
-0.9271427603764127,-0.11378688001607067,-0.6335212729944685,-0.07570264088932514,0.0
-0.9191332437779236,-0.03953114176766634,-0.6116026710002889,-0.27661390087005133,1.0
-0.73435458950358,-0.5071534412140724,-0.4637989507448742,0.5462316961949318,0.0
-0.9750239020629905,0.01090445692365788,-0.5641654918173382,0.2640903017352749,0.0
-0.9212681182128735,0.007878093307446682,-0.5831976565334289,-0.08848989481278005,1.0
-0.9363231405089424,-0.03624313631215086,-0.6227485494745376,-0.15710708750793426,1.0
-0.9516342351836997,-0.05708503661986322,-0.6018308472664321,-0.19514320960143217,1.0
-0.9575558219602704,0.043066907828755885,-0.5683979887493069,0.016406897483099044,1.0
-0.7746394965393489,-0.10731667246011442,-0.790139593246169,-0.19504319051331895,1.0
-0.6728340688302584,0.14665827277247095,-0.7328943827050362,0.22706990990295212,0.0
-0.9759094097685475,0.032852137938801346,-0.5485403223977636,0.012531583394435986,1.0
-0.9209314771807435,-0.14907901867964984,-0.6600464293026763,-0.39547843080041506,1.0
-0.5899063806804818,-0.19182833749319472,-0.8219988103223067,0.3085981597295806,0.0
-0.9146099743479489,-0.11889139884337183,-0.6563951005758241,-0.32657989432404216,1.0
-0.8746576018585644,-0.1536240193164783,-0.6562777037972547,-0.37464091395516425,1.0
-0.915687329720368,-0.07288465214962289,-0.6428161801377548,0.2994312234305002,0.0
-0.967459533505242,0.008901284846989238,-0.5753470209145327,-0.002960428511893442,1.0
-0.9434222413184946,-0.07549636430188486,-0.6225565170072402,-0.2724774346805673,1.0
-0.923553304300279,-0.05438523634904513,-0.6609803087756759,0.2562247396642723,0.0
-0.8602779316245975,-0.22270838209229893,-0.6359562443124179,-0.036353858689810295,1.0
-0.9558536269011261,-0.07669470090393984,-0.6221375602189072,0.12156438785624334,0.0
-0.8234582539643304,0.058967553130715694,-0.7380930412987092,0.19415575185415607,0.0
-0.9398884978015778,-0.0818501860814276,-0.6102357868415376,-0.18663005710276423,1.0
-0.9441415916745143,-0.03758103746666454,-0.6017421937036025,-0.07835740699978103,1.0
-0.9650700345346066,-0.04850993963152328,-0.5813913443503291,0.1852853375286183,0.0
-0.9840141437900531,0.03025381185559746,-0.5228756252583925,0.004999273687497417,1.0
-0.8413141769098241,-0.09015391183854983,-0.7055759363344641,-0.24463267500001845,1.0
-0.964256513461781,-0.04311064314443991,-0.5717050531068051,0.03695632310653146,0.0
-0.8772012990995424,-0.13844991141760893,-0.6816652301959031,-0.06106500252692444,0.0
-0.9832741545048602,0.030872565140981634,-0.5407716291517206,0.10766694027215912,0.0
-0.9676656863191941,0.03388908837627233,-0.5535291073223019,-0.036943253753549184,1.0
-0.9458314359274581,0.009521214649033646,-0.5701567226863173,-0.18477596786520073,1.0
-0.7823248143417592,-0.07030526399945644,-0.7823419786107706,-0.025995208946287138,1.0
-0.98352324572396,0.014460155859366136,-0.5504372604492961,0.3069332361287378,0.0
-0.1098937632368282,-0.058969324525769126,-1.0,0.24293851147145476,0.0
-0.9511918881681709,-0.06875112284395428,-0.6145586911315364,-0.1180234923157702,0.0
-0.9866423006168482,0.07469082632013993,-0.5351948651482048,0.27061061210108045,0.0
-0.9260017004326373,-0.02795912039913835,-0.6179111112029212,-0.2404765717583227,1.0
-0.9711489170364458,-0.0540807018106673,-0.5872630189780482,0.23393400501463643,0.0
-0.8152757647775393,-0.1576358614898076,-0.7391604880136484,0.2497289599554569,0.0
-0.9631398336430623,-0.0011307267855847972,-0.5821720672382833,0.21844129239439816,0.0
-0.9413767187461822,0.024067373345480036,-0.6068358895023866,0.26662054371909205,0.0
-0.5137734295104048,-0.38440688444814425,-0.6555389605362583,0.0800962595257877,0.0
-0.9656358084759927,-0.009510017552661267,-0.579539224707999,-0.005925473903373557,0.0
-0.9293709706751279,-0.06156936302948597,-0.6415203212275088,-0.1689038976557866,1.0
-0.8680979274530822,-0.17379283175493607,-0.7187488632984369,-0.3284033704414963,1.0
-0.9804805225707689,0.053201259285119276,-0.5317621697342778,0.08629646227125948,1.0
-0.9547893457377713,-0.02635018160060399,-0.6090532576866489,0.24718067676708302,0.0
-0.9577776131376359,-0.08536006247484097,-0.6006170185393087,0.14107934118948984,0.0
-0.9363384060904935,-0.03702178957174411,-0.5965243513271222,-0.12909429558355673,1.0
-0.929963670433846,-0.027107627371162915,-0.6583696486076099,0.3983307268750474,0.0
-0.9271465393791554,-0.033330628325701675,-0.6378439225803022,0.2486297707623016,0.0
-0.2368084948838468,-1.0,-0.22916001916714196,0.9715338901738291,1.0
-0.8160107246857179,-0.1328146766888984,-0.8020302224226646,0.2211136434135213,0.0
-0.8581246861940729,-0.01643347458076482,-0.6923697609249031,0.22185427978171354,0.0
-0.948034648681904,-0.033842121218844556,-0.6167828306857063,0.23936182538869238,0.0
-0.8546711290113402,0.03377967448154216,-0.7318969489379428,0.026828617548817765,1.0
-0.4724973117742627,-0.013299733028504103,-0.8357279209577576,0.37321149680334575,0.0
-0.9106238374899835,-0.04839986750094809,-0.6530267457962377,0.11936653909354845,0.0
-0.8822025961928969,-0.17260866005194186,-0.740083732935484,0.11147548745715245,0.0
-0.9589603324282231,-0.044468043578449766,-0.5879372202911489,0.16447168120057626,0.0
-0.936495184974353,-0.08824192771792515,-0.6352639187021221,-0.02790662888550527,1.0
-0.9089825197237602,-0.10785200019404113,-0.6692597703085248,-0.32471717193012783,1.0
-0.9304327858003262,-0.08719534217535617,-0.6449864081650489,0.2171259370004141,0.0
-0.8409670825350855,-0.13823994238443998,-0.6832820452996776,0.04111977070879569,0.0
-0.8520153707576337,-0.07164785391135046,-0.7298598594385117,0.2794904647901154,0.0
-0.9597382072145287,-0.01738366549320112,-0.598595278081344,0.2432376224703945,0.0
-0.9796127352675517,0.019215881099706733,-0.5613211273977988,-0.00488368656725896,1.0
-0.8081103060677972,-0.2662855608144635,-0.6484242190444912,-0.05180474791334548,1.0
-0.9272288895747037,0.005291064314431722,-0.6043610229335448,-0.10210133151904896,1.0
-0.9254155660725584,-0.017209965173928858,-0.6337259706579048,-0.054927988032207,1.0
-0.9693681409575159,0.008415558959335809,-0.5754915323739325,-0.05144396053537194,1.0
-0.9565815977611632,-0.027281618171035273,-0.6047227137433434,0.28106682209319767,0.0
-0.966039271058171,0.019804459998401816,-0.5862483127544676,0.3370442457923308,0.0
-0.8912750300791458,-0.023349413152168166,-0.6826050729560729,0.30658131179576836,0.0
-0.8118184734550307,-0.11689678227800121,-0.7394756768161822,-0.23890178733999506,1.0
-0.9395612041825839,-0.10328486178641173,-0.6252885555386677,-0.233392317199073,1.0
-0.9822750935902014,0.03401134571998429,-0.5397718734494051,0.1968185833978264,0.0
-0.2338652135294096,0.3444815506378937,-0.7431343198344998,0.37787355277309287,0.0
-0.972069443971814,0.03235980589898904,-0.5440800352141674,-0.06238310245626967,1.0
-0.8922761293697817,-0.12434624095941287,-0.7056673820574312,0.22613115650685864,0.0
-0.8641562799010037,-0.23431038244527916,-0.7442258426899896,-0.00499853998389696,0.0
-0.8153715379348545,-0.1399179684233965,-0.795463248699468,0.21316878322929314,0.0
-0.9622476711722318,0.01575882759403932,-0.5705495948250734,0.09542280297064469,1.0
-0.8903786620959963,-0.0529019285151299,-0.7261229218941043,0.2171710859143975,0.0
-0.9292567679130505,-0.0971958122691286,-0.6785328333176811,0.16035137990410908,0.0
-0.8820452589913559,-0.10081720280369019,-0.6968456144175481,0.27551010776565144,0.0
-0.8776816090255354,-0.19438960234192418,-0.7015603659352501,-0.11090399060277595,0.0
-0.9584567175976001,0.057373078966092214,-0.5742269115705168,0.012053188602889908,1.0
-0.7569832513149337,-0.1344014683964181,-0.756840144877725,0.15074882447532506,0.0
-0.9475370160335869,-0.06778665981561119,-0.6097046835423455,0.06001355084904107,0.0
-0.921039280199673,0.02313164519248531,-0.6408241502271548,0.07388718448919197,1.0
-0.9837820424626192,-0.005556434621502494,-0.55323746598836,0.22448539523734262,0.0
-0.9288039580551093,-0.07145708135559246,-0.6365555591116184,-0.2231961470749834,1.0
-0.9503297195322786,-0.06088031842474637,-0.6335565519817887,0.2586126703006259,0.0
-0.8858483502433375,-0.07883340326761547,-0.7107414607888527,0.22436414257553125,0.0
-0.9860163032978924,0.05166849626548638,-0.5250267808383915,0.19636533420844476,0.0
-0.9424571710529452,-0.0900592700786941,-0.636951941065937,0.1714050983774166,0.0
-0.9634939882134941,0.007290815619204069,-0.5757151378773484,-0.049788499560183844,1.0
-0.878125378462637,-0.0882638148697989,-0.7609725640620385,0.3108747123896119,0.0
-0.2804814648296915,0.23398838896952334,-0.9210131259786051,-0.08069012836012521,1.0
-0.8208951436747294,-0.11406037095958342,-0.8218978484900235,0.21569185723115092,0.0
-0.9278144121153139,-0.032168458132524905,-0.6287907755931257,-0.19591444228334867,1.0
-0.9139125712531646,-0.06979808964651399,-0.7176695017731076,0.0588577882996307,0.0
-0.9278419566590168,-0.13635759767575692,-0.6363246940466761,-0.4181735648514592,1.0
-0.819964915519905,-0.05405767270791262,-0.6959373551413568,-0.24038768443238628,1.0
-0.9188736313450044,0.0009777402289649836,-0.618550616703195,0.2478932863910829,0.0
-0.9835335116475334,-0.011687740537455735,-0.55025604372629,0.25845262596422097,0.0
-0.9857906329424496,0.028112523836281406,-0.5373227276414354,0.020731618318439553,1.0
-0.6414948278120504,-0.033797292398243604,-0.7403902904773548,0.34533781072241965,0.0
-0.9018553434406434,-0.09869243236019959,-0.7028440075506425,0.1678009434101073,0.0
-0.8232440239250507,-0.0005446399289428111,-0.7447721831930301,0.2829161441808465,0.0
-0.7980959980661587,-0.19443461019462166,-0.7407687492181363,-0.25003243999429153,1.0
-0.6945680420581873,0.07382663624420643,-0.7800149726179783,0.10964522239736045,1.0
-0.9405960808164295,-0.10504081191184364,-0.6351277508079949,-0.26667687920483196,1.0
-0.9471185262289811,-0.08434486032879268,-0.6076609666555657,-0.3037307782016942,1.0
-0.9276961689995227,-0.09748324272418579,-0.643901466829464,-0.1878159454778854,1.0
-0.96598613995844,-0.05142308467088037,-0.5909841925989698,0.09016176051894549,0.0
-0.9648448804258666,-0.03805166035563673,-0.5850168210285928,0.24583876588884468,0.0
-0.9756685908516396,-0.023428348855187277,-0.5757455892602407,0.23926815414725522,0.0
-0.9307288393789073,-0.12377650157874058,-0.6466227829043243,-0.3653559582958364,1.0
-0.9838402997019379,0.034020117632980934,-0.5130331219563118,-0.0707774504334588,1.0
-0.34219160318315334,0.04043092953044883,-0.6411559004932925,-0.2155323926590477,1.0
-0.8968414289185667,-0.0850930124280962,-0.6880931333055739,0.16081888067239905,0.0
-0.9308348350614383,-0.09262404348046163,-0.6737736406986965,0.2099763310502296,0.0
-0.8095476734404823,0.031815877226265776,-0.7165369243606621,0.0019887337972768794,1.0
-0.8877276618406638,-0.12343224671166732,-0.7256907794996486,0.1710746868749453,0.0
-0.9676532134358317,0.01712311438659664,-0.5827979515934271,0.002813594416481366,1.0
-0.9419491046656718,-0.09216621302735005,-0.6260211327617993,0.0911563860181921,0.0
-0.6193902627267194,-0.010994941771041343,-0.8727371013010106,0.12124876438808853,0.0
-0.9532275681375251,-0.06128535078703932,-0.5987223811760506,0.1528944202137198,0.0
-0.8593542422594064,-0.19513088502939632,-0.6881291945940777,-0.43091737386798074,1.0
-0.8860241691350857,-0.05973941012794979,-0.6704249709174047,-0.16292356517852696,1.0
-0.9808372722934646,0.010310675266246544,-0.5584697354455097,-0.004990384493399391,1.0
-0.9662714838739264,0.035685032113761006,-0.5835491556339821,0.1827483221189464,0.0
-0.842136011293839,-0.021582238466104776,-0.7590118291824539,0.2750947780862868,0.0
-0.9677322887569887,0.010540306202325975,-0.5763353092918979,-0.08808937734356767,1.0
-0.9195439242994402,-0.060431000670457785,-0.6715491419536656,0.21703060616837827,0.0
-0.9831850291679606,0.013087627445132921,-0.5367446913579075,-0.017259063198134396,1.0
-0.8767615156643074,-0.07421935264913185,-0.7304696381763622,-0.06912215006086839,0.0
-0.6864355083397328,-0.37774187647337715,-0.6358977023006431,-0.13170359511445467,1.0
-0.7266827106789646,-0.009197054780804605,-0.8084082013074205,0.32145239116520646,0.0
-0.9504657754662466,-0.0444706096202001,-0.5731326916199119,-0.08644646199015882,1.0
-0.9021148246200249,-0.14200564053428877,-0.6954889492479169,0.08615098440770512,0.0
-0.9266358416770538,-0.062012378848038285,-0.6548888829736891,0.07275122337486421,0.0
-0.833055380070862,-0.12628161877944794,-0.7505610344294293,0.241410301282098,0.0
-0.9336970064730401,-0.05797426844865141,-0.6567585279815318,0.28596889130102665,0.0
-0.8346975385439516,-0.1649661902561651,-0.700631217862452,-0.2819652091247119,1.0
-0.9641252038613025,0.011215006960522855,-0.5647488451533121,0.24517058471416608,0.0
-0.922932896485489,-0.10478318965392897,-0.6820893519793498,-0.009887227871186535,0.0
-0.8634546098498048,-0.0904096436325684,-0.6576586720356203,-0.2629836402850763,1.0
-0.9796663681072437,0.025454974825284762,-0.540776419984679,-0.020074586554110867,1.0
-0.9018958876309271,-0.10547944612540719,-0.6873494499425667,-0.08271321077888007,1.0
-0.735558831056784,-0.20392064843421712,-0.5291941547413638,-0.6126831705151481,1.0
-0.9569836232279547,-0.005800901584440785,-0.5816189713941837,-0.011778611108332615,1.0
-0.9211513378970896,-0.1625064365941441,-0.6811363450655388,0.06774645760868428,0.0
-0.6624321474445236,0.1377756597257134,-0.8414091672362711,0.3416907054123567,0.0
-0.7722870481069118,0.02963399211159906,-0.744664955507764,0.1660820195729753,0.0
-0.8186614387165698,-0.10505149866248084,-0.7855583402761315,-0.142284368377982,1.0
-0.9480059339626048,-0.096160069969115,-0.620466982935126,0.11014024411253966,0.0
-0.9641431856021158,-0.023947295063275822,-0.6112969427224018,0.20244145973431343,0.0
-0.9786376618782298,-0.012182236433292352,-0.5564326146576152,-0.009009626105630497,1.0
-0.6389886438834124,-0.5034150185600585,-0.40003967910420113,0.6480321439859249,0.0
-0.942557257202977,-0.09598185062951425,-0.6232811806715042,-0.3019896209962565,1.0
-0.9430691499267694,-0.08085801602284999,-0.6010098035191335,-0.2522181155273199,1.0
-0.9079243834516317,-0.07512189843556075,-0.6272057089712032,0.09747086552826888,0.0
-0.9607741243016041,-0.042190823959504783,-0.6104036022086058,0.19304653234502744,0.0
-0.9177541261495197,-0.13438728897998192,-0.6663306757900782,-0.2408901141075247,1.0
-0.770024084891844,-0.11136375106982818,-0.6553915325875879,-0.35114450107862777,1.0
-0.9534484843458548,0.019924664718771037,-0.5598085903939964,-0.03421801609887081,1.0
-0.9211239610413415,-0.10348206323949023,-0.6830987563033463,0.21391344166677292,0.0
-0.9663116743686104,0.06604222729420785,-0.5346927062699578,-0.006517350919697386,1.0
-0.9444417628008791,-0.08768385693077875,-0.6415494735782415,0.1107977615664881,0.0
0.6105437002811078,0.7310827375560114,0.2484017262107635,-1.0,1.0
-0.962469923394239,-0.02569991793877767,-0.5985554460137043,0.07309500885315967,1.0
-0.9597857521989764,-0.045410592584173265,-0.5891198702010418,0.008710573476601664,0.0
-0.9659466857236134,-0.005499186775990719,-0.5846226744390228,-0.07520243593350537,1.0
-0.8775334349273483,-0.10848362162475905,-0.707567727764062,-0.1370185715509294,1.0
-0.8488998424093384,0.019433137379356133,-0.7159756317783027,0.26750640802937714,0.0
-0.9608616106682806,-0.014514391648720058,-0.6029533399340752,0.32888776611037523,0.0
-0.963955175187402,0.04648277682654578,-0.5767919659255083,-0.020789332292795358,1.0
-0.9416242308543391,-0.004253841316054198,-0.6210976998281192,0.043391305027240194,1.0
-0.4013985946058412,0.03375233364617673,-0.8048657688826824,-0.16608862435946523,1.0
-0.9803537811861245,0.01623868813717802,-0.551840288506993,-0.0179737099410113,1.0
-0.8245848306304452,-0.019453494167191006,-0.7742411508230993,0.3777020274060714,0.0
-0.9851235976834157,0.02578383824579085,-0.5322476433604751,0.06256453390390085,1.0
-0.9679735450572616,0.03642515931524401,-0.5668777843623334,0.32487924954310565,0.0
-0.9300996596501621,-0.08387875583226026,-0.6345012846959491,0.007449530578057232,0.0
-0.9692947755047407,0.000692662570295273,-0.5359971513572225,-0.050619145101580845,1.0
-0.86386031742593,-0.013725827088593899,-0.6768553427670843,-0.1535955101701665,1.0
-0.8947560695299566,-0.09444406031152755,-0.6474656414242324,-0.2873647186558875,1.0
-0.8332266373596352,-0.1066888013896692,-0.6593681605010147,-0.3972638511807957,1.0
-0.8438730401930145,0.10246093069849802,-0.6259350955326808,0.1348483169900717,0.0
-0.9383268113555489,-0.1395536977445243,-0.5968014692604294,-0.10623222806226897,0.0
-0.8512662523320763,-0.08521843870505781,-0.7521272018636946,0.3128939160542124,0.0
-0.8932800033835973,0.037648149253634494,-0.6441340061255447,0.0005828931845368208,1.0
-0.9443137973389164,-0.05372032538268022,-0.5902451101967403,-0.09705829446770957,1.0
-0.6719149956012291,-0.15455116451613088,-0.7807813889609918,0.18301266994796644,0.0
-0.7276067312433803,-0.37750270606151143,-0.7615367100357147,0.2199886324030225,0.0
-0.8945588935284121,-0.10180517922421656,-0.739087561612004,0.06784659416724183,1.0
-0.9584899935495094,0.018717177189004966,-0.5637617632819684,0.227248769202547,0.0
-0.7580224811876327,-0.31815735825010066,-0.6807549955932802,-0.26831496386883,1.0
-0.9077953792275386,-0.15908020870766987,-0.6771140645285908,0.043234471367402966,0.0
-0.3243211255063806,0.16440393580970808,-0.9991935353690778,0.4696581540696496,0.0
-0.8407393214116461,-0.043162567524381426,-0.7080039904848547,0.28729029824913294,0.0
-0.8793002023188817,-0.03890637065648128,-0.6980335590315099,-0.09081845381105758,1.0
-0.745537803020237,-0.07042515976063593,-0.7314424734379055,-0.2447210967314325,1.0
-0.9640134497856581,0.005960681534353099,-0.5809182204465777,-0.004203531679725345,1.0
-0.4365969757015607,-0.29028694756116324,-0.24114311221638718,-0.48034534315468597,1.0
-0.948765338858278,-0.028358490464449635,-0.6060125494381521,-0.08430236156111723,1.0
-0.972458895773221,-0.039604446780502664,-0.5679684955081208,0.12448567920803627,0.0
-0.9401667304832929,-0.09984278661992843,-0.6559766887232904,0.18530789840328032,0.0
-0.8705207857514687,0.0006808388072242835,-0.6774249921879997,-0.09162201625895643,1.0
-0.9605157184158175,-0.047183443075939045,-0.6018987372476,0.1300050845303741,0.0
-0.9771573474098196,0.034940416867438914,-0.5519578347834708,0.09316697732792524,1.0
