-0.9850364837605894,-0.5367101902567816,-0.4320925103997201,0.0
-0.9563855274976536,-0.6007551780076621,-0.4822872868070982,1.0
-0.9856621343682129,-0.5609182987280065,-0.4300118544757183,0.0
-0.9522031307317802,-0.5887402773518374,-0.5232976693944285,1.0
-0.9924901403880632,-0.5185325163132605,-0.4129100341404658,0.0
-0.9587195870416729,-0.6202417865113586,-0.48128418747211027,0.0
-0.799622567692482,-0.7814713882250413,-0.5528791096492043,0.0
-0.9754555433230698,-0.5279685772441371,-0.4436317755320224,1.0
-0.20348071363412623,-0.28519445894725337,-0.4224239882865587,1.0
-0.9194770346508694,-0.6017125960016793,-0.5619603688768922,1.0
-0.9842315321759139,-0.564343340361584,-0.4289383853425966,0.0
-0.7232640262948618,-0.8657246989409215,-0.08544157056198226,0.0
-0.988977367634647,-0.5309609533184297,-0.42904191730301,0.0
-0.9616734896434888,-0.5861364679753012,-0.5249408786528601,0.0
-0.9262364957503484,-0.5844667922500781,-0.56674584759554,0.0
-0.9270227073297393,-0.6566453374702208,-0.5329056989474148,0.0
-0.964594397223386,-0.555814711288451,-0.47307448043225836,0.0
-0.9604288482825498,-0.539414548680625,-0.47518513901444137,1.0
-0.7783849687609694,-0.595233800808483,-0.6529293767265991,0.0
-0.9634796469799407,-0.5185949249902874,-0.4857909577088613,0.0
-0.7996246077523855,-0.6699888543255549,-0.6044732930308842,1.0
-0.5053797653238019,-0.916734424489996,0.01307736770870671,1.0
-0.9880526995778776,-0.5337234209411053,-0.4281218716927334,1.0
-0.9633353161333,-0.5457689240176647,-0.49178947690883557,0.0
-0.9874201784611235,-0.5238659396349633,-0.4144293790138688,1.0
-0.7649073199596496,-0.6745020996174398,-0.5610889402949124,0.0
-0.8488718643775902,-0.693709896107086,-0.628166358219482,1.0
-0.9325801391458678,-0.6075888150320831,-0.556452707145356,0.0
-0.9727139492166434,-0.5398230264040879,-0.4474230905144078,1.0
-0.8241085677624662,-0.6091242045417187,-0.7053603186186748,0.0
-0.9378838156112844,-0.6130131081863907,-0.5524603559517247,0.0
-0.638327516112706,-0.4263001043892273,-0.7438581948205939,1.0
-0.9566766660868098,-0.587078118509723,-0.4917325487226971,1.0
-0.9554971521309313,-0.599265588363964,-0.4800762758002958,0.0
-0.9261601071651269,-0.6345007907124218,-0.5616931663223609,1.0
-0.9573397062983936,-0.5783640681259937,-0.495317093803323,1.0
-0.9775748739092021,-0.5380953645407714,-0.46802631716794474,0.0
-0.9288803505782404,-0.6712930609873634,-0.5208058498791585,0.0
-0.9142671251813129,-0.6405650387285813,-0.5423775085991949,0.0
-0.9611201235381547,-0.5426152946951693,-0.48356279044197337,0.0
-0.9546796880914725,-0.6015625428603657,-0.4808498931621049,1.0
-0.8427199396917487,-0.602105596717075,-0.6142476338077003,1.0
-0.9920637936919453,-0.5435695724109081,-0.410246969112671,0.0
-0.9692603474841855,-0.5504519992393733,-0.47276195219671835,1.0
-0.9657219660491821,-0.5726574121147551,-0.485254909152262,0.0
-0.9076137518799688,-0.6103744509651643,-0.5978563541229,0.0
-0.9466439285421594,-0.6219148676863588,-0.5167637725563001,0.0
-0.8889325757626553,-0.5925989947106604,-0.5851033716700598,1.0
-0.9138433001253962,-0.602599966604276,-0.5777293470318174,0.0
-0.9020945421507606,-0.6284371849821742,-0.6007013396555734,0.0
-0.9729584748095957,-0.5766627888846025,-0.4602792189865416,0.0
-0.900289941626208,-0.6482538027797364,-0.5857458484623367,1.0
-0.9813264117056376,-0.5385387668252946,-0.4377993582472295,1.0
-0.9562277917248567,-0.5862887625082635,-0.48968904977787125,1.0
-0.9229191923095931,-0.4915173453907221,-0.5241625420794379,1.0
-0.9830734707260901,-0.5358226641596455,-0.44315365532896234,0.0
-0.9720598707586052,-0.5293441009980342,-0.4644249371994611,1.0
-0.9585850326003461,-0.5659926732504353,-0.4985611286919592,1.0
-0.8722066453488663,-0.5517964597990092,-0.6420436331019199,0.0
-0.9817291982697762,-0.5222002348599375,-0.422586878873391,1.0
-0.9857315001997828,-0.5446613182873464,-0.420366387958513,1.0
-0.9807162362899927,-0.5393339949834687,-0.4407328398589759,1.0
-0.9305736257360561,-0.5546670430546705,-0.517362036396261,1.0
-0.9021417604527951,-0.6084007552725755,-0.6366741675547123,0.0
-0.9541977667641771,-0.5801503512665683,-0.511260183293562,1.0
-0.9911565562662337,-0.5100522977844528,-0.40224503768404707,1.0
-0.9280218570315923,-0.6435315918112252,-0.5662567461565354,0.0
-0.9794065332278059,-0.5487773212286463,-0.45398188828113023,0.0
-0.7881550373348947,-0.6575401828432178,-0.6126049384269239,1.0
-0.8255533283184985,-0.6825502516131503,-0.7096324843284125,0.0
-0.9229073946887393,-0.6504719413525286,-0.521818175008901,1.0
-0.8281785465072672,-0.5275479987003048,-0.6497858148685325,0.0
-0.9629989829398748,-0.4831906418513535,-0.43150252569557357,1.0
-0.9070623315992034,-0.6244315222213443,-0.6031537309416302,0.0
-0.9258700467601922,-0.6369545781827407,-0.5554165610151345,0.0
-0.9366088155740979,-0.658721143299675,-0.5382832761150544,1.0
-0.9328972510476781,-0.6363433046649387,-0.5565066026434786,0.0
-0.9275729045509675,-0.5720454514380616,-0.5470205960237979,1.0
-0.9669594614777461,-0.5628725736694276,-0.4770831599014534,0.0
-0.7899160711576338,-0.5370278155649284,-0.651965334023442,1.0
-0.9382772303030376,-0.6433251745603179,-0.5041862259232867,0.0
-0.9886798247891505,-0.5180142925632709,-0.4206796790088028,0.0
-0.9706323454509144,-0.5646761991235243,-0.4861654966604026,0.0
-0.9686615901797497,-0.5875895216708336,-0.4841685949602784,0.0
-0.9661034044251692,-0.5388126874445364,-0.44913769567939943,1.0
-0.9781882095789313,-0.544763850213893,-0.45528036032570657,1.0
-0.9874463325131198,-0.5260999614327919,-0.4208115970170529,1.0
-0.8202132232098271,-0.6740377019281336,-0.6077558212046912,1.0
-0.9376644780572192,-0.6399597134061091,-0.5461439949904471,0.0
-0.932753890188419,-0.6330641495387733,-0.5578150785051987,0.0
-0.957549292183027,-0.5880312272934302,-0.4920979167484929,1.0
-0.9447949871887001,-0.6157666097803519,-0.5024751018503595,1.0
-0.9687827930363159,-0.5712687751633795,-0.4835598523484396,0.0
-0.9909997964953784,-0.5339237407794681,-0.4170789928959519,0.0
-0.883277333848311,-0.5472671848166437,-0.5563205181181392,1.0
-0.8612484038336461,-0.7458405747649604,-0.4066734631863783,0.0
-0.9793744917205671,-0.5650302591230579,-0.4580941637414908,1.0
-0.9795365667481548,-0.49720465534738906,-0.4254108012567052,1.0
-0.9480141910333826,-0.5585140119743789,-0.4918726283474113,1.0
-0.966891180031289,-0.5227934425999865,-0.4737320889255301,0.0
-0.9764320618748297,-0.5562513192817711,-0.46382236311561587,0.0
-0.9903790106533148,-0.5264729593376624,-0.4043315640078825,0.0
-0.9612262398048793,-0.571099426522624,-0.4977317757227521,0.0
-0.7733158101968395,-0.7192416597582458,-0.5566249075084454,0.0
-0.9765268493307151,-0.5089124647756325,-0.4558875905887065,0.0
-0.9853569889363156,-0.5376006504573139,-0.42109015595820154,0.0
-0.970348168357325,-0.5893568423558967,-0.46796058068455854,0.0
-0.979574891245957,-0.5517564947239884,-0.43287675658371366,1.0
-0.9655085307848723,-0.5471293723865585,-0.4737364858747137,1.0
-0.9711003214512877,-0.5711949822798672,-0.47768667210039384,0.0
-0.966605931675716,-0.5587930077405961,-0.49666191212138117,0.0
-0.9582478763475376,-0.5810566768577031,-0.5164742625435533,0.0
-0.968175960251317,-0.596664845578243,-0.46433346505944684,0.0
-0.8384414035823867,-0.5502962631119972,-0.6560393738518374,0.0
-0.8531749362432663,-0.560432919081261,-0.6228790476573621,0.0
-0.8761722879396081,-0.5964479413998347,-0.5901807117885224,1.0
-0.9231897833816003,-0.5993376914436381,-0.6040128053403935,0.0
-0.9725898397032703,-0.533871004464366,-0.463045601891743,1.0
-0.95197500030278,-0.5616688384067503,-0.521124323447451,0.0
-0.9617899417262684,-0.5991194724830936,-0.4813961813366741,1.0
-0.7351194475938521,-0.6137117885867663,-0.7182537588536834,0.0
-0.94107658676461,-0.6543627592954155,-0.5081020392659902,0.0
-0.9023805480052461,-0.6579997169197173,-0.6156675184830332,0.0
-0.9155553680003782,-0.5668173528797161,-0.5372930966990114,1.0
-0.9382419503684416,-0.5198702768549106,-0.5072625085738984,1.0
-0.9398558096858177,-0.6181995689030767,-0.5056619660324793,1.0
-0.9840804548013716,-0.5158403142026926,-0.43494961831626455,1.0
-0.9872024622672946,-0.5256316125423276,-0.44107705331331093,0.0
-0.9717681917325518,-0.5218773442534028,-0.4425264288972316,1.0
-0.9698655054602928,-0.5823269347835544,-0.491007385748997,0.0
-0.8169742418178035,-0.5470956476178439,-0.6812842389626381,1.0
-0.98136890046503,-0.549437085493638,-0.43193478202429486,1.0
-0.9248629513397331,-0.6456219377239255,-0.5748187388190448,0.0
-0.9489145204173262,-0.5848665860927946,-0.48543587710078023,1.0
-0.9680359763852382,-0.5704769007828134,-0.47593049454598046,0.0
-0.8753895883099355,-0.5233461803135278,-0.5829513916921074,1.0
-0.9029170524733131,-0.64601778319644,-0.6046555432683143,0.0
-0.8057214281547473,-0.6574708191701781,-0.7272542251833881,1.0
-0.9413014503011855,-0.6469654950643509,-0.5477907697285672,0.0
-0.951963582890426,-0.5569365997338009,-0.522080713918729,1.0
-0.9874164183327392,-0.5213400057924756,-0.4188434535528932,1.0
-0.9494164441740329,-0.5407679650845896,-0.4884228326724738,0.0
-0.9757831119550007,-0.5403103698119294,-0.42794317853184005,1.0
-0.9745091336464632,-0.5516591405094424,-0.4555843881364503,1.0
-0.8792776821328978,-0.6593560391782849,-0.5738300775856883,1.0
-0.5774097149625129,-0.7898094011972079,-0.6523969855928258,0.0
-0.941811172982526,-0.5877968713504935,-0.5257717876299292,0.0
-0.9157436495262394,-0.6678964085965434,-0.5616795078364522,1.0
-0.923525126992895,-0.6194148215523286,-0.5869988326675889,0.0
-0.9745375329118249,-0.5711948245845292,-0.46796519995878383,0.0
-0.947389710326516,-0.6404953266158149,-0.4934535921633721,1.0
-0.9550965110085478,-0.6267821323268234,-0.4543416652277521,1.0
-0.9069562925971402,-0.6659626715490561,-0.5661040179020643,1.0
-0.9848318174838567,-0.5520445595315234,-0.42825588884870075,0.0
-0.9827782272484131,-0.5286701100860943,-0.4400615068449975,0.0
-0.9017360946342282,-0.5942500332174724,-0.5961021940680561,1.0
-0.9619119577268155,-0.6034516217890401,-0.48714084981408917,0.0
-0.6203780209428937,-0.6070977207739126,-0.7071680786462826,1.0
-0.9642191065078818,-0.5430885786126436,-0.4770959741696263,1.0
-0.9829332939191742,-0.5377543045138509,-0.44768797511995484,0.0
-0.983618463244028,-0.5230551340701203,-0.43365952771537775,1.0
-0.9003718472193927,-0.6017087447752135,-0.6573241536817405,1.0
-0.946989461956079,-0.6219028036015741,-0.5070772930967351,1.0
-0.9737782867504727,-0.5677545258481428,-0.47863665435532016,0.0
-0.970779416182422,-0.5879192004766606,-0.45760037821863264,0.0
-0.975477357501155,-0.5577770560324781,-0.4714193516559602,0.0
-0.9788217384028223,-0.5635052989750938,-0.4436293240982755,0.0
-0.9909976298400774,-0.517295378763761,-0.4020653993514346,0.0
-0.8708390406365367,-0.7476461437980149,-0.4337535310760533,0.0
-0.9594215452087802,-0.6151193047301059,-0.4739184655418797,1.0
-0.9348945252625335,-0.6109868548583957,-0.537072698272999,1.0
-0.9255024405341378,-0.5768270287467056,-0.5666531150614024,0.0
-0.9540246226477672,-0.5913626438648572,-0.5236380449361066,1.0
-0.9869121708663473,-0.5162002088586468,-0.4124156032973599,1.0
-0.9391752861313891,-0.6067146887594288,-0.48666826840742156,1.0
-0.8638657312500756,-0.7216771926066513,-0.6059450243070771,0.0
-0.927324666161909,-0.6447478595532765,-0.53901531093286,1.0
-0.9170203332568195,-0.6294761768467492,-0.6092449782563559,0.0
-0.9341177889267331,-0.6074707602784205,-0.5303275988514712,0.0
-0.6956543778179912,-0.8648316978732591,-0.30788363112399597,1.0
-0.9487771621425962,-0.5732232114155135,-0.5235856665686911,0.0
-0.9468737802228512,-0.6210583871422102,-0.4961764803426507,1.0
-0.9729104190601898,-0.5305164941877241,-0.45577289121971243,1.0
-0.9753867565022998,-0.5339903397400082,-0.4462705960265807,1.0
-0.9204738543589629,-0.6097473729833337,-0.5377077645759925,1.0
-0.9023846704885177,-0.5648339990991167,-0.6396191524853542,1.0
-0.95783030722569,-0.5938481677813575,-0.512444519780931,1.0
-0.9830171248656911,-0.5682017050951558,-0.4385875626546143,0.0
-0.8592965293797662,-0.5696116953658823,-0.6127033407365369,0.0
-0.9765657022782029,-0.580273165279575,-0.4607167851238064,0.0
-0.9901260981272556,-0.5355911578044116,-0.4127345420896602,1.0
-0.9766701775035826,-0.5436917539051144,-0.4571657746448688,1.0
-0.9845053111418579,-0.5248019300537993,-0.4177680688815739,1.0
-0.9428574649177164,-0.5645274300338258,-0.5207939259451323,0.0
-0.787629027721223,-0.6603010018007847,-0.6945771726457725,0.0
-0.9447319747010662,-0.6110706506736967,-0.5080378610854239,1.0
-0.9770487435030684,-0.5210438188207227,-0.4518522232551005,0.0
-0.6925050082018815,-0.7154769080657821,-0.4153265402058158,1.0
-0.8093319917637505,-0.6526889733887971,-0.6338365357102599,1.0
-0.427022573750628,-0.4561611235844686,-0.7796599983888529,1.0
-0.6555715913620983,-0.4333368634977337,-0.779110632201581,1.0
-0.8454511102326151,-0.6174366625188119,-0.6152085981739843,1.0
-0.9623982834366371,-0.5818100009115162,-0.5043617044547656,0.0
-0.9396812977674293,-0.5857136077788629,-0.5407509399577752,0.0
-0.7985624605993175,-0.6969214097076672,-0.6303385402433552,0.0
-0.8446654056270274,-0.6819674070880387,-0.5749427977249286,0.0
-0.9438423869828022,-0.6218687684603423,-0.5136600760098151,1.0
-0.9784051951331001,-0.5651699620756093,-0.4532740880061924,0.0
-0.9885759598966731,-0.5189785038597317,-0.4162515658720549,1.0
-0.9205185182870715,-0.6482700410999227,-0.5695649987551623,0.0
-0.9636809408644117,-0.5895022200287512,-0.48207804278591726,0.0
-0.9463327749012042,-0.642409168885916,-0.5019949708267744,0.0
-0.9573639511470826,-0.6126743460122286,-0.5101354050682925,0.0
-0.9636281770062632,-0.5810939511973351,-0.4765342809698385,1.0
-0.9495083757005635,-0.5580129071095834,-0.5343930341127567,0.0
-0.9590298690782224,-0.5864802840022667,-0.49055236064722507,1.0
-0.9538656673887055,-0.5834248065254235,-0.4780825135805359,1.0
-0.8998025229308991,-0.6473000522279759,-0.6082730696163591,0.0
-0.815929202582682,-0.6598104905577706,-0.5477930938814345,1.0
-0.9854458111290235,-0.5419208549426454,-0.43203674831606687,0.0
-0.9596850346716819,-0.5798145867832843,-0.4990452514266142,1.0
-0.889940996563165,-0.5951114220078331,-0.6213119152849513,0.0
-0.9740403907900533,-0.572473551756559,-0.44669191716753126,0.0
-0.8067810330245999,-0.7487197079739141,-0.5394109022203597,0.0
-0.9600796996997168,-0.5341559868962821,-0.4829925663276412,1.0
-0.977775941941062,-0.539892094801746,-0.43868989464599173,1.0
-0.9873487305981136,-0.5168896341281429,-0.431099598609571,1.0
-0.9582557851188703,-0.6268798789427044,-0.5267112606603119,0.0
-0.9717240341208717,-0.5394226963505845,-0.47874263373819725,0.0
-0.9415391325839461,-0.589178044249285,-0.5391384825483555,0.0
-0.5103999658107763,-0.5404284263083341,-0.5793186159233822,0.0
-0.6204196277127626,-0.7714438602889738,-0.8055009898980511,0.0
-0.9543768343921472,-0.6258844505242965,-0.4784301132566425,1.0
-0.9667704295017348,-0.5612855009542804,-0.4447423597390183,1.0
-0.9645490016380494,-0.5587325895470994,-0.5008471590132143,0.0
-0.9736170701867001,-0.5593663840101443,-0.46057086676698566,1.0
-0.9460612227665254,-0.5994713827730392,-0.5515429708802131,0.0
-0.8328753497234683,-0.6027674924224037,-0.7072011294993553,0.0
-0.9807387486913643,-0.5404622540626939,-0.4401226681916819,1.0
-0.9738851027638948,-0.58968553058104,-0.4829543123814741,0.0
-0.9604609053480014,-0.5689623387782237,-0.5000711185403159,0.0
-0.9745287962207382,-0.5668627951433235,-0.4252487487492783,1.0
-0.6169526153494336,-0.7182069136875647,-0.7708523418756966,0.0
-0.9710775628861577,-0.5704619916936686,-0.4729287271474036,0.0
-0.9801951581591819,-0.5167962930170187,-0.41870520055938265,0.0
-0.9402803448659924,-0.6336530675582595,-0.5173598773472754,1.0
-0.9409604144652004,-0.6131090967094677,-0.5652197497568694,1.0
-0.9740633154855106,-0.5273719401241331,-0.4372814264938045,0.0
-0.9138093460351281,-0.6304978498453606,-0.5776443456564934,0.0
-0.9483419930062985,-0.5462565072061534,-0.5231587727280169,0.0
-0.9358085090749558,-0.5865846702527371,-0.5586462135819313,0.0
-0.3583395196725869,-0.4808016520752053,-0.6341649451565389,1.0
-0.8563126092177004,-0.5631679584000961,-0.6394908485656254,0.0
-0.9565187587680466,-0.5814010235009699,-0.4906058757824782,1.0
-0.9675247904816667,-0.5802760271975139,-0.4765270004869104,0.0
-0.9600436564292568,-0.5413974568423936,-0.47948380723228334,0.0
-0.953136251960421,-0.5790276132831168,-0.4710463759779417,1.0
-0.9643537069698397,-0.6120315130711887,-0.4802337011635758,0.0
-0.9330272508321813,-0.649186376067852,-0.5567478466365217,0.0
-0.8638889559083063,-0.6620877366735414,-0.6214434994128951,1.0
-0.9748588715582297,-0.571861556926891,-0.46420017706843,0.0
-0.9896311270869028,-0.5074083306301079,-0.4087259109748037,1.0
-0.9165686146617743,-0.5062888756292071,-0.5102809747731964,1.0
-0.8977260831884083,-0.6754046477998961,-0.5851101035249763,1.0
-0.9001370449566648,-0.4942620588639003,-0.5333651809432227,1.0
-0.9291016579508155,-0.5900629865562829,-0.5573313486641139,1.0
-0.9302047576669887,-0.5861619229443826,-0.5568480220892705,0.0
-0.9575782273255391,-0.6127612329037152,-0.5045698463838371,0.0
-0.5561055455063612,-0.6174504474044235,-0.8491086435424708,0.0
-0.9480844385179975,-0.5870448068234726,-0.5277199886251676,0.0
-0.9217416838906191,-0.5478989641078831,-0.504637822166485,1.0
-0.9468156859682381,-0.6138914386124634,-0.5047473825715132,1.0
-0.946879011308449,-0.5879895983364284,-0.556087700916253,0.0
-0.9841404889676344,-0.535993088598106,-0.4399519985036992,1.0
-0.9714983117156455,-0.5527094209757246,-0.47644032811161197,1.0
-0.9675121060660756,-0.5650195826751686,-0.47834945553923824,0.0
-0.9731326687840659,-0.539400596049518,-0.45901250194187554,0.0
-0.9676935675629792,-0.5498532541625942,-0.4972908298461321,0.0
-0.8972158463857889,-0.6568932935911657,-0.6229084736139995,1.0
-0.9281992658075852,-0.5893057957215678,-0.5391556195292122,1.0
-0.9680812264825176,-0.5816022498173561,-0.47757068269126024,0.0
-0.9125267545044933,-0.5577585441203915,-0.5909655852130874,0.0
-0.9572699855606297,-0.6060442657093116,-0.5081733876575534,0.0
-0.9849330503238302,-0.5710802474137975,-0.4386176548939771,0.0
-0.9352923093274451,-0.5481940325657491,-0.5104197017576823,1.0
-0.9811631456006641,-0.5598727076336117,-0.4393986674996753,0.0
-0.9268634049719049,-0.6342940068285607,-0.5385914892272207,1.0
-0.9639208227449494,-0.5348759381320747,-0.47703457444292674,1.0
-0.7575585204487701,-0.764804528633675,-0.4805004535958988,1.0
-0.9616061232177618,-0.5500356631865536,-0.48070581967003767,1.0
-0.9367690113763112,-0.5416677568639008,-0.5107471710771408,1.0
-0.9870735688782561,-0.5311973066754898,-0.42049889705060794,1.0
-0.9138033339813767,-0.5211105980602125,-0.5371748147064351,0.0
-0.9836560346389625,-0.5375269517470378,-0.4380519379179665,1.0
-0.6224714974335623,-0.8993139086889701,-0.2018780538535575,1.0
-0.8965419015390653,-0.6554248035320722,-0.5249550256980068,1.0
-0.9522525791957583,-0.6151582687351216,-0.4999315514603875,1.0
-0.9781852004912496,-0.5686183767693755,-0.4559606533430698,0.0
-0.7918358358367823,-0.6517884534003441,-0.6009897905128981,1.0
-0.963627820208367,-0.5709973095791241,-0.4878505605444651,0.0
-0.9839120110538291,-0.5568920704532879,-0.4214537383622382,0.0
-0.9793278859617089,-0.5341789803820691,-0.44087759094675877,1.0
-0.970304895162769,-0.5475396344875498,-0.46142722642005674,1.0
-0.9690314724570082,-0.5817745745717349,-0.47535674314191567,0.0
-0.7455404200700815,-0.7779854888287694,-0.5468892427801905,0.0
-0.8606262509418217,-0.6663439832908287,-0.6230557283168382,0.0
-0.9390236506588475,-0.6089674302469958,-0.5444579536302874,0.0
-0.9608697462223174,-0.5107257970824253,-0.4546282016203558,1.0
-0.9852761035345977,-0.5583173021450735,-0.4328863725709877,0.0
-0.9735550161439998,-0.5730228898844401,-0.4593473202926269,0.0
-0.9456806029347395,-0.6237480804891149,-0.5252089654594726,1.0
-0.9299847198903594,-0.6335577453350016,-0.5475856641329058,1.0
-0.6969304689491964,-0.7494649764883027,-0.4543312751764594,1.0
-0.9529363304165727,-0.6052790005830714,-0.5267650616858575,0.0
-0.9776554410251967,-0.516542710897047,-0.4545434813165956,1.0
-0.857372908595762,-0.6435490359138271,-0.6123427581168861,1.0
-0.9797697265269801,-0.5408804811281043,-0.4308285855572833,0.0
-0.973049980399698,-0.561350758844072,-0.4500887838206782,0.0
-0.980817170636087,-0.5311692386941803,-0.44792663272973376,0.0
-0.9598583188542811,-0.5696258678787401,-0.4984665185267576,0.0
-0.8442579006092885,-0.656790071386865,-0.6868884677389675,0.0
-0.9669304384957098,-0.5691659461641685,-0.4906376007526274,0.0
-0.9543781898472202,-0.6262152604165074,-0.4924371359287427,0.0
-0.9747874722357293,-0.5126329227732276,-0.45089038157630207,1.0
-0.9819263385173365,-0.550588388575947,-0.4269546747761842,0.0
-0.964809362348147,-0.5639679718477957,-0.48796666068966127,0.0
-0.6700107504808607,-0.6956992508296114,-0.4209089227427182,1.0
-0.9630916449703961,-0.5954366197023836,-0.504982241743728,0.0
-0.9428188820914535,-0.6204649483768592,-0.5515778521970509,1.0
-0.8701629981077609,-0.5421257119282149,-0.6321384912343545,0.0
-0.9569597459348772,-0.5802424347839726,-0.4700719095709073,1.0
-0.875356156890958,-0.6827697103771566,-0.6511459528720821,1.0
-0.8468443231417914,-0.6652218067540598,-0.620869496359103,0.0
-0.8765282850118884,-0.5968987620183851,-0.6506689779930658,1.0
-0.9688508100623529,-0.520604327375132,-0.4651805762380347,0.0
-0.9631642404891353,-0.5166518113564919,-0.46109326159546205,0.0
-0.9576095243858685,-0.5684580651148298,-0.48136805060809407,1.0
-0.9095951809217944,-0.6575725774151386,-0.5531097387235726,1.0
-0.962361511890915,-0.6103531242232589,-0.49764686545446474,0.0
-0.9559042395915556,-0.5757550349834736,-0.5000174070246088,0.0
-0.9736526932123776,-0.5758408158328198,-0.4748594840665089,0.0
-1.0,-0.49502056380729875,-0.3723186484170605,0.0
-0.9665358547223698,-0.5534377777604754,-0.48336987597044734,0.0
-0.9751921289271984,-0.5815099522165714,-0.4661170431222901,0.0
-0.9153877858928416,-0.610576107162243,-0.558507075960665,0.0
-0.9578771479757795,-0.5907336398613674,-0.5137879660051642,0.0
-0.7821185150364616,-0.7250516622143988,-0.5947749238198068,1.0
-0.9052717572568654,-0.6311136346990172,-0.5596371128694018,1.0
-0.9664582311741308,-0.569700045898701,-0.48082372930583694,0.0
-0.9666276358234721,-0.5583964479685278,-0.4958471267380724,0.0
-0.9635757444833041,-0.5591152519777399,-0.48599871457962923,1.0
-0.9792684343465224,-0.5378182065733847,-0.44732104925013544,0.0
-0.9357287910094744,-0.5565427350208425,-0.5013048563734286,1.0
-0.9561155389026061,-0.5797031002739252,-0.49368455059496374,1.0
-0.9513659216774084,-0.562450663030503,-0.5002252543398004,1.0
-0.531805294586126,-0.5625736571578106,-0.6083599175628519,1.0
-0.8646361861583796,-0.7271836685770411,-0.5487974888137295,1.0
-0.8495566554845334,-0.5339420323501654,-0.6310005998523562,0.0
-0.9889547825156713,-0.5255907779018791,-0.40191918791080516,1.0
-0.7890212476257118,-0.5010014649824032,-0.6460141169527323,1.0
-0.9818765126231004,-0.5612580037615489,-0.4519289689213554,0.0
-0.6262922622232918,-0.6142067038652806,-0.7588691106225719,1.0
-0.9547621222259475,-0.5961495386082478,-0.508136657075614,1.0
-0.977848451599463,-0.5669580969097462,-0.4554604325842936,0.0
-0.9612000618403025,-0.578521077485759,-0.4969801879211073,1.0
-0.925581799479731,-0.6100204783232932,-0.53286555371722,1.0
-0.9671844910466847,-0.5926227103776065,-0.477056118294996,0.0
-0.9421097108452522,-0.5782776243566053,-0.5268098911537628,1.0
-0.7515251733015174,-0.7170554161857976,-0.32138979447830107,1.0
-0.9829171613849588,-0.5407665890413871,-0.43318107400100403,0.0
-0.9787509598700758,-0.5284930081694705,-0.43966838259547253,1.0
-0.9340726598979392,-0.5475410342139434,-0.5196691352101963,1.0
-0.9704753455576135,-0.5535173897664243,-0.47387353267494975,0.0
-0.9804354742936685,-0.5293109477278808,-0.46426111133217973,0.0
-0.967511053225257,-0.5553968885320678,-0.4817042018235105,0.0
-0.8893755597930888,-0.6495997025917302,-0.6286817047936925,1.0
-0.9603022898802821,-0.5872858927548519,-0.45848998921814293,1.0
-0.9659736035632374,-0.576671482279643,-0.47072667268663404,1.0
-0.9441314553886787,-0.5711102274467951,-0.5083545402880782,1.0
-0.9774819748453021,-0.5693932750619839,-0.4686185730729413,0.0
-0.9515544402547338,-0.5738526290879069,-0.49199902380360533,1.0
-0.9726984928637039,-0.548314686371312,-0.47729093506294856,0.0
-0.9375080310611601,-0.5740627959945824,-0.5118385942329757,1.0
-0.9597372440795611,-0.5441225556004197,-0.4853199554062,1.0
-0.9871906569321725,-0.5533870022736357,-0.42273516963302266,0.0
-0.9245336434004147,-0.6067997098717476,-0.5627074566604595,0.0
-0.8278905180340147,-0.7122176469557798,-0.46387423223593655,0.0
-0.9690321354388471,-0.5415656041106223,-0.4853008465338151,0.0
-0.9216326766820977,-0.5650791149858129,-0.5888568388316928,1.0
-0.9875385339426661,-0.5314875693651722,-0.41623018311585847,1.0
-0.8155649876077165,-0.6320217846692989,-0.6296470616824525,0.0
-0.9850827882178168,-0.5342191883851153,-0.4284260400231555,0.0
-0.9656531359979693,-0.581743308266947,-0.47896751533706894,0.0
-0.7515864648975537,-0.5260920644638944,-0.66694541223119,1.0
-0.8720987126704949,-0.620129071499243,-0.6316597962516496,0.0
-0.9731311309541034,-0.5542567641856602,-0.46973073038382307,0.0
-0.9637297122796934,-0.5729701611565245,-0.4819314807229334,1.0
-0.9681810856418794,-0.5631757613374389,-0.4969245472487471,1.0
-0.9774869021356586,-0.5374347658614392,-0.4653487491894286,0.0
-0.7923596632339263,-0.7233045779442804,-0.55835715956314,1.0
-0.951792272219869,-0.5352691974065084,-0.5258670934470681,0.0
-0.9776291754755,-0.5507400097453499,-0.4483051718428482,0.0
-0.8945231905666571,-0.592661414431714,-0.6395091046979285,0.0
-0.9557118122182024,-0.5570725328317722,-0.4715151132285956,1.0
-0.9021807268881958,-0.6456254070738635,-0.6304654613170708,1.0
-0.523544612540247,-0.24509237928113126,-0.7693469433064697,1.0
-0.9782378409559394,-0.575983652808474,-0.4545950219058731,0.0
-0.7474083641899079,-0.7855982704174064,-0.35641002742035377,1.0
-0.8901044194883523,-0.6598071061781839,-0.5770742411355602,0.0
-0.9389744904908357,-0.6120261207654338,-0.5638018475503592,1.0
-0.9227315781838309,-0.6131161273438046,-0.5616339927947096,0.0
-0.9911114778496404,-0.5134166635651249,-0.4174918188751608,0.0
-0.9767077984231689,-0.5423699122579473,-0.458942932332417,0.0
-0.9710849156938871,-0.5486394664336577,-0.47161280797596383,0.0
-0.9526195003663289,-0.5959665553218959,-0.5283607083070764,0.0
-0.9323445827080883,-0.6222121928832012,-0.52172514823863,1.0
-0.9702545889493362,-0.5746721526941547,-0.4697289095261256,0.0
-0.9565617408886813,-0.5166093752643881,-0.453957409550818,1.0
-0.9883828279718275,-0.5119148866347001,-0.4316874966709198,1.0
-0.9655027980310917,-0.5663272842498595,-0.4338660934630142,1.0
-0.8842431025353429,-0.6007333348651586,-0.6493304615266152,1.0
-0.9480515996016164,-0.5820405737683666,-0.5412154474663338,1.0
-0.901608771779963,-0.6441512928680775,-0.631919099503904,1.0
-0.9482217598683848,-0.5851160810555608,-0.5340957966210952,0.0
-0.6923564320921127,-0.7215231411274717,-0.5914281880047818,1.0
-0.9406621201071625,-0.5932649837685154,-0.49437729706688316,1.0
-0.9418277526079178,-0.6431026965933097,-0.49374970224225695,1.0
-0.9848351361039284,-0.5373115926653358,-0.4351884045627693,1.0
-0.8528719027995383,-0.7130918615453951,-0.5831947077431466,1.0
-0.9622882306737194,-0.5909335192481725,-0.4563213788729133,1.0
-0.9666561523519778,-0.5747894447575012,-0.4720231977632032,0.0
-0.973286426868604,-0.5564417879329977,-0.45952336755618806,0.0
-0.9613972311757223,-0.5569022888401424,-0.4891623890027622,0.0
-0.9666403465508365,-0.576353095364283,-0.49066720964598404,0.0
-0.6668386868849272,-0.6455628332926098,-0.7211828634224038,1.0
-0.9798829027485845,-0.5297990289999331,-0.439016135659232,1.0
-0.9903050892848161,-0.5115115703546764,-0.4135923549750038,1.0
-0.8876941093238203,-0.6591385074985415,-0.6348839623075141,0.0
-0.4026961853814863,-0.996208055492124,-0.07549843728783984,1.0
-0.9639826790679327,-0.5835450989111158,-0.47362053827085815,1.0
-0.9631142749039784,-0.5549936119602112,-0.4887676169713363,1.0
-0.9428606652166533,-0.6327671183193736,-0.540439397688259,0.0
-0.7851102465312794,-0.5622744839493778,-0.7422611934724731,1.0
-0.9167963321454976,-0.5102456287958195,-0.5283324571536504,0.0
-0.8427784857494922,-0.7714511141040711,-0.5632463989856109,0.0
-0.9336723744309722,-0.6555173777495162,-0.5626923656715944,0.0
-0.9261186982750995,-0.6025343786172921,-0.5724081114645435,0.0
-0.9595118774247725,-0.5891531995131742,-0.46805709169176424,1.0
-0.9706488753477622,-0.5721984703637635,-0.4648095812789332,1.0
-0.9818533845456159,-0.5363659372714595,-0.44819262125427034,1.0
-0.9378273191925154,-0.594109731268401,-0.49697086697030285,1.0
-0.9293971024338761,-0.5566837407366958,-0.5579955969112494,1.0
-0.9675307255156327,-0.5473025544730384,-0.47358513267693425,1.0
-0.9467096496800382,-0.5924607874837768,-0.533568993688077,0.0
-0.9646230555502681,-0.541115479892045,-0.4935322615234913,0.0
-0.8934222129806902,-0.6613240466233183,-0.5507140520336524,1.0
-0.9761681307503138,-0.5434227187621723,-0.44530527719789526,1.0
-0.9855369450669551,-0.5564966426749786,-0.43941498854165784,0.0
-0.8232378751460945,-0.5393157790781463,-0.7024553208724016,1.0
-0.6119547224163991,-0.42163945664805647,-0.7730653056938259,0.0
-0.9724977685168902,-0.5871912356625723,-0.4700964375345966,0.0
-0.7368147974684203,-0.871454166101839,-0.11533497987692631,0.0
-0.9641108976852351,-0.5520858469406259,-0.5059502073281291,1.0
-0.937431597049724,-0.580278125850751,-0.5226947403766649,0.0
-0.9370432680878789,-0.5685441373068717,-0.5133015587274772,0.0
-0.9744294545133501,-0.5709474505239513,-0.45292208449341315,1.0
-0.9591263108698718,-0.5909620097055757,-0.5132886550608617,0.0
-0.9193540716924947,-0.5818422398259321,-0.5694338793103556,1.0
-0.9851571078446814,-0.5189646166730838,-0.4308555444438884,1.0
-0.9135310244478609,-0.659810007204281,-0.5260148881984097,0.0
-0.9260922232545,-0.6334445003076653,-0.5611728052056971,0.0
-0.7031103093282692,-0.7121235643655827,-0.3333247067507105,1.0
-0.9299919220951632,-0.5760238456353773,-0.5240574616301857,0.0
-0.9868888174534389,-0.5248835248046346,-0.43135145903540517,1.0
-0.9852362438434972,-0.5116318339000478,-0.44024033786646505,0.0
-0.8953764105680203,-0.6704349196396507,-0.5586467211201693,1.0
-0.9192827486857588,-0.6626420259689418,-0.587017725837526,0.0
-0.8684623235118013,-0.5983767025078983,-0.6319216548791549,1.0
-0.981718185377871,-0.5597028288329521,-0.43998382528998947,0.0
-0.7656077946667909,-0.4982585976422518,-0.7220677250214915,1.0
-0.8967077667566274,-0.6798160239869706,-0.5476196700728462,1.0
-0.812544087003008,-0.5546876075750939,-0.7222653896943493,1.0
-0.967403510438822,-0.5795652102680134,-0.49724629116373326,0.0
-0.8135925685189604,-0.5353090147205777,-0.6776075922155287,0.0
-0.8853414469854998,-0.6876028550719566,-0.548259269846159,1.0
-0.8900521093521903,-0.4232166514618545,-0.5091874763481453,0.0
-0.6741869388763685,-0.8980454574657211,0.04093797642060326,0.0
-0.8665533237514261,-0.6315292267799353,-0.6319008698490675,0.0
-0.982912801317716,-0.536116390793127,-0.43116539568992984,1.0
-0.6234722698779775,-0.5659733824133119,-0.8153727005384778,1.0
-0.8480429840025351,-0.5651754902838124,-0.6094419650010603,1.0
-0.9626032793987471,-0.5608012975584237,-0.48443323004886424,1.0
-0.9579062212164483,-0.6312602020155538,-0.5070726844330034,0.0
-0.9607594422942006,-0.5862834580455385,-0.46877299143368373,1.0
-0.9579450044657569,-0.5903758746454509,-0.5147910884561446,0.0
-0.9370494527872318,-0.5242834419036329,-0.5207441261152896,0.0
-0.959664469599483,-0.6080790750408246,-0.4964775950836342,1.0
-0.7784004576702964,-0.7809208733974675,-0.5035637400708156,1.0
-0.9527423364879706,-0.6264951954645351,-0.5076757809475764,1.0
-0.9340294414985679,-0.637674939873736,-0.5270194254117162,1.0
-0.9598957406387337,-0.5772288686279956,-0.4886084149307538,1.0
-0.6665059405750063,-0.7845747277625936,-0.4345398594857989,0.0
-0.9213985146925981,-0.661356543222165,-0.5106870768131527,0.0
-0.9118186807731996,-0.6546636212451449,-0.6036780756873822,0.0
-0.9838087692275795,-0.5123951494690324,-0.430974381622562,0.0
-0.9811530790893023,-0.5181923886157097,-0.4488187943454832,0.0
-0.9851369575895167,-0.5416664418428435,-0.4354598159703285,0.0
-0.9545489243801109,-0.5854654623062318,-0.5006586642205045,1.0
-0.9533115547509552,-0.6084871973735073,-0.4948543377203517,1.0
-0.8631620592538437,-0.6949542573284655,-0.5744320521883525,1.0
-0.6094660588267004,-0.6453038400634838,-0.3423229741679754,1.0
-0.97317610902254,-0.5759769642019436,-0.4649636361639841,0.0
-0.944031144923185,-0.5730858051396684,-0.5190485307077746,1.0
-0.9272938290587521,-0.5838218573517957,-0.5479883882483998,0.0
-0.7867591332710719,-0.7399645386742426,-0.5134895294898458,0.0
-0.9405584408326306,-0.6460805256142663,-0.48981231240861617,1.0
-0.9725106885611686,-0.5552487875601311,-0.4321743241971843,1.0
-0.8871328326100206,-0.6605020677203283,-0.48310869080953134,0.0
-0.7773404808032686,-0.7405821543672246,-0.6854299743418417,0.0
-0.9918171664057545,-0.52720162685984,-0.4009664804023477,0.0
-0.8879337286291108,-0.5450968722919961,-0.537987772525699,1.0
-0.9815273304723344,-0.542778474193797,-0.4395268537707793,0.0
-0.8808425051037626,-0.6980119359804682,-0.5705846030945019,0.0
-0.9701022137498833,-0.5816890197991995,-0.48754960228654237,0.0
-0.9676016506841526,-0.5675728770481436,-0.47505423930414514,0.0
-0.8905085763978889,-0.5725079550055769,-0.5811093447463839,1.0
-0.9025276864703522,-0.6344917905130497,-0.5608653796510221,1.0
-0.9580854190749413,-0.598620742899138,-0.4768715607695908,1.0
-0.789819451752543,-0.573358029528917,-0.6991156181977811,1.0
-0.9485449914016739,-0.6188651516274958,-0.5171949453531586,1.0
-0.9623127606677966,-0.5592023748048757,-0.4896697581210366,1.0
-0.9148421354715084,-0.6594361881434146,-0.5415837819796118,0.0
-0.8780202191723098,-0.6045387472528289,-0.6243662084257563,0.0
-0.9947243559269401,-0.508041499239589,-0.40307035952397435,0.0
-0.5265094821600207,-0.654296941328953,-0.36130896290524034,1.0
-0.9163223031412764,-0.5988147152969158,-0.5772242751889872,1.0
-0.6957813362205827,-0.791825540513003,-0.12656130978965519,0.0
-0.9732653862545493,-0.5882477090132459,-0.4636237949437295,1.0
-0.9718711135615642,-0.5590116953605343,-0.46675043981991493,0.0
-0.8975827291811072,-0.6984871180767582,-0.6072969864431208,1.0
-0.9468279832588229,-0.6371878607334294,-0.5135515846493127,1.0
-0.6697466957001756,-0.4069068907895721,-0.7923712791220456,0.0
-0.9061905119376635,-0.6845233649852892,-0.5848064841889089,0.0
-0.9740927552759061,-0.55349635183131,-0.46844080678576117,0.0
-0.9763205849645342,-0.5899363476883632,-0.4518355841200707,0.0
-0.949282683552392,-0.6371633013747664,-0.4996704650382836,0.0
-0.9555871685225096,-0.578427613179304,-0.4930336264915153,1.0
-0.959382779247006,-0.5412497241525361,-0.5076138413276428,0.0
-0.9812370128057517,-0.5339954351456067,-0.4372955671462943,1.0
-0.9728181739615911,-0.5825595679876583,-0.4653186921148424,0.0
-0.9283879282032529,-0.5766905729452988,-0.5350442398609265,1.0
-0.9719040047688347,-0.5481367179473622,-0.46544824355089864,1.0
-0.9697519680675426,-0.5613271492886538,-0.47247273623471764,0.0
-0.885545784498819,-0.6454651155697493,-0.6968609949889071,1.0
-0.7757750642707972,-0.6318609562218493,-0.6520886300118978,1.0
-0.9159611752619091,-0.6180887512855657,-0.5664322640305061,0.0
-0.9744314818779919,-0.5515257714204355,-0.45059731244830037,0.0
-0.6964909859917459,-0.4715148684325453,-0.7044055962279006,0.0
-0.5126788824027241,-0.5655982366168107,-0.7197027542841272,1.0
-0.9141458155252076,-0.53568503608755,-0.546338250141609,1.0
-0.9699343460649577,-0.5112535555517914,-0.46973306919938745,0.0
-0.951891859063092,-0.6457675817214275,-0.47767070101544384,1.0
-0.9520279703375384,-0.6314366765981388,-0.47892617194445514,1.0
-0.94623727635298,-0.5990741072207039,-0.5123246132311491,1.0
-0.9025258337633536,-0.6658941823111875,-0.611936992736397,0.0
-0.673474253956596,-0.8222714397629397,-0.402367110957717,1.0
-0.9730373827569259,-0.5811822801208955,-0.47176931815027795,1.0
-0.9534286580611644,-0.5878050372446475,-0.5263370265293422,0.0
-0.739474149867844,-0.6193167344412346,-0.7474161856714924,0.0
-0.9580704537521794,-0.608245441008718,-0.491829708453993,0.0
-0.9853706350072191,-0.5196863858408834,-0.43872627383218255,1.0
-0.9825018499976736,-0.5164723527541181,-0.4370508163196666,1.0
-0.9270740894804524,-0.6463185156152131,-0.561085972110879,0.0
-0.9652374326798848,-0.5701183253452138,-0.47112697052738534,1.0
-0.9548880592821835,-0.5904571709614274,-0.4965402399906823,0.0
-0.9298664346122285,-0.677433389479361,-0.5292449966101646,0.0
-0.9391375328150345,-0.6025591276061371,-0.4838037732316584,1.0
-0.9561571924628468,-0.5763579719162556,-0.5154089699029533,0.0
-0.9694453279609203,-0.5437889612812621,-0.4404102794042649,1.0
-0.7842983203705687,-0.7735770717767705,-0.6006749082913093,0.0
-0.738124214573445,-0.6658128856488803,-0.6164613580761109,1.0
-0.5815452128320702,-0.3642620374750173,-0.8031088436263887,1.0
-0.930028860999052,-0.5468975453802885,-0.558404665908733,0.0
-0.9501245497236039,-0.5658084736940554,-0.5453781101070906,0.0
-0.9641226650529358,-0.5626674923995268,-0.4898160947201551,0.0
-0.9044398596869437,-0.6092621119172335,-0.5945693718438796,0.0
-0.9349684405247571,-0.5891216294382391,-0.5619076214438776,0.0
-0.9745087974063532,-0.573463129115231,-0.46938622370705013,0.0
-0.9684288538892407,-0.5650966462073571,-0.4718053178860862,1.0
-0.973304171029497,-0.5348974959934525,-0.4533984943870941,1.0
-0.9817768380878855,-0.5096334397115203,-0.426982931927471,1.0
-0.9280335919457958,-0.5864117269995033,-0.5813798439724078,0.0
-0.975805951108024,-0.5319699356801664,-0.44417048650970653,1.0
-0.9490160047486494,-0.5966295652844572,-0.5078914134083692,1.0
-0.9635383493401657,-0.5536193189392221,-0.4786816888811616,0.0
-0.9549137329072428,-0.6209909957790416,-0.5313511567303768,0.0
-0.9548675540747781,-0.6258098936746175,-0.48329320601585163,1.0
-0.9550393867446499,-0.5980350599662421,-0.5011881197902225,1.0
-0.9231867493647762,-0.6336281619307202,-0.5673982990771932,0.0
-0.9590424105153853,-0.5986119069445971,-0.4534269461423803,1.0
-0.9711054087725842,-0.5474314900079215,-0.4732643371365533,0.0
-0.9896771302974947,-0.5201728330385865,-0.4110113316635973,1.0
-0.9562231739177051,-0.5694894763230651,-0.5083887023171018,0.0
-0.9727192065198231,-0.5885817967762345,-0.4823551314906377,0.0
-0.8706766790015504,-0.5190524296555253,-0.6043176631915104,0.0
-0.9153130597919629,-0.6360404553042126,-0.5499848264512777,0.0
-0.8817996128158411,-0.6366456020665411,-0.655317068301529,1.0
-0.4587660040979444,-0.6518272895437021,-0.9058349321012078,0.0
-0.9850520865504351,-0.522561077041886,-0.4254536969127054,0.0
-0.7512986683588558,-0.765806991841712,-0.3697756098215311,1.0
-0.9663483975844205,-0.5564609042516145,-0.5117222875104958,0.0
-0.9351310949937931,-0.645485284147443,-0.5514876990073714,1.0
-0.9858020206008172,-0.5547262357980098,-0.43606087019737994,0.0
-0.8952649209648949,-0.6930411966209808,-0.5697551470718238,1.0
-0.9840048840486727,-0.5328870826929912,-0.43595395169286544,0.0
-0.9453902905797931,-0.601755449085496,-0.5047864021051823,1.0
-0.99301415566555,-0.504714795300757,-0.3943121518542558,1.0
-0.8949128419360393,-0.5791925847019913,-0.5846178955274501,1.0
-0.7786436921770692,-0.6378608966603576,-0.7172763355530385,1.0
-0.8364914889204176,-0.6649962636631841,-0.5414934606579348,1.0
-0.940839910820267,-0.574700419971934,-0.513430604669717,0.0
-0.9207155862933356,-0.5808708736872478,-0.5138571533522819,1.0
-0.900472134950883,-0.6947011703574324,-0.5924847405047577,1.0
-0.9606907681612378,-0.6080897797388699,-0.5070029922745337,0.0
-0.9677646842509131,-0.5922749783499062,-0.4760502596376997,0.0
-0.9636945894656727,-0.5970413544786616,-0.4807452676995828,1.0
-0.9448313345724623,-0.5678360608645144,-0.4844052906580793,1.0
-0.9509063712365715,-0.6372994276155273,-0.5009312815605781,1.0
-0.9622110302739828,-0.5359896928536242,-0.4891342903130101,0.0
-0.9741500949915631,-0.5600491004473573,-0.45628363098135,0.0
-0.8964225172030927,-0.6005739479858057,-0.58494693354895,1.0
-0.9847641838107346,-0.5349242237436896,-0.43919227854893583,0.0
-0.9280744406849637,-0.5557019268567431,-0.5385454610262707,1.0
-0.9057324859266844,-0.6598233916200542,-0.5966084590512032,1.0
-0.9000426453981495,-0.6900624448132748,-0.5670506344628489,1.0
-0.9889487371092367,-0.5239004852478911,-0.41256467245134537,1.0
-0.8303059364351899,-0.6552529746961613,-0.6998993521367125,0.0
-0.873869907759438,-0.6950986333860485,-0.5893451448692535,1.0
-0.9764951358329346,-0.5675529729124622,-0.45354852184987493,0.0
-0.9649399541804944,-0.5878273052754683,-0.449381201586903,1.0
-0.9585964131898861,-0.5340536121181322,-0.4953295267836662,1.0
-0.874084955685993,-0.6225260377858315,-0.5977345503811308,1.0
-0.8305231746388009,-0.7065807227591103,-0.6362909799161333,1.0
-0.9294235661162324,-0.6434884118260125,-0.5716157440827114,0.0
-0.9360725011676211,-0.6036003799807411,-0.5148559850072054,1.0
-0.8836627544784342,-0.5662480499596092,-0.6274966970459529,1.0
-0.9569947498826803,-0.5997397772504968,-0.5040945854590163,0.0
-0.9116314919956774,-0.6603845730045765,-0.5615349953700739,1.0
-0.8630380456128375,-0.6579232538245706,-0.5802316459848111,0.0
-0.9738772269031942,-0.5359666816060004,-0.44877672907621247,1.0
-0.9863925032977462,-0.5516866559563293,-0.42982299547511893,0.0
-0.9526990681677067,-0.5782595958358082,-0.47702344608564184,1.0
-0.9833457309743405,-0.55346550463131,-0.44851065451191635,0.0
-0.9147858540443108,-0.6020008090886392,-0.5588879224082535,1.0
-0.9704581436021064,-0.5820620430019845,-0.47418705378843135,0.0
-0.9627769262725839,-0.6035477795369953,-0.4548844143005329,0.0
-0.8717328884008486,-0.5613005382176927,-0.6126675392056427,0.0
-0.9751923357376893,-0.5580778342300861,-0.45681687222222545,0.0
-0.9748029145308794,-0.5701363016803609,-0.4600982653476968,0.0
-0.9480028870501743,-0.5782929799214824,-0.5137120471729482,0.0
-0.9827378868431066,-0.5221833118344099,-0.424054330766099,1.0
-0.6858743816582772,-0.7131998686435257,-0.5312517053733408,1.0
-0.9457821324208945,-0.5943487093400567,-0.5374212442997209,1.0
-0.4258637657295855,-0.47635791680153033,-0.7630955871092333,1.0
-0.9399776045888465,-0.612118042541677,-0.49117146115010946,1.0
-0.970590170112467,-0.5648652082821826,-0.45747136421187035,1.0
-0.9922198834895615,-0.5076763467125804,-0.41061346685681843,1.0
-0.9907253012707553,-0.5151834739683723,-0.4084433850299207,1.0
-0.9898146401312157,-0.5120371759409384,-0.41778908968975825,0.0
0.11354438394286259,-0.8738385736307644,0.9999999999999998,1.0
-0.9603130757865477,-0.5739249194559606,-0.4642481091011904,1.0
-0.9800606365109306,-0.5506354774750113,-0.444219682050978,0.0
-0.8813132260460375,-0.6851624464334657,-0.59192403062523,1.0
-0.8450777896723095,-0.5409674619031223,-0.6795051298922808,0.0
-0.8411650268147051,-0.6858098478813972,-0.6059749877118185,1.0
-0.9430897311175443,-0.6239430142658648,-0.5722054318137958,0.0
-0.9405210495782702,-0.6471571228201651,-0.4996382572191411,1.0
-0.8992182102542206,-0.6060010727128718,-0.6264927173902031,0.0
-0.9393978251470497,-0.5499108862171043,-0.5232886627288581,0.0
-0.959776633896132,-0.5570662355560216,-0.4803722854520876,0.0
-0.9618032870111054,-0.5327801437623368,-0.4917800962511633,0.0
-0.9569814904432821,-0.5814682513692466,-0.5062184672675413,1.0
-0.9654974950491284,-0.5663150311033556,-0.4750304443068328,1.0
-0.9830901574208217,-0.5439379302183157,-0.4443297148366078,1.0
-0.9637642738410938,-0.551564980900515,-0.4796297320849262,1.0
-0.9486056434228513,-0.5582066420681596,-0.5170068943463237,1.0
-0.9233272481389257,-0.6977873853042567,-0.5288678653826212,0.0
-0.9779086608762093,-0.5271992379700552,-0.45140597851198394,0.0
-0.990202886583372,-0.5238768540499594,-0.40238706307324,1.0
-0.9423676290014239,-0.6438416330732369,-0.5247611851873986,1.0
-0.4771829019603986,-0.8728378103602791,-0.09624110461730484,1.0
-0.9240624246049891,-0.6643352050697361,-0.5574000371422597,1.0
-0.9751711969534724,-0.5450545429709073,-0.461466491804457,0.0
-0.9857245668961658,-0.5227736668137395,-0.4234037636781982,1.0
-0.9934597181641746,-0.5000333224343586,-0.4157171427354324,0.0
-0.9557495653543417,-0.6095080482825865,-0.47439439887016926,1.0
-0.9627975896102289,-0.5820809060573128,-0.48380622869119616,0.0
-0.9126728769853848,-0.5957716567960899,-0.6094044233872553,1.0
-0.9072820172868131,-0.6225192466380759,-0.5523590333370789,1.0
-0.8616059628941949,-0.6144556753392003,-0.623803097796964,1.0
-0.9719542848510904,-0.5770566224363994,-0.45602938994195946,0.0
-0.814744089945742,-0.6047636174731478,-0.6694083383170117,1.0
-0.9635107731625949,-0.5724299691447126,-0.48980014895539525,0.0
-0.9531756450362556,-0.6150066887192329,-0.5099384723581961,0.0
-0.9786714090710411,-0.5306975012048293,-0.4435239104748934,1.0
-0.915215973775683,-0.6776180729408159,-0.5753381191914853,1.0
-0.4046493799425013,-0.386574840256473,-0.9747825699078996,0.0
-0.9835339700842545,-0.5267494933142789,-0.4249587441052508,1.0
-0.9859322815538604,-0.5267404846143531,-0.4384503214045468,0.0
-0.9706807977651158,-0.5130815279878164,-0.4475740598792896,1.0
-0.9112354478048175,-0.5446425510413831,-0.539558080286659,1.0
-0.9264904799476131,-0.5689351816644165,-0.5338517197726874,1.0
-0.993286719813052,-0.5225693237547068,-0.4024787490302231,0.0
-0.9350613783621007,-0.6490181421770422,-0.5548353310560827,1.0
-0.9711814460509266,-0.5726856271795768,-0.5003875404980681,0.0
-0.9789402912253675,-0.5345816341166456,-0.4546677143464073,1.0
-0.9528016997222079,-0.5721325525761344,-0.5100092501318,1.0
-0.874778477892984,-0.7256392326509556,-0.4052105011564631,0.0
-0.9672699779044923,-0.576931162857943,-0.4733809198485971,1.0
-0.9877554535011998,-0.5277052640441001,-0.4121884415990152,1.0
-0.7675462425605198,-0.7652375461209523,-0.7202455225659469,0.0
-0.9258461367412448,-0.5347506520408427,-0.5743615444910642,1.0
-0.9587342340774575,-0.6022359355137112,-0.4957113174849676,0.0
-0.832714841717815,-0.5843527603871577,-0.6428959682236018,0.0
-0.9518518674749773,-0.6231239470888315,-0.500899303268672,0.0
-0.9784782262328884,-0.5357503068061724,-0.44069738394642033,1.0
-0.9618636224904644,-0.5324469729371301,-0.4734204150434874,1.0
-0.806004942147745,-0.5427242635526209,-0.6986290712990457,1.0
-0.9744760071596488,-0.5494159894173223,-0.4533565192933705,1.0
-0.916011632722357,-0.5468840506430752,-0.5627390573185482,1.0
-0.9541143497243472,-0.6532173530085016,-0.4918099477410385,0.0
-0.9312726422974544,-0.5706056242195151,-0.5523968575860176,1.0
-0.9038892304954379,-0.6991308257612878,-0.545571981739234,1.0
-0.9546188734211292,-0.5672355289878228,-0.5050261681385239,1.0
-0.9622248201977994,-0.5649432128127233,-0.4583706107167909,1.0
-0.9548171651004477,-0.5989476829648758,-0.5201258534140955,0.0
-0.9438502165042126,-0.6435399783104894,-0.5249554249169054,0.0
-0.9335263512042189,-0.614384034699985,-0.5480230984651704,0.0
-0.9835967438530059,-0.5502196334045761,-0.44793689462530467,0.0
-0.7985871033531032,-0.6954618831616237,-0.499455828076279,1.0
-0.972539535406268,-0.595989714512076,-0.463909182634723,0.0
-0.8426214858372959,-0.7820695032997571,-0.653186539156353,0.0
-0.95250062639231,-0.6086374908944779,-0.5235798513121973,0.0
-0.8575038497975502,-0.6590201972584084,-0.5896125285182265,1.0
-0.9220333669078791,-0.6752067663169805,-0.5675832744430953,1.0
-0.9827839565434311,-0.5273818361334722,-0.4424754119833552,0.0
-0.9684874690284103,-0.539673928213033,-0.48538150750113346,0.0
-0.9851053902698274,-0.5246165371802257,-0.41612031037172464,1.0
-0.9757502429824836,-0.559500386706888,-0.44871297323394976,0.0
-0.8254399700186031,-0.7508445078840619,-0.5068492981465522,1.0
-0.9424221232534561,-0.619809088158344,-0.5382060139751635,1.0
-0.9713342812428909,-0.5684901012099534,-0.48173619542172874,0.0
-0.9334569499752088,-0.6166005023075916,-0.5544939361256611,0.0
-0.852507681680116,-0.6658516615547319,-0.6119119386037184,1.0
-0.8915530926498266,-0.6478672172097565,-0.5956586972546168,0.0
-0.9243934123017217,-0.596154324249456,-0.5663997521658961,0.0
-0.9510769158476184,-0.6159738682083487,-0.5043286924230936,1.0
-0.8853215117461237,-0.7155987355846785,-0.5788150642882355,0.0
-0.9483399453766389,-0.5918177719927874,-0.4905205107967531,1.0
-0.9509504234557606,-0.5741405828065419,-0.48510976452618537,1.0
-0.9006752386272927,-0.5468966012435329,-0.5305126385208033,1.0
-0.9920663811200463,-0.515786825538569,-0.4133838457467881,1.0
-0.9949244076193511,-0.5074145818381091,-0.39699762469453925,0.0
-0.9643371395161044,-0.607614385028568,-0.4670910487437431,0.0
-0.980772695324821,-0.5451050308795078,-0.44549428340463687,1.0
-0.9734652935232064,-0.5616958963874863,-0.4574134462936331,0.0
-0.9818489455127287,-0.5537252942979929,-0.4400700746160312,0.0
-0.9667268096420166,-0.6075491761504366,-0.466703747330231,0.0
-0.942017809053545,-0.5945245138648847,-0.5538750750766902,0.0
-0.667071943604775,-0.5858330020714221,-0.713733776335709,1.0
-0.48834945510399713,-0.48160135106216984,-0.7289555706841371,1.0
-0.972829624155964,-0.530333003154024,-0.46658256335642123,1.0
-0.961574664282199,-0.5648213275603472,-0.516220850261948,0.0
0.1686180404966956,-0.2952779765465184,0.6439520310217386,1.0
-0.9694556245842177,-0.5866376431171039,-0.4879985385995623,1.0
-0.9788797026385606,-0.5429398354871684,-0.45179263282618587,0.0
-0.9419294364250539,-0.6137390179159774,-0.5194035201361143,1.0
-0.9457361383814515,-0.5721825817447501,-0.5304263772895319,0.0
-0.9778971861277578,-0.5660982562024433,-0.4576258845202039,1.0
-0.976091761099595,-0.5474618564825608,-0.44295883753551696,1.0
-0.6424235705759052,-0.9680687648060093,0.04864505808943498,0.0
-0.8997242779992372,-0.6520520729108022,-0.60671029777028,1.0
-0.9284994271242666,-0.6569246657879358,-0.5607080385761072,0.0
-0.9274894962231581,-0.6618186784925536,-0.549107923517791,0.0
-0.777643539312631,-0.6677202366711802,-0.7153535582917543,1.0
-0.9376734824075881,-0.5649898216160223,-0.5054378495587162,1.0
-0.8144451299395166,-0.6893779461770733,-0.6808914895999707,1.0
-0.969805373913766,-0.5809233968907865,-0.45129076269008245,1.0
-0.9729838439578906,-0.5441465696866256,-0.4438498724502492,1.0
-0.9219905967787942,-0.6640428250993005,-0.5246319186260455,1.0
-0.9424516529447267,-0.5708740285620727,-0.48574234746482997,1.0
-0.9492183998781067,-0.6083554179992964,-0.4901878366840025,1.0
-0.9880375674170307,-0.5067997680339043,-0.42995520034159984,1.0
-0.9788273961708986,-0.5286422321218448,-0.4471324212824026,1.0
-0.8793468752736873,-0.5611491520155902,-0.6164101267016999,1.0
-0.8458584353338474,-0.7135994916695818,-0.5724428202101268,0.0
-0.8489701200427489,-0.7434030861630582,-0.5345976247048586,0.0
-0.949597970966116,-0.5752039853665408,-0.5056246792692933,1.0
-0.9093630249762753,-0.6549513189571894,-0.5602627733921437,0.0
-0.9056917080212934,-0.4912356797901376,-0.5266664316837694,1.0
-0.9045179852092976,-0.699457587837963,-0.5561329136538201,1.0
-0.9750436964286182,-0.5084401381142735,-0.4341117818313511,1.0
-0.9684901655365797,-0.5656844414474002,-0.4819062417229168,0.0
-0.9314361865142659,-0.6219019816852966,-0.5403541168489603,0.0
-0.9864692931079164,-0.5449411641665908,-0.43145450280997644,1.0
-0.9282835198462059,-0.5272186813646452,-0.537371403794444,1.0
-0.9512501189445218,-0.6144603323290971,-0.5030558314185698,1.0
-0.9528319859964508,-0.5687299739476079,-0.5004069557932584,0.0
-0.9611896316725684,-0.5806254188583397,-0.4764811620548117,1.0
-0.9503086282137179,-0.636359371223558,-0.510535910728964,1.0
-0.9499979764508264,-0.5726463809177018,-0.5276546521393936,0.0
-0.9856698627975908,-0.5204648226657123,-0.43335922498779156,0.0
-0.9692020085873213,-0.5217164316093009,-0.45644683469978,1.0
-0.958513654751123,-0.5587697888270505,-0.4894757021679452,1.0
-0.9601853486406338,-0.5596824971762014,-0.4602600331863248,0.0
-0.8183235177202911,-0.6594706061577118,-0.7006809429519328,0.0
-0.847317745639654,-0.767279807941989,-0.4820842957634298,0.0
-0.9622223095706418,-0.5567607277605242,-0.48811673922034404,0.0
-0.9785489184109171,-0.560550864860964,-0.4558392175810344,0.0
-0.9721443388826327,-0.581738289483311,-0.4713962438199191,0.0
-0.8569818630224556,-0.5651091083051852,-0.6390721687403529,1.0
-0.9863264831890999,-0.5209875396129751,-0.4116239091170353,0.0
-0.9565040513436555,-0.5667051318275653,-0.49197119834397,0.0
-0.9653426238633327,-0.5374951212239442,-0.48087590499843663,0.0
-0.9308751164522914,-0.6367943268830356,-0.5590238790531512,0.0
-0.984580366338369,-0.5307051066315221,-0.4403876171009554,0.0
-0.9857925141617707,-0.5115197529576857,-0.4223877943365431,0.0
-0.9264488218399823,-0.5938012456956248,-0.5084446221470718,0.0
-0.9809278664531382,-0.5076786388470751,-0.433470351892721,1.0
-0.9081398560501525,-0.6195348296965161,-0.6423498381719557,0.0
-0.9415784650294617,-0.6240877715291365,-0.5073646598190379,1.0
-0.9388956382648795,-0.598618790946218,-0.5439629880830344,0.0
-0.9541782118547396,-0.6094624680120231,-0.4871835055338777,1.0
-0.8539391520415378,-0.6827915219331657,-0.662885697775966,0.0
-0.7106663686673412,-0.4432654864003185,-0.6064829396527646,1.0
-0.9647222360728788,-0.5475884083308598,-0.4593285892213978,0.0
-0.8527892643604992,-0.7311494574455601,-0.45368247574150666,0.0
-0.9320187374242517,-0.666933573136888,-0.5162891179708298,1.0
-0.33168290489291663,-0.5884690000923504,0.09309985280214361,1.0
-0.8275752508893193,-0.6096758286120092,-0.6325433379989057,0.0
-0.9390502873042339,-0.6081109021758929,-0.5095111131875095,1.0
-0.9584344033756131,-0.6127765523291853,-0.49672457933056124,1.0
-0.8311370069055595,-0.7184737620583601,-0.5953300200300213,0.0
-0.8768064288631263,-0.6299129959616084,-0.6501478316368189,1.0
-0.9895499139674753,-0.5321372919402716,-0.4042698888275366,1.0
-0.946587846177029,-0.6322362193891573,-0.4853035865183909,0.0
-0.971080179485156,-0.5687558585033339,-0.4792961139560815,0.0
-0.9899898073084459,-0.5220004800489763,-0.4077393033114907,0.0
-0.950745166422768,-0.6213149950047974,-0.5258749808468748,1.0
-0.9189748249867671,-0.7234002035249832,-0.5136479159331717,0.0
-0.9510811360129325,-0.5730344541286347,-0.5091636956547178,1.0
-0.9342278025817552,-0.6334462050535536,-0.4938316252673965,1.0
-0.8619579880085759,-0.7471067797682545,-0.45446056284771597,0.0
-0.9507773255411204,-0.5910492122911387,-0.469186428344236,1.0
-0.9681333146264746,-0.56172541532354,-0.4479407439695156,1.0
-0.9572739018739637,-0.6163418317929018,-0.4889466241284712,1.0
-0.9433694267671743,-0.5860948121329025,-0.5302943727422033,1.0
-0.821644433426514,-0.5950059468374533,-0.5901988061585299,1.0
-0.9671822570757989,-0.6042127732549167,-0.4707157923077686,1.0
-0.9669740674207701,-0.5624172166627235,-0.47664370099407,0.0
-0.6677065783155606,-0.8283843778862414,-0.597573330923209,0.0
-0.9357147633724697,-0.6372925205411698,-0.5254651798320245,1.0
-0.8348717348305222,-0.6649042592297392,-0.6018257958524172,0.0
-0.9637131792395208,-0.5908013364889689,-0.45946564628989595,1.0
-0.8898270269760389,-0.5572811063944164,-0.6104337926548414,0.0
-0.9646198369187164,-0.5889658573895832,-0.45515012578833575,1.0
-0.9400291744360665,-0.6028672046170096,-0.5448444754551722,1.0
-0.9634813433805801,-0.5327516023064207,-0.47737141100637914,1.0
-0.9177397648737796,-0.6122277045014022,-0.593458829953339,1.0
-0.9740260396690242,-0.5365207875064332,-0.4644448428241361,0.0
-0.9820952128350823,-0.5393785617716738,-0.43400078742654385,1.0
-0.9519032625967266,-0.575896619729932,-0.4598887743451679,1.0
-0.8590926457463319,-0.6197416775043926,-0.6491487092815018,1.0
-0.9820670275997532,-0.5539401874971822,-0.4525561317821238,0.0
-0.9421978532269399,-0.6237642722819685,-0.5559691155173198,0.0
-0.9731967079316584,-0.543438163297935,-0.45893754336463727,0.0
-0.980034024448724,-0.5587098740504808,-0.4619088913754158,0.0
-0.9539479644631765,-0.553288989651138,-0.5008640926121777,1.0
-0.9796256753098708,-0.5422498748484255,-0.4297931258124804,1.0
-0.9535684857929417,-0.5614962502546046,-0.48354790707309814,1.0
-0.9417856295332316,-0.6549615955356257,-0.5178750533173371,1.0
-0.6993792209911392,-0.6519140454854342,-0.8959088668230646,0.0
-0.939722907387851,-0.6001096021405329,-0.5377021452049708,0.0
-0.9870067896943779,-0.5152797947699673,-0.43152125833977284,0.0
-0.8267252609636946,-0.7034630934287283,-0.6368418538048184,1.0
-0.9305826157532175,-0.6435907309329962,-0.5355072495060349,0.0
-0.9258504807996495,-0.5820499582241964,-0.5203795423142109,0.0
-0.9428492383047238,-0.592837302674653,-0.5663681382037357,0.0
-0.9753617106933821,-0.5519906175055439,-0.4570973698852209,0.0
-0.9183524536319021,-0.6129041975270842,-0.5809598342693253,0.0
-0.9813427761823772,-0.5079380831242979,-0.4422704907689108,1.0
-0.9804578362967221,-0.532166178920435,-0.4412263100235634,1.0
-0.8248458214222454,-0.7318779506329955,-0.4948044325000154,1.0
-0.9594848821755975,-0.5284448894607237,-0.5039982218390525,1.0
-0.9636541184730316,-0.5545216369114712,-0.4633968701805182,0.0
-0.8215020736305018,-0.7007513433649901,-0.6216525040948971,1.0
-0.9656962654527657,-0.5680136649307773,-0.4965566577373005,0.0
-0.975639728458473,-0.5715633623129641,-0.45253148820147454,0.0
-0.9669559207085429,-0.5764028264691384,-0.4666980926949057,1.0
-0.9563159901564873,-0.575913051146112,-0.45989920730263095,1.0
-0.9154228885959022,-0.6092484342028639,-0.5739080289070752,1.0
-0.8619493959171204,-0.6216024322633555,-0.6287820125478075,1.0
-0.9001167936983047,-0.5991730520306549,-0.5973565460157292,1.0
-0.8655615813031619,-0.7596423731102405,-0.5228744210861804,0.0
-0.9478124697352446,-0.525597435045227,-0.5079192540204591,0.0
-0.825997673413045,-0.6709182268309127,-0.6279946053436766,1.0
-0.9337055556464839,-0.5595346620703027,-0.5151525232713752,1.0
-0.9414760817120806,-0.5974749645924339,-0.5273411807012107,1.0
-0.8511601268396758,-0.6760510716391107,-0.6397322298301698,0.0
-0.9807893912945609,-0.5417090280840567,-0.43203617638980796,1.0
-0.9745212387101233,-0.5280441134931086,-0.44412909877029166,1.0
-0.936432157630182,-0.6491468372507376,-0.515418265074029,1.0
-0.9455560108558714,-0.6331239029778493,-0.49983710775932694,1.0
1.0000000000000004,1.0,-0.2219012662167587,1.0
-0.9557860610079715,-0.5679567177466932,-0.4945321686480761,0.0
-0.9459708703522747,-0.5617154922511065,-0.4879423034432729,1.0
-0.895155946807158,-0.7013817636452777,-0.5831065630543585,0.0
-0.8002401689748939,-0.732094147903362,-0.7002040972046322,0.0
-0.967896407195084,-0.557970693243118,-0.4814351520909246,0.0
-0.5129602475583125,-0.7353639310889317,-0.11646989666580065,0.0
-0.932084319913285,-0.5823999052614534,-0.5355771213141074,0.0
-0.6179425724398946,-0.42275370757709024,-0.7683144066547154,1.0
-0.892967267075535,-0.5591242943105107,-0.555638363652829,1.0
-0.9139724142678434,-0.5888900749812411,-0.5350704308005967,1.0
-0.9235575549009976,-0.6103387485699397,-0.5840768908355416,0.0
-0.9665099971774673,-0.5707049594850524,-0.48997680190819765,0.0
-0.954422176915291,-0.5938848737792497,-0.4706492491469424,1.0
-0.979395203216181,-0.5653720464689144,-0.4336513716327522,0.0
-0.9872409429405441,-0.5400575674518292,-0.4292152332524043,0.0
-0.9448775929813047,-0.5822072240279804,-0.4832918804329916,1.0
-0.9733648416530264,-0.5631654596431505,-0.4649595677748677,1.0
-0.9686183436799148,-0.5983035525700211,-0.46471027432164036,0.0
-0.9847209852192568,-0.5274465894364386,-0.4477271657667333,1.0
-0.9782007957572507,-0.5235571671564274,-0.4506592630876096,1.0
-0.9775753533891591,-0.5720352487444785,-0.44349526093397623,0.0
-0.9701484453800826,-0.559901901024164,-0.46201305876340015,1.0
-0.9808797172740134,-0.5585637446963202,-0.4647953666601693,0.0
-0.9230349219961262,-0.6579355843643864,-0.570664404611717,1.0
-0.8877772112379043,-0.5717283476104195,-0.6118889632604125,1.0
-0.8642426242972535,-0.6490208447090408,-0.645056086233816,1.0
-0.9682946281088421,-0.5760660888493947,-0.46265613184580034,0.0
-0.9713584748367687,-0.5658287738778773,-0.4676730079130958,1.0
-0.9018731914931505,-0.5633509282278849,-0.5761289442379911,0.0
-0.9889616229686903,-0.522730242226009,-0.41417978630776786,1.0
-0.9787643682358516,-0.5489613217068999,-0.4574276415607166,0.0
-0.9830145024954112,-0.5386913552675213,-0.45161144506520734,0.0
-0.9711120030694954,-0.5682727354582475,-0.4514737658455577,1.0
-0.9816682286626944,-0.520626576989626,-0.4340794686466444,1.0
-0.96156528300707,-0.5745575951860252,-0.49497926126368463,1.0
-0.7686414853963568,-0.6800356449293468,-0.7212597213660765,1.0
-0.9836940868263846,-0.5577260921937245,-0.4298509217041201,0.0
-0.9862079367061776,-0.5486033452650814,-0.44092614230221505,0.0
-0.986783339170489,-0.5252434402805002,-0.4248935803196187,1.0
-0.9419488399265786,-0.6360056829702,-0.5330981172742073,1.0
-0.8587903240703247,-0.5292819555537287,-0.611913090082253,0.0
-0.9768911339923713,-0.5604888916697344,-0.46611654267140296,1.0
-0.8082625279618073,-0.6664953855983887,-0.7178816409093464,1.0
-0.9583291877405308,-0.6158607785819677,-0.5002824563593211,0.0
-0.853883075824384,-0.6292788823741247,-0.6891858155197218,1.0
-0.9254681387149338,-0.5468566960091719,-0.5290355080839364,0.0
-0.9817001282004335,-0.5482449848585065,-0.45629147154222693,0.0
-0.9012501632591468,-0.6342688571073658,-0.6130995710835887,0.0
-0.9843615906288102,-0.528740215363569,-0.4294374177331096,1.0
-0.9861820604062106,-0.5238513518563448,-0.44777447288546773,0.0
-0.9389624331136376,-0.6457983714563411,-0.5306575382577186,0.0
-0.9451898573923865,-0.6443060710801559,-0.5102716276084237,1.0
-0.9628266697938823,-0.5680526580192053,-0.4622725518327743,1.0
-0.8404223509556484,-0.7360016634376589,-0.5064390038997131,1.0
-0.9718669701391416,-0.5606799598955999,-0.45534899824610775,1.0
-0.9535088793521711,-0.5867388068753371,-0.507810818296371,1.0
-0.9600218668937657,-0.5973185356928578,-0.5046029708801546,0.0
-0.9635175146983208,-0.5011346277502647,-0.433971252556059,1.0
-0.979519948169638,-0.5133506693699341,-0.4378618972049413,1.0
-0.9475594041850818,-0.6165147163852106,-0.5235643600334539,0.0
-0.5157101772995727,-0.8493037825879151,-0.09600600220464911,1.0
-0.9645064892342835,-0.5550406779201307,-0.4991482437873251,1.0
-0.965217275282097,-0.577289727407552,-0.4506996035024529,1.0
-0.8216300727796112,-0.5931872296901027,-0.6232822804495773,1.0
-0.9732118031553496,-0.5798635146876676,-0.4647667958106444,0.0
-0.9061971029354083,-0.584588889817305,-0.5820083031435019,1.0
-0.8961806825661739,-0.6945232292920213,-0.46263121177183525,0.0
-0.9616015479086854,-0.568779375952854,-0.49833717040719105,0.0
-0.9509865225955391,-0.5496100659068461,-0.5016425983180586,0.0
-0.9739588648370477,-0.5558188614983861,-0.4769762913926343,0.0
-0.8597305612278469,-0.6165539244203511,-0.6499744522675736,1.0
-0.986448700899337,-0.5154658002362447,-0.4213787625136094,1.0
-0.8212215640440188,-0.590973958816163,-0.760628548490582,1.0
-0.9247977179102532,-0.6017133428728397,-0.5291991560320091,1.0
-0.9524147710621245,-0.597911245372611,-0.4985391986643827,1.0
-0.9244684747103503,-0.5477497575713808,-0.5146904403427732,1.0
-0.9714100818363051,-0.5608059576361302,-0.47486916438319265,0.0
-0.9433875504099621,-0.5772780464822299,-0.5154607382118697,0.0
-0.9832656077476692,-0.5264040724453918,-0.43439115259607197,1.0
-0.9815172655693258,-0.5406889566484054,-0.43797352257626654,0.0
-0.8721128000928152,-0.6385503473482266,-0.6459031847322768,0.0
-0.8987504981413544,-0.6138215246086871,-0.6223056543799131,1.0
-0.9126450350874177,-0.5183808463198918,-0.5180082157266651,1.0
-0.9782017463361934,-0.5604976776058447,-0.44290019582159973,1.0
-0.8973425998976973,-0.6508020559811659,-0.591636821989372,1.0
-0.89060171528411,-0.5408423232232344,-0.5696079234459008,1.0
-0.9142748443435768,-0.5444309254735802,-0.53390409737274,1.0
-0.9537434664660464,-0.5267809618566724,-0.507958100606875,1.0
-0.9369598615237676,-0.5903596505014083,-0.5504525618722255,0.0
-0.961007893931833,-0.5987417409619357,-0.5018849807123247,1.0
0.32027766192628493,-0.13298453661873388,0.46915441921880574,1.0
-0.9445200517007885,-0.6359596013722906,-0.5235378494085395,0.0
-0.8112749714184113,-0.5033956099260993,-0.6279721780616132,1.0
-0.9529600201351759,-0.5591892221963007,-0.4691696367874017,1.0
-0.9794715850391151,-0.5222693041759499,-0.44937964264204555,1.0
-0.945019295120672,-0.5530898625425907,-0.5320361658470915,1.0
-0.9718781271494362,-0.5781442879576074,-0.44426346306888365,1.0
-0.9084736969915671,-0.5497710188330166,-0.5829998339533815,0.0
-0.9307585577200619,-0.6587039984602308,-0.5336019672135685,0.0
-0.9007850597206803,-0.5314687214152198,-0.5866309255720508,1.0
-0.5233354634657335,-0.974803877776671,0.020732468620670352,1.0
-0.951245310234485,-0.6229364233920454,-0.4906865547370086,0.0
-0.9603710774707643,-0.5353836283463027,-0.48046948623824975,1.0
-0.8276293831525283,-0.7698284643175686,-0.4746205538409965,1.0
-0.9537570818696892,-0.55989052032362,-0.5282360146004509,0.0
-0.973543019239748,-0.571546163295295,-0.45176126515180326,0.0
-0.9648568678906951,-0.5706384564511688,-0.4768631483020573,1.0
-0.9643830199872411,-0.5768436086686538,-0.462562336850613,1.0
-0.4113855252209817,-0.557134523968736,-0.3039462177234629,1.0
-0.8955781102023112,-0.6318650380586481,-0.5949485955328833,1.0
-0.852106803511047,-0.6242372466503522,-0.6049926667386667,1.0
-0.8169792470586253,-0.75123911942208,-0.5511372045196267,1.0
-0.9945451986034094,-0.4955971494506763,-0.4134096330819564,0.0
-0.940658599346066,-0.6599227650202562,-0.5088417201864908,1.0
-0.9359725832166695,-0.5522641697169026,-0.5016980948019286,1.0
-0.7163762987738072,-0.6524434199301375,-0.7069419679729846,1.0
-0.9473478993796518,-0.6209178372418561,-0.5153538984619472,0.0
-0.8810748419379584,-0.6889201596068472,-0.6063775751760725,0.0
-0.9326206548937623,-0.5807819258985428,-0.5496993893556406,1.0
-0.972171435180679,-0.5661589328181348,-0.4625974719317081,0.0
-0.9072045082862186,-0.6912332824661862,-0.5402769955551271,0.0
-0.990924610389985,-0.5046651271458673,-0.41671295571280376,0.0
-0.7675127393873727,-0.6298443184528679,-0.7529476926852791,1.0
-0.8864696864449855,-0.5434453751644105,-0.5808656516654785,0.0
-0.9490287219763062,-0.6234458496797036,-0.5050829401806755,1.0
-0.9076936553926621,-0.5841070561309283,-0.5267455045848929,0.0
-0.9811122395311348,-0.5350395584424531,-0.43469939205862274,1.0
-0.5314382592048106,-0.555304134755312,-0.8377257005575711,1.0
-0.9600299417261041,-0.5549106919744016,-0.4761336772930902,1.0
-0.9681916418573812,-0.5384030765068561,-0.46481709398580934,1.0
-0.9223358299638428,-0.6007507119223783,-0.524668835774738,1.0
-0.9800583714499219,-0.5806090853377783,-0.41741495882178,0.0
-0.9307515819710961,-0.6458097055039688,-0.5646134307298256,0.0
-0.923311806482856,-0.5756276117240264,-0.5948132733104116,1.0
-0.8526804420387297,-0.5883579120101355,-0.6968658745136591,1.0
-0.9810654795836321,-0.49869528728996126,-0.42634448636014,1.0
-0.9790008360794162,-0.5561371649600994,-0.45635071101588465,0.0
-0.9779016337344076,-0.5439836521824697,-0.43497693802553883,0.0
-0.9417297170680134,-0.6109218600193705,-0.5037466824528948,1.0
-0.7733915731532638,-0.5463998243266135,-0.747265207633865,0.0
-0.9599903508085775,-0.5639657940827248,-0.4932113839213598,0.0
-0.989542188273876,-0.5097058334423511,-0.4299204191019531,0.0
-0.9398185920020284,-0.6160185221880893,-0.5306757823887567,1.0
-0.9636843177284196,-0.5526958542292033,-0.4984685721515142,0.0
-0.9285805140665682,-0.5627516739965529,-0.5324502684068957,1.0
-0.9867879865997188,-0.5102571395897373,-0.428862496323478,1.0
-0.9748298526311487,-0.582919093782935,-0.47972335595368953,0.0
-0.9596725860539654,-0.5658090564503291,-0.506400524013648,1.0
-0.9876953442277708,-0.5127831745964555,-0.42565705139120424,0.0
-0.43650275086894663,-0.6106330686844121,0.07911510234299823,1.0
-0.9554868430382043,-0.576646791054072,-0.5213029076398196,0.0
-0.9865443082644669,-0.5294045437213468,-0.43235897686957603,0.0
-0.9344591648773337,-0.6160866195007476,-0.5466367806427066,0.0
-0.9595381060934233,-0.5836566681387279,-0.48079679301943434,0.0
-0.981970327566586,-0.5410698928606518,-0.42015145726291175,1.0
-0.9681580617180926,-0.5770224250224616,-0.48758292993989283,1.0
-0.9760176812233274,-0.5832035171661292,-0.4476634077997981,0.0
-0.5532655635497468,-0.7338549733443348,-0.6604615080020062,0.0
-0.9833997492950242,-0.5631943173134503,-0.43968348893237996,1.0
-0.9497331550942948,-0.6561742625276901,-0.5207189622764864,0.0
-0.9530513696607648,-0.6042726499688544,-0.49372451443588783,0.0
-0.6744134250379731,-0.5140743589255247,-0.6242061094340463,1.0
-0.8987083616838812,-0.5480915947632918,-0.5666794439832223,1.0
-0.9726778589541578,-0.5724138685075034,-0.4690083461493427,1.0
-0.9803072893060087,-0.5298464297954805,-0.424664442261185,1.0
-0.91027264038718,-0.57491759776414,-0.5738629474981088,1.0
-0.9241590895322226,-0.6804060076132828,-0.5230815837139144,0.0
-0.9760999916669882,-0.5477458722451555,-0.45747899332678543,1.0
-0.8469057711469102,-0.6607274941371515,-0.6312731923481902,0.0
-0.9846385698756324,-0.5418847041567328,-0.44349418903035553,0.0
-0.977029036112248,-0.4851988419130585,-0.4327711021619301,1.0
-0.8774633220769199,-0.5313423974944488,-0.6674303307985257,0.0
-0.9515219490860725,-0.5389978492118376,-0.4794487620951716,1.0
-0.8928948650153659,-0.6055897115110518,-0.6445202518146278,1.0
-0.9832121425983579,-0.5038265250774193,-0.4100140213186808,1.0
-0.9448717958487425,-0.5977142437225229,-0.4971444578994385,1.0
-0.9439326711021155,-0.6231852614020166,-0.5625759594841182,0.0
-0.9818712487554996,-0.525890187261939,-0.45024496915555984,0.0
-0.9622964678892281,-0.5666211056870404,-0.48047675061794504,1.0
-0.9695884663281424,-0.5561145348876404,-0.4796276834120793,0.0
-0.966614267405839,-0.5870066573476116,-0.49136372987866467,0.0
-0.9166373228265046,-0.5323763107859992,-0.559982097228188,1.0
-0.9751275114368264,-0.5769733483450188,-0.46709070730664337,1.0
-0.16556798877734802,-0.08162301690746321,-0.8150915816652441,1.0
-0.9586923290884339,-0.571530205558444,-0.5175426528241208,0.0
-0.9303352636349728,-0.6154704438801688,-0.5297741570563597,1.0
-0.9544074446634259,-0.576819549389756,-0.4967478582017001,0.0
-0.9240826534250545,-0.6568937212079335,-0.5358807435378103,0.0
-0.9470050719659596,-0.6392366037727885,-0.4896561993954413,1.0
-0.9309959111933309,-0.5937179754993719,-0.5403214512015323,1.0
-0.5485548633434275,-0.6877497155074952,-0.38327227916445594,0.0
-0.877003297460307,-0.5887035754726888,-0.647421969048931,1.0
-0.9863695604862676,-0.5659380537840797,-0.43534692554468385,0.0
-0.9546263533998085,-0.579826923683179,-0.5006920528315334,1.0
-0.9616928837570748,-0.5830550559028583,-0.49111957294991965,1.0
-0.9671410549812364,-0.6006334912838363,-0.43210824509162016,1.0
-0.9691647846642223,-0.5407646621704988,-0.47761896603192344,0.0
-0.8978019341493102,-0.6194883359818848,-0.6276166470671944,1.0
-0.9432290050149995,-0.6296719314987695,-0.5087140617489186,1.0
-0.9768403402092618,-0.5274662921283589,-0.4546185782809597,1.0
-0.9785715682046143,-0.5209752061365206,-0.44614046092019055,1.0
-0.9862685166131224,-0.5178570614068877,-0.4329083440442939,1.0
-0.9680501765227728,-0.5274278055254823,-0.4679608319926063,1.0
-0.9788543674982567,-0.5800559466360224,-0.45823142787519217,0.0
-0.9469089288925747,-0.5371834720129659,-0.5170327049146017,0.0
-0.9279780077020868,-0.63149716396752,-0.5219625763962341,1.0
-0.9782881340296998,-0.5107420420858728,-0.452547663803172,0.0
-0.9554309475191769,-0.6385602880030157,-0.4804076157785094,1.0
-0.8517833912353845,-0.6189331818995137,-0.6514547972520518,1.0
-0.7792353726627184,-0.6674508265917695,-0.7117335091050928,1.0
-0.9714696748870606,-0.5700072149110563,-0.4883819557734293,1.0
-0.6693858877170791,-0.5768322166390607,-0.8112866673010343,0.0
-0.9764433987616555,-0.5336021918648732,-0.45442959117271337,1.0
-0.9715939939466665,-0.5268668961072089,-0.44957841429144535,1.0
-0.9308743657660731,-0.6609342945273134,-0.5341583142613833,0.0
-0.9833545627205754,-0.5657673359713421,-0.44591929750596004,0.0
-0.8461032400483365,-0.6227933231850857,-0.5414235201431905,1.0
-0.8437575058049761,-0.6967025008031235,-0.6562452361663511,1.0
-0.966183107092795,-0.5522768703314319,-0.49016124270992334,0.0
-0.9446672319806618,-0.5815927493914729,-0.489742325063086,1.0
-0.7252656738068446,-0.6442643813112598,-0.6908368913831322,1.0
-0.955148233233982,-0.5952397906586033,-0.5110142186645619,0.0
-0.9750632687610812,-0.5505327281853539,-0.4283506416906456,1.0
-0.8709738236477995,-0.6619693245850782,-0.6160238566586489,0.0
-0.9673663063195861,-0.5790087963404296,-0.45449671676369374,1.0
-0.9601889778227914,-0.513251936356745,-0.4775683772812393,0.0
-0.9362860107430473,-0.5633215315922753,-0.5170131758336729,1.0
-0.8886643090916286,-0.5538511450661928,-0.6146901414440523,0.0
-0.9845765075951857,-0.5420249307989377,-0.434119180070052,0.0
-0.554999126077326,-0.8289566500794417,-0.718400453567791,0.0
-0.958195308923996,-0.5507213647723805,-0.4844882773034396,1.0
-0.9377029582394835,-0.6263068024290007,-0.5273843018695915,1.0
-0.9530153447239799,-0.5676478900722799,-0.48760840592057897,1.0
-0.9031088011367671,-0.6580347030660154,-0.610717405027015,1.0
-0.929123271441124,-0.6379868861644657,-0.5443121901430245,0.0
-0.9461494534770943,-0.5786665123334931,-0.5063734154794512,1.0
-0.8129284430781848,-0.6545972065959988,-0.707611764674605,0.0
-0.9731078272911573,-0.5556086871844771,-0.44764528931382863,1.0
-0.9871538620294051,-0.5318611441766117,-0.43315204252733946,1.0
-0.9604495782364595,-0.5285317905143799,-0.4579316555867009,1.0
-0.9829561697262057,-0.5287079998187083,-0.4281167175255727,0.0
-0.9834557662125232,-0.5417478980074496,-0.4288442771235925,0.0
-0.8936784811388491,-0.5954410179236928,-0.6118246422717838,0.0
-0.8437900070431408,-0.6398165131432795,-0.6141407592644516,1.0
-0.8855668787622422,-0.7319540486097308,-0.5340768381709504,1.0
-0.8762574465371198,-0.5656126219291493,-0.5672882551785273,0.0
-0.9478013214808045,-0.6346043489959178,-0.501491526519156,1.0
-0.884185129279864,-0.7022358916661596,-0.5964326844099685,0.0
-0.9380207728059354,-0.6092581612153884,-0.5518153430386397,1.0
-0.9773570535842785,-0.5333179609389018,-0.44908623262879876,1.0
-0.5469752945972678,-0.9247998102313371,-0.02524668145840203,0.0
-0.9728283269454034,-0.5524331624226215,-0.4539878818903369,1.0
-0.6210636830366049,-0.5376653574841816,-0.561526333878865,1.0
-0.8137516178281755,-0.7120132941542985,-0.5581447755879709,1.0
-0.9886002216459878,-0.5335881111125625,-0.414344349890262,1.0
-0.9480917205425206,-0.5974139126048965,-0.49843039700960223,1.0
-0.9757055141523822,-0.5590392580768203,-0.47285090158186777,0.0
-0.9664750680790122,-0.5746002948052055,-0.48893595205351537,1.0
-0.954724160181023,-0.6368843615994139,-0.5061863286530323,0.0
-0.9888625450124569,-0.5260707675214102,-0.4229113645586208,1.0
-0.9071024163272028,-0.6196124852629316,-0.5831354116779284,1.0
-0.9675309410429785,-0.5973810714480822,-0.4939039488425175,0.0
-0.9733832419766826,-0.5383256868690431,-0.4685767466849899,1.0
-0.9668059079258797,-0.5912850823913282,-0.48789315486337387,0.0
-0.9674881163868406,-0.5605893039020898,-0.4765538536831544,1.0
-0.9765321233862652,-0.5561787314888088,-0.4473379160000383,0.0
-0.9794529051876258,-0.550907495978773,-0.4174609574477826,0.0
-0.7732505349528187,-0.7521622452637474,-0.5827251728536484,0.0
-0.9772748415142491,-0.5253604427480497,-0.44526036088703574,1.0
-0.8796158953198387,-0.6359670606266746,-0.6211894844820596,0.0
-0.9476392351333462,-0.5253402388286635,-0.49081843869457337,0.0
-0.915918511205885,-0.5393801520230636,-0.5795508030675163,1.0
-0.9637532788272759,-0.5629492596587624,-0.48514087975222847,0.0
-0.9660711925077115,-0.5869640473589832,-0.47688215773874865,0.0
-0.9295938148927703,-0.5678124910188437,-0.5403637031918219,1.0
-0.8623264419892777,-0.6337978853659929,-0.6069144669156514,1.0
-0.98465788801886,-0.5289737705889147,-0.42726684936505677,0.0
-0.9768737938386033,-0.5299764618704286,-0.4542363129924988,0.0
-0.9242901771261599,-0.6648901901005899,-0.5621358935764196,0.0
-0.9309222421786267,-0.65491992631321,-0.5534108928589158,0.0
-0.9732622089526115,-0.6090558890342985,-0.46268578423330103,0.0
-0.8388985550848594,-0.6888457742404719,-0.6175709669539484,1.0
-0.9541590210344691,-0.5338222356769576,-0.5002068346627219,1.0
-0.9534432881729787,-0.5661654359721402,-0.5008567504795227,1.0
-0.9419499012958307,-0.5823349065648196,-0.5207766726512936,0.0
-0.9649147909802865,-0.5486469802031508,-0.47263846523823005,1.0
-0.9465252479961195,-0.6162203097242418,-0.5115616872414254,1.0
-0.666414516233458,-0.69333600139861,-0.8821066224131369,0.0
-0.8489707922530029,-0.5591815185147558,-0.6399959309330718,0.0
-0.9892143078757605,-0.51819017408266,-0.41479739105581825,1.0
-0.6501292536293636,-0.7053372963241569,-0.3471584932571499,1.0
-0.9570059806673835,-0.5970734354600725,-0.48213893367619204,1.0
-0.9815520569476621,-0.5016550567996871,-0.4210221356778552,1.0
-0.9328639124383548,-0.5745865079483762,-0.5585865155641502,0.0
-0.9588819930903525,-0.5946453074994722,-0.5078601593669282,0.0
-0.9862146750304289,-0.5338599692482375,-0.43204893519074933,0.0
-0.9820913313782279,-0.5183288171054935,-0.4341525341861916,1.0
-0.8935186048752739,-0.7123960939875906,-0.5882167601926752,0.0
-0.9491040527967167,-0.6344889214093083,-0.5021695179463161,1.0
-0.9372011404595236,-0.568718795252455,-0.5081214108577068,1.0
-0.8167124008976268,-0.6087539350234559,-0.6766393323966813,0.0
-0.8414016987754713,-0.6705399119731651,-0.6281647153992925,0.0
-0.8016224774111963,-0.8259679424285007,-0.2425097951039492,0.0
-0.8892797914550578,-0.6651371622071335,-0.5221379820594764,1.0
-0.736846017500748,-0.6811186058284134,-0.7273128971616756,1.0
-0.8675513887275446,-0.604645974061186,-0.6347153727797077,1.0
-0.9144882934945443,-0.5631888959885863,-0.5649277886611593,1.0
-0.9423893995271171,-0.5794723018356992,-0.5377387062954238,0.0
-0.9864913699206095,-0.5135465389786045,-0.42897359551071523,0.0
-0.48821413334873287,-0.5103042759931595,-0.8581684474204612,1.0
-0.8670063046216833,-0.5847134337882708,-0.49443128171963324,0.0
-0.9051339333367266,-0.5982787582122071,-0.5963685565852582,0.0
-0.978042423659092,-0.5432957208511997,-0.4397926277556564,0.0
-0.9768699237661442,-0.553877634138495,-0.46203878391525405,0.0
-0.742017003472952,-0.49047387421778865,-0.782359956785962,0.0
-0.9926268854938367,-0.49989127894470436,-0.396314358318392,1.0
-0.9656776304117356,-0.586587668632221,-0.48201792414132627,0.0
-0.9749800414155956,-0.5566286537169309,-0.47237257588696546,0.0
-0.9654367085491934,-0.5340176118531597,-0.46289820888820854,1.0
-0.741051449967921,-0.4785061163703025,-0.6553856907402694,0.0
-0.9443127691807578,-0.5761392626789709,-0.5538532947954298,0.0
0.05009036280288692,-0.7476307043833604,0.48640812810484113,1.0
-0.875203421236009,-0.6510103571919337,-0.6279523180463636,0.0
-0.9103148093811352,-0.4161086338017307,-0.4871361757091868,0.0
-0.941640281338998,-0.5941128916172778,-0.5000354663782572,0.0
-0.9840847589563946,-0.5214144486679628,-0.43124389184770096,1.0
-0.9617268446468638,-0.5887577994579138,-0.5110618960581507,0.0
-0.9086565784486171,-0.6669594099339358,-0.5695873177088665,0.0
-0.9437311394358288,-0.6282797358499386,-0.5348552189435403,0.0
-0.9411222923056731,-0.523202715008862,-0.5121902792150196,1.0
-0.9824440331653332,-0.523533024810465,-0.4266169423679825,1.0
-0.9753438418864282,-0.561084731326016,-0.46051552145646374,0.0
-0.6452536652908762,-0.6415153791791975,-0.6687370841442761,1.0
-0.932770361842416,-0.6003781156944394,-0.5608352436601459,1.0
-0.9372556607772875,-0.673560019177841,-0.5176362629479577,0.0
-0.9560767098345452,-0.5651870325903334,-0.4961798521447171,0.0
-0.9617276867754229,-0.5240834746293855,-0.48461624280080007,0.0
-0.9153775032356739,-0.6308304273804527,-0.5448287040367795,1.0
-0.859310075710439,-0.6640272383503206,-0.6158339953215599,1.0
-0.937532505982784,-0.6179728046090255,-0.512269636267372,1.0
-0.9692124210535596,-0.5001660415437494,-0.46204916450569766,1.0
-0.9385222124877942,-0.5574323817145589,-0.5083066853462272,1.0
-0.7378868471761533,-0.5787611892451054,-0.5485926647290791,1.0
-0.9582679254400238,-0.606140667099906,-0.4649242555680747,1.0
-0.7381956242207977,-0.7374493445885004,-0.6668777108646509,0.0
-0.8160317762510985,-0.5670266405841693,-0.7091560351421137,1.0
-0.8164181211296869,-0.5395644662496162,-0.6889500140173092,0.0
-0.9486754350436121,-0.5399939831763542,-0.4900835036223698,1.0
-0.9592003504520847,-0.5492818143054922,-0.4734731303243802,1.0
-0.9377700141900829,-0.620807406590401,-0.5281727008971143,1.0
-0.9712697936584195,-0.5548252575887828,-0.45791689789903334,1.0
-0.9791666801352128,-0.5801374522397077,-0.45819256312650775,0.0
-0.9608395201828215,-0.5855425229597445,-0.4836626263073919,1.0
-0.9331958206567716,-0.5504049130145651,-0.5357354565479118,0.0
-0.9534316767050459,-0.6154444588496039,-0.49079152557267813,1.0
-0.9225527151638436,-0.5956582673249178,-0.5609512261080218,1.0
-0.9265657435360733,-0.6077617527641549,-0.5578178664893607,0.0
-0.9658039943342305,-0.5558156345747371,-0.4962268409798095,1.0
-0.9594188856594867,-0.5328940040707832,-0.4870760550540097,0.0
-0.8966503701039896,-0.5934712639758108,-0.6393765647672609,1.0
-0.8683730817773285,-0.5782231783997352,-0.6700282008514332,0.0
-0.957170972043556,-0.5869253944157771,-0.5076351867445767,0.0
-0.9633280199458332,-0.5884691651340426,-0.45669033502417977,1.0
-0.9584056569803246,-0.6236979189491776,-0.4906449178871936,0.0
-0.9711493633463264,-0.5758437824307396,-0.4727004748135803,0.0
-0.9746790674736736,-0.5680421003578268,-0.4659795806752535,0.0
-0.9668853101620587,-0.5471185508439623,-0.46123297022286297,1.0
-0.7383768719163636,-0.6943307217496856,-0.6154884172795718,0.0
-0.9665621476390568,-0.5873042333141869,-0.46767071111686637,1.0
-0.9507787288031806,-0.6099569220013193,-0.500833648488596,0.0
-0.9727989147521554,-0.5724313888569887,-0.46784735596971433,0.0
-0.945127190326001,-0.6060137499865187,-0.5105390446223695,1.0
-0.8534882479063784,-0.5482603192968104,-0.6182377732238988,1.0
-0.9874539383018452,-0.5357543613761965,-0.4406150935322829,0.0
-0.9208015981500856,-0.5527521496957284,-0.5500144012695418,1.0
-0.9231544745300694,-0.604675358503446,-0.568364186303325,1.0
-0.9746853295470338,-0.565935794996876,-0.46375700545926635,0.0
-0.6623172022942188,-0.4276609807111674,-0.8208473982840973,1.0
-0.954960141955836,-0.6133854165009804,-0.5148401609194024,0.0
-0.9866947883139731,-0.517565943255835,-0.4256610807828377,1.0
-0.9736740739960271,-0.5475697345819375,-0.4633981584473958,0.0
-0.9883036623424885,-0.5219816887748825,-0.41176255874220796,1.0
-0.968717598709825,-0.5854407279554606,-0.4495532698713332,1.0
-0.8958894558543344,-0.5634235561682825,-0.6330714588942649,1.0
-0.8852766388959146,-0.5657600628990272,-0.5989764063554059,0.0
-0.9433533814821728,-0.5496503854702772,-0.5235723087114562,0.0
-0.9809732864048422,-0.5221399593088258,-0.4433802579887977,1.0
-0.9774236178462691,-0.5262463213757511,-0.4566469836398767,1.0
-0.9546065927893687,-0.5331904213304886,-0.5222450246305631,0.0
-0.8007873249134462,-0.5665702695315381,-0.7310008726274302,0.0
-0.9187509598294838,-0.617055154613018,-0.5771015945060195,0.0
-0.9874353222296945,-0.5242026904665401,-0.42927536560769364,0.0
-0.877311665698318,-0.6903919295261123,-0.5309395905828787,0.0
-0.9572783655112295,-0.6177750922512184,-0.47355171167159593,1.0
-0.9339993363984915,-0.5821072765331032,-0.5808147225186848,0.0
-0.9486615928109173,-0.6333637996803254,-0.5162132801334288,0.0
-0.9558142343638291,-0.5910886405975097,-0.5345522181268852,0.0
-0.9393331965184342,-0.6254910662092168,-0.5214814123950796,1.0
-0.951147879856375,-0.6171557565435888,-0.506645845707747,1.0
-0.9892797954814913,-0.5336608838268183,-0.40679200714325614,1.0
-0.9662255979168111,-0.559142575855937,-0.47121283421374477,1.0
-0.9808348794263264,-0.5403006084607253,-0.44643238156758724,0.0
-0.9366173916619147,-0.6391267745335315,-0.5441686440151298,0.0
-0.928503283548534,-0.6361306890650648,-0.5117312169028814,1.0
-0.8764198606277828,-0.7301934154457651,-0.6336290960412494,0.0
-0.8384506439614399,-0.72695773299955,-0.5929166022477629,0.0
-0.9832116112060628,-0.5449825092969017,-0.45309429010300967,0.0
-0.9457989687043756,-0.5893814442534825,-0.5113092943401427,1.0
-0.972816542377978,-0.5307937676033077,-0.4440191026027675,1.0
-0.9523265525394516,-0.6134457065360555,-0.518028155876218,1.0
-0.7018447940515041,-0.4602438472979229,-0.7002113308097044,0.0
-0.983430604763572,-0.5300444468122689,-0.4425047004809497,0.0
-0.8671875981650989,-0.6433505795948783,-0.6034713537393029,1.0
-0.9695378499691685,-0.5417598896208752,-0.45456716450815665,1.0
-0.7795154002357304,-0.8075317963110484,-0.34270074216893787,1.0
-0.9632732090185198,-0.5988032877866869,-0.49160059101932996,0.0
-0.958224178627967,-0.5943242269699865,-0.475546534202301,1.0
-0.9448910626476854,-0.5845572061003336,-0.527289963158026,0.0
-0.9625702213845524,-0.5781586033195797,-0.48680332805135296,0.0
-0.9565239869357002,-0.5962846994679408,-0.4800623038226872,1.0
-0.9867154562151021,-0.5238137705498045,-0.4230135175576629,0.0
-0.9784772084774517,-0.521795386183514,-0.4462816195352834,1.0
-0.9692945492127509,-0.5607031893843608,-0.474479857128823,0.0
-0.2510232938270235,-0.31967057876791954,-1.0,1.0
-0.9430758914200345,-0.6124991570465874,-0.5070733798912616,1.0
-0.9599540860351454,-0.5271348543139921,-0.4647578007738039,1.0
-0.8102863679220725,-0.6699195148753252,-0.6672850331519538,0.0
-0.9768433760255085,-0.5312936588660105,-0.43928597187240154,1.0
-0.897240200422972,-0.5269050400928922,-0.5923998333972607,0.0
-0.965141598246213,-0.49458312997606213,-0.4590367469372889,1.0
-0.7798782431493346,-0.7338126704470167,-0.37155582663949555,0.0
-0.8922016336162008,-0.6957601963680533,-0.6005616267583286,0.0
-0.9686979824425385,-0.5006355486787841,-0.4531401282066149,1.0
-0.9350963147399626,-0.5617429956149992,-0.5492406384422679,0.0
-0.9722450033329367,-0.5714770957267298,-0.4836357120052338,0.0
-0.8188143260866446,-0.6440293754105493,-0.6863624919579432,0.0
-0.920586940015554,-0.593996522385655,-0.5499323795387008,1.0
-0.30738078411820513,-0.644615957256623,0.2853367953417508,1.0
-0.9638717889016424,-0.5627646631775239,-0.480898099447466,0.0
-0.9727737023909454,-0.559157595099317,-0.4727481097985956,0.0
-0.9081736229683738,-0.6399130259574446,-0.5861087277996198,0.0
-0.9385399837071225,-0.665910064953198,-0.5094124096374858,1.0
-0.9332550130390456,-0.6841602402539252,-0.514386623633106,0.0
-0.8954350194485098,-0.5446477155943769,-0.5450444997424573,0.0
-0.8766109321011049,-0.5946264150367686,-0.6337408147915061,0.0
-0.9543214357796603,-0.5856932072804429,-0.5014830948691549,1.0
-0.9696484692658697,-0.5570096924294298,-0.48019548801274287,0.0
-0.9887438203912102,-0.5211952833289115,-0.42224924762338545,1.0
-0.9867813929451517,-0.5437857218263835,-0.4359845354107621,0.0
-0.9560530973730312,-0.5929831539755566,-0.5010955061741852,0.0
-0.8823206425365029,-0.6938071970902843,-0.6135820443723762,0.0
-0.4844275272538443,-1.0,-0.1912410933566221,1.0
-0.8718457868789334,-0.5898467964921789,-0.5943672258575285,1.0
-0.9731721425600643,-0.5952234563996694,-0.457513354303038,0.0
-0.965518035921057,-0.5297603369258091,-0.4831712530076905,0.0
-0.9012213169540098,-0.6689430169355242,-0.5187096950862848,1.0
-0.9319334565417241,-0.6112956613738736,-0.5255059754158559,1.0
-0.9285327658600047,-0.6397610357707019,-0.5463802452955127,1.0
-0.9539986304308306,-0.6125342540232728,-0.4783633318447549,1.0
-0.9835082275675062,-0.5593149317512213,-0.4539821021316186,0.0
-0.4793071306356747,-0.2599868629870245,-0.7280731665208828,1.0
-0.9378737375331454,-0.6390383821177091,-0.4989647346174071,1.0
-0.7778925015012732,-0.48655730591179447,-0.7270651414552746,1.0
-0.6548005579663021,-0.7802742234710377,-0.6018003207406142,0.0
-0.9461947897113745,-0.6173545337162316,-0.4902653324318199,1.0
-0.9473853600811614,-0.5165394019967384,-0.5235078600874489,0.0
-0.969625211115217,-0.5730373933908067,-0.46650500928172406,1.0
-0.9764129072128208,-0.53260806017148,-0.4634196007519783,1.0
-0.9893516120517577,-0.5200624072636983,-0.40526367885594405,1.0
-0.9582505674103463,-0.509586271882033,-0.4806524611554429,1.0
-0.7577318066892126,-0.4303619731997218,-0.5580435976647002,1.0
-0.7836584078031975,-0.6689756563673863,-0.4154447969196022,1.0
-0.9792357816521555,-0.5215915708012278,-0.4331685090750612,1.0
-0.9676571503630276,-0.5723834919814217,-0.44149122143635444,1.0
-0.9808247835707503,-0.5601494370654942,-0.44231292527091837,0.0
-0.8954479523050412,-0.5288549946292258,-0.5397136331988927,1.0
-0.7563326578605697,-0.8146520428968689,-0.4149760696300103,0.0
-0.989136443282937,-0.5065203795030455,-0.4255936568236647,1.0
-0.9639612327297342,-0.5632571583967243,-0.4656694311574983,1.0
-0.9923182291689996,-0.5137917886055103,-0.3890538553666986,1.0
-0.6603984001119692,-0.5709609918295282,-0.7417704737004427,1.0
-0.9411729215653815,-0.6440794980599547,-0.5112574470822294,0.0
-0.9671139437577279,-0.5617523409556949,-0.47604377770558093,0.0
-0.9120491351056533,-0.49861465743700856,-0.5344976113435054,1.0
-0.8464402105638972,-0.6468066776120421,-0.6247495009899724,0.0
-0.9336657318065343,-0.5725835811006914,-0.5254796862779101,1.0
-0.8415526711468001,-0.5080364033680165,-0.6292927362809795,1.0
-0.9812873615195978,-0.5454870141542547,-0.4438868216038643,0.0
-0.9849078078041161,-0.5369393279501458,-0.4407803009826834,1.0
-0.4616994955397039,-0.538838936305508,-0.8000579935075097,1.0
-0.7923900298048406,-0.537732726810205,-0.7051992258832019,1.0
-0.9482970459324697,-0.6203602647781075,-0.49681646498902554,0.0
-0.9422914488235844,-0.5753203082716677,-0.49159297448607353,1.0
-0.8021699644217104,-0.8087699860497211,-0.25322452811089646,0.0
-0.9550520192966929,-0.5697311662508576,-0.4967159168796598,1.0
-0.9397163591895255,-0.6025786703882132,-0.5318912992373728,0.0
-0.9657277872804607,-0.5796258725175876,-0.47287450613369175,1.0
-0.8412820625519699,-0.6435331275680491,-0.6612476122488024,1.0
-0.9830980418750935,-0.5165942515255594,-0.4321874634736094,1.0
-0.9553831703430962,-0.5845556160548452,-0.5137902861288313,0.0
-0.9394524183867063,-0.6260157788309642,-0.5185626626830584,1.0
-0.9549031782944271,-0.6034291001031326,-0.48648180197056035,1.0
-0.9402634812458728,-0.5959336172149842,-0.5131466797454078,0.0
-0.9769974550445217,-0.5353180385104697,-0.4547493651742424,1.0
-0.9459360495062943,-0.5865301537186989,-0.5308781842288116,0.0
-0.9782529174876027,-0.5703571402301028,-0.4720911504684227,0.0
-0.8772255337967221,-0.5360852639019084,-0.6322449438479322,0.0
-0.9603572087962539,-0.5671374886101425,-0.47524235909649065,1.0
-0.9752911542558275,-0.5719711649450242,-0.45059039045902316,0.0
-0.9891263638121145,-0.5156432700347366,-0.4056244413641214,1.0
-0.9131840934084742,-0.6445407978017275,-0.5448075189648964,0.0
-0.9882256343381499,-0.5181532869119152,-0.4248831078982336,0.0
-0.9254793449915172,-0.5921510133634067,-0.5254154908843327,1.0
-0.9770949472351708,-0.5189962831183934,-0.437060736471424,1.0
-0.9613900106224644,-0.5378039549480575,-0.4519276352860527,1.0
-0.8473186722607509,-0.6191617445039325,-0.6589401581398007,1.0
-0.988259054497055,-0.5277091874913578,-0.4296571596101603,0.0
-0.38405365328292473,-0.6936174344943832,-0.8812155298524178,0.0
-0.9655590288608775,-0.5894427969456332,-0.4877316435189537,0.0
-0.947287001380875,-0.5673014255457993,-0.49265065680726033,1.0
-0.9795594442985829,-0.5743974395548204,-0.45709077307381246,0.0
-0.8699640032585063,-0.6588884734183077,-0.6048865399930798,0.0
-0.9548541627101297,-0.617652706562913,-0.5300416709338092,0.0
-0.9738764567779292,-0.5410197255176589,-0.4603041683618305,0.0
-0.9584318409328924,-0.5332801935414112,-0.4882657945971864,0.0
-0.6585273098850186,-0.8324476648677617,-0.4879369543790759,0.0
-0.9756715341643878,-0.5474241259691025,-0.45528118783747734,0.0
-0.9883253251721125,-0.5227509525876466,-0.42368120588804925,1.0
-0.8992277161214306,-0.6890654703941024,-0.5487836388238234,0.0
-0.8392098774512894,-0.5964932465082694,-0.6922957222478954,0.0
-0.7941902833337502,-0.7002239720000372,-0.7240844739298969,0.0
-0.9066483489894478,-0.6717882407470377,-0.5873332760218788,1.0
-0.9865642220623384,-0.5028283352966181,-0.41937139522523875,1.0
-0.9680838630347512,-0.5606300778531608,-0.4827145528109721,0.0
-0.9783069943912759,-0.5607522704737379,-0.4536589965500465,0.0
-0.9700175667288337,-0.5962626193371502,-0.4665359928180175,0.0
-0.9601994238422803,-0.5828397060674739,-0.5148709406697515,0.0
-0.9838588080303831,-0.5246349405974406,-0.4218238680627963,1.0
-0.9551532756452067,-0.5688325695986018,-0.4694175065031908,1.0
-0.8708015013539219,-0.6552834325367063,-0.66819378367307,0.0
-0.9007727790838677,-0.5731270631764693,-0.5721993355372934,0.0
-0.9632847555107805,-0.5679060345713451,-0.48934531135829523,0.0
-0.8985224253962855,-0.5446623903649936,-0.6124116126756557,1.0
-0.635825268298791,-0.606354898790085,-0.7379722031410398,0.0
-0.936958059043373,-0.5843588161555816,-0.5286414120341436,0.0
-0.8075520459856596,-0.6719232854221118,-0.6952908483146196,0.0
-0.9549124049923086,-0.6031500286980225,-0.5012989558768957,1.0
-0.8392959055233038,-0.7015192455217087,-0.666682033318836,0.0
-0.9793419004083788,-0.49742735400537463,-0.4459421624769038,1.0
-0.985230602411988,-0.5112969799607782,-0.437412985595443,1.0
-0.8880923217080979,-0.6491313264835944,-0.5547177450230744,0.0
-0.8961063600161564,-0.6090367367680541,-0.600889371692296,0.0
-0.9716630125013791,-0.5544949362114181,-0.4738878791864728,0.0
-0.8519508087333628,-0.7210964935792133,-0.49436650474634236,1.0
-0.9485510857986102,-0.5453702973584689,-0.48565666181143646,1.0
-0.9473072420855848,-0.5602554384343796,-0.5101634616235288,1.0
-0.9784254071480994,-0.5357519508384352,-0.4549212155570318,1.0
-0.9237330253702488,-0.5738204880461567,-0.5574807649213477,0.0
-0.867043090018587,-0.6433000034220715,-0.6088950297156376,1.0
-0.9568474009319278,-0.6103530311894922,-0.4885636911303817,1.0
-0.9877525911964895,-0.5150294543338272,-0.4228901501184824,0.0
-0.47759244330601175,-0.4121113029806601,-0.7192813077671373,0.0
-0.9803322257776738,-0.5183775735269261,-0.42683264495439976,1.0
-0.9463380992190626,-0.5610453564145862,-0.5187471354819262,1.0
-0.9039976003755672,-0.7095301452335679,-0.6096778552620028,0.0
-0.869942738775028,-0.657659374976798,-0.6545702179797732,0.0
-0.9227217869512335,-0.5954348810495689,-0.5978811131587565,0.0
-0.9498352346471726,-0.6152072971728328,-0.5421115250514787,0.0
-0.9711315207125256,-0.5050691618043838,-0.4614415099957375,1.0
-0.9632592049365631,-0.5888542106606153,-0.4826945065730658,0.0
-0.9885169948935264,-0.5400605631961911,-0.427943107980749,0.0
-0.9493635241959602,-0.5919710846210413,-0.5050891859925889,1.0
-0.9650202897893488,-0.5861206814683587,-0.5030815943170968,0.0
-0.9901769273522589,-0.5032517326445828,-0.41026758300325034,0.0
-0.9594881350836016,-0.6040944648862229,-0.5027793345029825,0.0
-0.9744517973527889,-0.5365021873589004,-0.45444198691905735,1.0
-0.9146162833319353,-0.6204722167238428,-0.6264754663996835,0.0
-0.5132940143494571,-0.4825827857804225,-0.8478175623237597,1.0
-0.8737773150534974,-0.6478043602735648,-0.6893532793238089,0.0
-0.9486595069154832,-0.5699751479074788,-0.5033486726524229,1.0
-0.939021761512391,-0.6021679706590142,-0.5872700662361174,0.0
-0.9484342398451199,-0.63477317982767,-0.4946019612668464,1.0
-0.9231266585762659,-0.6102205424414886,-0.5838797822289008,0.0
-0.8743965677881701,-0.6024434690071776,-0.5679940404116046,1.0
-0.9883636779431682,-0.5439547061707566,-0.4263405618055218,0.0
-0.9895685638241112,-0.5034808016150671,-0.400493260213292,1.0
-0.9899980846293909,-0.5181934203773819,-0.41824870115429336,1.0
-0.7500180130414986,-0.6125366750211871,-0.6018689467433253,0.0
-0.9309007528648549,-0.6186142097632013,-0.5681592825926971,0.0
-0.9004726645806845,-0.5206507530903874,-0.5447598606184627,1.0
-0.8774648887553558,-0.570049188121028,-0.6228228131803604,0.0
-0.9243692219706555,-0.647785341860912,-0.5699725201904784,1.0
-0.8566574154919403,-0.6986326457373572,-0.6077766491993571,1.0
-0.7868867883077038,-0.5351604464458056,-0.6846511183694749,1.0
-0.9577207774996871,-0.613729130248218,-0.49857191775207216,1.0
-0.9298619413565528,-0.6095152597265101,-0.5662681641815261,0.0
-0.9674530358971344,-0.5671538619085948,-0.47338853929318603,1.0
-0.9624356280488134,-0.5980348933731244,-0.47434513662786826,1.0
-0.9490029698690079,-0.6100364570600101,-0.5163452815647224,1.0
-0.9760072270444626,-0.5747278861770977,-0.4626158054734253,0.0
-0.6770523583348086,-0.5944455668926885,-0.6420060738460603,1.0
-0.9829211956128191,-0.554660683258703,-0.4506864098514429,0.0
-0.9887235812120829,-0.5117791472168512,-0.39789657496748065,1.0
-0.5531009260870403,-0.5817589299116167,-0.5702902127062808,1.0
-0.9512669258807445,-0.6116297773664332,-0.5366715876703958,0.0
-0.866486867608079,-0.549020911808255,-0.6089497788891396,1.0
-0.9213179446230824,-0.6371145468739692,-0.5900577444904893,0.0
-0.7325396157596944,-0.6142849727876432,-0.7531508018059067,0.0
-0.9833328984328285,-0.5325661823571807,-0.4545001459563983,0.0
-0.9865066159950876,-0.5304460230707031,-0.43641478545208434,1.0
-0.9762905044571479,-0.5190830607231778,-0.4666365847101639,0.0
-0.8889575451389765,-0.5852262088752354,-0.633583505935577,0.0
-0.9772722649414344,-0.5342935101239954,-0.4580683648971493,1.0
-0.9465495845238978,-0.5308029706146037,-0.5053984091295872,0.0
-0.9584886413864189,-0.6090081335085034,-0.5083453934788336,0.0
-0.7759098561547434,-0.7836516904574062,-0.4805886038900454,1.0
-0.8108113129748586,-0.5884949807409463,-0.6857539762367464,0.0
-0.9645500643589388,-0.5684695918236583,-0.444337404026672,1.0
-0.8825050143250728,-0.6446952259252356,-0.6121664273657472,0.0
-0.9621213821043831,-0.5609926063864344,-0.5000964649082743,0.0
-0.9534500126064869,-0.5868121222434933,-0.5260879964835868,0.0
-0.8826646602162702,-0.6666266871600596,-0.5701125033677928,1.0
-0.9747896344793233,-0.5322905340696966,-0.4451412757098227,0.0
-0.9454031623380316,-0.6190405757360963,-0.5444800147458407,0.0
-0.9041548860610662,-0.6172737037235105,-0.5349220096065952,1.0
-0.9857020067604373,-0.5199044951927649,-0.4232057374355724,1.0
-0.9311204253802813,-0.6193151560261013,-0.553105418720208,1.0
-0.814209231701777,-0.7023759755303559,-0.4183068107897997,1.0
-0.3059280148547907,-0.40762721960033277,-0.7797915578362851,1.0
-0.7670989865998742,-0.5137110849225816,-0.7341560555534585,0.0
-0.8412965839015434,-0.5581545762179709,-0.6345071966724256,0.0
-0.8722745821531528,-0.6390494130258659,-0.6551156797966665,1.0
-0.9631427261925728,-0.6065941442556378,-0.48447788321935076,0.0
-0.7384324946806675,-0.813562070247355,-0.19099696706717512,0.0
-0.9420298117228659,-0.6377558606546929,-0.5335363515895752,1.0
-0.8379995175214953,-0.6377703209860828,-0.5457213331548841,1.0
-0.9670893129500219,-0.5271991624704595,-0.4429346554077347,1.0
-0.9426559606824276,-0.6063395955759352,-0.495449585053668,1.0
-0.9001529160151674,-0.6577185288142832,-0.608148791728635,1.0
-0.9442958345593693,-0.6186845270797577,-0.546396129275536,0.0
-0.9761085981590648,-0.49636513673181126,-0.4231024086793044,1.0
-0.9608557815690586,-0.6028305342116695,-0.5075277206233828,0.0
-0.973305460149269,-0.5585062877712283,-0.47175576002176495,1.0
-0.9713607841533689,-0.5721987210811822,-0.4628398345902598,0.0
-0.9901559456820977,-0.48985744677345816,-0.41698617448853986,0.0
-0.9757949737617239,-0.545041613315206,-0.46191949954021605,1.0
-0.8942527414273966,-0.5501169145420304,-0.602177591774795,0.0
-0.5450879251131433,-0.9613539396855617,0.07328429875726983,0.0
-0.987052380783405,-0.5183744435524029,-0.4245638914267948,1.0
-0.9724685175324693,-0.5520063764380266,-0.47757795773174005,0.0
-0.9741958355401283,-0.5131785993355585,-0.46161332921360615,1.0
-0.9587910841012268,-0.5492479616072433,-0.4993191023384035,1.0
-0.5909181476665889,-0.5895466326261278,-0.7460766731015667,1.0
-0.9864785942364982,-0.5278254496280317,-0.43086755367362256,1.0
-0.877263422624584,-0.584013146133842,-0.6495236629925233,0.0
-0.9893737022567718,-0.5187397748802847,-0.4160913689938651,1.0
-0.9772047852495329,-0.5175193595458799,-0.45063470801435895,0.0
-0.950644564154399,-0.6013749573453729,-0.5025088574896514,0.0
-0.9780767246769639,-0.5361106939236395,-0.4164502171990367,1.0
-0.9718720658066727,-0.5529526292804251,-0.42139782638906675,1.0
-0.9037034274797272,-0.5711212551325375,-0.5593211822541908,1.0
-0.9255169518350866,-0.6129349667753224,-0.5144037967021151,1.0
-0.8815456236657743,-0.6314663639250099,-0.5338106520344387,1.0
-0.956264524534278,-0.6325939477032787,-0.4606042634066847,0.0
-0.8953129610324669,-0.6180043446849726,-0.6184545617013163,0.0
-0.9248254884443591,-0.5307125520324499,-0.5308911351474043,1.0
-0.9602950623465353,-0.5762137624796995,-0.46175826706905804,1.0
-0.8046155162207861,-0.8005434135955843,-0.6040751160259925,0.0
-0.8059492414181149,-0.7844139267457324,-0.2793829683705693,1.0
-0.9253916068641235,-0.6240908922993074,-0.60497701698814,1.0
-0.9420773194453238,-0.6133530194881152,-0.5420615087305825,0.0
-0.97080563595209,-0.5282182530515592,-0.44658501599513617,0.0
-0.9062257160407826,-0.6581456727903242,-0.5501445251674802,0.0
-0.8270845980850936,-0.7610939031057766,-0.5268521252076049,1.0
-0.9346855439774459,-0.6546037527114452,-0.5321832131536437,0.0
-0.535375909343667,-0.5243303841952662,-0.9600852243940092,0.0
-0.8879775157718092,-0.5925993582025647,-0.5821755888331366,0.0
-0.8230752182300116,-0.6227695419635332,-0.6231965015597115,1.0
-0.9745256228437918,-0.5375095931392107,-0.4622178391596282,1.0
-0.9635484807336201,-0.5626701648205347,-0.48085354769626604,1.0
-0.9805442639587411,-0.5647147056288743,-0.43989148529913785,0.0
-0.9580279326602225,-0.5876118124073062,-0.4964638392509446,1.0
-0.9176347225029579,-0.6170110252524037,-0.5122629657186586,1.0
-0.9087231206774679,-0.5610312094922855,-0.5578190794567458,1.0
-0.9721742805804228,-0.5728073325097075,-0.47471308006969726,0.0
-0.983969472485751,-0.5158986720250274,-0.43469402657049705,1.0
