-0.9561759360872757,-0.5574045089459237,-0.4732670849704705,-0.4788710309246574,-0.19880461378899666,-0.13971563530805278,-0.12589421759196984,0.09699196171658946,1.0
-0.9779203439357149,-0.5014180189904713,-0.46324878423415733,-0.49082282923207304,0.27061148661970047,-0.12155658158719884,-0.08451446852469309,0.13166865609823983,0.0
-0.9854132624212412,-0.5152476714386005,-0.4262407556676632,-0.46392840270953895,0.15724768471446204,-0.056604637304736735,-0.0929993767960773,0.1820644742365169,0.0
-0.9516813318332857,-0.546671651997639,-0.5218656673205777,-0.4791272346029926,0.0389539370422923,-0.13640028350749453,-0.1313224203543839,0.07121893334974078,1.0
-0.9924126765386013,-0.47176591739743007,-0.41124902924913836,-0.4843029761914658,0.24047128644331367,-0.09889845479488907,-0.05359747124000069,0.17305172784751688,0.0
-0.928811064175261,-0.5849589451919732,-0.5743580364007086,-0.47845510236143796,0.24168547667341705,-0.11723514141746319,-0.1467565866893435,0.12636355822848166,0.0
-0.9584940363334933,-0.5761664122234608,-0.4783815169006742,-0.45650844566762006,0.043632004916838135,-0.03779435720900376,-0.14859015826619884,0.1526036731068168,0.0
-0.7995738441140938,-0.7397279187313717,-0.5451322819302333,-0.46278953049001076,-0.07774945505307557,-0.00674283026911307,-0.1339486124264913,0.0515082987517754,0.0
-0.9756379736418836,-0.483159197555056,-0.43907235319821153,-0.5020360945023019,-0.12581515138292826,-0.18265466214599294,-0.02917243760582023,0.12429787820206298,1.0
-0.9810374993517951,-0.5075172665411286,-0.43415183613888286,-0.4717522163249878,0.21976632530037665,-0.07384587964084172,-0.08355502305724352,0.18337566372128394,0.0
-0.8781878454640798,-0.6662702693235245,-0.5837249567730822,-0.4298195902149321,-0.019153534523845127,0.07008407957749827,-0.07911245938233236,0.1820957247863138,0.0
-0.9194057643707704,-0.5594755796848256,-0.5555673665838822,-0.5090968768228654,-0.3078585005657167,-0.2112553821975762,-0.11548152707730468,0.0770945917127647,1.0
-0.9841186787105299,-0.5194884414755547,-0.42396907317337706,-0.4627217817467554,0.03835106241325127,-0.042421142338925216,-0.09803932435324714,0.22244454469619485,0.0
-0.6286480115813243,-0.6912196029140625,-0.38917222054752576,-0.44335240385669605,0.5515653585862847,-0.5439504130992636,-0.08465138053511095,0.41479907219102935,0.0
-0.9889060970421442,-0.48462438299510235,-0.42559572469441964,-0.490316642822829,0.02711319566835979,-0.129569549963385,-0.05210627623073476,0.14574103094312307,0.0
-0.9611394632864383,-0.5430293711512795,-0.5297689732982204,-0.47708912733964864,0.33023214482121527,-0.09891387888339218,-0.12755929720050005,0.11116240991907803,0.0
-0.9259287328692666,-0.5415977537533216,-0.574100510130028,-0.4969682153567005,0.32541433613872883,-0.17873571379194186,-0.1230201486665429,0.09727075611837988,0.0
-0.9268221454433074,-0.6153866204113843,-0.5256786757086943,-0.4698361614115931,-0.09469907230023576,-0.09196329895128555,-0.1555122819544072,0.1875222252278369,0.0
-0.9662930810333396,-0.5364754702729836,-0.46063637399971935,-0.480469477891599,-0.28106291963626595,-0.16091115938402364,-0.103192259242576,0.07359979534433755,1.0
-0.9644442018307692,-0.511577525340142,-0.47343693112837437,-0.49550932286887267,0.09914818827400823,-0.14890023513579884,-0.08829903079762318,0.1546963131354644,0.0
-0.960627816560422,-0.4949559584559994,-0.4685125296852108,-0.5129149166413055,-0.2709803891195077,-0.21272823794754608,-0.0528394166193914,0.06802621136911455,1.0
-0.9632867446603341,-0.4735185354799292,-0.48945256387507396,-0.5136879222732206,0.2727752915544748,-0.17638801993994008,-0.04492415762358382,0.13651405777468115,0.0
-0.9866738891751998,-0.4735401339011277,-0.41799461717640723,-0.4996328243475949,-0.1069294583940089,-0.17017468120901047,-0.01412429280823796,0.10550854726452123,1.0
-0.9384269712324022,-0.6336164449472624,-0.4763258442093169,-0.42996586201978226,0.07743515747580725,-0.06131497108270016,-0.18367788496300694,0.2571250755944951,0.0
-0.7999657127699,-0.63195443803486,-0.5929755620539431,-0.5256938249675376,-0.43413925891596805,-0.22477322395240068,-0.1281422859904923,0.09003360122939859,1.0
-0.5080781621146744,-0.8640060045045503,-0.016637912451584136,-0.4077321283435687,0.5039244445282233,-0.45527171009325695,0.023048223377959226,-0.6077945065815596,1.0
-0.9881761670335351,-0.4885447069083962,-0.42146707379638554,-0.4903111248467395,-0.10460792513569905,-0.13954862077758123,-0.032585394027429555,0.13569035617781194,1.0
-0.9774648087640577,-0.4957801423553557,-0.44951164179124614,-0.48150812814036986,0.18733262415949423,-0.11819271040101073,-0.07569045865513183,0.13464156242067069,0.0
-0.9633461275137076,-0.5011677722264893,-0.49232485304572204,-0.5048991435012052,0.18052033493920286,-0.18108032231598242,-0.07644713711378241,0.10944460678735177,0.0
-0.9703899137413892,-0.5040306620280217,-0.47980208239773015,-0.4872638799158634,0.32934948993346413,-0.12596913615616204,-0.08032206459098946,0.12915446885846094,0.0
-0.9876284747449885,-0.4779317129136912,-0.40717550490214827,-0.4914229974808769,-0.12250111114644655,-0.16332711830549054,-0.023505356135422158,0.12560227618065428,1.0
-0.7128013417574345,-0.5655025173426785,-0.8053286704656801,-0.577166996958862,0.4869381388260081,-0.0892171298103269,-0.11248693883980163,-0.017987090373652176,0.0
-0.764307783108803,-0.632630564748782,-0.5628329644263512,-0.5191920015257954,0.13749261539854646,-0.18084642199345757,-0.1556001363089325,0.2573452707980367,0.0
-0.8486686697524479,-0.6541682171206118,-0.613742699856561,-0.49762527684259067,-0.46944649373310204,-0.07888548366413166,-0.12971538302762697,0.1508658742149388,1.0
-0.9322180459244838,-0.5647527837089295,-0.559871961792867,-0.48192135658236324,0.2171683186317163,-0.1311469279704189,-0.13481596488405664,0.09434477319522418,0.0
-0.9781272424433977,-0.4940612115896985,-0.4739849313712121,-0.49740079016322225,0.20866604152103985,-0.16702900306776472,-0.0560747851382717,0.10799567178098372,0.0
-0.8230527992564604,-0.5699709403176734,-0.719378615673651,-0.5218296010662147,0.4251463557801691,-0.20937426350115917,-0.13794432315378846,0.09055930134503032,0.0
-0.9374848185250789,-0.5714656408352209,-0.5502666212044692,-0.49322085531596577,0.011693978869730455,-0.10993053846053331,-0.11900251697642633,0.15438577611060722,0.0
-0.6380084364560838,-0.38714251115417364,-0.7517097740138498,-0.5919002849081472,0.03298429877458385,-0.34810447677216605,-0.01531067568288555,0.24666258266849728,1.0
-0.956862550816733,-0.544274648425545,-0.480353283065566,-0.49104792456110063,-0.37930583702824205,-0.13001041330733204,-0.05581341728454493,0.1376099997727925,1.0
-0.9550356758452812,-0.5556215276084877,-0.47523338708477003,-0.4702367161403202,-0.059718321102031055,-0.07153738863610964,-0.13962639362971033,0.17265772703508975,0.0
-0.9258606206156038,-0.5934366030393251,-0.5572901924322236,-0.4892933784724922,-0.13215631862685934,-0.18735138022500947,-0.158184177845068,0.06159584397394331,1.0
-0.9573529841650819,-0.5350725726247899,-0.48423665785896397,-0.4955887265677052,-0.4235516419565819,-0.1654393130409104,-0.059200829604313346,0.07933956234670689,1.0
-0.977598289000199,-0.49267230224686354,-0.4693814285609203,-0.49445312526006474,0.2823221126757971,-0.1600165657150969,-0.06529662835142902,0.11574340716587433,0.0
-0.9289002465704549,-0.6296682265400977,-0.5145839374920842,-0.4535117569000321,-0.04237901184459271,-0.07218272556683472,-0.13245187125389019,0.24653453390777835,0.0
-0.9549740443826997,-0.5580011007156415,-0.4675035623151551,-0.4847515613393136,-0.49704461238328307,-0.15059141122923972,-0.09913680572991469,0.06865188723182797,1.0
-0.9920425508294317,-0.4972942571374397,-0.404101781262979,-0.4725849294893861,0.06389496134835843,-0.10686131572630857,-0.06152869292387041,0.16380493075924948,0.0
-0.9694761755390418,-0.5067137258012591,-0.46698192397356925,-0.4931220464318598,-0.1673610857928565,-0.17520202316566136,-0.040436034418632166,0.083458929802736,1.0
-0.9653308723329109,-0.5285169181431593,-0.48642995150669055,-0.48007100338099556,0.1786532333454985,-0.10341212121599933,-0.10897497544657292,0.17103283239529918,0.0
-0.946356950531196,-0.5803235403624883,-0.5097613525548729,-0.46761384852388327,-0.1505721841619565,-0.02770182678580685,-0.11848288238271529,0.20037086499092066,0.0
-0.9878605348791676,-0.5060617937744678,-0.44004480781659155,-0.4693210339816268,0.302292928854559,-0.06737426789427656,-0.08994855705815206,0.17662704422188039,0.0
-0.8884179885591081,-0.5519439376397608,-0.5668999758246729,-0.5385948921120322,-0.43080435922178456,-0.15782986931063667,-0.018301158246950944,0.22460094851804216,1.0
-0.9130674748529086,-0.5611618254275145,-0.5819140877006153,-0.49467840818222525,0.2891018406653722,-0.12685030696722688,-0.1362319458373198,0.1358786575893912,0.0
-0.9860100600251269,-0.47395426402734997,-0.418707592834642,-0.4964017908265907,-0.13007963884447385,-0.16679402252985712,-0.019241761709586525,0.10276770930348941,1.0
-0.9014769077157658,-0.5873271231210506,-0.6096751845739834,-0.48610654667336656,0.36823020096662434,-0.14440610364678041,-0.16212228967826967,0.09458809621828648,0.0
-0.8999592083115898,-0.6075352457633225,-0.5794117991739821,-0.49744153905399646,-0.18303905603289888,-0.15050292480467026,-0.17402910657076465,0.06035065727134176,1.0
-0.9815046690944055,-0.4933953041684105,-0.4296028633154426,-0.4987504010623491,-0.195538019063432,-0.21217437564836192,-0.035673576093597316,0.07675452492087091,1.0
-0.6782012808553237,-0.8035424732965689,-0.40728256458451984,-0.47692848832690554,0.277335736711879,-0.16303930206847098,-0.14607101173460327,0.18924268682974743,0.0
-0.9228559136375947,-0.44845510331869726,-0.5244962753740778,-0.5506196949119321,0.0007133592530565516,-0.26810477063180516,0.011724883510914885,0.19003253696997727,1.0
-0.9829800257320087,-0.49056819805996127,-0.44098468376420036,-0.4899593149289388,0.09950134976498395,-0.1255062075036724,-0.0755942352025179,0.1300129790297389,0.0
-0.9720050435810037,-0.4842291747278719,-0.4594442790836696,-0.5091399983379602,-0.12035523217927804,-0.218023893174596,-0.03355399153282169,0.1009798508011247,1.0
-0.9585627971949612,-0.5220142768230686,-0.49700822326644006,-0.5012356995804383,-0.052866298991501685,-0.16823325714901013,-0.0670814466434603,0.09002756780506008,1.0
-0.9491259717759517,-0.5215049516580011,-0.5139842231360935,-0.5051393069608525,-0.12148654227268367,-0.21828448574350345,-0.07502584026821296,0.08835206581751709,1.0
-0.8711794955926859,-0.5107409602424572,-0.6528836437780172,-0.5433557670436988,0.41882227166472064,-0.21536505933685318,-0.12338380751545765,0.10884830239502058,0.0
-0.9818106793831036,-0.4762400856842498,-0.41577801568352024,-0.504273049559476,-0.1405370358704961,-0.22532528693586384,-0.0193371547316621,0.0965116213662092,1.0
-0.9749878818354678,-0.5097131141165531,-0.44272969372671345,-0.49096019155848913,-0.24642215467717093,-0.16040498423338453,-0.05620803583752565,0.11673276821302726,1.0
-0.9856327017812628,-0.499709064839946,-0.4161064915870202,-0.48046525052357275,0.051000581762617084,-0.13373514029750327,-0.056269748148511746,0.17966074543602975,1.0
-0.9810057456391558,-0.4937246820509156,-0.4332154264627562,-0.48347813107740434,-0.12048099351352402,-0.12705135019319114,-0.025564155247806156,0.16023074635793838,1.0
-0.9304921096060925,-0.5122480797747212,-0.5155799263443382,-0.5140773195493972,-0.11736948054501424,-0.23067323847589355,-0.03854846506713789,0.11001653189798358,1.0
-0.9541857293896319,-0.5370957185075388,-0.5041904517259945,-0.49648547414532224,-0.2173877356826598,-0.20319045265495023,-0.08612034888269807,0.08254496794364433,1.0
-0.9911850169400467,-0.46366292790982716,-0.3960805236749213,-0.49854362187798146,-0.04504795809679824,-0.17037617868606625,-0.004255329178320985,0.1639494531667769,1.0
-0.8245063549077467,-0.6433553054061094,-0.7157351302114426,-0.508652835629338,0.34057585892306336,-0.19164269441994128,-0.13697432619610397,0.024565098943855015,0.0
-0.9223046426533895,-0.6098882245596299,-0.5140000814576612,-0.47101627117778966,-0.30761579521514565,-0.1825356696461225,-0.11916329200813988,0.10585643593897472,1.0
-0.9325369419709975,-0.5665571015316284,-0.49901605407179817,-0.4859609322692735,-0.4142670612039895,-0.10825002506908543,-0.09829166677515125,0.15178637351185004,1.0
-0.827709948461456,-0.48646818249644436,-0.6611469172981814,-0.5480619521794582,0.30038167423426354,-0.24487315015307112,-0.08752730338141947,0.16864907961853573,0.0
-0.9251227766446241,-0.5961719623148535,-0.5603334415550593,-0.46892778390585477,0.20529659314341792,-0.09839648757322678,-0.1675507158271477,0.16748967281285115,0.0
-0.936665212644791,-0.6176824454518137,-0.5272015970089811,-0.46921078319704324,-0.5104254595295309,-0.13664870804147974,-0.15325411705928638,0.04881692538542945,1.0
-0.9766533000658277,-0.5154165050865617,-0.4499999288928534,-0.49022453898934654,-0.24711731513128515,-0.1543391536170435,-0.05606054263212032,0.09847236122286171,1.0
-0.9667764442352176,-0.5183437954589211,-0.4762124164013557,-0.48768295532329564,0.09038510163823266,-0.10911290789072668,-0.08584211982804467,0.1447657683731095,0.0
-0.938201443936687,-0.6004644116533921,-0.5006274437036895,-0.45254187999700707,0.08266124445175528,-0.07305462868986845,-0.15815694577992656,0.20690418299252508,0.0
-0.9882802202232083,-0.47097953968926454,-0.4220480185605736,-0.4858060212615605,0.37380869792706584,-0.12090348031862747,-0.0535570272792967,0.160323510473996,0.0
-0.9704446237402982,-0.5197765328582414,-0.48732139215206915,-0.48765662625055933,0.20903191982031236,-0.13186849532028014,-0.08724928142248047,0.10850043388559047,0.0
-0.9569038741948643,-0.5625058182623127,-0.49013514079086107,-0.48607036219628386,-0.3180259190666183,-0.153704424033462,-0.11198217315273191,0.05924751070542465,1.0
-0.9659871258573632,-0.49407190372749393,-0.44251597668308545,-0.4971454389399675,-0.1727023196459982,-0.15504434675736428,-0.029719018533474813,0.15820183228735535,1.0
-0.9781915559162729,-0.5001697576991597,-0.4489032015144087,-0.49711754874953906,-0.1522991481523837,-0.188191718531569,-0.04954055813657091,0.07938796839539648,1.0
-0.8206853683142311,-0.6360645658513204,-0.5924742619711042,-0.5323145932440184,-0.440591186915821,-0.16982048401222222,-0.10638037301250652,0.2651166960594436,1.0
-0.9371207313113146,-0.598025188069268,-0.5418758097069183,-0.45648866784426867,0.05684407484214811,-0.02799222961542336,-0.11572317925339827,0.12954392902515946,0.0
-0.9446317587779688,-0.5732966435916446,-0.49397440719911406,-0.48385690527571534,-0.3454650138493172,-0.15868275183606148,-0.12061440817940147,0.08759874622033408,1.0
-0.882917684609925,-0.5042286947032095,-0.5479325439809817,-0.5434650399407841,-0.27220076189630465,-0.16707954842259565,-0.01780817918087399,0.20640330330195567,1.0
-0.9328306004712469,-0.5642041280428073,-0.5081053618398644,-0.49095150812010085,-0.31849508662402454,-0.11560096288516974,-0.0688817011918268,0.17593082346487954,1.0
-0.8614024046392061,-0.7026983460137471,-0.39517287260561396,-0.47496638819918996,-0.3035877124554457,-0.11708350901259418,-0.18621541359985694,0.36765925235929603,0.0
-0.979484962422568,-0.45129488799550016,-0.41985971774240566,-0.5212727504279838,-0.04828065237162461,-0.2273652238246013,0.011134015421944726,0.1598795027280196,1.0
-0.947928643155207,-0.515614670840041,-0.4887597042333238,-0.5039344497917198,-0.1392360807924127,-0.19495874311176575,-0.04904974507018406,0.1576319475512309,1.0
-0.99045197469028,-0.47968195287615145,-0.39774092917987663,-0.4796840505318316,0.03059702895790857,-0.07213682744338536,-0.055517259250640945,0.1902921053462514,0.0
-0.9607729675070426,-0.5275064958460473,-0.5018589546066263,-0.4811304029794957,0.3172213373704874,-0.11977797412313933,-0.10462193719116174,0.1311829096385242,0.0
-0.7724737486906087,-0.6787441621142662,-0.550701752310152,-0.4434888164937852,0.2547474347128723,-0.13471322108467945,-0.08047597380099172,0.39060842976562155,0.0
-0.9763483035332599,-0.4621985013808271,-0.4583153896520029,-0.5028166697787382,0.37267333746131376,-0.13787869217863427,-0.0495661257579743,0.15829324780674744,0.0
-0.987188797489329,-0.45570853594917865,-0.4137630329333049,-0.5198989522867353,-0.037034264333660305,-0.24787128336835013,0.007054059780678815,0.0991485596808373,1.0
-0.9717126636134267,-0.49497179090120874,-0.44234802387134675,-0.5101210359284803,-0.23330298441206052,-0.19806140250198967,-0.032761893356807424,0.10556040281907106,1.0
-0.9703032803494641,-0.5453237167618977,-0.4614019728954471,-0.47206226272758806,-0.07710275339438022,-0.08679353642899035,-0.11535943333542564,0.11380415987185544,0.0
-0.9797457717652066,-0.5068879800937197,-0.42452176277461023,-0.483935650382228,-0.24449090687467814,-0.14034920376000254,-0.06661119512297026,0.13803622259368067,1.0
-0.9655605053360174,-0.5033428219325624,-0.46596732349049436,-0.5052513978842372,-0.21580627349815168,-0.189011472558066,-0.04077748894781847,0.10655368876270127,1.0
-0.9675714500781071,-0.5263913163690693,-0.47795998998542827,-0.48053919059760625,0.19644323985549286,-0.08875147092913983,-0.1055077622387672,0.15645225965181322,0.0
-0.9706590937010563,-0.5262171525647407,-0.4751449130574767,-0.4805067027907043,0.07714184534862502,-0.10154458589882712,-0.10138509484014802,0.11409190254617205,0.0
-0.8872652820616662,-0.5439130687394155,-0.6215425407956287,-0.5359064983354093,-0.0648135332404078,-0.29094416569015924,-0.09722876737275053,0.06092081872941929,1.0
-0.9576910869292344,-0.537548028748495,-0.5196651043501184,-0.48654780631661937,0.31931180397009296,-0.13062126637287363,-0.10820940239086825,0.11757986333949479,0.0
-0.9679287426450186,-0.5523459226451081,-0.461708002960058,-0.4574327852077485,0.1189169922203139,-0.02115194548688737,-0.12880500439993647,0.19502129860977757,0.0
-0.7514914403366506,-0.6026950003306997,-0.6991945447774703,-0.5474646417072884,-0.27638625541912826,-0.2776649144444395,-0.11179819947867035,0.17456666387690728,1.0
-0.8379311128739031,-0.5099940906643039,-0.6625409795596522,-0.5514861256850371,0.39624410996341847,-0.23925810872421693,-0.08225047177748808,0.22750592071094455,0.0
-0.900840237774756,-0.5447986240927336,-0.5412271119386002,-0.525804444646473,-0.33698175922665946,-0.17600649426264298,-0.07717617672850495,0.12808940009422448,1.0
-0.9385163581540272,-0.48249115391046565,-0.5261730926165491,-0.5179750599061819,0.2976120226245984,-0.18987761320514734,-0.06764693635323395,0.16748927843106004,0.0
-0.8526714251276859,-0.5206615244428544,-0.6291262779973068,-0.5308523506469671,0.23050227208416507,-0.2419192748639074,-0.07564450146425393,0.26172054403508116,0.0
-0.8754336691326465,-0.5571198753983803,-0.5879988773009346,-0.510832214438202,-0.20338943779062013,-0.2622802956979366,-0.09663960809236585,0.12617623900935696,1.0
-0.9226139515494834,-0.5572234053615999,-0.6096686365850459,-0.49959334282899853,0.23654664137758113,-0.16622082114773842,-0.11173521054142092,0.03869304739372341,0.0
-0.9726653118338433,-0.48854696039220646,-0.45736525642429726,-0.5063792224206585,-0.1433442587385843,-0.20186184281049377,-0.03469218131305831,0.08095739804117047,1.0
-0.9518540632564715,-0.5179949760160187,-0.5218743866154965,-0.5077305358907988,0.11483233182813435,-0.21426092764833993,-0.07545964591037393,0.11330984792726295,0.0
-0.960768950652536,-0.5691958419249622,-0.4602065372540376,-0.4692117801402784,-0.46980788935654977,-0.10794966466680096,-0.12809259866444173,0.059482977029251344,1.0
-0.9616670491626941,-0.556076702241991,-0.47472062739392135,-0.4779675071733771,-0.22610617680863224,-0.12580390191908508,-0.1025787088755699,0.13335351933941525,1.0
-0.9258701110923037,-0.5003679774973728,-0.5272324155496717,-0.5074742613022079,0.3684386297990911,-0.1750145547944731,-0.09185035077803037,0.14007373254433483,0.0
-0.8266094666215521,-0.6017021324826315,-0.6776934741190543,-0.4987395477868845,0.28178150210754177,-0.10473307739021409,-0.07688426028348337,0.18928942253698008,0.0
-0.7342768475681984,-0.5753317808631766,-0.7299028414770763,-0.5389124055478985,0.39766344278678556,-0.22123231188984038,-0.18428204426335,0.14253541790705673,0.0
-0.9407574334322234,-0.6122850518344692,-0.49889501618713716,-0.4514969828152319,-0.15747003487393385,0.0012729164518964775,-0.14097150040939066,0.2510550586490756,0.0
-0.9065452475825391,-0.5649871610562012,-0.6303573095379253,-0.5169167621790981,0.09647682216539363,-0.21899845441917665,-0.126541903123887,0.06157558037782125,0.0
-0.9379422665184322,-0.4766188511285536,-0.5108276254232168,-0.5276217093073549,0.06765675529304743,-0.24954819115905313,-0.026988552167071522,0.15909004382503242,1.0
-0.9873081604918912,-0.4636597806778929,-0.4211929042050017,-0.4966386065171939,0.15327668130718555,-0.13139016552871866,-0.02916168811372223,0.1806127949090432,0.0
-0.9871202031527138,-0.4793134206356951,-0.44214219097459573,-0.48712620816534224,0.29225125904984256,-0.1216298757878482,-0.049951451502688066,0.1608704989524337,0.0
-0.9508383169171466,-0.562057363643703,-0.480405350958835,-0.4779400036597693,-0.21737156307823846,-0.17913160550397805,-0.10464158371121837,0.13059992608069546,1.0
-0.9784103946457998,-0.5403827861074642,-0.4429373148284733,-0.4526033364789017,0.184516939638637,-0.018289359231196067,-0.12665529297521183,0.2003837012809957,0.0
-0.9698404150921727,-0.5379538855069241,-0.4892446460437982,-0.4786113488092176,0.12030861162021944,-0.10681834206237745,-0.10751194536529972,0.14636353651791983,0.0
-0.8162594546739804,-0.5075766004524981,-0.682784161720668,-0.5826178310385505,-0.17201287152561814,-0.26694703175237333,-0.09532674051339489,-0.0070022607457103925,1.0
-0.9817184888143885,-0.5042933937493539,-0.42041725545211606,-0.47827593370947424,-0.3110672303974435,-0.1272910309481051,-0.04206658124129128,0.11532923320927127,1.0
-0.9488584763185322,-0.5415176288198034,-0.47281832626699427,-0.5022930452220873,-0.44535165612873373,-0.1784892402395714,-0.08508446267679319,0.06578216386278214,1.0
-0.7787998971177196,-0.7372028036395053,-0.5996387656413262,-0.461592666648011,0.23035629606396063,-0.10471125172256965,-0.10087225849518755,0.12523517429178133,0.0
-0.9676653088955492,-0.5261449490980967,-0.47509691176155316,-0.4749144215201254,0.17724242529190734,-0.10174151113139643,-0.10940085180006698,0.15760980566683497,0.0
-0.8748232447915697,-0.48127151844404475,-0.5786542089066087,-0.5706757101486396,-0.1374131792147526,-0.2589782748020317,-0.025306939845273192,0.12520250111627593,1.0
-0.8053588154227854,-0.6196053408292224,-0.7293500587038251,-0.5159621270326405,-0.05979739817976254,-0.21100649568376761,-0.07617006243349675,7.519730380473044e-05,1.0
-0.9407755734613582,-0.6044577302876193,-0.5481104059813746,-0.4462913945291164,0.18752842972900707,-0.013338410184643545,-0.17163910422839407,0.139898062689654,0.0
-0.9875414626237196,-0.47536513198300745,-0.411083864755575,-0.498022387334646,-0.1219999973748313,-0.20356931788555263,-0.022840214179687707,0.10681598705212546,1.0
-0.9490890216909655,-0.49662406490701305,-0.4899112726715871,-0.5035809344228294,0.2299159070897297,-0.18505635235619686,-0.05870594258366783,0.21268334352528115,0.0
-0.9759998047342899,-0.49459106340114706,-0.41981596899648366,-0.49948486152421057,-0.1301288380125217,-0.18263142504320964,-0.0309118250816968,0.1795029648920149,1.0
-0.9113801489613236,-0.5683814085570981,-0.5294398783875467,-0.5049631794298949,-0.31841906819194987,-0.10409882052332836,-0.03904188081344244,0.2630312726482345,1.0
-0.9743776217841107,-0.5071414918735551,-0.45342773936169317,-0.479947540322159,0.020316443902572603,-0.12299894020072498,-0.08468181240753626,0.12743966927253117,1.0
-0.8792230012500114,-0.6202986377896728,-0.5701910830405136,-0.48920655686758713,-0.217424164363355,-0.2556765946821783,-0.13063682316797567,0.11676437387772223,1.0
-0.979851050869335,-0.45815403050240544,-0.4365640593723973,-0.5080492219560059,0.3298681493083931,-0.16611759818542382,-0.03406619148404145,0.1803014635967609,0.0
-0.5772042860172639,-0.73801230694373,-0.6656447297303428,-0.44479109740943523,0.685584469157057,-0.0023014715748561343,0.009161876337686364,-0.12603979639452878,0.0
-0.9412585813019402,-0.5437887930593973,-0.5313708932274316,-0.4865018811118419,0.32780298856951035,-0.09174980851000802,-0.11076534497353885,0.12753513956255771,0.0
-0.9155403003889342,-0.6274087436728416,-0.5478302934776047,-0.47455049278724093,-0.497254679149651,-0.08566838033335007,-0.1403371093928589,0.10173373158769375,1.0
-0.9230467122608753,-0.5776575149322241,-0.5928201127253773,-0.48876673371836477,0.2900430229778999,-0.13176700042255796,-0.15941200585921855,0.08127897846823637,0.0
-0.9740843917985298,-0.5259809262188432,-0.4692212968362049,-0.47081762070794125,0.21749477375767773,-0.11492050087799838,-0.10603170942007425,0.1488045659046857,0.0
-0.9475529912922942,-0.5982092862536162,-0.4794938061692362,-0.46263896797626464,-0.6101983725107906,-0.09564491044002321,-0.14424753369456195,0.0794188967981583,1.0
-0.9553446386675031,-0.5843873187856501,-0.44043181150630073,-0.4657906547756355,-0.5530103807120502,-0.11015657529983658,-0.1278974804308402,0.07222329999630256,1.0
-0.9311792002352145,-0.5899038660315402,-0.578819351138361,-0.4629654258662128,0.17121199526039102,-0.021490514253441284,-0.1000322294006048,0.1137806897863731,0.0
-0.47455782554377635,-0.9066889171620527,-0.021511840872400934,-0.40869208186915784,-0.08683804847382033,-0.29073670194193907,0.386131895191674,-0.18905396942045388,1.0
-0.9012118153703156,-0.5539413033541951,-0.5941120500279542,-0.524405384419202,-0.14029024527534711,-0.2276103362008073,-0.10667224874356464,0.09671024045492081,1.0
-0.9614983770746774,-0.5599812068244681,-0.4855916616610615,-0.4671436765681195,0.13691990534787224,-0.09393062777866518,-0.1430215231695426,0.16104628284168443,0.0
-0.6193830558456559,-0.568561986901848,-0.7015335748143263,-0.5576750266613353,-0.39872639272406735,-0.1598901630131587,-0.05825652070158337,0.09402865501317761,1.0
-0.9643298210192824,-0.49845088559890194,-0.4722274984557336,-0.5085700180614957,-0.1517811790682705,-0.21750193597410428,-0.04357987482112685,0.09823524157363331,1.0
-0.9828178914446243,-0.49190159436404324,-0.449012746678208,-0.48400055728624247,0.22100648170085974,-0.11890923808619158,-0.0599377629020148,0.1285102629738006,0.0
-0.9838738276590874,-0.4784116957579251,-0.4265630573532179,-0.49666602081456823,-0.17879451161105822,-0.17934765683500273,-0.014102129174284425,0.11560503858871782,1.0
-0.9467608431802383,-0.5793119766886009,-0.49969338751773384,-0.4707467587983731,-0.28337374868552395,-0.1507754521869537,-0.13082524713482424,0.0921868109068524,1.0
-0.976508915783557,-0.49433284734722494,-0.4477965664235528,-0.49828242028165554,-0.12589828803575917,-0.18716606528348284,-0.038160390681233884,0.11721769102192964,1.0
-0.8534428566046607,-0.5588212119167865,-0.6456838946925395,-0.5306751913377966,-0.13583146676143867,-0.2858701961058102,-0.10417547196683989,0.07677637993741146,1.0
-0.9909554984718638,-0.4700192349266249,-0.40347783973077733,-0.4833922119082283,0.34591495211887363,-0.10538055630917423,-0.054666893142069815,0.18473553938816337,0.0
-0.87045799943452,-0.7040636350824109,-0.43891009915425877,-0.4505000181616074,0.2588813888617514,-0.1699140530917243,-0.19129521498592783,0.13491867344461567,0.0
-0.9596210958033268,-0.5722157296184204,-0.4626947284807526,-0.4703834498612172,-0.45065567295321907,-0.11727661927940645,-0.11938380902334829,0.07840590373035236,1.0
-0.9350958983332377,-0.5697328739639104,-0.520525308424489,-0.49453697434510707,-0.41764975509787583,-0.0868034275625331,-0.030041160768412747,0.1943623854976777,1.0
-0.9861185644061017,-0.49327080376340354,-0.4331523529617181,-0.4804395628925045,0.21008129214826296,-0.09644782054786402,-0.07483250623173611,0.16720021583922556,0.0
-0.9532312868615382,-0.5060287662343215,-0.5042641049737386,-0.5196077593438004,-0.027249319118505914,-0.23606960755561127,-0.03460672869627293,0.12016895803453999,1.0
-0.9538912474249113,-0.548658466126603,-0.5174572081520237,-0.499518602201011,-0.309355641847794,-0.19304144497563122,-0.09342246756021372,0.03144201564727252,1.0
-0.986961878850565,-0.47042690631919787,-0.4056498040534696,-0.49853494669999077,-0.0974998025527622,-0.17010295956297652,-0.005282920853806175,0.15889312394208124,1.0
-0.9392600991079587,-0.563053242404536,-0.4723595544718351,-0.49379421461539896,-0.5741011447470118,-0.15027258730532644,-0.11313301138374447,0.06439465494128899,1.0
-0.8631315957532188,-0.6824564276939546,-0.5996625043235577,-0.4371591169511253,0.1220933033289521,-0.0005682809410596512,-0.09817730790839829,0.15505809701527903,0.0
-0.9318498151070068,-0.5699599105717462,-0.5209832923438427,-0.4928633887848517,-0.5330302861282312,-0.11431909501214219,-0.11644469861668677,0.06276243999128057,1.0
-0.9719432114458337,-0.5207536788657013,-0.44853789961644686,-0.48153344189297426,-0.06806046568892105,-0.11723482642335946,-0.08753215044875433,0.1467648100147526,0.0
-0.9162378921383736,-0.5888470282632909,-0.6148021616527641,-0.4920978693532477,0.2821160224611625,-0.14608065396119183,-0.1519600674661849,0.1084145513924118,0.0
-0.69606982325547,-0.8167690301303949,-0.3194865676892055,-0.4200787062111762,0.3273936096768543,-0.18311375217871054,-0.049472209055232544,-0.5458607226445059,1.0
-0.9040087578615972,-0.6238870727841757,-0.5696408174936287,-0.49426670906023906,-0.4396363032394765,-0.16829534773107593,-0.14332135953479758,0.039099229013423595,1.0
-0.948237203941276,-0.5297177986216325,-0.5273391072312372,-0.4964895691041324,0.33430221232797286,-0.1510847522259626,-0.12054458644721515,0.12920405866609033,0.0
-0.9468873741558375,-0.5779605545531257,-0.48686778217425564,-0.47981774052431586,-0.2480069696019226,-0.1303435298824291,-0.14574956338276185,0.07084248902270732,1.0
-0.9733091087340429,-0.4855592812131516,-0.45034983773839216,-0.5093880324154672,-0.07232600653293496,-0.2059892906641351,-0.037960551192035875,0.11001149501019697,1.0
-0.5455591029296553,-0.46797944188014917,-0.814378735188205,-0.5568806712678023,-0.25826212524569736,-0.29985151936654575,-0.08265941226493802,0.09194452281434044,1.0
-0.9753675758224627,-0.48979546522474965,-0.43954116662218845,-0.4978691030906054,-0.16765190276526126,-0.19205060163267104,-0.029534530846827736,0.1046495037708084,1.0
-0.9202357627900345,-0.567241727250901,-0.5258413947453157,-0.4639272780892739,-0.2835487915935708,-0.08620708307972871,-0.036653241236750886,0.16771706748946613,1.0
-0.9023920501341166,-0.5238166791392291,-0.6435276473737406,-0.5491800351391822,0.009314219730307348,-0.2822696347653827,-0.07259677884986004,-0.004638986184089894,1.0
-0.9829346062575296,-0.5226846174265706,-0.43708982133413654,-0.4620075466694019,0.18752331257182217,-0.05058084530288,-0.10697634250938146,0.16715803406651067,0.0
-0.9581185594772468,-0.5109569729939023,-0.5231840603239633,-0.49406668344110155,0.43809640700720853,-0.1261412005458945,-0.097796049125742,0.12678320044639252,0.0
-0.8591229462732138,-0.5277537088809128,-0.6183326780351535,-0.5390609211227941,0.2640479710954741,-0.2455658694098067,-0.13131582455029062,0.18720274350574817,0.0
-0.9761956186305134,-0.5369449525249642,-0.4547598239717895,-0.472424726568017,-0.08676165204239614,-0.09626360788879623,-0.09628361566971537,0.13937496987979403,0.0
-0.9171057455246306,-0.5431711551007382,-0.6049771678125166,-0.5369093571041588,-0.15200396818522877,-0.2626405512586266,-0.1101373014127561,-0.01895553183372023,1.0
-0.9903912484901176,-0.4906504042437539,-0.40618307284867233,-0.4811880637769541,-0.1281418324089595,-0.14268528621302423,-0.02970109113754571,0.14857930690505217,1.0
-0.9847292827813107,-0.4792630099279934,-0.40963271702036974,-0.4990010196266488,-0.18603437689475144,-0.17681060004235646,-0.03186070568816007,0.12501099742190447,1.0
-0.9428240833323251,-0.5217182117054167,-0.5165626201719,-0.5164639786818521,-0.04069890133504319,-0.20419851904917985,-0.08369985531559294,0.11706358218918347,0.0
-0.7866746052219847,-0.6222072259595517,-0.6991242926197644,-0.5058316883378736,0.25458915153968786,-0.1573172154793807,-0.11975174840672077,0.2229997645504388,0.0
-0.9178123461163219,-0.5204266954417229,-0.540303636153052,-0.5167283366311535,0.09526535807583097,-0.1838870865553513,-0.08883098303918277,0.21407244594738808,0.0
-0.9447971840423112,-0.5680317814323598,-0.4979879966099314,-0.48114199787626466,-0.4843106773337459,-0.16355957447031969,-0.12425538402834478,0.0035280966655319157,1.0
-0.9767212771384207,-0.4744633251363874,-0.45406701617860884,-0.4933493840193281,0.3443848088813411,-0.12161004815631697,-0.05791233756427443,0.1602181533721853,0.0
-0.6942360432674648,-0.6725736147329358,-0.4034772359014255,-0.6133761722500347,-0.47960006389940485,-0.04839814643314787,-0.13006137325061762,0.3642592077299611,1.0
-0.8094653201362586,-0.6148907311475943,-0.6185053309959139,-0.5421611851509808,-0.391362549205099,-0.1691853517147672,-0.017111150929348423,0.32149188954937985,1.0
-0.6525692076965639,-0.39739844879742564,-0.8013873461338628,-0.5574148405852303,0.27777251224319477,-0.3104740306828405,-0.0759770929993977,-0.08855795394641805,1.0
-0.8452292535385446,-0.5782973527725871,-0.608223839380203,-0.5327033375751506,-0.29928060581147203,-0.26062338687896236,-0.08911931973843035,0.12721672981235246,1.0
-0.966886044630577,-0.5273192808581679,-0.48758216937378085,-0.48088387101860514,0.18802440893956482,-0.11532880419870117,-0.10246266990600862,0.14741632346137493,0.0
-0.9310403040067061,-0.582932805786626,-0.5359249220043751,-0.495969835961674,-0.5318564751394881,-0.1664245396529145,-0.09804556862810629,0.006123921558588263,1.0
-0.9391136471998183,-0.542386551891485,-0.5474269649890743,-0.4958184971603775,0.35357528264024574,-0.12569827435586764,-0.12242288344100749,0.12690106146596894,0.0
-0.9162469752670269,-0.6010311104598528,-0.5169553680863035,-0.49736645311801814,-0.5776645419450477,-0.17361081297613398,-0.11643909053935667,0.07348973915251217,1.0
-0.7974258071841999,-0.6561908172474112,-0.6304449139536906,-0.47969307559502383,0.15173370885487908,-0.0788860814308138,-0.1279857037272988,0.19183891339983866,0.0
-0.9309245207419128,-0.5664722267003244,-0.573693378895664,-0.4926072207819165,0.14527694617234563,-0.14380933876306645,-0.11550163593154776,0.1611013937225394,0.0
-0.94395109574289,-0.5795097847165073,-0.5037268170523235,-0.48319177830683374,-0.4531076457565198,-0.15397125706686887,-0.12702872575144594,0.04219978770357845,1.0
-0.9781166292163006,-0.5199276058508256,-0.45125360280716065,-0.47728163726290573,0.13616919420162618,-0.09693703559018776,-0.09635730366295875,0.18007287649634143,0.0
-0.9199931640371687,-0.6062289716651701,-0.5712822912579785,-0.4604258109920758,0.21387398810533698,-0.048086124024472904,-0.1255252069786112,0.1590020575336562,0.0
-0.9773435880129091,-0.49543776230685366,-0.4475115360011176,-0.48206109558657756,0.2392610391965866,-0.10387425438776453,-0.07607706655147436,0.1684409947959393,0.0
-0.9635392925604243,-0.5454876932226315,-0.4755179293687069,-0.4815296246763944,-0.1702267052967762,-0.11542829254420633,-0.10172055488540452,0.12253675120635561,0.0
-0.977785480720096,-0.5131157542137819,-0.4627070623954473,-0.48343579435587325,0.133028248759681,-0.10474168551024254,-0.0858970460918702,0.13300690463193593,0.0
-0.9571486352875913,-0.5700701505136017,-0.5070669048894191,-0.47351783781194395,-0.0613807361512253,-0.11162070008040959,-0.131963442404416,0.09629958311543642,0.0
-0.9637966680189924,-0.5378428174630762,-0.46906369729740616,-0.4916860333044092,-0.336543051121016,-0.16285058592287158,-0.08421451274907621,0.0780844039319849,1.0
-0.9587451343748792,-0.543303932511218,-0.4839393616625455,-0.4904389565235202,-0.11742797438124324,-0.18474447432062624,-0.10981666653783823,0.09308039610077955,1.0
-0.8160602348440844,-0.6191089121798401,-0.5281909555543526,-0.5355541723805902,-0.6606889880761901,-0.06412095079212879,-0.12947329411542532,0.27091477206894243,1.0
-0.9537410500225889,-0.5840254410471043,-0.4814608294780172,-0.47217639378843457,-0.2882897076512646,-0.11199357293187875,-0.15015335177981115,0.0896406033595333,1.0
-0.9851194519423175,-0.49648945304333814,-0.4306494506394686,-0.4764351360770932,0.21658583943723056,-0.07125747965906608,-0.08433340869717813,0.1937184710441484,0.0
-0.8889942003932385,-0.5544565080817376,-0.6262083355570948,-0.5106620418763196,0.24224527702492893,-0.15962143905171566,-0.10959784473290522,0.14550183895372826,0.0
-0.9739911117224931,-0.5278726294590178,-0.44458917204601905,-0.47031359432578823,0.14658583520588936,-0.08068122183887383,-0.11114495129192395,0.1793350512552233,0.0
-0.8067896350826732,-0.7080571514232721,-0.5249703804343906,-0.46931598767753335,0.03861338387452433,0.09749776568885557,-0.015735235544843212,0.2892531798355028,0.0
-0.960057434166515,-0.49055099374174616,-0.47711611960199996,-0.5132055280285189,-0.18110880525231282,-0.21697735656823608,-0.026211483626806593,0.11964215455777831,1.0
-0.9872848657472572,-0.47149214894504726,-0.4292605865114878,-0.49443151359799753,0.07948854026505411,-0.16263813653677256,-0.020259855642363878,0.13772064758351552,1.0
-0.9581134904341087,-0.5831204688864349,-0.5276170925804685,-0.4581054796918734,0.17760077794463114,-0.06513723486335958,-0.15743837687153214,0.09583564585182938,0.0
-0.9411373851962215,-0.5467348577914127,-0.5453970752006168,-0.4799856356465487,0.28814548820645214,-0.12810825521427194,-0.12947028132635233,0.10487159692467313,0.0
-0.9638233529741294,-0.4925914914269081,-0.48496187977714744,-0.5146775554735246,-0.1475735294930447,-0.22670642495929233,-0.03766549771208474,0.08241638574520732,1.0
-0.9774508398594562,-0.47741300731871383,-0.43037337117878266,-0.5105547887807238,-0.16724677333119572,-0.20459245891089914,-0.028084397798380095,0.11527382668294933,1.0
-0.9229133278120877,-0.5336621825402792,-0.555696853096429,-0.5281136138253294,-0.11349685370607204,-0.2625313785132922,-0.09531607371475581,0.06905256946665753,1.0
-0.946432639996224,-0.5320265713717083,-0.515703843367984,-0.49907711867830007,-0.10065119822814757,-0.2142086966916748,-0.09091875945429219,0.09537912079758573,1.0
-0.5096794111009704,-0.4999292113639855,-0.6094104002337773,-0.5040769204940687,0.5924435206396996,-0.2182577139995613,-0.09506708528301297,0.16980019582284306,0.0
-0.9330092087716603,-0.509116242876785,-0.5230401067108083,-0.5264255342224073,-0.24436186867284893,-0.22849570606327285,-0.04657723944955443,0.09588424466429624,1.0
-0.9627719724417814,-0.5572397621596328,-0.482900172043349,-0.4633081989391858,0.031215003976716713,-0.04088106747379758,-0.13350951169375652,0.15277176859492997,0.0
-0.9643892230534918,-0.5151063470128545,-0.5024240703581817,-0.49328701487868026,0.19168978070502557,-0.13961121208719499,-0.08308036068861915,0.12890115754201772,0.0
-0.9452326463656252,-0.5572825818705891,-0.5515384479118793,-0.49019629029693673,0.20848218190830256,-0.08730082970218675,-0.09762010681705256,0.1071775017125989,0.0
-0.83165163415727,-0.5627617121538183,-0.7156568202492972,-0.5304441659459369,0.5026492777329329,-0.16542632988855005,-0.09026587005072693,0.10376668178054738,0.0
-0.980789063737502,-0.4954931226158676,-0.43500833861734944,-0.48667720637176176,0.015415099176651383,-0.15857998024745612,-0.04096814961574612,0.131090180144346,1.0
-0.9736150088353326,-0.5452006142261674,-0.48147116086673347,-0.46814050045205213,0.08958705549988207,-0.09768828960626338,-0.12134746816995909,0.11602053540029306,0.0
-0.986352248003685,-0.49212411305205905,-0.4225209503681974,-0.4901300641227728,-0.294449849174144,-0.15644625462704462,-0.044538988266754787,0.06704373864135976,1.0
-0.9602884161364416,-0.5258778264466496,-0.5000305171451616,-0.49115734525536453,0.11253246770937897,-0.16524512102198896,-0.08952271902359696,0.12822907788425805,0.0
-0.9749435224622467,-0.5221252211411198,-0.412763750274379,-0.48178193190042656,-0.3697462610806998,-0.12792225803885848,-0.069532527669353,0.17535851535430497,1.0
-0.6160047174427188,-0.6772639459719983,-0.7675987059044589,-0.4546547429568184,0.30057359852641974,0.11553559039460376,0.1126944360012038,0.10008027120806343,0.0
-0.9402272398400494,-0.5919846569486771,-0.5036396836182162,-0.4706943203055726,-0.3788791692281574,-0.06489565810756133,-0.079140237106483,0.22031426460459244,1.0
-0.9406212673473974,-0.5717505546843964,-0.5641520058198486,-0.49334493005949687,-0.1009110657041327,-0.23056145691106203,-0.10618020407408454,0.05833353069166508,1.0
-0.9132624178248052,-0.5891726572211629,-0.5825489697884336,-0.4904869525361616,0.3001712093928754,-0.1486086781358885,-0.1719110587299824,0.11919062392603828,0.0
-0.8242854995824554,-0.554064678331251,-0.6677900263271949,-0.5110764807917011,0.4030824881039409,-0.13131041425961487,-0.12547291637942223,0.0743739009333646,0.0
-0.9835020474027224,-0.49303682468386756,-0.42675237157170864,-0.4850686038738051,-0.11554981673887109,-0.1497662218827765,-0.03544610514352415,0.12393165978501855,1.0
-0.864505139828595,-0.6428202007455165,-0.580681897239455,-0.4796588441711219,-0.045383682693929,-0.09661511325596875,-0.1642174852521432,0.16014798540359249,0.0
-0.9477554651047694,-0.5011452970257173,-0.5277975142778887,-0.5117717999121647,0.29515286057687473,-0.11660165218645417,-0.06139119642300177,0.08518639548482439,0.0
-0.9353216052966585,-0.544054377357291,-0.5620197027121616,-0.5013518827804737,0.2203902510842961,-0.158380834595476,-0.12069083442535564,0.1318843417634893,0.0
-0.856103215746257,-0.5238358392462221,-0.6445027571093838,-0.5444083676809777,0.1680212950107905,-0.2456300905844489,-0.09850178496184084,0.19229590973630006,0.0
-0.9433866967543623,-0.5699841271062976,-0.47606463126131693,-0.4746519542069834,-0.28251950959999633,-0.06727472584898708,-0.07765844490933682,0.1893788903812589,1.0
-0.9564479119243797,-0.5380186287754756,-0.48315245766994314,-0.4923351212453885,-0.27458245368187045,-0.17308751699786826,-0.09081655011661119,0.10280147597287537,1.0
-0.9442202594791266,-0.5881451357222741,-0.5007443141136324,-0.47418673620740676,-0.5587544283054053,-0.13035937897959216,-0.13302509383111036,0.06404340162735321,1.0
-0.9532582738054263,-0.5351551165780567,-0.45965975236573064,-0.49714599801393283,-0.40495092446239744,-0.16323763930694524,-0.08858103874652502,0.08842847593572875,1.0
-0.9640259762457493,-0.5683172611121111,-0.478802207296906,-0.4578796223145078,0.09966132347606843,-0.04295480666009864,-0.1475078691165443,0.16552172321603115,0.0
-0.9324712922309296,-0.6078668031983339,-0.5587638614118211,-0.46716837096007086,0.1511164065725132,-0.06363522377840783,-0.1776554837432707,0.1162562717496932,0.0
-0.47020511743867255,-0.7532072798779995,0.007720996600334762,-0.5134630514023273,0.7987895272816017,-0.2676077391768761,-0.12043430603284092,-0.4446701419752608,0.0
-0.5621954657831838,-0.481895598423191,-0.7929579310273251,-0.4946353299579047,-0.27299925440768386,-0.27897753797021047,-0.05487612225097416,0.00544403850823455,1.0
-0.897456098260907,-0.6362957484672389,-0.5691367084212368,-0.48268124276121255,-0.5227911577809692,-0.09381987188313143,-0.11581081794804987,0.14285187317369097,1.0
-0.47822888027149774,-0.6925361891386386,-0.7493801640592509,-0.3082207077501977,0.31455098822034744,-0.07155918000794073,0.1687895936028409,-0.10646771543224526,0.0
-0.8995203928287974,-0.451433642240349,-0.5319061013081352,-0.5521258719335078,-0.08414114702121203,-0.344544367273358,-0.005050318364418535,0.16809925193999398,1.0
-0.9300829054406655,-0.5435763902426163,-0.5559575291793566,-0.5107825298124833,0.06920141280246427,-0.1809969386924006,-0.09121019191704254,0.1327808265640752,0.0
-0.9572330584285946,-0.5684348879409975,-0.500503330009442,-0.4654058861413788,0.01696142824020709,-0.04964479265861796,-0.1327871481468823,0.14690535732389817,0.0
-0.5539256935754009,-0.5751040979387263,-0.8337954292941283,-0.6473949643711785,0.4437058310774686,0.4007598968120404,0.14901831177002547,0.16397030851280678,0.0
-0.984169352846322,-0.510977769500647,-0.42383396168686094,-0.46381902138128595,0.16686593498446411,-0.045389826068326075,-0.10278033753119949,0.19746480489427387,0.0
-0.9219613926711229,-0.5043707279768525,-0.49590512028045663,-0.5281054632140084,-0.37487632568127405,-0.21688586463763138,-0.036034474966140366,0.12463117074475005,1.0
-0.2579291956419625,-0.5508822027344217,-0.30879900309874986,-0.4043891620653904,-0.14359599580608684,-0.5252621915043345,0.04796845770226399,0.9199677997777481,1.0
-0.9467818940235889,-0.5723776508784388,-0.4968645637985409,-0.48054476945901337,-0.382349668513197,-0.14248248083486473,-0.11289615957763101,0.09518085730525247,1.0
-0.9465842234051758,-0.5449553375174592,-0.559117752109851,-0.4949153301625544,0.2901936304461194,-0.12594630112085248,-0.11666512281257879,0.10010496093660884,0.0
-0.9840913301446721,-0.4901454379416934,-0.4384010975604747,-0.4832936730470352,0.1391623880547139,-0.1366169673436432,-0.07386236568258547,0.11685680638940697,1.0
-0.9715313824952158,-0.5083224618390482,-0.4700509579175677,-0.5038320093810218,-0.16842761337007417,-0.2059623026381669,-0.05373599637694717,0.03749037073496185,1.0
-0.9670945075216297,-0.520167699252007,-0.4822016820402301,-0.4798984768209264,0.3139643324348256,-0.09897029516179791,-0.1121959703836022,0.14437639573646058,0.0
-0.9677175282859545,-0.5050971556766365,-0.4984449611793263,-0.4992804628487972,0.1981880123887302,-0.15088375761466136,-0.0706610748772803,0.11313406554532754,0.0
-0.8965470881222588,-0.6179202617693047,-0.623544094675885,-0.47112640459993305,0.06469117965670976,-0.1716266693858621,-0.09295372133683699,0.03317757781023471,1.0
-0.928043627680062,-0.5465766443972232,-0.5292677692911414,-0.5199398753654424,-0.349801397805947,-0.19589065494734342,-0.07012522994112794,0.0903931905659789,1.0
-0.9680786803316845,-0.5382040580642411,-0.47066677537384355,-0.484997194600566,-0.17425841681145005,-0.1185953954832941,-0.0951110476982843,0.11927435544233782,0.0
-0.9518256991923324,-0.5760974689167906,-0.495992667903905,-0.44770545819339713,0.06105888386499854,-0.029810197572762556,-0.12447784541557291,0.15044800501833286,0.0
-0.9120107641434846,-0.516294479814272,-0.5998879453330004,-0.5254367094029718,0.38607294423101257,-0.23778704022052694,-0.10300866787272432,0.11157419734437907,0.0
-0.9568434681024132,-0.5617460656399236,-0.5106559133802411,-0.4688478440063968,0.2614826501856534,-0.07268214712214911,-0.13429178403293884,0.1787982613227812,0.0
-0.9845883603074109,-0.5258356619580264,-0.43648464565843953,-0.4618417199701116,0.13021031290849594,-0.04602251216272643,-0.10854775366736477,0.15223011341763576,0.0
-0.9762245401660368,-0.4574101547575934,-0.4410655526315831,-0.521721747249255,-0.09092720451294306,-0.22702763303729695,0.009439028794097665,0.14110052626600733,1.0
-0.9267736836999001,-0.5936460882620367,-0.52139422879717,-0.47390674279919387,-0.376638149859894,0.0021626943423612432,-0.02956843711770455,0.2231397381108365,1.0
-0.9369980361907524,-0.6029550050205703,-0.5425424827184319,-0.4706181560774472,0.1084101958606333,-0.0641777728277121,-0.17304707306498113,0.1507058623982921,0.0
-0.7575861408116579,-0.7262151875989353,-0.47181898475509154,-0.479540587640617,-0.1051609487964011,-0.31684286926988214,-0.030961033563275883,-0.0671259992806171,1.0
-0.961515547442295,-0.5060875107500643,-0.47696651913211263,-0.5101094953831917,-0.13110061883727908,-0.23976608674706312,-0.05401424719749723,0.08390088123158648,1.0
-0.9368223313729752,-0.4989957625300991,-0.5106937265758998,-0.5200216579077352,-0.09684893581638045,-0.2692096001184064,-0.05135505326433721,0.14225725873510006,1.0
-0.9869771366008238,-0.48589030632437985,-0.416934761634196,-0.4842345247406555,0.013979791431475617,-0.14634675369617053,-0.042364588112487354,0.15856716884301267,1.0
-0.9837692029269601,-0.49211978229991893,-0.4335702743116058,-0.4843462412604587,0.016696451711516437,-0.15557292167632614,-0.04063804997243514,0.12215306883266931,1.0
-0.9526590058678117,-0.5726335179390579,-0.4883439365648872,-0.47672144110988685,-0.5276823720116788,-0.12716401938874491,-0.1233929186438497,0.04713573467012881,1.0
-0.9779415835470722,-0.5239208181310699,-0.4536636020805958,-0.47468875434959157,0.12656972149602574,-0.0783787064432096,-0.10844433674076383,0.1584532348181073,0.0
-0.7920323777979786,-0.6158819558682054,-0.5850577505284698,-0.5331167858491386,-0.47662865887018957,-0.1684567442588405,-0.09013499808302038,0.3316039326546175,1.0
-0.9633539345664877,-0.5274167065639066,-0.48802289825320094,-0.48072901562365805,0.16399159943262,-0.10716260879942816,-0.11126308656617873,0.13675773968693408,0.0
-0.9838355328762605,-0.5113580380551289,-0.41508198818946285,-0.4700317555120837,-0.010866689427326503,-0.06861600720813103,-0.08192862670892377,0.20836850994976566,0.0
-0.9794403745717991,-0.4886169031534555,-0.4351644773520198,-0.49766651527459516,-0.10833637267090905,-0.19349120531866637,-0.03525621215454838,0.09716690915112457,1.0
-0.9704712884620178,-0.5028878468191575,-0.45246959733353803,-0.49978306478716056,-0.20729637240262003,-0.1893013533055834,-0.05183570798983229,0.11610765379575161,1.0
-0.9687246478331664,-0.536905861116165,-0.475141808517847,-0.46679335979200154,0.22356857467469998,-0.04761184553066064,-0.11847221345954081,0.16761181789721247,0.0
-0.7443934315622505,-0.7366723840452342,-0.5367674816657896,-0.42226799508935386,0.08641058018014725,-0.10641880490175211,-0.028615301560369122,0.3010841467763924,0.0
-0.9815454842003299,-0.4960759905140911,-0.44031241677398186,-0.4791119159162531,0.2767102041211254,-0.09517704567234517,-0.08065274741473469,0.13726142617523518,0.0
-0.8599464620533515,-0.6274897519274607,-0.6305628339541162,-0.47165487314704296,0.3099578167556294,-0.21705602850964995,-0.16895381739473328,0.15332903797848765,0.0
-0.9341370606232087,-0.5993191835662339,-0.5279231840169145,-0.48222993005580556,-0.5161453350428746,-0.15844206521394608,-0.15105007044128063,-0.008913560047060981,1.0
-0.8355364394690867,-0.5108766613146017,-0.6864116305950207,-0.5437048919411452,0.1451677781409022,-0.23495310746349463,-0.09852662979208783,0.045877394490029116,1.0
-0.9606143324132671,-0.4656069723946422,-0.4480537236100263,-0.5294071809395104,-0.16189642695842624,-0.2328612604702913,-0.019602861660208262,0.12693767299862405,1.0
-0.6820986226997755,-0.7879738807815916,-0.37166211688142536,-0.38780040332587895,-0.1592120497344696,-0.35738241898403417,-0.06290294642446753,0.0074621940137243326,1.0
-0.9463104866013857,-0.5777706281120374,-0.5101329842273207,-0.4586460532746388,0.07988878190843197,-0.054913184854320396,-0.13125309901942928,0.1351658951475851,0.0
-0.9041303497137368,-0.5403512753007639,-0.5790921425270724,-0.5040825789195795,0.33221926270596125,-0.1613827874013748,-0.11858161808937992,0.14755629856700203,0.0
-0.8523196540722604,-0.4970834629588263,-0.6206848967535287,-0.5731749934545921,-0.06975354878185963,-0.28559146533890517,-0.07021461747358394,0.04640333419076788,1.0
-0.984991825211645,-0.5122261000183024,-0.4304894049510781,-0.46808082653376837,0.19620139283135482,-0.06756408438686819,-0.08968055664994729,0.19180855945388492,0.0
-0.9735011732865964,-0.5284248804078091,-0.4559554733744013,-0.47818319719961744,0.055060991562996806,-0.09091128386198771,-0.1049799454815708,0.133248516821481,0.0
-0.9457178085591069,-0.5819762350486836,-0.5173744511316513,-0.47323917062173165,-0.3010893683568908,-0.1482371529892799,-0.13269299945497426,0.03889462475520404,1.0
-0.9299928574931999,-0.5923874618356111,-0.5376746104472978,-0.49069949615410324,-0.4512105471961121,-0.17823784863828404,-0.1335171688328545,0.006896202483385461,1.0
-0.6994018046795458,-0.7073084806424793,-0.4341399108884788,-0.6373594393499474,-0.5402398451603461,-0.035586857851711895,-0.1126023196662419,0.38023028993829694,1.0
-0.9526752806137286,-0.5620356971099606,-0.5284951530847555,-0.4785683871995244,0.24131118559286413,-0.11732945520227264,-0.13958102020469845,0.11607470406870134,0.0
-0.9659430740000778,-0.5586530367029043,-0.4247727951158204,-0.4590198630827273,-0.45260780612158497,-0.10419978570850173,-0.10649487893948786,0.12892082703330407,1.0
-0.9777792692550114,-0.4716527064873789,-0.4485016146753962,-0.515841777248692,-0.12198708301735482,-0.2323122229916531,-0.0031112319362099072,0.12066296589602682,1.0
-0.9226061974915993,-0.47668568078539875,-0.5427923984334363,-0.5300934759981826,0.26145493885231147,-0.22804412363491605,-0.05827683699558975,0.12652120722877847,0.0
-0.8569274655079363,-0.6049815460772242,-0.6088695876962731,-0.5039435110925695,-0.09664241634737009,-0.17859511241834414,-0.09105532607909186,0.14062543626317411,1.0
-0.8384318601779371,-0.635585314293123,-0.6215769672479583,-0.47578117474238046,0.2531062877314476,-0.07193416202753596,-0.14012270001592744,0.05020784033614184,0.0
-0.9797735274658608,-0.4946876019668972,-0.4290359851079244,-0.47955008427526596,0.14313320901103146,-0.07993558642201232,-0.07615482440264609,0.16095948481352812,0.0
-0.9764191540543711,-0.4798526757708739,-0.4399844081750067,-0.5011052913219814,-0.13523583533622918,-0.18887172059964022,-0.020822700587467907,0.1225829817849743,1.0
-0.9808196345310297,-0.48488824590474866,-0.44787052494387525,-0.4925367101154623,0.18585608750243376,-0.11631231929919679,-0.0602129095750515,0.16412872288560745,0.0
-0.9594394814456955,-0.5258124218319646,-0.5005038225065304,-0.4913825946859246,0.15980686101813027,-0.14074564340324103,-0.10421384105248455,0.11310511744140571,0.0
-0.9666017852444035,-0.5248196163806421,-0.49444748628455243,-0.47739034436865335,0.28080477104505974,-0.10058660608882933,-0.10590802674508226,0.12914933553296182,0.0
-0.9748116907394881,-0.4669998515371981,-0.44589703958481913,-0.5155609177996947,-0.089489283009968,-0.2210074712899049,-0.0008090534312636122,0.1538540106825216,1.0
-0.9147778373406884,-0.6413200292966477,-0.48122369560632905,-0.4692644661907507,-0.14574636740097052,-0.12517138251021517,-0.16606341541315284,0.267017074189542,0.0
-0.9817752026624953,-0.5049191413978642,-0.42376731532473355,-0.47244794454192307,0.073234539653024,-0.07063167538833838,-0.08837259126985085,0.17576431634545917,0.0
-0.9644925592300875,-0.5193322116668584,-0.4894991371648286,-0.48389825909885104,0.2610756088858008,-0.09792433060019519,-0.11164776193830991,0.16794193103060578,0.0
-0.6712301584313981,-0.6512462002476037,-0.4114953073899858,-0.5990843039091288,-0.41422752287318815,-0.12235587735467147,-0.13414077216936698,0.20408098428439997,1.0
-0.9427802937892233,-0.579334186141193,-0.5466821691643432,-0.4806777425544046,-0.24817533313048426,-0.16495683483101237,-0.1318038911980901,0.01902704327018824,1.0
-0.9569462683258902,-0.5369804488292896,-0.45882899451925757,-0.48320558145368026,-0.35116789777806323,-0.15237666409918935,-0.09444639847383675,0.10023516996022998,1.0
-0.875123829112171,-0.6451715336021966,-0.6407423222640222,-0.497344980473706,-0.2990874922694386,-0.19940123201400065,-0.11677495493044177,0.11415979064282451,1.0
-0.8458791357457731,-0.6249127247112654,-0.6240884857480924,-0.47609680203429494,0.2873144134086326,-0.04617472989772489,-0.11696475155745295,0.20377655937502798,0.0
-0.893278990298229,-0.5628969139786019,-0.5944482336410173,-0.5239775491998888,-0.2517336557439099,-0.2564757869646216,-0.11067104561863599,0.07763902073129958,1.0
-0.4310929519452519,-0.5115099298094633,-0.8829004611280353,-0.4670022324370142,-0.20912494105401153,-0.15491008189195132,0.024402307226623843,-0.10398250087915661,1.0
-0.8761329035675784,-0.5569248233076081,-0.6489995819364617,-0.5445330695964626,-0.12303250498627412,-0.2858302927810731,-0.10274145502669786,0.022436672612944047,1.0
-0.9344705690963664,-0.5588604266810043,-0.5201393224958513,-0.4953465320126075,-0.29238608575495184,-0.14456721426894628,-0.06708171453006728,0.17419622572306498,1.0
-0.9684727556059386,-0.47528640382364146,-0.4678799244398134,-0.5000327917597159,0.33537736318110556,-0.16717552968746477,-0.05507938517087489,0.18013727207950123,0.0
-0.9713037319034434,-0.531004014053274,-0.46982233378014937,-0.47892052069602215,0.08609805320297775,-0.10825310089014661,-0.10400910568568136,0.1314841068066515,0.0
-0.9630185606275491,-0.47112929473515935,-0.46217270070345745,-0.5081706427230571,0.2596043702493215,-0.15449584825677545,-0.04653237574351376,0.17570193023252031,0.0
-0.9577691475813584,-0.5248787867510235,-0.47062536932313437,-0.5010982362532819,-0.4018586151413818,-0.16146024694938194,-0.060580348798963526,0.07681993750417238,1.0
-0.9096319972767098,-0.6156635512762583,-0.531946108356315,-0.48992802010532405,-0.4642370975655188,0.014130818365124725,-0.06193774904012757,0.225154235892109,1.0
-0.9619151627723141,-0.5670505633069719,-0.49652604217031454,-0.457457961622329,0.19120559538082577,-0.07717770645057628,-0.13674366653306322,0.11900498616659368,0.0
-0.95556101598822,-0.5321119342926138,-0.5008331790468502,-0.4840477926824336,0.13605340365462165,-0.13009195835017467,-0.11672385381728022,0.1519963800522281,0.0
-0.9733524317383598,-0.5317194554435409,-0.4739198545476522,-0.4727938745398923,0.14131055693447098,-0.07856005969691987,-0.10149204499058356,0.15601544501837897,0.0
-1.0,-0.44786393582781236,-0.36950827521499374,-0.48713500307062974,0.17842758119338376,-0.09547890187605652,-0.02557493864205968,0.22019167906367176,0.0
-0.9662304688153507,-0.5079844345076652,-0.4861234690385304,-0.48909557038947604,0.32588817168159856,-0.11896826390342373,-0.09050505109824532,0.14676460397841368,0.0
-0.9112804990440778,-0.5649759937619813,-0.6285042357278885,-0.5023869420600353,0.24460184434580196,-0.15768534624711447,-0.1168431816428941,0.041117781712663976,0.0
-0.9751356274841174,-0.5372939048434204,-0.4631805988496297,-0.46223279473590556,0.10562343481030614,-0.06460832383016618,-0.11732611841759899,0.14689594467294995,0.0
-0.9829348184555269,-0.4782562175422928,-0.4438672057157976,-0.4904971563706185,0.26066588100742705,-0.12265845565687383,-0.05748573660729557,0.16530646301874127,0.0
-0.9150532932483729,-0.568520852005851,-0.5615378203284572,-0.47762008334935313,0.17021267171471754,-0.1467349505159144,-0.12351475316318922,0.20754969034334642,0.0
-0.9909431423784693,-0.4756863947981536,-0.39714932947392995,-0.4912070541501705,-0.0329788910487005,-0.13928596638560498,-0.03653447902082973,0.15592970583640542,0.0
-0.957491917648574,-0.5467871268939489,-0.5131117026365078,-0.47894512239940223,0.1146659418985749,-0.10036274564638484,-0.11402202245471153,0.1288351454644781,0.0
-0.9050446902861581,-0.5903728415641115,-0.5568940565445428,-0.5146888504001031,-0.2082489235438129,-0.22466987034985764,-0.14426735700435162,0.08062684163761734,1.0
-0.9636031451333615,-0.5159147387541905,-0.479188476954548,-0.4965144187628368,-0.08502765700245546,-0.17766347174223482,-0.04877176816600902,0.13610940965787596,1.0
-0.9430571323894793,-0.5718209956676518,-0.48283928222921746,-0.47273162145439523,-0.2847449903588025,-0.15088009016677362,-0.1127398285047296,0.1565392799373288,1.0
-0.9790854481293555,-0.49205651357833496,-0.4456285164148237,-0.4915181032268974,0.15904088256016716,-0.13620750934473622,-0.06228434202491831,0.15541077308933507,0.0
-0.9561019168008412,-0.5370596221022028,-0.4881145514484649,-0.49052325380335754,-0.15932716799390298,-0.19217801062707796,-0.09320160411843628,0.08252160404094194,1.0
-0.9514999877094569,-0.5200632662712378,-0.4974604871354394,-0.5058682238518577,-0.021186358361561235,-0.22766167362763695,-0.06581454490057013,0.14605780233462934,1.0
-0.8648104056263172,-0.689030224489261,-0.5244630515352934,-0.47596326743055356,-0.5916177633010505,0.04508632144039215,-0.04613340217337724,0.3501390966679079,1.0
-0.8479128785891464,-0.4899301100568129,-0.6317631749838784,-0.5646918767773714,0.3347600142322756,0.0013953896992293935,0.0032329580231224564,0.08130176216905824,0.0
-0.9891295124983973,-0.4791342432613931,-0.39338323898871697,-0.49305235891619337,-0.13402096421789955,-0.15428219957859723,-0.023193634448958035,0.15262542923390815,1.0
-0.7878555159404954,-0.4591476773073696,-0.64412964473636,-0.588323057887092,-0.18574378614328635,-0.28316150015658803,-0.11445297584454094,-0.0025503891857274474,1.0
-0.9815961443640019,-0.5161632267107611,-0.4499477234819068,-0.47253944740509296,0.14162259999254878,-0.10302895291980468,-0.08730963092798147,0.13144711725177638,0.0
-0.6253426673000217,-0.5743578723848166,-0.7477182634559713,-0.5889520158292179,-0.46330015062184826,-0.11712008008039965,-0.15961426815386237,0.06976688311762129,1.0
-0.9547342553751692,-0.5530979191741929,-0.5002713802567372,-0.4849292699404136,-0.35970334368783113,-0.1752273614007697,-0.11443076831151755,0.03602926658266843,1.0
-0.9777571232158825,-0.5223283148878997,-0.45129210131687886,-0.47251000992236813,0.03510630092224451,-0.08162571461883412,-0.08361176564106448,0.158951880675465,0.0
-0.961182801887311,-0.535279026375428,-0.4907098832129817,-0.49087475588932006,-0.16483536451009195,-0.1525377285960454,-0.07516423821996042,0.1116108465645228,1.0
-0.9666886669415293,-0.5487880632986248,-0.47785822689796614,-0.4673238787232118,0.22016483378229834,-0.06347526171938105,-0.13521220090298625,0.14920515513465665,0.0
-0.94191514988001,-0.5359247574679296,-0.5243546720389777,-0.4936081141671506,-0.14555857946006368,-0.21366529292198597,-0.08749705364997686,0.07379937087581154,1.0
-0.9788166156666436,-0.48323366910963866,-0.431947397627461,-0.49567082708683774,-0.11686186170183031,-0.1825918470154071,-0.04807085559045275,0.12016822308907825,1.0
-0.9803677308461984,-0.48350846830045136,-0.4668828664669274,-0.4945407710726521,0.2924903820505782,-0.14785761949903284,-0.05415768263653395,0.11986624117834116,0.0
-0.967255102181604,-0.5109409457698992,-0.48387475386469814,-0.48827689132405994,0.27081147738060585,-0.12053756127731739,-0.08872377365293897,0.1358005223192553,0.0
-0.9605222810455857,-0.5435193035724342,-0.4489801942460104,-0.4747899701984763,-0.20187032884595668,-0.15641562855233593,-0.08849842277591542,0.15619178695022248,1.0
-0.9440160302080544,-0.5282578375407493,-0.5007397243151523,-0.5013649845991003,-0.3098020005705871,-0.1814069770118038,-0.09317205171160978,0.0831859451029862,1.0
-0.9773273091044766,-0.5248478675303562,-0.46897355003112284,-0.47545942339708064,0.18559035698047344,-0.10680567402611009,-0.10249305704297705,0.13063672895733594,0.0
-0.9705735395434714,-0.5261488194693444,-0.4450025547002465,-0.482297341933635,-0.27863153037734567,-0.1449761450426669,-0.08119563364968249,0.11701591035995972,1.0
-0.9599151245499651,-0.48335966128947233,-0.5276967274626877,-0.5250636301363775,0.32049480138169534,-0.23054678058840686,-0.042956027731270316,0.09431768257904936,0.0
-0.9515750320337949,-0.5303784281563282,-0.4825055245294865,-0.5034288387503764,-0.3519132257531842,-0.1755241698736945,-0.08129762954600454,0.07837014209302359,1.0
-0.9728059376888262,-0.5038936291195282,-0.4745899518885488,-0.49621711238274785,0.07533649641167639,-0.1445325406299953,-0.06424696074396063,0.11706399057460999,0.0
-0.9373803681156876,-0.5317205737956716,-0.5035397941997174,-0.5090605743001314,-0.3210537157417256,-0.21019235846876239,-0.0958288950221055,0.043389525254637074,1.0
-0.9245158246208905,-0.5647592406276268,-0.5593310769371033,-0.5009749575395428,-0.03078631105565687,-0.16261154908201833,-0.11181431464610331,0.1538978252758148,0.0
-0.9874922938746351,-0.4857559487010089,-0.4072607553663565,-0.4897088056155583,-0.11493188153210047,-0.15484149596559263,-0.030546459136718038,0.13098863048029494,1.0
-0.7514858705302265,-0.4899332561896027,-0.6736756645632108,-0.5481939150500595,-0.09942617672258665,-0.31051496833308745,-0.017532769118382807,0.2741125709458307,1.0
-0.8714412162334418,-0.5793836456660592,-0.6410188031895767,-0.5057656363731612,0.2895905029997535,-0.20238568560243675,-0.1762171685571224,0.06300144957780535,0.0
-0.9728081496211669,-0.5099248622740301,-0.47030651966039516,-0.4882982180392845,0.16357416261335753,-0.12572326679098272,-0.0956806218465523,0.14210636047335862,0.0
-0.9637655142160987,-0.529363430285564,-0.4727028318823506,-0.49048492417093137,-0.2905819688437259,-0.14927162113539194,-0.0613954606612758,0.15112310784197414,1.0
-0.9905040002817832,-0.46673482851642323,-0.40710761013845076,-0.5008450144968585,-0.14982993137503348,-0.20516410821841563,-0.008833782867374282,0.10813625797403377,1.0
-0.9514744628670566,-0.49170437961503105,-0.5296448831510863,-0.5182203325327853,0.24030235292485902,-0.22344096839672106,-0.056383583837571055,0.10240449625807094,0.0
-0.893564869775768,-0.5519765438894435,-0.6432117358020525,-0.5275620432794175,0.3618894927244104,-0.16050836908756494,-0.05451253116592443,0.05632609838784784,0.0
-0.9558864717345334,-0.5135015218887585,-0.4618270839624573,-0.5037534749465898,-0.36859403851475353,-0.15787322014547528,-0.06460524597596348,0.1062096128927401,1.0
-0.5191007914891372,-0.20725291062843798,-0.798652277891494,-0.5715929879548023,-0.15299404534500088,-0.30624655892023145,-0.24799263636087546,-0.29487170064685614,1.0
-0.8893501224464269,-0.6166595549059039,-0.57227611617413,-0.47454623167905885,-0.07231791015862737,0.004790856289967699,-0.11562343868028467,0.10941947983455133,0.0
-0.9684455939323348,-0.5339010913808128,-0.48955836475374864,-0.4764515604078066,0.06499037967080548,-0.13233088859651373,-0.10917577684815716,0.08404908849327156,1.0
-0.9387129842286914,-0.5708939920341108,-0.5606996486038904,-0.502598948176308,-0.17991224348214507,-0.20879826223955533,-0.1270679274354129,0.04072675019576992,1.0
-0.9821120491364608,-0.47941940125941307,-0.4305502133842578,-0.49683356975511517,-0.13890388934676895,-0.16612951110713065,-0.024446373815216138,0.12466532895680454,1.0
-0.9793866303066401,-0.519198159320839,-0.44586223405443737,-0.47536521673415294,0.2732242138904765,-0.09850610585003809,-0.1021339568017649,0.15484774471352186,0.0
-0.9908257952057467,-0.46614145633304593,-0.4158265350707726,-0.49263386910263995,0.24522589499854408,-0.14008437745599078,-0.04305123371234862,0.1520446119968349,0.0
-0.976445573214592,-0.4973429126828459,-0.45803870751049236,-0.4888324694758481,0.216956714730377,-0.12043296796516281,-0.07878202653940508,0.16854513191634699,0.0
-0.9747037882902592,-0.4897027159145199,-0.44993360660075443,-0.5020251838267934,-0.08705922601222227,-0.17739418903224685,-0.026508658487339548,0.12296316942734793,1.0
-0.9705395675910257,-0.5038945187295402,-0.47456240305708697,-0.48351245716655783,0.3513037825730379,-0.10687626223819806,-0.08447186038857024,0.14277932429202328,0.0
-0.9320152247603227,-0.5807871028843932,-0.5079821266199521,-0.46727481467476695,-0.4187799730946408,-0.05615553313466447,-0.05710964229108365,0.18166786457352832,1.0
-0.9804147692513252,-0.4676081343475051,-0.41962340309064533,-0.5013094908923545,-0.10723694590833682,-0.17434306200977728,-0.017019106877628656,0.1572650169975125,1.0
-0.9702121060895322,-0.5299709513170973,-0.46848912297782364,-0.46986449454234025,0.1272513955086224,-0.04677291225907358,-0.11783533466952628,0.165368513738496,0.0
-0.9565784678561934,-0.47154299386332055,-0.4456759970368683,-0.5216106370459134,-0.25658649224531893,-0.22430677200944005,-0.02848175538325886,0.1410673292123854,1.0
-0.9886435582056134,-0.46576848525257847,-0.4291536969082076,-0.5020412294838198,0.07012579692252045,-0.18454749050210986,-0.008770372674850813,0.11576454845633473,1.0
-0.7342548338078938,-0.6570266254764482,-0.5193920419499749,-0.48586446808832273,-0.22678098064997254,-0.2750527137314484,-0.12932262434825623,0.2820678950676724,1.0
-0.8838827658504729,-0.5608562412454362,-0.6466807374920573,-0.5429207561411784,-0.11289777414210253,-0.28099854286272796,-0.09886243009080539,0.03114817753796413,1.0
-0.9480388418441328,-0.5397237704903132,-0.5386909855653644,-0.5063368871176638,-0.11341264700855315,-0.24785928667305646,-0.09848870688442869,0.039985420415286105,1.0
-0.894569971945239,-0.6616527212710385,-0.543108390277549,-0.44930490268408724,-0.11221813542892972,-0.12947984283967004,-0.13356306092618805,0.05530892274751094,1.0
-0.9010687085837299,-0.6053654192671183,-0.63260681245688,-0.48561167663955634,-0.08134276736643506,-0.16230612837130556,-0.16023744230340864,0.03189439311658508,1.0
-0.947887353111982,-0.5425788311914866,-0.5375060040950311,-0.48482040805665294,0.28576823984242256,-0.09505583010010352,-0.1050856995073061,0.150911625155567,0.0
-0.9706625673530559,-0.5262357473858,-0.48443345449984154,-0.49257135332420954,-0.042481541691618,-0.1268725618091082,-0.0829101282051411,0.10891811419908719,0.0
-0.6926824999811187,-0.6832019224620727,-0.5858696770978561,-0.5280521036521465,-0.34104882069086045,-0.2726637872577243,-0.08840187901364964,-0.004621286776091804,1.0
-0.9584680696456648,-0.5394003104416546,-0.5141138787337179,-0.4791570396367917,0.21788515938738978,-0.10342428057466181,-0.11395242323312664,0.10382155980243396,0.0
-0.9420392247935436,-0.6008570014481301,-0.4825898299994465,-0.46252092680197915,-0.43285141797466087,-0.13389853884742217,-0.15771309126378932,0.08883147927507326,1.0
-0.98477166085181,-0.4924754641550618,-0.4297695811102917,-0.48925076649664784,-0.10358873292776906,-0.1459633352228872,-0.0425038018001694,0.12426359972646711,1.0
-0.9827465624727448,-0.4972719422564158,-0.45440491372532893,-0.4809862083532834,0.34432246097850416,-0.12796265444347582,-0.0764609207476672,0.14094466630258312,0.0
-0.931402791008372,-0.5659270345690988,-0.5145251384055912,-0.49374128000767176,-0.49468792820619156,-0.08141063219499152,-0.039251972984136574,0.18542062821914268,1.0
-0.8530835441111838,-0.6740370174569768,-0.5560955167161296,-0.5121762584705419,-0.5925515435631111,-0.008868327954119792,-0.05979946025905086,0.3040703731895985,1.0
-0.9623999834147531,-0.5478338783412633,-0.4430079548697613,-0.4760142117244847,-0.3446026535394838,-0.13320812846959218,-0.10663394739190638,0.15787274071250285,1.0
-0.9666283372607387,-0.5291949403922669,-0.4706006236402881,-0.475564440593064,0.17519798656068283,-0.08079094889021629,-0.11255496032910792,0.1588078474740475,0.0
-0.9732652544044158,-0.512054310811497,-0.4534113703835083,-0.49239805109576185,-0.12597508822082887,-0.14925017581141756,-0.06596180360430806,0.10083216817972578,0.0
-0.9722443156667318,-0.509621975579859,-0.4583868913148651,-0.4797834474798251,0.23205644739184456,-0.09811939039704479,-0.09980897185657221,0.16070380919759156,0.0
-0.9678735259018509,-0.5240291599877288,-0.4923578522635929,-0.48236098741738576,0.2519147123249147,-0.10772475061590633,-0.10954965159905217,0.15867497805299896,0.0
-0.9696848515881124,-0.5583226101136539,-0.4692988781930306,-0.454152917212227,0.17177724789881338,-0.03972147316516486,-0.13601492905190765,0.16079474675012478,0.0
-0.9612205376868159,-0.5128962141064674,-0.4917444335664505,-0.49500084399960903,0.2145881299101108,-0.1587689229090155,-0.08934337796190316,0.1477144310075124,0.0
-0.966204491160773,-0.5321441887305519,-0.49288724616833524,-0.479415978664612,0.28644970238906753,-0.13395047332683963,-0.12339188612965839,0.12100261017536304,0.0
-0.6672006444113405,-0.6086103904863209,-0.7107498752044603,-0.5813568078399733,-0.3058242535696409,-0.23740406411474002,-0.058788560165480744,0.25744347285992275,1.0
-0.9663078114853256,-0.4630003073994815,-0.45398702344090003,-0.5105163161963203,0.22071649370715168,-0.16839573359466786,-0.044276952708745064,0.164738589652655,0.0
-0.8724416468367396,-0.5087880371482001,-0.6739590376227791,-0.5637922122606877,0.22166003800172235,-0.2626442440485206,-0.07080568250725908,0.05824155283893488,0.0
0.24136245449381544,-0.28011004484552326,-0.6627156582885615,-0.18454758119855502,0.2510806557541881,0.9999999999999999,1.0,-0.40523328822394067,0.0
-0.88679208240619,-0.6182781403941676,-0.6353702374504256,-0.46453402813772926,0.06890184565520387,-0.019038744127725188,-0.09059571877200406,0.05538813092939228,0.0
-0.9639519541043635,-0.5404127335872921,-0.46677917282235676,-0.48135155510701955,-0.21360705007070105,-0.17238193060339513,-0.1046180182584876,0.10763682528335537,1.0
-0.9630798182665526,-0.5112837713412963,-0.48669493253975027,-0.5037693070976774,-0.040050254181369066,-0.17880975205393482,-0.065204766624903,0.13465553581217948,1.0
-0.6268340174928212,-0.8650837158588263,-0.1275136845354627,-0.2392335578311498,-0.010688515608171412,-0.788287212428466,0.0738347542385234,0.4796541218759959,1.0
-0.9423051409946582,-0.5899047632323666,-0.5432336246030337,-0.4672922787200031,0.19224773073028806,-0.07588442442112314,-0.15809262366308108,0.11104787739851095,0.0
-0.7846199423169703,-0.5205163925890414,-0.7333992765821955,-0.5970468288270426,0.15770158020612035,-0.07809331073847679,0.06238869301151784,0.022554876617578296,1.0
-0.8420234544609942,-0.7323365139240111,-0.5495276324984166,-0.45464147343092187,0.01558486143503409,0.03191761848626942,-0.06701254625167205,0.09837982049554356,0.0
-0.9329759223364232,-0.6143684932100513,-0.5527509066275671,-0.43883854311156545,0.015752342981038746,0.02260331497389184,-0.08073933199560383,0.1354964436538701,0.0
-0.9596004612543158,-0.5453974541761997,-0.4610067081122179,-0.475966636712681,-0.2224959364970665,-0.1521419257915504,-0.10107995076534264,0.1299677525603941,1.0
-0.9707517970496959,-0.5280960480412302,-0.4573384458652064,-0.4836559633473507,-0.2931858573063683,-0.1381511838180599,-0.077962813021115,0.10989804924117909,1.0
-0.9377721209805548,-0.550753286894552,-0.4851861314707614,-0.5024526086297832,-0.46118433142276355,-0.15077085926423245,-0.1038793550344293,0.08366105551327468,1.0
-0.9675223676397432,-0.503825905894395,-0.4675022928938617,-0.5004591100972626,-0.19143925035161818,-0.18243011283090155,-0.03366217093167204,0.12640996264859408,1.0
-0.9464228731888784,-0.5489579799731067,-0.5355504226937172,-0.4932642220525639,0.31694141149026156,-0.127848276397958,-0.13054704587670626,0.13596387108247568,0.0
-0.9642385121047417,-0.4969275326697183,-0.4964252919000442,-0.49710131184365397,0.33332955795874025,-0.14954431178098648,-0.07509437444785053,0.1134334317805541,0.0
-0.8936562438063832,-0.6223245395517328,-0.5292992098148224,-0.4934203554301056,-0.5167353780356296,-0.05867086281714691,-0.03598664057231656,0.2935504570444045,1.0
-0.9761952083196836,-0.4989029345204474,-0.4390028530393672,-0.497017787394339,-0.16896913276372333,-0.20554930213514055,-0.048815643287342905,0.1034024838038577,1.0
-0.6107910230811509,-0.3880277449705789,-0.7833647343174368,-0.618145446665556,0.44408468058614187,-0.13703988448036988,0.06732843151793219,0.5190543020136422,0.0
-0.9404735946325525,-0.5979887454852418,-0.4937613289738796,-0.46517911987200106,-0.5653106165255524,-0.10329696141096949,-0.1432639028039416,0.06388748749961999,1.0
-0.9722548594398625,-0.5432387900847393,-0.46884777383984566,-0.468325393568038,0.1531505840390997,-0.056592297592965315,-0.12834293030889632,0.1597092889380852,0.0
-0.7376413956543474,-0.821037112183445,-0.128670439417164,-0.38897936943184647,0.6746130880794535,-0.4850128904413718,-0.11205448653735339,0.21140356856756348,0.0
-0.9818984801243894,-0.5059874117669425,-0.4232372137043845,-0.4839322338392628,-0.14736358301683666,-0.14370148798320284,-0.044452599948275474,0.15074212717906924,1.0
-0.9642747298118806,-0.5075984688653117,-0.5022263395991505,-0.5081106859465822,-0.10505022950866923,-0.23705709763528235,-0.054176339745565585,0.04407246810444382,1.0
-0.9372187644291108,-0.5374935429506782,-0.5184017890957326,-0.5087208634337231,-0.07431984179392614,-0.18049898551662608,-0.10101644024944587,0.11589398141933901,0.0
-0.9692630134663336,-0.5134184390487654,-0.45622504535199804,-0.49714730921906003,-0.24410699838447467,-0.1852341787017666,-0.0475266606619109,0.07630947728481899,1.0
-0.9364013960393994,-0.5249482114164153,-0.5148057544956104,-0.5008406023396891,0.28536930360976936,-0.16023447367723323,-0.0956296650073639,0.18247785822751703,0.0
-0.9841357445366947,-0.5097549789732816,-0.4290614606737817,-0.4673079034378512,0.1390263704572557,-0.062289603302465954,-0.0890409723565057,0.17734322509543038,0.0
-0.9743670951166833,-0.5270665293981087,-0.44618275687149245,-0.47138710064271067,-0.0659097712145289,-0.10968848731190647,-0.06535333790137778,0.15614585853264681,1.0
-0.9585345924385434,-0.5474991021811021,-0.5139292086660808,-0.47882836598738715,0.24018512472038323,-0.09855017492056423,-0.1251362483580489,0.13773192996644293,0.0
-0.9190758472433538,-0.5395746003855533,-0.5694419867461477,-0.5130798138722459,-0.11883678925808824,-0.25903986435761606,-0.08358725301790532,0.0654091596349783,1.0
-0.9851496083271226,-0.47343219208488607,-0.4255863895120963,-0.49953459027052566,-0.04782140653649121,-0.1576491056652229,-0.02188532499546042,0.14460187987116754,1.0
-0.9127780499287724,-0.6188213118199665,-0.5226683931104738,-0.4552206732951575,-0.01450109755777644,-0.05542136809361191,-0.1673854340868497,0.20260450290099719,0.0
-0.9253761808377131,-0.5921032287394683,-0.5615992698468584,-0.4566196893112014,0.18412518497766595,-0.05381868963097902,-0.13895992462470325,0.1292568778549273,0.0
-0.7065416579102022,-0.6662310063115074,-0.3163264065773465,-0.6546976246524316,-0.5793077654769179,-0.03560118889276094,-0.19053341670588325,0.4643154609985315,1.0
-0.9295861170462939,-0.5342214086138943,-0.5205632514002275,-0.5083925582072665,0.07117330636114115,-0.16337732705483116,-0.1039241751140771,0.24199002837850603,0.0
-0.9869014160344483,-0.4789746020174843,-0.42577184904885923,-0.5006360234186071,-0.09076861891258854,-0.21338927449594802,-0.021949241855304585,0.08097041956486511,1.0
-0.9850340494645417,-0.4639484661983619,-0.44109085442084806,-0.5039497088828151,0.33112975970929737,-0.17809179525424831,-0.037130374443751335,0.13163760185577628,0.0
-0.8951072174771448,-0.6313064549119337,-0.5459607609167865,-0.4914356906942691,-0.46999658167238395,-0.13698353058308302,-0.12736782292071103,0.18714211517436494,1.0
-0.9777599209065222,-0.49165650388821164,-0.4524953894732245,-0.5038705105833499,-0.13620542461686835,-0.23010440693185197,-0.036006311669368726,0.0443365711363157,1.0
-0.9100198481830118,-0.6360456745969124,-0.5486888701258748,-0.43492660026458185,-0.01454862212512495,0.06295332560755224,-0.06140827021145431,0.22062605107712602,0.0
-0.9816795495470931,-0.5144754696675369,-0.43487582974949074,-0.4774469445638224,0.008632236077879114,-0.10594949259439909,-0.08163297006771428,0.14299257857606937,0.0
-0.961848820009252,-0.5586772130945155,-0.4595387674221746,-0.4703832150494234,-0.24834452911382737,-0.13734182471047413,-0.10970037824110265,0.14759313955996317,1.0
-0.8970969952863717,-0.6394843752581045,-0.5225985554129389,-0.4712634049584861,-0.6645617899967468,-0.01347316483871519,-0.054542804221431304,0.17091145072445516,1.0
-0.8117837920463336,-0.5151092644221582,-0.7252561822038486,-0.5986351737432563,-0.13381571678206933,-0.314197499944851,-0.11077761528658851,-0.0378685254711742,1.0
-0.8132625851806703,-0.49621075466636033,-0.689821600039251,-0.5488759095714411,0.3223475071553161,-0.3144090923080969,-0.05729450729560431,0.22289232763931427,0.0
-0.8853138754297689,-0.646419112370423,-0.5278926878785736,-0.48515990831158395,-0.4901030043381,-0.014368700768840115,-0.091180721976411,0.2274280774612763,1.0
-0.8902840956882341,-0.37575112033957714,-0.5203032093643332,-0.5614105113892707,0.5118584929074307,-0.22873726011922355,-0.06222616242823473,0.20980456009216678,0.0
-0.9746933902257552,-0.48827792787440544,-0.46398609076329345,-0.49819413179448463,0.11672857321082289,-0.13272959266582063,-0.04515047459143089,0.15523972513398598,0.0
-0.6761253918115502,-0.8448269686524303,0.027815941457997817,-0.48808224116752397,0.6872078045398398,-0.3954597844220237,-0.16956187193948263,-0.15380989527109418,0.0
-0.8657190278406097,-0.5912740638712142,-0.6406882856819658,-0.49693708116984525,0.29583890668942076,-0.17835445303510655,-0.1801907309422119,0.07208331877634852,0.0
-0.9830444434138922,-0.49079122499554223,-0.4255075398044084,-0.48347452141787906,-0.07890683199383552,-0.1518560028432398,-0.034624082569013545,0.13483451858103748,1.0
-0.9293637512679539,-0.5688875971599836,-0.5108490684808564,-0.49901497237518294,-0.5258047133905117,-0.16067408703095176,-0.08623100553211897,0.04501178570278648,1.0
-0.6222403613596403,-0.5277332541567601,-0.818141286444757,-0.5727425345116015,-0.2682083680899072,-0.17852659739167662,-0.07155524734929115,0.15331440182225028,1.0
-0.8481671680263607,-0.5266613134684023,-0.6030683087215903,-0.5511576468807616,-0.33903127845589953,-0.21494203155219951,-0.07967408983767212,0.15696542855408704,1.0
-0.8189981058064046,-0.6981470483636976,-0.5221487177853935,-0.45979325036421104,-0.3256195557131258,-0.35663055058682,-0.07283476918335888,0.13268330548688018,1.0
-0.9624717260326227,-0.5168249141729777,-0.48118404216228405,-0.5000495446706763,-0.018746323134939766,-0.18236104167019201,-0.08528742405959858,0.08654918095028294,1.0
-0.9343187980726801,-0.6042847170486034,-0.5105577192728484,-0.47033475760150817,-0.56344795745149,-0.10731567131037753,-0.1446473393431102,0.06595335848399898,1.0
-0.957525383471336,-0.5882829494519558,-0.5033695331899142,-0.46024375295580117,0.008359188546368891,-0.0673156781862281,-0.1570570942907374,0.12421731874229121,0.0
-0.9609045928366019,-0.542990259653473,-0.45427503599082086,-0.48102249127971863,-0.3197776643394874,-0.05818602640118134,-0.04068289745138183,0.23623553864500804,1.0
-0.9575501293642003,-0.546462916445864,-0.5185355722764327,-0.47945654734156473,0.3266159903866324,-0.09109796872493385,-0.1311974117725917,0.13292245287477994,0.0
-0.9368741688230124,-0.48076908926165984,-0.5242838937355594,-0.524965059173875,0.2507611553280654,-0.2162546644999384,-0.06442739147397096,0.1602772281363031,0.0
-0.9595746653240536,-0.5659530784706448,-0.4868043197801932,-0.47262190072193605,-0.3203441869217171,-0.1571357493649057,-0.12714169168400946,0.05576967000180125,1.0
-0.7792240506978242,-0.7413564023665756,-0.49812117039428405,-0.39172036265712806,-0.24170179946256773,-0.3181793167882733,-0.08992702466240626,0.09906925552339264,1.0
-0.9599067852648888,-0.5341958166448499,-0.4800293536060406,-0.4927235272751617,-0.3639862417489924,-0.17349471625974755,-0.07970752830160804,0.0625683410441017,1.0
-0.9210448622485429,-0.61839442680523,-0.5023991463132728,-0.46858225154330513,-0.10506472655440983,-0.023136655405348233,-0.16299139407227803,0.2273221553703476,0.0
-0.9111898089173305,-0.6136243051545284,-0.6065547442682484,-0.4797967342914623,0.21299155042142903,-0.1535049272807471,-0.16929617180454679,0.08621482951567905,0.0
-0.9810154344491667,-0.4721693737284122,-0.4476208485445847,-0.50225528568862,0.15847442164965608,-0.1947806195435483,-0.03797854284640367,0.1234222478051138,0.0
-0.9542678871244694,-0.5421750539769505,-0.49931026127937206,-0.4767565117646347,0.03493065678492886,-0.12297111447952724,-0.11987984196097509,0.07617728144810282,1.0
-0.8621531276238682,-0.6570997640246186,-0.5687506450069956,-0.4470735822791979,-0.13113635529211665,-0.13724375064820238,-0.06111719479678125,0.016921289516446975,1.0
-0.6129288645061459,-0.5997321709348509,-0.3519991160671297,-0.6138698923391329,-0.3033858971991367,-0.17627730121110838,-0.24468038206902984,0.332467832320372,1.0
-0.9730185746450254,-0.531661652797467,-0.46422650232026064,-0.4674553338390041,0.1214737139679932,-0.0818667012372046,-0.11150007083690389,0.13350586189282326,0.0
-0.745923914768298,-0.6065696645382779,-0.6867769646850679,-0.5313514464186371,-0.19815966872126017,-0.304580857361308,-0.11732999650355434,0.17300274056236897,1.0
-0.9440173260505783,-0.531238211138992,-0.5176549137122137,-0.5029779549892754,-0.005723907943602818,-0.232880528270542,-0.08382752244553805,0.10344422443073349,1.0
-0.9271121783186941,-0.5418463371195615,-0.546561061337128,-0.5101302637559061,-0.0671105633224314,-0.1994886638515138,-0.09974160464339278,0.10730583465453125,0.0
-0.9602684060835065,-0.49877919469805077,-0.4999758097879397,-0.5040990631616011,-0.06351076607555758,-0.22244435237632598,-0.02695450963618487,0.0828068797554061,1.0
-0.7861758517429319,-0.6968097896001721,-0.5028286893564573,-0.44187009384074105,-0.09105669047306739,-0.02381376006784852,-0.1020129260021508,0.3326370454498426,0.0
-0.9407054673713432,-0.6045970137287671,-0.4783432589774573,-0.47198735294545063,-0.5231134914204627,-0.1172330827154992,-0.15129900998113688,0.04571359168654118,1.0
-0.9727676128515923,-0.5099475229223147,-0.42155769952083855,-0.48666027069754464,-0.20824913027665123,-0.14442215976961126,-0.06810549990113268,0.1812462728755646,1.0
-0.8866100503535197,-0.6188564699102538,-0.48298640660763614,-0.471906004148426,0.09721318472185955,-0.09069985877932335,-0.18269964611992287,0.25838774515347385,0.0
-0.7765428321771818,-0.7007069354579732,-0.683009172039556,-0.4333914197767924,0.29769860801802034,0.05794963969455541,-0.022826460892261063,0.02853018218027896,0.0
-0.9915862528426591,-0.480369509803332,-0.3979330676049772,-0.478029369454317,0.20874823809995857,-0.07347733970329637,-0.05615471426616936,0.193848480608441,0.0
-0.984688240455752,-0.483497991136823,-0.43154164219402114,-0.49161991045012376,0.16788827700238237,-0.13316114839501933,-0.06020111161195786,0.15063124393523272,0.0
-0.9692557713665747,-0.5184258461885647,-0.4482404143711532,-0.48841006136399157,-0.22865108739186665,-0.1656660449385947,-0.05735621726147888,0.12161043087124668,1.0
-0.570831093521545,-0.5760686516057233,-0.6822512447569952,-0.5321274733674157,-0.047104436547746056,-0.163604548649323,-0.00931088893285259,0.06377541792638272,1.0
-0.969728780956278,-0.5377411832613781,-0.4874620894348929,-0.4725172590825144,0.18564043542869152,-0.08384585063359165,-0.11742854212808651,0.14213839565860092,0.0
-0.9672866655763744,-0.5227531611228676,-0.47691675458280675,-0.48196435021748163,0.3127481716607442,-0.09924973172592814,-0.10372566268497033,0.1941576961797904,0.0
-0.9026487876802468,-0.594292136302417,-0.5442316347763032,-0.4996605101882604,-0.4278434024616335,-0.10277776964115255,-0.03828262193584079,0.24170182370379928,1.0
-0.7894430407950833,-0.535492300933529,-0.7064002703587873,-0.5272836737372947,-0.07858858218343533,-0.30709101150933193,-0.08065453793449769,0.0942991232343606,1.0
-0.9486030660299003,-0.5763350736809039,-0.5065927359469178,-0.471474892800771,-0.40834331091604237,-0.12769092673878935,-0.11594842705044592,0.08547910413269592,1.0
-0.9144216368949983,-0.6188693875263969,-0.5401506555256745,-0.4599629951731099,0.09559241411135311,-0.1157542969490683,-0.1760203079031034,0.16180281251129736,0.0
-0.8772958751806598,-0.5641727054826591,-0.6322738535765283,-0.5076338010423913,0.22601004695079474,-0.16337371575363385,-0.1286658806538073,0.11396627289872988,0.0
-0.9946357540807825,-0.46042972270711735,-0.4035399723457982,-0.4855906450433219,0.3049108885512451,-0.1034322532598444,-0.04715141261384358,0.17807833309879337,0.0
-0.5272176050663631,-0.60893186929719,-0.3712462895361265,-0.5523658101897728,0.09199738890880614,-0.3746384249017103,-0.1154669084180263,-0.0353146031428101,1.0
-0.9856461836421108,-0.4804602936240119,-0.40961671013005674,-0.49526345411738054,-0.10235929408193015,-0.17509025068030992,-0.0284462590597536,0.1360697768674619,1.0
-0.9157062033556538,-0.5579826351468659,-0.5738152119205275,-0.5080062156819596,-0.14363612970236073,-0.21627298371460088,-0.10911404550969454,0.0734946499790533,1.0
-0.6990140891686983,-0.7395659732837017,-0.13753907366047485,-0.5124777755171621,0.07793900777082757,-0.2559247117703882,-0.2135283996768674,0.3886966953370553,0.0
-0.9732644246050871,-0.5449336890280964,-0.45545614142182433,-0.4792867828037087,-0.25451746914055406,-0.14135269359897784,-0.08781650165969836,0.11603070502437597,1.0
-0.9718769782767519,-0.514075805034521,-0.4636674032976558,-0.4823799241194751,0.07516565931962867,-0.09770316089758514,-0.08619268623829832,0.1785519481180184,0.0
-0.6550144666544032,-0.7171173975536959,-0.43512944264185355,-0.5061719147716717,0.3015232361929287,-0.3371387302164739,-0.05680382149580661,0.36273643288297364,0.0
-0.9470493979475845,-0.5951340546058126,-0.5027825105665238,-0.4678450279427347,-0.5439421230978666,-0.1085311194258153,-0.14294646013541648,0.04983859002242558,1.0
-0.6670775779478925,-0.3666627811432843,-0.816716929517336,-0.6305059678430852,0.4792574176795752,-0.35507070873753216,-0.10628542167368174,0.057139532732725526,0.0
-0.905590791134633,-0.6439014148951225,-0.5723406288763428,-0.43676865892645955,-0.0664415281437198,0.05618134481205023,-0.07408333058369646,0.15089166575652932,0.0
-0.9490020583843891,-0.5944994749926643,-0.4897504214869418,-0.46226072222303405,-0.23172452114140435,-0.03916075139224723,-0.14382046390711117,0.20471731353567746,0.0
-0.9555749192005203,-0.5348569520245298,-0.48347610648107064,-0.4951454545664263,-0.34104675930211187,-0.14708331768278068,-0.09068985092492703,0.05054587567258716,1.0
-0.9594291874854216,-0.49693522723044625,-0.5078719174242126,-0.5174764192644125,0.12411994957193179,-0.22440597109659388,-0.053758601485676745,0.1010989831649169,0.0
-0.9813209416325861,-0.48895422737588484,-0.42874824730967354,-0.49574989049853246,-0.17790196402205913,-0.19505526880561214,-0.03749386419270981,0.08831144735789656,1.0
-0.9283084348671844,-0.5329680281595927,-0.5237293732960862,-0.5097754293091227,-0.35796615957033373,-0.15976729984101162,-0.05666602844776128,0.10320116811557993,1.0
-0.972101124767945,-0.5039548605130856,-0.45760262316259737,-0.5008359482207735,-0.20441519850866352,-0.16798098184250065,-0.02791622380726362,0.14204152754587704,1.0
-0.8238452769302571,-0.6726517942190661,-0.5195041821697898,-0.4882851534156799,0.1167137752266603,-0.15321905740564357,-0.17047745546593368,0.23040724095359988,0.0
-0.8845942019513234,-0.6077807307076197,-0.7004657651716655,-0.49771972698217176,0.05697095873227179,-0.18866796658467214,-0.15925785444272722,-0.035751898836889784,1.0
-0.8867817370689272,-0.5975002752116094,-0.6248770055058464,-0.5020458263465214,0.06070240848054141,-0.1715432372684393,-0.1383112237925252,0.1343518950561898,0.0
-0.9154742369410581,-0.5762000552381888,-0.5712914678674678,-0.48947906185327816,0.2979970448596819,-0.1477096123818434,-0.16212728975352125,0.14083096395999933,0.0
-0.9743621030672265,-0.5056127051541731,-0.4474541672968888,-0.47750726323271553,0.06441673079557317,-0.07930342161726432,-0.08456475008501038,0.14021488875451973,0.0
-0.9352874735318897,-0.5650477828801511,-0.5406047172415075,-0.4885995362091633,0.047326281036360496,-0.13849516068365408,-0.1348455641202992,0.163032834263915,0.0
-0.6960683091026917,-0.4343036430514519,-0.7218106583378778,-0.5050703854599157,0.2003302294370326,-0.32916019585698264,-0.10872349634082587,0.4014198011991506,0.0
-0.9698840517042532,-0.4645238855816243,-0.4742937355303834,-0.5108252455234643,0.3443586882217191,-0.19047941080643782,-0.03642014810141775,0.1553798112823863,0.0
-0.9520523401309166,-0.6036818772856531,-0.46525994164346557,-0.45702888012550635,-0.536173499934561,-0.09572686383052521,-0.14151168197266767,0.09277304183165655,1.0
-0.951771713966528,-0.5883004296050472,-0.4665119709191342,-0.4562228126755929,-0.3190433675476017,-0.08764789929869647,-0.1646955862589345,0.097076916393327,1.0
-0.9463361702948976,-0.5563440233500907,-0.5026957318256712,-0.48569189983841565,-0.41350446755559295,-0.16867336114094864,-0.11003983229716555,0.03948412186127101,1.0
-0.9021570219750029,-0.6258565779799687,-0.6105959182255449,-0.49075476160155884,-0.004226472355524938,-0.14533447760615595,-0.17769437048620584,0.08874668171721894,0.0
-0.67514852739046,-0.780076190051362,-0.40206348120526175,-0.40438340554522423,-0.15226923694475408,-0.390334633094105,0.03668748380425142,0.10953327250471756,1.0
-0.9729750161198897,-0.5376744714347108,-0.4633935153544984,-0.4716794650319472,-0.19627094870087478,-0.08776802980012198,-0.05518399422959937,0.16915330808032536,1.0
-0.9529778869420865,-0.5453551916848501,-0.526503848586396,-0.48709946337661386,0.0036883967191925354,-0.16214317529835734,-0.11228958916734075,0.0877840145971078,0.0
-0.7375909880319342,-0.5764761697663809,-0.7484192727448649,-0.5684968531871698,0.17070926113210277,-0.019682474594299948,-0.12208811536159964,0.03731824125345441,0.0
-0.9579698941350956,-0.5647018480623045,-0.4848451359830368,-0.4770331533584976,-0.1553420817304882,-0.09157291684486811,-0.12250016554401341,0.1618414036377201,0.0
-0.985549550178704,-0.47360714522031916,-0.43288714742096124,-0.5071771292459167,-0.14027186114536544,-0.23527587316779586,-0.019912232016908935,0.05391771742935582,1.0
-0.9263413596692117,-0.6045498950752721,-0.5598600251136379,-0.4709621640056119,0.2007692639261125,-0.039767002287175904,-0.11397079303095986,0.17766685277332028,0.0
-0.9414671479596224,-0.57681310147041,-0.5386568524471319,-0.4769181809320258,0.08038507327938187,-0.060406823328369136,-0.13643939361972268,0.16476951521697672,0.0
-0.9651636954438202,-0.5267936763997295,-0.46255515206459374,-0.49095537775060943,-0.3059932828347744,-0.18069231383371162,-0.06926598137482518,0.08988736743298656,1.0
-0.9496009839306372,-0.5641615989702428,-0.5210129919858049,-0.4714463438021227,0.10928559752209255,-0.09663254675250987,-0.142981259015987,0.12512884203744004,0.0
-0.9545818810998773,-0.5469694328644885,-0.49379514868347635,-0.47897863781483646,0.15871198197425057,-0.07337950996088577,-0.11886973437565357,0.19366358736501715,0.0
-0.9294854828841833,-0.6357449698296166,-0.5260334514582934,-0.4319527178184942,0.06423248228904965,0.02897607566867444,-0.15482512504259177,0.17394309476920955,0.0
-0.9559937662107929,-0.5328769707499502,-0.5190004825831277,-0.48660579443687185,0.2989013144233977,-0.14015823370804167,-0.11193400230588747,0.11301342685583439,0.0
-0.9694130253649569,-0.49874645657404326,-0.43235510836850416,-0.49869369917368106,-0.1862472379314655,-0.16520399020622417,-0.04639908432131843,0.16809402248691568,1.0
-0.7836646983183132,-0.7313449523640067,-0.6056189329324929,-0.4336508741602803,0.2786882429773568,-0.176732503555384,-0.10748761199908831,0.17732272532103682,0.0
-0.7384025427978033,-0.6267346430902894,-0.6145893175942694,-0.5376581054509624,-0.2734582704937422,-0.2333398912075304,-0.09710254378214368,0.07190938934041306,1.0
-0.5771824364381393,-0.3255249320756411,-0.8175045238902156,-0.605988033634475,-0.2981948831197074,-0.27548179679407797,-0.19826737296887126,-0.2174290612874415,1.0
-0.949614595089688,-0.5229513489049608,-0.5496201242300427,-0.4972643970272595,0.19443958677724585,-0.15475337452956298,-0.09030589085925891,0.057438846670484336,0.0
-0.9639855247159349,-0.5176716800202624,-0.49106266214654865,-0.4850417458352171,0.27511207662633763,-0.11970122599702475,-0.10545063334793173,0.13208551502734595,0.0
-0.9043813357172145,-0.5682919326310658,-0.5981469113325951,-0.5060086062986745,0.17943420644027877,-0.20153666121050556,-0.12777737989591348,0.15520091808566294,0.0
-0.9344467333206397,-0.5466821969394255,-0.5679258928403838,-0.49077343937744455,0.39394208458403895,-0.14130080600164643,-0.12275853573645479,0.12246619523501741,0.0
-0.9817970229721159,-0.4634322839398598,-0.42282399604022186,-0.5057046988403194,-0.02129694601891681,-0.20150786134031354,-0.011622580864754026,0.13547468565776974,1.0
-0.950816604428284,-0.5344898203889118,-0.5038392535391963,-0.4856938961847927,0.12086159219563955,-0.12869420759098846,-0.11353566391157088,0.14155711119456288,0.0
-0.9275460505004066,-0.5441488798563939,-0.5857126361112436,-0.5004676102359071,0.2609653946283364,-0.15787180155910507,-0.09361196012185936,0.08461172287298821,0.0
-0.9287541062720525,-0.5028338839369951,-0.543697985559184,-0.5204028195692275,0.1757695851616681,-0.2209167219023528,-0.05835276488381578,0.1915433338165896,0.0
-0.9492968119762621,-0.5532245758788665,-0.4980858186034557,-0.49611607896498605,-0.37335377870566855,-0.16727434180845588,-0.10203541228748775,0.08286165912002477,1.0
-0.9631425141000187,-0.5089467198220206,-0.4820061686356964,-0.49066085846418794,0.26119948749730776,-0.11933778178838515,-0.08034435954508991,0.1297634449179027,0.0
-0.9545977862993917,-0.5782309380537047,-0.5312896855656204,-0.47013475675813327,0.024910517375284262,-0.09474243749628503,-0.14867222966764418,0.08327432339456749,0.0
-0.9549641656082543,-0.5832400852442287,-0.47133074768272964,-0.4647232827733945,-0.511065158480661,-0.09395373614023604,-0.12622513732880702,0.08203637793343105,1.0
-0.9225443474599221,-0.5912819141382075,-0.5740681336870899,-0.47415873300157685,0.36755327426128254,-0.08815901013441693,-0.16306998059289074,0.13535602446591233,0.0
-0.9590541670898235,-0.5557385586751827,-0.44237591812731,-0.4751913637317917,-0.3154290764624478,-0.14038684728181466,-0.11295443682157996,0.17838311018323738,1.0
-0.9561047467059205,-0.5811182318500072,-0.4607517628024084,-0.4541614289273319,-0.02715409548048326,-0.01982979312549507,-0.13441745654245674,0.24139805194385058,0.0
-0.9709185724167784,-0.5030064095642612,-0.47533688425291737,-0.4850945654787776,0.2759027738068197,-0.11008136187314102,-0.08532506486218713,0.12473634479477969,0.0
-0.9901621828906407,-0.4737907035966284,-0.40231754799055924,-0.4963639167545615,-0.15010422467987222,-0.1633224064355713,-0.009691008688368155,0.13985161814900263,1.0
-0.9724348848231958,-0.544361447159542,-0.4818260113079228,-0.46423855018925125,0.1690899715211048,-0.05440254486890239,-0.12679758299836777,0.14923855143384443,0.0
-0.8701429839666796,-0.4785192030571279,-0.6119884170368564,-0.552194514237999,0.3890335108144254,-0.29057895340219986,-0.05116173107599331,0.2285537324963135,0.0
-0.9150226773258519,-0.595701921083275,-0.5445915099343424,-0.486566761491942,-0.21912101413759713,-0.17016263660172534,-0.14143017624624793,0.12257723371182389,0.0
-0.9550297307664126,-0.586199440754708,-0.4965717583082072,-0.44344998378184874,-0.07187337273626529,-0.05953982772464318,-0.12924146701432543,0.12351486641167689,1.0
-0.972006792402075,-0.5140119248164821,-0.4729458174688911,-0.5006464878210094,-0.2163484459825384,-0.20367891826667509,-0.06473486837339842,0.03789668509895165,1.0
-0.8814283754946122,-0.5974547257262054,-0.6504292893309609,-0.528063594865324,-0.3024106614015025,-0.22831863150894544,-0.1293022237033214,-0.021704005489705885,1.0
-0.7521234635491171,-0.7233935100593828,-0.3697776600670505,-0.38479429686619404,-0.13313034143237729,-0.49246454521020194,-0.09066325573392071,0.38356649909015456,1.0
-0.9443701241629882,-0.5441838143218253,-0.5678588057988978,-0.4961181768584584,0.374197209817874,-0.14812071341012917,-0.1202623485117166,0.08678650615893191,0.0
-0.993255338836588,-0.4579188578483285,-0.38519431672158644,-0.4986200398881578,-0.1344251561960617,-0.1655055603804089,-0.0071912980152046,0.14399027909782278,1.0
-0.8945433515444847,-0.5384929033184211,-0.5825806461823071,-0.5273457685127896,-0.1318460472341515,-0.2815232899089447,-0.08845539815687713,0.10821677523727305,1.0
-0.7781112824117895,-0.5999227038123894,-0.7094794756966148,-0.550552723164815,-0.19328403914236852,-0.2823813912806736,-0.09192351070240984,-0.006810569725704707,1.0
-0.8366111756292149,-0.6252729877849539,-0.5388761499127634,-0.48590888273586835,-0.24442359543634198,-0.2785861979097258,-0.11720851293981466,0.1079840365626397,1.0
-0.9404329416887848,-0.5308434258634872,-0.5167607011761993,-0.49668085897376035,0.3116232745479075,-0.11965340576903989,-0.11604260644115372,0.2356342689396622,0.0
-0.9208007805261671,-0.5393763821356786,-0.5020439135876934,-0.521320491334133,-0.46243601996511174,-0.1765621206038724,-0.09848809226011707,0.11669364492007733,1.0
-0.9566492132933768,-0.535475280874494,-0.4547365911121523,-0.48450984201399994,-0.11605633901539807,-0.18660213791314864,-0.08658215001095797,0.13456768402270614,1.0
-0.9607150540524122,-0.5644921322724724,-0.5074687454911652,-0.46602737945964035,0.14727480468171344,-0.059249227806816906,-0.1451580189434788,0.1404670848575367,0.0
-0.9447514656749391,-0.5237246455179886,-0.47422011635290684,-0.5001813645107384,-0.3738652482819723,-0.15428562601046739,-0.09032706849976103,0.09393106344861596,1.0
-0.9134037693632543,-0.5972678420051619,-0.613149779367543,-0.4866563155484315,0.3543807694226512,-0.1336041895730312,-0.16829006610091451,0.1154714223731786,0.0
-0.9507221750274932,-0.5954093238758079,-0.49059130776620735,-0.46459912917455637,-0.39565363720466884,-0.13570598510790283,-0.15190892742614232,0.08080689734646396,1.0
-0.9620902409819542,-0.49128346969613085,-0.4846610375435018,-0.508959171382599,0.07405743181734172,-0.1470035812736661,-0.05527229453797654,0.12497692567282273,0.0
-0.9489154383773661,-0.5781287108276555,-0.5088894034735528,-0.4499554795431664,0.08570912818358999,-0.022106856816905773,-0.10570439916811891,0.17138971379775006,0.0
-0.896062504471256,-0.5597358732509919,-0.5795672833928878,-0.512854855261314,-0.2586019056906347,-0.22484554640082388,-0.12750224765002022,0.11120507714958061,1.0
-0.9845241037946276,-0.48877931576966194,-0.4399586359422621,-0.4841121566071121,0.292018911937053,-0.1299424166309349,-0.06987898747421706,0.143313503353214,0.0
-0.9377563173421612,-0.5859001932134519,-0.5091103776683396,-0.45523738140930964,0.31290791702282345,-0.08059294023626488,-0.15014136123409855,0.21672945960075402,0.0
-0.989117602071997,-0.47841419088191145,-0.40432418067845927,-0.4916452625411423,-0.1510118436326547,-0.1557593330584475,-0.02066411895535139,0.13372447967931425,1.0
-0.9748250395332655,-0.5139762618212744,-0.47284265856726665,-0.4804723465310163,0.11618138778659659,-0.09205596725939831,-0.08047081544489192,0.1250035786432398,0.0
-0.8297135550191848,-0.6160033953514631,-0.7054081828722729,-0.5005004791707691,0.28067228043000503,-0.14915882162488223,-0.1273647865987291,0.15016749588432293,0.0
-0.8736582978997616,-0.6566753131673527,-0.5735417013723707,-0.47811336928131926,-0.5127049567201007,-0.10203416994004669,-0.1278554440912584,0.13097854181813529,1.0
-0.9764680791814979,-0.5230842935955219,-0.4501137480552835,-0.4755929720941712,0.015344176802458101,-0.08826066953042205,-0.10154576980566513,0.15760796665242927,0.0
-0.9651906411737601,-0.543299857174088,-0.4339916303508032,-0.47524555497629445,-0.5116453302278927,-0.11251349764303192,-0.09398178004939577,0.08632220150500702,1.0
-0.935332274309906,-0.5429685646471061,-0.5462342262107155,-0.5022736658945645,-0.1260503402013742,-0.24249419565627306,-0.08446047754067282,0.060746311011741536,1.0
-0.9586529311102245,-0.49032830082856266,-0.49273705586239935,-0.5086452267529142,-0.08266938455247261,-0.20748157702653422,-0.022345587323414406,0.09965478597082371,1.0
-0.8738642727090821,-0.5840659239563261,-0.5984082244098509,-0.5164717086366667,-0.22320437084551997,-0.2938579475600451,-0.138334897688217,0.12843432652688608,1.0
-0.830654706033841,-0.6696435647557212,-0.6192249200207183,-0.5011810649103096,-0.3900372790217648,-0.15475929505162134,-0.0995512294683993,0.1911593431565125,1.0
-0.9287888950375066,-0.6025635197285639,-0.5753361786126187,-0.47310754228889523,0.20751996754221308,-0.08882708125327068,-0.18128950656554227,0.11088695794231854,0.0
-0.9358177443619076,-0.5610879205303555,-0.5061465630223204,-0.4923324847651447,-0.4250815968534068,-0.15515995596708318,-0.11610198553278916,0.045987506774652076,1.0
-0.8830632590726493,-0.5260993657019041,-0.6231098600747389,-0.5362731501640451,-0.205396588285258,-0.26937553811801784,-0.06537441474536854,0.06777013106783457,1.0
-0.9566422609067287,-0.5562160621788833,-0.50685126980325,-0.47084268331817825,0.2687579156419298,-0.09507129090739322,-0.136911204185941,0.14327559545978616,0.0
-0.8625527743878193,-0.6168948124288245,-0.5814349517720347,-0.5012890366368014,0.08743028814107409,-0.19075338134051997,-0.1583345166938958,0.13541493784474098,0.0
-0.9438513563950087,-0.5908463048943684,-0.4800380763146701,-0.4737150624682244,-0.5163409314298104,-0.12367818729586369,-0.1348524257829682,0.06758933386396647,1.0
-0.9438559793432194,-0.6026817036912091,-0.47745674730279974,-0.47014231646691457,-0.5112787118713745,-0.11087026288322138,-0.1565736580590127,0.07372661022872626,1.0
-0.974282370386658,-0.4904321443481051,-0.4400558251192034,-0.5013321826573999,-0.2743850786222405,-0.18731153323698374,-0.028063974892534038,0.10155788849401963,1.0
-0.9867635167640949,-0.4715595163560711,-0.4115610857326687,-0.49350434455184095,-0.09395808620511914,-0.17688619936892896,-0.015250924148433917,0.14676987542560804,1.0
-0.9800203146475213,-0.5099368348102515,-0.44322647189352554,-0.47866357476847543,0.16519439446533712,-0.09159176124165246,-0.08238404407632156,0.18922319819434305,0.0
-0.9861784550929722,-0.5058908389757368,-0.42868355343061143,-0.4744991935314352,0.2603708589433091,-0.07690326374871671,-0.08367903133999317,0.20546067349517153,0.0
-0.9709782815004883,-0.4647391791413244,-0.4517625137883096,-0.5160927832600698,-0.03482058548058328,-0.2421742697190209,0.0018730409355506156,0.1254976292391837,1.0
-0.9831551008235222,-0.5081225354881153,-0.4483780047245233,-0.4719303526569233,0.24972212616573275,-0.0744050747321181,-0.08944453596184627,0.16255831877877963,0.0
-0.9180438956436818,-0.4635022671382779,-0.5030938985881773,-0.5419683731648903,-0.2407799247140916,-0.229201851980562,0.01053415535914029,0.14342246302578324,1.0
-0.9145696422037692,-0.5598874699525861,-0.550907981671566,-0.5100068498951238,-0.25370039239358166,-0.21763794692462995,-0.09962725083843477,0.12711884364440493,1.0
-0.9625483369253892,-0.5582981825737392,-0.45187342323594326,-0.4595830006648962,0.11178314340804782,-0.050416938534068895,-0.13508675719605276,0.18144163873864327,0.0
-0.871328335618646,-0.5203442176615934,-0.6201162315162492,-0.5233763818952933,0.355136082873517,-0.22886223849546122,-0.09909639731914699,0.2021932223068169,0.0
-0.9746955843938322,-0.5255509575129316,-0.45935035803691027,-0.47155273816083126,0.20208057258472628,-0.06630903811065629,-0.1094987176585756,0.17063147144872948,0.0
-0.9474220864396227,-0.534232854257471,-0.5120641911876361,-0.4768371022918657,0.12564520353429437,-0.07213635808863106,-0.07792966140376369,0.1305479531955829,0.0
-0.9828554733607813,-0.47656397870579603,-0.4191421112948447,-0.5022202040339461,-0.07679381230895432,-0.19469939647835086,-0.031421113080316955,0.13121585923446716,1.0
-0.686409678457841,-0.6720930218171755,-0.5258454884957499,-0.5495171104363595,-0.23581149669558796,-0.28218292307119197,-0.11360404058524433,0.12207988611924593,1.0
-0.9453701861304675,-0.5525878770464988,-0.536732327071077,-0.4847567743901986,0.06171993736101879,-0.14555162570599914,-0.12394254806621441,0.07384985612291475,1.0
-0.8828037520150135,-0.5691771408526936,-0.5771026603038318,-0.4936649020186783,0.12309085978650353,-0.19698334147237606,-0.12409896278632623,0.22084310568158227,0.0
-0.9398329579547379,-0.5696835098450767,-0.478359875738501,-0.4848868437141135,-0.5166762731801243,-0.13240285267236626,-0.11677010802218674,0.0635636956297718,1.0
-0.9931759859846411,-0.4606603272992962,-0.4033152215208313,-0.4924105530761393,0.2677987465093367,-0.12005181383456193,-0.04200779276561969,0.15757130617123327,0.0
-0.9837101241825486,-0.49771422574967844,-0.4435339648881786,-0.48700047411366726,-0.06565046250530451,-0.12746382100877415,-0.023364285681411127,0.1504181594286083,1.0
-0.9672636149387086,-0.541860519702338,-0.46990686240815216,-0.48248644229269694,-0.19114625290562923,-0.11276369757025781,-0.10486565669519995,0.11753411195598482,0.0
-0.9898045809792275,-0.4651072318387832,-0.4149408696001053,-0.499293317265277,0.1452096604249621,-0.15712700284308517,-0.025102576779889064,0.1611095311787663,0.0
0.1049931697176879,-0.7860378541607521,0.9999999999999998,-0.9301570996001245,0.967523548274427,0.48162597579151123,0.13466189122209685,-0.328775686736266,1.0
-0.9603860763045857,-0.5296520009393246,-0.45359219552634056,-0.4869013763040221,-0.4105020126498855,-0.1435906137969828,-0.10333546181042912,0.07370086209985646,1.0
-0.9795359552056303,-0.5055188989570506,-0.4432913905072472,-0.4771607405685512,0.1496664769401579,-0.07619422272743284,-0.08606261759624263,0.16657273779986861,0.0
-0.9734725121981771,-0.5053473312038987,-0.4698899512668552,-0.4872040558300738,0.25527222122485244,-0.13570044437996223,-0.08381460874938824,0.15321134107946846,0.0
-0.7084171350479669,-0.7911732857229782,-0.2681640134010974,-0.33645605194779704,-0.0507544659810051,-0.47745960681810473,-0.034065746406256515,0.3585207867568285,1.0
-0.6647484988601587,-0.759724394652113,-0.3672844705273619,-0.43113329240527043,0.6901290864457074,-0.12784686988134897,-0.014976381618091339,-0.12485554767251406,0.0
-0.9483419936412263,-0.5539559627957922,-0.5293111387014744,-0.4719786358921135,0.3311444843826196,-0.06829876862990754,-0.13078475140552773,0.1575591262111729,0.0
-0.8814348617032334,-0.6465935411518011,-0.5731165250805431,-0.48346587463224006,-0.5061334179853703,-0.06430579486096162,-0.08298665236202862,0.23707863229641885,1.0
-0.8442560295868088,-0.49951872787882645,-0.6899152789274707,-0.560856610090387,0.3629684332257669,-0.2709675342244853,-0.080208379141266,0.09633887560522905,0.0
-0.8411425203846403,-0.6470793245096104,-0.5912069372577863,-0.5103062828704586,-0.5345178086765855,-0.1885627148341043,-0.14683522464564056,0.08437668392445934,1.0
-0.9824352887467599,-0.4834305275936007,-0.42878978059920636,-0.49286542193879335,0.07563869961163018,-0.1481998565519254,-0.05446400555647947,0.16283992138050282,0.0
-0.9426997255488034,-0.5826916750646144,-0.5747720359959717,-0.47516826394682754,0.16224927014952964,-0.08790334645271976,-0.1272312409899949,0.11672855696241058,0.0
-0.9388524215344448,-0.5065750330302711,-0.5282925297018627,-0.5100381580170468,0.2941924809295751,-0.14182797924313828,-0.09649645807354497,0.1647922933145414,0.0
-0.9593402158437512,-0.5134544113498192,-0.47985246628013606,-0.4936717972033067,0.2893069398977409,-0.11471361737183976,-0.09530617391055296,0.21964412303440917,0.0
-0.9614429580331376,-0.4880441474084676,-0.49710501206744295,-0.5015882823172995,0.4253175353249941,-0.154488266797386,-0.07355363716705174,0.1486906003822523,0.0
-0.9657992255856167,-0.5088006036034622,-0.4924799002523645,-0.49588483879541895,-0.009644282664415877,-0.17860279388301606,-0.05390618532386739,0.08930113123758493,1.0
-0.9574891951443055,-0.5377946216046835,-0.49653927239020446,-0.4950615192293753,-0.32105024453233405,-0.17172179799596352,-0.07041362332721887,0.05379438139439696,1.0
-0.976818693766775,-0.4931183769000079,-0.45185079892496677,-0.501551117603997,-0.1060994475709972,-0.19956141828938723,-0.034783612211357694,0.08904336566608259,1.0
-0.96575341962929,-0.5225736849382328,-0.4655279548753781,-0.49273661385693396,-0.3631873840273444,-0.17237358457557,-0.06655219408197872,0.06604848030673735,1.0
-0.983038877015109,-0.4994865924159585,-0.4380347521185187,-0.4853230058718547,-0.069733534542932,-0.16847725244287506,-0.038586669018526254,0.10767602371455003,1.0
-0.7855819121704253,-0.734946208334744,-0.39546167547263483,-0.5327658645851138,-0.6862785508875339,0.08408624335812845,-0.02674438778211654,0.36920841576967534,1.0
-0.9485636553500616,-0.5155298244169505,-0.5153784496525774,-0.5079378035383436,-0.06192765444522709,-0.23379043049789522,-0.07049130583205124,0.09003872089362075,1.0
-0.923542132847321,-0.6560120928574514,-0.514967532613035,-0.453545616820303,-0.3251237104483377,0.009236867202991605,-0.1579215050674307,0.2047989745049258,0.0
-0.9777456517101153,-0.48182859301702763,-0.44907026698759284,-0.4994520798122423,0.11527235798532492,-0.17649227651260657,-0.04343273804286347,0.14136685196449783,0.0
-0.9903350813443813,-0.4776817066719875,-0.39427180834914377,-0.492654865350837,-0.1318247620226196,-0.18382646000072186,-0.028921968312485245,0.12408119137274266,1.0
-0.9424291412815765,-0.6020114937626526,-0.5127690511726719,-0.4699421637103686,-0.5560024864913384,-0.1368925322121688,-0.14721555905908557,0.00313849688018239,1.0
-0.9213057690593811,-0.6287174844799726,-0.5068594000784893,-0.46332314805016994,-0.45855295982362504,0.019194850986391565,-0.04415902179714409,0.2595365808217306,1.0
-0.48002696020955044,-0.8267900870418609,-0.09893908792479034,-0.3680191604585245,0.27072856617801694,-0.5566815884708053,0.27946596670131096,-0.28560787300463625,1.0
-0.9242264588308726,-0.6239945164432078,-0.5405006221530035,-0.47972694614327044,-0.39674878715390327,-0.03639951629923366,-0.0863582634325552,0.20032855531164706,1.0
-0.974838987403285,-0.49965283482714623,-0.4617188261476292,-0.5010760435286865,0.19097605398179368,-0.15530654131920954,-0.0777470457709683,0.14368153404330525,0.0
-0.9858357923428291,-0.47695379846919317,-0.4163004340289258,-0.49894315195292954,-0.14284347970612643,-0.2026210842092049,-0.027340898690754747,0.09342279395435549,1.0
-0.9933369526235865,-0.4529437071044518,-0.41579796154379506,-0.5009389271315838,0.22208631551627717,-0.1578931633617819,-0.018534014690329836,0.1469020546007477,0.0
-0.9558992122574966,-0.5666526388415399,-0.4604234660330147,-0.47777377336752813,-0.5354256008550069,-0.12999706777835082,-0.11100506231875473,0.06307243742403554,1.0
-0.9627839906659675,-0.5384044244491338,-0.4833618435979834,-0.47485170405326144,0.18748209655159437,-0.09893060426003986,-0.11703059631668411,0.14947733889648146,0.0
-0.9754745714798455,-0.4705301219002698,-0.46123192360685,-0.49422795551490734,0.4947436103719378,-0.11125384180927467,-0.059294120973817685,0.18079605025014323,0.0
-0.9125995870309257,-0.555773314526073,-0.6106419323285698,-0.5180104487638808,-0.09403161110213033,-0.2862220321616105,-0.0940134411281948,0.025174475206125174,1.0
-0.9839855516705922,-0.4827227213470083,-0.4214125414309795,-0.4961229996062147,-0.1120183143209896,-0.19680892454286864,-0.019311123622877555,0.11714440974711071,1.0
-0.907309389041029,-0.580746796159331,-0.5372222131560204,-0.49773362618255124,-0.48362549443772107,-0.1132628533251565,-0.0885493196976951,0.13029630677652929,1.0
-0.8501192465800077,-0.6788469726185676,-0.5932394376835163,-0.491047272849899,-0.3875719618003671,-0.12361002187844122,-0.1638923918832052,0.22099125674220965,0.0
-0.9795436756405589,-0.48982459611855994,-0.44207110206507194,-0.49990597446289875,-0.18006756724845427,-0.19523767514314228,-0.028407168773631863,0.08070049228776396,1.0
-0.8616262370957599,-0.5755134844506354,-0.6135911222768152,-0.5275319558082866,-0.27011405878138417,-0.17324892789504148,-0.028260730996168,0.2705038444864043,1.0
-0.9720392488570139,-0.5336509531378371,-0.447408963795232,-0.48320538478343655,-0.23045887923072048,-0.1091742733050363,-0.09276684702742023,0.14170657380099297,0.0
-0.8142335837461588,-0.5669754546448369,-0.664728150474038,-0.5581662705097145,-0.16981425258264699,-0.27194926256378277,-0.09446297983896443,0.18138619930401612,1.0
-0.9632785496584273,-0.528848481321201,-0.486352989244676,-0.4874110564772089,-0.04999708689846917,-0.1366755829750858,-0.09532682715630827,0.1237449043683423,0.0
-0.978775597956184,-0.4859563449877789,-0.43610481857310124,-0.4946187472873419,-0.11239511568650692,-0.17928780827567792,-0.02096317784751786,0.12461174072768495,1.0
-0.40158014008047305,-0.3557364441448192,-1.0,-0.5655026160110944,0.4781747125558551,-0.21323799343306737,0.0656964428542689,0.48389586670940343,0.0
-0.9628401220501742,-0.48244804647963585,-0.456554410277703,-0.5139204066340759,-0.1573825466194022,-0.22628364817778213,-0.008764641089145972,0.12470174298543443,1.0
-0.8900997001096195,-0.5593540288810838,-0.6002063659725712,-0.5070496630923175,0.32647610342332795,-0.14036757919084028,-0.1265984083174025,0.20323616705713554,0.0
-0.9834952683534857,-0.48105041338125987,-0.41821804756140973,-0.49060855905850054,-0.14601404247363645,-0.1794432036867632,-0.03449917275921789,0.12255147666633025,1.0
-0.986020388714203,-0.4806521381919327,-0.4378187495601743,-0.4872171815485988,0.2366615693821052,-0.11520921974206674,-0.05096752458511658,0.1496265716527925,0.0
-0.949690166096236,-0.5782553860745857,-0.46072361085138913,-0.48319562566413093,-0.49812200162823167,-0.13236270601405406,-0.12102176795226624,0.06159869875312832,1.0
-0.9110720450689057,-0.5028815282298778,-0.537525050234304,-0.5296952400588274,-0.12550573722412786,-0.26088227109195467,-0.04511292019514846,0.07697236408110766,1.0
-0.9264207480072957,-0.526185884689533,-0.5279516286053209,-0.5263639936749536,-0.24004605793007297,-0.22790870625552123,-0.06439309597703471,0.12087305663114248,1.0
-0.8594910687568151,-0.639256897201456,-0.5751686316499282,-0.48406497363057766,-0.19738366773561145,-0.28218526000539973,-0.1372680290128094,0.07818459026278038,1.0
-0.9691125577415428,-0.5615301793291783,-0.46006498930323025,-0.4520563722035102,-0.037869307161384536,-0.02036117233837645,-0.13742185830013925,0.1880043790476324,0.0
-0.9932175667995581,-0.47672630281951306,-0.3954378016268669,-0.48488821563088585,0.007994697705236975,-0.11048710836199818,-0.037093293008899644,0.18075312345727065,0.0
-0.9351291597580648,-0.6078066457615279,-0.5459960566671931,-0.4757688218997015,-0.4552534033250433,-0.17809102353696712,-0.14544356320020707,-0.016631377705200595,1.0
-0.9708731318105677,-0.5275051496537615,-0.5030047871910134,-0.48236026102097607,0.2879813899096586,-0.13185880556567361,-0.09902690280612719,0.09034379961763012,0.0
-0.980683527785112,-0.5160046826615531,-0.4377776760524541,-0.4724485370644499,0.19378985809258278,-0.07470469513962964,-0.08970381469490996,0.17713069208281312,0.0
-0.9094189396741673,-0.5115071910820096,-0.5633825898121958,-0.5338335931409492,-0.18566066445045762,-0.2620203397833148,-0.0639100132915515,0.05355831064983588,1.0
-0.8745069671091354,-0.6836459229084728,-0.40424921184917467,-0.43280705689857546,0.07077801185939489,-0.16272570234601674,-0.15576177477977457,0.4281185250597562,0.0
-0.9830343984898909,-0.47415796099588403,-0.43068363829956446,-0.5091406764821478,-0.10930772315150919,-0.20865298564064738,-0.013996044032516808,0.11014687950740701,1.0
-0.9876218853100615,-0.48245247908266825,-0.4034729143741056,-0.49159412338724934,-0.17176273781147847,-0.1488697409571679,-0.03403600709964378,0.12163872796005318,1.0
-0.9482780356952786,-0.5296286219584585,-0.5094034340950157,-0.49770532451917693,0.18807217766803527,-0.16075141376069763,-0.1045023318794234,0.14225361031322722,0.0
-0.9700929529555025,-0.5264471867309013,-0.48208739635488174,-0.47556509323788254,0.269610527747072,-0.06604812060679124,-0.10710933966675892,0.15395873961879716,0.0
-0.7662383516666326,-0.7277491545821877,-0.7146899468301373,-0.4122667784858133,0.1200920374169856,0.08148083181851817,0.022460864148926812,-0.019195810379777856,0.0
-0.9256437927655461,-0.49280820865460223,-0.5761178571828345,-0.5456854805852178,0.014070738174044667,-0.3111210429270286,-0.026366728808354632,0.08338008392471938,1.0
-0.868634778696463,-0.6344769709575082,-0.52701805995685,-0.48176104558740557,-0.44462596316626424,-0.059233462723361885,-0.10040307448438099,0.3044356336230829,1.0
-0.9584273551601742,-0.5596297129999003,-0.4888755239251244,-0.46874579959510176,0.006324865995703456,-0.056650581903190264,-0.10393968280627136,0.2247841449218131,0.0
-0.8311482053776591,-0.5442140536322624,-0.6498776043511579,-0.5422070067205613,0.2894956960149891,-0.20451457337132745,-0.12782188842607078,0.16659046111056383,0.0
-0.9515282526136104,-0.5796540130342112,-0.49397533566964097,-0.46149521914845293,-0.042963307800076,-0.013226173400716773,-0.12944207890087978,0.21501727817095673,0.0
-0.9785661196255843,-0.49009463577709933,-0.43384794421544476,-0.5015570210513863,-0.09239733044418974,-0.20525250359621272,-0.031853596716761655,0.09491729293949352,1.0
-0.9403192087867516,-0.5841591183821602,-0.5378117565549843,-0.4694011574205373,0.08579318832073579,-0.09368606348638708,-0.1471161261257971,0.13964843399574042,0.0
-0.9622431229253565,-0.4879981611083066,-0.4670245243126796,-0.5165747762346399,-0.25408860879038886,-0.22938731115042804,-0.042044435099900045,0.056248629923337776,1.0
-0.9746164697591491,-0.5048940730510988,-0.4457884090533616,-0.495801827724502,-0.20635669720605776,-0.17350255602908377,-0.04413784333180137,0.10423047968221905,1.0
-0.915630356374678,-0.5054747359216546,-0.5623331532081892,-0.5359161166617231,-0.061430893852332316,-0.2671496591118141,-0.044507899119797315,0.10228922505000418,1.0
-0.953686025093759,-0.6101587463357121,-0.4870605082217445,-0.4394832011594741,-0.02819919074219478,-0.021251999403218258,-0.18073867628317467,0.19722694587432454,0.0
-0.9311019990090466,-0.5288903583617146,-0.5543098184761558,-0.5184564247933071,-0.05618082769192308,-0.27450691801204713,-0.07105932290774926,0.09672414918597089,1.0
-0.9038164197077937,-0.657617257366772,-0.5285373227946,-0.4602071180012668,-0.59030663337099,-0.018587827738979712,-0.13834099217947934,0.1630058522695775,1.0
-0.9623682779332783,-0.5207638249818143,-0.45015592475051464,-0.49439065385788744,-0.15447686158510704,-0.19527485159931615,-0.07732834266570636,0.13515501586257403,1.0
-0.9545862880853855,-0.5555526476974869,-0.5216867822242395,-0.4760074423700749,0.23132013999324674,-0.10827137709204343,-0.12848683763375793,0.10806878048963219,0.0
-0.9431470730906789,-0.6009275674319202,-0.5169565961342312,-0.43800341506704893,-0.01434577466620041,0.05524228361676181,-0.10400708578829035,0.1648066584629066,0.0
-0.9903814582376459,-0.4912332567885342,-0.4061839508828481,-0.4794717075318313,0.10477160893159518,-0.11708349509085417,-0.06240687136504404,0.17518393212822336,0.0
-0.9833285830918025,-0.5048802788291962,-0.4479707117286998,-0.4778108402624881,0.24096954861891096,-0.09053215667984718,-0.0738029328050128,0.150858535400139,0.0
-0.7998433720656493,-0.6546788554356028,-0.48658523849944924,-0.5512050795240161,-0.4728672383255916,-0.07740437170846992,-0.11481672047205652,0.40190568873631727,1.0
-0.6647383171676463,-0.46931225462840936,-0.6387723939229388,-0.5234793347835577,-0.20182451425938608,-0.2787095381495502,-0.1181851385958417,-0.02592015468676473,1.0
-0.8421950802527742,-0.7420765535388549,-0.6419051086914341,-0.42741407377371765,-0.029146371530415563,0.13680130727220385,-0.051400543566869836,0.09806842848823238,0.0
-0.9520039590819386,-0.5663173400570153,-0.5255482723887892,-0.46610047212635924,0.2655365303830945,-0.06455509253992403,-0.14228127371307622,0.1464972869362568,0.0
-0.8576328596627036,-0.6183879900195609,-0.5729902046836517,-0.5071172027130266,-0.4302300637944051,-0.0561189716606611,-0.07339490650153224,0.29523733055571993,1.0
-0.9218534452730126,-0.6354615710205602,-0.5586074511290061,-0.46438099920338327,-0.408879883916714,-0.13476212276934266,-0.1799217877462171,0.045986593251138894,1.0
-0.9827499703550966,-0.480959761851573,-0.4421288996989447,-0.4881072510320929,0.2169418278846544,-0.11783356477865523,-0.05989686181917119,0.15181698977063585,0.0
-0.9680625689128592,-0.49471965810045077,-0.49232776280903984,-0.49591411476021346,0.3909187875683201,-0.1428687177648345,-0.08004416874764411,0.13920849788713904,0.0
-0.9661476140697499,-0.4563171939347782,-0.43656907235981196,-0.5262598511069106,-0.11141326074616804,-0.22746073052365245,-0.00937260864638581,0.138570469661876,1.0
-0.9853114268779708,-0.4795403320460341,-0.40831387218908544,-0.49145651535256973,-0.17754259373685716,-0.17254306080043455,-0.020495393384722463,0.12076877038076483,1.0
-0.8268167520763892,-0.7064097540135168,-0.49826009417855655,-0.4575498719407077,-0.2638496245149488,-0.27056361434548204,-0.09098488426316668,0.10083088696512812,1.0
-0.942188654419801,-0.577519443022224,-0.5278380758013503,-0.4830104093033775,-0.29206786944083696,-0.11039646033007486,-0.10881836742453721,0.12900995249917294,1.0
-0.9614460080331249,-0.5648336110548714,-0.5083003255123282,-0.4637380882093054,0.17459733248513043,-0.05508436228519756,-0.13576327416664014,0.12173826673764013,0.0
-0.6424310298981257,-0.8511598230142106,-0.4194272217002014,-0.3800141339128844,0.05287566522559474,-0.29391173892311473,0.06804331100817537,-0.46410097606834166,1.0
-0.9712266884663237,-0.5250267815289112,-0.4777302041409846,-0.48738209053501175,0.014274456879342479,-0.16405402024797286,-0.07578035466713297,0.09783321395038419,0.0
-0.9332515749020498,-0.5748448829703722,-0.5571362374939113,-0.4870699994483934,0.22077316983835527,-0.1298747890930376,-0.1644685844653709,0.10614166577774674,0.0
-0.8521506980363823,-0.6291224146557524,-0.6040818213710625,-0.5110405023389364,-0.2804895686719395,-0.2965350344733727,-0.09517813518152639,0.07107542960673924,1.0
-0.9782041258422991,-0.521459672016816,-0.43651644892332275,-0.4636977520651728,0.20848833095160568,-0.05597783140440142,-0.10296817287709234,0.16678202969991734,0.0
-0.9777155812155195,-0.51065468345736,-0.45131951825869554,-0.48154899902325166,0.20428524510610796,-0.08317612857701766,-0.09012494068863763,0.1691351677253959,0.0
-0.9237025042579763,-0.5540206643293072,-0.5708119987244454,-0.49244573607186787,0.20611012784948096,-0.13129469121555218,-0.11303995060294363,0.136582592495333,0.0
-0.7810152161350069,-0.5357139319973543,-0.5961530660379704,-0.5241738108857361,-0.21207079093192815,-0.32316984783796304,-0.0996473868915377,0.134183735575462,1.0
-0.9509199035895236,-0.5728804165502994,-0.4946834071643825,-0.47783829453189547,-0.2502868137132677,-0.14534684164942405,-0.14201736277859944,0.055258127940519056,1.0
-0.9483289508166792,-0.5486509610539426,-0.47834975752528064,-0.49593029499515495,-0.4585750418442582,-0.16736419982068101,-0.0965400132430044,0.06519370892379484,1.0
-0.8054456439046874,-0.650391870345645,-0.6967292132684683,-0.5011365599633042,0.4180807688671181,-0.15636306508812067,-0.1824941372580415,0.0010654902167309965,0.0
-0.9510449474824134,-0.5303902659702846,-0.4763697904546947,-0.4902809358083681,-0.3156423060658533,-0.15438132094984366,-0.09802508167059251,0.10485879886318655,1.0
-0.9920548735704944,-0.4696486823203329,-0.4072434424379988,-0.4970138481712215,-0.02250139803332079,-0.18122555331441725,-0.021024755108581913,0.12961212595376634,1.0
-0.9641784963996739,-0.5634085281143861,-0.4626829042914958,-0.45448949596363775,0.0650990424684052,-0.024069786599779097,-0.14500983343723547,0.18503711028626735,0.0
-0.9807747370854805,-0.50003395826695,-0.4392713241479693,-0.4876707404502148,-0.09781443746308646,-0.13078260961213112,-0.045100882914599676,0.11406088942633393,1.0
-0.9733938129934944,-0.5173960181141359,-0.45129118298225956,-0.4868941463473974,-0.1569886121132719,-0.10315498317444016,-0.07450781097950576,0.13145391231200265,0.0
-0.9664335742147876,-0.563523117383496,-0.4662777347708137,-0.4493978324058776,0.1620685522867659,-0.02540676211251791,-0.14602304312055303,0.1756340402223539,0.0
-0.48875758379799805,-0.4458589275977406,-0.7383871290189791,-0.5308141483980463,-0.3621808487217269,-0.17866352224618925,-0.07959249020671301,0.3137434350844164,1.0
-0.95357524361907,-0.5151958510746938,-0.43955123439995486,-0.5034530699576534,-0.37974558699125843,-0.16540362913957016,-0.07173401701258658,0.14864592986762906,1.0
-0.964225191417969,-0.5275031689256462,-0.4659536170176551,-0.4901106966406651,-0.10793574581282106,-0.1546033012880075,-0.08979409559764262,0.11514042795786031,1.0
-0.9729521385621999,-0.48575172959731716,-0.4618675284780845,-0.5072832252602506,-0.07362771920055124,-0.21244795981751527,-0.028133342609256096,0.0905968642832204,1.0
-0.7938835900437732,-0.4922275474861463,-0.6730665864908963,-0.5887004917485387,-0.1159816056691654,-0.32340788771036544,-0.1362999711235168,-0.03378541990103939,1.0
0.15592312839704336,-0.2237918292891763,0.5705209485676985,-1.0,0.13785623288262525,0.07226839282393657,-1.0,-1.0,1.0
-0.8229740137490857,-0.5951347394710889,-0.598388482155661,-0.5559755340903703,-0.488879774419131,-0.21238455433258774,-0.0819333007153957,0.08079237244104569,1.0
-0.9785591659312161,-0.4983215091707503,-0.4493233032229509,-0.4914859175761205,0.03757924402940893,-0.13450713296307165,-0.0657732701062104,0.16150626820267244,0.0
-0.9418989803195764,-0.5713251903856205,-0.5083804495308251,-0.48827919067073144,-0.31102027300475155,-0.15276940047449775,-0.10770280094184914,0.11899409888495954,1.0
-0.9451720551605216,-0.5287822321908051,-0.5353807281870948,-0.49819878360977826,0.3257701878366675,-0.1277423137259869,-0.10006764484866597,0.17755744847471638,0.0
-0.977618448230587,-0.5219079131376083,-0.45458371034488154,-0.4705123636098391,0.03040035556640379,-0.11529017895439907,-0.10985887523513022,0.11201579323737137,1.0
-0.9761674014054698,-0.5024596281662888,-0.4357531985659294,-0.5005646286937567,-0.24505833234198374,-0.16826030331202874,-0.03996377226993117,0.1282220099246517,1.0
-0.6439415026804123,-0.9142046449839518,0.020504975551074556,-0.30878273087425334,0.8197352633540478,-0.7676444420245326,-0.07150550732282286,0.22669177883021263,0.0
-0.89951738304281,-0.6133167200732846,-0.6004566937672153,-0.4903788198561415,-0.23699610411830196,-0.1502597444281826,-0.09385414488867637,0.13922621410068547,1.0
-0.9280422553121368,-0.6155965919527474,-0.5565668052456738,-0.4732221677789244,0.00861130043774877,-0.03125166452204356,-0.15621098169447253,0.1745683339582958,0.0
-0.7776442100175776,-0.6326817903240308,-0.7011673587277563,-0.5428779996382468,-0.39298835687256783,-0.18538936514629822,-0.07895269981043848,0.2827893427640689,1.0
-0.9184501239699641,-0.5443684576476374,-0.5944306288997405,-0.5112369791518526,0.2874231533221569,-0.21791847708752798,-0.12117221184000171,0.0754995711130885,0.0
-0.9375412950960876,-0.5224210186695222,-0.5022072339049808,-0.5013862576956122,-0.0903199497535968,-0.24799641618106083,-0.07845015809753933,0.10152941188170686,1.0
-0.8137768206618058,-0.6516221340073117,-0.6600092643632244,-0.4754491690322141,-0.5908198203062301,-0.043445909685438544,-0.01815171233486111,0.16961998698772945,1.0
-0.9698321276719702,-0.5366826624143003,-0.4427331465856653,-0.4757122771776319,-0.24798496368522083,-0.11943056127101742,-0.09412097616991733,0.15289878721872296,1.0
-0.9732052631322573,-0.49971641442182413,-0.4354747627117207,-0.5000173745483986,-0.26310043324965277,-0.1758339970434541,-0.04718204044674203,0.13719719065871241,1.0
-0.9805209588787566,-0.49775084057907204,-0.41594139797926183,-0.4941471748882214,-0.24671942011327974,-0.16931279014925288,-0.04077347431536418,0.14190155408731256,1.0
-0.9219639529257029,-0.6233533375201893,-0.5151068305590919,-0.46180696060474136,-0.4417914629395022,-0.1439528942937186,-0.15869044717729347,0.0498194590943362,1.0
-0.9883582092656771,-0.4600063626036873,-0.4248979438363859,-0.5177105173883124,-0.023892912128564668,-0.23806898517285374,-0.0007047742033751692,0.09034533962350486,1.0
-0.9417098874360299,-0.5890309363998527,-0.5298447390724027,-0.48300831937140665,-0.45438337225867337,-0.16127103360136533,-0.13094383709268365,0.03649303549277852,1.0
-0.9778396764789387,-0.5150266003740671,-0.46152761431774325,-0.47707265375242014,0.22579017518665911,-0.11552371909761765,-0.08686773282728533,0.12050862229888382,0.0
-0.8444356535575941,-0.6727554146830477,-0.5563002748867009,-0.4350072108791857,-0.07267546194480323,0.13608980854625363,0.004961695910957131,0.26324536855523833,0.0
-0.9259804142613401,-0.624846497028442,-0.5005096499069854,-0.4563535562366262,-0.13053931634084034,-0.009684256061620267,-0.11657800589883183,0.2575695762016349,0.0
-0.9090615570040401,-0.6144044758007082,-0.5526787808976273,-0.47559833629002446,-0.24162905765693765,-0.099273398227292,-0.14702614545394874,0.18020791282830484,0.0
-0.9796893067246804,-0.5127965691468526,-0.4349756812617991,-0.47185136224962204,0.1934914700035264,-0.05725112079551935,-0.10064433896712281,0.1693480279335377,0.0
-0.9054551270840862,-0.44745091332904474,-0.5255391247146877,-0.5578699192949903,-0.13892133863588146,-0.2963749710656203,-0.010086569639553664,0.1229983570710071,1.0
-0.9881749693606942,-0.463842534030528,-0.405207143206287,-0.5058387020606069,-0.06683375848834638,-0.20646626267085538,-0.0005639007417989478,0.13370905049700632,1.0
-0.9679318524399587,-0.5351960750900778,-0.47266507087167836,-0.4891197266326427,-0.2901959986852837,-0.16766883787023923,-0.08053540321927337,0.0765177589472465,1.0
-0.933008774003812,-0.5541865308261493,-0.5382267291554892,-0.5097437809539656,-0.2380954139099631,-0.22011735542405714,-0.09351557778975125,0.09378676721935328,1.0
-0.9308204106202436,-0.5786604356513166,-0.5451033156270713,-0.47673117106175694,0.29747751466112715,-0.08418368634918462,-0.1532369437615821,0.10579849095891583,0.0
-0.986548382817034,-0.499942383331068,-0.42182413133960983,-0.480160012893615,-0.20202015313276755,-0.1202194182001605,-0.03560405040773101,0.13728487972011796,1.0
-0.9498275790026093,-0.5335839642438066,-0.5370976449753693,-0.49559160759233795,0.15854743084724446,-0.13442952493335916,-0.10505117159523933,0.07827860704749451,0.0
-0.971896675863974,-0.5217960691152568,-0.42920081562988327,-0.47989941697395533,-0.28130580217493806,-0.12417512325346952,-0.07570498955991507,0.14535303540846878,1.0
-0.9407181679960891,-0.5879821482487718,-0.4892174583669497,-0.46812462915371367,-0.02322759075358485,-0.047003731763422624,-0.12395412347256368,0.2664215541939675,0.0
-0.9527463460406513,-0.5251526133169744,-0.4936745668805982,-0.5065594423029218,-0.07660820018540036,-0.16593702508343094,-0.079034801386719,0.1305572307209423,0.0
-0.9615402167451106,-0.5371261644191836,-0.4655239078314615,-0.49426611200133785,-0.44526944183576234,-0.18007685217311672,-0.07654340341665467,0.06904724110082215,1.0
-0.9495609420960721,-0.5292476978610859,-0.5343830131350367,-0.4912395708003344,0.37787658156348836,-0.1571719591221072,-0.1190199669450635,0.11097562067045744,0.0
-0.9586667874306346,-0.5160526269991504,-0.4845075631441912,-0.49727959027828345,-0.16851100184814052,-0.17325454388958975,-0.03724376173825648,0.1373087505457413,1.0
-0.9597203644624753,-0.5153408637271194,-0.45978226298172076,-0.4834680813377884,0.1552728955617197,-0.09318997935204512,-0.09773296119459536,0.21483973928414624,0.0
-0.8176004400096375,-0.6196645552696088,-0.7075314557105298,-0.4995416059227656,0.2493762465180911,-0.14928980408899836,-0.14911743475151457,0.19375670707528936,0.0
-0.8472946381062453,-0.7261359490423809,-0.4839472592438184,-0.4551168731537377,0.02724326176296326,-0.28298403596686816,-0.20325498962973826,0.33492540217987715,0.0
-0.9298828584137857,-0.5003260343140865,-0.5518291335461813,-0.5251984422958993,0.2654721063637278,-0.21396707915571794,-0.08240540843353888,0.1507920104091335,0.0
-0.962192174543167,-0.5121650893889799,-0.4893464204374362,-0.4936762325126434,0.2006751866111643,-0.1325893314286417,-0.08236454415873797,0.17119931144848605,0.0
-0.978453436897855,-0.5151758932098905,-0.4541188937320578,-0.4747765469191107,0.1411867814271057,-0.0914125531778113,-0.10225761529615432,0.13473776620196137,0.0
-0.9719406313038558,-0.536439795647747,-0.4712301588932285,-0.46179253259154435,0.19562428269421164,-0.062140258569875956,-0.12306613004147232,0.12499644792378567,0.0
-0.959835243776246,-0.5450663102185394,-0.5112198172654623,-0.47572155892002665,0.288902406544422,-0.10801299241066137,-0.13196371674482651,0.1295299880626706,0.0
-0.8299069565833492,-0.6377994784559948,-0.5779897664671448,-0.528337554733941,-0.28672448032508463,-0.23643018028042959,-0.16539969012249778,0.15177005328483062,1.0
-0.9340356637128974,-0.494420583324505,-0.5175007030198217,-0.5231996906438423,-0.02916601951163545,-0.24701791587838484,-0.04906782818870702,0.11016741473884943,1.0
-0.9860781825991478,-0.47407657725162256,-0.41011099381632427,-0.4810197141066195,0.23848629510065922,-0.10295604705903372,-0.05703627298929686,0.20919550186690386,0.0
-0.9561091302728087,-0.5223094463825847,-0.49102492573623546,-0.4884215835465036,0.12082551353259999,-0.12934162672920763,-0.10375422972081769,0.12958810587193473,0.0
-0.930466304367903,-0.5952636953831854,-0.5625340321556748,-0.4677394487440197,0.2053117319911658,-0.08070502803973503,-0.16584605193155844,0.1724638085525953,0.0
-0.9770148172587769,-0.4947470848006295,-0.4566374092111675,-0.4853884568924589,0.2488489326969064,-0.10760825723142808,-0.07070131657283685,0.1589619105987509,0.0
-0.9846411453672383,-0.48483684206309413,-0.4396863169287412,-0.4901733489965727,0.18813397130800633,-0.1238580666542371,-0.060677976611447415,0.14571018333209645,0.0
-0.9646595009449856,-0.4991034499456761,-0.4703003884251279,-0.505155429824347,-0.16654205384207535,-0.20484103852346758,-0.027827740518398356,0.08275509527483918,1.0
-0.9910609418563916,-0.480954137773019,-0.39613080663372885,-0.47379283306805137,0.20664405025317942,-0.06973596414908072,-0.06690838837308702,0.19934088542736167,0.0
-0.9721077314350803,-0.5015500756697163,-0.447373199221187,-0.500859486110044,-0.22335465335841895,-0.19572821702705878,-0.05652051775542587,0.10704057237601004,1.0
-0.9243312507125786,-0.6319399978659378,-0.5264953521602604,-0.44100337501284526,-0.07418031724988033,-0.11474274350529051,-0.11891045489142917,0.0844763049901335,1.0
-0.981063273768051,-0.46186357589801164,-0.4295574554612409,-0.5143531318130311,-0.039208316126463465,-0.22118785806417196,-0.008546427422718078,0.10309732996141711,1.0
-0.9076779198367,-0.57936305832028,-0.6476260772167414,-0.5132666248387481,0.17185617898515954,-0.24440180500195297,-0.14035512388458132,0.03304970869421482,0.0
-0.9383880182674703,-0.5561407844714681,-0.5481023289236088,-0.4859439812288933,0.287486683612801,-0.1252328299235253,-0.13387026192370377,0.13016549719614628,0.0
-0.9543302723089951,-0.5667906678777097,-0.47821610035032325,-0.4670290932088593,-0.33804538401215506,-0.14178303128520392,-0.12085466958121746,0.07998277483666832,1.0
-0.8352122798491799,-0.6747719672664376,-0.5344047917276409,-0.4764357986964818,-0.27462757294121787,-0.3226499341055207,-0.07984398628485816,0.12031898049993438,1.0
-0.9674730193474239,-0.544983745400773,-0.47234020323623616,-0.46136440320800703,0.18710605359076485,-0.03747873635034958,-0.12523498751787518,0.17090911359760128,0.0
-0.9609938184466758,-0.5317955724783694,-0.48733611891690665,-0.4733851103770935,0.26843072765352877,-0.08811028032307491,-0.11241257676900344,0.1713189674156283,0.0
-0.8526025787153845,-0.6404479159720425,-0.6619225045386934,-0.5014481057753604,0.308452444844248,0.06677124757137606,-0.08229730631302108,0.056843940988917166,0.0
-0.9693478451983842,-0.5350947905521005,-0.4481444953823676,-0.4768783540520453,-0.13771453431478492,-0.10171569223691462,-0.07134723545440397,0.17045758664140542,1.0
-0.9443980330093436,-0.5520239663739721,-0.510388734038818,-0.4868362665144161,-0.2028029721667993,-0.19075122014315166,-0.10995167673617953,0.0763258847628628,1.0
-0.7109395557768217,-0.40236243714995734,-0.6066542520909589,-0.6050677058640686,-0.20840529024064283,-0.14277764722346112,-0.13465536322281738,0.3081978780854422,1.0
-0.9641934269254901,-0.5028293483650388,-0.4598177871984628,-0.4843842891389765,0.337843636130839,-0.09009134526753369,-0.0870727303320988,0.21689773031629384,0.0
-0.8526207018237489,-0.690496581990816,-0.4565281402500217,-0.4567531220025959,0.17074286885148607,-0.27265060121605045,-0.17161272091368857,0.2740658125380394,0.0
-0.7604574031753293,-0.4660658656533869,-0.7260232678813856,-0.5999430323849781,0.334020551110806,-0.22332857467067585,-0.1328203744894556,0.12640050704921912,0.0
-0.9320796355932282,-0.6251095045599622,-0.5012951764041238,-0.4646602569883701,-0.6514969104443181,-0.1100493154060848,-0.1585609997007922,0.024874675375304495,1.0
-0.3363691259200384,-0.532825004368833,0.07719271673217354,-0.6866019703961582,-0.18233773838630787,-0.1520453256131687,-0.24877762580355547,0.4816735922556785,1.0
-0.8266545985788646,-0.5694125611763727,-0.6411704244346441,-0.5292196558037483,0.3356562227620542,-0.1859934681221486,-0.19029530102088582,0.1833430512016134,0.0
-0.9385225896823973,-0.5676892826815242,-0.5037870562070235,-0.4793261037902427,-0.12027184521765831,-0.14395393194021966,-0.07984805204757149,0.16337643173327415,1.0
-0.958454980604686,-0.5703514183752776,-0.48818632997523503,-0.4733828171954226,-0.3504351886305445,-0.1437187573164694,-0.12896000697408183,0.06488843992726477,1.0
-0.8305023795401273,-0.6778698149761233,-0.596811615024224,-0.4460158098242023,0.04363513482110319,-0.0493689122469633,-0.14188574717492924,0.19345290332644086,0.0
-0.8765987501992639,-0.5916437269058817,-0.6431937823009922,-0.5189321815882625,-0.25820201323812725,-0.20652479567978485,-0.05924409695864906,0.13586609019629303,1.0
-0.9895771740330443,-0.48646831978119803,-0.3951216245187327,-0.487504096312126,-0.14318309380541594,-0.1548177748819068,-0.034795379897404895,0.14624039093192415,1.0
-0.9460236406162872,-0.589590718677167,-0.48038427451605975,-0.45639854823559245,0.05287455107556187,-0.007672381614592549,-0.16093143896849205,0.21892950293777144,0.0
-0.9708754538457371,-0.5242732001811728,-0.4768914652782055,-0.48300209233549796,0.018188990769104428,-0.12674023827769784,-0.0925737797163096,0.09810912290976107,0.0
-0.9505861586076698,-0.5790907337206332,-0.5153384027075257,-0.4708924895556601,-0.28756160006396675,-0.0912121069621879,-0.07489277994747687,0.14658414565906017,1.0
-0.9508601043413794,-0.5305724953526065,-0.5016944016986927,-0.5010053699487589,-0.3069787994599297,-0.20045014807177863,-0.08588445527157036,0.05280977565932425,1.0
-0.934199374886457,-0.5911719281224224,-0.4792051864523614,-0.4812886624076865,-0.5938104712385727,-0.0998006841652942,-0.13715122584066744,0.061155359562345774,1.0
-0.8618675693124342,-0.7050830232635178,-0.45704111719475415,-0.44162131941420474,0.08087766309031302,-0.20891003589589427,-0.18036369340330352,0.39251732272268175,0.0
-0.9381460439950444,-0.5738447444137904,-0.48722282616567825,-0.48789709846748863,-0.55494336075528,-0.1028934710115792,-0.0859941502598395,0.13090446070967804,1.0
-0.9684434599315928,-0.5170973041367587,-0.4391841583813452,-0.49031672225093115,-0.14705726883996628,-0.17746964859865857,-0.07216110575834409,0.1571279848076893,1.0
-0.9574734204660927,-0.5734247414605885,-0.47585394339223414,-0.4746426527208884,-0.32749081915473555,-0.07375153073384194,-0.08262994836895488,0.1724225960459488,1.0
-0.9674523829131011,-0.5604229165564296,-0.46204176231991084,-0.46768006412594776,-0.2953589316353661,-0.1302456030048775,-0.11010901697926058,0.09006311275798604,1.0
-0.7807943438217937,-0.6199010458033792,-0.6341645510883352,-0.5241442728934079,-0.3947924983481555,-0.09930790062170987,-0.006125363987329144,0.4621913580155963,1.0
-0.9359119908902803,-0.5950455995185743,-0.5150593469758156,-0.47784589733990224,-0.4956309471955185,-0.14523229835893173,-0.14142137465862173,0.032414455652414104,1.0
-0.8448190599208586,-0.490025166192402,-0.5932194718731875,-0.5524991872766698,-0.25573823363937787,-0.25283269944083675,-0.034604266616565585,0.1816822000671042,1.0
-0.8344457142131089,-0.626003258395626,-0.5997190997199751,-0.4995448076526137,0.0315819503791223,-0.15393991227924186,-0.1196700580321425,0.26103694997046134,0.0
-0.889029639031326,-0.5158262360750605,-0.6173798406995841,-0.5323125811358765,0.3552564959304613,-0.19291658673601944,-0.10522930663718594,0.13849097846203523,0.0
-0.9650040462570902,-0.5447800603976936,-0.44188020767669045,-0.4742681850236694,-0.44016131176030304,-0.11867709917647502,-0.09417621884282212,0.10745515851721059,1.0
-0.9634126841873722,-0.4889811286845714,-0.4746810351491429,-0.5115384584514895,-0.07889548944057334,-0.21618504418916812,-0.012288711682854184,0.11381661430949142,1.0
-0.9171923313830936,-0.5726282759319349,-0.5903153795050016,-0.5038855141694646,-0.22024353655595827,-0.20571534527991514,-0.10344277164466101,0.054534766370043175,1.0
-0.9739418174758349,-0.49106268115196083,-0.4674104855146693,-0.49006744342179076,0.2872310155180531,-0.13814554337616014,-0.06097526766823782,0.13846245100364427,0.0
-0.9821654424869013,-0.4940258581993071,-0.42646659146005383,-0.49039518279823163,-0.17796809923306606,-0.16840244622643405,-0.04607718832923111,0.11053519425292836,1.0
-0.9519758455370979,-0.5311478071513963,-0.4488402895553338,-0.49501545919513595,-0.35309723207547333,-0.16255916520786495,-0.07544140843367818,0.13304827662160482,1.0
-0.8582323591230713,-0.5816730249230428,-0.6512649556826969,-0.5188289976923379,-0.04299859210977122,-0.22225357269280782,-0.1036101017390992,0.06845745127963243,1.0
-0.9756031131607437,-0.5023509500590874,-0.4540071835924919,-0.5020140068745887,-0.24382032894370212,-0.20006113258991975,-0.04339787843844435,0.09049334412378844,1.0
-0.9567971660436658,-0.5300559316772862,-0.48750928830146717,-0.4880436278863747,0.2220862918568085,-0.11041918846613766,-0.11042736218607545,0.1515514856520861,0.0
-0.9417290784614324,-0.5817959485712242,-0.5570855777594057,-0.47295447571063975,0.18851813772881007,-0.11118062752176316,-0.15630749123684745,0.10495929755596328,0.0
-0.9476857579884926,-0.5913948694474566,-0.5000345650775471,-0.4670150445048119,-0.4858382901250448,-0.14179141987885777,-0.13827770148808427,0.022546239518186198,1.0
-0.9809950942179512,-0.5027786236260601,-0.42542760085337344,-0.48575858790412035,-0.19848742948375644,-0.1502111456594632,-0.05011394991319251,0.14814184005507786,1.0
-0.9539835360968618,-0.5102759052046919,-0.49695267300655394,-0.5071865543512751,-0.15135824506713438,-0.2016313368550012,-0.042719230594134246,0.11164716104487195,1.0
-0.9796457903201713,-0.4969854229562327,-0.42031816642291686,-0.4880741969739055,-0.15928868966875134,-0.15183727198574573,-0.04069829680798865,0.15197030742331272,1.0
-0.5549304510527966,-0.4394960664357578,-0.7194293794770511,-0.6216613554819455,-0.23916043073334325,-0.018027353178456634,-0.051700497914910784,0.3791419284979054,1.0
-0.953513619193301,-0.517847889582366,-0.4719910938326115,-0.5064624459596906,-0.3766524248379456,-0.17823748879140905,-0.061291743819347225,0.08767462304606014,1.0
-0.9417935949491313,-0.612683867947237,-0.5064890269450838,-0.46145019655915404,-0.5324218905300732,-0.11724073620160608,-0.1668088662987977,0.02003676582482032,1.0
-0.6979127031284595,-0.6192800506211703,-0.8998498994115396,-0.3732634403668415,0.04753900170579199,-0.06253318668088922,0.06357443605181215,-0.15371930729355465,0.0
-0.9391821929300368,-0.55826905122509,-0.5391537281982207,-0.4818544601480541,0.15727977615209449,-0.13982987421178175,-0.1260575611127833,0.12854531925363372,0.0
-0.9868008940366688,-0.46923379934158344,-0.429426546247188,-0.5014489223788587,0.1485439310558828,-0.1595020756521198,-0.0341890683420433,0.14616316771562884,0.0
-0.9301426203701175,-0.601016206491799,-0.5336938907310823,-0.4627892133016423,0.03651186361148942,-0.05430868514862271,-0.16616222295760963,0.1347167219166365,0.0
-0.925219514635344,-0.5391609907288369,-0.5235395575507464,-0.4919736181360168,0.28360777926441666,-0.15954125856010115,-0.10314916925843076,0.20694454822527963,0.0
-0.8934523692706401,-0.4870602391236209,-0.5238075963094027,-0.5429289243235044,-0.25107325859395124,-0.2774168494792944,-0.019937662873560733,0.17806286275694463,1.0
-0.9753288729758005,-0.506729148194366,-0.4558207337822346,-0.47732716262248887,0.1425511088083978,-0.08737002756400548,-0.07706138034341761,0.17431607008944697,0.0
-0.917715168670468,-0.5708194827985831,-0.5869763155612137,-0.4899716304687287,0.3308824922813334,-0.14074655500957917,-0.14184986082862175,0.11741170801941363,0.0
-0.9814018792061436,-0.4625335203252924,-0.43935303464694914,-0.5121321280317664,-0.041515318707432566,-0.22607170348725797,-0.012284393819587389,0.06809245750186148,1.0
-0.9455007666798296,-0.5029648858727779,-0.5027775964128247,-0.5042613127251668,0.23330109160273865,-0.17649582778139689,-0.0636343097232619,0.21352906814159686,0.0
-0.7337659073352348,-0.7629405983209719,-0.47096677465924397,-0.46626349147800217,0.0703194446628689,-0.12468910521537536,-0.07024379049451654,0.11219121759948211,0.0
-0.8258284352243908,-0.6897200733362481,-0.4868898910725392,-0.4568320437309923,-0.2109416919562362,-0.36673887559209883,-0.02928505556625116,0.08574102885362014,1.0
-0.9591110001932569,-0.48455581514735047,-0.5026381649348128,-0.5116911331355366,0.03166177843717925,-0.1742095091092508,-0.007849918795137897,0.09056096088530902,1.0
-0.9634271187127815,-0.50989469391978,-0.46421836164617464,-0.4887652527960254,0.18793019919009296,-0.12710749443532962,-0.08164937906949354,0.16906635140373272,0.0
-0.8213474111110276,-0.6607364687554769,-0.5999981398556966,-0.5267723498932464,-0.5760083812400444,-0.05043300144436699,-0.08517436914181989,0.2689359779485319,1.0
-0.9873543383371424,-0.4516666319930741,-0.41947486090423336,-0.518890773284052,-0.06897398640615285,-0.24803470786638598,0.01950226792054184,0.09831180909568343,1.0
-0.9579153715816288,-0.5700913179517253,-0.44730339817897513,-0.46696157940268623,-0.3072473864610405,-0.08121153727159477,-0.141856732922326,0.12051930943688068,1.0
-0.9756223559138724,-0.5258136006840758,-0.4488009224080981,-0.47070884227771664,0.06741781669471426,-0.059268904416816676,-0.10566157565759698,0.15738003893270414,0.0
-0.9672432171036118,-0.5331662497812802,-0.45809146835686915,-0.48059854800025315,-0.33478798558392714,-0.1447520614005573,-0.07901317349682035,0.0909925407622969,1.0
-0.9565681513346939,-0.5322703109578568,-0.4515814144425758,-0.48401568819203744,-0.20288422830187555,-0.173170340559352,-0.08347606783005457,0.15763320483419418,1.0
-0.9152836636164313,-0.5682876978418222,-0.5697219064495348,-0.5100535711898507,-0.30514310414796975,-0.2507954348231977,-0.11822413637277536,0.009667287584497627,1.0
-0.9801448298984797,-0.5061246676250636,-0.43400255262821147,-0.4809691364908896,-0.08171022372714899,-0.14126831853731092,-0.04888279220207972,0.16054394072104416,1.0
-0.8997736996491827,-0.5591132085888426,-0.5956152842871558,-0.5286180032578565,-0.1816408126454328,-0.26752688209264774,-0.09423606571228046,0.06453257393888588,1.0
-0.8655221452637566,-0.7167157055068775,-0.5186864056104609,-0.4537483429871999,0.08200560573964184,-0.07336152142028968,-0.17731779225358538,0.165713285515539,0.0
-0.9475652768547345,-0.4816354088075644,-0.5085943166963471,-0.5149111235282199,0.1726052082000883,-0.19775750399438896,-0.058260079594565306,0.12575163144216212,0.0
-0.8256859739974185,-0.6318028513180269,-0.6150209374014811,-0.5266337637230255,-0.38768507618020526,-0.14466901847709784,-0.13282934077806918,0.2133033389738287,1.0
-0.9336579170927554,-0.5175652811926559,-0.512891665453359,-0.5002359281368343,-0.162622883993706,-0.21072124461194208,-0.055845161177171476,0.13411601524586325,1.0
-0.9412560567931849,-0.5558248507296703,-0.522370698118358,-0.4929132306485957,-0.32814485448007163,-0.1969103671682334,-0.0933538570115979,0.07495510154983567,1.0
-0.8500516568820013,-0.6343843753056672,-0.6356153265548128,-0.45429734040084324,0.01608430646254186,0.02067388413669266,-0.10005914154009017,0.19424337398729452,0.0
-0.8709274523872047,-0.5882135614600744,-0.6566771810324488,-0.5133074821988194,0.23090269292108734,-0.1767131662963207,-0.1402923160014124,0.12714601831726843,0.0
-0.9806946202035839,-0.49701163257518977,-0.4249412184867515,-0.4856690730337354,-0.17173614931046224,-0.1537381485760762,-0.047926230691434264,0.13274829948845532,1.0
-0.9749240717926868,-0.4821545406522085,-0.4364948938553602,-0.5087010267961368,-0.1483754104509621,-0.2198015958898838,-0.02900887571861685,0.10994554019376848,1.0
-0.8335459497278161,-0.6828061630157752,-0.5343406639572025,-0.4967956141013958,-0.5667736427748425,-0.017270936863746922,-0.08231129267655572,0.31731139695786215,1.0
-0.9367230100423531,-0.6068532842439336,-0.5015898915986259,-0.4743870858996266,-0.5854996018968265,-0.14250398685985952,-0.14829769527604447,0.012295598520178266,1.0
-0.9453549523720011,-0.5902454966400523,-0.48946257034588286,-0.4691644300026217,-0.23754810591395,-0.11454417300769336,-0.15872428071250494,0.08675861252660036,1.0
0.9999999999999999,1.0,-0.42525350270868256,1.0,-1.0,-0.31933377747334757,-0.8098721724284264,0.04072869975513087,1.0
-0.734359688564222,-0.601700316636242,-0.8339482256355912,-0.5518601968476697,0.08833402929038119,-0.2781827549090079,-0.1425635873844709,0.06102616658592791,0.0
-0.9555005481253475,-0.5241654682722193,-0.4950451259250225,-0.4851155391500501,0.1644660678105324,-0.13036623245885678,-0.09398181369322639,0.14022250768501496,0.0
-0.9459583751973447,-0.5172730282997652,-0.4782233521402446,-0.5050757958607447,-0.33628184615235757,-0.15552773996335162,-0.07596621182448376,0.12249796742759582,1.0
-0.894637117041511,-0.6594596557176478,-0.5818088666074189,-0.4252811168187175,0.11543799412158612,0.025057384954434964,-0.11602464114376809,0.1129278399293445,0.0
-0.799529096725222,-0.692035355135873,-0.6992917424780312,-0.4651638273452511,0.15710675847366018,0.020685737928763326,-0.09061311450904479,0.024494110570993058,0.0
-0.5149816307139126,-0.6866347510345191,-0.14432669820340266,-0.4123233759592127,0.969584917709293,-0.5811495746867639,0.03921222163570687,0.4345140469541871,0.0
-0.9318650987226365,-0.5409154807007663,-0.5359921225671371,-0.5016396549915241,0.013857723315527384,-0.1871311104569448,-0.10071032151589679,0.14401182787529226,0.0
-0.6161751880813755,-0.385857188274753,-0.7668504124560638,-0.6216446224390033,-0.2957978260037702,-0.18825806804308695,0.034889674547052524,0.24234043461961344,1.0
-0.9140880933553742,-0.5472508254062338,-0.5262867568918119,-0.5222474286630594,-0.3726041827184606,-0.21531029198890028,-0.08013333429895564,0.12244386600400772,1.0
-0.9229352710188133,-0.5688437018046208,-0.5898515936293506,-0.4858353103807709,0.36826399816220573,-0.1388172024898487,-0.1467867381054742,0.11230000196973758,0.0
-0.9664815319549775,-0.5261444190632667,-0.48956749199540056,-0.48836306194530493,0.07177503747723053,-0.16728701444555288,-0.0917128025918816,0.09694351633112716,0.0
-0.9545964471006285,-0.5504268769183178,-0.46217991515400725,-0.4776846309205672,-0.1971649341669663,-0.17107614803290655,-0.10110083835577657,0.1393642071898421,1.0
-0.9792887403528472,-0.5200574727617863,-0.427211207641099,-0.4716288173223284,-0.04933058125658546,-0.059415033024578276,-0.09384996353261113,0.17480954760646794,0.0
-0.945003578075198,-0.5385143031677885,-0.47339000969200973,-0.4918208675973192,-0.3001377687457907,-0.16356192231974442,-0.09802878347605411,0.12108503714077669,1.0
-0.9733558710595211,-0.5192294464838556,-0.4612777235512577,-0.4751376529604056,-0.006670811853040786,-0.12178199042911907,-0.09594703886315371,0.09735255297048478,1.0
-0.968582658032723,-0.5541489922942917,-0.4588605386795735,-0.4584899002761329,-0.006141421974355538,-0.048962774930956035,-0.13042831323749965,0.15838037340931546,0.0
-0.9493924130978912,-0.5786056549487133,-0.5338515769693443,-0.46591874999477084,0.13910467824860623,-0.0987756646809117,-0.15111604922288718,0.10068984085048678,0.0
-0.9271746044148057,-0.6124314645161211,-0.5582878777904269,-0.4849872185465355,-0.46612603410819,-0.17127942185591236,-0.15126438262881195,-0.013637919767918893,1.0
-0.9849658814225242,-0.48159354103939106,-0.4413058290315558,-0.49803807479068246,-0.10800807705423625,-0.19410360622760822,-0.023434270982001418,0.07829470931180482,1.0
-0.9784911441390435,-0.4788416441255398,-0.4451218149226716,-0.5097539645683602,-0.12816272342900686,-0.2123249316938201,-0.02146882587895181,0.0986640153629585,1.0
-0.9775332521547498,-0.5270783649119563,-0.44208879736784723,-0.4654071223082974,0.20524643500511494,-0.04473886530426936,-0.10791793359606194,0.17931438801694488,0.0
-0.9530843436526082,-0.5140752881737086,-0.4594002436584122,-0.499770726429431,-0.2030734563052859,-0.18292193712247062,-0.07086759316280769,0.1342030417369544,1.0
-0.9807350264361597,-0.513348712193533,-0.46664586288546794,-0.47829432139711403,0.2813909284160014,-0.08841153742311965,-0.09506904246167182,0.12765769756788314,0.0
-0.9692525149186052,-0.5249839128089677,-0.42948247519405347,-0.47688969463877934,-0.3092629317064936,-0.12010457494754807,-0.07191974047218036,0.17635548451983069,1.0
-0.9225792328473849,-0.6164526435130964,-0.5650051425432491,-0.47615068192225235,-0.20636879602081845,-0.1343555722868226,-0.17805299827849594,0.0382708771491984,1.0
-0.8874576402402329,-0.5306245803832851,-0.6109519952024588,-0.5452110776567902,-0.20333640940981676,-0.2671436468983257,-0.08205928901560353,0.039564873331360315,1.0
-0.9900351517255584,-0.48432941686630215,-0.38982452950096774,-0.4832865012777464,-0.22356844243870305,-0.1501348815107289,-0.030406890753279667,0.11738092388027214,1.0
-0.8638214352061704,-0.6105544681535543,-0.6377676633538097,-0.5275652130143217,-0.3185564366681064,-0.22656497478509433,-0.16256035713736394,-0.00736755605772868,1.0
-0.9684664563176353,-0.5317726826156042,-0.45752391846539453,-0.4792207047753499,-0.1054650267114624,-0.10534218277778708,-0.09223276200575471,0.1445333429696351,0.0
-0.9713409209762331,-0.5225076843788505,-0.46095537017484667,-0.48488560273850534,-0.19529451225305153,-0.17476939355789953,-0.07115667067321182,0.10038927421592456,1.0
-0.9889106440262129,-0.47756284850938596,-0.4106764719672924,-0.48788139034262856,0.03809749127251831,-0.1350858371914113,-0.036447136380811214,0.16762015365684302,1.0
-0.9826318422918546,-0.49255924369890686,-0.4515821378480674,-0.4877302418858645,0.25668893543523125,-0.13462897296408108,-0.07771550593484382,0.1255583373596326,0.0
-0.9817581382734897,-0.47560453951480697,-0.42838106189727465,-0.5016675102267691,-0.1285947582222448,-0.2006192957524911,-0.01659050475162885,0.1194750142062365,1.0
-0.768388590074048,-0.6440106211507299,-0.7126593068282934,-0.5348051322625773,-0.3847977914021163,-0.20398970878877865,-0.143657614834806,0.18645671520042104,1.0
-0.9834192201311691,-0.512539851097373,-0.4286000905686139,-0.4711244781290742,0.1815157519543362,-0.056174811618799,-0.09809945468295383,0.19749077552994962,0.0
-0.985913458196554,-0.5031198911111036,-0.4396000715543845,-0.47261018331985966,0.18158871183639863,-0.09183364423904278,-0.08219917708403446,0.15753438111763968,0.0
-0.9871573270072791,-0.47922540222190446,-0.41627522048854415,-0.49728598679892816,-0.12886339564381966,-0.1908696401095114,-0.02479477656446242,0.10469967059454877,1.0
-0.8582491021383756,-0.4875306471177562,-0.6178354488251571,-0.5579333831048943,0.23138960129164948,-0.260941995045362,-0.09643829366749813,0.18386615403557416,0.0
-0.8064829188865924,-0.627662271597462,-0.7097014539193118,-0.4828650926129434,-0.009195274464041229,-0.12618523954994024,-0.035772871895291165,0.06490038657491781,1.0
-0.9580555573837076,-0.5730690225644787,-0.49580361505249904,-0.46592539129557975,-0.08619627188013458,-0.08906074205556008,-0.13670934776300253,0.1318883205155841,0.0
-0.8530642099078477,-0.5911318230649178,-0.6840524494108075,-0.5432959795742891,-0.11479339908821447,-0.21536548439637432,-0.1036096909696044,0.05400159361796025,1.0
-0.9249113900933785,-0.5031809053165778,-0.537315535148867,-0.509313992831794,0.38869145932163546,-0.16706495239484642,-0.08912005548555553,0.162850528695502,0.0
-0.9005124272982176,-0.593383038979278,-0.6214490806074194,-0.4910837263645938,0.3222054846941637,-0.16062764530329499,-0.16374658993138175,0.07796678812892827,0.0
-0.9636894590076537,-0.5633510183789637,-0.48006158968948986,-0.45985310033240606,-0.11015223494157887,-0.1028732840947001,-0.13080751270611513,0.08630393217399358,1.0
-0.984595160632872,-0.48256479144208786,-0.4243591251856048,-0.4905186148721274,-0.024999291181096436,-0.14922687735014525,-0.029117796661731282,0.14712654803627645,1.0
-0.9863320245985152,-0.47774463820225044,-0.4465956471159407,-0.49649846759186994,0.20684860764017113,-0.14820223110563324,-0.044198368985478166,0.13267985020874826,0.0
-0.9385730107523539,-0.6044524322943474,-0.5210836721804838,-0.4649788368909282,-0.22825716223797915,-0.061482297690727036,-0.13555143555590396,0.19306476944255044,0.0
-0.9449713167738856,-0.6023818927884032,-0.49925545044971636,-0.47313333846158595,-0.2799824879914138,-0.1219076388489846,-0.15896877373718826,0.06770400013203892,1.0
-0.9627370633733466,-0.5240729756391029,-0.4531575286782367,-0.48581517469725366,-0.27170374451295587,-0.16057383234178346,-0.081715938705145,0.12654778708732306,1.0
-0.8405944468110588,-0.6934460664334696,-0.5044259448890756,-0.4684160455329304,-0.05357304827844926,-0.2897463468754303,-0.15399560576471352,0.17366041883878347,1.0
-0.9719488125247833,-0.516842587867142,-0.44672990934577594,-0.4946126477909849,-0.24978681037036327,-0.1600741155219687,-0.0605611900242263,0.13276398147076218,1.0
-0.9533063572382331,-0.5450069869474655,-0.5026328241269573,-0.4881461509942887,-0.11669092478045522,-0.16515979819939047,-0.07499495279952398,0.1614226711969602,1.0
-0.9597635470938829,-0.5532940848269726,-0.5059447847444419,-0.4732108293582451,0.21323735893461043,-0.07132651441254183,-0.13313682949994493,0.15152487700305872,0.0
-0.9632727269429103,-0.4556785355720431,-0.426189331185699,-0.5213347587718686,-0.13791632408411603,-0.1931863265446838,-0.027009367753822754,0.1685604868990297,1.0
-0.9796918275852367,-0.46768254634736645,-0.43407019122940554,-0.5060690007929128,-0.024661690082677667,-0.21898138311965815,-0.009133181137168267,0.11633147695736358,1.0
-0.9939787639032577,-0.4501630291197508,-0.3828398690748127,-0.5000412400652521,-0.11639361651260852,-0.18756482788507173,0.01933157797297079,0.13386710873321014,1.0
-0.9473543911912928,-0.5736116661080143,-0.5193071348780592,-0.451139539799549,0.05060088324523851,-0.01414641089531618,-0.10277012878453824,0.12743484566565486,0.0
-0.9743185891719837,-0.5114806860224695,-0.46178946072325516,-0.48402396165863787,0.11024196514058693,-0.11704817115295349,-0.0810983164498355,0.12413918234411978,0.0
-0.9409450311529343,-0.5494791655369369,-0.5319013028841839,-0.4954794005027623,-0.03496553568787183,-0.15559260923429716,-0.08394887525292243,0.15298538385018856,1.0
-0.5186971773773439,-0.8001165063352242,-0.10847793712425802,-0.3998953224496643,0.23070684792960583,-0.6324110402900507,0.09328683900061613,-0.20090584847774262,1.0
-0.9643826353983473,-0.511107915793861,-0.49662583081046335,-0.5037081211862153,-0.10730133803396816,-0.20500226384248676,-0.05423812865278432,0.08472653372824313,1.0
-0.9488176615490733,-0.5076350819287963,-0.48470632564336,-0.4997794654959161,-0.2583266532047731,-0.16302382523133888,-0.027440129010241718,0.1557788648707902,1.0
-0.9729230911015109,-0.5351327860459617,-0.4635191747535401,-0.46841578636506853,0.17343243003044997,-0.046069374010891104,-0.12606907713436916,0.16029101602108328,0.0
-0.9059654473256077,-0.543806614720352,-0.5802443110502864,-0.52571270036186,-0.16333196804138636,-0.25755996868935527,-0.09584563143178078,0.07381567669750487,1.0
-0.895436092809692,-0.6520444176646805,-0.46160131812295757,-0.4461851679426991,0.1432918564726677,-0.14195854142422334,-0.17726799260993584,0.3117351109175869,0.0
-0.9615909823996579,-0.5246640997039022,-0.4985282904445584,-0.48543216242846554,0.1272473170404383,-0.13042159796694494,-0.08609406612060323,0.14662227812618625,0.0
-0.9506663299568543,-0.5054324819712688,-0.5054036530506899,-0.5058256290282698,0.2922803820359239,-0.14822760161424922,-0.091404041581857,0.18845193363936738,0.0
-0.9738721010416984,-0.511084721593667,-0.4775665130650845,-0.4892527281290457,0.2007371907520855,-0.11505874037202844,-0.0880857418793814,0.12101243068960918,0.0
-0.8589209594085208,-0.5767506315507562,-0.6511470260432567,-0.539672294249369,-0.10015631260477338,-0.28065371064200617,-0.14565574187401953,0.07092717655344097,1.0
-0.986455259164068,-0.47042301905543166,-0.41581369785433775,-0.49791618455006065,-0.08561852434396319,-0.1693644515705959,-0.010712058909593702,0.12989669317034305,1.0
-0.9247676159091651,-0.5594862819319562,-0.5136350616161548,-0.4952708116233387,-0.4782148454985273,-0.14348109208183235,-0.06515574121432868,0.13082498520328228,1.0
-0.9524775048131611,-0.5546716855204786,-0.48939815662158515,-0.48716907861299275,-0.38085370047413764,-0.1874439247956162,-0.10427895483114671,0.048527600182943775,1.0
-0.9243628692972786,-0.5058419467711001,-0.5143397185918741,-0.4982331411141095,-0.1520236758124239,-0.2238089609123942,-0.046397606243676844,0.14373870521150806,1.0
-0.9715009897045984,-0.5162663581999254,-0.4718488940957665,-0.486931472385103,0.10218229525791625,-0.11370063348547672,-0.07968121562335906,0.16122440936668606,0.0
-0.9555045409126813,-0.5312818352537328,-0.49247082193944913,-0.49547843368762584,-0.14969162716924445,-0.18788495977148523,-0.06948251918726152,0.09829005509838235,1.0
-0.9429815416937836,-0.5338755977018266,-0.5172211276458661,-0.4944300085839289,0.20732610580714853,-0.14544687602116685,-0.10610058733209848,0.15416405357481575,0.0
-0.9561854528449861,-0.521199516732263,-0.5053505486244064,-0.48300161454977053,0.3504367614294898,-0.11502639388058788,-0.10779535072385676,0.1291020659724348,0.0
-0.9836857087265845,-0.4804553758400413,-0.4265598882798103,-0.5042649315431392,-0.26869502690995406,-0.1897986065619311,-0.022066985655248103,0.0872070463249349,1.0
-0.9814359761653314,-0.495182989694441,-0.43628464899246655,-0.4857916453945238,0.17923462176857521,-0.09993177411739684,-0.07583432986933332,0.16259255680757118,0.0
-0.8714036376375245,-0.5981940167405112,-0.6477343449743752,-0.5065148307962672,0.19583911083723476,-0.12127386790607321,-0.1256340735729778,0.1851250228478856,0.0
-0.8984740611640998,-0.5730640763660769,-0.613841570236043,-0.5293328494315424,-0.3490065311463857,-0.2309561153068237,-0.11267195432248986,-0.006798982848627622,1.0
-0.9119450303214803,-0.47446942040895773,-0.5120328594694619,-0.5376390829525923,-0.2630531163316936,-0.22545819639088843,0.0004270758058304708,0.16389780999999515,1.0
-0.9781203245529476,-0.5161336522122868,-0.4354453357200079,-0.4816668581194532,-0.1837691768405768,-0.15689271561154747,-0.05795214071766318,0.12224525530616416,1.0
-0.8973387926968117,-0.6102710505673683,-0.5750219235405661,-0.5035631659196929,-0.5009277985926879,-0.10811157791950002,-0.08258990655531238,0.17708458809545083,1.0
-0.8903903840407946,-0.4985075501808507,-0.5679311152783796,-0.5501160743005568,-0.14745355025999038,-0.29440534205654245,-0.06838533963519886,0.071348462667955,1.0
-0.9137502200567117,-0.5001073219706911,-0.5227004932994441,-0.5267993788253142,-0.3371230140947458,-0.15387500136655963,0.004568582047565231,0.18422603223198947,1.0
-0.9538751468616126,-0.4828312561388828,-0.5057983491288846,-0.5254805233465163,-0.0902174447248703,-0.2535682692803848,-0.020497834221707256,0.07753264853337334,1.0
-0.936617221753646,-0.5476546595269439,-0.5509721786972372,-0.49648753516203065,0.0750706695607228,-0.1762723567591838,-0.11235497020370935,0.09118266511728407,0.0
-0.9609727592096083,-0.5563313419501437,-0.4960082681621193,-0.47137840509970386,-0.23170825104486867,-0.14638484930199663,-0.11683766472602666,0.05978677698079213,1.0
0.3157992046826922,-0.06438428890454839,0.38692090859035677,-0.8393345394023286,-0.31370323800264777,0.027591122477854918,-0.5137431163223873,0.4904801356317208,1.0
-0.9335520842749271,-0.5905574996172765,-0.5486710619879842,-0.4744433139512377,0.19967832789673856,-0.11118139989732537,-0.1532370578285051,0.1241956280370088,0.0
-0.9439280800600566,-0.5933893800286909,-0.525180130887908,-0.4598512792999126,0.20334930903698517,-0.06999685413867512,-0.15296243937194964,0.13204156311502788,0.0
-0.8779123496908872,-0.5016115017779081,-0.6089800382385632,-0.5325715572585076,0.4168532976011063,-0.2077396970623135,-0.09735474762123836,0.18112405684200147,0.0
-0.8113783327505132,-0.464123551949976,-0.6276893216181938,-0.5531113956373588,-0.21987880496724352,-0.29579791503384933,-0.04132636245653725,0.18158291660885423,1.0
-0.9774713772288222,-0.5312466787882131,-0.4007556742309658,-0.4726786648972226,-0.3414338465646308,-0.10716217697909097,-0.07969704875640603,0.19175148188616098,1.0
-0.952881203716763,-0.5149803975601113,-0.4579146643196555,-0.498572458866912,-0.4062870362098196,-0.16328753115170105,-0.06583634027946393,0.12163620479032969,1.0
-0.9796414577681565,-0.4766785827377656,-0.44530891594227895,-0.5043154072519215,-0.07731409994702333,-0.20715177623612144,-0.015798539849831733,0.10708101699661371,1.0
-0.9665038357633359,-0.4871068518550158,-0.47640252652596893,-0.5094087017352285,0.08056231638137083,-0.2295415409199617,-0.026236728732633156,0.11934347876574501,1.0
-0.9449931376751305,-0.5112569694394349,-0.5311049379320713,-0.5158528765657987,-0.029443692008217736,-0.23981469913486542,-0.039025460962517605,0.07712300921250911,1.0
-0.9720041844016065,-0.534206662013936,-0.4339637302045879,-0.47153038035160055,-0.32914729020457506,-0.135980363514226,-0.07780551568685562,0.1181394747762822,1.0
-0.88738771029968,-0.5255871786723281,-0.6046120592655243,-0.5300838550377351,-0.02735679375551489,-0.2619367350812891,-0.055449037519795866,0.11601688853698519,1.0
-0.9304269215746817,-0.6176048860992585,-0.5315239005178639,-0.45612351979490295,0.013150045697866354,-0.04699743175550945,-0.15223695801193776,0.21518337856035616,0.0
-0.9607876348156763,-0.49161942586974733,-0.47361307094585,-0.5195369856560335,-0.0920000066086166,-0.2252712986797107,-0.021157154872174372,0.13443947211975274,1.0
-0.9532207878971833,-0.5163853185170503,-0.5298880400926295,-0.5069773903846196,0.20568923340078146,-0.19669207253366072,-0.07799508123489061,0.11673674830888413,0.0
-0.9735127122725703,-0.526769122664045,-0.44461893830446814,-0.48243366569064666,-0.16122552950591612,-0.11808582084070834,-0.09072744135382854,0.14147749610423307,0.0
-0.9799502718219316,-0.5147020664303864,-0.43074358175178207,-0.4818983634765478,-0.1670876278906029,-0.1187292634872254,-0.05735667319451963,0.16189637065658458,1.0
-0.9369832945846294,-0.6025555354244886,-0.49913805328782207,-0.4747755911039287,-0.5665519301999026,-0.12348753316473807,-0.14159992593810145,0.02882839725348854,1.0
-0.4147575010646052,-0.5106865995840987,-0.31806450884018345,-0.5535835984056533,-0.2371913018451208,-0.36092120188706067,-0.10534185891474412,0.8183136943742019,1.0
-0.8952445820393242,-0.5912044371015464,-0.5891673400254611,-0.5073023735588525,-0.35070211817067337,-0.22329663628023327,-0.12616883388177141,0.025362717453978945,1.0
-0.9510741700738717,-0.5467015465322114,-0.5267960465678642,-0.4804050958270028,0.31896232578368094,-0.1379267029006518,-0.13198929760723277,0.13227844512778308,0.0
-0.8514959278172038,-0.5847211438667241,-0.6023941860746216,-0.5185800331869255,-0.3079986272273803,-0.25152833136113056,-0.12436731358026692,0.09243578839082078,1.0
-0.8178777362078835,-0.7074612663296683,-0.5435267111246583,-0.45767441763482286,-0.262387268211284,-0.2498678804523939,-0.0699919318508834,0.058756668327391154,1.0
-0.9945043621354483,-0.44806052418233205,-0.4123706931256805,-0.5041392105571991,0.2236620975503974,-0.15453139380232309,-0.019358412463065786,0.1455735596661735,0.0
-0.9409526071992604,-0.6179643645312743,-0.4937731218297612,-0.4680742535655221,-0.634230596064067,-0.1219518146637891,-0.1549020017127943,0.004149931954318897,1.0
-0.9359100785356007,-0.5087713798633775,-0.49884874771972343,-0.5113390804520836,-0.12656239726020513,-0.259403055460917,-0.07139256842713973,0.11305177354019008,1.0
-0.7165799795651137,-0.615055643092197,-0.7004196933273162,-0.5310846383921837,-0.23111898964175445,-0.13032167726226243,-0.026580698010205635,0.18565385349848373,1.0
-0.9402079607295486,-0.5156465571445489,-0.467046535908649,-0.5081754983140696,-0.4440165826728275,-0.15176805249658815,-0.04866290379979182,0.13825773329373184,1.0
-0.9720540226763473,-0.5214338075841645,-0.4583770627736817,-0.48129590519370513,0.062267519435614815,-0.1130726605288147,-0.08901004316066748,0.17159524601431758,0.0
-0.9069348965228214,-0.6503638286259081,-0.5267798182393305,-0.48045700914771095,-0.3146476034760271,-0.07237390561545415,-0.15565270142383975,0.20765116918690174,0.0
-0.9235865996126589,-0.590310664766952,-0.5700515141100292,-0.4737609241644759,0.2044490504043848,-0.14593357750119235,-0.16075026652942576,0.13219575074757473,0.0
-0.9370965716834901,-0.5794941013246575,-0.5148514831914232,-0.48692150578032917,-0.34756597202904804,-0.18377963523313315,-0.1251753711560353,0.09587825798071703,1.0
-0.8863114419964538,-0.5018907793542469,-0.5856574501523567,-0.5391449109850008,0.23768710899845552,-0.24518826100537727,-0.09382929807508653,0.2149180648723257,0.0
-0.9494030768072147,-0.5810351051976779,-0.4938102399623311,-0.46898153971805234,-0.4833741563868613,-0.10403462058571965,-0.1295193950293829,0.033091518526326816,1.0
-0.9073765790001143,-0.5403844563798645,-0.5305004406407182,-0.502657785391436,0.2394104912358052,-0.16613692988368275,-0.11832764247074753,0.1989064269275339,0.0
-0.981186019069224,-0.4903132643749236,-0.42768302515190904,-0.4963242993831809,-0.14288435259553905,-0.16406657541168848,-0.033729373187173235,0.10859601300988468,1.0
-0.968406726362437,-0.4942452224713215,-0.45946675700399653,-0.5012667600657132,-0.1279383469990304,-0.19209312897839978,-0.04671587869166568,0.10304047164618146,1.0
-0.9225319926786613,-0.5586010401801172,-0.514294769058955,-0.5047674260019699,-0.48612962905034685,-0.17544440346252166,-0.08890487821402328,0.10286440970894198,1.0
-0.9802484201896738,-0.5353100253808621,-0.4076082487368198,-0.45546697681252957,-0.09956780643886047,-0.017273623534692,-0.11088750184996542,0.2084531459787775,0.0
-0.9232565772649683,-0.5339484977190443,-0.600241127741421,-0.5213833346432021,0.14864465353157263,-0.32771373508849616,-0.09078751249863357,0.03705277097592788,1.0
-0.8516789925290585,-0.550189412918766,-0.6965892312947236,-0.5587492164550629,-0.20125575801888443,-0.30881261270121985,-0.12969416071371342,-0.03986697855279178,1.0
-0.984167509652803,-0.482873592718521,-0.42422563643292616,-0.4985001670396106,-0.07877957149513057,-0.1774981815526494,-0.0280259694798823,0.11167516402233696,1.0
-0.980946582438372,-0.45303338882863997,-0.4201849124350113,-0.5151464100712948,-0.10867584806320321,-0.22409353017418968,0.012232915266218017,0.13346229803650245,1.0
-0.8593193845417486,-0.6917249893878441,-0.4693278232853978,-0.49701000172775117,-0.6256007385505605,0.039247524629053065,-0.07249233020910763,0.36533029452874566,1.0
-0.9876905375694659,-0.49827461696653397,-0.41689397299818964,-0.47748048729503356,-0.09293997459541363,-0.11490087475349084,-0.03436427126618341,0.17989947940060325,1.0
-0.9787644270557341,-0.5102307125676502,-0.4548511409538519,-0.4788596663395672,0.19563843847332668,-0.1178104661659996,-0.08962762785468618,0.12457096927120198,0.0
-0.9778850480717173,-0.49884447359922074,-0.4292906381186707,-0.487050296153726,-0.08841340832569787,-0.12366826976188734,-0.0630715387285942,0.1548041624401161,0.0
-0.9418600207928738,-0.5678743214502919,-0.4929423601880179,-0.4837508739234759,-0.46994555389933224,-0.13708939437984752,-0.11638216340530053,0.06712444466153868,1.0
-0.9473088609160794,-0.5742761683065603,-0.5451042199517,-0.47185487904086937,0.280846911137526,-0.08860306411177885,-0.15619581796646284,0.10979817992161484,0.0
-0.7725258431066744,-0.5073448451997568,-0.762655398151346,-0.5694413928462172,0.41223173064384244,-0.25316853512655435,-0.11897982975601565,0.13951262132481262,0.0
-0.959603183862102,-0.5203671960118224,-0.49853606327991457,-0.4831450502721215,0.356115730592731,-0.11123205636277199,-0.11424725783304313,0.14925104219708762,0.0
-0.9892205715478564,-0.46252158387876385,-0.43124998958924055,-0.5027192088644926,0.3214409457038999,-0.16772384670824783,-0.0372635656725982,0.1545889432754521,0.0
-0.9398673211865093,-0.5743073229576416,-0.5247169593409604,-0.4894098636598111,-0.3076581142876518,-0.20335504918077565,-0.1295898712328271,0.041087251453793244,1.0
-0.9634318721527537,-0.5083394425520438,-0.5019156066679308,-0.49546975548272376,0.3330029296131513,-0.13317244081830928,-0.07965886546139968,0.11342175812895497,0.0
-0.9282951286478524,-0.5208333783330644,-0.5241139381659004,-0.5237756596207876,-0.3281273948635873,-0.19797026856779582,-0.04761241732642245,0.10629855668406174,1.0
-0.9649738271074109,-0.5463059834808414,-0.46154092152466386,-0.4839997857704129,-0.3108385548093657,-0.1615326428316122,-0.0906873597538727,0.10796815872804418,1.0
-0.948546155622961,-0.5615433003865878,-0.538891144569755,-0.49310292845245757,-0.13779378853040858,-0.2111355839283492,-0.09718280859571976,0.09731066484845863,1.0
-0.9747524433908893,-0.5387851759476483,-0.47654304347965093,-0.4638205380001159,0.019364229848464608,-0.06842481387482227,-0.1107845140555776,0.13457392698121812,0.0
-0.9597223013260346,-0.5218582304793916,-0.5024637181851388,-0.5043352521800822,-0.15619759330969585,-0.24202772171097675,-0.06261846922585224,0.045859857885344885,1.0
-0.9875628892280875,-0.4660818446967675,-0.42665476940012853,-0.492912167370287,0.3036797360874101,-0.14432413883016,-0.04362424026068606,0.1421994365647264,0.0
-0.44380791656009927,-0.5580089238945425,0.07837189624847152,-0.6708868070205747,-0.4543903526251984,0.04447573629978843,-0.16531101463794562,0.7133769267139115,1.0
-0.9552804865612697,-0.5326586033719737,-0.5233445744464673,-0.49260358871284965,0.21739656727073212,-0.1641401878329303,-0.09017901472137196,0.13085187813764398,0.0
-0.9864583677849548,-0.4830808822131665,-0.4280199443173891,-0.49538368060653937,0.04203604810292988,-0.14214638235067165,-0.047680319865491635,0.14750915934392045,0.0
-0.9337926852937981,-0.5742232036885166,-0.5467138585897185,-0.49073363459892116,0.11531806758624216,-0.13052917245589338,-0.13407106402280228,0.18563872538484022,0.0
-0.9593261106130019,-0.5392337623243334,-0.4777324562569135,-0.484623631533837,0.07143691906777552,-0.10909878944337188,-0.10567304680828199,0.1702029026823429,0.0
-0.9819521901956623,-0.4963670290704082,-0.41150235704149263,-0.48029839282398035,-0.1630532610338013,-0.1501521606019177,-0.04579426283513298,0.14655360047067234,1.0
-0.9680824724702661,-0.5332570130831437,-0.48241486737700473,-0.4860717533602981,-0.1302893831330956,-0.14865860182185206,-0.08197086146813803,0.09701201980109354,1.0
-0.9758084155953269,-0.5381935893310201,-0.4423316016178306,-0.4603044019704464,0.049282694246152337,-0.051808523567092785,-0.116700247898712,0.16261554410388215,0.0
-0.9494435922108337,-0.6135745899415265,-0.5173304948831297,-0.45053710949154924,0.019977882384304646,-0.03279746632106274,-0.1808360272291111,0.12667821202371649,0.0
-0.9525928148221167,-0.5602693933541047,-0.48992922095441327,-0.47380045368984736,0.08413678178510323,-0.046403027856604065,-0.1101903207345644,0.21896317846712465,0.0
-0.9892804865073871,-0.46446454750177424,-0.42695489505177353,-0.4994652833340158,0.20606309418411742,-0.15336042504495317,-0.03202836661354951,0.14462661289823786,0.0
-0.6750492951579561,-0.4789054290862733,-0.6180283887421063,-0.6058084910958603,-0.2911691740281747,-0.20569133410473828,0.0308963157370616,0.4014793364023614,1.0
-0.898284845295361,-0.5064872337642875,-0.5709446420921898,-0.5340754576149264,0.02088165556643891,-0.2894059566445695,-0.04318568786189714,0.1392618208694607,1.0
-0.9726443856058489,-0.5284242345462912,-0.46221552745081795,-0.48287002407586327,-0.18230532399929322,-0.13775154480324953,-0.08171448424841582,0.10778523949838861,1.0
-0.9803813791169915,-0.4844169610219421,-0.41569595987113406,-0.49918706422623643,-0.1712283643411966,-0.18129461851641743,-0.025702914624447813,0.14181007706497567,1.0
-0.909937649309911,-0.5341200882735008,-0.5695808987294942,-0.5371955574850588,-0.199316770178705,-0.22209754990459257,-0.08156308117252822,0.11326316415621164,1.0
-0.9615012517842009,-0.5207729830893649,-0.481146464580811,-0.5001269786368773,-0.2205952836235594,-0.18170991962123312,-0.07437020991341785,0.10513041929990263,1.0
-0.9428431183548744,-0.598379385584487,-0.5358310599276972,-0.4634623336637181,0.11097337714524111,-0.04083790890749575,-0.16171064371827656,0.15376339466757213,0.0
-0.9239429356777802,-0.639669164570223,-0.5077049589223703,-0.46257638271551815,-0.3956462346199766,-0.03133442611368145,-0.13146575212385841,0.22044037840235325,0.0
-0.9178102085743767,-0.6088990870653316,-0.5374164352965254,-0.48793215395305434,-0.4926828082548019,-0.14603750786994435,-0.12433601735084016,0.08651059487674517,1.0
-0.9762235268701359,-0.5029863515639401,-0.45002143141147644,-0.5006006846352163,-0.230213932692713,-0.17518272500986598,-0.04229879654904179,0.09815803335104936,1.0
-0.8461482296571329,-0.620614929252005,-0.6384869032159367,-0.4961163481124361,0.28942517813001695,-0.15157071198993502,-0.14909343798933417,0.08670839180579504,0.0
-0.9843834360083628,-0.49630583566037667,-0.44400445225884205,-0.47906169454691055,0.21303935134884586,-0.09500116507801332,-0.07518436382120851,0.12593680126700968,0.0
-0.8767174409390291,-0.4894891732278735,-0.6771432523458105,-0.5698461160918946,0.31494661093478693,-0.3007094866803573,-0.06517456939214604,0.029456444967644796,0.0
-0.9518816942665564,-0.4963743140188769,-0.47594816807697693,-0.5060631535691412,-0.12579625887829107,-0.17484760873366154,-0.0141172133470846,0.1639895624735504,1.0
-0.8924565095056681,-0.5662555361529373,-0.645245558902935,-0.5300250443029654,-0.07147080986933069,-0.296303661144665,-0.09417287687606943,0.0496286204526825,1.0
-0.9835781688438905,-0.45752891861037187,-0.4051076534317723,-0.5054543779570856,-0.019035306289981815,-0.22164734917944884,0.004216007913246597,0.12135780105244329,1.0
-0.9449234649596115,-0.5543694573041228,-0.48687029628001116,-0.4934449990891957,-0.45108806767675746,-0.17084339256544973,-0.11058383116421557,0.0567374602374799,1.0
-0.9435097225430299,-0.5812592184507324,-0.5678398931699318,-0.4770875315509966,0.294859975247108,-0.08357151536189443,-0.15990097613594378,0.08801148596173737,0.0
-0.9819404516943996,-0.48026933636405394,-0.45162917059077073,-0.5021497776835464,0.2003434904957464,-0.1747701222477604,-0.04060684598727454,0.12811809922684442,0.0
-0.9622572913114865,-0.5238449613786569,-0.4716432736415054,-0.49858964498012776,-0.30942435839858035,-0.17209956100293117,-0.06562250301840952,0.07722306660499736,1.0
-0.8806629157121114,-0.6767329326145669,-0.6103666040091726,-0.4852381628957897,-0.06858858568327211,-0.14249519607513475,-0.16330584913746454,0.18488044048248709,0.0
-0.969345569395847,-0.5110369030956142,-0.4819131887287505,-0.48995768316972677,0.25163347414005716,-0.1511481459838342,-0.08972294502098462,0.13123331374609948,0.0
-0.9163996700265072,-0.490247733886238,-0.5606949691684499,-0.5316474101065441,-0.014586678881658988,-0.2832650284554791,-0.04309232444473968,0.10091271738662728,1.0
-0.8759930874287631,-0.5808064800218862,-0.6001031028656734,-0.5137764271984946,-0.22815154272847107,-0.24940380072635077,-0.13319856965410637,0.0961482831097025,1.0
-0.9749808405699644,-0.5331291811856582,-0.4622627477425551,-0.468233275842628,-0.025298319987899984,-0.11435742828574116,-0.10818533370358023,0.0875621538474669,1.0
-0.16038884023835398,-0.04383723619381441,-0.8602978478455674,-0.6114187685091621,-0.43462028167450006,-0.21759111571416323,-0.1699468569587293,0.11697056644467559,1.0
-0.9582529730764964,-0.5281225195479836,-0.5210653025761333,-0.491733319987638,0.3008419968766056,-0.13408355472261876,-0.09852112528763625,0.10450455730997485,0.0
-0.9302497447243617,-0.5743135888313441,-0.5169213653814302,-0.48532935557332907,-0.3851433293515584,-0.09616913704038767,-0.05042194462702429,0.20781826153631272,1.0
-0.9540287512210027,-0.53347118747675,-0.4958799337123058,-0.4792776116751722,0.25054102921310734,-0.07195438293526442,-0.11246332105488445,0.21349061329036606,0.0
-0.9236924353420535,-0.6147046375880463,-0.5335288986150148,-0.4718411254162833,-0.03358105844488987,-0.11377834660110872,-0.17232862649580613,0.1685169917601595,0.0
-0.9308729337767004,-0.5513347917365425,-0.5330407618620251,-0.5063502712566607,-0.33580942216751625,-0.19594582491710766,-0.11606953400766351,0.02175691870289162,1.0
-0.5489641145583821,-0.6481240340374358,-0.4128595201048809,-0.37588275563699586,0.6365486791595035,-0.7224502477432131,-0.008386535763454439,0.7084540624432958,0.0
-0.9827438122627522,-0.4790146966551214,-0.4319572874558738,-0.5014405556629532,-0.09232359245158343,-0.1929865768007732,-0.020526533628142454,0.141797964690604,1.0
-0.9860707992442393,-0.5205073630798008,-0.4339870409171811,-0.4615552918741984,0.18652839749854913,-0.04739121680553532,-0.10698297963069545,0.16099178776271003,0.0
-0.9546374690466314,-0.5376050140296944,-0.49253006976887787,-0.5006260834790788,-0.318525274004917,-0.17589780027911586,-0.08029095100705809,0.062193067790229206,1.0
-0.9618318298980209,-0.5395696869472072,-0.4846483600416341,-0.49046130970260726,-0.20798268168984158,-0.13391967813640585,-0.08573389174225143,0.10237872521535342,1.0
-0.9674762599923888,-0.5571215959429607,-0.4205081017518245,-0.4585421947380411,-0.43991989031438544,-0.08917742558135,-0.1018004254837063,0.16896115636901726,1.0
-0.9720938236210241,-0.5600480943468111,-0.45400047959111084,-0.446091754049459,0.09388300028693128,0.0012102510541606992,-0.1450290883819481,0.2083019944812618,0.0
-0.9686340655365191,-0.4953325341589228,-0.48276368261008257,-0.487641936119586,0.44731013420448695,-0.12034514551474615,-0.08115476900376357,0.17255772573419956,0.0
-0.8974396287135192,-0.5809373844808884,-0.6273060812874254,-0.5032323029206621,-0.19267968633475505,-0.27096809122673504,-0.11196276460998217,0.020783174924209558,1.0
-0.9436215892218324,-0.5876751890728708,-0.4971738150793279,-0.4773419653797974,-0.532497111896445,-0.14800664762565613,-0.13344937998966755,0.05316947647439668,1.0
-0.9766727238941602,-0.4823865743630361,-0.44951713721130687,-0.506850252306263,-0.13413015394316918,-0.20065309675113577,-0.02946722596307779,0.11577233833875872,1.0
-0.9789031935251488,-0.47487979233785094,-0.4375035116107687,-0.5106579034974064,-0.20893057667173925,-0.2231351893500443,-0.0202499571364982,0.03440117120398199,1.0
-0.9865472800936359,-0.4713879150433541,-0.427652212732321,-0.5022583767747091,0.0259211879099397,-0.20592400980979675,-0.011135594598535345,0.10092772172678197,1.0
-0.928216204028253,-0.5896004933701611,-0.5095074388351168,-0.49218509231964697,-0.5368867885498702,-0.17482919425323884,-0.10785105601027324,0.07316760008822268,1.0
-0.9814520368195356,-0.49129594947726724,-0.430332317283622,-0.48995620040747695,0.010311331816893206,-0.14483856936465628,-0.050935897316245204,0.14928648912914586,1.0
-0.9782843854730252,-0.4642310597308163,-0.4556439311546905,-0.5013565161930245,0.28236853860373784,-0.15070256703288976,-0.04623613092236514,0.1531598329641745,0.0
-0.9554575805199965,-0.5958046196470705,-0.46690506361925666,-0.4521324086135206,-0.5575295733054002,-0.09567485805316234,-0.14573001511964745,0.065921637901013,1.0
-0.8509158783797586,-0.5800394015452099,-0.6517451406275883,-0.5345804294355917,-0.13093838876764488,-0.27793759038080557,-0.1489080007559183,0.09666294357143196,1.0
-0.9711451904571354,-0.5258909688816289,-0.4883854444585609,-0.4742125107378656,0.08771837180790185,-0.12997385229676742,-0.10626332966395147,0.09210013305715536,1.0
-0.986929250719739,-0.47445870438518795,-0.43573300247958224,-0.4927219817999987,0.22984855831626416,-0.12763307592919557,-0.05816202659311843,0.1351519866483122,0.0
-0.668379425411298,-0.5413389106896539,-0.8232171014322065,-0.5643917163440896,0.132865824241254,-0.2691486261591829,-0.09980289629450939,0.2523070031672241,0.0
-0.9765426751471197,-0.4883155109932393,-0.4495583393244569,-0.5004009068671901,-0.06979999891438163,-0.20109552090550545,-0.03828689925991518,0.07647755526683211,1.0
-0.9306351606411769,-0.6192783955979566,-0.5299214794161603,-0.4703466043586724,-0.04743119406686184,-0.09825457619852798,-0.17652666875737122,0.1364222033699977,0.0
-0.983158407377512,-0.5205532048860168,-0.44616035680078575,-0.4667040155597734,0.22413984343667903,-0.06711476436940153,-0.09937384321665071,0.1540981859294336,0.0
-0.8457975212772434,-0.5821127067562077,-0.5299855844370681,-0.4307499543074531,-0.3690381842082564,-0.029457903073433295,0.023645557933717393,0.2735676033078642,1.0
-0.8434861256435737,-0.6598443847047145,-0.6376990732763197,-0.5142092312873494,-0.39433370602252776,-0.10606891999004942,-0.060969978471989664,0.2684767078209801,1.0
-0.9036050911420832,-0.6004026466362141,-0.6290323503276949,-0.5014380583816064,-0.22103708773899136,-0.23090255868287632,-0.13047562815490168,0.017838805338932673,1.0
-0.9447300307529315,-0.538609514111499,-0.4799178750121503,-0.5019970089027674,-0.4159571544400057,-0.16848928791458054,-0.08621096900489546,0.09617038077833417,1.0
-0.7247389038258414,-0.6066088886761828,-0.6815939151026182,-0.5579156802654358,-0.36022654696377926,-0.1693516568749721,-0.06674626949781534,0.13288104383826616,1.0
-0.9545766294243034,-0.5517736383327706,-0.5162665970759482,-0.46912397433958086,0.361638171590164,-0.06403225969173265,-0.1384221844193423,0.1586666297379526,0.0
-0.9751675405939946,-0.5063170499925288,-0.41696140626500977,-0.49498778625282686,-0.2469597316794921,-0.17351778238171947,-0.05615003644572239,0.1752573881254864,1.0
-0.9253950059044601,-0.4897584240662221,-0.5585135201837117,-0.5438183040908814,-0.03994259586311366,-0.27536582853297104,-0.06363257144705589,0.07234669022783219,1.0
-0.9571980452430527,-0.5318448748882545,-0.5225692814637709,-0.4932463494611029,0.2438554578128278,-0.1758644116599258,-0.11522911073094419,0.1048103268510335,0.0
-0.9676241647357087,-0.5351443109600882,-0.4427452423771515,-0.4823328819568349,-0.3334926964476355,-0.15797944794776372,-0.07543244097779653,0.12825383080368422,1.0
-0.9598834729738719,-0.46783051477400467,-0.47913600186424615,-0.5196252922219423,0.31774791977349554,-0.18997188953675465,-0.03563701043346636,0.18561966941742422,0.0
-0.9363805718732047,-0.5207493051897167,-0.5148109565179123,-0.5015521928102986,-0.09322728651010166,-0.23332411652886864,-0.08172350889229868,0.11696412849235197,1.0
-0.8882463533070396,-0.5117184283235007,-0.6248543101306492,-0.5334939762102299,0.3899898029892029,-0.22694881867258895,-0.10413784849253184,0.12795692961765948,0.0
-0.9845696137017177,-0.49654976484839236,-0.4304668975948046,-0.48070213865579203,0.06348948101329484,-0.0970666009359798,-0.07322584475582493,0.15434625492639492,0.0
-0.5534408532177473,-0.7768145439902863,-0.7001508095616362,-0.5313540794182992,0.5200465749572021,0.5827315543677538,0.3211413170480564,-0.15442131927908126,0.0
-0.9521740790011515,-0.5712658568478113,-0.4858896768776776,-0.47614698940497036,-0.30551101972506717,-0.16958247397690882,-0.13109115373609675,0.08606914420898695,1.0
-0.9582946067297264,-0.5068444243255944,-0.47704587122925307,-0.5063955026712984,-0.20961784522172014,-0.1781520055630403,-0.023039764946256834,0.17048397586767064,1.0
-0.80491362959291,-0.5901618847718229,-0.6975763288134638,-0.5036372096557902,0.31900528657036353,-0.0378525506485298,-0.06539162493542944,0.06278207978261503,0.0
-0.834940107594952,-0.5843824739391434,-0.6278862989287541,-0.5153094609473956,-0.15994089608787396,-0.3084223366729828,-0.11087588148487168,0.12706328038008466,1.0
-0.9583711306680942,-0.5085840762347139,-0.488421676655916,-0.514109515041989,-0.0988026691251893,-0.1885711807132154,-0.060690956685777855,0.10012115958692383,1.0
-0.9028391103651708,-0.6189963615686914,-0.6066768119781768,-0.5005209477861692,-0.2835664834288313,-0.2133585017870644,-0.15147775585692308,0.0682395326284426,1.0
-0.9285995584088835,-0.5966683838874784,-0.5490455424690713,-0.4602112049517251,0.25439958796788037,-0.0996154146912474,-0.1629173003072526,0.13602065581950107,0.0
-0.9460296418028616,-0.5366816389794905,-0.49952964876489886,-0.5022178968263958,-0.22524189834979003,-0.20524565478201898,-0.08248507248149331,0.1294083992311597,1.0
-0.9748540807651757,-0.5195725883846743,-0.45831421346650253,-0.4788514734930815,0.09029335547576305,-0.09602142068717573,-0.09284364142533476,0.15925246380019276,0.0
-0.8124523728140167,-0.6153252348081621,-0.7124296071594858,-0.49395206807978836,0.2956678129991771,-0.10983695588387267,-0.09151158710042584,0.0798275476244506,0.0
-0.9732464140922596,-0.5109895384914144,-0.43861693816603975,-0.49663229357542027,-0.30304971852860185,-0.16600219893863286,-0.05088712574584506,0.11304289746221859,1.0
-0.9872160795789676,-0.48675361937436307,-0.4265637689132469,-0.49486321918250625,-0.11576546677559824,-0.17174520357902337,-0.028265825278312937,0.10058925810777666,1.0
-0.9603949159066864,-0.48324645929678134,-0.44974852871074006,-0.5145107910214908,-0.2665320227255277,-0.19075192932027513,-0.045031964113647786,0.10556791033894722,1.0
-0.9828684495550148,-0.4822197302446242,-0.4274690505022186,-0.4836844264737718,0.2496336458549293,-0.10177329847611621,-0.06943666613462784,0.167676045034236,0.0
-0.9832766488861628,-0.49579293145909237,-0.4247858969644074,-0.48643791756179544,0.05467766692550456,-0.10839886004227131,-0.05937044662394267,0.14788103032165706,0.0
-0.8928744327310708,-0.5555298586003093,-0.6202848925002116,-0.49430376236225726,0.3304593693304251,-0.15880469866201224,-0.12355187631035383,0.16708257836539392,0.0
-0.9057770917638484,-0.5965855597806411,-0.5905719058872557,-0.5009472455700481,-0.13608754873559578,-0.17618634351067217,-0.16788326009321358,0.03900235424525125,1.0
-0.885353763651338,-0.6935499378610396,-0.5271070765336957,-0.42840779263583584,-0.2552944044563064,-0.10132565282075186,-0.141747252636581,0.05583939088380965,1.0
-0.8762350350962467,-0.5238969712058963,-0.572630472199347,-0.5183609761412814,0.2367334399506285,-0.21628300178073012,-0.11431740880566925,0.2304954338950848,0.0
-0.947826106875056,-0.5918320277263992,-0.4887782296525288,-0.4727875110400048,-0.5498172821753212,-0.13242854929580927,-0.13346511638701383,0.041881314480513784,1.0
-0.8832580001103306,-0.6621590355425457,-0.5954599905024103,-0.44238827396462466,0.17100854525291492,-0.04061733512560789,-0.1395282761855371,0.18163547830172022,0.0
-0.9379508743393249,-0.5680135062803388,-0.5509993562872176,-0.49148057442221615,-0.13801354210615305,-0.18209361048737957,-0.10179201387446729,0.07622234093215659,1.0
-0.987840903845838,-0.4714491804195311,-0.4079035714092498,-0.49850010156829117,-0.03140054245898471,-0.16939913347167404,-0.007585139174144481,0.15615708818826493,1.0
-0.6242480120962284,-0.4980946096798883,-0.5745540921253445,-0.5765029362069662,-0.3539989879251276,-0.24079462130875595,-0.1316356554800065,0.5339462303434394,1.0
-0.8137887118982842,-0.6741436379513464,-0.5316836366948707,-0.5111161516688695,-0.49588503959739905,-0.06933340058858121,-0.05002812844414504,0.3620142007031564,1.0
-0.9543251675731914,-0.543485649805819,-0.4829275256961636,-0.49213924713950086,-0.39445469436944475,-0.16245737506233915,-0.0909706777931156,0.08603908116021158,1.0
-0.9483143393910649,-0.5543448558162418,-0.4848189688933329,-0.490713082278447,-0.5162646621606075,-0.13116886798840632,-0.08243334973887234,0.08328584831461897,1.0
-0.9745066536705707,-0.5457763104505754,-0.44035696773889177,-0.4600529416866565,-0.08996118772162456,-0.052508629213639996,-0.1131554303609027,0.1816358837141744,0.0
-0.9666395283972329,-0.5307957682351042,-0.47748509652441967,-0.48783743100069366,-0.36028558156136153,-0.15215455684324228,-0.06958992965325436,0.05788696587990334,1.0
-0.9542425095564763,-0.5941194631409629,-0.5045886513673293,-0.448231015564171,0.11721227884417829,-0.010065525991661467,-0.17215832047652868,0.1564385897150056,0.0
-0.9887433296952868,-0.4802087989105667,-0.41604520699941466,-0.4919592473759576,-0.032277550885825915,-0.1749363357447259,-0.02487514709684429,0.12005278279679267,1.0
-0.967168425384217,-0.5537202692298997,-0.4906245683654273,-0.4611315330291106,0.10392785675824029,-0.07624128522229269,-0.12485243691192105,0.1388076181454865,0.0
-0.9734862721184763,-0.4938690199149052,-0.46602700649145173,-0.5064323907566737,-0.019629520073361606,-0.2020245588661449,-0.0406900540694548,0.13106241127772672,1.0
-0.9669101883959337,-0.5475631755656859,-0.48242703077497207,-0.4804512556394134,-0.15225422971279012,-0.10578306395714104,-0.10550094808452246,0.09550960867794864,0.0
-0.967807882922622,-0.5163219429205178,-0.46894623523553064,-0.49677641068417444,-0.2827216989902204,-0.1803835427217406,-0.0683509509532335,0.053118357525712576,1.0
-0.9764355518811132,-0.5105634835015445,-0.44285215579533405,-0.48224806234860595,0.036062570560951954,-0.09184301936671005,-0.08664126969493055,0.16523950664541714,0.0
-0.9833243708780485,-0.47096451890940705,-0.40368555940106843,-0.5014613546263308,-0.13450170594790606,-0.18226383254711503,-0.016493537791341578,0.1754673590310259,1.0
-0.9793240336587004,-0.5047604135506254,-0.4136934558728726,-0.47436136569933335,0.05719612699948716,-0.07106761989753348,-0.07914611719238418,0.2579797498311189,0.0
-0.7721393241829821,-0.7135722926943682,-0.5864861231654438,-0.4623962913097866,0.36132941727272755,-0.1323360862623082,-0.09389149656859316,0.008358866655610683,0.0
-0.9773391837235513,-0.4805134904246029,-0.43939482025098026,-0.5015209045379867,-0.11730867484483563,-0.1806974407925878,-0.022291938900720135,0.12189801429154758,1.0
-0.9474122846540006,-0.4808447268612967,-0.4928246895892409,-0.5110003676488412,0.2886045790616745,-0.1504284713493572,-0.06592516774256049,0.18640893535107275,0.0
-0.9155702057514636,-0.4975812691889554,-0.5820013259679242,-0.5393678840740154,0.010318910107163543,-0.260736240333326,-0.04537664486287198,0.09616299921870083,1.0
-0.9296508365348063,-0.5256360653719229,-0.5398168832524933,-0.5125572459420248,-0.12042859469329885,-0.2240731491622525,-0.06063546891151973,0.12590857361625826,1.0
-0.8619770180289205,-0.5944603866323203,-0.6006387030997633,-0.5039012807318561,-0.31660295948100975,-0.20521285480888143,-0.11790775677472566,0.15971271004517662,1.0
-0.9685300242738564,-0.5275836890681004,-0.48213858835465184,-0.48973185583922746,0.05843573441901144,-0.1414402467889145,-0.09013638694799098,0.13070350333199396,0.0
-0.9844532828375185,-0.48254364808504957,-0.42713808755780086,-0.4865285735237933,0.2486042469978696,-0.09339860178102384,-0.06552694894739353,0.18434486020360843,0.0
-0.9768473195808702,-0.48481192717855726,-0.45365745636766974,-0.49096217780514395,0.16495095072440985,-0.14238263721070876,-0.061012985835976696,0.13804831793441252,0.0
-0.9627939680376156,-0.5305347899463927,-0.5078055109265828,-0.48442648766293833,0.24741764948683898,-0.14292684896111296,-0.11100028982207012,0.11922330580322743,0.0
-0.8046551175478491,-0.6441677417192944,-0.6857328672282408,-0.4561640145777456,0.2251258913689232,-0.13429125983473866,-0.0749573440726342,0.15702332422781093,0.0
-0.9731672196251246,-0.5645411552824287,-0.4586936519211229,-0.4496129212539491,0.037263682270283746,-0.029427099887398514,-0.1453269768950442,0.1803276767080878,0.0
-0.9540511761724169,-0.48982563764219605,-0.4979713652946036,-0.5126366603377501,-0.06636735645776182,-0.21023060249336623,-0.02049304200467035,0.09643761732701778,1.0
-0.953274828815903,-0.522514624840465,-0.49687357225754497,-0.5003421615967565,-0.12460192386001148,-0.194570991166703,-0.06780114288845712,0.11193827961658326,1.0
-0.9613376513026464,-0.4752191233811836,-0.46286024961108374,-0.5197525853739968,-0.09093087822657504,-0.2203015329576865,-0.025637953389949675,0.1081900690458703,1.0
-0.9415564133099326,-0.5383145833266894,-0.5189984017456442,-0.48458713723503083,0.16896717569719183,-0.07071190361412334,-0.08814477635258045,0.2152814800569661,0.0
-0.9649780612307325,-0.5049131600697236,-0.4663667846795492,-0.5156433426599946,-0.21623565434043582,-0.22465171287981842,-0.04140921493578002,0.10026174182483037,1.0
-0.9467166213903163,-0.5745318031156317,-0.4953437090107766,-0.4821591119122208,-0.46794967837986323,-0.07514452320609966,-0.06789630746454917,0.1866165884631403,1.0
-0.6652088368998081,-0.6620866886751651,-0.8852307578213452,-0.3392317534662399,-0.05852109436958475,-0.08914571138720184,0.03715364471295361,-0.1786841277274479,0.0
-0.8484587804092507,-0.5181750399722457,-0.652316914971321,-0.5393309455866252,0.43045248886042936,-0.2465130563146623,-0.13537657029606276,0.11362240994206405,0.0
-0.9893023197225306,-0.47259672055661756,-0.40830957921108796,-0.495924672553118,-0.10860199715307452,-0.19722421866940287,-0.024395097768015406,0.1011328399408883,1.0
-0.6532395228602873,-0.6609544401018719,-0.3288135886435444,-0.6728602372035344,-0.5773972650091018,-0.05545710232176718,-0.15231187204360996,0.46205639273243015,1.0
-0.9573002325931718,-0.5537774442300255,-0.469831949654602,-0.4858917051006614,-0.46734208622519413,-0.1439570724377553,-0.09723860336409097,0.07266777621858128,1.0
-0.9816227383255861,-0.4555613885699068,-0.4145023906545571,-0.5162686880854441,-0.10164652640289044,-0.22134793509909706,0.008453367630452152,0.14416692634020803,1.0
-0.9321802004182194,-0.5322065851358817,-0.5664176585499644,-0.5040397420656532,0.38694016990318036,-0.14666033574988357,-0.11627097159695143,0.14236267243695583,0.0
-0.9661464383522554,-0.5369759937823251,-0.4910447556529268,-0.473724416720671,0.17759170794802934,-0.11921070138917653,-0.11744843121441245,0.11705803614159986,0.0
-0.9584580297479822,-0.5508473899023398,-0.5091591399795689,-0.4698467861388552,0.17647070646667862,-0.09333595841595507,-0.13841420427562712,0.14090839061273883,0.0
-0.9863580912228598,-0.48788829913651305,-0.43006991332209643,-0.4895332858146478,0.08357947786913088,-0.1389241081840476,-0.05319981847913763,0.1377898254704733,0.0
-0.9821378196198848,-0.47270422823212477,-0.42726985303326637,-0.5064569255861897,-0.07593605623075869,-0.1974187166568469,-0.01350294022104856,0.125110145729569,1.0
-0.8927528995108107,-0.6721190890882631,-0.5743751795485801,-0.4145246710478783,-0.09318619425950303,0.11645081102355997,-0.04624901955962968,0.14610259232326203,0.0
-0.9489569824116287,-0.5922517577495188,-0.4927711595769376,-0.4719456053601521,-0.23138185259979388,-0.12908614439484445,-0.1572687260404788,0.08154494641430685,1.0
-0.8489420946148607,-0.6422219659027792,-0.6049725709829887,-0.4899031516042837,-0.23890434451776676,-0.1575321040693811,-0.10922207625312039,0.1155130067534304,1.0
-0.8405057714375935,-0.6304458405684126,-0.6384158073755317,-0.4862317609021813,0.3670666852607651,-0.15333701809232406,-0.1392340616461393,0.04046979328958042,0.0
-0.8029802895547327,-0.7769542755182496,-0.2444357425711165,-0.48138410349160127,0.1566155917701418,-0.2670052885816531,-0.21996864911151287,0.18520458386733518,0.0
-0.9879439861031709,-0.4829168743315154,-0.4197965505643075,-0.4862688882523394,-0.0010891479814796497,-0.15045545691989576,-0.0370625818973482,0.13925418160419825,1.0
-0.735326832065137,-0.6420640399045798,-0.716994649183955,-0.4913217726990021,-0.048147127953477066,-0.1266951027367595,-0.03534047924297369,0.11508524266245737,1.0
-0.9143385781591841,-0.5214596019672937,-0.5628643147908197,-0.5307999454494898,-0.14035276540835706,-0.2627135138165955,-0.0771653145548582,0.0883598861374776,1.0
-0.9421683740483079,-0.5359077624131695,-0.5420935304342663,-0.49174178136197955,0.3048849295124063,-0.16557968273146942,-0.09879501257987726,0.16757573936032355,0.0
-0.9862038971008191,-0.4673505104253208,-0.4299971936431677,-0.49683382565602896,0.26039566719095647,-0.1479768707148372,-0.0369899154555694,0.16258555056318247,0.0
-0.48853528494744314,-0.48160916754272604,-0.841305481550632,-0.647730533172608,-0.3494498614740764,-0.015502705319896476,0.12938980288983562,0.5343119520317221,1.0
-0.8673587440783148,-0.540620587840774,-0.4932491470838632,-0.5300968143478124,-0.034864507903314634,-0.17943429070508493,-0.13374165820771525,0.31254644027183454,0.0
-0.8355388125651064,-0.7364391843898455,-0.47139924416678514,-0.4775662255514737,-0.5847767302569411,0.05858745286680142,-0.05915002163128503,0.2913563371100647,1.0
-0.9046860663687715,-0.5567437722227772,-0.6040584625928365,-0.4971989386132316,0.32983244205966533,-0.15456908037417366,-0.11408113847418314,0.12651599397872101,0.0
-0.9779272913033515,-0.49719092419271294,-0.43889577873941527,-0.48138752019628994,0.24294023804613285,-0.09841015145807955,-0.09081557902776416,0.1763526868915294,0.0
-0.9766010493366942,-0.5083160276422722,-0.46168147411501914,-0.48442883823385985,0.1803140018452014,-0.12532824128270895,-0.08781720870187468,0.15246833326032072,0.0
-0.7679926263239644,-0.6905182063464717,-0.538274441628539,-0.5329086263060678,-0.5284660499652845,-0.15876213233881092,-0.09634314296239334,0.265148711939153,1.0
-0.9751566159660161,-0.5303077412880781,-0.4675568946320817,-0.4678517929437249,0.2585198530104612,-0.07521148550754939,-0.11095103702575816,0.16337954324586207,0.0
-0.7404392593463878,-0.44919272189680526,-0.7944768406515487,-0.6348925604824088,0.3733648369111813,-0.24179600934517714,-0.14121816159245953,-0.06162727232759879,0.0
-0.9397958265225259,-0.5723688122640229,-0.531022696523353,-0.48420451825966127,0.022206939691295398,-0.12565953768050725,-0.13812446273657789,0.13566955745127363,0.0
-0.9749758191000937,-0.5109675564782825,-0.4737914308925852,-0.479622856756249,0.2919850717637775,-0.0968148482591796,-0.08770985839566839,0.1588537602713491,0.0
-0.8447354271369214,-0.5722467744787147,-0.6749983168049578,-0.5022401977866493,0.39870236011099175,-0.18282626973363292,-0.11579889379657032,0.13285253059817903,0.0
-0.9655515363045615,-0.48924503515078094,-0.4549569647877039,-0.5087774427664234,-0.20095083470570385,-0.19344061142678437,-0.0430024949656533,0.1236914154104984,1.0
-0.9572744776664717,-0.5041766275795521,-0.4882530471581924,-0.4977887562205476,0.3699804549773913,-0.1479945897550924,-0.08068433620150363,0.19853056639222774,0.0
-0.7405845783623002,-0.438243683786733,-0.6636140887684336,-0.5836010527406765,0.200148215016763,-0.20892811119718815,-0.1057074577756539,0.29536878599684036,0.0
-0.9438591890420688,-0.5326639766942379,-0.5586881453587607,-0.4984946646181773,0.30192081097630297,-0.15473377133568253,-0.09527901903533807,0.06627729655860416,0.0
0.04283293300647495,-0.6625430668250293,0.47302536852406196,-0.8626476682920171,0.4985144993994026,0.3727422916550248,0.000888908010589301,-0.20171520201659027,1.0
-0.9106842404238407,-0.3671589321098483,-0.49695420987588096,-0.5573165041515198,0.49757961003679974,-0.19814127836397882,-0.04454587968357052,0.18611869856552932,0.0
-0.9411264549459715,-0.550248733402724,-0.5024190877602389,-0.4870979760670503,0.2296924468989589,-0.11909975241943668,-0.12179634886207621,0.11048617183587293,0.0
-0.9841072183719737,-0.4758788298266249,-0.42523752306631973,-0.5050892040547303,-0.11312863387996572,-0.21781328040655273,-0.01803314164599018,0.09810656199711343,1.0
-0.9618043744809295,-0.5453868032055285,-0.5143282281406347,-0.4826687585613956,0.24431770911901424,-0.10713726315373598,-0.11640154097131795,0.1188429115483002,0.0
-0.9434138860823538,-0.585940336515382,-0.5315938540370235,-0.47345993570958633,0.015379836024556663,-0.10760188963067763,-0.14656642304330197,0.1378179769449598,0.0
-0.9407098087495416,-0.4796954629450989,-0.5079573979020944,-0.535642999804798,-0.13820565561091636,-0.23667792654054026,-0.017456718499175183,0.0888730210835117,1.0
-0.9752661443147804,-0.5163964970066071,-0.4565488281668947,-0.4814189251606995,0.019610801217148997,-0.11002444608688325,-0.08721309670471605,0.12845262763625293,0.0
-0.9879263543886021,-0.46892729036068004,-0.4195754760362606,-0.50101738152342,-0.10550611252002769,-0.20354381677597919,-0.01256529342832477,0.09881970170165238,1.0
-0.6455296100429978,-0.6058382121245995,-0.6631386166306752,-0.5429206006887117,-0.1242223849889701,-0.19192152231041815,-0.03293206281177713,0.4047280255344043,1.0
-0.9324357966635172,-0.5584356897859059,-0.5586086501363272,-0.5053335579192507,-0.1654734426653841,-0.23981876691148868,-0.10853147276273918,0.04988885202051789,1.0
-0.9557075153623602,-0.5207738226954475,-0.499826080974535,-0.4930163660167077,0.26665165826964976,-0.13585104697856648,-0.09883718661004856,0.12048586181131173,0.0
-0.9615401950729028,-0.4780486213149471,-0.48906215258723745,-0.5135362002552741,0.32432026354509524,-0.17327707651453833,-0.06560742428720753,0.09380759640241643,0.0
-0.9703748029639492,-0.4662859380248132,-0.4451937333106676,-0.5312962424212018,-0.13227560785312945,-0.24703609613700062,-0.00884912814668587,0.11379197004792138,1.0
-0.8591277530423729,-0.6250978435264336,-0.6117980620344596,-0.4868520173281663,-0.29185156849343247,-0.1735816186571889,-0.09703832174783297,0.04841938929858959,1.0
-0.8582347593077659,-0.46522826207862367,-0.6025633741597631,-0.5516293439566103,0.011027504580372625,-0.32504021790395476,-0.02008651178266274,0.143796913280462,1.0
-0.969353011156342,-0.45568237822738833,-0.4599322681909777,-0.5222127983897897,-0.04674371961196778,-0.2568001293816329,0.013754793725260228,0.11122709218223975,1.0
-0.9384831619379795,-0.5151882315853643,-0.5050939625086115,-0.5087467341939053,-0.11012685170937518,-0.19565567531199324,-0.06110566473173507,0.12525770293311264,1.0
-0.7385744843034483,-0.541527670375181,-0.5468513479284995,-0.5227628918832599,-0.32321035960159383,-0.15613507633427284,-0.09270123363693733,0.3797917120690344,1.0
-0.9583866175267003,-0.5628052909132173,-0.45324295958676014,-0.47205019403833554,-0.4375591244107359,-0.10530915105219887,-0.10776702680736117,0.11574921776036576,1.0
-0.8150145115023488,-0.5279856309824982,-0.7106485913099353,-0.5640957003951107,-0.1074628041473396,-0.2849173944856524,-0.03841951507218504,0.11356753963258723,1.0
-0.8157939321803906,-0.49845627257996517,-0.6981388985888424,-0.5652071641767169,0.24889573927614161,-0.2676546821573481,-0.08125780526371236,0.13996105455498054,0.0
-0.834286482636194,-0.5307465064917538,-0.6714347565083065,-0.5694459666626202,-0.24995764910709292,-0.19311596559723088,-0.07305947715437934,-0.0008062101914621811,1.0
-0.9485315074173376,-0.4961285932628398,-0.489116536037296,-0.5066486474676677,0.043521763871058536,-0.20295528337151367,-0.03352174107031159,0.13240156157039065,1.0
-0.9069153522275504,-0.5797336945126236,-0.6284314236781209,-0.48119420184273703,0.25036706942930154,-0.10591850371699656,-0.10968107639992453,0.04919771249802993,0.0
-0.9380689174596827,-0.578607509124186,-0.5138827062901081,-0.4808461056426851,-0.48398982377062183,-0.08256550554442704,-0.07176087719910286,0.13186835096783087,1.0
-0.971396635725994,-0.5100538715369285,-0.44881534077473917,-0.4979060900105653,-0.2637201532269827,-0.179539934802416,-0.04598173254898178,0.08976098765947448,1.0
-0.9787892316246086,-0.5359848081843733,-0.45538244504473674,-0.4654138580763876,0.1301736420484977,-0.06803766549203928,-0.11632874732876425,0.1659719300390063,0.0
-0.9608537174054899,-0.542321864362642,-0.4752151295246567,-0.4817541945456897,-0.244734423350015,-0.16968299777084547,-0.09691454279434815,0.08944278872036582,1.0
-0.9331532010317125,-0.5078910660448734,-0.5377032571379591,-0.5154471424183612,0.1792460204351506,-0.21717083436305773,-0.06957905173945686,0.18678126937205725,0.0
-0.9222972142373553,-0.5539470139840788,-0.5587999427437624,-0.5113833813756348,-0.2276302265526632,-0.20893238413331996,-0.1007712762300376,0.041655183419441855,1.0
-0.9655753459210147,-0.5119888359826505,-0.4949311738367176,-0.49729844423455755,0.023741716176510677,-0.18024348752504502,-0.06309185191454117,0.09042603983240441,1.0
-0.8672258468403677,-0.5376167189175753,-0.6691856118092867,-0.533456122256968,0.2309877479618867,-0.13336609679976755,-0.03915534394945361,0.04997143083445808,0.0
-0.9569619355830765,-0.5438753315736937,-0.504470929664157,-0.48969445105323944,-0.05426038538212621,-0.13760847081359628,-0.09935272014630438,0.11746081802297223,0.0
-0.9632669095233757,-0.5444382461696151,-0.4460217262260467,-0.4706420160018603,-0.245940630065589,-0.1450403906763715,-0.10244465247310484,0.15122090358424964,1.0
-0.9580935697863233,-0.5801200398351664,-0.4904383738289769,-0.4542080663084027,0.18130177073132264,-0.021708832703169395,-0.16440811815371956,0.17826169413953152,0.0
-0.9698254115664003,-0.5258301557106054,-0.4706987949203407,-0.4904966605162113,-0.29963346993805573,-0.18599894823739235,-0.07923568408601715,0.04623749425933049,1.0
-0.9670711703369048,-0.5034284069701666,-0.44981008244690285,-0.5043612077751838,-0.36784514525113304,-0.1763972530561928,-0.04164687997256719,0.10425251512274153,1.0
-0.9690244118356767,-0.5603124096249297,-0.4767218175157075,-0.45512112019622836,0.022006205179981017,-0.05203614558686667,-0.1357619315456096,0.13194380081123225,0.0
-0.9668192023639434,-0.5432985480781806,-0.4571717057377612,-0.4813382933968092,-0.3962637509805891,-0.1248704039621463,-0.0891382947349611,0.08284735876783883,1.0
-0.9504364847669622,-0.5664947416581182,-0.5007232623593478,-0.466952459987474,0.17665118691387582,-0.07981627520528053,-0.14179447602321865,0.15831387033684483,0.0
-0.9724542531288622,-0.5285512155352756,-0.46757375303386134,-0.4739214707587225,0.1547582805060923,-0.07940307042035462,-0.11384438815538181,0.15614054330970853,0.0
-0.7842207743681937,-0.736293354849625,-0.5238853725653598,-0.47751134251457084,0.10338721962832093,-0.03495738871602089,-0.06650638402485626,0.12196577104732471,0.0
-0.8523312769626055,-0.5076667308296714,-0.6144235684872694,-0.5694035357758891,-0.2869777291343421,-0.2306857617845121,-0.08413549140115005,0.06402635749300079,1.0
-0.9845321522513398,-0.4897054913600889,-0.4220306623183347,-0.49039482183085337,-0.1375454483743772,-0.1689167529439034,-0.029692160714185192,0.11831440272722918,1.0
-0.7942059572275129,-0.6703713032810904,-0.5250800119979057,-0.4943557614095108,0.3151149097649736,-0.23804354836516411,-0.1397473235004559,0.15200744625030868,0.0
-0.9203841654731515,-0.5099482471498624,-0.5448704679758046,-0.5462536769439625,-0.28360419799241127,-0.2538161131649642,-0.05503409878819521,0.045873195906044564,1.0
-0.9231070666629594,-0.563978406748829,-0.561295973508729,-0.5171798536370771,-0.31688304273057305,-0.21783541534697437,-0.09135682739064555,0.04399601906434214,1.0
-0.9745246389594305,-0.5220481043254226,-0.45883678257907334,-0.482437589634663,-0.02685813804694091,-0.12667071084365736,-0.08317468779075238,0.1402288878580054,0.0
-0.6588142846029482,-0.38997680499687226,-0.8414261680956197,-0.5715244361863803,0.2383822458028641,-0.2853039742593084,-0.04259706930942968,-0.03471219522183397,1.0
-0.9545073825495982,-0.5715729996444525,-0.50834641191605,-0.4744134650288306,-0.1432612869691109,-0.09942956195829247,-0.12428890226159825,0.13569369975144957,0.0
-0.9870605679714718,-0.4715846439172513,-0.4188449812927283,-0.49130807019361183,-0.015982834716891676,-0.16205023645563474,-0.0027421819268768216,0.13373095764108492,1.0
-0.9734010306465573,-0.5022340103872117,-0.46728950997800905,-0.48601619487053777,0.3321308978990035,-0.10643163912679716,-0.08379900512106249,0.16501395740946118,0.0
-0.9881992384008017,-0.47690815722357627,-0.4030474943940515,-0.491581301443067,-0.1754070820162548,-0.17650044761770844,-0.010568570307015426,0.13051593815633808,1.0
-0.9689885625434705,-0.5413171348599082,-0.4392961910465084,-0.4827986419128161,-0.3255488704177744,-0.14787794156753725,-0.08344311797695811,0.1437366811635099,1.0
-0.8848892518323274,-0.5243840509664272,-0.6066460521958719,-0.5216520309183601,0.39432515364442083,-0.2143744664757778,-0.11578063912441978,0.1609028767334831,0.0
-0.9240755420738817,-0.5658103466236449,-0.5101760545250021,-0.513915695666022,-0.45053627977643884,-0.17494871637346904,-0.09704956339485996,0.10792674078795672,1.0
-0.9430133894819837,-0.5053901113234647,-0.5275300917100543,-0.5174955850410279,0.2698764293214297,-0.18322990566656067,-0.08939092668530801,0.17818406052459146,0.0
-0.9811969872878215,-0.47680985452811925,-0.4348464874002181,-0.5063554613175087,-0.20306329237521817,-0.20382576757108567,-0.03415109680856717,0.070804949434118,1.0
-0.9775852407144094,-0.48069858723014736,-0.44933592556684465,-0.5084691754479219,-0.16615734923910505,-0.21075973837536638,-0.025182216404758102,0.07353590976043266,1.0
-0.9540145444953655,-0.48940912458191427,-0.5268976671099685,-0.5122588985124292,0.3066382941072984,-0.18812732070484411,-0.04679170513835531,0.1444455071271551,0.0
-0.8000084439248186,-0.527399451428398,-0.7424530902849578,-0.5591677349418276,0.3046940811590228,-0.23858028193229455,-0.12153013726237055,0.15037185156382862,0.0
-0.9180017295569858,-0.5759097426828027,-0.5810118617124593,-0.4866658174344864,0.2609003543587984,-0.08845846331988137,-0.1387377242241239,0.13740762837112766,0.0
-0.9697728019539777,-0.529947263194805,-0.473599284526436,-0.483926759741083,0.13500951107333772,-0.12206226547049255,-0.10376314840923376,0.1506406674846938,0.0
-0.9873902815961635,-0.47820688308195614,-0.4271897406752386,-0.4884555936287598,0.222786098459213,-0.1204815889080679,-0.05752214810139838,0.15155074209789637,0.0
-0.8768665679117187,-0.649719883493572,-0.5307107282341063,-0.44651961233844084,0.10187246808463202,-0.15406279798680286,-0.1607549141124221,0.2692899457094575,0.0
-0.957151033318555,-0.5743817584720236,-0.4608289933455014,-0.4682862998112434,-0.28443863751950604,-0.10439178753559049,-0.1422443386181837,0.11083374485589186,1.0
-0.9334867932787488,-0.5403289516077133,-0.5849765213071136,-0.5014730997973254,0.16776421539889097,-0.18338125380710588,-0.0984532564921872,0.050759016092822976,0.0
-0.9553488507861814,-0.548733871824763,-0.5383563319606748,-0.4808481820225742,0.24814805557422037,-0.1031944153064972,-0.13134358020211082,0.10437453270560212,0.0
-0.9393655612734128,-0.5841027671031284,-0.5063968988303348,-0.47947527240624405,-0.40348813457938015,-0.047140644160230824,-0.04903276615114355,0.22029230894570467,1.0
-0.9894090492850209,-0.48765379536899534,-0.3944867083320377,-0.4847969730429259,-0.2554895261985599,-0.1513934508236546,-0.03697134007068992,0.1102279358032994,1.0
-0.9659992977918331,-0.5156827307520659,-0.4656806183169775,-0.4920176872223934,-0.18310718810590057,-0.18925970550195953,-0.0696467935591863,0.09765209333056532,1.0
-0.9807708318363744,-0.4945545662878928,-0.44652206735309996,-0.4843529906499874,0.2049604638426157,-0.1135329672946179,-0.06987944860030157,0.15631896207323334,0.0
-0.9729798399705543,-0.5270263718358107,-0.4491815272889888,-0.4829868031546478,-0.12748623742053505,-0.11908491170275509,-0.08437611234791868,0.15717233938437933,0.0
-0.9362729573829395,-0.5976550229304399,-0.5461138526219007,-0.4609465226762776,0.1500136125372392,-0.07000791244609947,-0.15304118687417767,0.1437841488626978,0.0
-0.861116226505451,-0.6601785849986284,-0.6361565937391893,-0.46530987048233957,0.15273927066071635,-0.029183401614755536,-0.07992053680286337,0.11504427497528796,0.0
-0.8754212588234417,-0.6909365627559756,-0.6144938984842379,-0.4354990569839919,0.007459730651534692,0.12131498912403027,-0.028399158024940495,0.20856071785509314,0.0
-0.8375863712094263,-0.6850934394140762,-0.5979373552166335,-0.44083083053084754,0.30655986510813016,-0.09011195178938591,-0.14495349114149916,0.1369434806531973,0.0
-0.9831356795803965,-0.49902645005366303,-0.4531859110235568,-0.4763586976778385,0.26973015787102134,-0.10999254622501772,-0.08278246314871743,0.12437232870971254,0.0
-0.7014372579385947,-0.423653231289865,-0.7208926231866818,-0.5014330821336006,0.24075081034661328,-0.3781719041695416,-0.11394982486063474,0.3969617556297258,0.0
-0.9833099409017543,-0.48387811059079294,-0.4431094231393068,-0.48237204687118085,0.3162561835398795,-0.09020999225355361,-0.07098180605003496,0.16704508819458352,0.0
-0.969602244998648,-0.49732459372729254,-0.44646615947853,-0.5098811842209753,-0.29673514775784415,-0.2104652014660303,-0.03820949671435588,0.10176610777594268,1.0
-0.7799568446180329,-0.7661012368711779,-0.35066326083140464,-0.34805667596116535,0.08037536970775153,-0.5046469437907894,-0.12276625877200675,0.24732590463525936,1.0
-0.9628303806569629,-0.555124492111961,-0.4932238385196392,-0.46817265121095186,0.2212688964793691,-0.07443449793804795,-0.13722326045665134,0.13112720755861684,0.0
-0.9584559608700205,-0.5515269373583274,-0.46336245009960486,-0.4858841593511757,-0.4853768358839097,-0.13164052368562448,-0.09503325479855461,0.09682839249596137,1.0
-0.9444168509645895,-0.5419661659524309,-0.5294500467745532,-0.477497588467937,0.15789215878405946,-0.11993360720136398,-0.11088240246689153,0.12497586196173328,0.0
-0.9622858024073672,-0.5332367004467544,-0.4866320054201517,-0.48279063327218974,0.18903047823765007,-0.12562965176331573,-0.09473077862815563,0.12758808575468472,0.0
-0.9733825719061939,-0.516771972272222,-0.46220979439555443,-0.4787042961526285,0.2101597081552377,-0.09104412649249377,-0.09377476884164568,0.16833992190786973,0.0
-0.9562773649299967,-0.553269509143217,-0.47236354638706624,-0.47450557262237514,-0.2784120037131356,-0.14855602612488444,-0.11408063075550269,0.11445438430644615,1.0
-0.9787115814848575,-0.4766513757761877,-0.4414110959543964,-0.5075022852943321,-0.01593860601367539,-0.2008092544172187,-0.022382277562773015,0.10892777660982034,1.0
-0.9688777226697209,-0.516260753654356,-0.47640283773712955,-0.48473217693418347,0.3026419404270094,-0.07932386405130148,-0.10402464657321205,0.1896635085372041,0.0
-0.23925560069129648,-0.2894412954116525,-0.9580123254762221,-0.39699295168916593,-0.9741366150211478,0.5468933462595299,0.9497554224190259,0.01759696367762678,1.0
-0.9433110349292579,-0.569769110013304,-0.49604830525784904,-0.4857263851217221,-0.4995440259562811,-0.17220036986032589,-0.11284988003671349,0.03536185418979455,1.0
-0.9600716385935169,-0.4829983737496977,-0.46142876813803557,-0.5136893058670832,-0.11879205957376163,-0.23435526644281954,-0.008655247383324169,0.1540457658387419,1.0
-0.809450193539125,-0.62836993059253,-0.6785783500665494,-0.5154245678253658,0.4488965663540364,-0.20660396064840875,-0.19088021597614294,0.030345984200397663,0.0
-0.9769074064066141,-0.4864474917796498,-0.43043632666080806,-0.5029415963884549,-0.2651476173136742,-0.17911482114486849,-0.030719879327572343,0.10168976864262855,1.0
-0.8964681057764531,-0.4843710246079664,-0.6038109840577963,-0.5301974281971162,0.44643687546309047,-0.22423341286434723,-0.09335732345645016,0.1143309375192414,0.0
-0.8429113616471549,-0.5873382504419071,-0.6690456128221318,-0.5172311217612658,0.21466975354873538,-0.23880617944355464,-0.1545824578470894,0.0762916034603435,0.0
-0.928111325146725,-0.611432323518582,-0.45414500080753056,-0.45187682653181815,0.2061685263581263,-0.05290092252252876,-0.17374111000697387,0.24468582843949738,0.0
-0.9653558013933878,-0.44955932869584597,-0.45887828054851837,-0.5270618926894035,0.020301796373004014,-0.26048913075496727,0.014654807100482933,0.14510923205057727,1.0
-0.7795424864244119,-0.6867499144514588,-0.3770744313744311,-0.4910854087431964,0.3344425783336371,-0.1942933145346588,-0.16910027930943916,0.04360062501307424,0.0
-0.9778003308821775,-0.5112846827725354,-0.4484281936393968,-0.4847666796953612,0.10783381558325078,-0.12999249179958944,-0.07986886430344863,0.13591173127836184,0.0
-0.9688856077266899,-0.4558410697294075,-0.4510220114747206,-0.5229887778286774,-0.06047871960913996,-0.2617989784347099,0.020576422977919867,0.1354068560516269,1.0
-0.9712050835556749,-0.519393203905059,-0.46465850733497155,-0.47353907745324836,0.21306025536103143,-0.09051232179368665,-0.10508412601083829,0.1582049514125505,0.0
-0.935112399414368,-0.5191676929008808,-0.5522443395507696,-0.5171852177623787,0.3141820703819624,-0.2157083577233202,-0.0971140228412485,0.13038317229451704,0.0
-0.972053178811969,-0.5265011604526539,-0.485062306505926,-0.4839125546878868,0.21931484958081104,-0.1003376739559839,-0.09636534639088572,0.14040104334400944,0.0
-0.3150057790711436,-0.59101684130416,0.2616161089803002,-0.7522203320039011,-0.27756663782191404,-0.07625310850360274,-0.13414941788963763,1.0,1.0
-0.963894522388714,-0.5183939328923863,-0.4798313862546185,-0.4789469290543143,0.18606190839550957,-0.0827303842241561,-0.09065913012661402,0.14026928622263166,0.0
-0.9725945770537684,-0.5139639280504966,-0.47107792930691106,-0.4863811546456674,0.11416194081023531,-0.11016417612679126,-0.08943361714280079,0.141540393303489,0.0
-0.9077769639673849,-0.5989079171327915,-0.5877743103749744,-0.49300600369249453,0.09808132972855912,-0.17420305825391957,-0.17010604552640812,0.10924402000091657,0.0
-0.938639224766564,-0.6243236645194425,-0.4979250692520201,-0.45954952380680336,-0.5475899705643018,-0.09923721025372148,-0.17907286808897788,0.03631130905359861,1.0
-0.9328116491502003,-0.6419190452004817,-0.5107739474727611,-0.4312239012767406,0.09614378438105747,-0.02521252886081149,-0.16859686390824025,0.20124183505072576,0.0
-0.8952209267634323,-0.5006601944501667,-0.5426249504986616,-0.5279730389822992,0.06640789415306211,-0.14159834597132204,-0.0704457313164196,0.29710513764696367,0.0
-0.8761607250115402,-0.5539832984782574,-0.6443053185472959,-0.5311283679555189,0.39581378714775284,-0.22948612220324943,-0.15753139972855795,0.08479144316723278,0.0
-0.9861523579212812,-0.5131230765443511,-0.4082236966330264,-0.4571391524019731,0.09882952093993755,-0.027133285266930998,-0.098284444341046,0.20896227592667316,0.0
-0.9692421437158413,-0.5122474784143968,-0.4843451962538298,-0.485357086257728,0.2984521357478291,-0.11666573055869586,-0.09862145305136791,0.12250897404678271,0.0
-0.9888689290984675,-0.47539873677528277,-0.41598973833133873,-0.4963820139348021,-0.08115692034328853,-0.1828046904376988,-0.026864139701934173,0.09785972953555122,1.0
-0.9865184048653054,-0.49802595272294237,-0.4358910641239211,-0.47462109235429256,0.25013498706116605,-0.0854147414740079,-0.08281545128144059,0.14798295817046803,0.0
-0.9557632563793397,-0.5491165878109979,-0.5025538311900869,-0.4743418326436043,0.20175769479928818,-0.09265483022369739,-0.13956369697349527,0.14578612543146285,0.0
-0.8816908718665443,-0.6517508538047303,-0.6088333186974789,-0.44665609535631445,0.037384421164521606,-0.05314101252563748,-0.119146727921715,0.1273314459524723,0.0
-0.9608944210403878,-0.5437447192087566,-0.48165405753219,-0.4804287595826672,-0.27391936822531104,-0.1695424890140458,-0.10548045231873976,0.06472842510145312,1.0
-0.48926419990216,-0.9448525098690849,-0.1988466488397565,-0.260786968311987,-0.022975806020530638,-0.5384535449070255,0.33784683994628223,-0.5389129591282437,1.0
-0.8711306068279934,-0.549793086111377,-0.5919985801136162,-0.5346623776683483,-0.19793554008747358,-0.2252918091682975,-0.08924374231799242,0.14850481273411548,1.0
-0.9729504315950969,-0.5511020018108097,-0.45433916373819905,-0.4533761631412353,0.14937263237718143,-0.02796565315816879,-0.1348753821597578,0.18411227905482147,0.0
-0.9654173200209546,-0.4854704598837543,-0.4844827997171868,-0.5028306443529659,0.23346765826797816,-0.1841024571021987,-0.041910330210386273,0.13852967697263618,0.0
-0.9014418712958788,-0.6266161855778066,-0.5066317293075643,-0.4838816799011352,-0.5581079997209473,-0.15240394388648779,-0.1562215907041291,0.08114494323834309,1.0
-0.9318162213195743,-0.5699385572588687,-0.5154781716339271,-0.4852647881590932,-0.27783912229443464,-0.08882285059325071,-0.06628856148585054,0.2270855777555414,1.0
-0.9699700847620932,-0.5326232391006349,-0.45128253888013947,-0.4727125296420487,-0.006020181924981771,-0.06585940327163425,-0.10980693052755383,0.17063152358620365,0.0
-0.9284556210150927,-0.5989994601508111,-0.5359204911299936,-0.4873860013579299,-0.48626686172146355,-0.14873262966887002,-0.14630827894121645,0.05288119656259316,1.0
-0.9510109588713794,-0.5328037816478053,-0.5344019269400194,-0.49587656675585806,0.2452953465460349,-0.15040202061162264,-0.09007828599882924,0.11886219210947634,0.0
-0.9832649382557013,-0.5140934062448479,-0.45508227511168503,-0.4705860144540871,0.23767446154681726,-0.0654654810100771,-0.1025421479659468,0.14322016352999728,0.0
-0.47579713457919465,-0.22035826359598643,-0.7511457251433725,-0.5858640878363648,-0.26375336924373527,-0.10969580030868221,-0.0855104876845424,0.40815020228145626,1.0
-0.9379843330729438,-0.5968349639668765,-0.48516534829645175,-0.4694078707479229,-0.5346269699021741,-0.09946794926628555,-0.1301269894317019,0.09612645291532279,1.0
-0.7767765007950701,-0.44635123135673616,-0.7315753200166134,-0.6296749298838309,-0.05360780875960522,-0.24515914636912914,-0.08641492023152565,-0.017176536902125616,1.0
-0.6553943967827552,-0.7359369539804148,-0.6029228552478625,-0.48610496348735166,0.17210267894132295,-0.1455977113299756,-0.016515853499255773,0.2112835358568986,0.0
-0.9462184888139606,-0.5754886885640581,-0.4808954034899032,-0.48111744529345796,-0.4484262172384893,-0.15041537364884472,-0.1283249553176768,0.08656427952533495,1.0
-0.9471715608477647,-0.47226595162282015,-0.5316580693916152,-0.5270585183111955,0.3100858643620973,-0.258895097154788,-0.045120191426508985,0.09139499282213456,0.0
-0.9696919022812287,-0.5288407948785049,-0.4579678294634105,-0.48340250743098095,-0.29720279324312665,-0.13144675557399044,-0.07393969048258875,0.11617626827578938,1.0
-0.9763532367959408,-0.4880874543027834,-0.4586224247343919,-0.5045232688647339,-0.014391270117294016,-0.2011397452810057,-0.030687166556712032,0.09318520869273972,1.0
-0.98933692453767,-0.4736564574337211,-0.3990718459210496,-0.4896764138835711,-0.12299507039725699,-0.14664239175489222,-0.023718688629362522,0.14784774837295897,1.0
-0.7568762388799285,-0.3862583740579765,-0.5622429383579671,-0.5961985908914191,-0.11499848238799955,-0.06602774604534958,-0.016769113902678587,0.405492522391315,1.0
-0.9793406542623657,-0.47650220130289794,-0.42471116732084613,-0.508416853416462,-0.14941121916182268,-0.21254120206219376,-0.016055444773176678,0.14070014347358942,1.0
-0.9679395737248327,-0.5274854113738437,-0.43073953378951113,-0.47787172779146353,-0.25504634274033783,-0.1478775309969962,-0.08249728927334864,0.16651963001808648,1.0
-0.895407018968638,-0.4874282077003239,-0.5351821280799409,-0.5536924281011714,-0.21176053475145495,-0.27194900100851127,-0.028292954427340325,0.16951197990129904,1.0
-0.7557378739814714,-0.7734363944855047,-0.41142521236277846,-0.39037514450888566,0.17313623397990208,-0.2245795779037051,-0.0777306931474749,0.4176166636394952,0.0
-0.9893936618364167,-0.46047554381233724,-0.42109281560396117,-0.5033040387162987,0.035794029497197066,-0.18895966829088592,0.011196586177958046,0.13978795694872106,1.0
-0.9642826662944107,-0.5189912003769108,-0.45683454744472685,-0.48624510904846624,-0.20330964720210604,-0.16579161148809002,-0.077176504973672,0.12198494831069713,1.0
-0.9922918384996159,-0.46769250933573614,-0.37938377876650287,-0.4921788688272619,-0.15174118133389947,-0.1592480877469641,-0.017147363642276175,0.15309903342190365,1.0
-0.6604391063547873,-0.535939211391839,-0.7369398523823798,-0.5642521715427928,-0.22520494906876656,-0.22436952443694297,-0.043072032316753835,0.3626221924462379,1.0
-0.9410645754074579,-0.6018951076605902,-0.49785836677977957,-0.4652777107768697,-0.32820056706980405,-0.053552079929084145,-0.11104288493643177,0.18764452539400744,0.0
-0.9667027861464456,-0.5173008532223654,-0.4800759421442764,-0.4813922464971056,0.3428299368495198,-0.0810142202373893,-0.1025015952081555,0.1784131658547457,0.0
-0.9121369793090479,-0.45393810481633284,-0.5288203350100683,-0.5696001156190567,-0.04793282937830154,-0.2558927869188381,-0.031075709350450918,0.12449195883277092,1.0
-0.8772579769942056,-0.6490321265489092,-0.5398183843066068,-0.4913640801214156,-0.5711631620517852,-0.08326761600639657,-0.07484383882369633,0.24232367715033898,1.0
-0.94054375249754,-0.6131052587804744,-0.474246537062139,-0.47218719202219184,-0.5955199872953075,-0.11717625732699305,-0.15666556800421888,0.02714038569645867,1.0
-0.9336610036186348,-0.5288059474956563,-0.5185535314223805,-0.5112526321146306,-0.3409414721978899,-0.20404627013681217,-0.08744914521863423,0.0271924920563473,1.0
-0.9574109674860473,-0.5159666776346988,-0.48263231557809333,-0.49992889576279337,-0.20438099594825196,-0.1591916205380403,-0.03914190706305515,0.1717222772440731,1.0
-0.9835727323672687,-0.4996339820860592,-0.4420885783797752,-0.4835783931749664,0.14178330061935449,-0.11848384506601596,-0.08179589878719075,0.1348242858759346,0.0
-0.8417381063521486,-0.4676550443562524,-0.6420150768854006,-0.5467839167474171,0.24130070843032286,-0.4344692634679336,-0.06923612590414521,0.10360716167281699,1.0
-0.9811577086052776,-0.4993421474998555,-0.4433879431218735,-0.47873941420151306,0.21888852932884628,-0.11334009421714955,-0.07802331034618128,0.13585034759989695,0.0
-0.46198467030562246,-0.5040087106590385,-0.8042290591421573,-0.5316756043370046,-0.4364791329002916,-0.2109068285891615,-0.05979383777191161,0.27362699963736936,1.0
-0.9423356128218067,-0.5310006343008397,-0.47874607058876484,-0.501483544602268,-0.40874997416006825,-0.12620661328970642,-0.0553081693243201,0.17201954494596547,1.0
-0.9824927255840811,-0.48646221250699867,-0.44435996037412406,-0.48798988560330897,0.2603571555353659,-0.11920552977115702,-0.06140977780780785,0.1744211659908018,0.0
-0.9446880979156081,-0.4979556498848756,-0.4605188282271081,-0.5179184998534434,-0.1807766996970632,-0.2245358785942655,-0.027149597859790084,0.17176727522391438,1.0
-0.9548378906891171,-0.5265239553419795,-0.48960719829064464,-0.4959873202386815,-0.2626553750972198,-0.17785097019787702,-0.08553128444638655,0.0840517551712118,1.0
-0.9393214483940248,-0.5592655737419927,-0.531333147923884,-0.48848227648681813,0.1091286082156975,-0.14898008772176383,-0.13202931575837412,0.12085230370465043,0.0
-0.9656797737048907,-0.5360727383690688,-0.4640591874659978,-0.48470574857279686,-0.307071911423409,-0.1493536346013188,-0.08864077111223145,0.10485639585238754,1.0
-0.9704443032741746,-0.46985011861503245,-0.45020915852127585,-0.51871636930738,-0.06826144603339931,-0.2438405055858091,-0.003761561170636085,0.14130889241115605,1.0
-0.8411419544738983,-0.6051351072880368,-0.6585338010299309,-0.5220784819114727,-0.2706434797591578,-0.26673713167936874,-0.12964445315083764,0.0745506901294899,1.0
-0.7787898092827343,-0.454940997873026,-0.6454719193003728,-0.5541550136524886,0.21744120606148679,-0.23637779479618592,-0.10927578102898561,0.25949976784510065,0.0
-0.943717151526785,-0.602379011749535,-0.5055789295166684,-0.4681398643194128,-0.5351597584408017,-0.1339436095186265,-0.14304589919939759,0.014743055322275031,1.0
-0.9550236100425653,-0.5405232302199895,-0.5149274300926809,-0.48081320504108216,0.26750431063936825,-0.11373623394096741,-0.11468398868043742,0.1394832263597382,0.0
-0.714256964317336,-0.660901558831779,-0.698802877372812,-0.4419211321973489,0.2700357787060378,-0.092560221302115,-0.05616466363176834,0.20843670924313265,0.0
-0.9552284806578513,-0.5606882922157866,-0.47354585038935915,-0.4861142678566291,-0.49163263680553326,-0.14770459485972848,-0.10213805969280133,0.06814460787746317,1.0
-0.9109594725812858,-0.6116575039588027,-0.5119370316032418,-0.4866173054368822,-0.49823316965171266,-0.10177270035169789,-0.0894272608416241,0.17115173060048522,1.0
-0.9399470931277286,-0.5514570939906888,-0.5156189976382792,-0.47330925334434,0.325217367428871,-0.107419886759737,-0.12825601018455288,0.18334764902465261,0.0
-0.9770808806257428,-0.4910364415251023,-0.4487648004233979,-0.5032233500261779,-0.0818442800842654,-0.19557418407318555,-0.035830038040998366,0.10370254749084527,1.0
-0.9601400672674237,-0.5509428593150137,-0.4811813790096964,-0.48952993248959775,-0.4111750069369771,-0.17063848259545275,-0.0849338031144141,0.07441688835176359,1.0
-0.9454347337671052,-0.5433983567434834,-0.5355443418972747,-0.49052949477043567,0.287039091366788,-0.12829951987378635,-0.12142383677990651,0.12424161014120405,0.0
-0.9006818521221028,-0.6519181928539496,-0.4809865409262056,-0.4682820220620886,-0.06029153041183591,-0.17041460521348464,-0.11535225584523648,0.03815866071922276,1.0
-0.968704478195746,-0.5485162364270421,-0.48609868934285994,-0.4671237354042294,0.09794182766083656,-0.08082945323509715,-0.12987957878471518,0.11548315358303997,0.0
-0.9781626008860873,-0.5254203177824354,-0.4730477890732735,-0.47426056777405057,0.22675936246122336,-0.090210432149359,-0.10464734252739888,0.14873700272923462,0.0
-0.8770763662898257,-0.49476115735946646,-0.6344055405497613,-0.5590009234328109,0.19570754676726462,-0.2864284248111709,-0.05640747967940959,0.132983037877606,0.0
-0.9570468994518231,-0.5522660664594329,-0.46870624782875253,-0.4759493125595632,-0.29254227489672274,-0.1629068115445405,-0.11884642482852391,0.09389736911872301,1.0
-0.960620703977153,-0.5231543244693949,-0.4692465963762201,-0.49272214623664456,-0.17417990653755736,-0.19104024288293686,-0.07448589901680608,0.10318589749781412,1.0
-0.975017134634631,-0.5264812295185878,-0.4502716368664491,-0.46786292940056423,0.17577371557735114,-0.04946376499910045,-0.1221503001631864,0.16698244076952487,0.0
-0.8877159700933889,-0.5798202167393811,-0.5759408234749298,-0.5134066599452772,-0.3332140739608249,-0.21708749650653922,-0.12223507054284241,0.09952839342185128,1.0
-0.974644655641728,-0.5231880688385295,-0.43962150459371613,-0.478904940985598,-0.021495926765770255,-0.09638545188418002,-0.08770811300443154,0.19066985498543854,0.0
-0.9129884908829127,-0.6042006151738549,-0.5399836709210325,-0.4802112063343221,-0.10765374952371388,-0.13206533429790832,-0.15016898008382487,0.20476143587858048,0.0
-0.9882053677849519,-0.4714456623767985,-0.42121294213432303,-0.5018252987015124,0.05431618254951408,-0.13665404176472837,-0.025299921472123364,0.18011487149654254,0.0
-0.9255922277317225,-0.5498346977231107,-0.5182669395690743,-0.5119428371198159,-0.3538009250807091,-0.17934531478847204,-0.07034603769362936,0.09015061993206362,1.0
-0.9770761411558607,-0.47354257600618865,-0.4310710749716776,-0.512321944039704,-0.12918331360634805,-0.1999467293183271,-0.015315902095517878,0.11661388721935953,1.0
-0.9614935538853123,-0.492648341456175,-0.44112622654455974,-0.5092801010726055,-0.30169793862229566,-0.19030246395759065,-0.05013729634128757,0.1297429302315925,1.0
-0.8468509544829811,-0.5798504291378975,-0.6608974473728683,-0.52748392951611,-0.056093879885782794,-0.25837922588413265,-0.14091566942554862,0.06832383498483684,1.0
-0.9879835861907988,-0.4813165979986512,-0.4306599045654156,-0.4835684976140695,0.3140862227327351,-0.09705621198704947,-0.06386409293985032,0.15929868147953605,0.0
-0.38592277058966884,-0.6393462453371318,-0.8811921250830808,-0.4882781240899939,0.11253155400134743,0.2468791363075029,0.15973538930724113,-0.09173119386513842,0.0
-0.9654551491121355,-0.5458406537718654,-0.47784997645241173,-0.4839351161700388,-0.20144806273334925,-0.12687955157675374,-0.09410596011786816,0.15195926281360625,0.0
-0.9906494831172216,-0.44195923848903723,-0.42469522822887645,-0.5104371691449512,0.2608019946753252,-0.17876985237758158,-0.011866430091472452,0.1374477708437155,0.0
-0.9474008694008642,-0.5237469866533563,-0.48387916362788347,-0.5133497090592672,-0.3560451373771442,-0.19676847354540036,-0.07312170362410092,0.07321495851498022,1.0
-0.8691369659633991,-0.6188993072639226,-0.6073821756739481,-0.44783864276072227,0.25801622311918276,-0.06134485660731802,-0.10406512913046706,0.10261514099967999,0.0
-0.9541548598652765,-0.5744921673542466,-0.5341921703017407,-0.46005342785207354,0.2659091781156488,-0.07336040587935413,-0.15680370031133767,0.1017893024192863,0.0
-0.9581920294063334,-0.48789070625192116,-0.4918647174885842,-0.5071641751818037,0.2892762845963026,-0.12749638618271325,-0.06372149066661131,0.13731775376352337,0.0
-0.6595951213223321,-0.7826980622942403,-0.4893317719326043,-0.4867733032655197,0.14689540942441168,-0.07693988501869735,-0.06584089324954068,0.1638023448906501,0.0
-0.9883329010420281,-0.4766027429371029,-0.4174991739491942,-0.49255507251076003,-0.07656049176382829,-0.14349440786899828,-0.026027399215922682,0.13694802059838324,1.0
-0.9499702739279696,-0.5451030584940113,-0.5045077565062627,-0.4883284218321523,-0.26904389430108266,-0.172110344127998,-0.10697895874624058,0.05519372343247951,1.0
-0.8985989467282833,-0.6474112588033508,-0.5442164249996246,-0.4347524246974259,0.23783988154677266,0.018509397201947775,-0.08488504425725377,0.20758548893117318,0.0
-0.838715017508261,-0.5568610188924342,-0.7065696707694433,-0.528639872902043,0.4315876811814494,-0.23076983886872113,-0.12761568288507508,0.08534350459017495,0.0
-0.7931340529836586,-0.6600246485152491,-0.7326382948216337,-0.48603136853566475,0.3504456076157929,-0.15529329731216096,-0.12599126976372932,-0.026277412221539204,0.0
-0.906415216962194,-0.6307481347601334,-0.5723164448729354,-0.4770332662555936,-0.4378667738813476,-0.0858447835888894,-0.12300057624497765,0.1193594241343789,1.0
-0.9866795883069072,-0.45608741272311426,-0.4145214297468233,-0.5079377657149377,0.008866821926083034,-0.2096276259548728,0.0031466237620426107,0.11342668465927963,1.0
-0.9782895530605276,-0.515634055149419,-0.45025032047378094,-0.4785576350688141,0.1069149493325369,-0.08412810785100527,-0.08503727976317688,0.1726768090381925,0.0
-0.9601021062707611,-0.5394976637194889,-0.5181653004721034,-0.47931848392688053,0.27897989983305543,-0.1169722985354272,-0.11561634297611287,0.1054981375114573,0.0
-0.9838904895738292,-0.4791173080504508,-0.4144000164805987,-0.4936038026060294,-0.11149188059860317,-0.15118419074642872,-0.020508847387324974,0.15586145472308077,1.0
-0.9548963911814216,-0.5252423928998453,-0.4630066101561792,-0.49550511314774826,-0.22247287708844024,-0.17529199845499,-0.07655140991403976,0.12367198100995382,1.0
-0.9503240071711314,-0.5231352384156747,-0.5392812296366073,-0.49099409454225373,0.4572126692363439,-0.1457453155964705,-0.11601995461972708,0.10160859378348004,0.0
-0.9482589543437665,-0.5274457103365434,-0.5161326069165488,-0.494958397998293,0.2654256673701587,-0.15755205068338607,-0.09140499502366825,0.1024883295423899,0.0
-0.43741416344196954,-1.0,0.016715889251003535,-0.12358736050828822,0.4512071413145138,-1.0,0.4720528545312537,0.7706348214466084,1.0
-0.8699135627489926,-0.6161036168052458,-0.6721603333536542,-0.49383911138628134,0.2598659739823662,-0.14829854257789551,-0.140844451206061,0.07326728382723943,0.0
-0.8998984960212465,-0.5313312597744894,-0.575398223012204,-0.5163249449989156,0.24823659009746774,-0.16863717397238284,-0.08722062122961366,0.19209454329299597,0.0
-0.8985620206029371,-0.5037458168442402,-0.6128545274754962,-0.5574415663351664,-0.034887472497316954,-0.3317427715033592,-0.07606576999461494,0.02582073300068348,1.0
-0.9368055514226465,-0.5408511756853395,-0.5292317036562499,-0.5028158717794012,0.11243101748319753,-0.15967745345651502,-0.0950279829469002,0.18594127407092556,0.0
-0.916111339283183,-0.6286883206812467,-0.5963548395770032,-0.46181141186683494,0.1251556165253799,-0.0727478011626426,-0.17486829473573545,0.1015006011017067,0.0
-0.8065355554507478,-0.6319697546304095,-0.7057534096692262,-0.48055023468039043,0.350151545785173,-0.1063507802587107,-0.1310687747872688,0.08464203718538607,0.0
-0.9709606689722257,-0.5247587559992051,-0.4602910513095766,-0.4752259269956463,0.14422386863609649,-0.12412438138896506,-0.09282783550928028,0.17046451973193028,0.0
-0.9549455334055318,-0.5606482312259534,-0.4977455791667381,-0.4758729856069813,-0.08898897557991993,-0.13178570823055646,-0.10810151177834756,0.11353251867346405,1.0
-0.9352468939056071,-0.5800214751513516,-0.5243243519501595,-0.4883595368963278,-0.4416483093775388,-0.15212441323173026,-0.1267370035838586,0.05344842418238091,1.0
-0.8385946348936567,-0.6609453027962165,-0.667458494571519,-0.45143973077572386,0.15097422069226438,-0.017281706864502117,-0.08222985092063691,0.08450816019422647,0.0
-0.9503434810375995,-0.5595221607553396,-0.5149871967268357,-0.4653916118529271,0.23597427832555296,-0.0653619329344187,-0.1257257306742371,0.15872355089380097,0.0
-0.9792953044658802,-0.4518950232207512,-0.4417028305572411,-0.5236606533813072,-0.026635072464271842,-0.23800508433063833,0.009898815570134833,0.12474068844565056,1.0
-0.9852198253921378,-0.4655585435580092,-0.43206677488358314,-0.5092980583436292,-0.0487252089136727,-0.21458942839090828,-0.007803869081935658,0.09608939083635594,1.0
-0.8877581406325673,-0.6078437901411133,-0.5483468113815332,-0.4810487339005585,0.030244330985877345,-0.06860483901861288,-0.11642293981431753,0.25522708646555436,0.0
-0.8955111671620161,-0.5677944919895928,-0.6072219292612017,-0.49413773949234213,0.3200022409589364,-0.15629535555097643,-0.12197931068910428,0.10723810680640158,0.0
-0.9712149903232161,-0.5093380137632123,-0.47468156584479426,-0.4837743736641398,0.25363224348522057,-0.11155634790540012,-0.09993924036358116,0.12684056567428945,0.0
-0.8520829445467362,-0.6844739939927151,-0.4618237266272662,-0.49228237497499855,-0.7047819317186824,0.007119539179639173,-0.04853980110412938,0.3473500795540595,1.0
-0.9858902574174548,-0.4798567833248036,-0.43641683056046754,-0.5021873224742011,-0.09746844371639703,-0.2159888910462917,-0.02397395846096561,0.06416645380146928,1.0
-0.8612461482660325,-0.6654983259021552,-0.4886473064824491,-0.44002824420763104,-0.17886122736080773,-0.29009803390154165,-0.14888994185627114,0.3082264884127832,1.0
-0.9473154973112623,-0.5164504076198962,-0.5082225137459031,-0.5151526774686732,-0.13055928620885032,-0.257627512695348,-0.06280037036839091,0.06818993926539327,1.0
-0.9784828739955013,-0.49093738391108566,-0.44968750667722507,-0.5072178375551387,-0.1444187686154127,-0.20224575401421557,-0.02911673917077101,0.10628736749220791,1.0
-0.9690275820728707,-0.5150237609133352,-0.48195188038109954,-0.47870867016157365,0.295783378766453,-0.12300572776876008,-0.1022065203399821,0.10965668283948798,0.0
-0.9758987357087158,-0.4840779463875455,-0.47120634730883215,-0.4960902444423634,0.3592733875620535,-0.13939825930999974,-0.0571984071799604,0.13906922015418435,0.0
-0.9232659169539611,-0.530761605227184,-0.5633802451052691,-0.5086600510454637,0.3524580927914885,-0.13701688152078068,-0.11820546758736522,0.2221248390668562,0.0
-0.9567748058812606,-0.5680039493227453,-0.4793575256820952,-0.4704032751827876,-0.34911176955753825,-0.13620873640715905,-0.12320464820455213,0.0800358244474964,1.0
-0.987472951195427,-0.4686030616672903,-0.42025634553873087,-0.4936476217640289,0.16487293194861277,-0.14395761154901884,-0.043710104894312235,0.15363237312298605,0.0
-0.4719464416583112,-0.37257269030024187,-0.7407654065771996,-0.588576989123443,0.3667270890607141,-0.29369430661285967,-0.18357125705409716,0.0877364783959042,0.0
-0.9803572429598824,-0.47334097749821685,-0.4195436202662103,-0.5118963312230782,-0.16571731605413645,-0.21603836485021313,-0.007260657127472037,0.12372287261830295,1.0
-0.946537308711551,-0.5178896595319493,-0.5166695003207147,-0.5093801458189423,-0.06967901102621554,-0.23499147931115016,-0.07608284542896326,0.0803933792333216,1.0
-0.9230501013505356,-0.5936648691618234,-0.572324791122014,-0.4716977966449551,0.26363957049620695,-0.1145956094421928,-0.15756418455347235,0.13260739215214712,0.0
-0.9031838693412834,-0.6695279049994716,-0.5992612476286472,-0.4348412299227802,-0.03291314939270797,0.09032296156089242,-0.07291740844740675,0.10847361995143066,0.0
-0.9733006409880433,-0.48597831217734194,-0.4493242906854376,-0.5040942252982766,0.038126527860375875,-0.18986742211865262,-0.029160748383368774,0.12468357405667577,1.0
-0.921996914922497,-0.553880319949759,-0.6027084570122391,-0.5058464066706341,0.26291218668713334,-0.12557196137611432,-0.09294770346349591,0.0892291776034059,0.0
-0.9496214259201012,-0.572223305231318,-0.5420007101813246,-0.4806124906453377,0.1660821205412302,-0.09939525902313533,-0.14866133707444962,0.10264243182693215,0.0
-0.915640082837316,-0.5810721965808037,-0.5683812946891906,-0.48331721530342253,0.33855183776651976,-0.06080179881267003,-0.13578250740456038,0.13120788239881362,0.0
-0.9131791258977807,-0.6393134051315674,-0.5594547146284558,-0.4409218398601523,-0.17845955848497813,0.059112419161990254,-0.08167577131711543,0.17151288654934607,0.0
-0.9712179695863135,-0.46111967033584983,-0.4582728160905703,-0.5158755370243464,-0.09163891896268377,-0.2492517852162502,0.014857530824176568,0.0981223628950945,1.0
-0.8283707481770737,-0.6144532937739215,-0.6297153105035388,-0.468156100313865,0.13248845753871324,-0.07944190223814229,-0.12112593922357788,0.21706326312970878,0.0
-0.9439975050371107,-0.49344448492617354,-0.5223018031309393,-0.5262742216068301,0.03088745561615963,-0.24967889970224147,-0.031737397954667325,0.10763645134428482,1.0
-0.988372491911166,-0.4943066839726182,-0.426772608640515,-0.4725228823227132,0.20726343845251813,-0.07396019017824906,-0.07993773614150045,0.14638243514101554,0.0
-0.919405610171298,-0.5655874484446065,-0.5825556816354902,-0.48765775764279895,0.2503016496414196,-0.1528328485491105,-0.14962435712196565,0.06265604175319185,0.0
-0.9592438708000585,-0.5604920403636517,-0.5031583938079377,-0.46724242871105426,0.17796819461031738,-0.08777274418829054,-0.14635315181444095,0.13199234076417865,0.0
-0.9745308705424973,-0.49110534301847947,-0.44731855050422153,-0.5065903935709934,-0.1480177527768965,-0.2029748177494548,-0.03726629934505758,0.07495279859412736,1.0
-0.872972057431056,-0.608180718071227,-0.6981422611709771,-0.5151186424502919,0.27247762881923066,-0.20576270847250616,-0.15252308237940293,0.011922701709568648,0.0
-0.9487270780779524,-0.5262860133443859,-0.49609426569002396,-0.5132640457916371,-0.30256975858310076,-0.20961706190137142,-0.07320830737199321,0.05437956679268126,1.0
-0.9485580060183034,-0.5924858618388735,-0.48096893211021563,-0.47399360052748085,-0.5702273541818159,-0.1458102192530744,-0.14200804162592073,0.016639357743568603,1.0
-0.9229587070612293,-0.5680193474667766,-0.5826068815887642,-0.5018736689726288,-0.012368424586404404,-0.15190779392778225,-0.10185388762158917,0.12783788888705935,0.0
-0.8742109281696522,-0.5604947330021536,-0.5612548930120411,-0.5325123603529814,-0.3289055266499431,-0.1940006998397069,-0.10711852921581082,0.1547396146941979,1.0
-0.9423245592983569,-0.5038583976628187,-0.499473011172506,-0.49989683307928023,0.2576700631312473,-0.1569509395924689,-0.08215358944808525,0.1493672892642113,0.0
-0.9896543985646052,-0.4570558157962434,-0.3955902985129089,-0.5049686427688505,-0.004635311369931689,-0.19462901362348034,0.001745519459653011,0.1651807400306329,1.0
-0.7489386975900897,-0.5680175248805824,-0.6154492900339358,-0.5539008676527982,0.45502300414980645,-0.17485868759865758,-0.1712020612499062,0.08557280732698856,0.0
-0.9304059909519162,-0.5769271402049128,-0.5714878309628658,-0.48310972101763194,0.18508058073163863,-0.12565258316834532,-0.14615729783560488,0.12704097046091245,0.0
-0.9002840606058102,-0.4784182054161561,-0.5445839901122915,-0.537012650755002,-0.07023507820528573,-0.24682800023742146,-0.032018081548929794,0.12759248586168215,1.0
-0.8768721913020396,-0.5290284352059149,-0.6309809276709621,-0.5239633227066687,0.31026530297769356,-0.18005945724335126,-0.11165341183567282,0.16534057369283503,0.0
-0.9240226862165348,-0.6072085796047627,-0.5664850289472764,-0.48422118798741676,-0.15772215718820487,-0.17371049110063533,-0.17784007413408803,0.05153999761081596,1.0
-0.9578856154458667,-0.570668807297843,-0.4884659572168779,-0.4759960858830721,-0.38892822997417714,-0.1215368034940718,-0.12335910389809193,0.05241480657804527,1.0
-0.9292071540389244,-0.5675014958957514,-0.570728366934407,-0.48524218812912945,0.2686394316896187,-0.1304419862152566,-0.1504177091345374,0.08757208654762495,0.0
-0.9675280449608092,-0.5232035702535711,-0.4706769868825971,-0.48096108318188346,-0.05553619380103026,-0.14297343825731024,-0.0810898209302206,0.10613076940210425,1.0
-0.9624368602770648,-0.5551625628049901,-0.4629892834767432,-0.47929561790930186,-0.4337961252165221,-0.1297625201742657,-0.1035201049736531,0.07129320966043509,1.0
-0.9761226322239459,-0.5297440174327297,-0.45854408434732097,-0.47382379951534853,0.06059667101850466,-0.08435375149386783,-0.10110002923628979,0.14336689916755882,0.0
-0.6780106938399433,-0.5578461599200542,-0.6421380131329942,-0.5139681506798806,-0.3542256647454318,-0.21405079867530458,-0.05405556412704251,0.3724876932038523,1.0
-0.9749128995417738,-0.5193383605353207,-0.45899071938135255,-0.4681461845881211,0.2503405788635045,-0.06479644971269057,-0.10942021467337176,0.15743207769630996,0.0
-0.9828029769880076,-0.5091452681245708,-0.4501683215602703,-0.47526073584446515,0.23784882689896042,-0.08802728702429437,-0.08068283998510044,0.13817688410479956,0.0
-0.9510862716654475,-0.5846081120905885,-0.4964632586069239,-0.4763290037837298,-0.5055764777340372,-0.1388419230347081,-0.13156820131831248,0.01804517086354658,1.0
-0.9886393820851958,-0.46600590144919574,-0.3880000988398594,-0.48956448567602207,-0.1956271675213317,-0.1458215252818326,-0.019922793675027847,0.13926906125035965,1.0
-0.553685030433968,-0.5363736137225198,-0.5742759645381285,-0.5516501623325998,-0.29886718808716956,-0.15409729157385674,-0.10806452438112879,0.2675613407561678,1.0
-0.9261020846965363,-0.5679317704080522,-0.5581730369112603,-0.4819187863826035,0.17346916740557414,-0.12012960705039497,-0.12928411501196635,0.11896333150195586,0.0
-0.9509852405344542,-0.5694316603060452,-0.5397845242358924,-0.47772902644878856,0.24598353073512752,-0.10288666379065588,-0.1572773602355216,0.13162377596110286,0.0
-0.9776097761800455,-0.48471917874323156,-0.4599180930689362,-0.5060465773772255,-0.0783716935592767,-0.21310874437867716,-0.03319144064923918,0.0684810668970282,1.0
-0.9586264525388914,-0.5604284482774385,-0.49179343588679786,-0.4572609354060185,0.055970075325884355,-0.025392637582674515,-0.09256036022541392,0.1695067688093806,0.0
-0.7307520233755064,-0.5723964739272689,-0.7555449059974662,-0.5575156904375336,0.16127401385442397,-0.03298666910468889,-0.11467675442323522,0.05152372931612913,0.0
-0.9668138034000897,-0.538345348427752,-0.4655306069457502,-0.46832438929708964,0.13389593918090598,-0.060759326768234936,-0.11478108850799142,0.1651589368452717,0.0
-0.9005891269876599,-0.6456417780999872,-0.5403798470503552,-0.4834691588544594,-0.5532178039446604,-0.018091509199374384,-0.07049660431447805,0.22579536439494768,1.0
-0.983050286483126,-0.4863976607111384,-0.4554693316345805,-0.4934562712208837,0.27294348019920994,-0.1376911096119834,-0.06229711080210881,0.13289535016037116,0.0
-0.9193332901235579,-0.5514232917268646,-0.5397634905236488,-0.5095271987581313,-0.24953692682337844,-0.23631209686371502,-0.10317488920515464,0.07593346466133719,1.0
-0.9864647230742604,-0.4855879549557325,-0.4318125449980321,-0.49495759627009445,-0.09439989830227631,-0.18102501549453875,-0.03145128543563733,0.09658880202070863,1.0
-0.9763595285540874,-0.4731747615540331,-0.4660733763923059,-0.5081888801741816,0.14718346569689011,-0.2021198623307655,-0.04240887138666019,0.08710261293914937,0.0
-0.8883563461641788,-0.5435492246436151,-0.6410336360252182,-0.5347098197760414,0.33666420160275023,-0.17760020025564172,-0.1165978339811514,0.08537637631272457,0.0
-0.9776651068743999,-0.4886903495996635,-0.44848465064710574,-0.50348826699144,-0.20551876740006822,-0.21299803641686016,-0.027183910210436653,0.034481274440628595,1.0
-0.9465733539446524,-0.48672193773301153,-0.5069695576809269,-0.5197905541723704,0.1828572664644663,-0.22511255359036675,-0.04807162515735937,0.14586706556222112,0.0
-0.9428548656246202,-0.5486286408636974,-0.5439385963625618,-0.4848269700061938,0.2369665773636614,-0.11706680297578953,-0.11915389835330659,0.08821534025989924,0.0
-0.9881924371246671,-0.48166614083517495,-0.4098732279519446,-0.49130185964027545,-0.11471808903958476,-0.14978937216689084,-0.023318469459908855,0.127070436325417,1.0
-0.9582564760704582,-0.5662541937415076,-0.5097645959851814,-0.4736936303581493,0.19612357746910458,-0.1042198432324042,-0.1493146029947875,0.15251973181858616,0.0
-0.912863555460343,-0.5703722128033336,-0.5959261790597841,-0.5171624230463191,-0.11080970672303615,-0.21442370279482842,-0.11277866400113434,0.05333522138546867,0.0
-0.8101094945340153,-0.5484038546861546,-0.6992777389179352,-0.532085673694561,0.381927985203604,-0.21227254807898185,-0.15932043293780584,0.10999849603940054,0.0
-0.9647002568516858,-0.5245838761921385,-0.4354905816362681,-0.48608275156021835,-0.18159217293518662,-0.17057162399461812,-0.08792858587949343,0.1613319823063202,1.0
-0.9300693221347145,-0.6038298306460194,-0.5540808838579324,-0.4672797810864609,0.09756302162813743,-0.07294123241189793,-0.17396358358514297,0.10855449560266173,0.0
-0.9483319921669094,-0.5474879775216434,-0.5266406052063112,-0.484968937074299,0.041888933870554174,-0.08501396409505117,-0.09682081427523584,0.15705519702297763,0.0
-0.8817627895284612,-0.6034212580535293,-0.6194120369625369,-0.4760183423139927,0.27816742074207,-0.11041961895149546,-0.13842398166783154,0.07647407886903754,0.0
-0.9619426645528917,-0.5167248658317928,-0.5037423193198475,-0.4902276738990735,0.2956799085208617,-0.11577006674014942,-0.09167626899229811,0.1245987953638807,0.0
-0.97455170417982,-0.48667737088911384,-0.44466054942656924,-0.48823991452720295,0.23945766609834107,-0.13170859263346088,-0.06868176316083682,0.16796006457204923,0.0
-0.904317050056037,-0.5746504680151979,-0.5218779126070209,-0.5110738037309227,-0.3551638236774323,-0.12625293700569643,-0.09166549379689329,0.20849556956127877,1.0
-0.930995233828325,-0.5778216523625487,-0.5509557141754684,-0.48765978627960427,-0.1533141302506905,-0.22834682110197116,-0.12483806552235016,0.07858771904328943,1.0
-0.9698109357560731,-0.5003813325383328,-0.4554361505954519,-0.5022996493786461,-0.0924524434310815,-0.212112866974283,-0.050587278340570564,0.09418361523846006,1.0
-0.3077037057733736,-0.3668079007000782,-0.7876741452334894,-0.44807762793488265,-0.5181214508976737,0.009411083104641615,0.043644628400924645,0.4646034948767821,1.0
-0.9435871978832613,-0.6106419582302298,-0.5395913475839007,-0.4328550151292879,0.0365034289849355,0.013068461938933545,-0.12883169025549435,0.1474025726379854,0.0
-0.7662219687271495,-0.47350888374616684,-0.7491288210924437,-0.6047338888992129,0.42740823942141976,-0.2560427838582353,-0.13016481354476755,0.07727927425713163,0.0
-0.871952124880863,-0.6007840265095169,-0.6520017812150517,-0.5215325199857971,-0.2090614489969051,-0.23078942961575333,-0.10503126013673385,0.10666244116883998,1.0
-0.9746407060758187,-0.5147552363334704,-0.4851591293568406,-0.4884462246026441,0.1952363945189078,-0.1299969741541595,-0.08398382844667814,0.09365650977712268,0.0
-0.9847924281804796,-0.5000717952398799,-0.4274396439617092,-0.4835008194350224,-0.0896221664019052,-0.14998086129029997,-0.0462123074219051,0.12925235624028716,1.0
-0.7393261899690196,-0.7679748004295787,-0.2116669612093302,-0.36082043615334347,0.5964170450516918,-0.5000347768733255,-0.12942309381307698,0.3419417028592504,0.0
-0.9591935882505307,-0.5636520479124822,-0.47768958662271405,-0.47702602786771425,-0.4343646343221884,-0.12411314451930465,-0.11266517353008851,0.05853483691903806,1.0
-0.9594879931177028,-0.5526231955402954,-0.4600453767193583,-0.4803574104970379,-0.3772246742248797,-0.11972576137966617,-0.10173951193775672,0.11422485955933413,1.0
-0.9346432900236284,-0.555261677684378,-0.4971060257769697,-0.47959814030648157,0.08450355852831078,-0.08881967384012945,-0.12594595785439405,0.25952349854622525,0.0
-0.9724176862397673,-0.5253145513687997,-0.4837628998634292,-0.4763104693363298,0.19293503033480758,-0.10666951146697747,-0.10429487457837207,0.14468406456299507,0.0
-0.9419723554355672,-0.5960395554471029,-0.52389429374703,-0.47954632561195565,-0.3359865174240106,-0.10567076849962878,-0.11204589355239329,0.14583929126307865,1.0
-0.8384408174528725,-0.599778630292888,-0.5292464444158999,-0.5008966345227099,-0.48773943276694504,-0.0357013286832719,-0.03441538086705112,0.40966699951409336,1.0
-0.96699944801181,-0.48251366780589255,-0.4388023373144255,-0.5029874793915945,-0.12654990717432207,-0.19443217768436838,-0.02965854957382992,0.1622715901234605,1.0
-0.9427010086122353,-0.5637374480698633,-0.4841309010999477,-0.48187869058410243,-0.49661592735858756,-0.1400054315425679,-0.1197505090096404,0.050337853138715236,1.0
-0.8998138563574182,-0.6175720492862238,-0.599330416908644,-0.49712827262524745,-0.36699811618751343,-0.12438086933470327,-0.13895417213789435,0.0720623236823934,1.0
-0.9607541691533358,-0.5593972289849486,-0.5065642198661364,-0.4657331000164322,0.0879177870643189,-0.08188389465909818,-0.1261122806666968,0.11545088878669238,0.0
0.06281772858844559,-0.18572530470235832,0.0068897846846887045,-0.8228615000171409,-0.6644440595019206,0.5083560707799509,-0.388955917649336,-0.01982639815630749,1.0
-0.9903980927058502,-0.442356050357393,-0.41664633100818727,-0.5102197237639104,0.21915964172606583,-0.15352393233454958,-0.012859912170114562,0.16420362432020413,0.0
-0.9138870274259966,-0.5859093072860917,-0.5702303317741647,-0.5005875706680166,-0.2045958576903358,-0.22772539818167675,-0.12628412513498632,0.07697737723436586,1.0
-0.8936291371475472,-0.5086222169095683,-0.6109221346992358,-0.5266796081454166,0.27758087362637873,-0.28282301838188884,-0.08403874766299065,0.08907155485327539,0.0
-0.5475109289730402,-0.9066651988339365,0.04814093100095973,-0.4059474450424333,0.9999999999999998,-0.5886720515258942,-0.05557462188425107,-0.04429616358016608,0.0
-0.987226852503958,-0.4722049652898861,-0.4190684645983268,-0.5027917367409663,-0.029351040790919592,-0.19690436984279389,-0.009231809513601266,0.10079574751009546,1.0
-0.971964808764792,-0.506961180949318,-0.48255682237099895,-0.48244087461853963,0.35519979182492595,-0.11094367336603535,-0.08932235095771789,0.14191262769450652,0.0
-0.9742322611810237,-0.4676640061907224,-0.45650175546327093,-0.5236614222410891,-0.11016661969729369,-0.2394599204214088,-0.007324433956110404,0.08654817128472135,1.0
-0.9589416088829688,-0.5067064367403223,-0.49808800370845213,-0.5058610397695823,-0.021846869244597892,-0.21291355544904195,-0.034855442361288506,0.10933471202452424,1.0
-0.5912803913137652,-0.5537468684658949,-0.7302598399570177,-0.5506417728795864,-0.2926525410696183,-0.10441424236310773,0.03765870275263003,0.3215146366169703,1.0
-0.9865756914090297,-0.4824469835370011,-0.4239706048930447,-0.4985041827385031,-0.11113671121097557,-0.1846434275813324,-0.023172678622680083,0.0977491797035627,1.0
-0.8766896942944291,-0.5436173291755737,-0.6616370823526655,-0.5295287086727399,0.4465438804655391,-0.21697905507593288,-0.12191301083697867,0.11827007265310069,0.0
-0.9504079368348473,-0.5581869962487565,-0.5002531538209336,-0.47495632244772434,-0.03693124440216626,-0.088013038005335,-0.12965589634687133,0.14073713376682007,0.0
-0.9784161556409746,-0.49051055299128665,-0.40740953921691586,-0.4948149885178009,-0.15013102246999707,-0.18092826939603773,-0.0329286158400438,0.1623078151835709,1.0
-0.9721628901904991,-0.5079490085848963,-0.4109275651125541,-0.48965918268481456,-0.22293783665308223,-0.16716195052544625,-0.059316426518746954,0.18249570683667987,1.0
-0.9034603020739059,-0.5292779962657608,-0.5541632973546554,-0.5444531873432851,-0.22365354529978,-0.25704131208389996,-0.056833916406259385,0.11025647970044944,1.0
-0.8815945354699034,-0.5905989151039203,-0.5192717237143655,-0.534425864162918,-0.48613131741215093,-0.23468303448881897,-0.11797620279874221,0.09074405956466802,1.0
-0.8925714942408051,-0.45058770291572936,-0.5267514656799498,-0.5422221916458344,0.08980734491871642,-0.22000527145953896,-0.04437851079122905,0.2696805991573994,0.0
-0.9246985683184664,-0.4885007261258413,-0.5294663880267183,-0.5323736501472276,-0.06792616365465069,-0.26276022218826023,-0.031020945423267485,0.0984558847255586,1.0
-0.7678408921069173,-0.6361693030042572,-0.6591271677937873,-0.467541480108425,0.19265559688746386,-0.006570331072291713,-0.07391574590792785,0.2439744017749606,0.0
-0.8039698933537996,-0.7574739446983927,-0.6006833804225001,-0.4036528085451335,0.20961895086014137,0.02386318214728339,-0.056481342298373975,0.17264470807389753,0.0
-0.8051972383629343,-0.7419046008850911,-0.2775653034491163,-0.40917768085818973,0.21830280881695602,-0.217621317498857,-0.0441844157266278,-0.22140281935409983,1.0
-0.9253231687177342,-0.5835379255768512,-0.6063166816781561,-0.49543703860637894,0.0533314446071254,-0.18453953890421188,-0.09322170226595371,0.016864329265822334,1.0
-0.9417978417455048,-0.570207497984212,-0.536644063441783,-0.45950001519964095,0.026773790153060285,-0.01685486443132153,-0.08007147404567175,0.10982476697176782,0.0
-0.9705686954915007,-0.4829134687358341,-0.4456943322861733,-0.4961572234934788,0.21098599600277845,-0.152540587042974,-0.051674137492027684,0.19349694777667747,0.0
-0.9060097974967409,-0.6175378225831365,-0.5443489843174464,-0.47956082406690176,0.007810621617607205,-0.0916194733148682,-0.13261146102653631,0.2548424847616619,0.0
-0.8268880959007473,-0.7200606094358529,-0.515623101644073,-0.45431393451931323,-0.36872843408314,-0.12809840078472562,-0.11843381454123039,0.1888012630139316,1.0
-0.9343756719796965,-0.6122678140253346,-0.532117209725036,-0.46389859085881935,0.044350126989949695,-0.058648316557973465,-0.18844903866552293,0.12176740353981935,0.0
-0.5335784551544983,-0.4922880509137862,-0.9688455005504838,-0.5703541752708607,0.4347566246424045,-0.15509799433718735,0.022849670451704912,0.30247451539806003,0.0
-0.9142317188806698,-0.5433361128179897,-0.573652300233735,-0.5222105706736301,-0.15467590122855246,-0.2422616768322624,-0.09341444111124872,0.09021864680038479,1.0
-0.8234785556062005,-0.5856991419692141,-0.6135423408534817,-0.5319581014772132,-0.3460456335723477,-0.15212733393186215,-0.018587568264043633,0.2670641491201452,1.0
-0.9748450813507734,-0.4926776893092826,-0.45799472167865685,-0.5012339470432277,-0.08839335941722877,-0.19241427636893466,-0.03438591752942953,0.11993416051034517,1.0
-0.6102788659141166,-0.7109982372549439,-0.12036624713960431,-0.649529900484581,-0.2807511610684995,-0.20017850909198354,-0.22466107009838596,0.3017558973655823,1.0
-0.9802067516704176,-0.5196097909396572,-0.4359373939924279,-0.47201872009317336,0.10021924680843228,-0.07016634256277639,-0.09910886869404392,0.16747158865832634,0.0
-0.9580454733585577,-0.5442012299772621,-0.48886426865091565,-0.481267842576699,-0.2236104208277547,-0.134348349540941,-0.06470714484493781,0.12606662085359632,1.0
-0.9176745171992755,-0.5737985769449636,-0.5006044324576376,-0.47963908172089287,-0.23519619204911457,-0.14765678907979388,-0.1059513544388706,0.2280935477729018,1.0
-0.9574922505584079,-0.5689333908435704,-0.520182694896591,-0.4703565170569504,0.2060224799721954,-0.10734329841556117,-0.1624717079866053,0.12198608887215276,0.0
-0.9719780959013623,-0.5279766544380666,-0.4723510008227776,-0.47399402407625224,0.10696216545947601,-0.08766774332711139,-0.10826207747149383,0.14404605191923175,0.0
-0.9840367721059078,-0.4695580726657398,-0.4312154608450249,-0.5006306863934954,0.021590839554961085,-0.1616131147284555,-0.02679971033028778,0.11356763471895745,1.0
