-0.985036483760695,-0.5367101298634656,-0.43209587267255084,-0.500733555881756,0.26386672539534667,0.0
-0.956385527497686,-0.6007550912441821,-0.4822905726614683,-0.4926679861490329,-0.09160969100774324,1.0
-0.9856621343683504,-0.5609182248416039,-0.43001516036235327,-0.4829271912068552,0.2118386305085863,0.0
-0.9522031307316203,-0.5887401902420729,-0.523301072051365,-0.49074879334698424,0.13185173303803524,1.0
-0.9924901403882953,-0.5185324545879513,-0.4129134048923331,-0.5049455400915693,0.29217388034257435,0.0
-0.9587195870417513,-0.6202417046259056,-0.4812874671682805,-0.47212739915550106,0.10343881960976414,0.0
-0.7996225676924874,-0.781471301482125,-0.5528825665698648,-0.4778318586226382,-0.010704603888751843,0.0
-0.9754555433231904,-0.5279685119414518,-0.4436352753945062,-0.5208229149675502,-0.023093420984086163,1.0
-0.20348071363580567,-0.2851943487849126,-0.42242608196901515,-0.5473706862645489,-0.12360048693057726,1.0
-0.9194770346508557,-0.6017125191611905,-0.5619638251799158,-0.5173877423019716,-0.162096334272539,1.0
-0.9842315321759859,-0.5643432630896142,-0.4289416572936512,-0.4844134174435471,0.08997117632195298,0.0
-0.7232640262951817,-0.8657245637394125,-0.0854435401957575,-0.3965281214116062,0.6725158493122831,0.0
-0.9889773676347455,-0.530960882388179,-0.4290452216832414,-0.5095894330473927,0.11121361507910285,0.0
-0.9616734896434307,-0.5861363936496232,-0.524944273857295,-0.4878184531201497,0.40182724916107054,0.0
-0.9262364957503666,-0.5844667228418686,-0.5667494115078945,-0.5027053524825124,0.43031445377334254,0.0
-0.9270227073297567,-0.6566452516864495,-0.5329090868757584,-0.48142254204085744,-0.0007699045876962268,0.0
-0.9645943972231673,-0.5558146233058925,-0.47307758882377954,-0.5111207736522105,0.17335486982046383,0.0
-0.9604288482828,-0.5394144806045809,-0.47518854709745306,-0.5291705701775791,-0.13257856790067263,1.0
-0.7783849687612385,-0.595233714106876,-0.6529326315622261,-0.533593809746395,0.1713554706824814,0.0
-0.9634796469798489,-0.5185948528334517,-0.48579426616679966,-0.5291455103028738,0.3509600570755241,0.0
-0.7996246077523143,-0.6699887817573444,-0.604476951474617,-0.531983585506182,-0.2897804893379853,1.0
-0.5053797653251936,-0.916734345999773,0.013074336406787457,-0.416983391641559,0.49354937059403103,1.0
-0.9880526995780972,-0.5337233579662425,-0.42812530501031004,-0.5111999941282125,-0.011599872486968851,1.0
-0.963335316133346,-0.5457688506238499,-0.4917928164137355,-0.5178303373936451,0.2725680282895161,0.0
-0.9874201784612578,-0.5238658749531059,-0.414432782598432,-0.5127227149236016,-0.023260049104793637,1.0
-0.7649073199594056,-0.6745019934164822,-0.5610917757376606,-0.5220055918557678,0.23464608994065775,0.0
-0.8488718643775383,-0.693709820566406,-0.6281700339270715,-0.5096758076521017,-0.3484158684473574,1.0
-0.932580139145834,-0.6075887410380132,-0.5564562434754432,-0.49009725312881325,0.3063322501782813,0.0
-0.9727139492166064,-0.5398229465974536,-0.4474263694650211,-0.522422811391437,-0.10089135570151497,1.0
-0.8241085677624933,-0.6091241262948238,-0.705364241487453,-0.5214510110599733,0.540095045070988,0.0
-0.937883815611045,-0.613013012079622,-0.5524636163913581,-0.5058940591635793,0.10693484459856745,0.0
-0.6383275161136444,-0.42630003791835114,-0.7438622800748439,-0.5898852741678267,0.24208362922560198,1.0
-0.9566766660871737,-0.587078060061788,-0.4917362006725409,-0.511601292709513,-0.2561087221340003,1.0
-0.9554971521309517,-0.599265497786485,-0.4800795301820829,-0.4862615859227729,0.015534894465479239,0.0
-0.926160107165025,-0.634500704879802,-0.5616964930605404,-0.4948941551330953,0.00032351552859057053,1.0
-0.957339706298799,-0.5783640041326275,-0.4953207237559581,-0.5137843862699359,-0.2929621383506137,1.0
-0.9775748739094547,-0.5380953079451847,-0.4680298755171039,-0.5076648168668907,0.3586499956260413,0.0
-0.9288803505786317,-0.6712929977878365,-0.5208095159733828,-0.46596508000860454,0.032552170094905006,0.0
-0.9142671251815039,-0.640564958235559,-0.5423810133998318,-0.49829414553850954,0.004227912478894619,0.0
-0.9611201235382979,-0.5426152312513549,-0.48356626763820904,-0.51631173444967,0.37643230075276196,0.0
-0.9546796880919031,-0.6015624746361528,-0.4808534115345297,-0.5023245327245164,-0.3628174219417272,1.0
-0.8427199396917462,-0.6021055108794657,-0.6142509795795518,-0.5649478009326031,-0.11709115868068737,1.0
-0.9920637936921772,-0.5435695158157969,-0.4102502950780281,-0.49261259557106357,0.1326182862022803,0.0
-0.969260347484352,-0.5504519322723086,-0.47276547722608364,-0.5122901633399124,-0.06581095041882318,1.0
-0.965721966049068,-0.5726573351252193,-0.48525824554589775,-0.49407221716759037,0.25437756109710097,0.0
-0.9076137518799404,-0.6103743688598378,-0.5978599601290401,-0.4979297285471078,0.33432275448436183,0.0
-0.9466439285422199,-0.6219147824162294,-0.5167671687685671,-0.48673971764266843,-0.07465206972202276,0.0
-0.8889325757631609,-0.59259892298017,-0.5851070308244113,-0.5544136841222713,-0.2858030535649914,1.0
-0.9138433001253358,-0.6025998877900903,-0.5777328814269405,-0.5028997161814693,0.3690115757250094,0.0
-0.9020945421506539,-0.6284371033079333,-0.6007048808401605,-0.48943136327510284,0.46171048642299367,0.0
-0.972958474809692,-0.5766627197977149,-0.46028258703400327,-0.48114076074012624,0.28932518045495126,0.0
-0.9002899416259225,-0.6482537071926723,-0.5857491497888312,-0.5035801640276687,-0.05393377914712803,1.0
-0.9813264117057622,-0.5385387004842753,-0.43780274591512724,-0.5170260410184618,-0.07321227094191199,1.0
-0.956227791725258,-0.5862887011404454,-0.48969263836263144,-0.5114472086163117,-0.29224652278481233,1.0
-0.9229191923094889,-0.49151726874670887,-0.5241659498603036,-0.5652255860967391,0.13067818748402574,1.0
-0.9830734707261122,-0.5358225857981197,-0.4431569707188219,-0.5081500532399202,0.17438075942277778,0.0
-0.9720598707585361,-0.5293440245737547,-0.46442836305444185,-0.5258808124691827,-0.0018187684386513359,1.0
-0.9585850326002541,-0.5659925983205508,-0.49856457721367037,-0.5171317541381406,0.05099323385622903,1.0
-0.8722066453489081,-0.5517963862601799,-0.6420473450017152,-0.5453937267818318,0.5353338134540795,0.0
-0.9817291982699334,-0.5222001748968516,-0.42259027551117484,-0.522836487387261,-0.021402443150704678,1.0
-0.9857315001997872,-0.544661256007886,-0.42036964746409533,-0.5004089689379434,0.12703838751382368,1.0
-0.9807162362905135,-0.539333949470898,-0.44073658360565,-0.5054485396782911,-0.030498200737036213,1.0
-0.9305736257360357,-0.5546669748920157,-0.517365463948798,-0.5287974499755195,0.005468659962315714,1.0
-0.9021417604524529,-0.6084006584805162,-0.6366775579847299,-0.5205039695415439,0.2974470369612786,0.0
-0.9541977667643053,-0.5801502772080164,-0.5112636066804813,-0.5084957490201264,-0.08045988773665694,1.0
-0.9911565562663572,-0.5100522382357237,-0.4022484762056632,-0.5209194414686869,0.04858723095351353,1.0
-0.9280218570319584,-0.6435315196303879,-0.5662606505320994,-0.46541856355388367,0.0843854918167117,0.0
-0.9794065332280105,-0.5487772612285435,-0.4539853909539782,-0.49925974463290157,0.30170316495320504,0.0
-0.7881550373347361,-0.6575400997360912,-0.6126085377827971,-0.5538617309606851,-0.3211405605744013,1.0
-0.8255533283185137,-0.6825501624102316,-0.7096361591079062,-0.5049019762943846,0.4675747282043904,0.0
-0.9229073946885926,-0.650471848310625,-0.5218214012240077,-0.4807372936560074,-0.18259142127573713,1.0
-0.8281785465071382,-0.5275479222184289,-0.6497891828561958,-0.5506786482750131,0.4390452384785516,0.0
-0.9629989829401837,-0.4831905769645232,-0.4315060473755433,-0.5580852862513805,-0.04707460683925932,1.0
-0.9070623315991014,-0.6244314383544701,-0.6031572307468142,-0.500510618794377,0.31602096752614994,0.0
-0.9258700467596999,-0.6369544773442313,-0.5554196918962311,-0.4772508527031166,0.2897685787406023,0.0
-0.9366088155741105,-0.6587210521888642,-0.5382865944794154,-0.48274150219985484,-0.3817882191015847,1.0
-0.9328972510476988,-0.6363432170492116,-0.5565099490830623,-0.4920339271989196,0.1257245732523636,0.0
-0.9275729045508849,-0.5720453763419203,-0.5470240862434356,-0.5209577307851059,0.0016427601734710362,1.0
-0.9669594614777572,-0.5628724979254032,-0.4770865343609703,-0.503587723794249,0.17175066273213108,0.0
-0.789916071157593,-0.5370277339229902,-0.6519690754249918,-0.5787294347579328,0.05406405025092727,1.0
-0.9382772303031529,-0.6433250901051566,-0.5041895708685106,-0.4641635038235518,0.14924966338108248,0.0
-0.9886798247892321,-0.5180142326098297,-0.42068309792969694,-0.5029994525048078,0.42712524312127415,0.0
-0.9706323454509432,-0.5646761252360802,-0.4861688822275411,-0.5001997978218738,0.29052080360668464,0.0
-0.9686615901797582,-0.5875894445986578,-0.4841718791098949,-0.4962791809843911,0.06687208746696073,0.0
-0.966103404425251,-0.5388126159172583,-0.4491411642791681,-0.5174070865299686,-0.06889377743617142,1.0
-0.9781882095790173,-0.5447637785162063,-0.4552836532743535,-0.5145049881112546,-0.03817593099188578,1.0
-0.9874463325134764,-0.5260999010903799,-0.4208151198688491,-0.5123968965972419,-0.030070449287819184,1.0
-0.8202132232103461,-0.67403764371869,-0.6077596423281928,-0.5406897669264608,-0.30077507196335185,1.0
-0.93766447805764,-0.6399596382959062,-0.5461476643098873,-0.4697073142664656,0.12774718094082374,0.0
-0.9327538901884318,-0.6330640700730095,-0.5578185423068761,-0.49780313342667176,0.09996168679247996,0.0
-0.9575492921831017,-0.5880311426040716,-0.49210129869579744,-0.5048964891666111,-0.2988975297390347,1.0
-0.9447949871886593,-0.6157665261096887,-0.5024784690475798,-0.4978196156395702,-0.22619399403345042,1.0
-0.96878279303643,-0.5712687011995771,-0.4835631717313197,-0.499575526983595,0.0616427332212454,0.0
-0.9909997964954194,-0.5339236732611067,-0.4170822307262928,-0.49922795967907185,0.28479496033697416,0.0
-0.8832773338488623,-0.5472671267183924,-0.5563243422064988,-0.5610614558546531,-0.14069558081625969,1.0
-0.8612484038336701,-0.7458404927360405,-0.4066763790974286,-0.48412468224285105,-0.2016192369895226,0.0
-0.9793744917206922,-0.5650301894433261,-0.4580976865992853,-0.48850025941135866,0.05208529691906922,1.0
-0.9795365667483381,-0.4972045925635542,-0.42541427873289245,-0.5410135234552805,0.058227414396711016,1.0
-0.9480141910332689,-0.5585139391100146,-0.491876005001632,-0.5204945423573024,-0.021974853776173503,1.0
-0.9668911800313618,-0.522793380936375,-0.47373549170402607,-0.5187048209056274,0.3554113346439703,0.0
-0.9764320618749337,-0.5562512557725182,-0.46382573800786303,-0.5043480019381285,0.2166543567486708,0.0
-0.9903790106534789,-0.5264728863482289,-0.40433490019605434,-0.5031507208595307,0.09177875639175946,0.0
-0.96122623980483,-0.5710993539770867,-0.497735207695051,-0.4944812954601767,0.37761178378681287,0.0
-0.7733158101973048,-0.7192415620362431,-0.5566285424034997,-0.4529838223037287,0.3321265727107973,0.0
-0.9765268493308207,-0.5089123959833137,-0.45589112496603856,-0.518386075780809,0.43875208222041306,0.0
-0.9853569889363867,-0.5376005827835033,-0.42109338027946047,-0.5036862747855555,0.14918218495384095,0.0
-0.9703481683575824,-0.589356770271641,-0.46796382953274934,-0.4888061320946201,0.002664084949586795,0.0
-0.9795748912460372,-0.5517564205834847,-0.432880009121572,-0.5042354975536101,-0.142899094613685,1.0
-0.9655085307850096,-0.5471292998142624,-0.47374000209050493,-0.5232940287668462,-0.09918804106292159,1.0
-0.9711003214513627,-0.5711948998625809,-0.47768999828504155,-0.4962512695527088,0.15080551271687465,0.0
-0.9666059316757053,-0.5587929259917349,-0.49666525842484593,-0.5050383718774756,0.3564046795120958,0.0
-0.9582478763475142,-0.5810566027576414,-0.5164777645628832,-0.49718785372206614,0.393111059065853,0.0
-0.968175960251547,-0.5966647782154723,-0.4643367627399647,-0.4760608044448001,0.16743302300565174,0.0
-0.8384414035829415,-0.5502961969126151,-0.6560431452648399,-0.5545348241211846,0.5198533406842576,0.0
-0.8531749362432453,-0.5604328375351327,-0.6228825393713868,-0.5370517864807599,0.3566802207664378,0.0
-0.8761722879394502,-0.5964478563594965,-0.5901840269308458,-0.5168020180147856,-0.05910268438204003,1.0
-0.9231897833815255,-0.5993376123866178,-0.6040164205040822,-0.5037736590914575,0.33861794067093814,0.0
-0.9725898397033561,-0.5338709344514267,-0.46304904841761774,-0.5229046682239693,-0.023897999853405696,1.0
-0.9519750003027734,-0.5616687658459081,-0.5211277306616671,-0.5178958283623285,0.2228817435936146,0.0
-0.9617899417263058,-0.5991193954730001,-0.48139955612735946,-0.49481814298021043,-0.12180228929741907,1.0
-0.7351194475935967,-0.6137117079479841,-0.718257327624952,-0.5338628514703277,0.5392572031420255,0.0
-0.9410765867647957,-0.654362676776551,-0.5081055245861277,-0.46887310736827265,-0.09090152815888111,0.0
-0.9023805480051013,-0.6579996265419227,-0.6156708500128132,-0.48664680931795423,0.2605393124922337,0.0
-0.9155553680006056,-0.5668172854595963,-0.537296547247006,-0.5463063297326443,-0.17252889343421432,1.0
-0.9382419503682844,-0.5198702121995508,-0.5072660466352712,-0.5410458459395119,0.18597249475094305,1.0
-0.9398558096857591,-0.6181994747902056,-0.5056652847140484,-0.49919973984212684,-0.3855991348893884,1.0
-0.9840804548015393,-0.5158402568132304,-0.43495313961686044,-0.521997804262154,0.11964461197639455,1.0
-0.9872024622673488,-0.5256315448898029,-0.44108049514825,-0.5042636655110391,0.3534700696927298,0.0
-0.9717681917325381,-0.5218772761101006,-0.4425296746483785,-0.5304440115390565,0.004323161309679371,1.0
-0.9698655054605266,-0.5823268734595745,-0.49101082780154387,-0.4925908094850522,0.20039726589767246,0.0
-0.8169742418175722,-0.5470955420153157,-0.6812875982334935,-0.5855057904365806,0.008328620072964428,1.0
-0.98136890046545,-0.5494370268829134,-0.43193831916333486,-0.501097506428143,-0.21145014710990712,1.0
-0.9248629513404724,-0.6456218772287401,-0.5748229539217289,-0.466694667619309,0.17105888826405063,0.0
-0.9489145204175967,-0.5848665122427383,-0.4854392434104325,-0.5194343486196685,-0.3201183059293365,1.0
-0.9680359763851517,-0.5704768258543409,-0.47593376832494133,-0.48976778353741524,0.24741682268085732,0.0
-0.8753895883101211,-0.5233460925448357,-0.582954849970121,-0.5787790795012328,0.021501919570029462,1.0
-0.9029170524732492,-0.6460176966947164,-0.6046591434500269,-0.48200071360695596,0.31878524622283255,0.0
-0.8057214281546331,-0.6574707484259201,-0.7272580840079865,-0.5171926898320266,0.10077067858295277,1.0
-0.941301450301469,-0.6469654174454085,-0.5477944592239169,-0.45732535933040647,0.24394532247577105,0.0
-0.9519635828902334,-0.5569365150944051,-0.5220840704751107,-0.5225863408348206,0.09678620920665676,1.0
-0.9874164183328706,-0.5213399429718979,-0.41884681491526826,-0.517452560918637,-0.01631822266951656,1.0
-0.949416444174117,-0.540767905705331,-0.48842634471352264,-0.5179899849556492,0.3138428284745499,0.0
-0.9757831119553259,-0.5403103181900435,-0.42794663748596296,-0.5190790333067825,-0.03099090823108365,1.0
-0.9745091336463251,-0.5516590599565422,-0.4555877331453519,-0.4984370877878447,0.0976661556374652,1.0
-0.8792776821328732,-0.659355962517403,-0.573833617558719,-0.49635398184545637,-0.08519249892387504,1.0
-0.5774097149632849,-0.7898093560295378,-0.6524010642391395,-0.458246603204145,0.7651530449439288,0.0
-0.9418111729826062,-0.5877968032930687,-0.5257753456266875,-0.49780759405556413,0.3909983041519321,0.0
-0.9157436495263533,-0.6678963309281349,-0.5616829991650042,-0.48950485410790867,-0.3796085757112936,1.0
-0.923525126992513,-0.6194147255242705,-0.5870020798779447,-0.4942584882154868,0.38253708492297367,0.0
-0.9745375329118139,-0.5711947506283633,-0.467968624344948,-0.48340991549567713,0.2882827833692827,0.0
-0.9473897103267002,-0.6404952415046855,-0.49345690169312284,-0.48116542084323755,-0.49340230417081365,1.0
-0.9550965110085804,-0.6267820483770719,-0.45434472002917675,-0.4857374064232934,-0.43862826564416124,1.0
-0.9069562925973718,-0.6659625988017646,-0.5661077454342123,-0.489450639586037,-0.21590873395270804,1.0
-0.9848318174838848,-0.5520444859902183,-0.42825916879637116,-0.48743014805135304,0.21166921661974952,0.0
-0.9827782272484583,-0.5286700467826353,-0.4400648641022123,-0.5085019653728503,0.3690709714977774,0.0
-0.9017360946338833,-0.5942499398656126,-0.5961053493386822,-0.5326493289694916,0.012817042420502321,1.0
-0.9619119577269498,-0.6034515496672853,-0.48714426549509804,-0.4791591794739685,0.2117384921182352,0.0
-0.6203780209428048,-0.6070976378325386,-0.7071717529546983,-0.5636154913227392,-0.23872077129269925,1.0
-0.9642191065080791,-0.5430885132683074,-0.47709949242351335,-0.5241268461483584,-0.034826542125320256,1.0
-0.9829332939193305,-0.5377542477094596,-0.44769141162349957,-0.5011909952720648,0.288403680928058,0.0
-0.9836184632441046,-0.5230550710845299,-0.43366291939838975,-0.5183316540256294,-0.07577582399526672,1.0
-0.9003718472190861,-0.6017086507479903,-0.6573277446035051,-0.5091648163861959,0.2678332388577608,1.0
-0.9469894619561706,-0.6219027202022966,-0.5070807159277984,-0.48434370177179503,-0.1752333638452272,1.0
-0.97377828675038,-0.5677544479293447,-0.4786400304517064,-0.49017683743455115,0.2508170499300972,0.0
-0.9707794161825517,-0.587919119978896,-0.4576036495110372,-0.4814508395490099,0.06401854748551458,0.0
-0.975477357501141,-0.5577769764979558,-0.47142263007458357,-0.5000561308308379,0.18710392859874464,0.0
-0.9788217384031463,-0.5635052412049242,-0.44363277424405817,-0.4862940223895047,0.27154012636809166,0.0
-0.9909976298403201,-0.5172953295772726,-0.40206876043535583,-0.5032576451840042,0.39428486656305856,0.0
-0.8708390406363248,-0.7476460355771686,-0.43375638158674434,-0.4526651604604418,0.32098961027352424,0.0
-0.959421545208984,-0.6151192238988027,-0.4739217131163549,-0.48902499024645285,-0.3411063929368488,1.0
-0.9348945252631071,-0.610986790345014,-0.5370766197165225,-0.5160944872393313,-0.31376610010098893,1.0
-0.925502440534146,-0.5768269569371722,-0.5666567170974057,-0.5088087188927664,0.39549922725987813,0.0
-0.9540246226477122,-0.5913625562766694,-0.5236414120220443,-0.5128760505948611,-0.16903307862302397,1.0
-0.9869121708665092,-0.516200150252937,-0.41241899916679925,-0.5209000964469248,-0.0030028214812149734,1.0
-0.9391752861316088,-0.6067146089083637,-0.486671603810323,-0.511594970487146,-0.44425641444360153,1.0
-0.8638657312505104,-0.7216770999648259,-0.605948810190012,-0.4513004791107319,0.17814786298734625,0.0
-0.9273246661621372,-0.6447477858547874,-0.5390189369938774,-0.4987590589268613,-0.41477753037953874,1.0
-0.9170203332566318,-0.6294760857906416,-0.6092483770541433,-0.4952027742812299,0.37758400261570974,0.0
-0.934117788926806,-0.607470684329463,-0.5303310090108234,-0.4988266061928755,0.1182556925095788,0.0
-0.6956543778190056,-0.8648316304747836,-0.30788699291871047,-0.43033577282935476,0.3392742663760246,1.0
-0.9487771621425048,-0.5732231312071034,-0.5235890100661453,-0.5053133825809979,0.42099445370219124,0.0
-0.9468737802229392,-0.6210583030136708,-0.496179811252505,-0.4934583560340614,-0.13514100251387073,1.0
-0.9729104190601993,-0.5305164261931895,-0.4557761727644544,-0.5267519377123402,0.04046687810917775,1.0
-0.9753867565022103,-0.533990265837423,-0.4462739063398099,-0.518375541622348,-0.06600800461663223,1.0
-0.9204738543591549,-0.60974731380106,-0.5377116430480502,-0.48173216884113734,-0.18442017923636866,1.0
-0.902384670488548,-0.5648339323990657,-0.6396227073776733,-0.5519446117656448,0.17596640239921005,1.0
-0.9578303072261442,-0.5938481086793214,-0.5124484335789146,-0.49908368290730803,-0.11327929832122288,1.0
-0.983017124865981,-0.5682016432962653,-0.43859099114430106,-0.4804158224779977,0.2359607841279403,0.0
-0.8592965293797364,-0.5696116197692973,-0.6127068810651952,-0.5401476573770955,0.3996082751861682,0.0
-0.9765657022781504,-0.5802730816597361,-0.4607199931671681,-0.49068930807544237,0.0031818271122885655,0.0
-0.9901260981273738,-0.5355911001353112,-0.41273797618303504,-0.5040265654049815,-0.040495717237704024,1.0
-0.9766701775035985,-0.543691678039509,-0.45716910929345056,-0.5169878987374331,-0.062459682788465976,1.0
-0.9845053111420505,-0.5248018665536007,-0.41777139587345097,-0.520523290663271,-0.07807550840609698,1.0
-0.9428574649178096,-0.5645273475514752,-0.5207972792818837,-0.5279928487667307,0.07913233960715664,0.0
-0.7876290277214713,-0.6603009103619072,-0.6945808330666903,-0.5100250420442943,0.3712855205792268,0.0
-0.9447319747012856,-0.6110705610540266,-0.5080414097741446,-0.49626899756164905,-0.3591880113406358,1.0
-0.9770487435031623,-0.5210437514403683,-0.451855762667957,-0.5091308972789063,0.4081011369442209,0.0
-0.6925050082014863,-0.7154768367201442,-0.4153297947110641,-0.6228296410568172,-0.382021652004378,1.0
-0.8093319917645792,-0.6526889076995737,-0.6338404503150257,-0.5571107260634222,-0.26453485998019044,1.0
-0.4270225737517988,-0.4561610322403741,-0.779663955773862,-0.5576640376304568,-0.3229773230837494,1.0
-0.6555715913638536,-0.4333368529118395,-0.7791159272167392,-0.5555559808445618,0.4286669064727308,1.0
-0.8454511102326896,-0.6174365876971885,-0.6152120995322875,-0.5388850352004101,-0.1479231509111176,1.0
-0.9623982834367522,-0.5818099305222415,-0.5043651338516846,-0.49076226082769325,0.23050131744926666,0.0
-0.9396812977673308,-0.5857135384035016,-0.5407543869313727,-0.5045785263741386,0.42802667409637246,0.0
-0.7985624605997167,-0.696921331888101,-0.6303425797974606,-0.4857654604512476,0.2430760604649943,0.0
-0.8446654056273148,-0.6819673266577487,-0.5749461948340893,-0.5089164401956068,0.24419182954124463,0.0
-0.9438423869829512,-0.6218686837907935,-0.5136634519263571,-0.49702360941334167,-0.3210267021636252,1.0
-0.9784051951332869,-0.5651698922367197,-0.4532774168580182,-0.4932133991017929,0.20979513050828827,0.0
-0.9885759598967275,-0.5189784385946756,-0.4162549732909275,-0.5146265477911584,0.07662783756528779,1.0
-0.9205185182872411,-0.6482699592838944,-0.5695687596363815,-0.47018586327676243,0.28186544578670714,0.0
-0.9636809408644539,-0.589502143075984,-0.48208137735816164,-0.4968645993065224,-0.06714444463142169,0.0
-0.9463327749013732,-0.6424090891719898,-0.5019983730291214,-0.4688901309176324,0.022251883653304515,0.0
-0.9573639511469922,-0.6126742536326032,-0.5101385812127792,-0.4862286935324512,0.03278639349716335,0.0
-0.9636281770062357,-0.581093869367839,-0.47653751284771945,-0.5095693615963085,-0.22326320653237375,1.0
-0.9495083757005256,-0.5580128358137914,-0.5343965598858037,-0.5135697997627063,0.36845205859143154,0.0
-0.9590298690782034,-0.5864802000092533,-0.4905556917598514,-0.5028582271889045,-0.011240408804314997,1.0
-0.953865667389103,-0.5834247393695127,-0.478086102512152,-0.4986076359437888,-0.05018723178364075,1.0
-0.8998025229309428,-0.6472999595623555,-0.6082765217419615,-0.5079194180518126,0.08531066618282564,0.0
-0.815929202582963,-0.65981042643096,-0.5477967846741923,-0.5510061540097342,-0.552763424913794,1.0
-0.9854458111289968,-0.5419207814535212,-0.4320399765874226,-0.4960659249852682,0.2644370429611702,0.0
-0.9596850346716865,-0.5798145018273957,-0.49904861255949345,-0.5085851344364354,-0.21944305231871158,1.0
-0.8899409965628552,-0.5951113327202213,-0.6213153178525056,-0.5169151029789899,0.35230067611257654,0.0
-0.9740403907901947,-0.5724734801838329,-0.4466952394946496,-0.4881138596793465,0.20718504014914838,0.0
-0.806781033025068,-0.7487195925643354,-0.5394144426018744,-0.4910739368326103,0.06983880312886578,0.0
-0.9600796996998286,-0.5341559213054624,-0.4829959795941912,-0.5294929344299798,-0.057674772639782046,1.0
-0.9777759419413007,-0.5398920272714964,-0.4386932756015335,-0.5202159939819915,-0.15099907109739238,1.0
-0.987348730597996,-0.5168895637946661,-0.43110296107938106,-0.5146361441393469,0.16172736195360166,1.0
-0.9582557851191277,-0.6268798104057849,-0.526714797554379,-0.4681466893280807,0.2524864551537661,0.0
-0.9717240341208612,-0.5394226326047908,-0.478746070869054,-0.5080581318983246,0.4397419233378178,0.0
-0.9415391325837219,-0.5891779623299408,-0.5391419127399603,-0.48884006159765203,0.36670320498622466,0.0
-0.5103999658107579,-0.540428329616375,-0.5793215875014256,-0.5125017498942223,0.6826617463911895,0.0
-0.6204196277138097,-0.7714438101471288,-0.8055054468208696,-0.4884812949357675,0.7219123493908177,0.0
-0.9543768343922373,-0.625884364808208,-0.47843337419303816,-0.47975967145512266,-0.21762293435722052,1.0
-0.9667704295020596,-0.561285433275566,-0.44474577296352313,-0.5185417684189068,-0.06333751501637622,1.0
-0.9645490016379461,-0.5587325097540917,-0.5008505408018001,-0.5072418024380889,0.26989870933838356,0.0
-0.9736170701867983,-0.5593663121178424,-0.46057428495168323,-0.5126485507168759,-0.08648062952743671,1.0
-0.9460612227663668,-0.5994712908145623,-0.551546380887226,-0.5014512993967235,0.291298850748312,0.0
-0.8328753497236147,-0.6027674146242198,-0.7072050236394307,-0.5304444676348721,0.6121420278817243,0.0
-0.9807387486914625,-0.5404621931332868,-0.4401261488202121,-0.5061195724320597,0.10219775587809074,1.0
-0.9738851027639939,-0.5896854610654685,-0.4829577625537911,-0.4816542347595163,0.16503588234782549,0.0
-0.960460905347832,-0.5689622591937797,-0.5000744219401908,-0.504121510291441,0.2048285880303442,0.0
-0.9745287962210782,-0.5668627354978755,-0.4252520758263076,-0.5059065960029279,-0.26978465597716017,1.0
-0.6169526153503141,-0.7182068494338827,-0.7708572681017404,-0.4753976898656149,0.35856716420975004,0.0
-0.9710775628863471,-0.5704619220507174,-0.47293229091176037,-0.4893198352993775,0.21711281006064861,0.0
-0.980195158159235,-0.5167962240286359,-0.4187085710926328,-0.5096714529490705,0.20301980006054676,0.0
-0.9402803448664152,-0.6336530008085366,-0.5173635964541505,-0.4889804691307039,-0.2843483273788973,1.0
-0.9409604144650737,-0.6131090139107872,-0.5652233848991541,-0.49923476498375524,0.03475255500602816,1.0
-0.9740633154855604,-0.5273718810058087,-0.4372848444858335,-0.5109359008667315,0.32434223985525223,0.0
-0.9138093460349791,-0.6304977673195746,-0.577647777327248,-0.49352351427054547,0.40479107841032763,0.0
-0.9483419930060102,-0.5462564222710337,-0.5231620247748185,-0.5245784840265496,0.37573835352505264,0.0
-0.9358085090747423,-0.5865845792228688,-0.558649515624159,-0.5091872135444881,0.3162675858551607,0.0
-0.358339519674192,-0.4808016419296104,-0.6341692174290092,-0.6286356140218415,-0.051036447831746184,1.0
-0.8563126092174691,-0.5631678704698713,-0.63949408170718,-0.5492203715357743,0.3042850681630114,0.0
-0.9565187587682155,-0.5814009480442341,-0.4906093059866374,-0.5074500512379622,-0.15698165301595177,1.0
-0.967524790481681,-0.5802759514580916,-0.47653029917897083,-0.5062456053123578,-0.08288143764116757,0.0
-0.9600436564294444,-0.5413973865941509,-0.47948735114959895,-0.5135296107213745,0.30034103163750425,0.0
-0.9531362519607115,-0.5790275388035934,-0.47104975261697984,-0.5152492193269964,-0.28703422075888385,1.0
-0.9643537069698214,-0.6120314342383767,-0.48023700568547895,-0.473120869207179,0.1585658137866646,0.0
-0.9330272508318515,-0.649186283953515,-0.5567510669734768,-0.4770434101652282,0.23129813694313514,0.0
-0.8638889559082173,-0.6620876359246286,-0.6214468886568706,-0.5197005889948403,-0.013525468305994229,1.0
-0.9748588715583852,-0.5718614791383664,-0.4642035097009848,-0.4984855754099647,0.029876919370488447,0.0
-0.9896311270871678,-0.507408276517095,-0.4087293230979427,-0.5276316075171977,0.007238413278113025,1.0
-0.9165686146620958,-0.5062888103017663,-0.5102846218958624,-0.560765997016336,-0.06397635361763793,1.0
-0.8977260831883408,-0.6754045587662101,-0.5851135868787861,-0.4964552084240983,-0.40576346601706503,1.0
-0.9001370449565921,-0.4942619843517526,-0.5333685313739998,-0.5612468694275963,0.07327158813073767,1.0
-0.929101657950848,-0.5900629231175685,-0.557334965044198,-0.5140909122447432,0.11221169405305609,1.0
-0.9302047576672551,-0.5861618555969158,-0.5568515181398441,-0.5193599865057852,0.19193597765700815,0.0
-0.9575782273257212,-0.6127611604994768,-0.5045733857187845,-0.47971186595512333,0.08593859866920343,0.0
-0.556105545507626,-0.6174503550144815,-0.8491126913230803,-0.6767594111668331,0.5327005182143276,0.0
-0.948084438517892,-0.5870447208908958,-0.5277233771344909,-0.5022590479912739,0.29195107358302064,0.0
-0.9217416838909138,-0.5478988904663138,-0.5046414116646335,-0.5458028263392789,-0.2435422282389843,1.0
-0.9468156859683989,-0.6138913634372009,-0.5047508005579804,-0.4969885091257571,-0.2729572823253103,1.0
-0.9468790113085865,-0.587989524659148,-0.5560913545446211,-0.5033459296036839,0.37947567082968986,0.0
-0.984140488967813,-0.5359930239210439,-0.4399555094845332,-0.5003331686851168,0.2179542068479852,1.0
-0.9714983117158154,-0.5527093505679556,-0.4764437545278806,-0.5184172037883605,-0.03617003024526763,1.0
-0.9675121060660482,-0.5650195105968957,-0.4783527823155563,-0.4933105750892711,0.37070452805862275,0.0
-0.9731326687840821,-0.5394005272514203,-0.459015832088433,-0.5168004899096466,0.1480865399358443,0.0
-0.9676935675631829,-0.5498531903942688,-0.49729441725559836,-0.5123453981435109,0.2874836253363297,0.0
-0.8972158463858404,-0.6568932267749981,-0.6229122923630735,-0.4741493479202168,0.17870635654739297,1.0
-0.9281992658076713,-0.5893057178505569,-0.5391590463938337,-0.5331157268313861,-0.2046853750763269,1.0
-0.9680812264824571,-0.5816021644029837,-0.47757389359928454,-0.503015644738597,-0.0776883453242252,0.0
-0.9125267545042016,-0.5577584555498519,-0.5909689789595927,-0.5294317806827352,0.4910224765054956,0.0
-0.9572699855605191,-0.606044180024303,-0.5081767207988862,-0.47926125958155147,0.32966960650379795,0.0
-0.9849330503238773,-0.5710801703769502,-0.43862091882876547,-0.48088312733567634,0.18355487655663816,0.0
-0.9352923093276134,-0.548193963369073,-0.5104232660958128,-0.5245198098797663,0.07158684820750918,1.0
-0.9811631456006475,-0.5598726334933518,-0.43940191037364285,-0.48247469921109826,0.23909204144042331,0.0
-0.9268634049724168,-0.6342939416977903,-0.5385954091717886,-0.49808512283826206,-0.29876633868531266,1.0
-0.9639208227450258,-0.5348758767707891,-0.47703803867739597,-0.5263300362414869,-0.040254858677239214,1.0
-0.7575585204491658,-0.7648044650175071,-0.4805040158768043,-0.4934617851597664,-0.027312443908220616,1.0
-0.9616061232176764,-0.5500355921928929,-0.4807091673205075,-0.5237348835056953,-0.0037763759237456757,1.0
-0.9367690113761906,-0.5416676836862312,-0.5107505852475123,-0.5316077960416181,0.032861890347194875,1.0
-0.9870735688782231,-0.5311972418365218,-0.42050225695691784,-0.5044466410717282,0.09862378745639849,1.0
-0.9138033339812501,-0.5211105263813262,-0.5371782718557276,-0.5361187837962051,0.5236929718078374,0.0
-0.9836560346391099,-0.5375268925194632,-0.4380554780313713,-0.5031260636734401,0.10553211273134504,1.0
-0.6224714974333181,-0.8993138018353561,-0.20188023887559264,-0.48190973976853,0.31638555082007647,1.0
-0.8965419015393994,-0.6554247233491038,-0.5249585946592257,-0.5131998632924643,-0.35443970639855354,1.0
-0.9522525791958879,-0.6151581836351007,-0.49993495091974094,-0.4945718839529674,-0.3958995930147688,1.0
-0.9781852004911002,-0.5686182899996444,-0.45596381415031345,-0.4915905823701006,0.1971730936974501,0.0
-0.7918358358367454,-0.6517883693376425,-0.6009928810427603,-0.5474547074915463,-0.3411036736171854,1.0
-0.9636278202083758,-0.57099723538307,-0.48785389042620386,-0.4953203454751095,0.24227919629547767,0.0
-0.9839120110540459,-0.5568920050154349,-0.42145708272483834,-0.4914861718347309,0.05367654523131447,0.0
-0.9793278859617629,-0.5341789120110825,-0.440881042570373,-0.5160034972432229,0.0016905818538540812,1.0
-0.9703048951631633,-0.5475395732087345,-0.461430819490316,-0.5173487860678866,-0.09069880431504199,1.0
-0.9690314724570981,-0.5817744998309737,-0.47536015965405665,-0.48284853822290946,0.27724386020643144,0.0
-0.7455404200705429,-0.7779853903385248,-0.5468930308659118,-0.4361634844273927,0.15858284418970425,0.0
-0.8606262509416751,-0.6663438985170466,-0.6230593796208821,-0.46974741643557527,0.41675186734788144,0.0
-0.9390236506587796,-0.608967355939917,-0.5444613219336849,-0.4975428254838864,0.29768760558597707,0.0
-0.9608697462224467,-0.5107257268339888,-0.4546315743548416,-0.5473960414364227,-0.04480635536515183,1.0
-0.9852761035347137,-0.558317227405497,-0.43288972379187773,-0.4864331189912109,0.2523133357056658,0.0
-0.9735550161439166,-0.5730228104785853,-0.45935044226361216,-0.4956788542917764,0.12873048088963326,0.0
-0.945680602934871,-0.623748000373448,-0.5252124812121933,-0.48738983735478525,-0.17972761971618498,1.0
-0.9299847198905218,-0.6335576620150205,-0.547589161036461,-0.5021948870985143,-0.30542284056877045,1.0
-0.6969304689490214,-0.7494648872990053,-0.45433453360710435,-0.6516243682340535,-0.43135392815661866,1.0
-0.9529363304165219,-0.6052789249190123,-0.5267684704896287,-0.4877302754045643,0.3238321122387014,0.0
-0.9776554410252516,-0.5165426400902441,-0.4545468978912878,-0.5345377394702319,-0.0035103978275300846,1.0
-0.8573729085957387,-0.6435489594816818,-0.6123464752216872,-0.5139036934797105,0.027141512453220933,1.0
-0.9797697265272216,-0.5408804163113765,-0.43083193621401566,-0.49941970438716793,0.198695255076816,0.0
-0.9730499803996658,-0.5613506776301184,-0.4500919316956203,-0.5002401621097785,0.012336947421886207,0.0
-0.9808171706364807,-0.5311691823974003,-0.44793023771444096,-0.5092014818727275,0.2582600463542686,0.0
-0.9598583188540769,-0.5696257866828037,-0.49846981234462817,-0.5025430314221826,0.2456695722628595,0.0
-0.8442579006096018,-0.6567900038429941,-0.6868926200125781,-0.4843746139604502,0.3826057210212959,0.0
-0.9669304384955247,-0.569165857957997,-0.4906409709925327,-0.4905129004990391,0.34984244978101775,0.0
-0.9543781898471339,-0.6262151797586756,-0.4924403785020064,-0.4689951454884955,0.252956761930688,0.0
-0.9747874722359275,-0.5126328638547564,-0.4508939174951829,-0.5337279868049376,0.020859848622481567,1.0
-0.9819263385175213,-0.5505883210894766,-0.4269580136096237,-0.49250894829475395,0.1392826660429703,0.0
-0.9648093623481345,-0.5639678943445104,-0.48797008638575234,-0.4978540117446791,0.33116139763616803,0.0
-0.6700107504808792,-0.695699170705174,-0.4209120237234091,-0.6073479575695858,-0.30987418315777926,1.0
-0.9630916449702709,-0.5954365394905667,-0.5049855068119629,-0.4850326511889741,0.2663491301507983,0.0
-0.9428188820914013,-0.6204648595968775,-0.5515813013386092,-0.4928312079877813,-0.12275187548581085,1.0
-0.8701629981079151,-0.5421256245767041,-0.6321420819227819,-0.5599073724215327,0.30941506505064853,0.0
-0.9569597459349907,-0.580242351463891,-0.47007530302248496,-0.5010640122373771,-0.24010823377724394,1.0
-0.8753561568910337,-0.6827696332435395,-0.6511495974972434,-0.4991392214284644,-0.1449107101760833,1.0
-0.8468443231417215,-0.6652217098768102,-0.6208730533138959,-0.48718316917969096,0.35855233401920855,0.0
-0.8765282850117316,-0.5968986701206273,-0.6506724533978889,-0.5457237824641579,0.06129670262678666,1.0
-0.9688508100623482,-0.5206042581054262,-0.4651840563116953,-0.51382548385797,0.40897434988613296,0.0
-0.9631642404890965,-0.5166517411154081,-0.4610964583140787,-0.5260944755562986,0.3278193443481061,0.0
-0.9576095243860872,-0.5684579912808482,-0.48137151656781246,-0.5200349696997909,-0.28044895582466417,1.0
-0.909595180922335,-0.6575725063585263,-0.5531135226645046,-0.5123598578128854,-0.3654352347710152,1.0
-0.9623615118913433,-0.6103530600630442,-0.4976504562958444,-0.4697721178320077,0.25902594519344646,0.0
-0.9559042395914917,-0.5757549540621053,-0.5000207601837853,-0.4967561280587458,0.2134432564868214,0.0
-0.9736526932123772,-0.575840739722226,-0.47486285492245667,-0.48847687893404346,0.2092025247668512,0.0
-1.0,-0.49502049816458576,-0.372321808080237,-0.5119012199838437,0.23103865652146682,0.0
-0.9665358547224491,-0.5534377078441444,-0.4833734167550185,-0.5025649519066072,0.3898558256541495,0.0
-0.9751921289274287,-0.581509886384847,-0.4661203852076469,-0.4788268337376648,0.175146446245932,0.0
-0.9153877858930684,-0.6105760401178513,-0.5585108500867512,-0.4864706085234432,0.2500811161504599,0.0
-0.9578771479757054,-0.5907335573721297,-0.5137913983235189,-0.4906854116446473,0.19432059759604425,0.0
-0.7821185150368368,-0.7250516045570012,-0.5947787045655086,-0.5177452268131667,-0.13595533104012106,1.0
-0.9052717572565047,-0.6311135410022297,-0.5596402448006776,-0.5194862272318911,-0.05962622020418576,1.0
-0.9664582311739498,-0.5696999577628428,-0.48082690951121954,-0.5008936850778326,0.1920128849465528,0.0
-0.9666276358235498,-0.55839637526789,-0.49585063415313535,-0.5031036347180162,0.2724408790274695,0.0
-0.9635757444834987,-0.5591151926354306,-0.4860022743612855,-0.5131727765971675,0.023294050607730807,1.0
-0.9792684343465826,-0.5378181375417264,-0.44732435082637345,-0.508017410735622,0.23651710722317743,0.0
-0.9357287910093955,-0.5565426549962812,-0.5013081220162848,-0.5350624049714351,-0.17457928634996925,1.0
-0.9561155389027526,-0.5797030319570342,-0.4936880247334495,-0.5037140620657972,-0.04298037324116574,1.0
-0.951365921677215,-0.5624505895033729,-0.5002285551301202,-0.5186959984521757,0.10172239623160777,1.0
-0.5318052945871596,-0.5625735942604266,-0.6083638005037761,-0.4822710195895978,-0.05152783672123172,1.0
-0.8646361861589053,-0.7271835957957445,-0.548801185038499,-0.5021920071257927,-0.5172965294361542,1.0
-0.8495566554844365,-0.5339419382524552,-0.6310043580120072,-0.5753655186022165,0.4236287960637736,0.0
-0.9889547825159858,-0.5255907277832341,-0.4019226806273716,-0.5151981553184685,-0.03517541492877857,1.0
-0.7890212476260264,-0.5010013905313001,-0.6460179375816364,-0.5896623369948629,0.0026550376666675257,1.0
-0.9818765126230825,-0.561257930771275,-0.45193220685187213,-0.4890746152575706,0.21724847812754983,0.0
-0.6262922622235669,-0.6142066414218795,-0.7588731786258791,-0.591411168389071,-0.27779901253664113,1.0
-0.9547621222260113,-0.5961494542363713,-0.5081400356803014,-0.4991940472810186,-0.23273574397340335,1.0
-0.9778484515996755,-0.5669580274910143,-0.4554638679958902,-0.49126707858711344,0.10867986832534246,0.0
-0.961200061840222,-0.5785210003821724,-0.49698352534826384,-0.5072061251218137,-0.05095111112627132,1.0
-0.925581799479457,-0.6100203938328769,-0.532868877071361,-0.5027144172073387,-0.08152027475193047,1.0
-0.9671844910466223,-0.5926226335307059,-0.47705939116497376,-0.4816680262143114,0.2858599554718436,0.0
-0.942109710845212,-0.5782775504513544,-0.5268134218385809,-0.5053271879169393,-0.01826260323723805,1.0
-0.7515251733010032,-0.7170553279915306,-0.32139281111454665,-0.6072717417600325,-0.49122022461299253,1.0
-0.9829171613852121,-0.5407665278854186,-0.4331845107435525,-0.5022206183016757,0.3076180314764775,0.0
-0.9787509598702286,-0.5284929390135438,-0.4396718199011211,-0.5141924906814639,-0.013555040813742203,1.0
-0.9340726598981993,-0.5475409656208251,-0.5196726778177985,-0.5388445120169103,-0.10408601081412053,1.0
-0.9704753455576701,-0.5535173165814369,-0.47387693309703405,-0.5104173235176149,0.12064260238161831,0.0
-0.9804354742938239,-0.5293108853391941,-0.4642646508358676,-0.5082927206705687,0.37154591635429424,0.0
-0.9675110532253159,-0.5553968161854682,-0.4817076151696873,-0.5025094466901524,0.34026992387104066,0.0
-0.8893755597934534,-0.6495996347452985,-0.6286857296695894,-0.4763930046894559,0.03667162866780912,1.0
-0.9603022898805509,-0.5872858211829693,-0.45849339773778436,-0.49219186517568314,-0.1036454693430938,1.0
-0.9659736035637811,-0.5766714319403623,-0.47073044017777854,-0.5064625448992963,-0.10896959183600255,1.0
-0.944131455388639,-0.5711101387121345,-0.5083579246701024,-0.5169790636860657,-0.18901024047935022,1.0
-0.9774819748451737,-0.569393195169012,-0.46862180040131324,-0.48986833596271157,0.2597404442497077,0.0
-0.9515544402549657,-0.5738525549906672,-0.49200247865835767,-0.5201651284132055,-0.2311338968991563,1.0
-0.9726984928637793,-0.5483146121039605,-0.47729425964566774,-0.5120774605240657,0.16479233331947685,0.0
-0.9375080310612509,-0.5740627117321907,-0.5118420095492965,-0.5228582290024316,-0.1854061758167732,1.0
-0.959737244079686,-0.5441224961459924,-0.48532347888425115,-0.520373115607092,-0.018598086234374533,1.0
-0.9871906569321397,-0.5533869232829284,-0.42273826122904556,-0.48981199937731806,0.19150800927705902,0.0
-0.9245336434007381,-0.6067996412346855,-0.562710945170365,-0.5094357806105034,0.0922696504718332,0.0
-0.8278905180343425,-0.7122175605981079,-0.46387729826815144,-0.4639025698236836,0.47706665495400125,0.0
-0.9690321354389182,-0.5415655358756367,-0.48530437113862795,-0.5066247960132998,0.42251769824074614,0.0
-0.9216326766819515,-0.5650790390712096,-0.5888603607560243,-0.5425081295986985,0.14358331074098735,1.0
-0.9875385339427242,-0.5314874983952991,-0.41623349940917004,-0.510649170509407,-0.012565118006437961,1.0
-0.8155649876072338,-0.6320216615443782,-0.6296498526641527,-0.54666668794415,0.16005444818085146,0.0
-0.9850827882177454,-0.5342191141685921,-0.42842920007278984,-0.506270410597605,0.2936713622312357,0.0
-0.9656531359979267,-0.5817432292356326,-0.47897074898013925,-0.5025591422402919,-0.08865356622486875,0.0
-0.7515864648977318,-0.5260920072263708,-0.6669492161191374,-0.5584668288276342,0.06246806863402588,1.0
-0.8720987126700539,-0.620128973087402,-0.6316631458763422,-0.5042438732482225,0.40716217226925666,0.0
-0.9731311309539253,-0.5542566815321207,-0.4697338895840002,-0.5036494580390272,0.24299014293719765,0.0
-0.9637297122799734,-0.5729700912025597,-0.48193514621702505,-0.5085224105308167,-0.18311650320180406,1.0
-0.9681810856418607,-0.5631756903365853,-0.4969280358628974,-0.5111656995956744,0.08387995449054197,1.0
-0.9774869021357029,-0.5374346962276614,-0.4653522217080992,-0.5063016884845555,0.3715523465992832,0.0
-0.7923596632340596,-0.7233045189464291,-0.5583608144334481,-0.5495069654361011,-0.4090147788304306,1.0
-0.9517922722197836,-0.5352691222308686,-0.5258705418992647,-0.528043090745316,0.34521199395547825,0.0
-0.9776291754755395,-0.5507399418271641,-0.44830853730037024,-0.4969751708746618,0.2675710887017153,0.0
-0.8945231905665463,-0.5926613114035507,-0.6395126616539036,-0.5328446989803367,0.4543679108681781,0.0
-0.9557118122181953,-0.5570724484302222,-0.47151832005088884,-0.5242615627946684,-0.25321478631471955,1.0
-0.9021807268879184,-0.6456253102496606,-0.6304688205309043,-0.4972185012510608,-0.06490615886524262,1.0
-0.5235446125425645,-0.24509238137449774,-0.7693523477314497,-0.5603824850962295,0.05957988929523454,1.0
-0.9782378409559457,-0.5759835826155849,-0.4545983260906286,-0.48216022050334534,0.24711020500660075,0.0
-0.747408364189863,-0.785598201426859,-0.3564132152086521,-0.5434662555883975,-0.3072687710966907,1.0
-0.8901044194881202,-0.6598070177379801,-0.5770778560022086,-0.48930854435685317,-0.007144512977150075,0.0
-0.9389744904903259,-0.612026017635153,-0.5638049746649876,-0.5101123074704946,-0.03224389429713859,1.0
-0.9227315781836521,-0.6131160351730781,-0.5616372480740821,-0.5168272443507876,-0.03721557746752277,0.0
-0.9911114778498515,-0.5134166052749554,-0.4174952418033069,-0.5101668615110244,0.3104299588301087,0.0
-0.976707798423191,-0.5423698388581173,-0.45894625271804734,-0.5044320033649354,0.295194954051835,0.0
-0.9710849156938665,-0.5486393909816394,-0.4716161957751417,-0.4981884567660555,0.4104295631926617,0.0
-0.952619500366341,-0.5959664836719366,-0.5283641029022645,-0.4876697985905255,0.35464078824304124,0.0
-0.9323445827083975,-0.6222121332621294,-0.5217289745459627,-0.4870906737100194,-0.3274985695525599,1.0
-0.9702545889495522,-0.5746720847539443,-0.46973231597175785,-0.488150850355638,0.18380897765886423,0.0
-0.9565617408888181,-0.5166092982133406,-0.45396083662673614,-0.5402323946651356,-0.13898744951221023,1.0
-0.9883828279719139,-0.5119148289579762,-0.43169099588714566,-0.5215927772356103,0.160293727286681,1.0
-0.965502798031468,-0.5663272232314783,-0.4338694696887456,-0.5047494300230682,-0.10968980423111038,1.0
-0.8842431025350912,-0.6007332347488887,-0.6493338103814776,-0.543729147066233,0.07042584621892092,1.0
-0.9480515996015135,-0.582040493057374,-0.541218836220107,-0.5131499210832541,0.03550231830747964,1.0
-0.9016087717796581,-0.6441511873380373,-0.6319225560689039,-0.4905431208664079,0.03775755558892785,1.0
-0.9482217598683776,-0.5851160127536489,-0.5340993079502946,-0.49734385764399214,0.3527488739843607,0.0
-0.6923564320920487,-0.7215230677469708,-0.5914316852234432,-0.5310524439726046,-0.20460753456455577,1.0
-0.9406621201071924,-0.5932648935123199,-0.494380574775002,-0.5172045960347258,-0.3401210691314971,1.0
-0.9418277526080542,-0.6431026200531984,-0.4937530630880963,-0.47690707690027595,-0.31529626209627654,1.0
-0.9848351361039716,-0.537311523005839,-0.43519170900049675,-0.5097563192343298,-0.008959278304522256,1.0
-0.8528719027997897,-0.7130917814720876,-0.5831982688932646,-0.5321892006344925,-0.4635879747500977,1.0
-0.9622882306739129,-0.5909334424061602,-0.4563245960736967,-0.49683018809954527,-0.24539783928473885,1.0
-0.9666561523522706,-0.5747893798581997,-0.47202661935345663,-0.4922706548009882,0.2353101405402775,0.0
-0.9732864268686366,-0.5564417124722951,-0.4595266452783612,-0.5108099207386824,-0.028888414617705346,0.0
-0.961397231175749,-0.5569022216947708,-0.4891658312746352,-0.5062301041160258,0.30601333965306377,0.0
-0.966640346550677,-0.5763530171426409,-0.49067042581370773,-0.489407338732067,0.36391635114005044,0.0
-0.6668386868857423,-0.6455627562687741,-0.7211868420101883,-0.586887073477035,-0.13599656617565786,1.0
-0.9798829027488131,-0.5297989735050561,-0.43901959572667093,-0.5173902883822996,0.05159262751251077,1.0
-0.9903050892848853,-0.5115115075932452,-0.41359574736635596,-0.5189492066200195,0.03602691929143625,1.0
-0.8876941093239048,-0.6591384400361091,-0.6348880414031787,-0.4759897604881055,0.1382481211259567,0.0
-0.40269618538345864,-0.9962080022706463,-0.07550290028538476,-0.11068678856182379,0.2663188220115443,1.0
-0.9639826790678739,-0.5835450183324133,-0.4736237790838839,-0.49687518376788226,-0.10236618599733796,1.0
-0.9631142749037879,-0.5549935367501866,-0.4887709228783093,-0.5182402016809065,0.07474260953147706,1.0
-0.9428606652165099,-0.63276703119756,-0.540442688506216,-0.47720810672084624,0.2622901727866874,0.0
-0.7851102465317804,-0.562274407048576,-0.7422650937024355,-0.6066908507501667,0.3224781466006346,1.0
-0.9167963321458321,-0.5102455729916854,-0.5283363234665764,-0.5521725170908967,0.2831430081816182,0.0
-0.8427784857503536,-0.7714510294270353,-0.5632501949959398,-0.4715586024233242,0.07238375272865843,0.0
-0.9336723744316795,-0.6555173046610364,-0.5626963880371305,-0.4566494997162347,0.07645098114307024,0.0
-0.9261186982751336,-0.6025342929673732,-0.5724116508965441,-0.5007856496308274,0.3277541086261794,0.0
-0.959511877425191,-0.5891531362434864,-0.468060681985118,-0.4917462571999338,-0.11992861017886947,1.0
-0.9706488753479061,-0.5721984024212332,-0.46481297636831553,-0.5024104877522046,-0.18346897740184775,1.0
-0.9818533845457122,-0.536365875340943,-0.4481960484913774,-0.5143481160258591,0.07089647802295503,1.0
-0.9378273191925315,-0.5941096437846387,-0.49697418705362384,-0.5200720984536246,-0.3411823570404651,1.0
-0.9293971024336715,-0.5566836479491093,-0.5579989129767523,-0.5390458164505775,0.014622245190263033,1.0
-0.9675307255156093,-0.5473024784792664,-0.47358851285434167,-0.5185686609805312,-0.0762014758745809,1.0
-0.9467096496800367,-0.5924607103160481,-0.5335723852174088,-0.5001507150110558,0.40473406258002415,0.0
-0.9646230555502993,-0.5411154103411677,-0.4935357061859134,-0.5108509984482339,0.4036864721460994,0.0
-0.8934222129812254,-0.6613239845393543,-0.5507178873631853,-0.5144493892724702,-0.4112196786227722,1.0
-0.976168130750373,-0.5434226512579505,-0.44530863385523184,-0.5144282797691513,-0.04974103873143565,1.0
-0.9855369450673402,-0.5564965793243112,-0.4394185649428912,-0.48644567184589926,0.22121899001855572,0.0
-0.8232378751466046,-0.5393157013597052,-0.702459328645378,-0.5924374650479294,0.09827251649709276,1.0
-0.6119547224181359,-0.4216393852680188,-0.7730686381351846,-0.6374317421010657,0.5652434227050454,0.0
-0.972497768516886,-0.5871911577251274,-0.4700996041067917,-0.48506370082645944,0.21294036142177514,0.0
-0.7368147974688513,-0.8714540354844744,-0.11533720623545152,-0.38742371353944244,0.6960535973766364,0.0
-0.9641108976855063,-0.5520857845835108,-0.5059538939905119,-0.5191633907766299,0.029965098256549805,1.0
-0.9374315970496786,-0.580278038549998,-0.5226980728410875,-0.5208950383830638,0.04007942411597438,0.0
-0.9370432680881101,-0.5685440664015567,-0.5133051054244137,-0.5119330299058664,0.3580689997616542,0.0
-0.9744294545135737,-0.5709473896953281,-0.45292570832093454,-0.49071174757862135,0.016757569595658647,1.0
-0.959126310869747,-0.5909619287356397,-0.5132919891955883,-0.49044208709091447,0.3172072631228875,0.0
-0.9193540716924435,-0.5818421678716185,-0.5694375050091747,-0.5196113719262601,0.02612935900644759,1.0
-0.985157107844779,-0.5189645472936618,-0.4308588725483376,-0.520799179489559,0.04002760408991707,1.0
-0.9135310244475173,-0.659809902313917,-0.5260178681053175,-0.4679113927062922,0.05764033228543664,0.0
-0.9260922232547735,-0.6334444291663609,-0.5611765431917748,-0.4666446997211324,0.2602808538025726,0.0
-0.7031103093277011,-0.7121234798090824,-0.3333276253557741,-0.666793801032868,-0.4740308058692507,1.0
-0.9299919220949708,-0.5760237588799018,-0.5240604961859258,-0.5202839640463025,0.18041358737839325,0.0
-0.9868888174534808,-0.5248834563807229,-0.4313548563947524,-0.5186556858352331,0.021003265714004876,1.0
-0.9852362438435958,-0.5116317672238264,-0.4402438058597373,-0.5175323982247011,0.40677298098650455,0.0
-0.8953764105678403,-0.670434823270516,-0.5586498992073042,-0.5039669573296791,-0.34335155520496785,1.0
-0.9192827486863737,-0.6626419488458208,-0.5870218560197553,-0.4634257525575732,0.05000498294900283,0.0
-0.8684623235116317,-0.5983766152089178,-0.631925061200832,-0.553451914590531,-0.06560717267220925,1.0
-0.9817181853779653,-0.5597027558011294,-0.43998704502606173,-0.4960154416325813,0.08422110166682648,0.0
-0.7656077946667081,-0.4982585012839682,-0.7220709709838298,-0.6240109011808804,0.07529919880939452,1.0
-0.8967077667570594,-0.6798159571399536,-0.5476235409572081,-0.49424030194595386,-0.5672416567036576,1.0
-0.8125440870034304,-0.5546875277238124,-0.7222693671327028,-0.5943572245443501,0.0599168855316559,1.0
-0.9674035104389436,-0.5795651318914562,-0.49724984882930684,-0.4863672478834774,0.27622723571956836,0.0
-0.8135925685192503,-0.535308951736768,-0.6776114352301835,-0.5500278147191662,0.4729485092522179,0.0
-0.8853414469854927,-0.687602774953169,-0.548262783193058,-0.5048286675607082,-0.3929067368985463,1.0
-0.8900521093523522,-0.42321658077877566,-0.5091910599123326,-0.5697481830134299,0.5943993817194544,0.0
-0.6741869388769194,-0.8980453458484037,0.04093604496146308,-0.49275555457368875,0.6914308560837158,0.0
-0.8665533237509547,-0.6315291247023622,-0.6319041851952911,-0.49611189653056004,0.4076401276403554,0.0
-0.9829128013179167,-0.5361163296667777,-0.4311689582239473,-0.50383840217629,0.013045513952370157,1.0
-0.6234722698782094,-0.5659733319325304,-0.8153770609605154,-0.5796020444580288,-0.07853695731856555,1.0
-0.8480429840027034,-0.5651754067003636,-0.6094454736628064,-0.5653087221527129,-0.19666145946575792,1.0
-0.962603279398521,-0.560801212249852,-0.48443653583838253,-0.5136458116771317,0.07971711906486012,1.0
-0.95790622121651,-0.6312601208380272,-0.5070759620910888,-0.47334531988805595,0.08577460649013288,0.0
-0.9607594422944753,-0.5862833866653195,-0.4687765132981046,-0.5052768554874472,-0.23397462135971137,1.0
-0.9579450044655705,-0.5903757906016875,-0.5147943563028842,-0.4901919670640985,0.3992170170594028,0.0
-0.9370494527871541,-0.5242833686039139,-0.5207475719566724,-0.5357810324325425,0.3580647825966653,0.0
-0.9596644695995832,-0.6080789967817908,-0.4964809964597794,-0.4876393651614341,-0.20040345583370972,1.0
-0.7784004576707418,-0.7809208126385849,-0.5035677643526386,-0.3949621945658157,-0.1309990125446293,1.0
-0.9527423364878584,-0.6264950992440443,-0.5076788986071732,-0.48682719455771617,-0.3120754850530638,1.0
-0.934029441498771,-0.6376748581030175,-0.5270229122362603,-0.49038926625432416,-0.35355706025382,1.0
-0.959895740638631,-0.5772287825115693,-0.4886116898737675,-0.509966165513356,-0.23619377009578385,1.0
-0.6665059405752392,-0.7845746290502069,-0.43454281179234366,-0.5357807146070923,0.22741860805733857,0.0
-0.9213985146928971,-0.6613564667366608,-0.5106905138408263,-0.48174563722940544,-0.03645817332012588,0.0
-0.9118186807730699,-0.6546635331273558,-0.6036814642692677,-0.48245097514175966,0.3201309312691534,0.0
-0.9838087692278087,-0.5123950830045079,-0.4309777850155844,-0.5183973490251873,0.20354309370954632,0.0
-0.9811530790892621,-0.5181923166926021,-0.44882215170790685,-0.5184677638747848,0.24910280104052623,0.0
-0.9851369575895975,-0.5416663706812501,-0.43546314017417553,-0.4976049631985386,0.27885228018952446,0.0
-0.9545489243802998,-0.5854653895944573,-0.5006623918598352,-0.49026041893957994,0.11883862250703792,1.0
-0.9533115547508181,-0.6084871041934328,-0.49485743909112795,-0.4970235247062648,-0.32124763163430836,1.0
-0.863162059253636,-0.6949541756994402,-0.5744355153304058,-0.45730342350112413,-0.03998113908653789,1.0
-0.6094660588259534,-0.6453037425671959,-0.34232586166482,-0.6164632777539112,-0.20645484624066412,1.0
-0.9731761090224396,-0.5759768830200245,-0.4649668386962782,-0.48401268212294857,0.1863766660725283,0.0
-0.9440311449230564,-0.5730857304216764,-0.5190519079870473,-0.5136161848186683,0.11714003287180204,1.0
-0.9272938290586868,-0.5838217737372594,-0.5479918029254439,-0.521470686331514,0.048793578273894946,0.0
-0.7867591332708278,-0.7399644318250258,-0.5134929721467403,-0.45669114442648556,-0.019662341919881518,0.0
-0.9405584408326324,-0.646080434830838,-0.4898154141319359,-0.48890770664870264,-0.40371282038821354,1.0
-0.9725106885615056,-0.5552487202431914,-0.432177720104428,-0.5075034527377503,-0.11519719858715793,1.0
-0.8871328326099017,-0.6605019714882674,-0.48311182111686535,-0.48133723897884606,0.16186600805023688,0.0
-0.777340480804184,-0.7405820997156605,-0.685434607357703,-0.44876053842542313,0.3501518701576639,0.0
-0.991817166406068,-0.5272015694749057,-0.4009698781283553,-0.49980347911346557,0.2551968993477147,0.0
-0.887933728629132,-0.5450967926999593,-0.537991190459227,-0.555995062533315,-0.07382754236408406,1.0
-0.9815273304725318,-0.5427784050989809,-0.4395303092325696,-0.5037452631358501,0.21369805448783433,0.0
-0.8808425051046317,-0.6980118606861132,-0.5705888009664314,-0.4512290372386192,-0.026207707780212405,0.0
-0.9701022137497732,-0.5816889393065166,-0.4875528716234457,-0.4862537347344078,0.2572345436782327,0.0
-0.9676016506840754,-0.5675727997854093,-0.47505749854026097,-0.49582127657638525,0.3753081410284633,0.0
-0.8905085763980716,-0.5725078947770047,-0.5811130207881293,-0.542746835036757,0.01881333337476896,1.0
-0.9025276864709638,-0.6344917171736321,-0.5608692321834721,-0.5196384528904261,-0.3249933820698048,1.0
-0.9580854190755237,-0.598620681978318,-0.47687513195497666,-0.49294782792731145,-0.2063411666555171,1.0
-0.7898194517526427,-0.5733579644051868,-0.699119634939201,-0.528541844565608,0.09301135626330834,1.0
-0.9485449914019061,-0.618865078936508,-0.5171984984268208,-0.48748086221538167,-0.29002025023361316,1.0
-0.9623127606678776,-0.559202299394957,-0.48967315948375545,-0.5158629274543205,-0.07078250926351423,1.0
-0.9148421354714167,-0.6594360987285897,-0.5415870731342401,-0.46689482866967497,0.18871289417293546,0.0
-0.8780202191720305,-0.6045386691057387,-0.6243697005608635,-0.5128065426468003,0.3326876668068591,0.0
-0.9947243559269122,-0.5080414341361874,-0.4030736215102343,-0.5056171155347594,0.3583138950584072,0.0
-0.5265094821602887,-0.654296862505319,-0.3613115159931774,-0.5543677228976911,0.19118099269135602,1.0
-0.9163223031413767,-0.5988146320856578,-0.5772277974291959,-0.5149772868714367,-0.013415096142717353,1.0
-0.6957813362196463,-0.7918254007467989,-0.1265633518519249,-0.5177498817834664,0.13705092378557576,0.0
-0.973265386254595,-0.5882476333258753,-0.4636270522264816,-0.4971067518126423,-0.14736260657507147,1.0
-0.9718711135616049,-0.5590116121953155,-0.4667537991937981,-0.4988551378027861,0.15615041493124912,0.0
-0.8975827291812482,-0.6984870304748522,-0.6073006518192059,-0.48497521648542163,-0.43158156749429955,1.0
-0.9468279832589432,-0.6371877763475707,-0.5135549549045815,-0.4849460315013041,-0.41871312472513444,1.0
-0.6697466957018325,-0.40690687669803116,-0.7923762154626081,-0.6208272137297423,0.6716298383763076,0.0
-0.9061905119384781,-0.6845232987698946,-0.5848106335604861,-0.4549806597053272,-0.01052059056589913,0.0
-0.9740927552761194,-0.5534962899741473,-0.4684443375897228,-0.5047971020187982,0.15945590140859672,0.0
-0.9763205849651267,-0.5899362964745751,-0.45183915811685516,-0.4707029191813464,0.16556644804721218,0.0
-0.9492826835523945,-0.6371632127424477,-0.49967374595184394,-0.4791732790624031,-0.14752115472822616,0.0
-0.9555871685225116,-0.5784275222329459,-0.49303687601676605,-0.5124335502286684,-0.21896694513587256,1.0
-0.9593827792470174,-0.5412496471957919,-0.50761713046742,-0.5294094557032559,0.22842050300943373,0.0
-0.9812370128058634,-0.5339953669580844,-0.43729897546843294,-0.5149323489209922,-0.06683452658773073,1.0
-0.9728181739619505,-0.5825594907537722,-0.46532213617161494,-0.48271137467290265,0.08574180860536414,0.0
-0.9283879282037446,-0.576690510538367,-0.5350481641832247,-0.5259607461236376,-0.240367642719109,1.0
-0.9719040047691546,-0.54813665970805,-0.4654518150268573,-0.5205495450477354,-0.09361554303959446,1.0
-0.9697519680676251,-0.5613270714379355,-0.4724761222514187,-0.49576544976668524,0.24038354147016514,0.0
-0.8855457844984068,-0.6454650049731117,-0.696864599255974,-0.49781073148707894,0.1906418498979982,1.0
-0.775775064270939,-0.6318608534105112,-0.6520920357671004,-0.5739976986698437,-0.2741866952552345,1.0
-0.9159611752617737,-0.6180886786509215,-0.5664357111919777,-0.4935220111921167,0.3985986144392263,0.0
-0.9744314818783457,-0.5515257024109423,-0.45060090195695995,-0.4962374721111815,0.13155281442682365,0.0
-0.6964909859918743,-0.47151478316522,-0.7044087048708001,-0.5076069688098384,0.3561347479947846,0.0
-0.5126788824041055,-0.5655982136482978,-0.7197072397000884,-0.6122212041766615,-0.32191660326073734,1.0
-0.9141458155252267,-0.5356849577932237,-0.546341751891735,-0.5534820961071288,0.01441863047825627,1.0
-0.9699343460651212,-0.511253500761414,-0.4697367047136155,-0.5230924232363392,0.4269497048958598,0.0
-0.9518918590632262,-0.6457675014764099,-0.4776738931137599,-0.47559232481729596,-0.4231266030691522,1.0
-0.9520279703376542,-0.6314365927726766,-0.47892944943685756,-0.4718080698145817,-0.21473617165418818,1.0
-0.9462372763530983,-0.599074024525209,-0.5123280784001044,-0.5011230787182276,-0.28614898664396277,1.0
-0.9025258337633009,-0.6658940968868888,-0.6119403188639123,-0.49384404535380083,0.11454000993353114,0.0
-0.673474253956908,-0.8222713569463768,-0.40237078387410447,-0.40608874888466856,-0.04641687144450704,1.0
-0.9730373827573314,-0.581182222589069,-0.4717730714952098,-0.49227296413951277,-0.11095112673354812,1.0
-0.9534286580608834,-0.5878049467364752,-0.5263402333332234,-0.49812564209656074,0.10826543579819001,0.0
-0.7394741498675149,-0.6193166397224621,-0.7474194686458984,-0.5726514310601005,0.3154347882877967,0.0
-0.9580704537522117,-0.6082453635081769,-0.4918329972090168,-0.4927539336736244,-0.05572857758630834,0.0
-0.9853706350073914,-0.5196863239404,-0.43872975933845976,-0.5232917148774661,-0.01654718967179765,1.0
-0.9825018499975131,-0.5164722753880524,-0.43705412846286906,-0.522807058320527,0.03367835131919317,1.0
-0.92707408948048,-0.6463184211785723,-0.5610894224885141,-0.4824769549679692,0.2670288684517206,0.0
-0.9652374326799644,-0.5701182511724994,-0.4711302437838744,-0.5084685251078302,-0.1780667930883413,1.0
-0.9548880592823917,-0.5904571006589865,-0.49654377650065057,-0.4932915964932695,0.23036529089528002,0.0
-0.9298664346124508,-0.6774333014632328,-0.5292485247862228,-0.44719771672333075,0.10606891583574665,0.0
-0.9391375328150503,-0.6025590350004748,-0.4838069809817887,-0.5081552218739727,-0.4121884657411892,1.0
-0.9561571924629535,-0.5763579028537656,-0.515412463399423,-0.49692125706620804,0.3789408778098428,0.0
-0.9694453279610696,-0.5437888922828269,-0.44041367253274083,-0.518488545625778,-0.08173405988237156,1.0
-0.7842983203709332,-0.7735769823174969,-0.6006787542763536,-0.4356584388529831,0.37658098231794657,0.0
-0.7381242145736197,-0.6658128135396867,-0.6164648113253237,-0.5470849723598753,-0.1369987110087718,1.0
-0.5815452128338452,-0.3642620038777392,-0.8031135940608864,-0.5946709138215406,-0.07552409300992755,1.0
-0.9300288609988391,-0.5468974638906277,-0.5584081437398056,-0.5255351973792677,0.3907855006321028,0.0
-0.9501245497230609,-0.5658083715060142,-0.5453813152034686,-0.508261406212645,0.2872248847101013,0.0
-0.9641226650530865,-0.5626674244344287,-0.4898195818860217,-0.49843146898929946,0.3436473166228282,0.0
-0.9044398596870586,-0.6092620424288826,-0.5945730001441014,-0.5089021063665345,0.30201361427415213,0.0
-0.9349684405245525,-0.5891215432345065,-0.5619110756812896,-0.4969338411659655,0.48112928061351395,0.0
-0.9745087974065627,-0.5734630574757992,-0.4693895787462564,-0.4948685933941072,0.12175827624777275,0.0
-0.9684288538894837,-0.5650965827757514,-0.471808965090288,-0.5043895458909103,-0.09567341547160757,1.0
-0.9733041710297468,-0.5348974312567718,-0.4534019575891783,-0.5248665617363356,-0.058512729464813035,1.0
-0.9817768380879941,-0.5096333785309016,-0.42698636984784677,-0.5259597064454062,0.07435289294671002,1.0
-0.9280335919456637,-0.5864116424728933,-0.5813833944953997,-0.5090804297295116,0.3569021956080498,0.0
-0.9758059511079088,-0.5319698626269167,-0.4441737301409376,-0.5173963270952252,0.07630692263491504,1.0
-0.9490160047488216,-0.5966294872428521,-0.5078948401796789,-0.51143743360736,-0.2513887278289987,1.0
-0.963538349340206,-0.5536192530951041,-0.4786850960156717,-0.5058714125475554,0.3270670141724496,0.0
-0.9549137329071254,-0.6209909084434537,-0.5313544377905454,-0.4808974272105218,0.1134195008587025,0.0
-0.9548675540748172,-0.6258098010144475,-0.48329641399275686,-0.48386408640772627,-0.4015087693665446,1.0
-0.9550393867446958,-0.5980349743950573,-0.5011914683925028,-0.5095499996965812,-0.2964596328262152,1.0
-0.9231867493646212,-0.6336280773337869,-0.5674016461999538,-0.48055268010954894,0.44480520813746854,0.0
-0.9590424105156651,-0.5986118348799707,-0.4534303160646717,-0.4933193607121531,-0.2199503697099779,1.0
-0.9711054087726091,-0.5474314203440919,-0.4732677585538177,-0.5017960231467183,0.3397007818037345,0.0
-0.9896771302977937,-0.5201727799796971,-0.4110148183947026,-0.5195450662025904,-0.04848401288593558,1.0
-0.9562231739179025,-0.5694894065237116,-0.5083923403558582,-0.4985939278144077,0.25293792651394487,0.0
-0.9727192065197318,-0.5885817145382248,-0.4823584644694777,-0.47969196893907773,0.22840530979463844,0.0
-0.8706766790017141,-0.5190523574462562,-0.6043211509403704,-0.5577034132981509,0.5139455729689695,0.0
-0.9153130597917657,-0.6360403666766541,-0.5499880844868241,-0.4966490629616066,-0.09401067074115013,0.0
-0.8817996128156147,-0.6366454938847577,-0.655320542713486,-0.5313475451974894,-0.12697240282081793,1.0
-0.45876600409782325,-0.6518272617760069,-0.905839160693728,-0.5545793554950776,0.304975193895908,0.0
-0.9850520865507056,-0.522561015807164,-0.4254571147020408,-0.5054107438065222,0.31048828622366825,0.0
-0.7512986683591523,-0.7658068942088253,-0.36977892879767205,-0.38242935809280215,-0.009176099009281832,1.0
-0.9663483975842987,-0.5564608257069171,-0.5117257228155376,-0.5104894788613561,0.4213254783160988,0.0
-0.9351310949938421,-0.6454851960850618,-0.5514911352789638,-0.4883661070884857,-0.3232525371561005,1.0
-0.9858020206008556,-0.5547261696078091,-0.4360641190886382,-0.48593044856378476,0.3028338973926694,0.0
-0.8952649209656482,-0.6930411270792439,-0.5697591469837259,-0.5096142873002573,-0.5048017276478596,1.0
-0.9840048840487121,-0.5328870183557024,-0.43595725002514174,-0.5038229734351697,0.33782278288202805,0.0
-0.945390290579904,-0.6017553626703217,-0.5047898640239962,-0.4970642733285534,-0.28598418146580035,1.0
-0.9930141556657465,-0.5047147352575175,-0.39431552269962594,-0.522346039540537,-0.03821068341924723,1.0
-0.8949128419360168,-0.5791925107456981,-0.5846214672997696,-0.5345517986946989,0.02078851830651829,1.0
-0.7786436921775318,-0.637860809628713,-0.7172803296272079,-0.5460002737630684,-0.01080110042984811,1.0
-0.8364914889205194,-0.6649961894113526,-0.5414968962945191,-0.49196035768456314,-0.11075430936834996,1.0
-0.940839910820364,-0.5747003492830484,-0.5134341660984324,-0.5075993689414982,0.3815538913474807,0.0
-0.9207155862933949,-0.5808707812325403,-0.5138602476125311,-0.5392762804784629,-0.33230546657426235,1.0
-0.9004721349509482,-0.6947010765380615,-0.5924883392032415,-0.4958075396782389,-0.3307036448020312,1.0
-0.9606907681612601,-0.6080897044442383,-0.5070062901592284,-0.4803390966933944,0.2153381004131955,0.0
-0.9677646842510766,-0.5922749104282073,-0.4760536337712437,-0.48184809257913297,0.23330216895266145,0.0
-0.9636945894659076,-0.5970412803272903,-0.4807487970458809,-0.4837029753825409,-0.14086021853092115,1.0
-0.9448313345725624,-0.5678359746393395,-0.4844086537270709,-0.5185187978285327,-0.25461089678349075,1.0
-0.9509063712367406,-0.6372993500458761,-0.5009346206894099,-0.478484263063428,-0.281464342224644,1.0
-0.9622110302740059,-0.5359896108383361,-0.48913762355760504,-0.5250729684412967,0.17458348994366027,0.0
-0.9741500949917897,-0.5600490403897064,-0.4562870431586881,-0.49534401959186186,0.26736082237297865,0.0
-0.8964225172029303,-0.6005738515833112,-0.5849503232648983,-0.5202576530891787,-0.11289655649811003,1.0
-0.9847641838109329,-0.5349241623430012,-0.4391957395631064,-0.5002899809389715,0.3529033968603704,0.0
-0.9280744406850495,-0.5557018609354781,-0.5385490628622819,-0.5326194740616034,0.09681365343952862,1.0
-0.9057324859267084,-0.6598233043496564,-0.5966123076312518,-0.4635407072392654,0.0160033439652384,1.0
-0.9000426453987095,-0.6900623811557287,-0.5670545665147354,-0.4883650800871472,-0.5750625199373076,1.0
-0.9889487371094077,-0.5239004232903937,-0.4125680444744004,-0.5139478786167065,-0.053481461106359054,1.0
-0.830305936435263,-0.6552528888278806,-0.699903120381059,-0.5001016800018395,0.40088160977019344,0.0
-0.8738699077595048,-0.6950985561094674,-0.5893487261842604,-0.4909382234807572,-0.4063634518989438,1.0
-0.9764951358331457,-0.5675529042676312,-0.4535518334199766,-0.4930567226709139,0.08985811410273536,0.0
-0.9649399541809845,-0.5878272369303915,-0.44938460403041963,-0.4971200890998573,-0.4028934303754568,1.0
-0.9585964131900206,-0.5340535441487053,-0.49533311302279603,-0.5243460219202981,0.03803034550155392,1.0
-0.8740849556854774,-0.6225259458113438,-0.597737779836197,-0.5195700206228582,-0.0629747828182792,1.0
-0.8305231746389703,-0.7065806548304989,-0.6362947165011706,-0.5081563586760063,-0.25280759612855114,1.0
-0.9294235661158881,-0.6434883163807105,-0.5716189238005989,-0.48038071883647626,0.29312691652394607,0.0
-0.9360725011676351,-0.6036002863396748,-0.5148593443579748,-0.5067537984939882,-0.297945011275604,1.0
-0.8836627544785886,-0.5662479602955423,-0.6275003788389263,-0.5418042060466826,-0.03994361095638216,1.0
-0.9569947498826878,-0.5997397081491634,-0.5040979788506066,-0.4820777358145309,0.3367257948627668,0.0
-0.9116314919958132,-0.6603844898867337,-0.5615385556481166,-0.4906258977243184,-0.1694517346196929,1.0
-0.8630380456127964,-0.6579231579549394,-0.5802349678555042,-0.5044055882914378,0.19699361789688646,0.0
-0.9738772269035832,-0.535966629766217,-0.4487802936043155,-0.5210637343243502,-0.1554060821550089,1.0
-0.9863925032977889,-0.5516865915079265,-0.4298262060043885,-0.49289780113401643,0.31424940074199875,0.0
-0.9526990681677991,-0.5782595112589394,-0.47702682182115336,-0.5061935168644695,-0.2540703813503054,1.0
-0.9833457309743271,-0.5534654327882417,-0.4485138845898774,-0.4899735786823175,0.304712692141148,0.0
-0.9147858540443564,-0.60200073157555,-0.5588914229679753,-0.5186981360454834,-0.11008710365045254,1.0
-0.9704581436019784,-0.5820619608448071,-0.47419035555528544,-0.48364902217436107,0.3126303197795286,0.0
-0.9627769262727252,-0.6035477014873029,-0.4548876383470235,-0.4751779049155455,0.16398934987149105,0.0
-0.8717328884011545,-0.5613004737013254,-0.6126713492584577,-0.5271133154542444,0.46782867138775025,0.0
-0.9751923357375281,-0.558077750281507,-0.45682009589467837,-0.5032928866647374,0.07163680758691067,0.0
-0.9748029145310925,-0.5701362349814244,-0.4601016284059797,-0.4882930922623336,0.2547087509169753,0.0
-0.9480028870504514,-0.5782929077524362,-0.5137158417805513,-0.49294667461020014,0.18927328468370574,0.0
-0.9827378868432146,-0.5221832505121731,-0.42405775435511617,-0.521589993722147,0.02800813874979196,1.0
-0.6858743816586337,-0.7131998037725766,-0.5312552302077699,-0.5507954260175465,-0.1156957525386545,1.0
-0.9457821324209483,-0.5943486364519786,-0.5374248211560521,-0.49534194177929874,0.15715601350788314,1.0
-0.42586376572999635,-0.4763578750728766,-0.7630995224907526,-0.46864812970123954,-0.368502055646738,1.0
-0.9399776045887588,-0.6121179471122588,-0.4911745703871533,-0.5037027900961478,-0.3945949668761844,1.0
-0.9705901701125618,-0.5648651319606303,-0.45747471471795054,-0.4999386637098279,-0.12746988458074146,1.0
-0.9922198834895362,-0.5076762809619361,-0.4106167813631171,-0.5214250077173594,0.1004315825702954,1.0
-0.9907253012708583,-0.5151834142942404,-0.40844682483800926,-0.5159615814287388,0.09746881810756847,1.0
-0.9898146401313374,-0.512037111798947,-0.41779243163607027,-0.5190480396814032,0.2219181413694096,0.0
0.11354438394183686,-0.8738384158409351,1.0,-1.0,0.7460812022752931,1.0
-0.9603130757866554,-0.5739248341134433,-0.46425141618990007,-0.5053832962442112,-0.29402046199671866,1.0
-0.9800606365107712,-0.5506353871864643,-0.4442228420186615,-0.49599984202314334,0.20848679456949307,0.0
-0.8813132260465009,-0.6851623732565418,-0.5919278725369861,-0.49930578880048143,-0.3936481774656253,1.0
-0.8450777896723167,-0.5409673737166971,-0.6795088431837029,-0.5584754514594792,0.5075678633579694,0.0
-0.8411650268148925,-0.6858097731924719,-0.6059785431395284,-0.5162436720115079,-0.3812441595728913,1.0
-0.943089731117608,-0.6239429415806028,-0.5722090656336742,-0.48401054186707054,0.25039446764981227,0.0
-0.9405210495783869,-0.6471570374789934,-0.49964145771536855,-0.4866296593014876,-0.46297303726032735,1.0
-0.8992182102540758,-0.60600099007384,-0.6264962878066611,-0.5219931622372214,0.42193240320333303,0.0
-0.9393978251466661,-0.549910792149864,-0.5232917710340611,-0.5224688854202372,0.37537885658650794,0.0
-0.9597766338961167,-0.5570661600197578,-0.4803755179962358,-0.5095501008010238,0.3465078307488358,0.0
-0.9618032870111065,-0.532780078561854,-0.4917836075921794,-0.5141008671263078,0.4935402026889029,0.0
-0.9569814904436971,-0.5814681919366471,-0.5062221724410509,-0.511076963703965,-0.17954381979144035,1.0
-0.9654974950491543,-0.5663149497298194,-0.4750337572174325,-0.5118414884708522,-0.23751902720873647,1.0
-0.9830901574209229,-0.5439378655936513,-0.44433322160434335,-0.5043505384979096,0.02834517641865829,1.0
-0.9637642738412652,-0.5515649144089267,-0.47963334390808987,-0.5120113240704709,-0.0488634565628841,1.0
-0.9486056434224971,-0.5582065545314719,-0.5170101565155386,-0.5189119653304208,0.0690592353833043,1.0
-0.9233272481393755,-0.697787313023636,-0.5288713203096141,-0.46995470977518417,-0.2469249656491857,0.0
-0.97790866087618,-0.5271991625284196,-0.4514092929629588,-0.5157960076946302,0.20949715915856257,0.0
-0.9902028865835885,-0.5238767949036269,-0.4023904897727363,-0.5135308248473545,-0.03514506783544294,1.0
-0.9423676290015176,-0.643841541467035,-0.52476453341462,-0.48373992186737086,-0.4203680982942074,1.0
-0.47718290196115754,-0.8728377435470795,-0.09624442986387782,-0.3821417394380557,0.273870092881995,1.0
-0.9240624246054018,-0.6643351287354657,-0.557403704687267,-0.49802668306362036,-0.2883232756937686,1.0
-0.9751711969534224,-0.5450544688676336,-0.4614697171538148,-0.5158106525533531,0.27061489420805385,0.0
-0.9857245668963591,-0.5227736049364119,-0.4234072111768914,-0.5176187839820618,-0.031104417617799127,1.0
-0.9934597181641752,-0.5000332588828752,-0.41572045190557566,-0.520657107453229,0.2904895379761441,0.0
-0.9557495653545514,-0.6095079705309636,-0.4743977050954712,-0.49658635588474564,-0.4056105044018483,1.0
-0.9627975896101659,-0.5820808326932652,-0.48380949288016334,-0.48902386702185524,0.26267982284198155,0.0
-0.9126728769853931,-0.5957715777784071,-0.6094080063356015,-0.5213530379308506,0.06439049663699513,1.0
-0.9072820172872258,-0.6225191788214042,-0.5523629073293898,-0.5150201553469662,-0.37814869240713295,1.0
-0.8616059628946096,-0.6144556157820126,-0.6238070146332799,-0.5407412286677997,-0.1339561238395723,1.0
-0.9719542848510392,-0.5770565409295179,-0.4560325106161154,-0.5027591969901812,-0.1332267596092737,0.0
-0.8147440899456755,-0.6047635328422418,-0.669411615600287,-0.5611045495991863,0.00461379781529947,1.0
-0.963510773162589,-0.5724298858536971,-0.4898034133699467,-0.5029421832830605,0.047579144087845915,0.0
-0.9531756450366065,-0.615006619603513,-0.509942156483807,-0.46859746776378897,0.08027281944929468,0.0
-0.9786714090712731,-0.530697441082371,-0.4435275373827001,-0.5147689868705794,-0.010904566210748035,1.0
-0.9152159737757992,-0.6776179864339901,-0.5753416337031861,-0.48343300182706067,-0.5115024166062586,1.0
-0.4046493799453038,-0.3865748185036527,-0.9747867728948307,-0.5761510555147429,0.6782179278292297,0.0
-0.9835339700844908,-0.5267494275028859,-0.4249622691405718,-0.5093556961136462,-0.03873405735818629,1.0
-0.9859322815540533,-0.5267404230068842,-0.4384537363238804,-0.5055849245659467,0.2981993278205343,0.0
-0.9706807977651049,-0.5130814643759406,-0.4475774369234601,-0.5327557003247081,0.016756534070597066,1.0
-0.9112354478048887,-0.5446424835877829,-0.5395616155084159,-0.5428691627065184,0.003142001930682675,1.0
-0.9264904799475671,-0.5689350938594319,-0.5338550101160068,-0.538022925968568,-0.08887286364902344,1.0
-0.9932867198131985,-0.5225692574713933,-0.4024820139238708,-0.5082322670449142,0.07936360146813787,0.0
-0.9350613783620887,-0.64901805237187,-0.5548387585390346,-0.4865727726345202,-0.3181944259710406,1.0
-0.9711814460509192,-0.5726855530252181,-0.5003910194562973,-0.49210531343728753,0.3673563436151173,0.0
-0.9789402912255366,-0.5345815730520455,-0.45467110665986193,-0.5239124753594155,0.06625854014123192,1.0
-0.9528016997224443,-0.5721324850922145,-0.5100128520527925,-0.5173938350972845,-0.15027623154176487,1.0
-0.8747784778932955,-0.7256391544272587,-0.4052137145148219,-0.4414906205793182,0.1418240840932154,0.0
-0.9672699779048604,-0.5769311059056497,-0.47338462801119563,-0.49975852251688097,-0.15077355204102605,1.0
-0.9877554535011848,-0.5277051872201936,-0.412191651511894,-0.5137249899493929,-0.07347233689574661,1.0
-0.7675462425608348,-0.76523748810133,-0.7202500255661299,-0.4298759468586641,0.1680850186082047,0.0
-0.9258461367412111,-0.5347505820566548,-0.5743652016472334,-0.5536177484992101,0.16325246108645308,1.0
-0.9587342340776849,-0.6022358611034718,-0.4957148071753188,-0.48562761160175755,0.08181902506861419,0.0
-0.8327148417180354,-0.5843526942487501,-0.6428997370390314,-0.5456197161889889,0.40002107665655173,0.0
-0.9518518674751554,-0.6231238704969039,-0.5009027895820991,-0.4785828310643325,0.01788518385402517,0.0
-0.9784782262330747,-0.535750250585272,-0.4407007860180875,-0.5188084675963048,0.03225407135031261,1.0
-0.9618636224907885,-0.532446911298651,-0.4734238734416015,-0.533203014622466,-0.11824589809607608,1.0
-0.8060049421477353,-0.5427241707606824,-0.6986327103605792,-0.5844195069151525,0.04804402657480604,1.0
-0.9744760071596286,-0.5494159165349056,-0.4533598221430258,-0.5146754090658521,-0.09136741173450097,1.0
-0.9160116327223108,-0.5468839750995531,-0.5627426042987245,-0.5461820821348086,0.07595750271600522,1.0
-0.9541143497245215,-0.6532172751542622,-0.49181341852486615,-0.45261061352555937,0.03566085024565187,0.0
-0.9312726422972453,-0.5706055423776504,-0.5524003406644387,-0.5259776822920813,0.08315878798330552,1.0
-0.9038892304956688,-0.6991307428246156,-0.5455755580217082,-0.47772813356823807,-0.47981424891759905,1.0
-0.954618873421337,-0.5672354579683306,-0.5050296601346587,-0.5237232287761493,-0.16366735686340442,1.0
-0.9622248201980712,-0.5649431494472211,-0.4583739924907498,-0.5100471749991631,-0.04674168080946485,1.0
-0.9548171651006354,-0.5989476158173649,-0.520129338509132,-0.4864926027407067,0.30863819333604237,0.0
-0.9438502165044639,-0.6435398978930504,-0.5249591099957809,-0.45831897933999366,0.03595914691606258,0.0
-0.9335263512039585,-0.6143839478568788,-0.5480264244661958,-0.48573291655141326,0.2710669304385075,0.0
-0.9835967438531602,-0.5502195670071428,-0.44794023415615386,-0.49589578366027676,0.3034979084341236,0.0
-0.7985871033528253,-0.6954617898738485,-0.4994589970479017,-0.5676875108417132,-0.3534285771680581,1.0
-0.9725395354062374,-0.5959896378308046,-0.4639124398970348,-0.47338362113288424,0.26753081296649506,0.0
-0.842621485838181,-0.7820694255910956,-0.6531909257846729,-0.44507834509401195,0.0109188377374125,0.0
-0.9525006263921814,-0.6086374102258841,-0.5235831964159319,-0.4775456482436832,0.33157529319465945,0.0
-0.8575038497977806,-0.6590201178985179,-0.5896161978980115,-0.5239528698469637,-0.3036636510384409,1.0
-0.9220333669077515,-0.6752066703553499,-0.5675865455598278,-0.4754095277847644,-0.27889518274731195,1.0
-0.9827839565436756,-0.5273817722260579,-0.44247895257873415,-0.5049122294805554,0.28557186241519683,0.0
-0.9684874690282175,-0.5396738526988611,-0.4853848826248522,-0.50878373120586,0.4527361689259086,0.0
-0.9851053902699217,-0.5246164687298888,-0.41612360699749873,-0.5140897341476799,-0.07605253443162233,1.0
-0.9757502429823841,-0.5595003107982501,-0.4487161634419234,-0.4911545626984932,0.2754385029406838,0.0
-0.8254399700186984,-0.7508444429214647,-0.5068530454425761,-0.46340190893083877,-0.14602727320130401,1.0
-0.9424221232535905,-0.6198090081391687,-0.538209545109128,-0.49776336783731684,-0.18036549716286668,1.0
-0.9713342812428817,-0.568490025547329,-0.4817394941464485,-0.5022641319759114,0.11588568076474978,0.0
-0.9334569499752005,-0.6166004274741997,-0.5544973736485158,-0.4942253448876775,0.3169088296629059,0.0
-0.8525076816801251,-0.6658515825496769,-0.6119156632895324,-0.5193687189248838,-0.1359965627724965,1.0
-0.8915530926497426,-0.6478671337788111,-0.5956622348854246,-0.49109303135975557,0.32037118630363715,0.0
-0.9243934123016614,-0.5961542426681916,-0.5664032437450495,-0.5016354150390789,0.2903633475856847,0.0
-0.9510769158477856,-0.6159737861435054,-0.5043320829588627,-0.4897059297216968,-0.13751818115478676,1.0
-0.8853215117461488,-0.7155986728606315,-0.5788190650864445,-0.46127864149801695,-0.07676176299732931,0.0
-0.9483399453768894,-0.5918176923930359,-0.4905238503679737,-0.5130867893650066,-0.33032421528066874,1.0
-0.9509504234558868,-0.5741405052205021,-0.4851131998001443,-0.508046930216466,-0.19467574433555657,1.0
-0.9006752386271228,-0.5468965093408907,-0.5305157147193942,-0.5454305211965937,-0.08860935842086087,1.0
-0.9920663811201285,-0.5157867602047289,-0.4133872191214928,-0.5174228921431507,0.07095324489731598,1.0
-0.9949244076196047,-0.5074145331632489,-0.3970010636639222,-0.5143223534952324,0.25218660241809343,0.0
-0.9643371395165625,-0.6076143177145813,-0.4670945733130823,-0.47129872300008985,0.1217057696309321,0.0
-0.9807726953251799,-0.5451049715115215,-0.4454978763539227,-0.5073579530789796,0.0026124214292374964,1.0
-0.9734652935231758,-0.5616958162548871,-0.4574166627621419,-0.5071213906294683,-0.0607804777537955,0.0
-0.9818489455127872,-0.5537252206136005,-0.44007339014241276,-0.48964474443360784,0.27020224388196945,0.0
-0.966726809642233,-0.6075491049695826,-0.4667071536358529,-0.4662990233866098,0.2121952523641263,0.0
-0.9420178090533116,-0.5945244287566313,-0.5538785252454611,-0.49085018259172336,0.3820328367984666,0.0
-0.6670719436050004,-0.5858329356052062,-0.7137375920553422,-0.5990933744500883,-0.07630604611554573,1.0
-0.48834945510422334,-0.48160129651947026,-0.7289594820335719,-0.5415211367959865,-0.19355839667863256,1.0
-0.9728296241561227,-0.5303329396863319,-0.46658599098026626,-0.5243339973680139,0.0394682022211469,1.0
-0.9615746642820959,-0.5648212476787987,-0.5162242328345346,-0.5084881371358325,0.2848958280367079,0.0
0.16861804049437645,-0.29527794718926914,0.6439491353104838,-0.999183025229353,0.16155183068591164,1.0
-0.9694556245843562,-0.586637568406384,-0.48800217176862615,-0.4796331192549977,0.09725363622353204,1.0
-0.9788797026384012,-0.5429397502292219,-0.45179587006043154,-0.509483742695944,0.1216503507692043,0.0
-0.941929436425226,-0.6137389368984713,-0.5194069730175798,-0.5012351612949251,-0.18359584266907064,1.0
-0.9457361383812234,-0.5721824961572253,-0.5304296201034883,-0.5082620844000834,0.4030044692129262,0.0
-0.977897186127665,-0.5660981718526055,-0.45762923052873583,-0.48748497237464633,0.1074057649473723,1.0
-0.9760917610996792,-0.5474617881325134,-0.4429621839609651,-0.5207302318140331,-0.13195026141584526,1.0
-0.6424235705767178,-0.9680686268911888,0.048643142358530955,-0.29782523884693385,0.8659293259270003,0.0
-0.8997242779994027,-0.6520520073834455,-0.6067140277896987,-0.49962989083674236,-0.10669416046157623,1.0
-0.928499427124403,-0.6569245846197833,-0.5607115835503526,-0.4840443047718621,0.09355653900734086,0.0
-0.9274894962234649,-0.6618186092487424,-0.5491119181998999,-0.4392246037983535,0.02649334593936957,0.0
-0.7776435393126901,-0.6677201425800763,-0.7153569672695217,-0.5498687740119962,-0.22307498135182652,1.0
-0.9376734824075513,-0.5649897398789145,-0.5054412751798741,-0.5122984368745784,0.03791870346012189,1.0
-0.8144451299390367,-0.6893778668891427,-0.6808950818040611,-0.4911106538945877,-0.4683456574592032,1.0
-0.9698053739139861,-0.580923326271552,-0.45129414698553033,-0.4960302814145992,-0.15528292546545677,1.0
-0.972983843957971,-0.5441464980963535,-0.44385318753343556,-0.5193311104068506,-0.14931427857739185,1.0
-0.9219905967786206,-0.6640427264838423,-0.5246350581964879,-0.4752562375340795,-0.321187108043293,1.0
-0.9424516529450097,-0.5708739512007869,-0.485745722977295,-0.5306928026990176,-0.34915101509065305,1.0
-0.9492183998782358,-0.6083553425162886,-0.4901912803414447,-0.49544902517105066,-0.07047967570058336,1.0
-0.9880375674173002,-0.5067997179027144,-0.4299586863280791,-0.5345151443598863,0.09725402319495059,1.0
-0.9788273961710582,-0.5286421646034934,-0.4471358240269585,-0.5257323558580721,-0.07011083311211164,1.0
-0.8793468752735895,-0.5611490699163166,-0.6164136859710041,-0.5521630459227465,-0.001115303545583965,1.0
-0.8458584353344436,-0.7135994093434359,-0.5724468158636319,-0.4612845520521153,-0.03628213977066423,0.0
-0.8489701200427732,-0.7434029917954263,-0.5346009769106085,-0.4551422993227927,0.29834413294430423,0.0
-0.9495979709663597,-0.5752039144729706,-0.5056283527735659,-0.5219962416707243,-0.2511933049704971,1.0
-0.909363024976217,-0.6549512311115756,-0.5602661295397088,-0.48790502423571447,-0.13330244437870356,0.0
-0.9056917080215567,-0.49123561207379357,-0.5266700821337414,-0.5711495610360909,0.010442523684069123,1.0
-0.9045179852095605,-0.69945750546203,-0.5561365093256204,-0.47307559896931717,-0.3339849562844841,1.0
-0.975043696428748,-0.5084400786900579,-0.43411519874573895,-0.5314493009876615,0.020735773429569712,1.0
-0.9684901655365146,-0.5656843625420551,-0.48190955970431554,-0.4984012144026548,0.26848781683391343,0.0
-0.931436186514468,-0.6219019122518851,-0.540357652635422,-0.48487434106046645,0.36551466686816486,0.0
-0.986469293108184,-0.5449410964353648,-0.4314580027237834,-0.5028249016825826,-0.10644477817603124,1.0
-0.9282835198463357,-0.5272186109676944,-0.5373749956858769,-0.5488716307990501,0.0654067650289668,1.0
-0.9512501189445918,-0.614460256507618,-0.5030590727120227,-0.4989604696276876,-0.2741994510805746,1.0
-0.9528319859965289,-0.5687298911258184,-0.5004102751754389,-0.5206953359194421,0.03510213462931254,0.0
-0.9611896316728461,-0.5806253509968501,-0.4764846056408319,-0.5125405193801117,-0.31800749831950154,1.0
-0.9503086282136535,-0.6363592776730416,-0.5105390953951836,-0.4808468621749895,-0.16439624248212292,1.0
-0.9499979764506085,-0.5726462988914688,-0.527657968663301,-0.49877162212576803,0.45846778392177034,0.0
-0.9856698627977919,-0.5204647721087722,-0.4333627167929225,-0.5089501036853497,0.3051490258172524,0.0
-0.9692020085875115,-0.5217163717501442,-0.45645037485362033,-0.5353138234787979,0.021265725513513807,1.0
-0.9585136547510229,-0.5587697109688854,-0.4894789945096128,-0.5160415058667877,-0.06415309535973887,1.0
-0.9601853486405788,-0.5596824181219872,-0.46026323075058734,-0.5006724068047853,0.22203218006049577,0.0
-0.8183235177202811,-0.6594705236865743,-0.7006846260411742,-0.49804539925676855,0.37046738769638854,0.0
-0.847317745639719,-0.7672797155173552,-0.4820874722551545,-0.45104612995395,0.14935723139537643,0.0
-0.9622223095706,-0.5567606593348161,-0.4881201439637578,-0.5086774833803019,0.27571256367181374,0.0
-0.9785489184109166,-0.5605507920975323,-0.45584245008333857,-0.4917216693816222,0.20900822158232912,0.0
-0.972144338882835,-0.5817382204793058,-0.4713996865224225,-0.47827340544652364,0.24963868483276155,0.0
-0.8569818630226567,-0.5651090397530292,-0.6390759635749257,-0.5369298161462482,0.06184561290646772,1.0
-0.9863264831891067,-0.5209874665590091,-0.4116272473385907,-0.5008715956865909,0.29065339805079315,0.0
-0.9565040513436757,-0.566705050998074,-0.4919745837412193,-0.5022942489364676,0.19480176328820206,0.0
-0.965342623863473,-0.5374950609364918,-0.4808795177553566,-0.510696965172846,0.3847586836050728,0.0
-0.9308751164520618,-0.6367942322637286,-0.559027275499978,-0.4754280455650413,0.28508040909607046,0.0
-0.9845803663384278,-0.5307050416347141,-0.44039091333571256,-0.507565232852364,0.2601009728146818,0.0
-0.9857925141618871,-0.5115196895561621,-0.4223911398348512,-0.5124977562512155,0.3127470699610234,0.0
-0.9264488218399634,-0.5938011722271576,-0.5084478722340171,-0.5093670977077938,0.31910488312458546,0.0
-0.9809278664533004,-0.5076785784604867,-0.4334737833165372,-0.5323355016995168,0.07366984852420677,1.0
-0.9081398560498531,-0.6195347342822851,-0.6423531990335504,-0.5123119071758937,0.3135547176669516,0.0
-0.9415784650294713,-0.6240876855334214,-0.5073679148866513,-0.5011094661026385,-0.28683886571377437,1.0
-0.9388956382646569,-0.5986186954262447,-0.543966270086212,-0.4948140294053962,0.36502311903056034,0.0
-0.95417821185511,-0.6094623959066452,-0.4871869912586617,-0.4829189911722665,-0.22859776129054066,1.0
-0.853939152041176,-0.6827914209893455,-0.6628892524773411,-0.5145596468948115,0.3892426360365614,0.0
-0.7106663686669858,-0.44326535347335827,-0.6064855582172699,-0.6161125752127187,-0.04779133008675558,1.0
-0.9647222360729215,-0.5475883364992418,-0.4593318389544711,-0.5017677276686323,0.3845163009264255,0.0
-0.8527892643607475,-0.7311493787401367,-0.45368562936967927,-0.45785698696827815,0.2675309444682903,0.0
-0.9320187374242515,-0.6669334791150502,-0.5162923986805826,-0.48044108304460964,-0.5095974010283048,1.0
-0.33168290489166663,-0.5884688512132642,0.09309859900827155,-0.6913452903129131,-0.1199912990369173,1.0
-0.8275752508890489,-0.6096757452166598,-0.6325467710254375,-0.5278098430247372,0.455750065756136,0.0
-0.9390502873041817,-0.6081108279577266,-0.509514521009754,-0.4954868439377078,-0.029319149150144982,1.0
-0.9584344033758962,-0.6127764815386617,-0.49672803805395593,-0.4897207510440679,-0.2321538471778427,1.0
-0.8311370069056826,-0.71847366500406,-0.5953337344896642,-0.45495975897784063,0.11687775983699886,0.0
-0.8768064288631231,-0.6299129120556201,-0.6501514741904639,-0.5262906537533872,-0.1118565781109836,1.0
-0.9895499139676331,-0.5321372288803594,-0.40427323971206686,-0.5091807324447319,-0.04312694856774886,1.0
-0.9465878461771445,-0.6322361358284083,-0.48530697093274655,-0.47343322669421495,0.09986578935699647,0.0
-0.9710801794851484,-0.5687557799739829,-0.4792993482543605,-0.4986996123470755,0.1063773451202304,0.0
-0.989989807308533,-0.5220004186315002,-0.40774257242713235,-0.5000625186487256,0.29858310743201943,0.0
-0.9507451664229913,-0.6213149266538601,-0.5258787139799719,-0.48725315179459777,-0.19040604587622434,1.0
-0.9189748249871886,-0.7234001269627326,-0.5136514077777101,-0.44592643617207844,-0.13093876763142684,0.0
-0.951081136012867,-0.5730343618861267,-0.5091670139160557,-0.5157763478545534,-0.18572650433911742,1.0
-0.9342278025817448,-0.6334461109147252,-0.4938347543002021,-0.5004290006953807,-0.47489908828689065,1.0
-0.8619579880085716,-0.7471066839394909,-0.4544637224294166,-0.4431968279609495,0.17123609930961298,0.0
-0.950777325541191,-0.5910491231384097,-0.4691896001166079,-0.5078615421271001,-0.33563312321760735,1.0
-0.9681333146268252,-0.5617253569577689,-0.4479442061247333,-0.5074863628468245,-0.0430083834342217,1.0
-0.9572739018744391,-0.6163417675056234,-0.4889502622483598,-0.49331939915691264,-0.22482027783281683,1.0
-0.9433694267668985,-0.5860947201524467,-0.5302975385384908,-0.5144035525630251,-0.05551948521481237,1.0
-0.8216444334266119,-0.5950058751169214,-0.5902024283174853,-0.5200977784882523,-0.3584538630811232,1.0
-0.9671822570761873,-0.604212709917486,-0.4707192665733484,-0.48462759927295784,-0.1954228252105914,1.0
-0.9669740674205025,-0.5624171338430655,-0.47664683850721734,-0.49663554668004517,0.33832419261887814,0.0
-0.6677065783162032,-0.828384293727197,-0.597576988291149,-0.4693987775598907,0.3665760115572316,0.0
-0.9357147633726643,-0.637292436801707,-0.5254686413787204,-0.4911737103441709,-0.36119574804861393,1.0
-0.8348717348308032,-0.664904180356949,-0.6018294224549003,-0.5091669631937803,0.12335148612394323,0.0
-0.9637131792398764,-0.5908012708731348,-0.4594690990332749,-0.488031110890331,-0.22604369402408314,1.0
-0.8898270269760526,-0.5572810313259177,-0.6104373259606731,-0.5387538753166263,0.4615590383151571,0.0
-0.9646198369190424,-0.5889657888973795,-0.4551534178789507,-0.4952020071552861,-0.32943334170404287,1.0
-0.9400291744356304,-0.602867102818375,-0.5448476517829797,-0.5079505568673519,-0.07197586431130312,1.0
-0.9634813433806677,-0.5327515393669404,-0.47737497603670964,-0.5289875956754017,0.03857462658825922,1.0
-0.9177397648732644,-0.6122275988754575,-0.5934619538806306,-0.5133879651534781,-0.07738932842537444,1.0
-0.9740260396690414,-0.5365207219907201,-0.46444827326578025,-0.5051997913698082,0.3593502293374891,0.0
-0.982095212835335,-0.5393785004079916,-0.4340042527587203,-0.5093118270049876,-0.06621614393219441,1.0
-0.9519032625971875,-0.5758965544649556,-0.4598924237895657,-0.511922625328309,-0.2294729020394684,1.0
-0.8590926457460704,-0.6197415896179599,-0.6491522597892174,-0.5208564607406425,0.09932839372209332,1.0
-0.9820670275997467,-0.553940117470133,-0.4525594003908477,-0.49929632078958347,0.2402659234602095,0.0
-0.9421978532268367,-0.623764188864851,-0.555972507073873,-0.48040120711073614,0.2766838995887956,0.0
-0.9731967079317383,-0.5434380905949325,-0.45894090713962926,-0.4998642836735655,0.33016165180395446,0.0
-0.9800340244486612,-0.5587098022379692,-0.4619122078385597,-0.49359112003284394,0.28412938057022374,0.0
-0.9539479644631256,-0.553288918997003,-0.5008674386681452,-0.5228004337098912,-0.031109325804910867,1.0
-0.9796256753101651,-0.5422498165145857,-0.42979665930638367,-0.5088177803869711,-0.061386043221582615,1.0
-0.9535684857931523,-0.5614961697785477,-0.48355130589149276,-0.5247031801830976,-0.2543087541896102,1.0
-0.9417856295334509,-0.6549615138924851,-0.5178785219758313,-0.4748033129394953,-0.4054753947525822,1.0
-0.6993792209907886,-0.6519140086847034,-0.8959137331909524,-0.36794026471214647,0.12467705323854879,0.0
-0.9397229073877598,-0.6001095207755617,-0.5377055529318873,-0.49187926693154627,0.2416516089772462,0.0
-0.9870067896944705,-0.515279724338358,-0.4315246514333012,-0.5197328316052154,0.22216324006388158,0.0
-0.826725260963801,-0.7034630313011739,-0.6368458502687453,-0.44143933604987257,-0.015237609384976425,1.0
-0.9305826157531217,-0.6435906393092973,-0.5355105760299974,-0.4748160425142097,0.11308732521041934,0.0
-0.9258504807998544,-0.5820498877940172,-0.5203830695050766,-0.5026840520372786,0.3580533333777124,0.0
-0.9428492383048306,-0.5928372371527083,-0.5663717774096189,-0.5061519058213115,0.40543796894196155,0.0
-0.9753617106936738,-0.551990554939397,-0.457100988041727,-0.4948165846009008,0.2106066673700743,0.0
-0.9183524536316715,-0.6129041075353395,-0.5809631179695447,-0.4937242594621027,0.42022617606575957,0.0
-0.9813427761824187,-0.507938016798539,-0.4422738524416668,-0.5301921136741552,0.0737887967385895,1.0
-0.98045783629683,-0.5321661112635737,-0.44122973661521736,-0.5189133750379544,-0.013809670856658865,1.0
-0.8248458214219255,-0.7318778701388616,-0.494807901777165,-0.4668209502318055,-0.09079190986349028,1.0
-0.9594848821755934,-0.5284448159549426,-0.5040018011918639,-0.5279715594719313,0.14021331391177458,1.0
-0.9636541184729462,-0.5545215612521915,-0.4634001019756545,-0.5046208290143548,0.2602323267509489,0.0
-0.8215020736308385,-0.7007512629253846,-0.621656268867542,-0.5407920841640849,-0.4579205113527046,1.0
-0.9656962654529289,-0.5680136003291796,-0.49656017266479435,-0.502161831071339,0.2790605459036203,0.0
-0.9756397284589188,-0.5715632996429658,-0.4525350533594729,-0.48813633481074503,0.13157003886260005,0.0
-0.9669559207087111,-0.5764027574217939,-0.46670143203438724,-0.49968236958184253,-0.22259211875333068,1.0
-0.9563159901568073,-0.5759129857235601,-0.45990267406297486,-0.5015213127821255,-0.09392639829564603,1.0
-0.9154228885957248,-0.6092483453202571,-0.5739113413089929,-0.5181293635334234,-0.15132017391503577,1.0
-0.861949395916848,-0.6216023482795155,-0.6287853991613709,-0.5204158777915372,-0.015318464893466027,1.0
-0.9001167936979307,-0.5991729564276014,-0.5973597572209239,-0.5357338948184975,-0.028481791107224166,1.0
-0.8655615813034065,-0.7596422835139427,-0.5228777660351226,-0.45942155035592663,0.15775305783233756,0.0
-0.947812469735321,-0.5255973645576345,-0.5079227484650849,-0.5281923885250455,0.26887955992984586,0.0
-0.8259976734129246,-0.6709181333022609,-0.6279980801790508,-0.5351767123107976,-0.2514545571589036,1.0
-0.9337055556465137,-0.5595345936267848,-0.5151559502086306,-0.5145215404360259,-0.04070190014148893,1.0
-0.9414760817118975,-0.5974748786911988,-0.5273445733326677,-0.5059249802291746,-0.1961150825190453,1.0
-0.8511601268399615,-0.6760509934245394,-0.6397363359632158,-0.4655638602329231,0.09325770275727638,0.0
-0.9807893912945667,-0.5417089579850095,-0.43203946102297824,-0.5065311175097859,-0.07471111348436618,1.0
-0.9745212387105413,-0.5280440630746873,-0.4441326358293164,-0.5267874913500951,-0.03842442588014408,1.0
-0.9364321576304252,-0.6491467547927627,-0.5154216512376638,-0.48829729464111093,-0.4422403164935873,1.0
-0.9455560108559566,-0.6331238175092498,-0.4998404383400208,-0.4822229146342331,-0.13420140956738863,1.0
0.9999999999999998,1.0,-0.22190290572081506,1.0,-1.0,1.0
-0.9557860610079734,-0.5679566503974558,-0.49453552154298264,-0.4993604088614118,0.24200050981889618,0.0
-0.945970870352503,-0.5617154197380568,-0.48794580709092444,-0.5230548030842587,-0.2168507756105234,1.0
-0.8951559468074218,-0.7013816970346001,-0.5831105329007769,-0.43947465296478094,0.1556883821630503,0.0
-0.8002401689755713,-0.7320940795502299,-0.7002085393736563,-0.4725100938419868,0.2351029600328472,0.0
-0.9678964071951264,-0.5579706209217187,-0.4814385777110222,-0.500545451383043,0.34672240412647976,0.0
-0.5129602475593522,-0.7353637893407399,-0.1164718444218043,-0.41983413544066495,0.9873748023156068,0.0
-0.9320843199131502,-0.5823998254913578,-0.5355804627769525,-0.5140549325008696,0.120339403659245,0.0
-0.6179425724407828,-0.4227536583183745,-0.7683184067028281,-0.6349338691359628,-0.10329486082792988,1.0
-0.8929672670752954,-0.5591241995253974,-0.5556414155576938,-0.5387306194305868,-0.0751360198271373,1.0
-0.913972414268037,-0.5888900098800649,-0.5350738406837483,-0.5361182434211502,-0.2282957946066616,1.0
-0.9235575549008636,-0.61033866354344,-0.5840803802260285,-0.49025705859971996,0.4575945773747826,0.0
-0.9665099971776314,-0.5707048962644927,-0.4899803518138552,-0.5000321586315929,0.16838864333652648,0.0
-0.9544221769155748,-0.5938848012871683,-0.4706526584888179,-0.49257748602888185,-0.08902264070789645,1.0
-0.9793952032165923,-0.5653719816452764,-0.43365479581639493,-0.4913404340065714,0.01990938318939761,0.0
-0.9872409429406205,-0.5400574997458852,-0.429218551387599,-0.4959629490038971,0.28654576232431805,0.0
-0.9448775929818689,-0.582207160685316,-0.48329547654666594,-0.5075832193366824,-0.18659548131537557,1.0
-0.9733648416531447,-0.5631653828121821,-0.46496309171545125,-0.49265625511986566,0.07072684847568159,1.0
-0.968618343680113,-0.5983034742645428,-0.4647136171146496,-0.47616225282392083,0.05943967020704638,0.0
-0.9847209852195906,-0.5274465309433516,-0.4477307500553723,-0.5157966868476724,0.0033481721308460527,1.0
-0.9782007957573023,-0.5235570979624824,-0.4506626178311853,-0.5281538437627814,-0.009807459056392798,1.0
-0.9775753533893006,-0.5720351729807834,-0.4434986167030711,-0.48483672417695034,0.24664899873737262,0.0
-0.9701484453801463,-0.5599018317752235,-0.46201648958875174,-0.5045336565045156,-0.05111841478600519,1.0
-0.9808797172740297,-0.5585636713952664,-0.4647987066295891,-0.49377848358923154,0.3433619191725213,0.0
-0.9230349219959336,-0.6579354880755983,-0.570667759627109,-0.481674658094028,-0.07654158048939241,1.0
-0.8877772112378537,-0.5717282553034,-0.6118924795441901,-0.5529380781184817,-0.045771867370919,1.0
-0.8642426242968773,-0.6490207418728379,-0.6450592555097798,-0.5312505285704829,-0.1486865830259034,1.0
-0.9682946281090082,-0.5760660151766608,-0.4626594540573679,-0.49764064613520126,-0.017218170856471607,0.0
-0.9713584748367986,-0.5658287008075595,-0.4676763669165602,-0.5017965338390954,-0.0785178823731312,1.0
-0.9018731914928962,-0.5633508374603989,-0.5761322607359122,-0.5346589562105198,0.36766642545229866,0.0
-0.9889616229687527,-0.5227301836260944,-0.4141831268466772,-0.509524927522384,0.11923294466195544,1.0
-0.9787643682360391,-0.5489612629745678,-0.45743104323064293,-0.5041926494586328,0.3650365474189562,0.0
-0.9830145024954842,-0.5386912874518515,-0.45161481289082894,-0.5023069949056898,0.3306300139390489,0.0
-0.971112003069808,-0.5682726745635002,-0.4514771988809336,-0.5092749450301622,-0.12197833577166037,1.0
-0.9816682286628136,-0.5206265168376266,-0.4340828902915249,-0.5209953610096997,-0.013582301675358066,1.0
-0.961565283007103,-0.5745575307590809,-0.49498274271066495,-0.50389372516094,0.11151011986025211,1.0
-0.7686414853962131,-0.6800355691153079,-0.72126346828675,-0.536266759755312,-0.20877037044723767,1.0
-0.9836940868262343,-0.557726010497154,-0.4298539758467862,-0.49130788089183636,0.22889333011882754,0.0
-0.9862079367061201,-0.5486032638244882,-0.4409294298279809,-0.4898136714754328,0.2481325465521607,0.0
-0.9867833391707892,-0.5252433865644798,-0.42489707491589357,-0.5170758154046871,-0.02346387475131459,1.0
-0.9419488399266897,-0.6360056005747831,-0.5331015052596714,-0.49292655295003324,-0.10759057418063697,1.0
-0.8587903240702167,-0.5292818667888934,-0.6119165487314708,-0.5607647693690442,0.3725248537539619,0.0
-0.9768911339925369,-0.5604888301287869,-0.46612015428050874,-0.5069161658437228,-0.0722812982326271,1.0
-0.8082625279622998,-0.6664953137018319,-0.7178861008535536,-0.48666412482960925,0.09926371463569221,1.0
-0.9583291877405273,-0.6158606945079352,-0.500285738627814,-0.4803573217905786,0.004370454301518681,0.0
-0.8538830758241667,-0.6292787808245579,-0.6891892352236015,-0.5473154421092362,0.053347405837263745,1.0
-0.9254681387150475,-0.5468566392462904,-0.5290390654237591,-0.5202338012114179,0.4678234212469261,0.0
-0.9817001282007325,-0.5482449200977324,-0.45629505202393517,-0.4986527515160275,0.23782145991088502,0.0
-0.9012501632590255,-0.6342687741217847,-0.6131030146896543,-0.49172416573427324,0.4214188704404092,0.0
-0.9843615906290896,-0.5287401626008887,-0.42944092967259456,-0.5109352789825092,0.06590104334179915,1.0
-0.9861820604063669,-0.5238512877075132,-0.4477778490474336,-0.5138747474766627,0.2808762763530054,0.0
-0.9389624331137196,-0.6457982835052558,-0.5306610154323518,-0.4799151411226336,-0.1340748333828786,0.0
-0.9451898573924818,-0.644305986274291,-0.5102749306670528,-0.4863268682797451,-0.16416217450014056,1.0
-0.9628266697941337,-0.5680525851605255,-0.46227596517924013,-0.5038314829806686,-0.16239333756301189,1.0
-0.8404223509554124,-0.7360015555505062,-0.5064421499193892,-0.4684123578864076,0.07056507469105988,1.0
-0.9718669701392326,-0.5606798871552185,-0.4553523289916834,-0.5137075298738493,-0.13844951693329877,1.0
-0.9535088793520845,-0.5867387353036282,-0.5078142629324545,-0.5034178303195805,-0.013830082632750568,1.0
-0.960021866893852,-0.5973184625895127,-0.5046064335168502,-0.4846292968838946,0.28203817324737057,0.0
-0.963517514698522,-0.5011345570895347,-0.43397467241495713,-0.5425143409579462,-0.0386484754664968,1.0
-0.9795199481696819,-0.5133506067350455,-0.43786528819168524,-0.5243386569943402,0.08214167472575021,1.0
-0.9475594041854026,-0.6165146480874788,-0.5235681083387823,-0.46837170281965385,0.10986325032012405,0.0
-0.5157101773002422,-0.8493037001628958,-0.09600892085801399,-0.4016016341319458,0.28559528428224223,1.0
-0.9645064892341267,-0.555040597504416,-0.4991516645651307,-0.5182353758344513,0.010647963755290507,1.0
-0.9652172752821804,-0.577289649495211,-0.45070273861362686,-0.5044017608777411,-0.3386255765005306,1.0
-0.8216300727801616,-0.5931871503853756,-0.6232859713146617,-0.5742586138620192,-0.16585663786941013,1.0
-0.9732118031554047,-0.5798634341648048,-0.46477006333628146,-0.48526158994154994,0.2291336377053872,0.0
-0.906197102935308,-0.5845888100105548,-0.5820118036767064,-0.5332794477529614,-0.013059052708107838,1.0
-0.8961806825661971,-0.6945231388802157,-0.46263433580893937,-0.4525727561403225,0.21482483031352556,0.0
-0.9616015479086714,-0.568779295972706,-0.49834067660638737,-0.49898017107729326,0.2131632760817466,0.0
-0.9509865225952666,-0.5496099771453388,-0.5016457565962495,-0.517835363228833,0.37209229374717573,0.0
-0.9739588648370205,-0.5558187847913192,-0.4769796315944944,-0.5048546696244935,0.2741270190436757,0.0
-0.8597305612276518,-0.6165538399838083,-0.6499780115916619,-0.5379168552894188,0.07031924573838444,1.0
-0.9864487008993116,-0.5154657299993548,-0.4213820874470437,-0.5204749458564112,0.008262663934624943,1.0
-0.8212215640440941,-0.5909738619526841,-0.7606322585163687,-0.5751815983304035,-0.05125388360560654,1.0
-0.9247977179103801,-0.6017132743404335,-0.5292028066138943,-0.5138997900314866,-0.3529730385289632,1.0
-0.9524147710622204,-0.5979111639874309,-0.4985425658502674,-0.5018819142098803,-0.2515805204791748,1.0
-0.9244684747102826,-0.5477496848106699,-0.5146938977364096,-0.5125631653648086,-0.0311562604024226,1.0
-0.9714100818364275,-0.5608058893056911,-0.47487250859784985,-0.5026005407241035,0.1826853009773911,0.0
-0.9433875504101835,-0.577277981408625,-0.5154642239948319,-0.5059778615713271,0.28906016376650595,0.0
-0.9832656077479375,-0.5264040063114886,-0.43439459698497185,-0.5245751323061041,-0.15066224375956355,1.0
-0.9815172655694653,-0.5406888938618529,-0.4379768668145241,-0.5043126831933757,0.241124188627482,0.0
-0.8721128000929121,-0.6385502612959574,-0.6459067993727459,-0.5128828959513776,0.2972690980371745,0.0
-0.8987504981411777,-0.6138214240421067,-0.6223089592039949,-0.5356918951892284,-0.1783257513438653,1.0
-0.9126450350872396,-0.5183807596745117,-0.5180113295233948,-0.5547754054942698,-0.1247860775137222,1.0
-0.978201746336228,-0.5604976034189636,-0.4429035336025496,-0.5001047777481823,-0.08008410505535021,1.0
-0.8973425998981621,-0.6508019911671983,-0.5916406421635667,-0.5178378758141198,-0.37006522785721346,1.0
-0.890601715284304,-0.5408422479160997,-0.5696115912415446,-0.5575619191700502,0.007948604210776138,1.0
-0.9142748443438431,-0.5444308531021496,-0.5339076563902703,-0.5450929195154681,-0.20374667896560367,1.0
-0.9537434664660794,-0.5267808948784776,-0.5079616744330084,-0.5394063519551775,0.041393591587475576,1.0
-0.9369598615237499,-0.5903595732747741,-0.550456098254822,-0.5042037981853161,0.18573365735289132,0.0
-0.9610078939318462,-0.5987416577451593,-0.5018883233101148,-0.4870887522628444,-0.12261450973718624,1.0
0.32027766192487594,-0.1329846444147904,0.4691499834969519,-0.8536489414711461,-0.22669260966604193,1.0
-0.9445200517005365,-0.6359594995502516,-0.5235410318838993,-0.4699775671682224,0.26608833436756507,0.0
-0.8112749714186882,-0.5033955475549083,-0.6279759163576148,-0.5604710255568938,-0.0561326775551204,1.0
-0.9529600201352837,-0.5591891401854092,-0.46917303913454605,-0.5176915760059265,-0.2916277672843155,1.0
-0.9794715850392607,-0.5222692418204156,-0.4493831425859582,-0.5221509536977786,0.03330249945040852,1.0
-0.945019295120741,-0.5530897977767728,-0.5320397395272067,-0.5293291294743183,0.08989312429473585,1.0
-0.9718781271497485,-0.5781442282718027,-0.4442668573780635,-0.49212651722977624,-0.22917761428136724,1.0
-0.9084736969912791,-0.5497709253745416,-0.5830031645701778,-0.5303536811333871,0.33754105968158754,0.0
-0.9307585577203453,-0.6587039230549779,-0.5336055452778975,-0.4682125445145342,0.08762334258053657,0.0
-0.9007850597208019,-0.5314686550665668,-0.5866347321408761,-0.5571160369281967,0.18323375584986729,1.0
-0.5233354634665306,-0.9748037658810984,0.020729299206697194,-0.1782124538054955,0.4629785008397916,1.0
-0.9512453102347922,-0.6229363485076347,-0.49069007907971113,-0.47562098083665455,0.005989562090740558,0.0
-0.9603710774709402,-0.5353835652550223,-0.4804728721000663,-0.5355020772866246,0.032395439762646375,1.0
-0.8276293831527046,-0.7698283930054608,-0.47462422285518135,-0.4419141799912144,-0.2904601950566311,1.0
-0.9537570818697126,-0.5598904410297961,-0.5282395501416267,-0.5163775288398044,0.30692562891165787,0.0
-0.9735430192400256,-0.5715460938972176,-0.45176460977583766,-0.49954374260896706,-0.06149709108333226,0.0
-0.9648568678909674,-0.5706383951813577,-0.4768666418067094,-0.5142730917614405,-0.16092459554872354,1.0
-0.9643830199871304,-0.5768435242940193,-0.4625655004644845,-0.5077311268939105,-0.17961769288111634,1.0
-0.4113855252208834,-0.5571344253646424,-0.303948778127976,-0.5680405065900724,-0.07664642193056789,1.0
-0.8955781102022152,-0.6318649541572898,-0.5949520260782898,-0.5150397710886491,-0.1944382544029445,1.0
-0.8521068035109832,-0.6242371617711658,-0.6049962304811041,-0.5220898437895429,-0.1516755744580111,1.0
-0.8169792470583573,-0.7512390411535312,-0.5511408177406808,-0.46461140898841663,-0.14612116089758997,1.0
-0.9945451986033944,-0.4955970816362135,-0.4134129559670793,-0.5235521901086349,0.2977193269156132,0.0
-0.9406585993462775,-0.6599226850287737,-0.5088449154661225,-0.4837636848708738,-0.4953568551981964,1.0
-0.935972583216699,-0.5522640928484904,-0.5017015218605506,-0.519930240816592,0.017933397659496142,1.0
-0.7163762987741795,-0.6524433792281198,-0.7069462023587649,-0.543941118362101,-0.10431062686256928,1.0
-0.9473478993798724,-0.6209177652093075,-0.5153573529978132,-0.4665611951652714,0.3176522174276988,0.0
-0.8810748419386506,-0.6889200907565649,-0.6063819685363847,-0.4513698890798454,0.04088821303776814,0.0
-0.9326206548937963,-0.5807818487791108,-0.5497029001552026,-0.5263743147705948,0.0022151099291575077,1.0
-0.9721714351810089,-0.5661588693446478,-0.4626009922439053,-0.4968015661561593,0.14196471869140664,0.0
-0.9072045082863072,-0.6912331997050692,-0.5402802802980099,-0.49328074576285597,-0.20881154376456046,0.0
-0.9909246103900714,-0.5046650652635167,-0.41671627926835925,-0.523242448079544,0.2566004131039181,0.0
-0.76751273938722,-0.629844230880308,-0.7529511978578136,-0.5870807108867012,0.00917195527958109,1.0
-0.8864696864447794,-0.5434452835788811,-0.5808688888932986,-0.5443884873427642,0.3640614087332602,0.0
-0.9490287219765473,-0.6234457707655464,-0.5050862796757238,-0.48690931816061606,-0.3703304772714091,1.0
-0.9076936553928726,-0.5841069858687812,-0.5267490802053278,-0.5093967841463012,0.31970958372884634,0.0
-0.9811122395312043,-0.5350394892806781,-0.4347026553623543,-0.5160575793379432,-0.02963639317372964,1.0
-0.5314382592050506,-0.5553040961836984,-0.8377302669966663,-0.5572094518418771,-0.016240054805146203,1.0
-0.9600299417262896,-0.5549106228899746,-0.47613710984150265,-0.5245706313780627,-0.17454688591762543,1.0
-0.9681916418575633,-0.5384030115276824,-0.46482046093488016,-0.5192616695310399,-0.019250423067682487,1.0
-0.9223358299640028,-0.6007506332802159,-0.5246723046294774,-0.520408555440161,-0.34835619903371134,1.0
-0.9800583714501221,-0.5806090108704401,-0.4174181941679238,-0.47978825763620675,-0.0446459327473189,0.0
-0.9307515819715326,-0.6458096435833999,-0.5646174151278658,-0.4576090309572778,0.20037296235784238,0.0
-0.9233118064827673,-0.5756275449748866,-0.5948169279183646,-0.5192535539896114,0.29909572843616206,1.0
-0.8526804420384968,-0.5883578109550636,-0.6968694159545201,-0.5571709048636055,-0.019069068765101213,1.0
-0.9810654795836178,-0.4986952165671873,-0.42634784506001033,-0.535742110449669,0.0020650165580303748,1.0
-0.9790008360796956,-0.5561371061912485,-0.4563541638702315,-0.49334748110072785,0.2676303115405986,0.0
-0.9779016337344698,-0.5439835799060996,-0.43498024775945343,-0.507963766866866,-0.005608864582937759,0.0
-0.9417297170683334,-0.6109217836872702,-0.5037502659347584,-0.500520399989571,-0.34998330229746316,1.0
-0.7733915731535543,-0.5463997515843342,-0.7472690045560665,-0.5673812233744017,0.5707848948505402,0.0
-0.9599903508083292,-0.5639657093093352,-0.4932146391168515,-0.49626220623630274,0.4181790999891063,0.0
-0.9895421882738384,-0.5097057643188061,-0.4299237580605132,-0.5180554220617137,0.39022212534129735,0.0
-0.9398185920020982,-0.6160184425059786,-0.530679205980185,-0.49994908931184084,-0.17438213631051014,1.0
-0.963684317728451,-0.5526957781202492,-0.49847200353687415,-0.5084942423891785,0.40032419651087536,0.0
-0.9285805140665043,-0.5627515880518554,-0.5324534891582469,-0.5406632929927793,-0.19077179235629244,1.0
-0.9867879865998084,-0.5102570813123413,-0.4288659624556185,-0.5274030277564369,0.12394016940336967,1.0
-0.9748298526312562,-0.5829190166463186,-0.47972682856220894,-0.48164544700285333,0.0865176224609101,0.0
-0.9596725860540303,-0.565808988189216,-0.506403991124323,-0.5149046461512767,-0.018284917557634423,1.0
-0.9876953442279461,-0.5127831174944134,-0.4256605086737515,-0.5106700776585323,0.3636648158505897,0.0
-0.43650275086684764,-0.6106328781717318,0.07911411552953507,-0.7139630875941814,-0.4623870647734578,1.0
-0.9554868430383959,-0.5766467231702016,-0.5213064783390756,-0.5012057669605896,0.31719238087886614,0.0
-0.9865443082645745,-0.5294044752893429,-0.43236227203491706,-0.5142005170370182,0.1249375653653352,0.0
-0.9344591648771335,-0.6160865290796426,-0.5466399739070046,-0.49968297002125545,0.21371790903524787,0.0
-0.9595381060934368,-0.5836565902453503,-0.48080009364039256,-0.49889129648148134,0.1473336212750799,0.0
-0.9819703275667446,-0.5410698265692592,-0.42015485157915855,-0.5024571479971427,-0.0760767135597791,1.0
-0.9681580617181307,-0.5770223495511244,-0.4875863585922613,-0.5018331088347219,-0.022562306475914395,1.0
-0.9760176812236738,-0.5832034484026657,-0.44766681248708334,-0.4781190050030587,0.11128022831653575,0.0
-0.5532655635502721,-0.7338548828619718,-0.6604649976608341,-0.5153158843009757,0.7255168901271372,0.0
-0.9833997492950344,-0.5631942388429846,-0.439686733133705,-0.5020807310772636,-0.17353850474662835,1.0
-0.9497331550944823,-0.6561741797633475,-0.5207222979482194,-0.46202682170489323,0.09450573201761178,0.0
-0.9530513696608159,-0.6042725675586861,-0.49372788917992305,-0.4896135270182744,0.14739758869371522,0.0
-0.6744134250385774,-0.5140743007619465,-0.6242096753629106,-0.6278280066583715,-0.1406668667967806,1.0
-0.8987083616839405,-0.548091535289051,-0.5666831218487589,-0.5425841925037432,0.15401051080334133,1.0
-0.9726778589541948,-0.5724137914450945,-0.4690116941482015,-0.5000371272828263,-0.07853944401013618,1.0
-0.9803072893061142,-0.5298463643959428,-0.42466778280089906,-0.5199041509211648,-0.0625103467328334,1.0
-0.9102726403868845,-0.5749175050981881,-0.5738660604486557,-0.5486562162660206,-0.046882266581182094,1.0
-0.924159089532444,-0.6804059204669136,-0.5230850349282931,-0.48007143739644137,-0.3043550899884888,0.0
-0.9760999916671284,-0.5477458047332288,-0.4574823743408359,-0.5195502864665987,-0.11147467438521902,1.0
-0.8469057711468903,-0.6607274194343923,-0.6312766258650526,-0.5010709697652785,0.38870044714173874,0.0
-0.9846385698758354,-0.5418846430183409,-0.44349756843711235,-0.49707651730727115,0.27399684972143246,0.0
-0.977029036112296,-0.4851987817308229,-0.43277456032803185,-0.5446084574366198,0.05835357826249022,1.0
-0.8774633220770398,-0.5313423159472668,-0.6674340215879628,-0.5689463383162869,0.4680383912573526,0.0
-0.9515219490857809,-0.5389977665159646,-0.4794519971685999,-0.5267556729009794,-0.020822168481274828,1.0
-0.8928948650151878,-0.6055896275913037,-0.6445237431014403,-0.5321345705617573,0.09277526273958928,1.0
-0.9832121425985241,-0.5038264715790983,-0.41001745792655564,-0.5252958789175048,0.08393179442508333,1.0
-0.9448717958488889,-0.5977141633694067,-0.497147801254535,-0.5093317594921644,-0.32484636149420254,1.0
-0.9439326711018458,-0.6231851730450357,-0.5625791973383455,-0.484902745437634,0.3758213178682376,0.0
-0.981871248755477,-0.5258901221930213,-0.45024827877387275,-0.5181138575298635,0.2833296559773333,0.0
-0.962296467889147,-0.5666210211883193,-0.4804799808858812,-0.5171674649300716,-0.18057720431239346,1.0
-0.969588466328046,-0.5561144579244088,-0.47963097178371894,-0.5012744297458543,0.33201400729096503,0.0
-0.9666142674057628,-0.5870065761107609,-0.49136699728673194,-0.4896994891797607,0.22908825962969226,0.0
-0.9166373228265516,-0.5323762315030307,-0.5599856695308448,-0.5409430394589594,0.12416683860825542,1.0
-0.9751275114368936,-0.5769732670224009,-0.4670941375425229,-0.48495745349389896,0.05556973829843754,1.0
-0.1655679887807382,-0.08162310057124067,-0.8150976713606455,-0.6199716210080537,-0.1806973481561581,1.0
-0.9586923290883805,-0.5715301302881853,-0.517546057594649,-0.5032780590501398,0.3770451177132426,0.0
-0.9303352636353255,-0.6154703811855015,-0.5297778767008717,-0.5035613160114827,-0.2775807489374897,1.0
-0.9544074446636038,-0.5768194748499228,-0.49675121437788566,-0.49503931871768686,0.30351179397424977,0.0
-0.9240826534250546,-0.6568936355834477,-0.5358840120810349,-0.4793951150232649,0.06700503561742766,0.0
-0.9470050719661989,-0.6392365267367548,-0.48965942070935425,-0.4902396561205777,-0.46775805823564787,1.0
-0.9309959111933247,-0.5937178852291293,-0.5403248650521126,-0.5180960522293937,-0.2014941987628957,1.0
-0.5485548633446302,-0.6877495988539327,-0.3832755369029901,-0.368676815448883,0.7766896431561552,0.0
-0.8770032974602942,-0.5887035027282066,-0.6474256563734408,-0.5365910524454264,0.109238528195027,1.0
-0.9863695604862754,-0.5659379782493194,-0.4353500856472836,-0.4809317021904698,0.23474180774926526,0.0
-0.9546263533997775,-0.57982684000846,-0.5006953454136538,-0.516990388224594,-0.1876109553895216,1.0
-0.9616928837569705,-0.5830549726036104,-0.49112283677911234,-0.5073239809827914,-0.0992959467289666,1.0
-0.9671410549813859,-0.6006334178057109,-0.4321113659074629,-0.4820383142328814,-0.3473444591247461,1.0
-0.9691647846640941,-0.5407645884267004,-0.4776224256344037,-0.5015834514387245,0.4977054372998239,0.0
-0.8978019341491724,-0.6194882456514454,-0.6276201913029186,-0.5066062745151684,-0.030765958693540235,1.0
-0.9432290050152631,-0.6296718517872271,-0.5087174400590874,-0.4918216497407714,-0.39330851042210335,1.0
-0.9768403402090611,-0.5274662092679091,-0.45462185110126513,-0.525235200184711,-0.020366544633688324,1.0
-0.9785715682050262,-0.5209751433862144,-0.44614408200441047,-0.5281718701719604,-0.07870727255933077,1.0
-0.9862685166134991,-0.5178570166610005,-0.4329119603215244,-0.5195928897662196,0.12795185264720782,1.0
-0.9680501765227891,-0.5274277404357756,-0.46796416457631296,-0.5287131033041972,0.004652757839939459,1.0
-0.9788543674984889,-0.5800558870847747,-0.4582348365946144,-0.4766774092976123,0.2843490696994859,0.0
-0.9469089288924375,-0.537183389934875,-0.5170359525387889,-0.5253846557191444,0.36619058807386246,0.0
-0.9279780077024209,-0.6314970981600042,-0.5219661061003026,-0.505584275963232,-0.3875747049118757,1.0
-0.9782881340296806,-0.5107419680332477,-0.45255102619404863,-0.5180940843883511,0.35010080357128437,0.0
-0.9554309475195735,-0.638560216223165,-0.4804110029104117,-0.46921912328069343,-0.44210344805634105,1.0
-0.851783391235182,-0.6189331011092695,-0.6514583502908294,-0.5335402295064241,0.04283508305412548,1.0
-0.7792353726628443,-0.6674507704107181,-0.7117375736050326,-0.5070906540550106,0.02282226225051781,1.0
-0.9714696748871091,-0.5700071361607822,-0.4883855098805061,-0.4870443357443799,0.17530809542493142,1.0
-0.6693858877173213,-0.5768321374221429,-0.8112905400632574,-0.5641948782840813,0.3090447693740196,0.0
-0.9764433987617606,-0.5336021250395634,-0.45443310410511395,-0.5163937038553957,0.044760035207005625,1.0
-0.971593993946654,-0.5268668089055667,-0.4495816771017447,-0.5323488466054433,-0.12442615902353682,1.0
-0.9308743657660625,-0.6609342037913702,-0.534161404298655,-0.4798848846307726,0.046495821115808196,0.0
-0.9833545627207558,-0.565767273443569,-0.4459226745037721,-0.4842680432197548,0.28129753431099935,0.0
-0.8461032400483265,-0.6227932547511069,-0.5414273580212217,-0.45291400165186513,-0.30149523997618916,1.0
-0.8437575058054302,-0.6967024234902307,-0.6562490924416837,-0.5266649761380843,-0.26759874147634155,1.0
-0.9661831070926515,-0.5522767956148299,-0.49016464234438495,-0.5021104579006355,0.41734223273053794,0.0
-0.9446672319807233,-0.5815926626148119,-0.4897456107941375,-0.5193107652830875,-0.29448556932977393,1.0
-0.7252656738066804,-0.6442642993232723,-0.6908404262813126,-0.5663354547005817,-0.2075183901147537,1.0
-0.9551482332338118,-0.5952397075838116,-0.5110175315343951,-0.482384314974191,0.4139597729782652,0.0
-0.9750632687613838,-0.5505326696725135,-0.42835395769163426,-0.516377474952608,-0.14533903303019124,1.0
-0.8709738236478355,-0.66196924165625,-0.6160273499413449,-0.5037893018025515,0.2741754181780286,0.0
-0.9673663063198126,-0.5790087312975357,-0.45449996901198275,-0.5026100410022593,-0.22081181555548068,1.0
-0.9601889778229532,-0.5132518724325885,-0.47757173733807246,-0.5346740361874571,0.3983669600272382,0.0
-0.9362860107430335,-0.5633214538086059,-0.5170166048614655,-0.5119728919492089,0.04181750230458498,1.0
-0.8886643090916727,-0.5538510664696246,-0.6146938011767492,-0.535403502102569,0.5035940099627073,0.0
-0.9845765075952303,-0.5420248600881334,-0.43412240123369217,-0.5008463635910162,0.13984476424111902,0.0
-0.5549991260784255,-0.8289565683999145,-0.7184046716057191,-0.579231241659948,0.5257978962868111,0.0
-0.9581953089242811,-0.5507213000637781,-0.4844918686737077,-0.5249803565702744,-0.09839428995059635,1.0
-0.9377029582396421,-0.6263067271200269,-0.5273877713222366,-0.49056004877004933,-0.2033501032813002,1.0
-0.9530153447242143,-0.5676478184989132,-0.48761193179802076,-0.5227267678730019,-0.240571466684057,1.0
-0.9031088011366348,-0.6580346135016572,-0.6107207841375439,-0.5045684997562978,-0.12842716519542535,1.0
-0.9291232714410629,-0.6379868112355986,-0.5443156142665374,-0.46920745259982055,0.32546538123068425,0.0
-0.9461494534770531,-0.5786664271319281,-0.5063767381621467,-0.5155791633916651,-0.10250859394412853,1.0
-0.8129284430783726,-0.6545971486264615,-0.7076157865451884,-0.4988507296080225,0.38966064341256684,0.0
-0.9731078272912996,-0.5556086169966616,-0.447648693422199,-0.5161945005609432,-0.18853690398272482,1.0
-0.9871538620292905,-0.5318610688840812,-0.4331552922518899,-0.5148229975554188,-0.00889383133881673,1.0
-0.9604495782366511,-0.528531714781108,-0.45793507159252483,-0.5341098241519049,-0.15532427096433277,1.0
-0.9829561697263122,-0.5287079330488749,-0.4281200343328547,-0.5021314923839679,0.30341115073016767,0.0
-0.9834557662126662,-0.5417478329097286,-0.42884755440533556,-0.5063787397290096,0.1299324897810751,0.0
-0.8936784811387987,-0.595440941012525,-0.6118283074970468,-0.5005670027969217,0.4231361292635012,0.0
-0.8437900070433232,-0.6398164385716678,-0.6141445991768602,-0.5230634305600481,-0.19927827972437728,1.0
-0.8855668787625226,-0.7319539799555531,-0.5340804777432625,-0.43959324190672316,-0.1703699005221601,1.0
-0.8762574465369409,-0.5656125401832305,-0.5672916081877422,-0.5249997063946408,0.349894540919894,0.0
-0.9478013214809915,-0.6346042616276576,-0.5014949340384448,-0.48827640446912035,-0.4152605510441235,1.0
-0.884185129280174,-0.7022358094245065,-0.5964364797881565,-0.4517203817809739,0.23629371299101834,0.0
-0.9380207728057584,-0.609258085132176,-0.5518187907207902,-0.502390565242791,-0.01536194686934969,1.0
-0.9773570535844454,-0.5333178926955118,-0.44908973280847503,-0.516777360015396,0.00654350851052269,1.0
-0.5469752945983976,-0.9247997255418929,-0.025249634175315838,-0.5149279763885539,0.6301605984107643,0.0
-0.9728283269455826,-0.5524330894981909,-0.45399138068686995,-0.5036263339649931,-0.08566657588930157,1.0
-0.6210636830361763,-0.5376652922638172,-0.5615298127315905,-0.5860913848532348,-0.1979462827055145,1.0
-0.8137516178284212,-0.7120131885400186,-0.5581480374921296,-0.5282458211050466,-0.3771391419303989,1.0
-0.9886002216461351,-0.5335880451429185,-0.4143476850775734,-0.5067727834408915,-0.08144102665746669,1.0
-0.9480917205427888,-0.5974138343715164,-0.4984339237470714,-0.5091868899616723,-0.3838116304954986,1.0
-0.9757055141525701,-0.5590391905455192,-0.47285445805354376,-0.4980591061875213,0.23049261460462817,0.0
-0.9664750680793643,-0.5746002230628083,-0.4889395002173928,-0.5059470583074214,-0.2356253785609682,1.0
-0.9547241601809345,-0.6368842728816654,-0.5061896185239516,-0.4626633682428884,0.17608877638679016,0.0
-0.9888625450125978,-0.526070701140653,-0.4229147874413433,-0.5104274040493759,0.06259723939715914,1.0
-0.907102416327425,-0.619612408362586,-0.5831391085080938,-0.5126873495274322,-0.07722594119852721,1.0
-0.9675309410430981,-0.5973809963748328,-0.4939074299315767,-0.4750559284405259,0.17651327703931152,0.0
-0.9733832419765224,-0.5383256139676939,-0.468580055488583,-0.5224920351420831,0.09350730672745063,1.0
-0.9668059079260304,-0.5912850011555774,-0.4878964941705422,-0.4959500856306651,-0.05271302975305908,0.0
-0.9674881163870837,-0.5605892318328886,-0.47655733017113594,-0.5129059163749565,-0.16339818299796038,1.0
-0.976532123386425,-0.5561786583363809,-0.4473412567458878,-0.5003587428606419,0.11432660650082371,0.0
-0.9794529051878407,-0.5509074320277877,-0.41746429208891056,-0.49470722796985434,0.1196375526023234,0.0
-0.7732505349532719,-0.7521621449381757,-0.5827287075621054,-0.46870467457694215,0.42450339960064726,0.0
-0.9772748415143377,-0.5253603724759972,-0.4452637794878553,-0.5218256551313848,-0.01226919657058638,1.0
-0.8796158953202453,-0.6359669965229906,-0.6211934086011188,-0.49403976374192515,0.31738663139257905,0.0
-0.9476392351333868,-0.525340170724107,-0.4908218082626443,-0.526428767184208,0.35879204971725714,0.0
-0.9159185112056312,-0.539380061746879,-0.5795543020113487,-0.5490566773863409,0.14995939167981803,1.0
-0.9637532788273553,-0.5629491882808361,-0.4851443822909828,-0.4970623520992596,0.33741043053115116,0.0
-0.9660711925079082,-0.5869639744244535,-0.47688565030867736,-0.4857833774022338,0.1981593591939681,0.0
-0.9295938148927967,-0.5678124207497225,-0.540367245411209,-0.5232516528789263,0.006709479733857285,1.0
-0.8623264419891377,-0.6337978041310002,-0.6069179516847109,-0.5111880379071146,-0.1750885493385954,1.0
-0.9846578880189296,-0.528973704869984,-0.4272701737507209,-0.505643376541538,0.30831263715549606,0.0
-0.9768737938384863,-0.5299763844992952,-0.4542395628592433,-0.509398762507173,0.23619551965839908,0.0
-0.9242901771265459,-0.6648901196905017,-0.5621397894739106,-0.4525602641914084,0.05018228019117369,0.0
-0.9309222421786557,-0.6549198467931164,-0.5534142656004154,-0.47128438034659426,0.1940786659619447,0.0
-0.9732622089529166,-0.6090558209989315,-0.4626891674411119,-0.4663949035379015,0.09555210673581727,0.0
-0.8388985550848926,-0.6888457134947712,-0.6175747688214468,-0.5047354626600223,-0.1919190309014897,1.0
-0.9541590210345587,-0.5338221675055,-0.5002104302908027,-0.527319620367353,0.05613885176800358,1.0
-0.9534432881730377,-0.5661653610336533,-0.500860268225642,-0.514532729292669,-0.00987832668777347,1.0
-0.9419499012960618,-0.5823348378358792,-0.5207804467379098,-0.49950318956183565,0.23753610463827432,0.0
-0.9649147909802994,-0.5486469055349822,-0.4726417004904184,-0.5321704147583965,-0.08638278425630111,1.0
-0.9465252479964997,-0.6162202354779043,-0.5115652977818299,-0.5033820598349553,-0.3560208533132759,1.0
-0.6664145162333297,-0.6933359778378877,-0.8821117958916165,-0.3330185414016392,0.01452897926900694,0.0
-0.8489707922532932,-0.5591814572819049,-0.6399997588324714,-0.5375138182404406,0.5565287542159945,0.0
-0.9892143078757973,-0.5181901057805801,-0.41480074062089084,-0.5162633582361886,-0.00264416389789926,1.0
-0.6501292536297274,-0.7053372314181927,-0.3471618025084483,-0.6872842345464101,-0.47048688792434823,1.0
-0.9570059806676453,-0.5970733598579988,-0.482142311022835,-0.5039634777599262,-0.332297891292291,1.0
-0.9815520569477104,-0.501654993957805,-0.42102549759744934,-0.5369178465316647,0.008255269936524201,1.0
-0.9328639124379907,-0.5745864163138179,-0.5585897523222322,-0.5114193268849851,0.47248467415430806,0.0
-0.9588819930903629,-0.5946452265098422,-0.5078637147393738,-0.48057219033491505,0.24952548837969005,0.0
-0.9862146750305559,-0.53385990829328,-0.4320522552558623,-0.5082001061715865,0.16001724453596308,0.0
-0.9820913313783729,-0.5183287528422902,-0.4341558967820246,-0.5263407690496505,0.028222224258257884,1.0
-0.8935186048759961,-0.7123960211310767,-0.5882210599101925,-0.4358314680329952,-0.05222770710129816,0.0
-0.9491040527966951,-0.6344888404788406,-0.5021727420680242,-0.485000083432792,-0.11763707215207572,1.0
-0.9372011404597342,-0.5687187105591933,-0.5081249606256976,-0.525820959920009,-0.2125843051520669,1.0
-0.8167124008982456,-0.6087538656133402,-0.676643449368973,-0.5106992585240945,0.40754948668137336,0.0
-0.841401698775534,-0.6705398403594484,-0.6281682741270948,-0.49210603881184006,0.4582483740646675,0.0
-0.8016224774112759,-0.8259678460345508,-0.24251234442151343,-0.48012460766402626,0.22281365807549097,0.0
-0.889279791455606,-0.6651370943543189,-0.5221417320901076,-0.5156908082729885,-0.4297601635450213,1.0
-0.7368460175018597,-0.6811185618288876,-0.727317934724293,-0.49719373260489913,0.060564136748203205,1.0
-0.8675513887273845,-0.6046458869491421,-0.6347187826106518,-0.556940588209641,-0.028951832725577636,1.0
-0.9144882934943825,-0.5631888116049478,-0.5649311608005828,-0.5387591660057948,0.01285637407070004,1.0
-0.9423893995270969,-0.5794722261509762,-0.5377422640700084,-0.49961998287229986,0.386293690218871,0.0
-0.9864913699205884,-0.5135464732577292,-0.428976889048823,-0.5151113528911919,0.32963837735545426,0.0
-0.48821413335050523,-0.510304209566798,-0.8581722546214877,-0.6811699021548174,-0.18219958272825626,1.0
-0.8670063046217134,-0.5847133482180921,-0.4944346295294792,-0.5395523900783241,0.05273737272389008,0.0
-0.9051339333368016,-0.5982786896118427,-0.5963722956060009,-0.503649225601442,0.4187499668613643,0.0
-0.9780424236592995,-0.5432956518250716,-0.4397960538826673,-0.4977346857344299,0.3030255784427034,0.0
-0.9768699237661844,-0.5538775663910339,-0.46204216291816086,-0.4994130752791547,0.25162577953496923,0.0
-0.7420170034734757,-0.4904738016439373,-0.7823637332687089,-0.6256132363379262,0.5499868373437449,0.0
-0.9926268854940814,-0.49989121618667925,-0.3963177371459482,-0.5281454022878072,-0.046969188645926405,1.0
-0.9656776304122116,-0.5865876009399212,-0.4820217145244314,-0.4761582336044176,0.14627075107428594,0.0
-0.9749800414157935,-0.5566285930805349,-0.47237614481656076,-0.4944918846440112,0.34933287067983004,0.0
-0.9654367085492122,-0.5340175356257131,-0.4629014976379527,-0.5272512681900715,-0.08488302313093607,1.0
-0.7410514499680917,-0.4785060353429198,-0.6553891704887727,-0.5917639588798745,0.3432828576683682,0.0
-0.9443127691806377,-0.5761391751761535,-0.5538567517609503,-0.506689888505255,0.38658406073496443,0.0
0.050090362804266375,-0.7476305973142967,0.4864077705991351,-0.899538051649535,0.49303839966541874,1.0
-0.8752034212360671,-0.6510102849542805,-0.6279559178997017,-0.499028141648679,0.3471214225358502,0.0
-0.9103148093813587,-0.4161085618548154,-0.48713971214151786,-0.5686909661749777,0.5729789919607577,0.0
-0.9416402813391199,-0.5941128173183221,-0.5000387772156336,-0.4989640864900319,0.3020200729802823,0.0
-0.9840847589564748,-0.5214143836707603,-0.4312472535587865,-0.5232158635919476,0.004606042645468877,1.0
-0.9617268446467927,-0.5887577244091062,-0.511065106137558,-0.49548501142088885,0.31831555503949305,0.0
-0.9086565784493497,-0.6669593295498244,-0.5695914261607232,-0.46411472193055525,0.018058190285072384,0.0
-0.9437311394359992,-0.6282796582819606,-0.534858661757766,-0.483523870505726,0.10448605279737974,0.0
-0.9411222923056562,-0.5232026377916572,-0.5121936750546738,-0.5513363908605045,-0.005941404818781193,1.0
-0.9824440331653743,-0.5235329605179366,-0.42662022582186065,-0.5225429060090939,0.020123738871499285,1.0
-0.9753438418864578,-0.5610846574982447,-0.4605187325375807,-0.49893418311384996,0.10436291740464805,0.0
-0.6452536652915499,-0.6415152933989821,-0.6687408190804658,-0.5557810366899616,0.009946798815305795,1.0
-0.9327703618421705,-0.6003780236770455,-0.5608386033043884,-0.5119636772789694,-0.021046120640119986,1.0
-0.9372556607776564,-0.673559944673698,-0.5176397139706239,-0.462114872320098,0.03166001297688855,0.0
-0.9560767098345176,-0.5651869615213775,-0.49618317745380364,-0.5047718843354547,0.34041974288944943,0.0
-0.9617276867756023,-0.5240834127746693,-0.48461983652483376,-0.5244554258334323,0.4061024596703954,0.0
-0.9153775032357436,-0.6308303400021865,-0.5448320745554712,-0.5131403245938708,-0.37983954852082197,1.0
-0.859310075710367,-0.6640271500844103,-0.6158376195841186,-0.4939807553264435,-0.15608314013263258,1.0
-0.937532505982873,-0.6179727189101638,-0.5122730152216869,-0.5020513152784398,-0.27758897695597057,1.0
-0.9692124210534666,-0.5001659717846253,-0.46205253112998096,-0.5393294516947632,0.07401716388939619,1.0
-0.9385222124876659,-0.5574323028955877,-0.508310018942962,-0.5252934978172076,-0.002535908402112333,1.0
-0.7378868471757746,-0.578761091613644,-0.5485957859139559,-0.5389723806454013,-0.22135414277598103,1.0
-0.9582679254401453,-0.6061405816302953,-0.46492746537941637,-0.49147542485858237,-0.33459134306705846,1.0
-0.7381956242213127,-0.7374492730867253,-0.6668817458866299,-0.46033631572116296,0.42034186353536845,0.0
-0.8160317762515086,-0.5670265805990976,-0.7091601391136326,-0.5684018748758481,0.06781554512395731,1.0
-0.816418121129748,-0.5395643864972705,-0.6889536079539385,-0.5657707908451486,0.4039359280804932,0.0
-0.9486754350436487,-0.5399939260508745,-0.4900870900040133,-0.5220209142527483,0.1529169816679236,1.0
-0.9592003504523354,-0.5492817560149885,-0.4734767771423469,-0.5192555621632895,-0.029277837315540817,1.0
-0.9377700141904097,-0.6208073393901973,-0.5281763685410316,-0.5001257354938953,-0.36142493723929014,1.0
-0.971269793658455,-0.5548251852259356,-0.45792019552397767,-0.5165483352274178,-0.13991314117338696,1.0
-0.9791666801351437,-0.5801373730203552,-0.4581957575996979,-0.48282134048340575,0.18907934173856136,0.0
-0.9608395201832267,-0.5855424611362583,-0.48366615298553267,-0.49705988942723645,-0.12856164752507743,1.0
-0.9331958206569326,-0.5504048506695545,-0.5357389792874421,-0.5260514591132349,0.2873468279769559,0.0
-0.9534316767051852,-0.6154443776957337,-0.490795037176164,-0.48063478123814196,-0.21977768486683852,1.0
-0.922552715163382,-0.5956581675390848,-0.5609543808912595,-0.5216085240047106,-0.08857618991263547,1.0
-0.9265657435359211,-0.6077616685366525,-0.5578212591984371,-0.492071726027003,0.4341348903428612,0.0
-0.9658039943341287,-0.555815559436843,-0.4962303367622395,-0.5106520457045658,0.1333827707606602,1.0
-0.95941888565973,-0.532893944344211,-0.4870796711644063,-0.5192258544575622,0.35384221301438584,0.0
-0.8966503701037367,-0.5934711737594435,-0.6393802786511658,-0.5070770566070845,0.2220965938816749,1.0
-0.8683730817773505,-0.5782230908325828,-0.6700319674085351,-0.5373097641553238,0.3395170040064559,0.0
-0.9571709720435707,-0.5869253061777457,-0.5076385026968172,-0.5020488074781501,0.04585298224365009,0.0
-0.9633280199461435,-0.5884690971595768,-0.45669374601419677,-0.48778515686697155,-0.14275428414285043,1.0
-0.9584056569803219,-0.6236978373059828,-0.49064821611462806,-0.4689019372837276,0.23145268540197048,0.0
-0.9711493633461324,-0.5758436864579074,-0.47270361506315517,-0.49885374345980815,-0.016707673396733347,0.0
-0.9746790674736392,-0.5680420159220061,-0.46598288645906516,-0.49284876526996657,0.20980786730201242,0.0
-0.9668853101621653,-0.5471184723492846,-0.46123625595915,-0.5252413658781285,-0.24232785438567978,1.0
-0.738376871916653,-0.6943306403210625,-0.6154921080848165,-0.4661539183693215,0.3939142291897122,0.0
-0.9665621476392126,-0.5873041581838156,-0.4676739885673276,-0.5007326642209267,-0.2838426794133352,1.0
-0.9507787288032865,-0.6099568476980193,-0.5008369982224572,-0.47896377073742835,0.24610783270212455,0.0
-0.9727989147521128,-0.5724313102971673,-0.46785065269856413,-0.4898781438338905,0.21650735973288665,0.0
-0.9451271903261498,-0.6060136696973968,-0.5105424772534146,-0.5019280859690697,-0.30227696456247044,1.0
-0.8534882479061942,-0.5482602177352556,-0.6182411276562326,-0.579666563518964,-0.13133977006421593,1.0
-0.9874539383019143,-0.5357543003058214,-0.4406184380445676,-0.5024772581730556,0.3075659289398184,0.0
-0.9208015981501136,-0.5527520634138086,-0.5500178603262861,-0.5565105106633267,-0.13633535551470072,1.0
-0.9231544745301568,-0.6046752688116038,-0.5683677529975837,-0.5269132169747957,-0.1699549602046942,1.0
-0.9746853295471246,-0.56593572284753,-0.4637602958438851,-0.4996700818418816,0.06391879667250638,0.0
-0.6623172022956709,-0.42766094995818693,-0.8208523374520879,-0.5708413707877416,0.40661092561949097,1.0
-0.954960141955805,-0.613385327758778,-0.5148434949219434,-0.4891814101534619,-0.0437956876213432,0.0
-0.9866947883143637,-0.5175658959823752,-0.42566478308901234,-0.5132486263146487,0.07143040387523994,1.0
-0.9736740739959074,-0.5475696607497422,-0.46340152174347016,-0.5019675025718829,0.38682131713453954,0.0
-0.9883036623426623,-0.5219816289706427,-0.41176599081971055,-0.5140100110392101,-0.07481799720585533,1.0
-0.9687175987101094,-0.5854406603752956,-0.4495565982721287,-0.5021177702781333,-0.22227428766786195,1.0
-0.8958894558543263,-0.5634234850193385,-0.6330749834209933,-0.5524633938583906,0.14814969155314361,1.0
-0.8852766388961307,-0.5657600006273514,-0.5989800743690951,-0.5248077127679788,0.5048224424714551,0.0
-0.9433533814820096,-0.5496503084374516,-0.5235756726813195,-0.5268991975842326,0.3667526687693317,0.0
-0.9809732864050542,-0.5221398869280509,-0.4433836972294183,-0.5249768670873254,-0.081596678859508,1.0
-0.9774236178465292,-0.5262462605599015,-0.4566505379470733,-0.5255717707321571,-0.04255221686477427,1.0
-0.9546065927890552,-0.5331903320903529,-0.5222484293472123,-0.5243594104978867,0.3929886671136435,0.0
-0.8007873249136319,-0.5665701864940417,-0.7310044099721705,-0.5582940079886045,0.4592250992654082,0.0
-0.9187509598293891,-0.6170550710757223,-0.5771050342852495,-0.4973650595163958,0.33723764127880407,0.0
-0.9874353222298559,-0.524202623793957,-0.4292787985027045,-0.5073403165790504,0.28616387125988607,0.0
-0.8773116656986807,-0.6903918523747188,-0.5309431475794448,-0.4535823377083213,0.18171578304021854,0.0
-0.9572783655113947,-0.6177750151662632,-0.47355501398739264,-0.4848347534398537,-0.18089427073239783,1.0
-0.9339993363981389,-0.5821071860512945,-0.5808180858898226,-0.508896925104125,0.2780244760085266,0.0
-0.9486615928111244,-0.6333637243430341,-0.5162167500564013,-0.46600120458105276,0.2588591549963552,0.0
-0.9558142343634238,-0.5910885417757296,-0.5345552827300745,-0.4916817600555987,0.33241051298711977,0.0
-0.939333196518957,-0.6254910025288531,-0.5214852163803374,-0.5006283259745998,-0.3060295071886553,1.0
-0.951147879856617,-0.6171556806711351,-0.5066492645752908,-0.48150951916046353,-0.14279552516711588,1.0
-0.9892797954819011,-0.5336608294224119,-0.40679543552914155,-0.507203820008452,-0.14885609630661792,1.0
-0.9662255979166203,-0.559142489798229,-0.47121612200691415,-0.5074771258607321,-0.06508350842633709,1.0
-0.9808348794264209,-0.5403005409031082,-0.44643574033074146,-0.500375280975156,0.27181792944388317,0.0
-0.9366173916619737,-0.6391266984343057,-0.5441721956637169,-0.47177957871092696,0.22383395756423338,0.0
-0.9285032835487852,-0.6361306111125543,-0.5117346502544197,-0.49676679102674604,-0.3524549128908579,1.0
-0.8764198606288764,-0.7301933357487136,-0.633633489550229,-0.4562462187511438,0.0542849531655589,0.0
-0.8384506439617138,-0.7269576521696157,-0.5929203657180445,-0.44494721568485207,0.3839554879324824,0.0
-0.9832116112063051,-0.5449824457174115,-0.4530978362447178,-0.49248040377743074,0.33619069161737974,0.0
-0.945798968704429,-0.5893813610769881,-0.5113126965755787,-0.5039901908863869,-0.0638401764901873,1.0
-0.9728165423781115,-0.5307937020271629,-0.4440226236879658,-0.5233784173070054,-0.013343511353174076,1.0
-0.9523265525394382,-0.6134456210956837,-0.5180315171124498,-0.49421878954394843,-0.07135586611089983,1.0
-0.7018447940515326,-0.4602437659081595,-0.700214387716634,-0.5009695044732856,0.4054029784785956,0.0
-0.9834306047636282,-0.5300443766565238,-0.4425081338637579,-0.5004574392933687,0.3708414517530246,0.0
-0.8671875981654275,-0.6433505095861813,-0.6034751075600868,-0.5158937803892888,-0.13133790662057382,1.0
-0.9695378499693728,-0.541759822731761,-0.45457051159400225,-0.5282982255487101,-0.1751767814273954,1.0
-0.7795154002361264,-0.8075316870037879,-0.34270391196080363,-0.3458658734217548,0.1838572878917759,1.0
-0.963273209018597,-0.5988032189247947,-0.491604042867869,-0.48114960037722126,0.2879548880589423,0.0
-0.9582241786280647,-0.5943241475785601,-0.4755497073000756,-0.5063950192546002,-0.36257231881949853,1.0
-0.9448910626475722,-0.5845571266033718,-0.5272933661413967,-0.48998940450405876,0.2341089400933926,0.0
-0.9625702213845422,-0.5781585250589795,-0.4868065495693881,-0.49411781379247294,0.26888102698006466,0.0
-0.9565239869358331,-0.5962846196936326,-0.4800656501067927,-0.49017512209520825,-0.17256602212218877,1.0
-0.9867154562152852,-0.523813710505489,-0.423016940998559,-0.5066214856480696,0.21721179838380628,0.0
-0.9784772084774723,-0.5217953212253209,-0.4462850124090435,-0.5250819152977197,0.09369212672548627,1.0
-0.9692945492124861,-0.5607031082601154,-0.47448297318651533,-0.5013294612631625,0.3560832951040441,0.0
-0.25102329382249966,-0.31967027351388283,-1.0,-0.46722199036207124,-0.9295610171741611,1.0
-0.9430758914201492,-0.6124990738247799,-0.5070767628513859,-0.501323442352877,-0.3694996061695634,1.0
-0.9599540860350927,-0.5271347860105743,-0.4647611373372411,-0.5302305645141266,-0.00011871285584116875,1.0
-0.8102863679224556,-0.6699194474412993,-0.6672888342451476,-0.5083144159328268,0.5648284707980291,0.0
-0.9768433760256159,-0.5312935820893392,-0.43928934263369174,-0.5243633911395883,-0.1458872421590443,1.0
-0.8972402004229424,-0.5269049686759081,-0.5924035348525221,-0.5353409656529827,0.5494261370902106,0.0
-0.9651415982462217,-0.4945830707833969,-0.4590402602345682,-0.5439023172227475,0.13304628391778156,1.0
-0.7798782431492148,-0.7338125514782327,-0.3715584499692911,-0.49316098830726735,0.3818375334323602,0.0
-0.8922016336174062,-0.6957601376593154,-0.6005661904931324,-0.4576493220399369,0.0777594260841649,0.0
-0.9686979824425672,-0.5006354925206167,-0.453143572499145,-0.5407431813866017,0.05934983480915961,1.0
-0.935096314739961,-0.5617429274573217,-0.5492440329577091,-0.5237531130022467,0.4253644894012769,0.0
-0.972245003332946,-0.5714770230552255,-0.48363907949077445,-0.49787460336610484,0.2870993319523608,0.0
-0.8188143260864683,-0.6440292868135497,-0.6863659080956908,-0.5195214594866531,0.3556562430919786,0.0
-0.9205869400152996,-0.5939964373105191,-0.5499357501680625,-0.5164973110662586,-0.0601269877018733,1.0
-0.3073807841173475,-0.6446158452372529,0.2853350955275247,-0.7830587935028448,-0.2560083831574565,1.0
-0.9638717889019313,-0.5627645972498369,-0.4809016973727176,-0.4948925942749551,0.2479902110643023,0.0
-0.9727737023909349,-0.5591575142730253,-0.47275136747306856,-0.5017789724835263,0.19495959389217685,0.0
-0.9081736229682104,-0.6399129347119911,-0.5861120123483333,-0.49614884915349344,0.21149732555096903,0.0
-0.9385399837073419,-0.6659099831973639,-0.5094157267689984,-0.4731698969568794,-0.4259145707472827,1.0
-0.9332550130392843,-0.6841601607678094,-0.5143901878280734,-0.44224166598816744,0.1596304074181658,0.0
-0.8954350194486655,-0.5446476380199331,-0.5450479946858695,-0.5400721153122904,0.1606852886457497,0.0
-0.876610932101076,-0.5946263411762278,-0.6337443771819229,-0.5289825643306822,0.5138873530628443,0.0
-0.9543214357796331,-0.5856931225827866,-0.5014863753528215,-0.5069686328817536,-0.12681636830592197,1.0
-0.9696484692657185,-0.5570096165641255,-0.4801987940125071,-0.49906778880151925,0.36370484358918204,0.0
-0.9887438203913375,-0.5211952197267778,-0.4222526069290413,-0.5162584692258742,0.018519016656565662,1.0
-0.9867813929452922,-0.5437856563001896,-0.43598794947540315,-0.4925679487092442,0.308883710076456,0.0
-0.9560530973729909,-0.5929830837055643,-0.5010988738602615,-0.48637473833092837,0.2758897985110631,0.0
-0.8823206425369743,-0.6938071305860689,-0.6135861746657709,-0.45456000575157,0.12894591908778025,0.0
-0.4844275272535168,-1.0,-0.1912452462426259,-0.2668509140410754,-0.03126370423058061,1.0
-0.8718457868788505,-0.5898467128783008,-0.5943706754374737,-0.5426401263546438,-0.05734144126010218,1.0
-0.9731721425601245,-0.5952233820412534,-0.45751663276787674,-0.47172848692430347,0.1915848528224624,0.0
-0.9655180359210743,-0.5297602701357913,-0.48317470276992674,-0.517525583337889,0.3174750750698285,0.0
-0.9012213169542463,-0.66894293759189,-0.518713189444295,-0.4950772645750742,-0.4263302358154013,1.0
-0.9319334565420488,-0.6112955892002601,-0.5255096134339053,-0.5039580248966072,-0.1813166814247354,1.0
-0.9285327658598469,-0.6397609371069826,-0.5463834720985823,-0.5010943778382378,-0.34787445255509347,1.0
-0.9539986304309747,-0.6125341732048432,-0.4783665851329506,-0.49129067559473044,-0.34883695657830227,1.0
-0.9835082275675266,-0.5593148584724078,-0.4539854500369372,-0.488099419912881,0.29049726271759363,0.0
-0.4793071306355468,-0.25998677765269645,-0.7280765661110755,-0.5987767079897164,-0.08772202675516963,1.0
-0.9378737375331349,-0.639038296235428,-0.49896802870353457,-0.4873048890290979,-0.4216739303613322,1.0
-0.7778925015013115,-0.4865572145701359,-0.7270685083189383,-0.6301403433375768,0.14209493957548852,1.0
-0.6548005579668996,-0.7802741397653421,-0.6018041652454095,-0.4905671162670178,0.2752284303361108,0.0
-0.9461947897113141,-0.6173544435272755,-0.4902685166984992,-0.49601556204847985,-0.31746980301746625,1.0
-0.947385360080992,-0.5165393260129217,-0.5235113490211681,-0.5354766772803463,0.41501890259909385,0.0
-0.969625211115396,-0.5730373237660387,-0.4665084193767636,-0.501973136446446,-0.18618816086698237,1.0
-0.976412907212876,-0.5326079891485656,-0.46342301980647554,-0.5201306556647266,0.10237773723955998,1.0
-0.9893516120517579,-0.5200623384512965,-0.4052669804226128,-0.5127741659172268,-0.03237237910433695,1.0
-0.9582505674104664,-0.5095862094395276,-0.4806560290009091,-0.5400086991823865,0.0804568752821205,1.0
-0.7577318066889103,-0.43036188451677043,-0.5580468648260399,-0.6146354065424222,0.0019430880207237378,1.0
-0.7836584078032885,-0.668975571494878,-0.4154477190366175,-0.5938278885128224,-0.4232514049651757,1.0
-0.9792357816522581,-0.5215915002466038,-0.43317178968467906,-0.5278624755040572,-0.0403390125261944,1.0
-0.967657150363482,-0.5723834370328378,-0.44149469171869077,-0.49657203430103825,-0.14782532242643093,1.0
-0.9808247835706106,-0.5601493571318015,-0.4423160320632754,-0.4953638777981973,0.20910634267619813,0.0
-0.895447952304931,-0.5288549155475376,-0.5397169369194554,-0.5665725621768507,-0.05584297371010294,1.0
-0.7563326578610778,-0.8146519279317189,-0.41497948496441517,-0.39626202858088255,0.25049629454190503,0.0
-0.9891364432831561,-0.5065203273585221,-0.4255971956101103,-0.523973816229967,0.1283390712934195,1.0
-0.9639612327302471,-0.56325710237432,-0.4656729874996026,-0.5040372741080251,-0.09756103073319924,1.0
-0.9923182291691851,-0.5137917280645043,-0.38905714998873625,-0.51632882791531,-0.05988887240035631,1.0
-0.6603984001126075,-0.5709609405044536,-0.7417745832617557,-0.5671886338179313,-0.05665705390044126,1.0
-0.94117292156561,-0.6440794170827199,-0.5112609263995164,-0.4820584846887307,-0.23124920162139784,0.0
-0.9671139437575188,-0.5617522634574423,-0.4760470035726051,-0.4968363805002354,0.39895584514220256,0.0
-0.91204913510583,-0.49861458941626935,-0.5345010464129809,-0.5796695927433413,0.10172931553160523,1.0
-0.84644021056386,-0.6468065795043687,-0.6247529325061273,-0.47976640310342245,0.16209716890289072,0.0
-0.9336657318067495,-0.5725835018145157,-0.5254833518203726,-0.5242157012902916,-0.2082328533325138,1.0
-0.8415526711471896,-0.508036357027989,-0.629296771766588,-0.5405206372152778,0.4139477178837559,1.0
-0.9812873615198674,-0.5454869561008988,-0.4438903408401614,-0.4958239852249464,0.27517382066350526,0.0
-0.9849078078043104,-0.5369392635354386,-0.44078378476469976,-0.5134005729274674,-0.01455283593992171,1.0
-0.4616994955400147,-0.5388389144285463,-0.8000620678576136,-0.532866258077884,-0.24593839346090246,1.0
-0.79239002980484,-0.537732650319037,-0.7052030686320777,-0.5880753840756239,0.17853711797339006,1.0
-0.9482970459325845,-0.6203601828033833,-0.49681978480001765,-0.4847481704820075,-0.04747439103154537,0.0
-0.9422914488239571,-0.5753202417795141,-0.49159657986467475,-0.5210529360367139,-0.3007048319625181,1.0
-0.8021699644219106,-0.8087698623553963,-0.2532273151714754,-0.3279621427690452,0.5168195451083504,0.0
-0.955052019296664,-0.5697310804061578,-0.49671930473612586,-0.5127970024205183,-0.14388454302088224,1.0
-0.9397163591895663,-0.6025785880087311,-0.5318947134935018,-0.49776075991557345,0.20052255881450864,0.0
-0.9657277872805441,-0.5796257950831121,-0.4728778748455552,-0.50260647878415,-0.1954785788399449,1.0
-0.841282062552013,-0.643533051907583,-0.6612512574887988,-0.5237771014760396,-0.09952514481764549,1.0
-0.9830980418752385,-0.5165941864366772,-0.4321908783956582,-0.5230494008616411,0.030111759262174596,1.0
-0.9553831703433373,-0.5845555505819994,-0.51379388711312,-0.4916966761842517,0.33945090237671716,0.0
-0.9394524183869314,-0.6260156968784992,-0.5185661769745001,-0.48998352969217523,-0.33585022377001594,1.0
-0.9549031782945436,-0.6034290174899777,-0.4864850732051712,-0.5034347393519732,-0.3587096122438496,1.0
-0.9402634812461887,-0.595933551486011,-0.5131503069033153,-0.48275888800940286,0.3908768753879945,0.0
-0.9769974550444118,-0.5353179677000958,-0.45475262930968974,-0.5208037975097877,0.03885673740189486,1.0
-0.9459360495062061,-0.5865300849737201,-0.5308815741057458,-0.5004386043352342,0.36367414577103835,0.0
-0.9782529174877141,-0.5703570721006567,-0.4720946291971559,-0.4896456321857425,0.29382676322251333,0.0
-0.877225533796963,-0.5360851790580687,-0.6322486009916342,-0.5628644569856964,0.3451359975864551,0.0
-0.9603572087966842,-0.5671374371910713,-0.47524593913957636,-0.5085750770934042,-0.06393208723207422,1.0
-0.9752911542559111,-0.5719710905517926,-0.4505936779710431,-0.48613726577778876,0.22640740478446933,0.0
-0.9891263638124628,-0.5156432150123136,-0.40562790297025597,-0.5153532650687044,-0.007415497589817646,1.0
-0.9131840934084215,-0.6445407096512511,-0.5448106923690557,-0.49157074776512566,-0.0060249969436769885,0.0
-0.9882256343382871,-0.5181532180630808,-0.42488649251014715,-0.5221727915548495,0.13291023626999632,0.0
-0.9254793449916974,-0.592150937795956,-0.5254189311697502,-0.5270313776174269,-0.2256735479238008,1.0
-0.977094947235197,-0.5189962118952518,-0.4370640651965272,-0.5323512427180751,-0.02170523595316437,1.0
-0.9613900106228477,-0.5378038912575147,-0.4519311358422257,-0.5288755863333219,-0.18711342698251765,1.0
-0.8473186722606325,-0.6191616591845,-0.6589437101534996,-0.5265265330721428,0.10273057586748682,1.0
-0.9882590544973577,-0.527709128495922,-0.429660728705318,-0.501501662449371,0.3645472667313141,0.0
-0.3840536532831267,-0.6936174398348349,-0.8812203444627603,-0.5141726648777298,0.2661110919031019,0.0
-0.9655590288610941,-0.5894427206131126,-0.4877350841534697,-0.4987182051409693,-0.09366407283910289,0.0
-0.9472870013810436,-0.5673013491415729,-0.49265397633413543,-0.5296329428653906,-0.22839820142845324,1.0
-0.9795594442986503,-0.5743973715339,-0.4570940996939983,-0.4825036127341668,0.28997232669473627,0.0
-0.8699640032588588,-0.6588884024720529,-0.6048905491068585,-0.45745453383949164,0.3271044551740029,0.0
-0.9548541627099282,-0.6176526192147836,-0.5300449495812026,-0.4699388158490019,0.33368786707319975,0.0
-0.9738764567779619,-0.5410196557020457,-0.4603075204459799,-0.5029003126907887,0.2742582491434359,0.0
-0.9584318409328715,-0.5332801163542712,-0.4882692577889332,-0.5233207473287139,0.35137571903789416,0.0
-0.658527309884652,-0.8324475659780194,-0.4879403032514037,-0.49067443156197255,0.22694322593337207,0.0
-0.9756715341644501,-0.5474240512405123,-0.45528446581564985,-0.5119547171791275,0.016580535167454974,0.0
-0.9883253251723576,-0.5227508895618467,-0.4236847251903611,-0.5141176963626778,0.015433997715554745,1.0
-0.8992277161219528,-0.6890653852556358,-0.5487874423535869,-0.44976651011145463,0.27837626834494467,0.0
-0.8392098774513814,-0.5964931801328995,-0.6922996406435649,-0.5269597425037081,0.5529852986677339,0.0
-0.7941902833338852,-0.7002239013650153,-0.7240885475023173,-0.4858835222428769,0.46745513978095937,0.0
-0.9066483489895891,-0.671788169024653,-0.5873369925518906,-0.48881437243713244,-0.30969167313603085,1.0
-0.9865642220625559,-0.502828280253442,-0.4193749287384107,-0.5268388476250043,0.11229944185378885,1.0
-0.9680838630348056,-0.5606300038627687,-0.4827178571326748,-0.49690387734051605,0.3349576198677858,0.0
-0.9783069943915091,-0.5607522040239319,-0.45366235923598075,-0.49627412073274385,0.18012523939149616,0.0
-0.9700175667291795,-0.5962625544882625,-0.4665394572672822,-0.4722033840063068,0.1741023537446525,0.0
-0.9601994238422268,-0.5828396324106905,-0.5148743049361258,-0.49163913633021233,0.3529142618841711,0.0
-0.9838588080307318,-0.5246348850320689,-0.421827393413552,-0.5157202288375038,-0.01933749922857647,1.0
-0.9551532756450731,-0.5688324866599075,-0.46942077054442666,-0.5123194657583146,-0.10009675766212534,1.0
-0.8708015013539102,-0.6552833383930706,-0.6681974213156414,-0.4948704411075187,0.37821986406081826,0.0
-0.9007727790836406,-0.5731269746986363,-0.5722026661724676,-0.5245972957882464,0.34899700589753047,0.0
-0.9632847555109147,-0.567905966971874,-0.489348887143644,-0.4975379114310904,0.32138847815366745,0.0
-0.898522425396334,-0.5446623134424329,-0.6124149008658948,-0.5577261103527582,0.15012870152662106,1.0
-0.6358252682993735,-0.6063548117586307,-0.7379761457472291,-0.5189319023629861,0.46658368009084406,0.0
-0.9369580590433839,-0.5843587391550741,-0.5286448359880072,-0.5135896984220198,0.20338010218739075,0.0
-0.8075520459856105,-0.6719232070445493,-0.6952946998244429,-0.4841399059406759,0.4550321032466458,0.0
-0.9549124049924422,-0.6031499656879401,-0.5013024249236179,-0.4894724718711221,0.015067768336366513,1.0
-0.839295905523737,-0.7015191662575146,-0.6666863260505305,-0.45979992390444757,0.2222153510321484,0.0
-0.9793419004082333,-0.49742727804245157,-0.4459455049178671,-0.5418985160926548,0.08788639724206652,1.0
-0.985230602412095,-0.5112969143397944,-0.4374164039548127,-0.5275875539157536,0.06319983379005327,1.0
-0.8880923217083524,-0.6491312423504112,-0.5547213237261711,-0.4948139712600554,0.10152046283921407,0.0
-0.8961063600161286,-0.6090366617766552,-0.6008929333744928,-0.5006241239449237,0.41604371540631546,0.0
-0.9716630125012945,-0.5544948545961773,-0.47389119299823645,-0.4974114909857824,0.3249757144876761,0.0
-0.8519508087337275,-0.7210964147060199,-0.49436998116737657,-0.5202396519760842,-0.6338959677938708,1.0
-0.9485510857990052,-0.5453702293255022,-0.4856602713263447,-0.5269695260417264,-0.08776080880543954,1.0
-0.9473072420856278,-0.5602553725262814,-0.5101669363802216,-0.5252021544691635,0.005188549561833775,1.0
-0.9784254071481816,-0.5357518844892032,-0.4549246211771988,-0.52516898803082,-0.026050996571453378,1.0
-0.923733025370146,-0.5738204112850915,-0.557484198299092,-0.517801832539557,0.42665034510533234,0.0
-0.8670430900184106,-0.6432999159889444,-0.6088983213126601,-0.5193763153646541,-0.16360696019557708,1.0
-0.9568474009321581,-0.6103529529392053,-0.4885671267899093,-0.4882030303502394,-0.24203434166034254,1.0
-0.9877525911965862,-0.5150293827446866,-0.42289351389300445,-0.5120856926183884,0.2382691141988,0.0
-0.47759244330809425,-0.4121112643291206,-0.7192856184483104,-0.5779565531464468,0.5522369179302289,0.0
-0.9803322257777282,-0.5183775096199394,-0.42683592985992674,-0.5327880641600758,-0.051198396854965814,1.0
-0.9463380992189777,-0.5610452821417167,-0.51875052438112,-0.5201168736246389,0.06687454050451512,1.0
-0.9039976003761333,-0.709530064068067,-0.6096818695586107,-0.4534446063900116,0.018085400329855346,0.0
-0.8699427387748853,-0.6576592828165969,-0.6545737840620486,-0.4850498586233217,0.3696561604872827,0.0
-0.9227217869509594,-0.5954347901683781,-0.5978846032788454,-0.5152345524469452,0.3583259480247553,0.0
-0.949835234647343,-0.6152072223584663,-0.5421149552324829,-0.4896045064782443,0.2560641788345602,0.0
-0.9711315207124225,-0.5050690928215971,-0.46144487754824287,-0.5344033201696753,0.029236068176269794,1.0
-0.9632592049368873,-0.5888541379278792,-0.4826980957865966,-0.4874808818191295,0.0838022871597433,0.0
-0.9885169948937257,-0.5400605003593928,-0.4279465122768109,-0.4917097434342826,0.2646586403051099,0.0
-0.9493635241960284,-0.5919710067582767,-0.5050925800276336,-0.5030238615733086,-0.20804778604400598,1.0
-0.9650202897894047,-0.5861206032695394,-0.5030850531745173,-0.48738253734247716,0.352071235308699,0.0
-0.990176927352439,-0.5032516733884779,-0.41027098096102754,-0.5229207108623884,0.22852814112488565,0.0
-0.9594881350835871,-0.6040943899090997,-0.5027826539357213,-0.47822693083816037,0.2538007696840903,0.0
-0.9744517973530589,-0.5365021268670093,-0.45444544449819146,-0.5232429250862426,-0.023608348507027158,1.0
-0.9146162833317049,-0.620472129000416,-0.6264788696822087,-0.500109742183634,0.48247113553161447,0.0
-0.5132940143501356,-0.4825827345322433,-0.8478221395559672,-0.5556021457747521,0.007401413103700627,1.0
-0.8737773150533067,-0.6478042681554136,-0.6893567924890565,-0.5116118822799068,0.39769143204523033,0.0
-0.9486595069157439,-0.5699750794845664,-0.5033521105516789,-0.5267536717304394,-0.17015679111692397,1.0
-0.9390217615124574,-0.6021678830040967,-0.5872736816934205,-0.5100987776331997,0.16023060844836728,0.0
-0.9484342398453909,-0.6347731014361232,-0.4946052613040075,-0.4892074974046867,-0.43347721513881143,1.0
-0.9231266585766761,-0.6102204644801765,-0.5838835899885907,-0.5102250705485248,0.10361670983881696,0.0
-0.8743965677878698,-0.6024433747346408,-0.5679972868653467,-0.5421556310436536,-0.1754009518694778,1.0
-0.9883636779432555,-0.5439546405901355,-0.42634386416586195,-0.49270306446600126,0.31200421572869014,0.0
-0.9895685638242118,-0.5034807476087789,-0.40049657195727356,-0.5261669276229722,0.08882059193919514,1.0
-0.9899980846296607,-0.5181933648607282,-0.4182521672936601,-0.5204836396985092,0.030949752202123544,1.0
-0.7500180130412546,-0.612536568584762,-0.601871922982614,-0.5511031346537677,0.5642617964985854,0.0
-0.9309007528645743,-0.6186141159566609,-0.5681625602340308,-0.4913576062078758,0.27326884375080673,0.0
-0.9004726645808978,-0.5206506928909935,-0.5447636023123301,-0.5509233673915634,0.053514230537255424,1.0
-0.8774648887551688,-0.5700491010104064,-0.6228261738539975,-0.5282635330339223,0.42295975779845457,0.0
-0.9243692219704807,-0.647785252389586,-0.5699758170918733,-0.48964958195955394,-0.025208826625616784,1.0
-0.8566574154920491,-0.69863256767045,-0.607780419901466,-0.5023256552489263,-0.17280773304210623,1.0
-0.7868867883083073,-0.5351603938124905,-0.6846554481688938,-0.5420014947593922,0.2377847857675673,1.0
-0.9577207774998436,-0.6137290471794302,-0.4985752246108679,-0.4925978598685405,-0.2710500550699563,1.0
-0.9298619413563081,-0.6095151697503879,-0.5662715098347574,-0.4920321305420308,0.360762658431439,0.0
-0.9674530358972336,-0.5671537987524269,-0.47339195557702235,-0.4968581604044676,0.044717972370807726,1.0
-0.962435628048706,-0.598034802386648,-0.47434829721110733,-0.4990671623191586,-0.32143244255727726,1.0
-0.949002969869268,-0.6100363899652836,-0.5163489584633646,-0.4927485428074507,-0.18744493100856324,1.0
-0.9760072270445471,-0.5747278113429967,-0.46261906850653595,-0.49127946120524113,0.13231492338199152,0.0
-0.6770523583348758,-0.5944454823768104,-0.6420094885733761,-0.5257048526585956,-0.20989123692102402,1.0
-0.9829211956131108,-0.55466062221543,-0.45068996425548236,-0.49194795348261483,0.29930909558212343,0.0
-0.9887235812123756,-0.5117790812423528,-0.3978999805144263,-0.5137974530561278,-0.10434469800032942,1.0
-0.5531009260867611,-0.5817588657611185,-0.5702937339853633,-0.5565323797140133,-0.1443951278886152,1.0
-0.9512669258804805,-0.6116296916088975,-0.5366748381328248,-0.4868805105634452,0.3335092725605652,0.0
-0.8664868676079747,-0.5490208268480438,-0.6089532563499779,-0.5485686158512443,0.07949416824893343,1.0
-0.9213179446230505,-0.6371144635420087,-0.5900612360098696,-0.482022136094216,0.30456128052934395,0.0
-0.7325396157594168,-0.6142848870095571,-0.7531542366650614,-0.56313416259184,0.30666146261188,0.0
-0.9833328984327873,-0.5325661101389333,-0.4545034788137879,-0.5085500210688423,0.34773270060935607,0.0
-0.9865066159950097,-0.5304459508820538,-0.4364180384488366,-0.5140460852080574,0.01020842679153481,1.0
-0.9762905044573034,-0.5190829907027276,-0.46663998688718433,-0.5217877494336749,0.2463834753426003,0.0
-0.888957545138844,-0.5852261206712358,-0.6335869256770241,-0.537543946164684,0.4489010018099082,0.0
-0.9772722649418131,-0.5342934473315432,-0.45807199436301865,-0.520712698932012,-0.0761032875785019,1.0
-0.946549584524021,-0.5308029093556887,-0.505401929273324,-0.5325283329998602,0.29175828210586446,0.0
-0.9584886413862844,-0.6090080565855018,-0.508348629945049,-0.48380944888799304,0.2763677260437143,0.0
-0.7759098561548559,-0.7836516258184709,-0.4805922959222712,-0.40708384397397207,-0.23524742362516748,1.0
-0.8108113129744776,-0.5884948849939236,-0.6857575057875548,-0.5296547386020335,0.5038962718152764,0.0
-0.9645500643590876,-0.5684695176490567,-0.44434062071248304,-0.5040620180220022,-0.0788644893093857,1.0
-0.8825050143250036,-0.6446951501604514,-0.6121700972880598,-0.48310787272340444,0.3605186791107739,0.0
-0.9621213821043361,-0.5609925341024081,-0.5000997978614646,-0.5038235348010915,0.36877106281548255,0.0
-0.9534500126062921,-0.5868120405041172,-0.5260913219193792,-0.4920227282193786,0.40968850171200966,0.0
-0.8826646602163473,-0.6666265988878156,-0.5701159785466623,-0.5062399208974953,-0.2527810261348488,1.0
-0.9747896344793024,-0.5322904603486003,-0.44514460387596644,-0.5049984556313544,0.3026897686596597,0.0
-0.9454031623379486,-0.6190404940161698,-0.5444833207544613,-0.4910243955250841,0.06018407702320984,0.0
-0.9041548860612917,-0.6172736274337443,-0.5349256111332541,-0.5246828547455389,-0.22873324216995344,1.0
-0.9857020067605082,-0.5199044301153017,-0.4232091231879349,-0.5210409010965316,-0.005225576046968966,1.0
-0.9311204253803217,-0.6193150889471456,-0.5531089812767195,-0.49302474605800156,-0.011612944800876018,1.0
-0.814209231702188,-0.7023759177587635,-0.4183102094877418,-0.5781413507502208,-0.5880288873110305,1.0
-0.3059280148560498,-0.40762718845930185,-0.7797966327313512,-0.47749309431881537,-0.35226151687576795,1.0
-0.7670989865997859,-0.513710983108338,-0.7341595382937716,-0.5986348082054676,0.5861808153013349,0.0
-0.8412965839014417,-0.5581544921775545,-0.6345105860632152,-0.5536208467536174,0.3079841131705412,0.0
-0.8722745821529793,-0.6390493242512912,-0.6551191160354719,-0.5254215984378066,-0.04998520898821883,1.0
-0.9631427261929079,-0.6065940821302243,-0.4844813799076206,-0.47426705024511157,0.14782892354831328,0.0
-0.7384324946811962,-0.8135619474333947,-0.19099950590721537,-0.36105692449142074,0.6370555972676577,0.0
-0.9420298117228997,-0.6377557727299294,-0.5335398459591452,-0.49289442254003135,-0.21956621904299906,1.0
-0.8379995175218254,-0.6377702535668549,-0.5457250783202175,-0.5244182696014104,-0.3995191143139173,1.0
-0.967089312950067,-0.5271990955525085,-0.44293812515580444,-0.5228852273313992,-0.02807971245245819,1.0
-0.9426559606826468,-0.6063395069199401,-0.4954530166940954,-0.49919270804984733,-0.3747126196870084,1.0
-0.9001529160150789,-0.6577184415679103,-0.6081523297247203,-0.5078373657420827,-0.23322846475528564,1.0
-0.9442958345594002,-0.6186844582824889,-0.5463996859017616,-0.4833254428218474,0.3337557921386579,0.0
-0.9761085981591555,-0.49636507350504444,-0.4231058053442832,-0.5394924098793352,-0.0019554945331120566,1.0
-0.9608557815692322,-0.6028304588980464,-0.5075312303096389,-0.47830331092080264,0.1681526460732805,0.0
-0.9733054601491671,-0.5585062070777004,-0.47175915313442884,-0.4965069977184186,0.11773860873695519,1.0
-0.9713607841536546,-0.5721986538943467,-0.46284335707636387,-0.4990037991085966,0.031500981612826474,0.0
-0.9901559456822531,-0.4898573824996925,-0.4169895881068021,-0.5298636803597058,0.28549711980406234,0.0
-0.9757949737618011,-0.5450415469587554,-0.46192285997696747,-0.5218702105961096,-0.050426608984851434,1.0
-0.8942527414274067,-0.5501168446571206,-0.6021812223421259,-0.5287166486050049,0.40916914410685,0.0
-0.5450879251142411,-0.9613538142241391,0.07328228513137047,-0.4083620989205128,1.0000000000000002,0.0
-0.9870523807835399,-0.5183743860962724,-0.4245673423299583,-0.5219466818304035,0.07987002936648098,1.0
-0.9724685175323374,-0.5520063010328194,-0.4775813377179098,-0.4969635914423936,0.4189617364839968,0.0
-0.9741958355403231,-0.5131785310598918,-0.46161684654021073,-0.5399605778427162,0.011645584384227789,1.0
-0.9587910841012859,-0.5492478993358308,-0.49932262806650446,-0.5215448257430342,0.08731932454261435,1.0
-0.5909181476676363,-0.5895465518836818,-0.7460808785387996,-0.5635170937328502,-0.13252441572691234,1.0
-0.9864785942365779,-0.5278253831927542,-0.4308708687035899,-0.5182250338605894,-0.0030482302994302157,1.0
-0.8772634226243685,-0.5840130627135935,-0.6495271414309249,-0.5305316002818815,0.5633453931582321,0.0
-0.9893737022570122,-0.5187397216636362,-0.41609489578373937,-0.5140251886516152,0.07614097171592328,1.0
-0.9772047852495601,-0.5175192884256787,-0.45063814674511576,-0.5166488825607874,0.4037295780046809,0.0
-0.9506445641543536,-0.6013748702592447,-0.5025121157072906,-0.4898954445750037,0.040877001722120374,0.0
-0.9780767246773409,-0.5361106460149687,-0.41645370268370685,-0.515726308170193,-0.05645458153875105,1.0
-0.9718720658069784,-0.5529525629232376,-0.42140118560982337,-0.5103879190475502,-0.1302020946186926,1.0
-0.9037034274796982,-0.5711211635176479,-0.5593245578077589,-0.5544202739841796,-0.07184725686350421,1.0
-0.9255169518352421,-0.6129348890368673,-0.5144072448414626,-0.5078629112178263,-0.2668588281286717,1.0
-0.8815456236657165,-0.6314662688443663,-0.5338139817450647,-0.5445180863015006,-0.3259735326559276,1.0
-0.9562645245346041,-0.6325938708764208,-0.46060753825180795,-0.476988069636066,-0.10178784751810802,0.0
-0.8953129610322642,-0.6180042616955612,-0.618458134853592,-0.5008862678942728,0.4752458723780834,0.0
-0.9248254884442774,-0.530712478801537,-0.5308946498330586,-0.5468692459997344,0.058560228456674426,1.0
-0.9602950623467837,-0.5762136894111743,-0.4617616793826371,-0.5021626284883011,-0.0826884667070733,1.0
-0.8046155162217195,-0.800543356731513,-0.6040796149986616,-0.4135322324314675,0.2645150692846182,0.0
-0.8059492414188586,-0.7844138414967129,-0.2793860024951974,-0.4282478223305236,0.2241758818853863,1.0
-0.9253916068640412,-0.6240908126051453,-0.604980553959376,-0.5020044372433844,0.17899093430024898,1.0
-0.9420773194458035,-0.6133529480200862,-0.5420654333442765,-0.4763274079319769,0.09626772163870959,0.0
-0.9708056359520353,-0.5282181843700128,-0.4465882619569883,-0.5138067029268333,0.28280309276504056,0.0
-0.9062257160407317,-0.658145577162525,-0.5501477639885861,-0.4911648135483616,0.09311008143015617,0.0
-0.8270845980851081,-0.7610938095135639,-0.5268555585499737,-0.46533070694338424,-0.2569642700224107,1.0
-0.9346855439773637,-0.6546036612603154,-0.532186457263087,-0.4738510890320882,0.12128804991097471,0.0
-0.5353759093453739,-0.5243303172511314,-0.9600893826510499,-0.5726269722799804,0.6091302949947697,0.0
-0.8879775157717398,-0.5925992850323403,-0.582179118946037,-0.5225065254391353,0.42514032954390146,0.0
-0.8230752182300698,-0.6227694615252657,-0.6231999237084508,-0.547882328396997,-0.2106022984567461,1.0
-0.9745256228440462,-0.5375095395342416,-0.4622214391363296,-0.5186341384906912,0.020112643948042783,1.0
-0.9635484807337289,-0.5626700814699355,-0.4808569739068504,-0.5098462298263934,-0.05947221275695583,1.0
-0.9805442639586505,-0.5647146248391917,-0.4398945977624208,-0.49082149433089545,0.16416861696515556,0.0
-0.9580279326605571,-0.5876117577895158,-0.4964675726581772,-0.49868089302350366,-0.12387186582781332,1.0
-0.9176347225031742,-0.6170109501392501,-0.5122665469648294,-0.4930536808329319,-0.1318700392493463,1.0
-0.9087231206772954,-0.561031123673722,-0.5578224783636961,-0.5502478183271755,-0.008324545923844559,1.0
-0.9721742805805735,-0.5728072585407703,-0.4747165200865306,-0.4894606943819728,0.17839182918916924,0.0
-0.9839694724859135,-0.5158986057491807,-0.43469744261485704,-0.5199362871345801,0.11625436855461264,1.0
