-0.5835464000701904,0.36004576086997986,-0.304905503988266,-0.13149826228618622,-0.03597775101661682,-0.21464323997497559,-0.34948718547821045,-0.21869738399982452,0.0
-0.05474698543548584,0.1663476824760437,0.6318191289901733,0.007644347846508026,-0.5337196588516235,0.7462701201438904,-0.17534855008125305,0.39136165380477905,0.0
-0.4304075837135315,0.3587700426578522,-0.12276171147823334,-0.006900981068611145,0.07328604906797409,-0.08488088846206665,-0.5992198586463928,-0.22225263714790344,1.0
-0.10342517495155334,0.41856780648231506,-0.5345664024353027,-0.040531449019908905,0.2973410487174988,-0.13320590555667877,-0.5423346757888794,-0.05953525751829147,0.0
-0.3088245689868927,0.48886001110076904,0.20933768153190613,-0.4870867431163788,0.3386690318584442,-0.21355271339416504,0.045592695474624634,0.1602436900138855,0.0
-0.32826530933380127,0.25934112071990967,-0.019438669085502625,-0.18853482604026794,0.037261974066495895,-0.07537597417831421,-0.8493523001670837,-0.00774480402469635,0.0
-0.6212624311447144,0.09501522779464722,-0.41628775000572205,-0.0852130651473999,0.19747382402420044,0.07008236646652222,-0.6289833784103394,-0.2100602090358734,0.0
-0.6676497459411621,0.3618755638599396,-0.23987966775894165,-0.10298144817352295,-0.08061496913433075,-0.12312920391559601,-0.4153599441051483,0.01494210958480835,1.0
-0.17660903930664062,0.7755599021911621,-0.34219425916671753,-0.21259306371212006,0.03342292830348015,-0.01677192747592926,-0.29015249013900757,0.05330350995063782,1.0
0.180944561958313,-0.48878782987594604,-0.5243566036224365,-0.465678870677948,-0.6057436466217041,0.2896852195262909,-0.06558787822723389,0.15327221155166626,0.0
-0.33461371064186096,0.055949002504348755,0.02631869912147522,-0.2217555046081543,0.10764996707439423,-0.28794074058532715,-0.7917797565460205,-0.05586778372526169,0.0
-0.4724341928958893,0.3315329849720001,-0.369537353515625,0.003958120942115784,-0.2513006329536438,-0.147266685962677,-0.395408570766449,-0.13011808693408966,1.0
-0.7638245820999146,0.12234686315059662,-0.004356652498245239,-0.10689970850944519,0.06031198054552078,-0.25543802976608276,-0.35790401697158813,-0.16725918650627136,1.0
-0.751732587814331,0.14578264951705933,0.012171506881713867,-0.26045697927474976,-0.14093756675720215,-0.2187332659959793,-0.3293262720108032,-0.11316198110580444,1.0
-0.14721570909023285,0.5997533798217773,-0.1706213355064392,-0.37784650921821594,-0.3104940354824066,-0.356660395860672,-0.27754727005958557,-0.4817603826522827,1.0
-0.741217851638794,0.1740134060382843,-0.3883531391620636,-0.047311510890722275,0.16302277147769928,0.004069164395332336,-0.45189404487609863,-0.11675946414470673,0.0
-0.29360371828079224,0.6832449436187744,-0.34042486548423767,-0.1326328068971634,0.03289050608873367,-0.04861085116863251,-0.45175209641456604,-0.01485469937324524,1.0
-0.32715094089508057,0.431289941072464,-0.29033637046813965,-0.012856140732765198,-0.24505265057086945,-0.12636913359165192,-0.6517917513847351,-0.08343545347452164,1.0
-0.8707415461540222,0.204926997423172,-0.4832146167755127,0.011022098362445831,0.017645202577114105,-0.12017443776130676,-0.04970395565032959,-0.29475414752960205,1.0
-0.6968086361885071,0.40095600485801697,-0.31774091720581055,-0.12387296557426453,-0.11351971328258514,-0.23207852244377136,-0.21623145043849945,-0.12154939770698547,0.0
0.22759389877319336,-0.07389825582504272,-0.27100712060928345,0.32365337014198303,-0.1615140289068222,0.23405632376670837,-0.25921544432640076,-0.23476621508598328,0.0
-0.4664101302623749,0.36620020866394043,-0.3795638084411621,-0.09973913431167603,-0.05989750474691391,-0.006457492709159851,-0.5948492884635925,-0.05695601552724838,0.0
0.34879976511001587,-0.6357365250587463,-0.6068214178085327,-0.6420289278030396,-0.03728282079100609,-0.28325894474983215,-0.179400235414505,-0.016819730401039124,0.0
-0.353394091129303,0.38804328441619873,-0.0958971232175827,-0.17363739013671875,0.2282073199748993,-0.11542003601789474,-0.7532963752746582,0.003549322485923767,0.0
-0.1149207353591919,0.6374703645706177,-0.1644284576177597,-0.32807034254074097,-0.27655553817749023,-0.29915985465049744,-0.22533729672431946,-0.4654581546783447,1.0
-0.111082062125206,0.6252002716064453,-0.33768486976623535,0.06441543996334076,0.15675252676010132,-0.0402517095208168,-0.49131375551223755,0.14111903309822083,0.0
-0.3317256271839142,0.40416088700294495,0.08616501092910767,-0.030658576637506485,-0.45346006751060486,0.09130246937274933,-0.06236550211906433,0.3744831085205078,0.0
-0.26987048983573914,0.1884881854057312,-0.31219571828842163,0.031283020973205566,-0.2556246817111969,-0.2521224319934845,-0.47783979773521423,-0.13255451619625092,0.0
-0.7032023668289185,0.12086755037307739,-0.06851851940155029,-0.07277371734380722,0.24902048707008362,-0.10742497444152832,-0.5061269998550415,-0.1803520917892456,0.0
-0.47039684653282166,0.48216262459754944,-0.28881579637527466,-0.015880458056926727,-0.22980742156505585,-0.20072662830352783,-0.4176084101200104,-0.22286178171634674,1.0
0.06670603156089783,-0.45910173654556274,-0.5709164142608643,-0.15972423553466797,-0.31532710790634155,-0.21788278222084045,-0.3287470042705536,0.3857734799385071,0.0
-0.13654844462871552,0.6457703113555908,-0.3988480865955353,-0.1719418466091156,-0.026081250980496407,-0.2463293820619583,-0.5322285890579224,-0.13356541097164154,1.0
-0.3815397322177887,0.720603346824646,-0.25242435932159424,-0.04819297790527344,0.10266657173633575,-0.10890550911426544,-0.15626171231269836,0.35169675946235657,1.0
-0.5570083856582642,0.2501859962940216,-0.41445469856262207,0.13685192167758942,-0.03275711461901665,-0.07046657055616379,-0.49236035346984863,-0.24991169571876526,1.0
-0.3065830171108246,-0.27212023735046387,-0.8953130841255188,0.026580549776554108,0.11977605521678925,0.14428025484085083,-0.26566988229751587,0.2818904221057892,0.0
-0.6761670708656311,0.2474580705165863,-0.2334916889667511,-0.14457863569259644,0.17436139285564423,-0.03164266049861908,-0.49753066897392273,-0.1601955145597458,0.0
-0.4989873170852661,0.44923996925354004,-0.2618016004562378,-0.1443873792886734,0.06586278229951859,-0.09157799184322357,-0.397684782743454,-0.09980158507823944,0.0
-0.24239251017570496,0.3930510878562927,0.24254465103149414,-0.09347575902938843,-0.7109158039093018,0.05249291658401489,-0.11834388971328735,0.26372137665748596,0.0
-0.44669222831726074,0.34064924716949463,-0.7048689126968384,0.019065432250499725,0.1432144045829773,-0.23996737599372864,-0.42164844274520874,0.009782031178474426,1.0
-0.36592942476272583,0.5206218957901001,-0.37221604585647583,-0.005485735833644867,-0.0630781501531601,-0.23366431891918182,-0.4967433214187622,-0.1654519885778427,1.0
-0.4479774534702301,0.2869144380092621,-0.17808052897453308,-0.22063252329826355,-0.22142313420772552,-0.3449702858924866,-0.5642926692962646,-0.16147315502166748,1.0
0.04576191306114197,0.5761027336120605,-0.47552672028541565,0.010767169296741486,0.1179535761475563,-0.13209696114063263,-0.5280174612998962,-0.06321641802787781,1.0
-0.17006242275238037,0.17426148056983948,-0.661346435546875,-0.13425129652023315,0.09786419570446014,0.04864199459552765,-0.6517207026481628,-0.08648793399333954,0.0
-0.6304880380630493,0.3047636151313782,-0.31670859456062317,-0.006283260881900787,0.1302531361579895,0.05295892059803009,-0.42411473393440247,-0.2860356569290161,0.0
-0.5982623100280762,0.18303459882736206,-0.11370646953582764,-0.21106335520744324,0.031791068613529205,-0.36242032051086426,-0.5691466927528381,-0.0899888426065445,1.0
-0.3682371973991394,0.24688011407852173,0.2977830171585083,-0.21399129927158356,-0.024345016106963158,-0.327528715133667,-0.6137966513633728,-0.29289186000823975,1.0
0.21096229553222656,-0.2546221613883972,-0.608286440372467,-0.4261243939399719,-0.018537253141403198,0.36385661363601685,-0.4161204695701599,-0.19391347467899323,0.0
-0.2820644676685333,0.6190220713615417,-0.318044513463974,-0.16321969032287598,-0.06931290030479431,-0.07382921129465103,-0.44821083545684814,0.05747367441654205,0.0
-0.6845117807388306,0.29160264134407043,-0.332831472158432,0.04983264207839966,0.013237431645393372,-0.12760388851165771,-0.3601897954940796,-0.21508347988128662,0.0
-0.38408493995666504,0.1423707902431488,-0.18116655945777893,-0.10554678738117218,-0.13056159019470215,-0.4089325964450836,-0.664242684841156,-0.03606966882944107,0.0
0.2500142455101013,0.848621129989624,-0.34326010942459106,-0.2832834720611572,0.08034833520650864,0.05144970118999481,-0.2148081511259079,-0.45315247774124146,1.0
-0.08299049735069275,0.3436662554740906,-0.41157764196395874,0.16352519392967224,-0.10356172919273376,-0.02513614296913147,-0.5900759696960449,-0.3466912806034088,0.0
-0.6285145282745361,0.0926215797662735,-0.08927209675312042,-0.09684591740369797,0.14129020273685455,-0.03915926814079285,-0.5865206718444824,-0.2371898889541626,1.0
-0.7313399314880371,0.2861824333667755,-0.3186647295951843,-0.06422682106494904,0.09877902269363403,-0.023961864411830902,-0.30083397030830383,-0.14670917391777039,0.0
-0.3643028438091278,0.48196834325790405,-0.4015735983848572,-0.008578591048717499,-0.0874755010008812,-0.17993173003196716,-0.6098790168762207,-0.08675837516784668,1.0
-0.41853150725364685,0.593671977519989,-0.25998616218566895,-0.16549132764339447,-0.07871387898921967,-0.04889747500419617,0.08616143465042114,0.1661955714225769,0.0
-0.6038317680358887,0.2312336564064026,-0.23486000299453735,-0.15222087502479553,0.23030805587768555,0.06097543239593506,-0.5967959761619568,-0.17656740546226501,0.0
-0.7448619604110718,0.2919957637786865,-0.3277947008609772,0.04212307929992676,-0.24861696362495422,-0.2464575171470642,-0.1438925564289093,-0.2247929573059082,1.0
-0.3054238259792328,0.35219186544418335,0.05849775671958923,-0.09146768599748611,0.23899267613887787,-0.07610055804252625,-0.7949931621551514,-0.11013045907020569,0.0
0.045507580041885376,0.5928729772567749,-0.5386402606964111,-0.13879011571407318,0.15610988438129425,-0.37462306022644043,-0.48156973719596863,-0.2501300573348999,1.0
-0.3491589426994324,0.43462762236595154,-0.30540382862091064,0.008975133299827576,-0.14514081180095673,-0.41361838579177856,-0.5923948287963867,-0.17030981183052063,1.0
-0.10749377310276031,0.6763076782226562,-0.3091261684894562,0.009545482695102692,-0.02534884586930275,-0.040634237229824066,-0.5019859075546265,-0.27955862879753113,1.0
-0.5637516379356384,0.2463434636592865,-0.19057965278625488,-0.0361839197576046,-0.17127886414527893,-0.2784019112586975,-0.5340402722358704,-0.19800102710723877,0.0
-0.5386511087417603,0.01429101824760437,0.06986907124519348,-0.3229191303253174,-0.07607100903987885,-0.39817944169044495,-0.5182082653045654,-0.22500157356262207,1.0
-0.6499706506729126,0.3389241397380829,-0.4645593762397766,-0.06509602069854736,-0.03720097243785858,-0.10672179609537125,-0.4731934070587158,-0.1415114551782608,0.0
-0.5775067806243896,0.42184609174728394,-0.38669925928115845,-0.07338874042034149,-0.05261778086423874,-0.09233266860246658,-0.34323492646217346,-0.1794685423374176,0.0
-0.15894179046154022,0.7518051862716675,-0.23574867844581604,-0.07480669766664505,-0.10971628129482269,-0.08032500743865967,-0.5212520360946655,-0.1375419944524765,1.0
-0.8928666114807129,-0.07803523540496826,-0.16191445291042328,-0.13899070024490356,0.12629926204681396,-0.14019504189491272,-0.2839004397392273,-0.1781769096851349,0.0
-0.6229060888290405,0.3747671842575073,-0.13391271233558655,-0.04090749844908714,-0.05865956097841263,-0.13871008157730103,-0.4566410183906555,0.00111408531665802,1.0
-0.648038387298584,0.40646326541900635,-0.2984965145587921,0.02508864551782608,-0.003100721165537834,-0.07594584673643112,-0.5070914030075073,-0.13504591584205627,0.0
-0.0989551842212677,0.5742833614349365,-0.5474169254302979,-0.04236942529678345,0.13937397301197052,0.01533082127571106,-0.4696491062641144,-0.20457127690315247,1.0
-0.7390026450157166,0.38243424892425537,-0.36593419313430786,-0.06664159893989563,-0.07798174768686295,-0.14367589354515076,-0.17498084902763367,-0.09076951444149017,1.0
-0.712780237197876,-0.05066153407096863,-0.23581098020076752,-0.15339069068431854,0.1889072209596634,-0.028996318578720093,-0.49645116925239563,-0.23506543040275574,0.0
-0.07527270913124084,0.26593855023384094,-0.4876291751861572,0.10059931874275208,-0.05959860980510712,-0.1209275871515274,-0.5607514381408691,0.04395872354507446,0.0
-0.7415212988853455,0.18907469511032104,-0.36845898628234863,0.06932301819324493,-0.00954360794275999,-0.030086398124694824,-0.3113603889942169,-0.2153320014476776,1.0
-0.4660600423812866,0.4862421751022339,-0.2794152796268463,-0.0037668347358703613,-0.0926794782280922,-0.21680417656898499,-0.3819463849067688,-0.12501654028892517,1.0
-0.3794974684715271,0.5686958432197571,-0.39302486181259155,0.018649645149707794,0.10841333866119385,0.004988044500350952,-0.3931858241558075,-0.07353217899799347,0.0
-0.7419908046722412,0.10079754889011383,-0.2090471088886261,-0.046409156173467636,0.17303486168384552,-0.0032410621643066406,-0.5102458596229553,-0.06497054547071457,0.0
-0.7813959717750549,0.27028390765190125,-0.2658848464488983,0.019889138638973236,-0.01596546173095703,-0.15104970335960388,-0.16221261024475098,-0.23372748494148254,1.0
-0.43042609095573425,0.5367273092269897,-0.45872700214385986,-0.07030162960290909,-0.07365443557500839,-0.126399427652359,-0.4829357862472534,-0.14384953677654266,1.0
-0.6694306135177612,0.34761476516723633,-0.4060037136077881,-0.053548552095890045,0.02295248955488205,-0.027756057679653168,-0.3293493986129761,-0.14018264412879944,1.0
-0.904420018196106,0.07780387997627258,-0.021095827221870422,-0.08983530849218369,0.10139825940132141,-0.15543760359287262,-0.17803800106048584,-0.17611628770828247,0.0
-0.4591929614543915,0.16320937871932983,0.17171919345855713,-0.24277111887931824,0.010285219177603722,-0.17740853130817413,-0.734378457069397,-0.2060808539390564,1.0
-0.4491272568702698,0.3833177983760834,0.028870463371276855,-0.2826135754585266,0.2774662673473358,-0.13066653907299042,-0.48237162828445435,0.11972352862358093,0.0
-0.5229429602622986,0.0949535220861435,-0.02934183180332184,-0.07177407294511795,0.1919589340686798,-0.0526682510972023,-0.8153243064880371,-0.11803219467401505,1.0
-0.5593737363815308,0.32937008142471313,-0.5635888576507568,-0.020028576254844666,-0.06742414087057114,-0.01292109489440918,-0.441923052072525,-0.21649155020713806,1.0
-0.5469047427177429,0.2764873802661896,-0.15850211679935455,-0.09188281744718552,0.07350712269544601,-0.10065516829490662,-0.5957329273223877,-0.17653080821037292,0.0
-0.13189758360385895,0.4782431423664093,-0.4450080394744873,0.06795646250247955,0.028989259153604507,-0.4011259377002716,-0.5988530516624451,-0.0980389267206192,1.0
-0.8361353278160095,-0.003223806619644165,-0.10497693717479706,-0.06968794763088226,0.1790013611316681,-0.06200680881738663,-0.45272597670555115,-0.07959683239459991,1.0
-0.019554227590560913,0.8482307195663452,-0.08967658877372742,0.059335097670555115,-0.038131214678287506,-0.013353921473026276,-0.42188596725463867,-0.12329743802547455,1.0
-0.852451741695404,-0.03316625952720642,-0.20351754128932953,-0.023841679096221924,0.2870982587337494,0.0624515563249588,-0.45202308893203735,-0.12485627830028534,1.0
-0.12667061388492584,0.4663441479206085,-0.22786708176136017,-0.05048716440796852,-0.2815209925174713,-0.1654488891363144,-0.6274077892303467,-0.29112979769706726,1.0
-0.644305944442749,0.049095481634140015,-0.17984646558761597,-0.19688552618026733,0.28611868619918823,0.07603900134563446,-0.6341910362243652,-0.10316586494445801,0.0
-0.8179381489753723,0.0763186663389206,-0.31103307008743286,0.011152155697345734,0.029819659888744354,-0.14195820689201355,-0.317696213722229,-0.13997769355773926,1.0
-0.973996639251709,0.08939354121685028,-0.33573290705680847,0.04189494252204895,-0.04115510359406471,-0.14694955945014954,0.08303189277648926,-0.32020747661590576,0.0
-0.3258671462535858,0.5666513442993164,-0.29747092723846436,-0.18075543642044067,0.03703233227133751,-0.028861679136753082,-0.5750802755355835,-0.0036496222019195557,1.0
-0.6333777904510498,0.209570050239563,-0.09606635570526123,-0.06975162029266357,-0.07829990983009338,-0.147915780544281,-0.43631964921951294,-0.1932029128074646,0.0
-0.2281329482793808,0.407207190990448,-0.0697232186794281,-0.30604684352874756,0.10505932569503784,-0.0751253217458725,-0.6742015480995178,-0.06551910936832428,0.0
-0.6713097095489502,0.2490508258342743,-0.4728342294692993,-0.03894805908203125,0.05692493915557861,-0.1404496282339096,-0.3810794949531555,-0.18800975382328033,1.0
-0.6859849691390991,0.40891405940055847,-0.2963748872280121,0.03944487124681473,-0.16455277800559998,-0.19564178586006165,-0.14772173762321472,-0.2602870762348175,0.0
-0.01826360821723938,0.7077683806419373,-0.1978769153356552,0.015103831887245178,-0.07924904674291611,-0.18981489539146423,-0.512459933757782,-0.3015936017036438,1.0
-0.8384002447128296,0.013245552778244019,-0.2203044891357422,0.02994324266910553,0.2608470022678375,-0.023939281702041626,-0.4020450711250305,-0.212103933095932,1.0
-0.3397243022918701,0.19459573924541473,-0.03501448035240173,-0.3374742567539215,-0.13130775094032288,-0.2219991236925125,-0.6712508797645569,-0.19340622425079346,0.0
-0.6728460788726807,-0.026576608419418335,0.10092562437057495,-0.09717240184545517,0.06282675266265869,-0.17273713648319244,-0.5447901487350464,-0.20854726433753967,0.0
-0.2000742256641388,0.4303634464740753,-0.3508937358856201,0.0014525800943374634,-0.08046812564134598,-0.08180457353591919,-0.797684907913208,-0.06427239626646042,1.0
-0.7328777313232422,0.16436603665351868,-0.16920313239097595,-0.13987290859222412,0.15571732819080353,-0.029999881982803345,-0.4494793117046356,-0.17759574949741364,1.0
-0.7000568509101868,0.2233123779296875,-0.332638680934906,-0.08684335649013519,-0.24085380136966705,-0.37228989601135254,-0.3041687607765198,-0.05811413377523422,1.0
-0.4113612174987793,0.2898285686969757,0.039425045251846313,-0.4539874196052551,-0.2978549599647522,-0.10682635754346848,-0.2666473388671875,-0.11955055594444275,0.0
0.022305995225906372,0.17770317196846008,-0.2884790897369385,0.13054288923740387,0.6815889477729797,-0.4393068552017212,-0.2964158356189728,-0.16671253740787506,0.0
-0.26388466358184814,0.5749545693397522,-0.20531576871871948,-0.23981498181819916,-0.18475516140460968,-0.24504077434539795,-0.46599429845809937,-0.31219935417175293,1.0
-0.2436642348766327,0.5114248394966125,-0.18936669826507568,-0.055333610624074936,-0.12127357721328735,-0.21134763956069946,-0.6193111538887024,-0.23728662729263306,1.0
-0.4507196843624115,0.4996826648712158,-0.34461280703544617,-0.1556335687637329,-0.19971108436584473,-0.21507376432418823,-0.47016316652297974,-0.14652423560619354,1.0
0.10724875330924988,0.1677468717098236,-0.8283790946006775,-0.10818371176719666,-0.1148306354880333,0.21140745282173157,-0.7542130947113037,-0.3036349415779114,0.0
-0.26002150774002075,0.365346759557724,-0.31706732511520386,-0.039600007236003876,-0.298479825258255,-0.21293318271636963,-0.5904684662818909,-0.1660773903131485,1.0
-0.7053762674331665,-0.0036981701850891113,-0.11547303199768066,-0.03981870040297508,0.25962018966674805,0.08473615348339081,-0.5505514144897461,-0.27316176891326904,1.0
-0.27930209040641785,0.6028612852096558,-0.2336580604314804,0.0013791471719741821,-0.10902033001184464,-0.21437638998031616,-0.45133811235427856,-0.21539106965065002,1.0
-0.6318424940109253,0.4714217782020569,-0.3977857530117035,-0.05941688269376755,-0.07991471886634827,-0.09346403181552887,-0.2575927972793579,-0.1082657128572464,1.0
-0.35180795192718506,0.5830504894256592,-0.22818168997764587,0.004292041063308716,-0.16810865700244904,-0.21770638227462769,-0.4050554633140564,-0.24454250931739807,1.0
0.06732842326164246,0.2385738641023636,-0.35025548934936523,0.23587462306022644,0.5545639395713806,-0.2858858108520508,-0.13636675477027893,-0.13932214677333832,0.0
-0.5223517417907715,0.2921605408191681,-0.2620362937450409,-0.038705553859472275,-0.08863788843154907,-0.10219614952802658,-0.4365667700767517,-0.17334532737731934,0.0
0.18735790252685547,0.3137890696525574,-0.47418296337127686,0.22867777943611145,0.4477720260620117,-0.5668308734893799,-0.21472333371639252,0.009636998176574707,0.0
-0.57300865650177,0.4509207010269165,-0.3818024694919586,-0.0653597041964531,-0.11052194237709045,-0.18157869577407837,-0.39657625555992126,-0.11134566366672516,1.0
-0.04062449932098389,0.5851588249206543,-0.5706043243408203,-0.12364651262760162,0.12664949893951416,-0.13370704650878906,-0.45714640617370605,-0.2312261462211609,1.0
-0.1370416283607483,0.13966800272464752,-0.2572660446166992,-0.2581896483898163,-0.044582679867744446,-0.13433797657489777,-0.7579903602600098,-0.029269203543663025,0.0
-0.06733962893486023,0.15943792462348938,0.006637841463088989,-0.11813861131668091,-0.1615389883518219,-0.2282462865114212,-0.8154410123825073,-0.25016355514526367,0.0
-0.4818130135536194,0.2613770365715027,0.05326485633850098,-0.15853378176689148,0.14774775505065918,-0.2315215766429901,-0.7168163657188416,-0.18990668654441833,0.0
-0.02502170205116272,0.25289079546928406,-0.5331763029098511,0.12391084432601929,-0.10436856746673584,0.14653491973876953,-0.5917409062385559,-0.14873315393924713,1.0
-0.1041153073310852,0.5802796483039856,-0.5631999969482422,-0.057924218475818634,0.12347257137298584,0.02997361123561859,-0.5260123014450073,-0.1459898054599762,1.0
-0.34527844190597534,0.6865898370742798,-0.2070232331752777,-0.07362739741802216,-0.082406185567379,0.016267210245132446,-0.28100478649139404,0.10159309208393097,0.0
-0.9228904843330383,0.0007027685642242432,-0.05587388575077057,-0.02566777542233467,0.18162640929222107,-0.0674956664443016,-0.21990269422531128,-0.26220637559890747,1.0
-0.30001193284988403,0.09451434016227722,-0.41642528772354126,0.13052336871623993,0.00919368490576744,0.0746791660785675,-0.5260106921195984,-0.10748498141765594,0.0
-0.8045973181724548,0.06490886211395264,0.08501726388931274,-0.25326472520828247,0.10271617025136948,-0.2736981213092804,-0.28073978424072266,-0.16601935029029846,0.0
-0.25753554701805115,0.26980435848236084,-0.15966543555259705,-0.2743358314037323,-0.05436205118894577,-0.22346870601177216,-0.7402948141098022,-0.22191865742206573,0.0
-0.7786175012588501,0.14177992939949036,-0.15470120310783386,-0.012310042977333069,0.015529785305261612,-0.08364534378051758,-0.35965508222579956,-0.21469545364379883,0.0
-0.6800748109817505,0.30672210454940796,-0.2572210133075714,-0.17523179948329926,-0.12833210825920105,-0.25844907760620117,-0.23913587629795074,-0.17180244624614716,1.0
-0.6662898659706116,0.30905792117118835,-0.22373788058757782,-0.2315225899219513,0.01094431709498167,-0.15718376636505127,-0.1830647587776184,-0.23144924640655518,1.0
0.10280677676200867,0.53463214635849,-0.6166956424713135,-0.16912615299224854,0.1719878762960434,-0.2903164029121399,-0.4797554314136505,-0.19410067796707153,1.0
-0.4637414813041687,0.25287896394729614,-0.08692903816699982,-0.20857518911361694,0.16640785336494446,-0.01020917296409607,-0.4103693664073944,-0.35905569791793823,0.0
-0.7028905153274536,0.07605546712875366,-0.22304272651672363,-0.12765775620937347,0.3539111614227295,0.030529364943504333,-0.5844871997833252,-0.17313003540039062,1.0
-0.5093176364898682,0.18888723850250244,-0.6587552428245544,0.02168605476617813,0.08325321972370148,0.016930758953094482,-0.4615626335144043,-0.19747771322727203,1.0
-0.4210059642791748,0.3945918381214142,-0.3600037693977356,-0.1499030888080597,-0.14066553115844727,0.06848356127738953,-0.4933444559574127,-0.09252603352069855,1.0
-0.20143379271030426,0.5312619209289551,-0.03841489553451538,-0.27828043699264526,0.20536769926548004,-0.05340325087308884,-0.5281460285186768,0.11719438433647156,0.0
-0.6396379470825195,0.2261343002319336,0.025571227073669434,-0.1030280590057373,0.00592378992587328,-0.2128598392009735,-0.45255160331726074,-0.18886731564998627,1.0
-0.38644668459892273,0.5236520767211914,-0.1891038417816162,-0.0823277160525322,-0.14470532536506653,-0.23033323884010315,-0.5731167793273926,-0.0746491327881813,1.0
-0.6770633459091187,0.21948707103729248,-0.18520143628120422,-0.06902222335338593,0.1220245212316513,-0.010982662439346313,-0.5567688345909119,-0.08869056403636932,1.0
-0.8746029734611511,0.15807877480983734,-0.37818625569343567,0.05275467038154602,0.01776016503572464,-0.02565155178308487,-0.1343199908733368,-0.2600921094417572,1.0
-0.2906114459037781,0.5969617366790771,-0.34337520599365234,-0.1724793165922165,-0.11223858594894409,-0.09967121481895447,-0.5911004543304443,-0.1527852565050125,1.0
-0.17631036043167114,0.10394641757011414,-0.21849656105041504,-0.24626819789409637,-0.3441602885723114,-0.10238786041736603,-0.3843195140361786,0.0935935378074646,0.0
-0.3591262102127075,0.6845170259475708,-0.2831098437309265,-0.12564946711063385,0.004024260211735964,-0.09426242113113403,-0.32153254747390747,0.03932613134384155,0.0
-0.4941518306732178,0.48401105403900146,-0.3240728974342346,-0.15726067125797272,-0.1780455857515335,-0.18069306015968323,-0.3246054947376251,-0.22113972902297974,1.0
-0.49600228667259216,0.31049132347106934,-0.13069365918636322,-0.03139275312423706,-0.03137343376874924,-0.22478750348091125,-0.46221429109573364,-0.22778573632240295,0.0
-0.664118766784668,0.38932618498802185,-0.434841513633728,-0.10290153324604034,-0.09465727210044861,-0.13527998328208923,-0.17515915632247925,-0.2879675626754761,1.0
-0.7416123747825623,-0.04733815789222717,-0.06637987494468689,-0.12841396033763885,0.186248317360878,-0.09693121910095215,-0.4940207600593567,-0.2653777003288269,0.0
-0.05917540192604065,0.8677421808242798,-0.16514086723327637,-0.2636834383010864,-0.07780908793210983,0.02383275330066681,-0.08438420295715332,0.057743415236473083,1.0
0.299160361289978,0.8333393931388855,0.01418924331665039,0.08095724880695343,0.07075079530477524,-0.08384834229946136,-0.22211459279060364,-0.3615712821483612,0.0
-0.243136465549469,0.5239672660827637,-0.5530356168746948,-0.05651610344648361,0.14438733458518982,-0.22450506687164307,-0.5350641012191772,-0.023168958723545074,1.0
-0.03088405728340149,0.7664653062820435,-0.21114510297775269,-0.3123326301574707,-0.10677403956651688,-0.11075200140476227,-0.3702930808067322,-0.41894596815109253,1.0
-0.39050203561782837,0.5791534185409546,-0.1620674431324005,-0.03642788529396057,-0.1638990044593811,-0.2501475512981415,-0.42159339785575867,-0.12383773922920227,1.0
-0.39816221594810486,0.25380340218544006,-0.012207776308059692,-0.14331617951393127,-0.370923787355423,-0.4532416760921478,-0.505023181438446,-0.062071412801742554,0.0
-0.4620024263858795,0.4782402515411377,-0.2663741409778595,-0.005662672221660614,-0.2998120188713074,-0.08121445775032043,-0.4499470293521881,0.008270487189292908,1.0
-0.08092451095581055,0.7068333625793457,-0.20962084829807281,0.00341913104057312,-0.08737628906965256,-0.18044602870941162,-0.5304352045059204,-0.28172269463539124,1.0
0.014802008867263794,0.40332499146461487,-0.424738347530365,-0.24264328181743622,0.2264285385608673,-0.4690030813217163,-0.5257855653762817,-0.07850351184606552,0.0
-0.6677247285842896,0.3278903365135193,-0.17834359407424927,-0.07384756207466125,-0.14379927515983582,-0.3586592972278595,-0.18171870708465576,-0.2116035372018814,0.0
-0.4899539649486542,0.18237744271755219,-0.2082350105047226,-0.20417767763137817,-0.08451113849878311,-0.21052703261375427,-0.5383831262588501,-0.020170077681541443,0.0
-0.7343497276306152,0.2873225808143616,-0.4099651575088501,0.05980154871940613,0.07153624296188354,0.008330166339874268,-0.2761661410331726,-0.26258257031440735,1.0
-0.2673405706882477,0.6212582588195801,-0.32112428545951843,-0.043043602257966995,-0.0953369140625,-0.1266404092311859,-0.5561951994895935,-0.06843222677707672,1.0
0.11938586831092834,0.15749207139015198,-0.361676424741745,0.15453407168388367,-0.2369137555360794,-0.03639286756515503,-0.7082878351211548,0.07587772607803345,0.0
-0.5232832431793213,0.1610582023859024,-0.05139271914958954,-0.27059924602508545,-0.02900782786309719,-0.14529304206371307,-0.6369964480400085,-0.05855055898427963,1.0
-0.24446254968643188,-0.08473709225654602,-0.062130942940711975,-0.2540149390697479,-0.03344752639532089,-0.17570309340953827,-0.7180975079536438,0.1783674657344818,0.0
-0.44162866473197937,0.5475506782531738,-0.30997031927108765,-0.12868937849998474,-0.12079836428165436,-0.11204814165830612,-0.39735203981399536,-0.14300891757011414,1.0
-0.27577847242355347,0.6234847903251648,-0.23069173097610474,0.052620306611061096,-0.056187134236097336,-0.16013944149017334,-0.47918006777763367,-0.19781070947647095,1.0
-0.09803774952888489,0.8268328309059143,-0.20845715701580048,0.007664971053600311,0.06820643693208694,-0.06403873860836029,-0.3759065568447113,-0.12243269383907318,1.0
-0.1678599715232849,0.7101238369941711,-0.14129331707954407,0.01381973922252655,-0.05280672013759613,-0.3044554591178894,-0.4126729667186737,-0.11358346045017242,1.0
-0.30209043622016907,0.45078691840171814,-0.002551525831222534,-0.17888057231903076,0.004866717383265495,-0.19591526687145233,-0.6666616201400757,0.007570505142211914,0.0
-0.649651050567627,0.19445830583572388,-0.08366383612155914,-0.0713910162448883,0.10384421050548553,-0.07301697134971619,-0.41965940594673157,-0.15360747277736664,0.0
-0.37252670526504517,0.48475319147109985,-0.24587199091911316,-0.13844868540763855,-0.3418576419353485,0.008374616503715515,-0.45562613010406494,0.1900627613067627,1.0
-0.8654367327690125,0.20881855487823486,-0.4563971161842346,-0.057259537279605865,-0.09693297743797302,-0.21588130295276642,-0.06160584092140198,-0.24894967675209045,1.0
-0.19691939651966095,0.01933884620666504,-0.06549111008644104,-0.06939594447612762,-0.22621750831604004,-0.26082873344421387,-0.7234655618667603,-0.0289468914270401,0.0
-0.7097135186195374,0.3431248664855957,-0.3355570435523987,0.00441548228263855,-0.06017356365919113,-0.10243520140647888,-0.28418898582458496,-0.17785251140594482,1.0
-0.06239798665046692,0.8258886337280273,-0.2832513749599457,-0.19368401169776917,-0.02030387707054615,-0.11527945846319199,-0.43114298582077026,-0.10867425799369812,1.0
-0.5933045148849487,0.4150279760360718,-0.38394492864608765,-0.12951090931892395,-0.15388275682926178,-0.17470481991767883,-0.25973790884017944,-0.3166908323764801,0.0
0.024969875812530518,0.3636362552642822,-0.2913997769355774,0.05966624617576599,0.16969181597232819,-0.4353327453136444,-0.42085492610931396,0.07732272148132324,0.0
0.09179005026817322,0.17200346291065216,-0.314786821603775,-0.011737674474716187,0.6810651421546936,-0.6760213375091553,-0.34919899702072144,0.20209458470344543,0.0
-0.13002252578735352,0.3197532296180725,0.3000744581222534,-0.07576766610145569,-0.16418322920799255,-0.0824618935585022,-0.6922097206115723,-0.2820385992527008,1.0
-0.5245544910430908,0.20749978721141815,-0.19744600355625153,-0.07423599809408188,-0.23600126802921295,-0.2680855989456177,-0.500745415687561,-0.04365070164203644,0.0
0.4219309091567993,-0.15301024913787842,0.09792876243591309,0.4223105311393738,-0.20701801776885986,0.03152455389499664,-0.6307497620582581,-0.244736909866333,0.0
-0.13618852198123932,0.14871296286582947,0.1614546775817871,-0.1667197197675705,-0.15872715413570404,-0.047971904277801514,-0.7807852029800415,-0.2891266345977783,1.0
-0.1322215050458908,-0.10550236701965332,-0.7889265418052673,-0.022109251469373703,0.06078415364027023,0.007198259234428406,-0.6116853952407837,0.17216375470161438,0.0
-0.800483763217926,0.2609507143497467,-0.3528658151626587,0.04369306564331055,-0.1678043007850647,-0.2144334763288498,-0.12117111682891846,-0.21779316663742065,1.0
-0.5440965294837952,0.05374997854232788,0.04649090766906738,-0.16965995728969574,0.027645111083984375,-0.17828097939491272,-0.671054482460022,-0.12223021686077118,0.0
-0.6009789705276489,0.38580381870269775,-0.4508655369281769,-0.053077295422554016,0.07956302911043167,0.049324244260787964,-0.4014424681663513,-0.1930551528930664,0.0
-0.537994384765625,0.3767565190792084,-0.4973077178001404,-0.020390115678310394,-0.047712717205286026,-0.25189024209976196,-0.4681270718574524,-0.13417617976665497,1.0
-0.7662334442138672,0.08473275601863861,-0.2067660689353943,-0.13453160226345062,-0.07360831648111343,-0.21808314323425293,-0.3248762786388397,-0.09286203235387802,1.0
-0.03163054585456848,0.4060881733894348,-0.6421990990638733,-0.10106450319290161,0.17305593192577362,-0.16057130694389343,-0.4433877468109131,-0.045757487416267395,0.0
-0.45161232352256775,0.2544313967227936,0.14915582537651062,-0.16063886880874634,0.16065780818462372,-0.18977928161621094,-0.676506519317627,-0.22134560346603394,0.0
0.20081555843353271,-0.2131657600402832,-0.509618878364563,-0.6106827855110168,0.15590134263038635,0.1479855179786682,-0.3435073792934418,-0.5882133841514587,0.0
-0.12246492505073547,0.7383962869644165,-0.15073633193969727,-0.03338859975337982,-0.13360539078712463,-0.037166401743888855,-0.5574340224266052,-0.0888478234410286,1.0
-0.7702591419219971,0.15619155764579773,-0.2953034043312073,0.022537797689437866,0.10319773852825165,-0.12591372430324554,-0.3924681544303894,-0.18081003427505493,1.0
-0.8335214853286743,0.06527602672576904,-0.3466847538948059,-0.09353715181350708,0.19331134855747223,-0.04802402853965759,-0.3404372036457062,-0.21212705969810486,1.0
-0.38471201062202454,0.5331151485443115,-0.4370312988758087,-0.1491820514202118,-0.14191274344921112,-0.10268554836511612,-0.4970107972621918,-0.2605942487716675,1.0
-0.39734721183776855,0.5346697568893433,-0.14906474947929382,-0.09880721569061279,-0.24764640629291534,-0.344136118888855,-0.38706570863723755,-0.23663237690925598,1.0
0.01786261796951294,0.4210049510002136,-0.6320914030075073,-0.0751921683549881,0.1585564911365509,-0.3905947506427765,-0.6404668688774109,-0.13478122651576996,1.0
-0.2777053117752075,0.7332000732421875,-0.2645833194255829,-0.22053274512290955,0.11965224146842957,-0.047055333852767944,-0.05641481280326843,0.16759395599365234,0.0
-0.6003706455230713,0.3681914806365967,-0.3257288932800293,-0.12285681068897247,-0.07319819182157516,-0.16905388236045837,-0.3554455637931824,-0.16814468801021576,0.0
-0.42796894907951355,0.30138126015663147,-0.3733712434768677,-0.14124564826488495,0.08679001778364182,-0.049613334238529205,-0.7340075373649597,-0.162602961063385,0.0
-0.9185344576835632,-0.08505323529243469,-0.2962720990180969,-0.09224651008844376,0.2885249853134155,0.06324447691440582,-0.3597877025604248,-0.297540545463562,0.0
-0.02000880241394043,0.27877140045166016,0.020891398191452026,-0.41892385482788086,-0.22917020320892334,0.45153719186782837,-0.4732716977596283,-0.25506100058555603,0.0
-0.5022459626197815,0.2688484191894531,0.001927882432937622,-0.18912984430789948,0.007116963155567646,-0.3026215434074402,-0.5913447141647339,-0.1795559674501419,0.0
-0.08955392241477966,0.6889221668243408,-0.2554696500301361,0.013730324804782867,0.007916255854070187,-0.15836836397647858,-0.3607058525085449,0.07694849371910095,0.0
-0.5265008211135864,0.10093013942241669,0.031338781118392944,-0.2771599292755127,0.05365920066833496,-0.11413685977458954,-0.6749273538589478,-0.1428094208240509,0.0
0.06610903143882751,0.5296125411987305,-0.08745203912258148,-0.4527446925640106,0.4477560520172119,0.447163462638855,-0.2637716829776764,0.15582087635993958,0.0
-0.49696600437164307,0.45924538373947144,-0.39121854305267334,-0.007976330816745758,-0.03064560331404209,-0.10281841456890106,-0.5058624744415283,-0.180011585354805,0.0
-0.061085790395736694,0.3994932174682617,-0.392619252204895,0.2154196798801422,0.22060170769691467,-0.3175983428955078,-0.6545688509941101,-0.12869301438331604,0.0
-0.3731859028339386,0.6505743265151978,-0.3859333097934723,-0.10079807043075562,0.07996222376823425,-0.0485893189907074,-0.33235153555870056,0.02562081813812256,1.0
-0.5971556901931763,0.07121658325195312,0.03996044397354126,-0.22414536774158478,0.11066413670778275,-0.28357017040252686,-0.6881551742553711,-0.0644981637597084,0.0
-0.45754605531692505,0.2363092005252838,-0.15746131539344788,-0.26079896092414856,-0.12654787302017212,-0.14283230900764465,-0.5188309550285339,-0.2781870365142822,0.0
-0.5901492238044739,0.35769733786582947,-0.19600701332092285,-0.12782277166843414,-0.0029195400420576334,-0.15537461638450623,-0.27746015787124634,-0.195072203874588,0.0
-0.14579176902770996,-0.365689754486084,-0.44667693972587585,-0.18871590495109558,-0.5311343669891357,-0.30572858452796936,-0.1137683093547821,0.5965272188186646,0.0
0.3336365222930908,-0.41533786058425903,-0.11254505813121796,0.1938016712665558,0.04722621664404869,-0.3734814524650574,-0.626350462436676,0.07676567137241364,0.0
-0.1398959755897522,0.6131266355514526,-0.21449807286262512,0.03445648401975632,-0.06564181298017502,-0.08176843822002411,-0.6378277540206909,-0.2664494514465332,0.0
-0.136048823595047,0.9303838014602661,-0.28062739968299866,-0.1682996153831482,0.14101062715053558,0.08507327735424042,-0.1839202344417572,0.36669427156448364,1.0
0.08418989181518555,0.3688949942588806,0.5813765525817871,0.03741699457168579,-1.0,1.0,0.45849162340164185,0.808666467666626,0.0
-0.7350990772247314,0.03500518202781677,-0.08913175761699677,-0.18461483716964722,0.04806846007704735,-0.22627896070480347,-0.4813385605812073,-0.1591314673423767,0.0
-0.1086241602897644,0.5034497380256653,-0.44211244583129883,0.0737503170967102,0.12364462018013,-0.22054290771484375,-0.6320558190345764,-0.11886855959892273,1.0
-0.48766326904296875,0.5213721394538879,-0.24314984679222107,-0.17196166515350342,-0.22534677386283875,-0.20763292908668518,-0.3899337351322174,-0.1097545325756073,1.0
-0.46498921513557434,0.33894839882850647,0.016988277435302734,-0.32473284006118774,-0.01818697154521942,-0.25330838561058044,-0.4603356122970581,-0.18851640820503235,1.0
-0.23738685250282288,0.6172916293144226,-0.12979717552661896,-0.06314674019813538,-0.2659578025341034,-0.2918006181716919,-0.5247215032577515,-0.16245125234127045,1.0
-0.6222847700119019,0.43756014108657837,-0.3207785189151764,-0.10331433266401291,-0.09774399548768997,-0.14765866100788116,-0.35600757598876953,-0.08239266276359558,1.0
-0.17434464395046234,0.47349411249160767,-0.4664607048034668,0.07997187972068787,0.0917515754699707,-0.2226521372795105,-0.549233615398407,0.03504432737827301,1.0
-0.19814921915531158,0.593538761138916,-0.22783932089805603,-0.2887752056121826,-0.1550920158624649,-0.1397293210029602,-0.3033292889595032,-0.3867415189743042,1.0
-0.36578458547592163,0.48021984100341797,-0.16688400506973267,-0.08576511591672897,0.008806542493402958,-0.1638788878917694,-0.5873087048530579,-0.054670363664627075,0.0
-0.26003432273864746,0.6649620532989502,-0.35544583201408386,0.026452526450157166,0.027675649151206017,0.03931966423988342,-0.34999918937683105,0.021951839327812195,1.0
-0.03478100895881653,0.47118088603019714,0.06044384837150574,-0.32120510935783386,-0.3191077709197998,0.30349722504615784,-0.3519028425216675,0.054130956530570984,0.0
0.5736595988273621,-0.5806993842124939,0.14862856268882751,0.4821382761001587,-0.35453668236732483,-0.6033692359924316,0.1326228380203247,-0.09911759942770004,0.0
0.0447351336479187,0.08847637474536896,-0.5988239049911499,-0.2789744734764099,-0.11380376666784286,-0.12371213734149933,-0.6262378692626953,-0.04975350201129913,0.0
-0.5230280160903931,0.19072739779949188,-0.2349875569343567,-0.18177834153175354,-0.0016650264151394367,-0.3103267550468445,-0.47633248567581177,-0.19820912182331085,0.0
-0.43063321709632874,0.3797563314437866,-0.1339690387248993,-0.06010320037603378,0.04946162924170494,-0.08508527278900146,-0.5782832503318787,-0.24964232742786407,1.0
-0.5167564153671265,0.251728355884552,-0.10019455850124359,-0.20101508498191833,-0.18789485096931458,-0.2823225259780884,-0.5540071725845337,-0.06866078078746796,1.0
0.06078800559043884,0.6458104848861694,-0.4341261386871338,0.04892449080944061,0.10986371338367462,-0.028813078999519348,-0.49398040771484375,-0.21437913179397583,1.0
-0.2629799544811249,0.5776218175888062,0.004810720682144165,-0.13736940920352936,0.2384759932756424,-0.0802721381187439,-0.5731312036514282,0.032789766788482666,0.0
-0.4906010031700134,0.11736416816711426,-0.5022205114364624,0.01111595332622528,0.26085102558135986,-0.28246837854385376,-0.27343741059303284,0.1576518714427948,0.0
-0.8381282091140747,0.18511269986629486,-0.4731398820877075,0.13128091394901276,0.050945937633514404,-0.06953850388526917,-0.1952233463525772,-0.23436564207077026,1.0
-0.33982256054878235,0.43289875984191895,0.15111494064331055,-0.36492595076560974,0.038634564727544785,-0.20545516908168793,-0.2865862548351288,0.04191094636917114,0.0
-0.5678726434707642,0.45653659105300903,-0.3182442784309387,0.007491707801818848,-0.11086662858724594,-0.1524730920791626,-0.31748610734939575,-0.22539718449115753,1.0
-0.028347015380859375,0.34040170907974243,-0.6860194206237793,-0.33285608887672424,0.13498006761074066,-0.11616582423448563,-0.27165141701698303,-0.5137578248977661,0.0
-0.030135005712509155,0.03309786319732666,-0.18389737606048584,-0.32331573963165283,0.03164149820804596,-0.029211990535259247,-0.9426103234291077,-0.14228256046772003,0.0
-0.7932348251342773,0.1856728196144104,-0.1516580730676651,-0.025928061455488205,-0.03821336477994919,-0.15437181293964386,-0.18341809511184692,-0.28008198738098145,0.0
0.018534213304519653,0.6459075212478638,-0.4291709065437317,0.1286788433790207,0.1921515017747879,0.042242929339408875,-0.49332690238952637,-0.19698114693164825,1.0
-0.21144121885299683,0.3476848304271698,-0.31414318084716797,0.022068843245506287,-0.28417155146598816,-0.16888348758220673,-0.6308699250221252,-0.1429491490125656,1.0
-0.1661030501127243,0.474723756313324,0.03878515958786011,-0.4073043465614319,0.07746459543704987,-0.44836413860321045,-0.2875564694404602,-0.17057955265045166,0.0
-0.5091614723205566,0.279192179441452,-0.15958398580551147,-0.08983749896287918,0.16821874678134918,-0.09508001059293747,-0.6063356399536133,-0.1347859799861908,0.0
-0.4532584547996521,0.131435364484787,-0.09721149504184723,-0.06073036417365074,0.12380558252334595,-0.017277054488658905,-0.8012005090713501,-0.21762937307357788,0.0
-0.5591081976890564,0.3354862928390503,-0.2354254573583603,-0.2220260202884674,-0.016399437561631203,-0.16309106349945068,-0.4162966012954712,-0.237136110663414,1.0
0.10679000616073608,0.6405394077301025,-0.525852382183075,-0.17879503965377808,0.10211285948753357,-0.06291322410106659,-0.43339431285858154,-0.35259974002838135,1.0
-0.803491473197937,0.281006783246994,-0.26715055108070374,-0.10952422767877579,-0.09141836315393448,-0.20083403587341309,-0.03715959191322327,-0.22764068841934204,1.0
-0.18130148947238922,0.7544808983802795,-0.2739621102809906,-0.18719527125358582,-0.12658977508544922,-0.12044008821249008,-0.4218448996543884,-0.1734175682067871,1.0
-0.49333760142326355,0.5654878616333008,-0.32016268372535706,0.02723085880279541,-0.09752728044986725,-0.16274553537368774,-0.37234950065612793,-0.0360904261469841,0.0
-0.21500922739505768,0.47398248314857483,-0.22056494653224945,-0.29250892996788025,-0.34556782245635986,0.028655007481575012,-0.2936900854110718,0.03301621973514557,0.0
-0.7526671886444092,0.24917186796665192,-0.7023980617523193,0.11886034905910492,0.29170382022857666,0.22252905368804932,-0.21278415620326996,-0.1558459997177124,1.0
0.12336957454681396,0.605657160282135,0.44287335872650146,0.10899403691291809,0.3020045757293701,-0.15270234644412994,0.03747081756591797,-0.30876898765563965,0.0
-0.6512287855148315,0.20710569620132446,-0.2928926646709442,-0.09045995026826859,0.10971397906541824,-0.049592651426792145,-0.5144391655921936,-0.2070680558681488,1.0
-0.6081482172012329,0.2583520710468292,-0.25549936294555664,-0.1315840482711792,0.14738640189170837,-0.040146246552467346,-0.4985986053943634,-0.18211181461811066,0.0
0.14589667320251465,0.6220120191574097,-0.49975407123565674,-0.21669155359268188,0.07722758501768112,-0.3125842809677124,-0.4345303177833557,-0.39937344193458557,1.0
-0.34410104155540466,0.497858464717865,-0.1094445288181305,-0.055090829730033875,-0.12603327631950378,-0.2625042796134949,-0.4508495628833771,-0.1511373519897461,1.0
-0.23407641053199768,0.19683466851711273,-0.6399708390235901,-0.08126633614301682,-0.16931121051311493,-0.12192526459693909,-0.5553926229476929,0.06334799528121948,1.0
-0.3530961275100708,0.5231987237930298,-0.25419244170188904,-0.07190771400928497,-0.0708887130022049,-0.17566099762916565,-0.47790729999542236,-0.05164206773042679,1.0
-0.15988563001155853,0.3784869909286499,-0.49167847633361816,0.17458006739616394,-0.07079921662807465,0.2771596312522888,-0.5426746606826782,-0.13952575623989105,1.0
-0.562873363494873,0.2359389364719391,-0.14300400018692017,-0.07212696224451065,0.04916328564286232,-0.17386740446090698,-0.5823405385017395,-0.18815958499908447,1.0
0.3579826354980469,0.6754448413848877,-0.2592451274394989,0.004837818443775177,0.12472368776798248,-0.15580087900161743,-0.3043569028377533,-0.5923235416412354,1.0
-0.3579149544239044,0.2729378044605255,-0.03205583989620209,-0.09877057373523712,0.3179914653301239,0.008491724729537964,-0.896700382232666,-0.11930336058139801,0.0
-0.5133005380630493,0.39957040548324585,-0.1695597618818283,-0.20675253868103027,-0.08264458179473877,-0.15967829525470734,-0.474773645401001,-0.1859344094991684,1.0
0.11028727889060974,-0.3399766683578491,-0.6637071371078491,-0.3797776997089386,0.19072915613651276,0.046241194009780884,-0.353335440158844,-0.12165489792823792,0.0
0.2523585557937622,0.0863613486289978,-0.5784522294998169,-0.1172935962677002,-0.1972978562116623,0.16059306263923645,-0.20534832775592804,-0.36343914270401,0.0
-0.6330706477165222,0.37043145298957825,-0.31972581148147583,0.015993252396583557,-0.056869231164455414,-0.0747913122177124,-0.3773443102836609,-0.1554650217294693,1.0
-0.4825207591056824,0.3519923686981201,-0.31964901089668274,-0.00036966055631637573,-0.2091360241174698,-0.1992020606994629,-0.46356016397476196,-0.24588482081890106,1.0
-0.26565712690353394,0.2437317967414856,0.017121165990829468,-0.3488256633281708,0.15361325442790985,-0.07291056960821152,-0.7600541114807129,-0.31445831060409546,0.0
-0.24872443079948425,0.45608121156692505,-0.4085094630718231,0.05883912742137909,0.14142394065856934,-0.19765327870845795,-0.5463613271713257,-0.19887879490852356,0.0
-0.47542938590049744,0.4348193109035492,-0.07000359892845154,-0.30918362736701965,-0.2859691381454468,-0.3548377454280853,-0.3505297899246216,-0.21009986102581024,1.0
-0.4070281982421875,0.29284581542015076,-0.11048802733421326,-0.28307050466537476,0.25318101048469543,0.015491068363189697,-0.6930144429206848,-0.24083329737186432,0.0
-0.5144001841545105,0.3638521730899811,-0.5114866495132446,-0.04504251480102539,-0.1613534390926361,-0.07263411581516266,-0.4772453308105469,-0.17282842099666595,1.0
-0.20562733709812164,0.3736491799354553,-0.1572781354188919,-0.08333723992109299,-0.10613458603620529,-0.19118520617485046,-0.7835965156555176,-0.26502835750579834,0.0
-0.4258520007133484,0.1825629323720932,-0.07676984369754791,-0.06409498304128647,-0.14891096949577332,-0.16976715624332428,-0.6622357368469238,-0.08441106230020523,0.0
-0.35658740997314453,0.38558006286621094,-0.572753369808197,-0.06904104351997375,0.12125749886035919,-0.41985782980918884,-0.49783340096473694,-0.031345658004283905,1.0
0.007892131805419922,0.275019109249115,-0.3015114367008209,-0.25861960649490356,0.4200237989425659,-0.3951569199562073,-0.6874837875366211,-0.1423059105873108,0.0
-0.5878626704216003,0.06736394762992859,0.04352518916130066,-0.11959382146596909,-0.059538546949625015,-0.2966267764568329,-0.5378754138946533,-0.23936384916305542,1.0
-0.09769594669342041,0.05038347840309143,-0.34716013073921204,-0.34096184372901917,-0.1161675751209259,0.03302690386772156,-0.6099836826324463,-0.280720591545105,0.0
-0.5634335875511169,0.024687618017196655,-0.0631542056798935,-0.24587373435497284,0.0008216206915676594,-0.2350565791130066,-0.5253134965896606,-0.296592116355896,0.0
0.18666553497314453,0.5738231539726257,0.09855252504348755,-0.41626957058906555,0.5715882182121277,0.458187997341156,0.17324495315551758,-0.049488723278045654,0.0
-0.8616095185279846,0.07312572002410889,-0.24739061295986176,0.03385496884584427,0.12299133837223053,-0.12009924650192261,-0.26861971616744995,-0.21836444735527039,1.0
-0.31255877017974854,0.4390958547592163,-0.5983691215515137,-0.027091149240732193,0.1375894546508789,-0.11697109043598175,-0.5107964873313904,-0.16614557802677155,0.0
-0.22841574251651764,0.42171168327331543,-0.3412749171257019,0.13952131569385529,0.20051586627960205,-0.10536281764507294,-0.5272653102874756,-0.22805379331111908,0.0
-0.7330648899078369,0.16808509826660156,-0.11363191902637482,-0.10107173025608063,-0.008428286761045456,-0.265627384185791,-0.2963382303714752,-0.2777515649795532,0.0
-0.14093802869319916,0.6262190341949463,-0.6423842906951904,-0.08870222419500351,0.24408330023288727,-0.01528504490852356,-0.4335644245147705,-0.08373313397169113,1.0
-0.613052248954773,0.2017841637134552,-0.19700832664966583,-0.15586397051811218,0.2684133052825928,0.0015644580125808716,-0.4845312237739563,-0.22505058348178864,0.0
-0.2821778655052185,0.43309882283210754,-0.2908991277217865,0.03345395624637604,0.10288998484611511,-0.1429687738418579,-0.6148645281791687,-0.18825623393058777,0.0
-0.8838890790939331,0.23374897241592407,-0.3210020363330841,-0.06146471947431564,-0.03391537070274353,-0.1419132798910141,-0.0988166332244873,-0.13204704225063324,1.0
-0.4496940076351166,0.11585436761379242,-0.11872009932994843,-0.08159411698579788,0.09042178094387054,-0.07087923586368561,-0.7698320150375366,-0.1811128407716751,0.0
-0.023074209690093994,0.8240864276885986,-0.052355676889419556,-0.008545242249965668,-0.027358397841453552,-0.23920713365077972,-0.2731635570526123,-0.12343523651361465,1.0
-0.35565292835235596,0.34831514954566956,0.0434439480304718,-0.1937120258808136,0.08757749944925308,-0.2061156928539276,-0.6650016903877258,-0.010655239224433899,0.0
-0.31457626819610596,0.4277181625366211,-0.11151224374771118,-0.014861099421977997,0.021295130252838135,-0.13871029019355774,-0.767253041267395,-0.11293458193540573,0.0
-0.11217877268791199,-0.5111854076385498,-0.5461490750312805,0.16240881383419037,0.12717609107494354,0.01112435758113861,-0.31598180532455444,0.44874584674835205,0.0
-0.5622761249542236,0.2974909543991089,-0.4175156354904175,0.02993834763765335,-0.16988040506839752,-0.16453509032726288,-0.4212394952774048,-0.25375115871429443,1.0
-0.37892070412635803,0.47024479508399963,-0.03757622838020325,-0.05259668454527855,-0.08714292198419571,-0.22160527110099792,-0.5433977842330933,-0.18798324465751648,1.0
-0.5722441673278809,0.3186454474925995,-0.3804261088371277,0.006717346608638763,0.10223489999771118,-0.0594530925154686,-0.5548185110092163,-0.061810269951820374,0.0
0.0777769684791565,0.6566065549850464,-0.5396472215652466,-0.16436181962490082,0.14685744047164917,0.0668254941701889,-0.4750978648662567,-0.23576946556568146,1.0
-0.09219422936439514,0.7162494659423828,-0.19704224169254303,0.034854404628276825,0.09185134619474411,-0.0904005616903305,-0.3975556492805481,-0.13208355009555817,1.0
-0.593262791633606,0.2705106735229492,-0.12665483355522156,-0.04648387432098389,0.12195348739624023,0.00198209285736084,-0.5982493162155151,-0.14276133477687836,0.0
-0.0854722261428833,0.7600783109664917,-0.2591482698917389,-0.21260443329811096,-0.134709894657135,-0.08191988617181778,-0.39646390080451965,-0.28624072670936584,1.0
0.03513813018798828,0.004012256860733032,-0.167868971824646,0.14863966405391693,0.019041096791625023,-0.12346665561199188,-0.8297005295753479,-0.266860693693161,0.0
-0.3068010210990906,0.4800531566143036,-0.6149419546127319,-0.07500158250331879,0.11762335151433945,-0.11632747203111649,-0.5130916833877563,-0.15588335692882538,1.0
-0.3360390365123749,0.5038689374923706,-0.37169671058654785,0.08332984149456024,-0.04188074171543121,-0.029036805033683777,-0.6106083393096924,-0.27527308464050293,1.0
-0.17077095806598663,0.1842246800661087,-0.20208266377449036,-0.3556392788887024,-0.007099060341715813,0.011953681707382202,-0.8589791059494019,-0.3126019239425659,0.0
-0.5227528214454651,0.04195845127105713,0.13600915670394897,-0.18800657987594604,0.021888671442866325,-0.2496839016675949,-0.6895818114280701,-0.17332026362419128,1.0
-0.9157517552375793,0.12510913610458374,-0.068828284740448,-0.08440260589122772,-0.005610249936580658,-0.24793070554733276,-0.12202200293540955,-0.23779240250587463,0.0
0.4827256202697754,0.00653308629989624,-0.05255725979804993,0.38105493783950806,-0.2706163823604584,-0.4875624179840088,-0.1932373344898224,-0.28798866271972656,0.0
0.12991973757743835,-0.39545464515686035,0.04741889238357544,-0.006207451224327087,-0.4538707137107849,-0.05679399520158768,-0.37345317006111145,0.1586466133594513,0.0
-0.5191710591316223,0.4311157166957855,-0.20131824910640717,-0.08377432823181152,-0.07077658921480179,-0.10202254354953766,-0.4430702328681946,-0.07960481196641922,0.0
-0.6238434314727783,0.2937670350074768,-0.5135392546653748,-0.0013660863041877747,0.03647913038730621,0.0558372437953949,-0.4838554263114929,-0.20407596230506897,0.0
-0.8565865755081177,0.22735333442687988,-0.38188591599464417,0.07170431315898895,-0.1128486767411232,-0.10836272686719894,-0.02296718955039978,-0.33514535427093506,1.0
-0.6694959402084351,0.3265189826488495,-0.42291003465652466,-0.02706816792488098,-0.13447225093841553,-0.22933635115623474,-0.10996696352958679,-0.22184686362743378,0.0
-0.7445980310440063,0.27354195713996887,-0.46051883697509766,-0.031966984272003174,0.04054059833288193,-0.0800609439611435,-0.1704184114933014,-0.2828114628791809,1.0
0.12847793102264404,0.34493932127952576,-0.41338932514190674,-0.29951584339141846,0.31822848320007324,-0.5268805027008057,-0.37582722306251526,0.07771138846874237,0.0
-0.7198537588119507,0.04123368859291077,-0.14523647725582123,-0.05628763511776924,0.14207249879837036,-0.004198253154754639,-0.5702229142189026,-0.21554288268089294,0.0
-0.420016884803772,0.4251555800437927,-0.34816208481788635,0.011936336755752563,-0.17999418079853058,0.007078781723976135,-0.6234191656112671,-0.05026418715715408,1.0
-0.2911548912525177,0.5532580614089966,-0.31311652064323425,-0.1435030996799469,-0.123046875,-0.20118653774261475,-0.570659875869751,-0.22844183444976807,1.0
-0.526875376701355,0.3680161237716675,-0.47795429825782776,-0.0471293143928051,-0.11371388286352158,-0.03399968147277832,-0.37752172350883484,-0.30601370334625244,0.0
-0.47536084055900574,0.2948395311832428,-0.306892454624176,-0.1867692470550537,-0.19028235971927643,-0.28444135189056396,-0.5126124620437622,-0.18520843982696533,1.0
-0.3949960768222809,0.46725237369537354,-0.14271357655525208,-0.04022268205881119,-0.02420773357152939,-0.11087960004806519,-0.6489620208740234,-0.08936308324337006,1.0
-0.6702288389205933,0.28405866026878357,-0.17848500609397888,-0.047822725027799606,-0.03088546358048916,-0.18778450787067413,-0.32510438561439514,-0.10221758484840393,1.0
-0.6973187327384949,0.20378467440605164,-0.27613842487335205,-0.026199836283922195,0.0644945353269577,-0.08491384983062744,-0.5241361260414124,-0.17401164770126343,0.0
0.08422040939331055,0.18724751472473145,-0.5758088231086731,-0.2670442461967468,-0.06170613691210747,-0.13543030619621277,-0.38091352581977844,0.05296103656291962,0.0
-0.42689862847328186,0.3613567352294922,-0.1680312305688858,-0.08600062131881714,-0.19125023484230042,-0.2503737211227417,-0.5612300634384155,-0.1813022643327713,1.0
0.14371803402900696,0.20657160878181458,-0.2839275300502777,-0.01576399803161621,0.3455730378627777,-0.8437169194221497,-0.2751476764678955,-0.0068131983280181885,0.0
-0.4849199056625366,0.4265940487384796,-0.2598300278186798,-0.15958812832832336,0.03127105534076691,-0.07156751304864883,-0.5140995979309082,-0.16133856773376465,0.0
-0.45666569471359253,0.2891825735569,-0.18735453486442566,-0.17449542880058289,0.14322085678577423,-0.10304269939661026,-0.6981632113456726,-0.14360040426254272,0.0
-0.752615213394165,-0.045266926288604736,-0.24199813604354858,-0.0072211772203445435,0.3390240967273712,0.05535881221294403,-0.6227659583091736,-0.12521076202392578,0.0
-0.4857342541217804,0.32187792658805847,-0.1994459182024002,-0.06226669251918793,-0.17566603422164917,-0.1760263442993164,-0.5566555857658386,-0.056643225252628326,1.0
-0.11757074296474457,0.44905519485473633,-0.549851655960083,-0.10398317873477936,0.057976242154836655,-0.26965808868408203,-0.6680065989494324,-0.1077701598405838,1.0
-0.2731613516807556,0.1544458419084549,-0.025445446372032166,-0.12330827116966248,0.04801067337393761,-0.025213874876499176,-0.8715029954910278,-0.32833218574523926,1.0
-0.8939914107322693,0.19644075632095337,-0.36437326669692993,-0.00036281347274780273,0.06620237231254578,-0.07101375609636307,0.01261824369430542,-0.3218751847743988,0.0
-0.16402876377105713,0.4783065915107727,-0.5249945521354675,-0.10230357944965363,0.14867383241653442,-0.17663046717643738,-0.5377569794654846,-0.2772330641746521,1.0
-0.6693841218948364,0.32120460271835327,-0.21718159317970276,-0.0036892592906951904,-0.0949845090508461,-0.1958257108926773,-0.25323548913002014,-0.2720373272895813,1.0
-0.889563262462616,-0.00866970419883728,-0.11059826612472534,-0.06769552826881409,0.21249517798423767,-0.08182913064956665,-0.3148379325866699,-0.16374868154525757,1.0
-0.28245484828948975,0.4545621871948242,-0.11398492753505707,-0.0787445679306984,-0.3017294108867645,-0.2004947066307068,-0.5930298566818237,-0.1512886881828308,1.0
-0.20173674821853638,0.2096913754940033,-0.3451222777366638,-0.23302800953388214,-0.17335359752178192,-0.259176641702652,-0.7170138359069824,-0.14211387932300568,1.0
-0.20725849270820618,0.4579111337661743,-0.3127523362636566,0.026573166251182556,-0.2529395818710327,-0.10923051834106445,-0.6259772181510925,-0.1606208086013794,1.0
-0.7638618350028992,0.1810179203748703,-0.1631719172000885,0.02141123265028,0.23308728635311127,0.03747241199016571,-0.3767429292201996,-0.2834627032279968,0.0
-0.5453096628189087,0.3463469445705414,-0.3368184268474579,-0.13203607499599457,-0.07941101491451263,-0.26908183097839355,-0.4022034704685211,-0.20414340496063232,1.0
-0.5998008847236633,0.3158375322818756,-0.25029057264328003,0.05065435171127319,0.22877410054206848,0.015624776482582092,-0.5276017785072327,-0.11092709749937057,0.0
-0.4711836874485016,0.2940995395183563,0.10755661129951477,-0.33973440527915955,0.08501139283180237,-0.2572367489337921,-0.46923157572746277,-0.0005870461463928223,0.0
-0.6471186876296997,0.17439024150371552,-0.3958115875720978,0.028443031013011932,0.09034202992916107,-0.047356829047203064,-0.5779576897621155,-0.13246679306030273,1.0
-0.6202557682991028,0.3246441185474396,-0.19306865334510803,-0.18892592191696167,-0.10278800129890442,-0.2470097541809082,-0.30283939838409424,-0.1346500813961029,1.0
0.25326865911483765,-0.13922345638275146,-0.6859651803970337,-0.4148557782173157,-0.157718688249588,0.13094672560691833,-0.10936123132705688,-0.13569065928459167,0.0
0.3855835795402527,0.41729211807250977,0.10164955258369446,-0.4045449495315552,0.356738418340683,0.30247291922569275,-0.21072451770305634,-0.32556620240211487,0.0
-0.5771775245666504,0.26165273785591125,-0.29615461826324463,0.017604082822799683,-0.11818868666887283,-0.1638801395893097,-0.47928810119628906,-0.1554044485092163,1.0
-0.7068068981170654,0.07892212271690369,-0.033554911613464355,-0.10109798610210419,0.25451144576072693,-0.12379130721092224,-0.44435861706733704,-0.2478998601436615,0.0
-0.24281147122383118,0.5417900085449219,-0.31453463435173035,-0.01688089221715927,-0.0029946700669825077,-0.11885190010070801,-0.6531146764755249,-0.15690851211547852,0.0
-0.6504237651824951,0.05005759000778198,0.12611991167068481,-0.2848602533340454,-0.012825585901737213,-0.2968471646308899,-0.5728311538696289,-0.12297765165567398,0.0
-0.6114871501922607,0.40450596809387207,-0.26482340693473816,-0.10012947767972946,0.19186358153820038,0.05265466868877411,-0.15518522262573242,0.03351058065891266,0.0
-0.5819918513298035,0.3936486840248108,-0.3802565038204193,-0.07275157421827316,0.006553529761731625,-0.10758016258478165,-0.2098303884267807,-0.24735979735851288,0.0
-0.46279433369636536,0.3862778842449188,-0.4413013756275177,0.05900035798549652,-0.1349049210548401,-0.029222503304481506,-0.4934883117675781,-0.122580885887146,1.0
-0.4978569746017456,0.40738263726234436,-0.2721301317214966,-0.1282508671283722,-0.1477958858013153,-0.22442567348480225,-0.3743530809879303,-0.22604906558990479,0.0
-0.2658359110355377,0.4851836860179901,-0.27823126316070557,-0.20040038228034973,-0.1129249632358551,-0.2600547671318054,-0.5968730449676514,-0.22564256191253662,1.0
-0.3134419620037079,0.6867767572402954,-0.26925966143608093,0.005851410329341888,0.24626557528972626,0.018774762749671936,-0.2657780051231384,0.22870156168937683,1.0
-0.6241723299026489,0.2925969362258911,-0.39165252447128296,-0.10770545154809952,0.1469358205795288,-0.015669792890548706,-0.6175235509872437,-0.18049053847789764,0.0
-0.48373347520828247,0.338155061006546,-0.17874827980995178,-0.18710553646087646,0.0046633463352918625,-0.2046017348766327,-0.4999229907989502,-0.15582911670207977,0.0
-0.09647279977798462,0.28195104002952576,-0.45044392347335815,0.16936150193214417,-0.07953581213951111,-0.07315448671579361,-0.5749939680099487,-0.1409323513507843,0.0
-0.19028761982917786,0.47346043586730957,-0.3451254665851593,0.02376929670572281,0.01112219225615263,-0.49986475706100464,-0.5520538687705994,-0.11504633724689484,1.0
0.08648344874382019,-0.08010417222976685,-0.7509282827377319,-0.1685749590396881,-0.10146084427833557,0.04947438836097717,-0.36975550651550293,0.2968337833881378,0.0
-0.7140597105026245,0.1646489053964615,-0.23586522042751312,-0.1805594563484192,-0.1963774412870407,-0.33789652585983276,-0.3143753111362457,-0.14077576994895935,1.0
0.09810858964920044,0.8398473262786865,-0.19771158695220947,-0.02624785155057907,0.010083300992846489,-0.08245661854743958,-0.4372848868370056,-0.23999819159507751,1.0
-0.029321670532226562,0.34545207023620605,-0.3884829878807068,-0.3525925278663635,-0.4351542592048645,-0.24848929047584534,-0.4546579122543335,-0.440726101398468,0.0
-0.9214022755622864,0.11171099543571472,-0.2027803212404251,0.02425641566514969,0.016286389902234077,-0.12227363139390945,-0.10871690511703491,-0.23272749781608582,1.0
-0.7330446839332581,0.06136104464530945,-0.20682865381240845,-0.09314682334661484,0.35655516386032104,0.13649600744247437,-0.6068127751350403,-0.221840500831604,0.0
0.03904050588607788,-0.15349116921424866,-0.5364465713500977,-0.31737586855888367,0.2249889224767685,-0.051336050033569336,-0.41764241456985474,0.1574668288230896,0.0
-0.1920396089553833,0.44859135150909424,-0.6118403673171997,-0.13604044914245605,0.04153728485107422,-0.16628360748291016,-0.4831012487411499,-0.3029865622520447,1.0
-0.6329083442687988,0.2417595386505127,-0.24902409315109253,0.0447622686624527,0.3066089153289795,0.006035983562469482,-0.5713357329368591,-0.12773196399211884,0.0
-0.20030848681926727,0.4961404502391815,-0.5691887140274048,-0.03353036567568779,0.06938134878873825,-0.19331319630146027,-0.5490142703056335,-0.2638068199157715,1.0
-0.4685900807380676,0.4279797673225403,-0.37103620171546936,0.05152316391468048,-0.1904257833957672,-0.04496213048696518,-0.5135301351547241,-0.08168748766183853,1.0
-0.14801758527755737,0.10928522050380707,-0.2409190833568573,-0.32936590909957886,-0.13377335667610168,-0.2798243463039398,-0.7070020437240601,-0.16530345380306244,0.0
-0.20972596108913422,-0.11618497967720032,-0.6859657764434814,-0.055647112429142,0.058276884257793427,-0.06094080209732056,-0.24730946123600006,0.08295638859272003,0.0
-0.9450147747993469,-0.01440456509590149,-0.3648695945739746,-0.03598923608660698,0.31466925144195557,0.0884893536567688,-0.2852555811405182,-0.17587698996067047,0.0
-0.6339194774627686,0.11777631938457489,-0.16255348920822144,-0.1863689422607422,0.02648925967514515,-0.12777481973171234,-0.5523614883422852,-0.06277009099721909,0.0
-0.5180138349533081,0.39548078179359436,-0.5159447193145752,-0.04084580019116402,-0.08005954325199127,-0.2759329378604889,-0.45428335666656494,-0.11469598859548569,1.0
0.04145273566246033,0.8691880702972412,-0.20261506736278534,-0.23579666018486023,-0.04708762839436531,-0.07100305706262589,-0.2950332462787628,-0.2940358519554138,1.0
-0.06071820855140686,0.9040549993515015,-0.2897782623767853,-0.16356104612350464,0.08118943125009537,0.035791561007499695,-0.3245444893836975,0.06465736031532288,1.0
-0.46568796038627625,0.1641240119934082,-0.33639228343963623,-0.15060719847679138,0.34035298228263855,-0.14497113227844238,-0.656629741191864,0.028208643198013306,0.0
-0.6709147691726685,0.26307082176208496,-0.42852848768234253,-0.05415875464677811,-0.10125021636486053,-0.06130093336105347,-0.31128960847854614,-0.2468469887971878,1.0
-0.4828086495399475,0.32540759444236755,-0.2598912715911865,-0.14958620071411133,0.006531939841806889,-0.223840594291687,-0.556250810623169,-0.2257181704044342,1.0
-0.33092957735061646,0.41768699884414673,-0.07814429700374603,-0.3134317994117737,0.22382661700248718,-0.010098814964294434,-0.4103996753692627,-0.004002749919891357,0.0
-0.28305625915527344,0.6675307750701904,-0.1350795179605484,-0.07968167215585709,-0.15515300631523132,-0.09710769355297089,-0.5141851902008057,-0.025203101336956024,1.0
0.286126971244812,-0.04243302345275879,-0.02124616503715515,0.3283218443393707,-0.01411574799567461,0.3441373109817505,-0.20895659923553467,-0.428576797246933,0.0
-0.5005571842193604,0.35118889808654785,-0.3091977536678314,-0.14465183019638062,-0.2135641872882843,-0.18822409212589264,-0.4662732183933258,-0.18793822824954987,1.0
-0.6211951375007629,0.3507077097892761,-0.4060085415840149,-0.06463203579187393,0.04798988997936249,-0.025625549256801605,-0.3534570336341858,-0.24392038583755493,1.0
-0.7726484537124634,0.051025599241256714,-0.19133463501930237,0.00141153484582901,0.2551631033420563,-0.0479690358042717,-0.5189935564994812,-0.17361247539520264,1.0
-0.2754766643047333,0.6869243383407593,-0.25654247403144836,-0.1192035973072052,0.1969822496175766,0.15613186359405518,-0.4745657742023468,0.11733460426330566,0.0
0.04612171649932861,0.7308805584907532,-0.17806392908096313,0.016599901020526886,-0.048626746982336044,-0.17467445135116577,-0.48117905855178833,-0.37266743183135986,1.0
-0.3805586099624634,0.5040205717086792,-0.415487140417099,0.039172038435935974,0.010145778767764568,-0.13602399826049805,-0.43324100971221924,-0.16557089984416962,0.0
-0.8979204893112183,0.0730176568031311,-0.28561076521873474,-0.12342984974384308,0.21822313964366913,-0.006751611828804016,-0.3108029365539551,-0.17453688383102417,0.0
-0.3852349817752838,0.4170605540275574,-0.3107534945011139,0.004463762044906616,-0.11061365157365799,0.07804609835147858,-0.6252984404563904,-0.1444409042596817,0.0
-0.46335119009017944,0.4481028914451599,-0.15575703978538513,-0.07064899057149887,-0.176019087433815,-0.2775101065635681,-0.4580492079257965,-0.2224564552307129,1.0
-0.643163800239563,0.14545515179634094,0.06671267747879028,-0.1156354695558548,0.0798739418387413,-0.2024967521429062,-0.5098189115524292,-0.15398475527763367,1.0
-0.45882970094680786,0.30584806203842163,-0.12962429225444794,-0.09288174659013748,0.02629926986992359,-0.3289054036140442,-0.5410043001174927,-0.13865865767002106,0.0
-0.5397946238517761,0.35064804553985596,-0.2352595329284668,-0.02694689854979515,0.03160492330789566,-0.11488257348537445,-0.4971396327018738,-0.12413322925567627,1.0
-0.35884037613868713,0.5558242797851562,-0.3457622528076172,-0.21884045004844666,-0.1644749641418457,-0.26138126850128174,-0.3548228144645691,-0.24717363715171814,1.0
0.15447205305099487,0.6765826344490051,0.41267311573028564,-0.07438866049051285,0.25954681634902954,-0.09303706884384155,-0.1170373260974884,0.07030151784420013,0.0
-0.30011457204818726,0.5471221208572388,-0.27741003036499023,-0.011491000652313232,0.054190494120121,-0.08768787980079651,-0.6080256104469299,-0.06538286060094833,1.0
-0.38134467601776123,0.4032479524612427,-0.4835660457611084,-0.11186282336711884,-0.2219196856021881,-0.03826083242893219,-0.5378604531288147,-0.2050921767950058,1.0
-0.12161840498447418,0.7873924970626831,0.11604645848274231,-0.03853266313672066,-0.020448807626962662,-0.16799667477607727,-0.2661563754081726,0.05440479516983032,1.0
-0.15095385909080505,0.5418579578399658,0.3175966739654541,-0.11620752513408661,0.2761208117008209,-0.08156877756118774,-0.4362487494945526,0.1115749180316925,0.0
-0.6436843276023865,0.42570778727531433,-0.28330397605895996,0.053005486726760864,-0.13899172842502594,-0.20836018025875092,-0.15490078926086426,-0.2553340792655945,1.0
-0.5995170474052429,0.2994704246520996,-0.1549442708492279,-0.07564269751310349,0.019130049273371696,-0.23628507554531097,-0.3728451132774353,-0.22703638672828674,0.0
-0.3028299808502197,0.42216312885284424,-0.5383104085922241,0.1402454525232315,0.14857792854309082,-0.19099211692810059,-0.3438560366630554,-0.12554824352264404,0.0
-0.5303024053573608,0.41499319672584534,-0.5164999961853027,-0.1063128113746643,0.02036932110786438,-0.024462543427944183,-0.4283105731010437,-0.22512391209602356,0.0
-0.3367907404899597,0.43370717763900757,-0.16317932307720184,-0.24437476694583893,0.020950959995388985,-0.12038388848304749,-0.6589491963386536,-0.13198938965797424,0.0
-0.11221687495708466,0.1285865306854248,0.22761619091033936,-0.20864440500736237,-0.15615808963775635,-0.2863011956214905,-0.7252209186553955,0.014944970607757568,0.0
-0.32067370414733887,0.7136577367782593,-0.3053591847419739,0.04460716247558594,0.06310752034187317,0.08060751855373383,-0.328134685754776,0.11187726259231567,1.0
-0.5298104286193848,0.36346912384033203,-0.2516835927963257,-0.09637590497732162,-0.33537763357162476,-0.34356361627578735,-0.41650110483169556,-0.08191487938165665,0.0
-0.5033007860183716,0.48251914978027344,-0.26251354813575745,-0.18255966901779175,-0.3058747351169586,-0.33043718338012695,-0.30266207456588745,-0.23187240958213806,1.0
-0.4005800783634186,0.35537973046302795,-0.23510901629924774,-0.0012535303831100464,-0.2561558783054352,-0.252219021320343,-0.5048922896385193,-0.28255707025527954,1.0
-0.8086165189743042,0.15710678696632385,-0.39187997579574585,-0.07360095530748367,0.07063664495944977,0.02080725133419037,-0.32249900698661804,-0.18148744106292725,0.0
-0.7257516384124756,0.24531486630439758,-0.17466576397418976,-0.030377376824617386,-0.03733760863542557,-0.2583555579185486,-0.315377414226532,-0.15139663219451904,1.0
-0.24183455109596252,0.48793941736221313,-0.35026276111602783,-0.19681048393249512,-0.2783832252025604,-0.18230199813842773,-0.5720767378807068,-0.23802217841148376,1.0
0.403306245803833,0.07605341076850891,-0.27236825227737427,0.24020570516586304,0.08880814909934998,-0.05014559626579285,-0.7279138565063477,-0.5468113422393799,0.0
-0.2712191343307495,0.5884894132614136,-0.3652351498603821,-0.1263197660446167,-0.1067022904753685,-0.12973585724830627,-0.554192066192627,-0.183732271194458,1.0
-0.6503190994262695,0.1241038590669632,-0.022907868027687073,-0.16275766491889954,0.005443417467176914,-0.12261883169412613,-0.503557562828064,-0.12221052497625351,0.0
-0.3461226224899292,0.19582661986351013,0.2142544984817505,-0.3941592276096344,-0.1059933677315712,-0.1614907681941986,-0.7340149879455566,-0.05161420255899429,0.0
-0.8389710187911987,0.23291754722595215,-0.5439149737358093,0.17510715126991272,0.11004459857940674,0.08845175802707672,-0.1852140724658966,-0.24910227954387665,0.0
-0.09663054347038269,0.5217866897583008,-0.34580087661743164,0.09028200805187225,0.12822501361370087,-0.09829102456569672,-0.5818908214569092,-0.2748216986656189,1.0
0.1223762035369873,0.4755890369415283,-0.4324493408203125,-0.30236729979515076,0.2650599181652069,-0.12019476294517517,-0.3292621970176697,-0.38438481092453003,0.0
-0.22834660112857819,0.6731241941452026,-0.23595167696475983,-0.018543042242527008,-0.15162907540798187,-0.12467639148235321,-0.5303481817245483,-0.02792331576347351,1.0
-0.49454328417778015,0.37646645307540894,-0.2648687958717346,-0.16135987639427185,-0.02266685664653778,-0.16347454488277435,-0.5135390162467957,-0.21531280875205994,1.0
-0.3948516249656677,0.5641300678253174,-0.290604829788208,-0.16764132678508759,-0.22137555480003357,-0.1771521270275116,-0.4388428330421448,-0.11861616373062134,1.0
-0.5650304555892944,0.4431106150150299,-0.43001556396484375,-0.11919312179088593,-0.12051836401224136,-0.17562144994735718,-0.3638749420642853,-0.12088952958583832,1.0
0.004745066165924072,0.6192782521247864,-0.4096829295158386,0.027431868016719818,0.14224837720394135,-0.31286725401878357,-0.5156979560852051,-0.1806514859199524,1.0
-0.4118826985359192,0.5151162147521973,-0.4241413474082947,-0.12169142067432404,0.04945247620344162,-0.005636110901832581,-0.5278475284576416,-0.14873674511909485,0.0
-0.5404309034347534,0.4188409745693207,-0.4219001829624176,-0.09847141802310944,0.06134616583585739,-0.060358911752700806,-0.40153762698173523,-0.17524869740009308,1.0
-0.723990797996521,0.07537487149238586,-0.14570075273513794,-0.03460652008652687,0.09531089663505554,-0.02573147416114807,-0.473121702671051,-0.1957474946975708,0.0
-0.6103484630584717,0.32365480065345764,-0.3942103981971741,-0.1571149379014969,-0.30518195033073425,-0.2892182469367981,-0.2971839904785156,-0.1216631755232811,1.0
-0.3698653280735016,0.516796350479126,-0.24490682780742645,-0.03691216930747032,-0.16135475039482117,-0.21966485679149628,-0.48036667704582214,-0.22360599040985107,1.0
-0.4429081082344055,0.1936424821615219,-0.0502573698759079,-0.2601736783981323,0.08711657673120499,-0.29678046703338623,-0.7355540990829468,-0.16061000525951385,0.0
-0.23222540318965912,0.5892414450645447,-0.3094896078109741,-0.05418068915605545,-0.1311694234609604,-0.11751694977283478,-0.578951358795166,-0.19012197852134705,1.0
-0.5542550086975098,0.19909581542015076,0.15597054362297058,-0.3124242126941681,0.04630747810006142,-0.2621517777442932,-0.4925994277000427,-0.11680133640766144,0.0
-0.410622239112854,0.23474028706550598,-0.14670398831367493,-0.256796658039093,0.05839681997895241,-0.03846652805805206,-0.7378801107406616,-0.2193794548511505,0.0
-0.6947265863418579,0.25667667388916016,-0.2985098958015442,-0.014915958046913147,-0.10186323523521423,-0.15926523506641388,-0.3855859041213989,-0.14376692473888397,1.0
-0.3854255676269531,0.5239790081977844,-0.374502956867218,-0.13243922591209412,-0.12668557465076447,-0.23348329961299896,-0.3958158493041992,-0.05900280177593231,1.0
-0.16688688099384308,0.27260178327560425,-0.1880226731300354,-0.4210486114025116,-0.19007399678230286,-0.19151563942432404,-0.6024970412254333,-0.31455910205841064,0.0
-0.4179964065551758,0.5251579880714417,-0.29337579011917114,-0.049120187759399414,-0.10959891974925995,-0.17435288429260254,-0.4631592631340027,-0.1547284573316574,1.0
-0.542439341545105,0.3634183704853058,-0.4627576470375061,-0.05425778031349182,-0.04300948232412338,-0.23112362623214722,-0.4739287197589874,-0.17668339610099792,1.0
-0.3949771523475647,0.3271024227142334,-0.1932973563671112,-0.0691952332854271,-0.27025166153907776,-0.2267318069934845,-0.5466740131378174,-0.2302941083908081,1.0
-0.5373755693435669,0.11900654435157776,-0.01722186803817749,-0.13008570671081543,0.16756948828697205,-0.012741878628730774,-0.7302259206771851,-0.14239564538002014,0.0
0.19970232248306274,0.5955650806427002,0.038838863372802734,-0.636121392250061,0.4221504032611847,0.4654000997543335,0.14322292804718018,0.024417951703071594,0.0
-0.17435182631015778,0.6652404069900513,-0.26278001070022583,-0.01915440708398819,-0.11260959506034851,-0.1678178608417511,-0.574710488319397,-0.20703566074371338,1.0
-0.32378748059272766,0.38167038559913635,-0.49408864974975586,0.10242746770381927,0.06333711743354797,-0.3075033724308014,-0.46762552857398987,-0.13992150127887726,1.0
-0.8662707805633545,0.27370744943618774,-0.38924890756607056,-0.08824682980775833,-0.19923226535320282,-0.21323055028915405,-0.0332086980342865,-0.20628781616687775,1.0
0.043331414461135864,0.8225284814834595,-0.33474594354629517,-0.18630221486091614,0.06868809461593628,-0.051198169589042664,-0.37492233514785767,-0.21379071474075317,1.0
-0.07171282172203064,0.5472723245620728,-0.3511778712272644,0.05217695236206055,0.04246954247355461,-0.19795668125152588,-0.6948305368423462,-0.26446664333343506,1.0
-0.5600335001945496,0.4603957235813141,-0.14462605118751526,-0.07961362600326538,-0.16973046958446503,-0.2862473130226135,-0.25806665420532227,-0.12472722679376602,0.0
0.12690353393554688,0.9790685772895813,-0.256980836391449,-0.20553621649742126,0.11868353188037872,0.15251237154006958,-0.18737417459487915,-0.13240058720111847,1.0
-0.40172022581100464,0.46484458446502686,-0.34348684549331665,-0.03185174614191055,-0.13601727783679962,-0.19393664598464966,-0.5763877630233765,-0.043252356350421906,1.0
-1.0,-0.054170429706573486,-0.33100461959838867,-0.03683820739388466,0.1219683438539505,-0.07154116779565811,-0.056081295013427734,-0.31541985273361206,0.0
-0.013728678226470947,0.6596790552139282,-0.4861512780189514,-0.43517932295799255,0.012961534783244133,-0.056359365582466125,-0.3884252607822418,-0.436973512172699,1.0
0.10871481895446777,0.2143706977367401,-0.6245244741439819,-0.09362384676933289,-0.19983182847499847,0.12636923789978027,-0.5203081965446472,-0.2645759582519531,1.0
0.09398308396339417,0.7435356378555298,-0.1703544557094574,-0.05839885026216507,-0.014229439198970795,-0.23890799283981323,-0.4283480644226074,-0.3902967572212219,1.0
-0.07054120302200317,-0.04315856099128723,0.6578616499900818,0.04775498807430267,-0.4102264642715454,0.9832497239112854,0.20132416486740112,0.8390544652938843,0.0
-0.47914624214172363,0.1763785034418106,0.051907479763031006,-0.1457885503768921,-0.01135766040533781,-0.2836259603500366,-0.5493957996368408,-0.12748605012893677,0.0
-0.692000150680542,0.24529314041137695,-0.265232652425766,0.0026682689785957336,0.014505574479699135,-0.11394909769296646,-0.2968473434448242,-0.2728714048862457,0.0
-0.23646339774131775,0.46834075450897217,-0.5569496154785156,-0.058544352650642395,0.11269831657409668,-0.34563714265823364,-0.5297122001647949,-0.145207941532135,1.0
-0.4549317955970764,0.3483599126338959,-0.31981801986694336,-0.1610746681690216,-0.25077593326568604,-0.32458335161209106,-0.452910453081131,-0.0841178148984909,0.0
-0.15067154169082642,0.20739591121673584,0.054252058267593384,-0.06626851111650467,-0.34701767563819885,-0.29693496227264404,-0.6156195402145386,-0.1429929882287979,0.0
-0.5167261958122253,0.46825993061065674,-0.3890454173088074,-0.08841244876384735,-0.04743887856602669,-0.13032884895801544,-0.4464845061302185,-0.11574851721525192,0.0
-0.5636779069900513,0.16750600934028625,-0.1607230305671692,-0.1838260442018509,-0.08466130495071411,-0.23063592612743378,-0.5035364031791687,-0.2677210569381714,1.0
-0.45806607604026794,0.02668735384941101,-0.014750316739082336,-0.2756773829460144,-0.029879191890358925,-0.2505384683609009,-0.7222466468811035,-0.04114510118961334,0.0
-0.40005117654800415,0.5406668782234192,-0.34171295166015625,-0.008485883474349976,-0.08208111673593521,-0.20152384042739868,-0.4446587562561035,-0.0699668675661087,1.0
0.38965773582458496,-0.6292760968208313,-0.28690677881240845,0.38531309366226196,-0.014023073948919773,-0.3372802734375,-0.3201585114002228,0.10350498557090759,0.0
-0.7551777362823486,0.26805365085601807,-0.39354974031448364,-0.029938671737909317,-0.09233050048351288,-0.15583866834640503,-0.18411338329315186,-0.28525811433792114,1.0
-0.26250654458999634,0.5741838812828064,-0.03738906979560852,-0.13880304992198944,-0.23661674559116364,-0.33597904443740845,-0.4475814402103424,-0.257904589176178,1.0
0.0755305290222168,0.6763050556182861,-0.11079946160316467,-0.740226149559021,0.5905674695968628,-0.09283118695020676,0.363203763961792,-0.013421684503555298,0.0
-0.2936970293521881,0.6157728433609009,-0.3052486181259155,0.09584517776966095,0.06763659417629242,0.040113866329193115,-0.532470166683197,0.027826890349388123,1.0
0.17840886116027832,0.004292517900466919,-0.8928500413894653,-0.07824836671352386,-0.07477719336748123,0.23541051149368286,-0.6117078065872192,-0.3080182373523712,0.0
-0.33144524693489075,0.6049140691757202,-0.33365756273269653,-0.02097003161907196,0.08365868777036667,-0.09843065589666367,-0.41609010100364685,-0.025366149842739105,0.0
-0.6730316281318665,0.3627468943595886,-0.553257167339325,0.00021264702081680298,0.03369704261422157,-0.05941760540008545,-0.22734102606773376,-0.2497585415840149,1.0
-0.2939562499523163,0.6885241270065308,-0.3825020492076874,-0.13646236062049866,0.09750520437955856,-0.01892634481191635,-0.37919554114341736,0.0017773211002349854,1.0
-0.6073567867279053,0.3545196056365967,-0.3809909224510193,0.011246435344219208,0.07129736244678497,-0.05464901775121689,-0.5167461037635803,-0.1621904969215393,0.0
-0.6638511419296265,0.22371059656143188,-0.13663148880004883,-0.026661019772291183,0.13284140825271606,-0.02076394110918045,-0.5149165987968445,-0.15077246725559235,1.0
-0.9531465768814087,-0.0864441990852356,0.08856770396232605,-0.15653039515018463,0.09638756513595581,-0.22620001435279846,-0.2249191403388977,-0.15958835184574127,1.0
-0.06395316123962402,0.5622867941856384,-0.23260025680065155,-0.08593551069498062,0.2904866337776184,-0.05452917516231537,-0.5944775938987732,0.04152868688106537,0.0
0.07130742073059082,0.5586652755737305,-0.08581633865833282,0.2434520423412323,0.21614205837249756,-0.09220747649669647,-0.2868502140045166,-0.2942623496055603,0.0
0.2148783802986145,-0.06922915577888489,0.0610087513923645,0.20730158686637878,-0.16659346222877502,0.32304203510284424,-0.6270961761474609,-0.2503761649131775,0.0
-0.4289058446884155,0.4314681887626648,-0.06868748366832733,-0.026331566274166107,-0.027496248483657837,-0.14623324573040009,-0.35580480098724365,-0.2234259992837906,0.0
-0.3231283128261566,0.6166958808898926,-0.43870165944099426,-0.07144655287265778,0.060960136353969574,-0.04758003354072571,-0.4455946087837219,-0.1335984319448471,1.0
0.7123379111289978,-0.6608784794807434,0.32176244258880615,1.0,-0.552160918712616,-0.07971987873315811,0.4254581332206726,-0.3988911807537079,0.0
-0.17600804567337036,0.7194640636444092,-0.18391191959381104,-0.21301274001598358,0.03962120786309242,-0.10861285775899887,-0.36828702688217163,-0.07079464942216873,1.0
-0.4939291477203369,0.399457186460495,-0.4577450454235077,0.02666538953781128,-0.09059780836105347,-0.2780228853225708,-0.4730547070503235,-0.15053816139698029,1.0
-0.6609326004981995,0.25362247228622437,-0.1017351895570755,-0.093741275370121,-0.22576075792312622,-0.18818022310733795,-0.28733688592910767,-0.17310605943202972,0.0
-0.11931847035884857,0.7223093509674072,-0.2959590554237366,0.03829701989889145,0.026949580758810043,-0.10112464427947998,-0.530616283416748,-0.07979325950145721,1.0
-0.9497746825218201,0.19925732910633087,-0.37374037504196167,-0.028894901275634766,0.01010314840823412,-0.11909564584493637,0.04995244741439819,-0.2124572992324829,1.0
-0.22412614524364471,0.40607911348342896,-0.6121060848236084,-0.04788921773433685,0.14954999089241028,-0.4090767800807953,-0.5293303728103638,-0.10093647986650467,1.0
-0.40809571743011475,0.44135844707489014,-0.21340669691562653,-0.08077399432659149,-0.3300878405570984,-0.15536360442638397,-0.5395370125770569,-0.08215521275997162,1.0
-0.8463790416717529,0.29174697399139404,-0.4030191898345947,-0.03694546967744827,-0.05832168087363243,-0.12050077319145203,-0.10681945085525513,-0.12840943038463593,1.0
-0.38334622979164124,0.3192974328994751,-0.20388686656951904,-0.10607962310314178,0.3268563747406006,-0.042372263967990875,-0.7940539717674255,-0.020331069827079773,0.0
-0.2845071256160736,0.40389078855514526,-0.489650160074234,0.0032901689410209656,0.09396160393953323,-0.5555338263511658,-0.4939466714859009,-0.03458874672651291,1.0
-0.05049040913581848,0.6695865988731384,-0.33695176243782043,-0.16619610786437988,-0.02564084902405739,-0.13491132855415344,-0.49147236347198486,-0.23777057230472565,1.0
-0.1579616367816925,0.6065151691436768,-0.2854192852973938,-0.05167236924171448,-0.009774099104106426,-0.24394389986991882,-0.5943853855133057,-0.13366684317588806,1.0
-0.592353105545044,0.38570860028266907,-0.5100619792938232,0.0011794418096542358,-0.031974755227565765,-0.07007558643817902,-0.49343341588974,-0.1348431408405304,1.0
-0.5260331034660339,0.503179132938385,-0.3219010531902313,-0.15558117628097534,-0.19129151105880737,-0.23265278339385986,-0.38395553827285767,-0.07914604246616364,1.0
-0.4160003364086151,0.3351055681705475,-0.1422717273235321,-0.2177332639694214,0.13303455710411072,-0.06827979534864426,-0.6549693942070007,-0.2301902323961258,1.0
-0.6064838171005249,0.35353875160217285,-0.4427483081817627,0.05863058567047119,-0.09331494569778442,-0.165627121925354,-0.33007967472076416,-0.198623389005661,0.0
-0.08227548003196716,0.5790799856185913,-0.5438173413276672,-0.07911910116672516,0.11234726756811142,-0.035642459988594055,-0.5167961716651917,-0.32088762521743774,1.0
-0.503229558467865,0.2552207410335541,-0.1552783101797104,-0.054749615490436554,0.03899413347244263,-0.16247843205928802,-0.6028810739517212,-0.1538013070821762,0.0
-0.3339484632015228,0.5237519145011902,-0.3701306879520416,-0.18483582139015198,-0.1362784504890442,-0.14697441458702087,-0.4484122693538666,-0.3079196810722351,1.0
-0.4435901641845703,0.19363631308078766,0.08784157037734985,-0.16762855648994446,-0.09162762761116028,-0.1853514462709427,-0.6654188632965088,-0.18001273274421692,1.0
-0.4319029748439789,0.13610351085662842,0.05949658155441284,-0.16704797744750977,0.10116378217935562,-0.06808659434318542,-0.8463075160980225,-0.16848666965961456,0.0
-0.5721578001976013,0.4232710003852844,-0.3301948010921478,-0.11956286430358887,-0.14055708050727844,-0.18634410202503204,-0.3536110818386078,-0.21390026807785034,1.0
-0.4176546037197113,0.4441870152950287,-0.15219202637672424,-0.09556866437196732,0.04183751717209816,-0.10856896638870239,-0.5987961292266846,-0.13230128586292267,0.0
-0.5880544185638428,0.12723155319690704,-0.1221054345369339,-0.09691480547189713,0.007009844295680523,-0.1691584587097168,-0.6106089353561401,-0.12365651875734329,1.0
0.08964350819587708,0.6728526949882507,-0.6303048133850098,-0.2054496705532074,0.19135114550590515,0.08188983798027039,-0.4081215262413025,-0.26855796575546265,1.0
-0.2942766547203064,0.5117075443267822,-0.1108187735080719,-0.11375343799591064,-0.2683536410331726,-0.3642923831939697,-0.4261408746242523,-0.3593076169490814,0.0
-0.40276584029197693,0.5407055616378784,-0.1410924643278122,-0.05243769660592079,-0.2699275314807892,-0.30065327882766724,-0.4211152493953705,-0.2070123851299286,1.0
-0.3453354835510254,0.40504366159439087,-0.04804837703704834,-0.2749125361442566,0.30012163519859314,0.22398605942726135,-0.28173497319221497,0.32878267765045166,0.0
-0.8963925242424011,0.0858842134475708,-0.32641690969467163,0.011393062770366669,0.049619730561971664,-0.05951172113418579,-0.17115363478660583,-0.18931108713150024,0.0
0.3381956219673157,0.6054002046585083,0.25959300994873047,0.10926797986030579,0.3094065487384796,0.10756930708885193,-0.3717716634273529,-0.6150636672973633,0.0
-0.2851899266242981,0.22236257791519165,-0.4858882427215576,0.13643215596675873,-0.03865213319659233,-0.032450802624225616,-0.5814384818077087,-0.13407988846302032,1.0
-0.4769505262374878,0.4782407879829407,-0.3186119794845581,-0.12278253585100174,-0.07366061955690384,-0.09943369030952454,-0.461833655834198,-0.08191997557878494,1.0
-0.0408305823802948,0.2074800431728363,-0.0913413017988205,-0.32224029302597046,-0.5310580134391785,-0.05989590287208557,-0.36878907680511475,0.21200349926948547,0.0
0.05405908823013306,0.8284698128700256,-0.013022735714912415,-0.07019996643066406,-0.11783608049154282,-0.18979185819625854,-0.34763097763061523,-0.4123104214668274,1.0
-0.15042105317115784,0.4137743413448334,-0.4466446042060852,0.11672350764274597,0.24944794178009033,-0.581647515296936,-0.20103688538074493,0.03507888317108154,0.0
-0.6502602696418762,0.20024284720420837,-0.34641939401626587,-0.00842323899269104,0.009758027270436287,-0.14609533548355103,-0.5179683566093445,-0.13417474925518036,0.0
-0.17545631527900696,0.7324564456939697,-0.2315623164176941,-0.007471613585948944,0.016242261976003647,-0.1813441962003708,-0.38825953006744385,-0.08285785466432571,1.0
-0.6682224273681641,0.2822500467300415,-0.33494600653648376,-0.10618317872285843,-0.15729166567325592,-0.14475101232528687,-0.2771243453025818,-0.1749267727136612,0.0
-0.697431206703186,0.2509644329547882,-0.09911878407001495,-0.10571034252643585,-0.06657475233078003,-0.3042639493942261,-0.36853092908859253,-0.19455716013908386,0.0
-0.5505568385124207,0.1733117550611496,-0.07005524635314941,-0.08527930825948715,-0.1309620589017868,-0.3540232181549072,-0.5800696611404419,-0.11561612039804459,1.0
-0.1912139654159546,0.5006794929504395,0.21643078327178955,-0.1309366226196289,0.16356363892555237,-0.09621161222457886,-0.48872479796409607,0.14644068479537964,0.0
-0.4157003164291382,0.07267618179321289,-0.21079015731811523,0.007939696311950684,-0.34501737356185913,-0.6475839018821716,-0.07813695073127747,-0.0511164665222168,0.0
-0.2277994155883789,-0.07111281156539917,-0.45036306977272034,0.09656806290149689,-0.10404770076274872,-0.38407081365585327,-0.26852941513061523,0.32074716687202454,0.0
-0.6810483336448669,0.1939607858657837,-0.3586442768573761,-0.051809296011924744,0.15120674669742584,-0.0004060715436935425,-0.49862825870513916,-0.19567671418190002,1.0
0.22726505994796753,0.21838675439357758,-0.6237484216690063,-0.34515145421028137,0.5970090627670288,-0.00923079252243042,-0.4303913712501526,-0.49105334281921387,0.0
-0.43779656291007996,0.4639571011066437,0.048116087913513184,-0.2783583402633667,-0.039646245539188385,-0.23349040746688843,-0.4405007064342499,0.010131850838661194,0.0
-0.03174787759780884,0.8526341319084167,-0.11481741070747375,0.03663761913776398,0.030519958585500717,-0.08418089151382446,-0.36825743317604065,-0.16047613322734833,1.0
-0.5095313191413879,0.19433461129665375,-0.12143664062023163,-0.20936599373817444,0.1960582584142685,-0.17487052083015442,-0.7197787761688232,-0.11814577132463455,0.0
-0.21237590909004211,0.5193065404891968,-0.4715796113014221,0.103522390127182,0.11232585459947586,-0.034782953560352325,-0.5053043961524963,-0.1594546139240265,1.0
0.16259270906448364,0.1438608169555664,-0.07854141294956207,0.06527453660964966,-0.5053287744522095,-0.22896429896354675,-0.4026762545108795,-0.32348117232322693,0.0
-0.5847252011299133,0.14886653423309326,-0.06410101056098938,-0.11018207669258118,-0.03906244412064552,-0.1648551970720291,-0.5640154480934143,-0.1629861295223236,0.0
0.4402853846549988,-0.464674174785614,-0.07268571853637695,0.7179312109947205,-0.40149611234664917,-0.1785324513912201,-0.25218215584754944,-0.020290255546569824,0.0
-0.5172083973884583,0.34331122040748596,-0.4146263301372528,0.011193983256816864,-0.1391778439283371,-0.15312741696834564,-0.48981207609176636,-0.17894501984119415,1.0
-0.4565161168575287,0.23746906220912933,0.08678483963012695,-0.2743005156517029,0.006958506070077419,-0.2843048572540283,-0.6388033628463745,-0.14090995490550995,0.0
-0.5110276937484741,0.0703924298286438,-0.18156951665878296,-0.08845651149749756,0.17941245436668396,0.08138447999954224,-0.7857934236526489,-0.14743395149707794,0.0
-0.295719176530838,0.41034337878227234,-0.6477018594741821,-0.06332778930664062,0.10374937951564789,-0.14156007766723633,-0.437791109085083,0.02693544328212738,1.0
-0.48720434308052063,0.3856956958770752,-0.22515681385993958,-0.06578709930181503,0.0006522987969219685,-0.09662340581417084,-0.6815342903137207,-0.04993195831775665,1.0
0.5675421953201294,-0.6180936098098755,-0.7698151469230652,-0.43869683146476746,-0.5719374418258667,0.1357065737247467,-0.27338606119155884,-0.20358487963676453,0.0
-0.6014928817749023,0.11297313868999481,-0.07372124493122101,-0.2838912010192871,-0.018374808132648468,-0.23618663847446442,-0.491096556186676,-0.21763435006141663,0.0
0.21558111906051636,0.9152057766914368,-0.12799200415611267,0.00541040301322937,0.035766374319791794,0.05631488561630249,-0.3254803419113159,-0.28311747312545776,1.0
-0.03936201333999634,0.7567386627197266,-0.18483126163482666,-0.22726121544837952,-0.06217743456363678,-0.19838491082191467,-0.32394111156463623,-0.3263404965400696,1.0
-0.5161941051483154,0.3545128405094147,-0.37885305285453796,-0.06236628070473671,0.13511863350868225,0.04623107612133026,-0.618392825126648,-0.1799509972333908,0.0
-0.7795606255531311,0.14078205823898315,-0.29452377557754517,-0.13342566788196564,0.08864033222198486,-0.016035541892051697,-0.301746129989624,-0.2666316628456116,0.0
-0.8857269883155823,-0.014325648546218872,-0.14680179953575134,-0.13015447556972504,0.1324298083782196,-0.07972891628742218,-0.3238103985786438,-0.12668126821517944,1.0
-0.4545895457267761,0.30251872539520264,-0.12668555974960327,-0.19439241290092468,0.43603163957595825,-0.03473631292581558,-0.5005736947059631,-0.12625372409820557,0.0
-0.2865360379219055,0.5902220010757446,-0.28508254885673523,0.01239699125289917,-0.12622880935668945,-0.20648500323295593,-0.49688905477523804,-0.20135122537612915,1.0
-0.4069932997226715,0.3674604594707489,-0.1730348765850067,-0.14623931050300598,0.11525576561689377,-0.07369890809059143,-0.6751581430435181,-0.11108023673295975,0.0
0.19884204864501953,-0.11249768733978271,-0.4827924370765686,-0.5701408386230469,-0.06490586698055267,-0.1866883784532547,-0.43133580684661865,-0.4874909818172455,0.0
-0.5577429533004761,0.27413272857666016,-0.2008334845304489,-0.15323461592197418,0.09239441156387329,-0.09053896367549896,-0.5629706382751465,-0.19103606045246124,0.0
-0.823664665222168,-0.016252577304840088,-0.22734899818897247,-0.005289681255817413,0.35268718004226685,0.04317028820514679,-0.47263747453689575,-0.2655356824398041,0.0
-0.6588585376739502,0.2556071877479553,-0.1468624472618103,-0.0366847887635231,0.13191401958465576,-0.05885893106460571,-0.5425564050674438,-0.0684814304113388,1.0
-0.2560396194458008,0.3715799152851105,-0.6439637541770935,-0.04686544090509415,0.16933372616767883,-0.19871988892555237,-0.5810312032699585,-0.16479253768920898,0.0
0.1518884301185608,0.0929809957742691,-0.10076223313808441,-0.3408452868461609,-0.30028462409973145,0.026685550808906555,-0.5650757551193237,-0.35426193475723267,0.0
-0.7991418838500977,0.2811662554740906,-0.45234841108322144,-0.12495200335979462,-0.13695403933525085,-0.21254856884479523,-0.14981067180633545,-0.09307029098272324,1.0
-0.636705756187439,-0.06468680500984192,0.09952756762504578,-0.17073583602905273,0.03210773319005966,-0.3588672876358032,-0.40473607182502747,-0.11964324116706848,0.0
-0.33382242918014526,0.4415128231048584,-0.14142903685569763,-0.10810737311840057,0.11760767549276352,-0.1099349707365036,-0.7366260290145874,-0.06199740618467331,0.0
-0.5872605443000793,0.43855443596839905,-0.34193140268325806,0.005398884415626526,-0.16123682260513306,-0.2228194773197174,-0.334800660610199,-0.14221307635307312,1.0
-0.6805669069290161,0.1747177690267563,-0.17982953786849976,-0.16760267317295074,0.25061115622520447,0.011309206485748291,-0.5457204580307007,-0.14969883859157562,1.0
-0.5210208296775818,0.2503718137741089,-0.30561718344688416,-0.14479410648345947,0.0062959278002381325,-0.13118508458137512,-0.6646077632904053,-0.14711341261863708,1.0
-0.1938408762216568,0.5389116406440735,-0.32640329003334045,-0.22153766453266144,-0.12755778431892395,-0.1801253706216812,-0.5417540669441223,-0.17343001067638397,1.0
-0.3778042793273926,0.49780648946762085,-0.21286478638648987,-0.19635166227817535,-0.17340047657489777,-0.20078039169311523,-0.39658111333847046,-0.27024710178375244,1.0
-0.7807096242904663,0.33199846744537354,-0.26162707805633545,0.0025891661643981934,-0.06493537873029709,-0.1728070229291916,-0.10393768548965454,-0.1385193020105362,1.0
-0.25921136140823364,0.3109230697154999,0.10414549708366394,-0.08856960386037827,-0.36732861399650574,0.08915901184082031,-0.3315005898475647,0.2504110634326935,0.0
0.5664381384849548,0.329772412776947,0.42170214653015137,0.1256445199251175,0.4316158890724182,0.17866915464401245,-0.09756433963775635,-0.4641473591327667,0.0
-0.8213262557983398,0.20576435327529907,-0.4506879448890686,-0.05086575821042061,0.0028569018468260765,-0.01400117576122284,-0.1767374575138092,-0.27207159996032715,0.0
0.006470710039138794,0.24758777022361755,-0.6476397514343262,-0.1427363157272339,0.050167836248874664,0.1070059984922409,-0.6050018072128296,-0.05854618549346924,0.0
-0.6648015379905701,0.222889706492424,-0.24854712188243866,-0.23106622695922852,0.11663707345724106,-0.09174351394176483,-0.14708444476127625,-0.3919357657432556,0.0
-0.39346402883529663,0.1217852234840393,-0.16269126534461975,-0.062801294028759,0.13878938555717468,-0.03832419961690903,-0.9209120869636536,-0.11614644527435303,0.0
-0.4416119158267975,0.3269398808479309,-0.2382776141166687,0.0307745561003685,0.21997781097888947,0.047418057918548584,-0.649476170539856,-0.21226561069488525,0.0
-0.0929127037525177,0.5091847777366638,-0.4150967597961426,0.03105299174785614,0.08248260617256165,-0.4012097120285034,-0.5993227362632751,-0.171510711312294,1.0
-0.47283685207366943,0.2967659533023834,-0.4176528751850128,-0.10711506754159927,-0.16194841265678406,-0.29060500860214233,-0.5566272735595703,-0.09289556741714478,1.0
-0.7445228099822998,-0.07757562398910522,-0.040197163820266724,-0.10799072682857513,0.13610559701919556,-0.0953824520111084,-0.4728267788887024,-0.13749286532402039,0.0
-0.6199337244033813,0.19331614673137665,-0.2763798236846924,-0.02939455583691597,-0.045779988169670105,-0.1858881711959839,-0.41888144612312317,-0.2870270907878876,1.0
-0.008623182773590088,0.4464434087276459,-0.5010731220245361,0.21726441383361816,0.3326580822467804,-0.4321259558200836,-0.6001855731010437,-0.15127205848693848,1.0
-0.45021647214889526,0.5440374612808228,-0.31024911999702454,-0.002255283296108246,-0.15270718932151794,-0.18682868778705597,-0.47041237354278564,-0.08573023974895477,1.0
-0.0759330689907074,0.6103206872940063,-0.5649583339691162,-0.07767707854509354,0.1524883508682251,-0.0826331377029419,-0.4479401409626007,-0.21301357448101044,1.0
-0.28582262992858887,0.5239157676696777,-0.1862870454788208,-0.06957989186048508,-0.08081427961587906,-0.18451477587223053,-0.5759426355361938,-0.2075125277042389,1.0
-0.6179652214050293,0.31864821910858154,-0.38691744208335876,0.04701535403728485,-0.005899663548916578,-0.13457199931144714,-0.5830477476119995,0.06672270596027374,0.0
-0.3312448263168335,0.18242605030536652,-0.019790425896644592,-0.33917176723480225,-0.175182044506073,-0.20735974609851837,-0.6665629744529724,-0.20240025222301483,0.0
-0.34125733375549316,0.4675111770629883,-0.1802787184715271,-0.04678267240524292,-0.15798518061637878,-0.2599652111530304,-0.5130202174186707,-0.31812721490859985,1.0
-0.8345309495925903,0.1969900280237198,-0.5312542915344238,0.18478244543075562,0.1427309811115265,0.051581963896751404,-0.17770978808403015,-0.21947671473026276,0.0
-0.3141046464443207,0.5380622744560242,-0.23294632136821747,-0.04252881929278374,-0.15779362618923187,-0.1776205450296402,-0.5037354826927185,-0.2867729067802429,1.0
-0.8863833546638489,0.1022987961769104,-0.2584055960178375,0.05590143799781799,0.13731370866298676,-0.011570654809474945,-0.20297308266162872,-0.25190550088882446,1.0
-0.4374659061431885,0.486481249332428,-0.16639402508735657,-0.04557676985859871,-0.37228119373321533,-0.15620386600494385,-0.42574602365493774,-0.07834591716527939,1.0
-0.6038258075714111,0.16340839862823486,-0.24929144978523254,-0.05185597017407417,0.1850234419107437,0.05160088837146759,-0.6588885188102722,-0.1114671379327774,0.0
-0.5776803493499756,0.22612392902374268,-0.1492050439119339,-0.17400453984737396,0.2690705358982086,0.020160168409347534,-0.636103093624115,-0.07431693375110626,0.0
-0.2938227653503418,0.37170645594596863,0.0441763699054718,-0.4892038106918335,0.21915565431118011,-0.15702389180660248,-0.22250019013881683,-0.20755574107170105,0.0
-0.021157056093215942,0.27497193217277527,-0.6176602840423584,-0.09179305285215378,-0.09090181440114975,-0.19152800738811493,-0.7500087022781372,-0.23127742111682892,1.0
-0.2858259677886963,0.6201220750808716,-0.19545140862464905,-0.08478042483329773,-0.11732374876737595,-0.16581423580646515,-0.48293906450271606,-0.12064153701066971,1.0
-0.3616727292537689,0.30229657888412476,-0.28949815034866333,-0.03987675905227661,-0.33176299929618835,-0.42957714200019836,-0.5208813548088074,-0.02295020967721939,1.0
-0.3751052916049957,0.33513155579566956,-0.37466469407081604,-0.12282124161720276,-0.18632449209690094,-0.23263481259346008,-0.6251406669616699,-0.1809113621711731,1.0
-0.34050384163856506,0.4503779411315918,-0.39730405807495117,-0.15488627552986145,-0.14234617352485657,-0.2878819406032562,-0.5887447595596313,-0.16957393288612366,1.0
-0.7978278398513794,0.21672981977462769,-0.5438525676727295,0.00547780841588974,-0.08522017300128937,-0.17032983899116516,-0.17828544974327087,-0.16447871923446655,1.0
-0.3241708278656006,0.1572652906179428,0.03737598657608032,-0.29262280464172363,0.059901684522628784,-0.05918768048286438,-0.8245725631713867,0.009828805923461914,0.0
-0.29715436697006226,0.4184635877609253,-0.013292685151100159,-0.2063869833946228,0.1763724833726883,0.02907124161720276,-0.7062525153160095,-0.016585350036621094,0.0
-0.16278468072414398,0.6718230247497559,-0.17750263214111328,0.005768686532974243,-0.11832525581121445,-0.1985016018152237,-0.3933432996273041,-0.3499864935874939,1.0
-0.30253440141677856,0.6495466828346252,-0.22642424702644348,0.0072459876537323,-0.003050359431654215,-0.05814991146326065,-0.29489412903785706,-0.00864061713218689,1.0
-0.16343636810779572,0.7390273809432983,-0.27387747168540955,-0.20998358726501465,-0.07880347967147827,-0.14300937950611115,-0.3082411587238312,-0.25195109844207764,1.0
-0.5960592031478882,0.24906718730926514,-0.27089646458625793,-0.20782536268234253,-0.10444097220897675,-0.12095946818590164,-0.49393460154533386,-0.14241228997707367,0.0
-0.4953657388687134,0.3865850567817688,-0.34259679913520813,-0.11029481142759323,0.046322714537382126,-0.060427114367485046,-0.5955982208251953,-0.1340954303741455,1.0
-0.5665656328201294,0.34933021664619446,-0.5242584943771362,-0.01359645277261734,-0.1425933837890625,-0.08974094688892365,-0.4277885854244232,-0.18730702996253967,1.0
-0.562457799911499,0.1783602386713028,0.020607471466064453,-0.2252771556377411,0.07679607719182968,-0.2963378429412842,-0.5726643800735474,-0.12232927232980728,0.0
-0.49490800499916077,0.4788511097431183,-0.340562641620636,-0.10169321298599243,-0.10393380373716354,-0.14151552319526672,-0.46149539947509766,-0.15210343897342682,1.0
-0.7746552228927612,0.15626075863838196,-0.43922150135040283,-0.011885218322277069,0.23856398463249207,0.04735320806503296,-0.42828792333602905,-0.12216157466173172,1.0
-0.9278997778892517,0.10730436444282532,-0.4522988200187683,-0.03232353925704956,-0.031797900795936584,-0.13253536820411682,-0.01573812961578369,-0.2894805073738098,1.0
-0.41297173500061035,0.24270099401474,-0.28818845748901367,-0.19642075896263123,0.12008319795131683,-0.32124513387680054,-0.719851553440094,-0.029384493827819824,0.0
-0.3939998745918274,0.27588021755218506,-0.4958297610282898,0.04559329152107239,-0.15260232985019684,-0.25487685203552246,-0.615270733833313,0.02935422956943512,1.0
-0.5988585948944092,0.3222507834434509,-0.1555275321006775,-0.047140538692474365,0.1529449075460434,-0.10093902796506882,-0.3778843581676483,-0.0731692910194397,0.0
0.4465672969818115,-0.4883769750595093,-1.0,-0.8579559326171875,-0.34698498249053955,-0.42014971375465393,0.5082870721817017,-0.2959040105342865,0.0
0.09255433082580566,0.7126727104187012,-0.13487741351127625,-0.010766163468360901,0.16568654775619507,0.05766245722770691,-0.39092493057250977,-0.24915552139282227,0.0
0.1411014199256897,0.4349445104598999,0.2094092071056366,0.00876232236623764,0.3285050094127655,0.2175540328025818,-0.42594462633132935,-0.25103169679641724,0.0
-0.5871132016181946,0.4132888615131378,-0.1466926485300064,-0.07670707255601883,-0.19159568846225739,-0.36562108993530273,-0.30381351709365845,-0.16973991692066193,1.0
-0.5972944498062134,0.4743621349334717,-0.1819535493850708,-0.1074439138174057,-0.27501586079597473,-0.34114307165145874,-0.23578855395317078,-0.17912498116493225,1.0
-0.7481341361999512,0.3029232323169708,-0.3120347559452057,0.0011922866106033325,-0.2536616325378418,-0.2754395604133606,-0.16818448901176453,-0.19764676690101624,1.0
-0.4519602656364441,0.3579337000846863,-0.36719781160354614,0.037397414445877075,-0.044852904975414276,-0.17330993711948395,-0.5615483522415161,-0.19797155261039734,0.0
-0.03809046745300293,0.08268412947654724,-0.20332945883274078,-0.05613867938518524,-0.11998263746500015,-0.16843999922275543,-0.8749597072601318,-0.1422523409128189,0.0
-0.41813114285469055,0.5654679536819458,-0.2733834385871887,0.01560133695602417,-0.10415852814912796,-0.15158206224441528,-0.42915138602256775,-0.17382952570915222,1.0
-0.43075692653656006,0.13717462122440338,-0.13341177999973297,-0.2591623067855835,-0.09190979599952698,-0.2756938636302948,-0.5842651128768921,-0.20121411979198456,0.0
-0.005694359540939331,0.36153748631477356,-0.5167151689529419,0.1459522396326065,-0.07440336048603058,0.1829749345779419,-0.6967473030090332,-0.18181712925434113,1.0
-0.5396848917007446,0.025349974632263184,-0.09045955538749695,-0.11934398114681244,0.18566612899303436,-0.08932061493396759,-0.8253642320632935,-0.026288039982318878,0.0
-0.3680671155452728,0.4340517818927765,-0.08639374375343323,-0.29750537872314453,-0.19053180515766144,-0.3333134651184082,-0.44157496094703674,-0.3295551538467407,1.0
-0.5298791527748108,0.07074049115180969,-0.16366362571716309,-0.0954529419541359,0.19276469945907593,0.0715523511171341,-0.752534031867981,-0.18926101922988892,0.0
-0.6523635387420654,0.4549974203109741,-0.3917803168296814,0.09746253490447998,0.029643464833498,-0.014807343482971191,-0.26507487893104553,-0.22125540673732758,0.0
-0.028386712074279785,0.11710511147975922,-0.35196980834007263,-0.2822648882865906,0.4180114269256592,-0.47878703474998474,-0.1642315685749054,-0.20369137823581696,0.0
-0.43491142988204956,0.18363717198371887,-0.2382434904575348,-0.055571772158145905,0.04476943984627724,-0.13292258977890015,-0.69841468334198,-0.2263452112674713,1.0
0.07973858714103699,0.5987871289253235,-0.10408765077590942,-0.31676191091537476,0.13749299943447113,-0.25828564167022705,-0.024242401123046875,-0.3574530780315399,0.0
-0.4464857280254364,0.5330449938774109,-0.3771471679210663,-0.10403042286634445,-0.1257612407207489,-0.20065270364284515,-0.41644665598869324,-0.17436756193637848,1.0
-0.7423454523086548,0.3290986120700836,-0.3661304712295532,-0.08568839728832245,-0.102614626288414,-0.1869625300168991,-0.16022613644599915,-0.16442252695560455,1.0
-0.404896080493927,0.5134713649749756,-0.252837598323822,-0.15477000176906586,-0.10756813734769821,-0.1850019097328186,-0.44083887338638306,-0.18099960684776306,1.0
0.3265257477760315,-0.3382136821746826,-0.5026790499687195,-0.4569949209690094,-0.05222177878022194,0.3285216689109802,-0.5176505446434021,-0.23560896515846252,0.0
-0.15706881880760193,0.5933160781860352,-0.27326500415802,-0.2307785600423813,-0.1679573357105255,-0.19820944964885712,-0.5325736999511719,-0.2512543201446533,1.0
-0.5804413557052612,0.29070645570755005,-0.4315013885498047,0.065062016248703,-0.17439702153205872,-0.21103066205978394,-0.3627697825431824,-0.1646912544965744,1.0
-0.5807974338531494,0.3543774485588074,-0.14005716145038605,-0.04048258438706398,-0.06429480016231537,-0.21183383464813232,-0.4107694923877716,-0.17648077011108398,1.0
-0.18012335896492004,0.4926103353500366,-0.20150601863861084,0.00680173933506012,-0.32687854766845703,-0.12568427622318268,-0.5721203684806824,-0.26926183700561523,1.0
-0.2430555820465088,0.43345052003860474,-0.5433364510536194,-0.07810454070568085,0.10588667541742325,-0.3251678943634033,-0.540412962436676,-0.0635661855340004,1.0
-0.6113498210906982,0.2893441617488861,-0.2058820128440857,-0.07026659697294235,0.013508036732673645,-0.21316790580749512,-0.3795630633831024,-0.1957845538854599,0.0
-0.7158836126327515,0.23924914002418518,-0.35312142968177795,0.005044788122177124,-0.18019084632396698,-0.2563105523586273,-0.25615590810775757,-0.23039397597312927,0.0
-0.34257274866104126,0.36856043338775635,-0.26686257123947144,-0.021296508610248566,-0.13733594119548798,-0.1845480501651764,-0.6527909636497498,-0.20669971406459808,1.0
-0.5872113704681396,0.20601755380630493,-0.036216139793395996,-0.23845833539962769,0.16876846551895142,-0.08080759644508362,-0.6238355040550232,-0.0814843475818634,0.0
-0.2810302674770355,-0.1377130150794983,-0.4241531491279602,-0.2561311721801758,-0.6369333863258362,-0.2576986253261566,-0.08852729201316833,0.25363481044769287,0.0
-0.4894907474517822,0.2024153172969818,-0.1660715639591217,-0.06921180337667465,-0.21283474564552307,-0.25458428263664246,-0.45533251762390137,-0.06811424344778061,0.0
-0.427320659160614,0.3650323152542114,-0.34330883622169495,-0.197077214717865,-0.0353735089302063,-0.08068837225437164,-0.567673921585083,-0.23782628774642944,0.0
-0.5572471022605896,0.37745538353919983,-0.3727245330810547,-0.008526861667633057,-0.19867560267448425,-0.08389748632907867,-0.45960772037506104,-0.0701393336057663,1.0
-0.3266963064670563,0.4035359025001526,-0.6829671859741211,-0.045380882918834686,0.14386318624019623,0.012070387601852417,-0.4743509888648987,-0.1817396879196167,1.0
-0.4978759288787842,0.29571542143821716,-0.2933008670806885,-0.0952986404299736,-0.10278410464525223,-0.1934977024793625,-0.5824586153030396,-0.148952916264534,1.0
-0.7978255152702332,0.16522124409675598,-0.44431692361831665,-0.008254095911979675,0.18686892092227936,0.015772446990013123,-0.3693610429763794,-0.11537989974021912,1.0
0.019288063049316406,-0.1665947437286377,-0.04729163646697998,-0.12197516113519669,-0.06819935142993927,-0.07592245936393738,-0.9850636124610901,0.10489782691001892,0.0
-0.29664984345436096,0.4451450705528259,-0.3654179573059082,-0.136844202876091,0.1387249082326889,-0.03993034362792969,-0.6791322231292725,-0.0026770830154418945,0.0
-0.3420921862125397,0.41232702136039734,-0.4375920295715332,0.09127283096313477,-0.15694749355316162,-0.07899035513401031,-0.6770452260971069,-0.09773313254117966,1.0
-0.5002014636993408,0.1262650042772293,-0.20112594962120056,-0.18022915720939636,-0.01854201778769493,-0.1248839870095253,-0.5587369203567505,-0.18370896577835083,0.0
-0.07398247718811035,0.8239440321922302,-0.23789407312870026,-0.023084942251443863,0.06924086809158325,-0.09423445165157318,-0.4851728081703186,-0.03917478024959564,1.0
-0.5211641788482666,0.2430793046951294,-0.008073300123214722,-0.20085571706295013,0.16209326684474945,-0.011289983987808228,-0.7013645172119141,-0.052387021481990814,0.0
0.009446412324905396,0.20430314540863037,-0.26434147357940674,0.10015907883644104,-0.4324561357498169,0.09002280235290527,-0.4229029715061188,0.13885930180549622,0.0
-0.6146275997161865,0.37870147824287415,-0.3553190231323242,-0.1150854229927063,-0.03162848576903343,-0.1607382893562317,-0.3906327486038208,-0.08278623223304749,1.0
-0.10739246010780334,0.7376649379730225,-0.26219895482063293,-0.06773551553487778,-0.017076905816793442,-0.15067681670188904,-0.4699074625968933,-0.03016958385705948,1.0
-0.8501019477844238,0.07795935869216919,-0.11529311537742615,-0.020903415977954865,0.04534686356782913,-0.09145843982696533,-0.3320789933204651,-0.15155312418937683,1.0
-0.018834620714187622,0.715572714805603,-0.22217732667922974,-0.04496855288743973,-0.029967498034238815,-0.13984793424606323,-0.4879554808139801,-0.33121830224990845,1.0
-0.5131365060806274,0.18188118934631348,-0.25100770592689514,-0.03732527792453766,0.06029713898897171,0.031806811690330505,-0.6624466180801392,-0.1748580038547516,0.0
0.3559945821762085,-0.17884612083435059,-0.6026633977890015,-0.790922224521637,0.764232337474823,-0.7467847466468811,0.4664333462715149,-0.8273409008979797,0.0
-0.05711677670478821,0.5462957620620728,0.10701701045036316,-0.07488839328289032,0.20891577005386353,-0.012080617249011993,-0.5296120047569275,0.18301334977149963,0.0
-0.16555160284042358,0.5480974316596985,-0.6100980639457703,-0.1537013202905655,0.11728055030107498,-0.04038931429386139,-0.4733944833278656,-0.17813259363174438,1.0
-0.529607892036438,0.44488781690597534,-0.32158711552619934,-0.026883050799369812,-0.1525835543870926,-0.19008010625839233,-0.43098801374435425,-0.16805946826934814,0.0
-0.5402597784996033,0.2000780999660492,-0.02581968903541565,-0.17266830801963806,0.2878994047641754,-0.09144808351993561,-0.5849132537841797,-0.13206076622009277,0.0
-0.2475237399339676,0.5193096399307251,-0.09715248644351959,-0.2514066994190216,0.06569205224514008,-0.14267873764038086,-0.5913299322128296,0.055680736899375916,0.0
-0.15402789413928986,0.7589946985244751,-0.349154531955719,-0.14483371376991272,0.017867594957351685,-0.06705083698034286,-0.34913158416748047,-0.09057408571243286,1.0
-0.34032008051872253,0.37900543212890625,-0.43627941608428955,0.03856156766414642,-0.12012889981269836,-0.023768655955791473,-0.6684549450874329,-0.23476174473762512,1.0
-0.6879311800003052,0.045213133096694946,-0.4281826615333557,-0.07397262752056122,0.22879305481910706,0.08042488992214203,-0.5771940350532532,-0.15892159938812256,0.0
0.20411449670791626,-0.25115346908569336,-0.021841704845428467,0.058014050126075745,-0.028450025245547295,-0.2503020763397217,-0.7372866272926331,-0.33086156845092773,0.0
-0.48655804991722107,0.45267194509506226,-0.462283730506897,-0.07266853004693985,0.004101944621652365,0.007335260510444641,-0.5385003089904785,-0.2095061093568802,0.0
-0.6176418662071228,0.39461639523506165,-0.0030562877655029297,-0.1122601330280304,0.22858764231204987,-0.185964435338974,-0.06644728779792786,0.1549433469772339,0.0
-0.37108176946640015,0.2022690623998642,-0.7552955150604248,-0.05255412310361862,-0.06494171917438507,-0.02226635068655014,-0.5263264775276184,-0.083882637321949,1.0
0.5739507079124451,-0.5496641993522644,0.19872790575027466,0.5090763568878174,-0.10570758581161499,0.00513555109500885,-0.457981675863266,-0.2173098772764206,0.0
-0.20720109343528748,0.8045490980148315,-0.2619330883026123,-0.17001572251319885,0.061803385615348816,-0.19340583682060242,-0.23885108530521393,0.11154305934906006,1.0
0.10960489511489868,0.584869384765625,-0.4551602005958557,-0.15444442629814148,0.09374133497476578,-0.32533806562423706,-0.42547592520713806,-0.34195882081985474,1.0
-0.06019502878189087,0.4472636580467224,-0.40277254581451416,-0.28755640983581543,0.3886207938194275,0.11912763118743896,-0.4913066029548645,-0.3381633460521698,0.0
-0.6072735786437988,0.33671289682388306,-0.14811569452285767,-0.17273706197738647,0.02172897383570671,-0.15587083995342255,-0.45704472064971924,-0.08578042685985565,1.0
-0.7172166109085083,0.3217935562133789,-0.3141911029815674,-0.0046239495277404785,-0.172103613615036,-0.26004326343536377,-0.2280913144350052,-0.21057698130607605,1.0
-0.4525516629219055,0.29653048515319824,-0.026666149497032166,-0.24801379442214966,0.09705907106399536,-0.17058977484703064,-0.5458925366401672,-0.14901873469352722,0.0
-0.726526141166687,0.17769064009189606,0.05301988124847412,-0.1290322244167328,-0.0028233425691723824,-0.3196660280227661,-0.3836170434951782,-0.1261923611164093,0.0
-0.8772922158241272,0.0920088142156601,-0.18581700325012207,0.036747515201568604,0.08225653320550919,-0.12378283590078354,-0.28564971685409546,-0.13633151352405548,0.0
-0.28191274404525757,0.6187865734100342,-0.27251461148262024,-0.014044761657714844,-0.0843370333313942,-0.10184609889984131,-0.5090550184249878,-0.19758865237236023,1.0
-0.3583531379699707,0.4878396987915039,-0.08910021185874939,-0.07351943850517273,-0.36803391575813293,-0.22359277307987213,-0.4630902111530304,-0.10977289825677872,1.0
-0.4573991298675537,0.43681344389915466,-0.24044795334339142,-0.03665394335985184,-0.1929793506860733,-0.282037615776062,-0.48479995131492615,-0.19842776656150818,1.0
-0.5034373998641968,0.27704906463623047,0.03534853458404541,-0.35469281673431396,-0.038239266723394394,-0.3445912003517151,-0.4542461633682251,-0.16221165657043457,1.0
-0.5712887644767761,0.20770716667175293,-0.011543959379196167,-0.1639312505722046,-0.11568199098110199,-0.3883497714996338,-0.4624747037887573,-0.17998060584068298,0.0
-0.7607563734054565,0.35203540325164795,-0.3920474648475647,-0.07622342556715012,-0.14923055469989777,-0.20550492405891418,-0.0829610824584961,-0.18352437019348145,1.0
-0.8656901717185974,-0.0004423856735229492,-0.19234952330589294,-0.07593786716461182,0.31469616293907166,-0.02156912535429001,-0.3441181182861328,-0.26961788535118103,0.0
-0.23015549778938293,0.2250070422887802,-0.04367108643054962,-0.0753672644495964,-0.37573838233947754,-0.3817026615142822,-0.5180834531784058,-0.12221915274858475,0.0
-0.7476019859313965,0.3770526647567749,-0.2720939517021179,-0.026464398950338364,-0.20511220395565033,-0.28733181953430176,-0.13295722007751465,-0.15468740463256836,1.0
-0.17727629840373993,0.7427999973297119,-0.2543249726295471,-0.07463740557432175,-0.05342625081539154,-0.17801892757415771,-0.44151028990745544,-0.04710524529218674,1.0
0.2118125557899475,0.0319027304649353,-0.5580569505691528,-0.18387658894062042,-0.15794630348682404,-0.15690623223781586,-0.4177408814430237,-0.01842401921749115,0.0
-0.7640679478645325,0.0933271199464798,-0.38091373443603516,-0.05885142832994461,0.11747851967811584,-0.08234702050685883,-0.4627723693847656,-0.08211839944124222,1.0
-0.5525094270706177,0.2629358470439911,0.07142367959022522,-0.26328709721565247,-0.058216292411088943,-0.3339594900608063,-0.4691224992275238,-0.1667877733707428,0.0
-0.2395419329404831,0.4463746249675751,-0.36738714575767517,-0.015224367380142212,-0.23736612498760223,-0.18206271529197693,-0.713506817817688,-0.09940258413553238,1.0
-0.8497470617294312,0.1524696797132492,-0.3929360508918762,0.045502617955207825,-0.12728886306285858,-0.22222137451171875,-0.14331737160682678,-0.15270164608955383,1.0
-0.5380392670631409,0.4872545003890991,-0.32921433448791504,0.019755259156227112,-0.07299245148897171,-0.13879647850990295,-0.35456225275993347,-0.14123962819576263,1.0
-0.2836572527885437,0.6380189657211304,-0.46429723501205444,-0.0913490578532219,0.08107858896255493,0.019135430455207825,-0.4512976109981537,-0.03822300583124161,1.0
0.5269782543182373,0.05241188406944275,-0.3464263081550598,-0.6890511512756348,-0.5509793162345886,0.29871872067451477,0.27497124671936035,-0.7077118754386902,0.0
-0.5785626173019409,0.244889497756958,-0.35739827156066895,0.09580866992473602,0.14277900755405426,-0.032217398285865784,-0.5301108956336975,-0.17603741586208344,1.0
-0.46847760677337646,0.22834190726280212,0.0015286803245544434,-0.0673682764172554,-0.09975697845220566,-0.26894626021385193,-0.5318825244903564,-0.33155685663223267,1.0
-0.903060793876648,-0.02391451597213745,0.036416590213775635,-0.15276139974594116,0.18592552840709686,-0.1558365374803543,-0.13188838958740234,-0.4228985607624054,0.0
-0.517425537109375,0.3786983788013458,-0.4540337920188904,-0.0826985165476799,-0.054191432893276215,-0.18672922253608704,-0.433665931224823,-0.22243361175060272,1.0
-0.47376471757888794,0.5087318420410156,-0.31818485260009766,-0.11234863102436066,-0.21305352449417114,-0.26278936862945557,-0.48240432143211365,-0.03984437882900238,1.0
-0.8185769319534302,0.11260800063610077,-0.33039093017578125,-0.12210430204868317,0.14280007779598236,-0.15996533632278442,-0.2096969485282898,-0.28267836570739746,0.0
-0.5353511571884155,0.43958383798599243,-0.39844322204589844,-0.1390945166349411,-0.16705812513828278,-0.2414143681526184,-0.3128020763397217,-0.19231334328651428,1.0
-0.6782128810882568,0.23526524007320404,-0.5260199308395386,0.11420704424381256,-0.04663320630788803,-0.030422374606132507,-0.3231087923049927,-0.2648662030696869,1.0
-0.38556328415870667,0.39620763063430786,-0.2720509469509125,-0.07745361328125,-0.30018624663352966,-0.25125598907470703,-0.4514246881008148,-0.037415407598018646,1.0
0.2041669487953186,0.5987077951431274,-0.3861609399318695,0.12685848772525787,0.17520281672477722,-0.13759930431842804,-0.4875817596912384,-0.34595543146133423,1.0
0.546374499797821,-0.5712486505508423,-0.028533607721328735,0.2851640284061432,-0.22310440242290497,-0.45285865664482117,-0.2089417725801468,-0.5398229360580444,0.0
0.20881277322769165,-0.30586761236190796,-0.5686396956443787,-0.35254141688346863,-0.4005971848964691,0.04038292169570923,-0.42540931701660156,0.5335326194763184,0.0
-0.007879257202148438,0.7678095698356628,-0.23387713730335236,-0.013828590512275696,0.13011181354522705,-0.02857908606529236,-0.4424670338630676,-0.029860280454158783,1.0
-0.6302722692489624,0.059156954288482666,-0.14806795120239258,-0.0705082044005394,0.34320926666259766,-0.12098830193281174,-0.6409686207771301,-0.26075518131256104,0.0
0.15791702270507812,0.2622619867324829,0.18384790420532227,0.45595258474349976,0.3178150951862335,-0.1285884529352188,-0.4746800363063812,-0.299795538187027,0.0
-0.5624497532844543,0.459894597530365,-0.32571059465408325,-0.03056316450238228,-0.19575801491737366,-0.20988138020038605,-0.32758259773254395,-0.1501189023256302,0.0
-0.5730937123298645,0.43698328733444214,-0.31292617321014404,-0.1435779184103012,-0.12782296538352966,-0.20356714725494385,-0.29843413829803467,-0.12208765745162964,1.0
0.047251611948013306,0.7869077920913696,-0.385855108499527,-0.16064292192459106,0.05087956413626671,-0.07790716737508774,-0.4915686845779419,-0.24611759185791016,1.0
-0.376573383808136,0.5613163113594055,-0.29663941264152527,-0.030273690819740295,-0.16491548717021942,-0.18111974000930786,-0.5044493079185486,-0.08393038064241409,1.0
-0.3975928723812103,0.42959684133529663,-0.09156851470470428,-0.24352893233299255,-0.2196676880121231,-0.36657989025115967,-0.36925795674324036,-0.35876739025115967,1.0
-0.5352292656898499,0.38584989309310913,-0.2889726459980011,0.044769853353500366,-0.19400426745414734,-0.15210223197937012,-0.4142357409000397,-0.229750394821167,1.0
-0.42853543162345886,0.6433522701263428,-0.4123116135597229,-0.06265387684106827,0.09527637809515,0.019795849919319153,-0.2682594954967499,0.03562481701374054,1.0
-0.8825222253799438,0.2006796896457672,-0.36071690917015076,-0.07626261562108994,-0.08031764626502991,-0.2582535147666931,-0.06264466047286987,-0.24608656764030457,0.0
0.12316611409187317,0.08629950881004333,-0.7000607252120972,-0.30161601305007935,0.7118296027183533,-0.17045025527477264,-0.4165281057357788,-0.4441770911216736,0.0
-0.4671187996864319,0.34347254037857056,0.14520058035850525,-0.18105623126029968,-0.12192170321941376,-0.3693244755268097,-0.528144359588623,-0.12379821389913559,1.0
-0.18268047273159027,0.6706416010856628,-0.17057034373283386,0.051604658365249634,-0.0344620943069458,-0.07419150322675705,-0.45014649629592896,-0.08558568358421326,1.0
-0.31314271688461304,0.6425797939300537,-0.19039377570152283,-0.21289792656898499,-0.15765637159347534,-0.19956760108470917,-0.34702593088150024,-0.027706682682037354,0.0
-0.282301127910614,0.6072629690170288,-0.2149675190448761,0.11546027660369873,0.05869938060641289,-0.10121981799602509,-0.27983754873275757,-0.14856061339378357,0.0
-0.20059455931186676,0.422111451625824,0.24274450540542603,-0.2540368139743805,0.2092893123626709,-0.06922242045402527,-0.6457881927490234,0.14654332399368286,0.0
-0.847042441368103,0.21569930016994476,-0.39504367113113403,-0.06348960846662521,-0.05610393360257149,-0.15155735611915588,-0.01696115732192993,-0.3477262556552887,1.0
-0.4878259599208832,0.30443432927131653,-0.2889173626899719,-0.16904307901859283,-0.0026271510869264603,-0.2919695973396301,-0.5211349129676819,-0.11647282540798187,1.0
-0.45882800221443176,0.3555328845977783,-0.064820796251297,-0.08482836186885834,-0.021207377314567566,-0.1519833654165268,-0.5899051427841187,-0.2449750155210495,1.0
-0.1837283968925476,0.22230078279972076,-0.38083556294441223,-0.18487319350242615,-0.40074896812438965,-0.05225055664777756,-0.5233360528945923,-0.14463643729686737,0.0
-0.7769622206687927,0.2881465554237366,-0.3349990248680115,0.07435436546802521,0.047475624829530716,-0.06485001742839813,-0.17931801080703735,-0.201571524143219,1.0
-0.2207222431898117,0.33721187710762024,-0.09211285412311554,-0.3091246485710144,0.23740056157112122,-0.06112907826900482,-0.7494587898254395,-0.16100771725177765,0.0
-0.5313110947608948,0.5070968270301819,-0.3405851721763611,-0.17465871572494507,-0.20711331069469452,-0.1775534749031067,-0.2845231890678406,-0.19011561572551727,1.0
-0.2930866479873657,0.6441149711608887,-0.30873849987983704,-0.14632943272590637,-0.14345751702785492,-0.12415322661399841,-0.4080390930175781,-0.11493087559938431,1.0
-0.04967418313026428,0.5399946570396423,-0.4394152760505676,0.06679826974868774,0.08595442771911621,-0.18215584754943848,-0.5254382491111755,-0.17351040244102478,1.0
-0.5203918814659119,0.48354580998420715,-0.25076353549957275,-0.010052919387817383,-0.16044318675994873,-0.20246556401252747,-0.43598559498786926,-0.010398432612419128,0.0
-0.16911883652210236,0.6330722570419312,-0.3079582452774048,-0.1962253451347351,-0.10942481458187103,-0.12085890769958496,-0.5912361145019531,-0.21025753021240234,1.0
-0.10297635197639465,0.26146361231803894,-0.27999067306518555,0.03481927514076233,-0.21655923128128052,-0.1680624634027481,-0.6895425319671631,0.02179625630378723,0.0
-0.18725897371768951,0.8439481258392334,0.003311723470687866,-0.3303475081920624,0.03778975084424019,-0.5726248025894165,0.2594377398490906,0.09816411137580872,0.0
-0.8133536577224731,0.06689637899398804,-0.05349385738372803,-0.17539429664611816,0.2013930380344391,-0.06628453731536865,-0.3584866523742676,-0.2132015824317932,1.0
-0.8798048496246338,0.04674205183982849,-0.13403891026973724,-0.19055208563804626,0.031739864498376846,-0.26217859983444214,-0.18269863724708557,-0.26425766944885254,1.0
-0.8134077787399292,0.03565317392349243,-0.1706750988960266,-0.16474562883377075,0.1594696193933487,-0.056504666805267334,-0.39333656430244446,-0.3239513039588928,0.0
0.11930355429649353,-0.10950502753257751,-0.6250139474868774,-0.3513313829898834,-0.2076164186000824,-0.11756965517997742,-0.3034742772579193,-0.024440236389636993,0.0
-0.04596489667892456,0.6716885566711426,-0.2846461832523346,-0.36746078729629517,-0.020503560081124306,-0.3330322504043579,-0.10090121626853943,-0.3072175085544586,0.0
-0.7479246854782104,0.24672415852546692,-0.35744476318359375,-0.0749964714050293,-0.03036121092736721,-0.15992537140846252,-0.2752512991428375,-0.18898653984069824,1.0
-0.5201938152313232,0.3299415707588196,-0.4845004379749298,-0.016389593482017517,-0.08468633145093918,-0.03723829984664917,-0.5538725256919861,-0.05804472416639328,1.0
-0.17278237640857697,-0.26305335760116577,-0.9698793292045593,0.10194534063339233,-0.08739075064659119,0.23520296812057495,-0.36929863691329956,0.4356423616409302,0.0
-0.11718043684959412,0.6769334077835083,0.08197680115699768,0.010818719863891602,-0.012470108456909657,0.029755130410194397,-0.35150420665740967,0.03262771666049957,1.0
-0.32202452421188354,0.5179883241653442,-0.30335530638694763,-0.16376298666000366,-0.09670912474393845,-0.18986332416534424,-0.5813206434249878,-0.18759670853614807,1.0
-0.6363993287086487,0.09325243532657623,0.11145353317260742,-0.2970931828022003,-0.026478733867406845,-0.28015202283859253,-0.5107979774475098,-0.2229750007390976,0.0
0.11930134892463684,-0.02407604455947876,-0.845016360282898,-0.1876617670059204,-0.12464667111635208,0.19459721446037292,-0.5467944145202637,-0.15594881772994995,0.0
-0.5911535024642944,0.31140008568763733,-0.3238929808139801,-0.1621759980916977,-0.2664060890674591,-0.2909707725048065,-0.35306182503700256,-0.12961414456367493,1.0
-0.5834952592849731,0.3918503522872925,-0.194569930434227,-0.020319797098636627,-0.12606319785118103,-0.22266510128974915,-0.3514241576194763,-0.22474686801433563,1.0
-0.7956278324127197,0.3003062903881073,-0.3348367214202881,0.019988007843494415,-0.06148644909262657,-0.11942718923091888,-0.11225467920303345,-0.2685348391532898,0.0
-0.6511129140853882,0.24336838722229004,-0.4177308976650238,0.026439644396305084,-0.048639215528964996,-0.1451292335987091,-0.47638994455337524,-0.13360147178173065,1.0
0.09657308459281921,0.03664553165435791,-0.4627639651298523,0.2256336510181427,-0.1847541630268097,-0.10628171265125275,-0.4739602506160736,0.03898090124130249,0.0
-0.45900940895080566,0.2699110805988312,-0.47240620851516724,-0.06560809910297394,-0.06212782859802246,-0.10095146298408508,-0.5599632859230042,-0.2108505368232727,0.0
-0.23993802070617676,0.6414089202880859,-0.22581087052822113,-0.057316459715366364,-0.13399741053581238,-0.2187654972076416,-0.4602450430393219,-0.19438853859901428,1.0
-0.5699056386947632,0.3369740843772888,-0.3330640494823456,-0.19302216172218323,0.039976801723241806,-0.07524371147155762,-0.2940518856048584,-0.3117194175720215,1.0
-0.40925249457359314,0.5305069088935852,-0.3487386107444763,-0.010470062494277954,-0.0947411060333252,-0.15255966782569885,-0.4811287224292755,-0.2002987116575241,1.0
-0.05961424112319946,-0.198580801486969,-0.5560790300369263,0.26149025559425354,0.0017746095545589924,0.18165719509124756,-0.5829668045043945,0.21657618880271912,0.0
-0.008259087800979614,0.6132858991622925,-0.4309093654155731,0.06649695336818695,0.18369941413402557,-0.1930810958147049,-0.5312609076499939,-0.19799357652664185,1.0
-0.5668959021568298,0.27647271752357483,-0.3079031705856323,-0.1574985235929489,-0.04440005496144295,-0.1269988864660263,-0.5091509819030762,-0.12338269501924515,1.0
-0.521135687828064,0.4435656666755676,-0.39260369539260864,-0.11278856545686722,-0.09256929159164429,-0.17648205161094666,-0.4205697178840637,-0.1829008311033249,1.0
0.12350320816040039,0.2588241994380951,-0.3949591815471649,-0.4799197018146515,-0.1450941115617752,0.23876869678497314,-0.42942309379577637,-0.5095813870429993,0.0
-0.27814027667045593,0.3333842158317566,-0.09640905261039734,-0.2580651640892029,-0.24503982067108154,-0.1688942164182663,-0.6728194355964661,-0.004850983619689941,0.0
-0.44000864028930664,0.3379649817943573,-0.31529146432876587,0.013342149555683136,-0.026419030502438545,-0.37127557396888733,-0.4182932674884796,-0.011877685785293579,1.0
-0.060095638036727905,0.6257175207138062,0.004858940839767456,-0.2113478183746338,-0.24200910329818726,-0.31351393461227417,-0.3400269150733948,-0.5482628345489502,1.0
-0.7956046462059021,0.23616072535514832,-0.3292185366153717,0.02350243180990219,0.1039646789431572,-0.019663259387016296,-0.3447069525718689,-0.17456302046775818,0.0
-0.5825936794281006,0.12989573180675507,0.05484640598297119,-0.34710726141929626,-0.03201654553413391,-0.4201158881187439,-0.32207342982292175,-0.2827646732330322,1.0
-0.5859910249710083,-0.027527034282684326,-0.12423892319202423,-0.05329855903983116,0.22704651951789856,0.029668956995010376,-0.6963738799095154,-0.12838506698608398,0.0
-0.4412457346916199,0.3464781641960144,-0.06761178374290466,-0.10009146481752396,-0.024551810696721077,-0.23263224959373474,-0.635107159614563,-0.18337824940681458,1.0
-0.37408119440078735,0.515841543674469,-0.097138911485672,-0.10013251006603241,-0.12804970145225525,-0.250603049993515,-0.47920432686805725,-0.1766882687807083,1.0
-0.7851264476776123,0.11875355243682861,-0.09936095774173737,-0.06844169646501541,0.011319804936647415,-0.19593890011310577,-0.29759615659713745,-0.23502640426158905,0.0
-0.17926852405071259,0.5020282864570618,-0.14813652634620667,-0.09269744157791138,-0.29856643080711365,-0.09692700207233429,-0.6231046319007874,-0.14218367636203766,1.0
0.11472371220588684,0.8046777844429016,-0.3725038170814514,-0.2350800335407257,0.06633415818214417,-0.0730317234992981,-0.37663018703460693,-0.31412947177886963,1.0
-0.25978031754493713,0.25381559133529663,-0.5475543141365051,-0.08063636720180511,-0.006329529918730259,-0.011149749159812927,-0.5719783902168274,-0.3879431486129761,1.0
-0.0107346773147583,0.6170974969863892,-0.5332553386688232,-0.16955673694610596,0.09819552302360535,-0.2152169942855835,-0.5275831818580627,-0.3452916145324707,1.0
-0.22472701966762543,0.3828965127468109,-0.3119657635688782,-0.020501799881458282,-0.28857341408729553,-0.18299239873886108,-0.6498080492019653,-0.10889719426631927,1.0
-0.37849459052085876,0.2906914949417114,0.05669942498207092,-0.2279163897037506,0.02098294533789158,-0.27396953105926514,-0.639696478843689,-0.08240143954753876,0.0
-0.8456414937973022,0.032678455114364624,0.07991847395896912,-0.11813169717788696,0.08808726072311401,-0.27188771963119507,-0.23295916616916656,-0.25992274284362793,0.0
-0.8209154605865479,0.08806762099266052,-0.26257386803627014,-0.1371326893568039,0.3040229380130768,-0.014230161905288696,-0.31155115365982056,-0.24806365370750427,0.0
-0.28473371267318726,0.3522547483444214,-0.3565319776535034,-0.05344455689191818,-0.18077526986598969,-0.19613005220890045,-0.7031322717666626,-0.23910456895828247,1.0
0.2622845768928528,0.38505738973617554,0.06520190834999084,0.36666953563690186,0.12783893942832947,-0.5442572832107544,-0.3766844868659973,-0.39884668588638306,0.0
-0.46470728516578674,0.2606770992279053,0.11526620388031006,-0.3296841084957123,0.03618508204817772,-0.28223860263824463,-0.4689875543117523,-0.029239214956760406,0.0
0.002699553966522217,0.8206923007965088,-0.36356550455093384,-0.2033429890871048,0.03685350716114044,0.0024004727602005005,-0.3809340298175812,-0.177444189786911,1.0
-0.7291591763496399,0.20370444655418396,-0.3809010982513428,0.05338028073310852,0.03392990678548813,-0.021301202476024628,-0.38027432560920715,-0.18086424469947815,1.0
-0.6931514739990234,0.2010502815246582,-0.1714349389076233,-0.022603310644626617,0.10377772152423859,-0.163848876953125,-0.46944257616996765,-0.1255592703819275,1.0
-0.5210028886795044,0.06842473149299622,0.00257188081741333,-0.32523229718208313,0.03218850493431091,-0.16201773285865784,-0.6681626439094543,-0.1872550994157791,0.0
-0.32243990898132324,0.3241322636604309,-0.041507259011268616,-0.3433782160282135,0.041945092380046844,-0.24400657415390015,-0.48873981833457947,-0.3225973844528198,1.0
-0.21432726085186005,0.3172035217285156,-0.5521091818809509,-0.10698604583740234,0.09829812496900558,-0.34285297989845276,-0.4109532833099365,0.1359718143939972,1.0
0.25204700231552124,-0.20468366146087646,-0.31152722239494324,-0.7648988366127014,-0.18684646487236023,0.03812618553638458,0.20728319883346558,-0.41667303442955017,0.0
-0.509915828704834,0.48893600702285767,-0.35062119364738464,-0.08999714255332947,-0.08224377781152725,-0.11335787177085876,-0.42718634009361267,-0.17926347255706787,0.0
-0.6857470273971558,0.03303617238998413,0.05715176463127136,-0.16744309663772583,0.016669174656271935,-0.240229070186615,-0.4859076142311096,-0.2386164665222168,1.0
-0.45375335216522217,0.5531779527664185,-0.3624698519706726,-0.11919482052326202,-0.0726441815495491,-0.16275271773338318,-0.402912974357605,-0.0420035719871521,1.0
-0.5407307744026184,0.47751253843307495,-0.440779447555542,-0.09020094573497772,-0.12195871025323868,-0.2025037407875061,-0.3778054714202881,-0.154464453458786,1.0
-0.007928192615509033,0.20023831725120544,-0.20443105697631836,0.23056262731552124,0.16188056766986847,-0.6455450057983398,0.041806578636169434,-0.39928171038627625,0.0
-0.8832733631134033,0.1956416666507721,-0.3137984573841095,-0.055301517248153687,0.043496593832969666,-0.08956508338451385,-0.11703595519065857,-0.18399649858474731,1.0
0.04832273721694946,0.5308898687362671,-0.3265955448150635,0.12883897125720978,0.07903362065553665,-0.2856612205505371,-0.6124210357666016,-0.3640880286693573,1.0
-0.05174940824508667,0.7059483528137207,-0.1977621465921402,-0.22048696875572205,-0.010274643078446388,-0.10809020698070526,-0.426360160112381,-0.35772597789764404,1.0
-0.6943224668502808,0.2193106859922409,-0.4449009895324707,-0.033786218613386154,-0.07133743911981583,-0.14901013672351837,-0.34219422936439514,-0.21630816161632538,0.0
-0.4719492495059967,0.381014347076416,-0.4843277931213379,0.03882381319999695,-0.028097156435251236,-0.22676926851272583,-0.5415703058242798,-0.09882939606904984,1.0
-0.040564000606536865,0.15195420384407043,-0.5549523830413818,-0.17421510815620422,-0.1284443885087967,0.021808043122291565,-0.5476576685905457,-0.038881801068782806,0.0
-0.65761399269104,0.2573525905609131,-0.5044079422950745,-0.02735811099410057,-0.13987354934215546,-0.10464499145746231,-0.30489563941955566,-0.20127639174461365,1.0
-0.1613713949918747,0.2753157615661621,-0.3185921013355255,-0.39770641922950745,-0.31627729535102844,-0.20870128273963928,-0.3534758985042572,-0.2726256251335144,0.0
-0.630756676197052,0.02283579111099243,-0.22712548077106476,-0.09701866656541824,0.2710113227367401,0.068565234541893,-0.738452672958374,-0.19385367631912231,0.0
-0.5611411333084106,0.2016269862651825,-0.07318159937858582,-0.09598934650421143,0.16404511034488678,-0.03974207490682602,-0.7572551965713501,-0.07288839668035507,1.0
0.025081098079681396,0.5810946226119995,-0.2990192174911499,0.18757271766662598,0.12974317371845245,-0.24659430980682373,-0.47638607025146484,-0.1847352832555771,1.0
-0.46948033571243286,0.3031882047653198,-0.40378326177597046,-0.008961021900177002,-0.08482245355844498,-0.0023071318864822388,-0.5745284557342529,-0.2365853488445282,0.0
-0.244834303855896,0.5243640542030334,-0.3317147493362427,0.024317651987075806,-0.11014091968536377,-0.18615421652793884,-0.6330369114875793,-0.25924763083457947,1.0
-0.076041579246521,0.41299381852149963,-0.3142911195755005,0.0849691778421402,0.2098306119441986,-0.09356500208377838,-0.6961739659309387,-0.059799596667289734,0.0
-0.5868335962295532,0.06178930401802063,-0.14232397079467773,-0.10321567207574844,0.23319433629512787,-0.04871092736721039,-0.7477247714996338,-0.21226178109645844,0.0
-0.7792747020721436,0.11646808683872223,-0.19629058241844177,-0.16358469426631927,0.1501959264278412,-0.13959115743637085,-0.35443344712257385,-0.17208456993103027,1.0
-0.7542833089828491,0.003322780132293701,0.039706915616989136,-0.1329529583454132,0.0799366682767868,-0.12960751354694366,-0.5282353758811951,-0.0923381894826889,1.0
-0.6434600353240967,0.12523818016052246,0.04074135422706604,-0.16187968850135803,0.0006697443313896656,-0.3443487882614136,-0.4665684103965759,-0.13806618750095367,0.0
-0.7503503561019897,0.31358739733695984,-0.5029306411743164,0.06834743916988373,0.028664518147706985,-0.025162428617477417,-0.27898699045181274,-0.2580147683620453,0.0
-0.6749335527420044,0.374159574508667,-0.5056201815605164,-0.04111742973327637,-0.06202702969312668,-0.1652534306049347,-0.3071697950363159,-0.1328236609697342,1.0
-0.7720091342926025,0.22278821468353271,-0.3449828028678894,-0.08711036294698715,0.13853971660137177,-0.07428619265556335,-0.18732166290283203,-0.2836330533027649,0.0
-0.8041871786117554,0.20586779713630676,-0.37455251812934875,0.029270298779010773,-0.1445244699716568,-0.27710044384002686,-0.21311655640602112,-0.10459062457084656,1.0
-0.5020967125892639,0.49918121099472046,-0.22228693962097168,-0.022287938743829727,-0.16622161865234375,-0.23064354062080383,-0.34547677636146545,-0.1582469940185547,1.0
-0.45587921142578125,0.08861048519611359,-0.17746546864509583,-0.18104901909828186,0.19221025705337524,-0.048078060150146484,-0.8550032377243042,-0.16752369701862335,0.0
-0.6382108330726624,0.4409846067428589,-0.21574121713638306,-0.0624142549932003,-0.20687100291252136,-0.26328057050704956,-0.17202720046043396,-0.15186968445777893,1.0
0.3457276225090027,-0.7240272760391235,-0.6466001272201538,-0.5397325754165649,-0.1726137101650238,-0.08855795115232468,-0.1753166913986206,-0.025789774954319,0.0
-0.46729883551597595,0.32076629996299744,-0.30546194314956665,-0.14708742499351501,0.21353936195373535,0.023182690143585205,-0.6578297019004822,-0.1577366292476654,0.0
-0.6373260021209717,0.2875916361808777,-0.2721483111381531,-0.017214655876159668,-0.04851965978741646,-0.07916359603404999,-0.4007665812969208,-0.17005285620689392,0.0
-0.45852595567703247,0.5391042232513428,-0.4872246980667114,-0.06327009946107864,-0.04616551473736763,-0.0543021634221077,-0.5677332878112793,-0.05800881236791611,1.0
-0.2611671984195709,0.3110971748828888,0.09486344456672668,-0.12032687664031982,0.1701589822769165,-0.11310215294361115,-0.5016614198684692,-0.3075561225414276,0.0
-0.16753822565078735,1.000000238418579,0.17003962397575378,-0.12813328206539154,0.30654996633529663,-0.27076125144958496,0.4999852180480957,0.7489995956420898,0.0
-0.5643529891967773,0.2624228894710541,-0.07834327220916748,-0.07043567299842834,0.1160648986697197,-0.12669135630130768,-0.5715073347091675,-0.1484433114528656,0.0
-0.7429512143135071,0.2569451928138733,-0.3187279999256134,0.03754375874996185,-0.1968223601579666,-0.18889537453651428,-0.23026412725448608,-0.16445598006248474,1.0
-0.6595456004142761,0.2889302968978882,-0.44203341007232666,-0.03634126856923103,0.03247297555208206,-0.12994739413261414,-0.3879414200782776,-0.10632389783859253,1.0
-0.7594184875488281,0.08826945722103119,-0.22876735031604767,-0.05094211921095848,-0.004431650508195162,-0.18373847007751465,-0.35811755061149597,-0.189522385597229,1.0
-0.8899849653244019,0.11679591238498688,-0.5267502069473267,0.1228490024805069,0.1587473750114441,0.07830356061458588,-0.16330531239509583,-0.23987147212028503,1.0
-0.3807198107242584,0.5107443928718567,-0.23189237713813782,-0.08122610300779343,0.10318461805582047,-0.0139397531747818,-0.7426791191101074,-0.1242067962884903,0.0
-0.2989955246448517,0.5720881223678589,-0.2232263684272766,-0.03329411521553993,-0.13954593241214752,-0.1498178392648697,-0.5677413940429688,-0.19001244008541107,1.0
-0.15813614428043365,0.5055389404296875,-0.5463461875915527,-0.10458032786846161,0.02306411787867546,-0.29646146297454834,-0.6167218685150146,-0.13864047825336456,1.0
-0.38023024797439575,0.5101104974746704,-0.3121808171272278,-0.14704644680023193,-0.060755498707294464,-0.10688164085149765,-0.6143676042556763,-0.08905288577079773,1.0
0.026750177145004272,0.7206746935844421,-0.38810208439826965,-0.2381047159433365,0.040422771126031876,-0.1335342675447464,-0.42015400528907776,-0.17835287749767303,1.0
0.275520384311676,-0.6044033765792847,-0.7054190039634705,-0.45153674483299255,-0.025428470224142075,-0.019727498292922974,-0.24446545541286469,-0.08850598335266113,0.0
-0.3687591552734375,0.12357552349567413,-0.4737803339958191,-0.0917806327342987,0.5083653926849365,-0.34686458110809326,-0.40259668231010437,0.06155429780483246,0.0
-0.8264660239219666,0.04344630241394043,-0.062002986669540405,-0.07806787639856339,0.28774064779281616,0.01974692940711975,-0.4550865888595581,-0.12282560765743256,1.0
-0.03609746694564819,0.5964841842651367,-0.5070866346359253,-0.08680408447980881,0.09436814486980438,-0.2172432392835617,-0.5037532448768616,-0.22723272442817688,1.0
-0.07563164830207825,0.6277520656585693,-0.18367436528205872,-0.06632516533136368,-0.09247618913650513,-0.18336564302444458,-0.5783530473709106,-0.198067307472229,1.0
-0.3242151141166687,0.5763422846794128,-0.30596619844436646,-0.04983580484986305,-0.10880252718925476,-0.27277037501335144,-0.5862615704536438,-0.1031181588768959,0.0
-0.2034221738576889,0.626820981502533,-0.21508117020130157,-0.22488251328468323,-0.2541561424732208,-0.31534290313720703,-0.43394002318382263,-0.3148989677429199,1.0
-0.6782671213150024,0.23845329880714417,-0.44957512617111206,0.03428337723016739,0.02211654931306839,-0.0721590667963028,-0.4397526681423187,-0.08537312597036362,1.0
-0.8615313768386841,-0.009397685527801514,-0.20205530524253845,-0.14037495851516724,0.2418215423822403,-0.08112789690494537,-0.3630356192588806,-0.20700307190418243,0.0
-0.030766546726226807,0.4106749892234802,-0.42235374450683594,-0.2943936586380005,0.28030216693878174,-0.1375558078289032,-0.6369933485984802,-0.41142675280570984,0.0
0.08824536204338074,0.7375305891036987,0.32392770051956177,0.012287996709346771,0.3076930046081543,0.11687803268432617,-0.17699334025382996,0.2675541639328003,0.0
-0.07567232847213745,0.8358595371246338,-0.23153676092624664,-0.1868167519569397,0.013489041477441788,-0.07353714108467102,-0.2796096205711365,-0.05155498534440994,1.0
-0.25618118047714233,0.16710111498832703,-0.7013454437255859,-0.08734965324401855,-0.10628022253513336,-0.13527432084083557,-0.552036702632904,-0.04983630031347275,1.0
-0.076748788356781,0.054040998220443726,-0.039952248334884644,-0.07365067303180695,-0.2998485565185547,-0.3732737898826599,-0.3854585289955139,0.21731096506118774,0.0
-0.19209326803684235,0.680616021156311,-0.43025702238082886,-0.15016481280326843,-0.03713735565543175,-0.03673682361841202,-0.5344511270523071,-0.1865330934524536,1.0
-0.6065633296966553,0.33147940039634705,-0.12433195114135742,-0.05564376711845398,-0.047150399535894394,-0.2576485276222229,-0.4138089716434479,-0.12050273269414902,1.0
-0.3433408737182617,0.5557610392570496,-0.25804975628852844,-0.21179161965847015,-0.09677916020154953,-0.118197001516819,-0.44376131892204285,-0.2227259874343872,1.0
-0.6404457092285156,0.12618596851825714,-0.026241928339004517,-0.1341656893491745,-0.07786097377538681,-0.23192098736763,-0.4511479139328003,-0.2267594188451767,1.0
-0.8573527932167053,0.1638174057006836,-0.15853887796401978,-0.1437782645225525,0.07242166250944138,-0.11919481307268143,-0.3657088279724121,-0.09352628886699677,0.0
0.07296344637870789,0.057227879762649536,-0.03659193217754364,-0.08020314574241638,-0.35538479685783386,-0.407990425825119,-0.4831356406211853,-0.2898208498954773,0.0
-0.2973426580429077,0.5665191411972046,-0.3127589225769043,-0.0808248370885849,-0.06093015894293785,-0.09795689582824707,-0.4699957072734833,-0.2980828881263733,1.0
-0.5106706023216248,0.24527832865715027,0.09577447175979614,-0.10743407160043716,0.18937313556671143,-0.16165657341480255,-0.5502788424491882,-0.3055892586708069,0.0
-0.2169380933046341,0.1689024716615677,-0.6715108156204224,-0.061226509511470795,-0.1257760226726532,0.05238901078701019,-0.40627190470695496,-0.2211122214794159,0.0
-0.5368394255638123,0.3095508813858032,-0.1890898197889328,-0.05942757427692413,0.167009636759758,-0.05366884917020798,-0.5770164728164673,-0.1603379249572754,0.0
-0.29304587841033936,0.5873135328292847,-0.3021400272846222,-0.03992072865366936,-0.06689146906137466,-0.1281929612159729,-0.5657299757003784,-0.1555233597755432,1.0
-0.3642125427722931,0.4932151436805725,-0.3047151267528534,-0.04175993800163269,0.037042684853076935,-0.007972940802574158,-0.6862717866897583,-0.14062120020389557,0.0
-0.3750424087047577,0.4784674048423767,-0.42083409428596497,-0.10532835125923157,-0.08980268239974976,-0.09112927317619324,-0.5092984437942505,-0.20676597952842712,1.0
-0.6698129773139954,0.26638931035995483,-0.555218517780304,-0.011820979416370392,-0.11420855671167374,-0.11496800929307938,-0.31804442405700684,-0.19436106085777283,1.0
-0.13776837289333344,0.7265502214431763,-0.2393999546766281,-0.06166936457157135,0.026313280686736107,-0.13602803647518158,-0.4178967773914337,-0.12436569482088089,1.0
-0.3788396120071411,0.4212011992931366,-0.3089216649532318,-0.16110610961914062,-0.08537434041500092,-0.14610353112220764,-0.5873658657073975,-0.2476005256175995,1.0
-0.20793834328651428,0.5701911449432373,0.05599081516265869,-0.14005358517169952,-0.01123057771474123,-0.04482089728116989,-0.5615799427032471,0.04996442794799805,0.0
0.030316680669784546,0.46246421337127686,-0.45851296186447144,-0.17231501638889313,0.2155299037694931,-0.21849699318408966,-0.3254382014274597,-0.291001558303833,0.0
-0.8293482661247253,0.12375611066818237,-0.25408104062080383,0.05140131711959839,0.11892690509557724,0.004892677068710327,-0.31029748916625977,-0.2235298752784729,1.0
-0.0801299512386322,0.804582417011261,-0.2496960610151291,-0.26837122440338135,0.052970100194215775,-0.22295716404914856,-0.20804546773433685,-0.16291441023349762,1.0
-0.025121033191680908,0.15756766498088837,-0.38793596625328064,0.1252187192440033,-0.04869839549064636,-0.12012551724910736,-0.7669029235839844,-0.2031351923942566,0.0
-0.6121048331260681,0.3293602168560028,-0.2260771244764328,0.00982736051082611,-0.06041466444730759,-0.10499304533004761,-0.3859536945819855,-0.23340457677841187,1.0
0.020193874835968018,-0.02586740255355835,-0.08908191323280334,-0.4876329004764557,0.0003430189099162817,0.1986452043056488,-0.4458491802215576,-0.08942973613739014,0.0
-0.9426122307777405,0.10145992040634155,-0.4472309947013855,0.014502577483654022,0.04314383119344711,-0.05299311876296997,-0.014416247606277466,-0.27574366331100464,1.0
0.09850206971168518,0.010881364345550537,-0.2793160080909729,0.18073150515556335,-0.2622460722923279,-0.3223154544830322,-0.19991780817508698,-0.5422568917274475,0.0
-0.7742340564727783,0.041619330644607544,-0.07580900192260742,-0.21686097979545593,-0.1469271332025528,-0.2842654883861542,-0.3669182062149048,-0.1680392622947693,0.0
-0.5741567611694336,0.4609279930591583,-0.3620918393135071,0.0587279349565506,-0.05924728140234947,-0.12626072764396667,-0.30320805311203003,-0.17736807465553284,1.0
-0.7505019903182983,0.11425855755805969,-0.19837172329425812,-0.014276839792728424,-0.112931028008461,-0.25555798411369324,-0.29892992973327637,-0.19103670120239258,1.0
0.031240463256835938,0.04208171367645264,-0.15991821885108948,0.08165715634822845,-0.05581824481487274,0.09295587241649628,-0.6083530187606812,-0.26908954977989197,0.0
-0.4410341680049896,0.5939720273017883,-0.2554694414138794,-0.012540102005004883,-0.08955240249633789,-0.1041470468044281,-0.28364938497543335,-0.032862454652786255,1.0
-0.16165068745613098,0.7454876899719238,-0.19441074132919312,-0.04165970906615257,-0.08409516513347626,-0.08230338990688324,-0.4534006714820862,-0.11684219539165497,1.0
-0.27033963799476624,0.47199493646621704,-0.43986594676971436,-0.11686057597398758,-0.20324672758579254,-0.15477080643177032,-0.5717179775238037,-0.1345246285200119,1.0
-0.22025957703590393,0.5264920592308044,0.2861751914024353,-0.2371731847524643,-0.08868300169706345,-0.3185061812400818,-0.42525848746299744,-0.24686789512634277,0.0
-0.1756606549024582,0.5364689826965332,-0.3181639611721039,-0.18549643456935883,-0.3017728924751282,-0.031104348599910736,-0.6242839097976685,-0.20438171923160553,1.0
-0.6494194269180298,0.18234895169734955,-0.1524791121482849,0.0263870507478714,0.23733684420585632,-0.08026182651519775,-0.43191224336624146,-0.27200138568878174,0.0
-0.40617117285728455,0.4084811806678772,-0.21318183839321136,-0.03248782828450203,-0.2575673460960388,-0.2295645773410797,-0.4989983141422272,-0.15122900903224945,1.0
-0.4760130047798157,0.3077605664730072,-0.015468314290046692,-0.28101760149002075,-0.07633199542760849,-0.38511747121810913,-0.49974244832992554,-0.2298811972141266,1.0
-0.4578557312488556,0.22163382172584534,-0.3810546100139618,-0.10632243752479553,-0.22419120371341705,-0.15498459339141846,-0.5168220400810242,-0.033025190234184265,1.0
-0.9538776874542236,0.16071540117263794,-0.349054217338562,0.044545456767082214,-0.029102718457579613,-0.04922857880592346,0.10095912218093872,-0.317146360874176,0.0
-0.4654550552368164,0.4440653920173645,-0.49350619316101074,-0.08027229458093643,-0.11615639925003052,0.03656524419784546,-0.5287004113197327,-0.23047906160354614,1.0
-0.1260995864868164,0.2777125835418701,-0.48353809118270874,-0.16668877005577087,0.30900147557258606,-0.5590498447418213,-0.232020303606987,0.24902671575546265,1.0
-0.5577429533004761,0.27413272857666016,-0.2008334845304489,-0.15323461592197418,0.09239441156387329,-0.09053896367549896,-0.5629706382751465,-0.19103606045246124,0.0
-0.17760659754276276,0.44270938634872437,-0.2673003375530243,-0.26549211144447327,0.017876045778393745,-0.1742391586303711,-0.6555063724517822,-0.40269243717193604,1.0
-0.32209116220474243,0.42542320489883423,-0.23663395643234253,-0.21069636940956116,0.039455801248550415,-0.3113213777542114,-0.5557049512863159,-0.027021966874599457,1.0
0.8272297978401184,-0.90346360206604,-0.5387605428695679,-0.559912919998169,-0.08007020503282547,-0.4250984191894531,0.003426164388656616,-0.37867480516433716,0.0
-0.4513308107852936,0.33256348967552185,-0.07544124126434326,-0.07256613671779633,0.08373448997735977,-0.19318941235542297,-0.5164365172386169,-0.10136354714632034,0.0
-0.5265193581581116,0.4342706501483917,-0.5102355480194092,-0.08845512568950653,-0.04393616318702698,-0.06059747189283371,-0.38812968134880066,-0.24779944121837616,1.0
-0.17159882187843323,0.6378324031829834,-0.24733427166938782,-0.017554834485054016,-0.18086381256580353,-0.1284485012292862,-0.5785601139068604,-0.21706625819206238,1.0
-0.4391421973705292,0.22420427203178406,-0.09583625197410583,-0.21162520349025726,0.223202183842659,0.006576791405677795,-0.8011395931243896,-0.1755979210138321,1.0
-0.2045595943927765,0.2659214437007904,0.06301510334014893,-0.07456792145967484,-0.1845007985830307,-0.03375224769115448,-0.6368516087532043,-0.16751626133918762,0.0
-0.411366730928421,0.4533112645149231,-0.006942540407180786,-0.14203377068042755,-0.08352050930261612,-0.20913845300674438,-0.5402661561965942,0.03704728186130524,0.0
-0.2191973775625229,0.1397523730993271,0.08530199527740479,-0.4587402045726776,-0.10987766832113266,-0.21407181024551392,-0.6329360604286194,-0.4154638648033142,1.0
-0.11534805595874786,0.30360639095306396,-0.6450128555297852,0.16256728768348694,0.3330877125263214,-0.3920044004917145,-0.4526769816875458,0.14758101105690002,0.0
0.2076890468597412,-0.3047611713409424,-0.40677204728126526,0.2749933898448944,-0.1656942218542099,-0.12230908870697021,-0.46332988142967224,0.02938877046108246,0.0
-0.3640510141849518,0.37053465843200684,-0.3461143374443054,-0.001398921012878418,-0.19914406538009644,-0.21923395991325378,-0.5572541952133179,-0.22238987684249878,1.0
-0.11431948840618134,0.7611504793167114,-0.43368059396743774,-0.1536792367696762,0.11088579893112183,-0.06516417115926743,-0.3513934910297394,0.06507691740989685,1.0
-0.8469043970108032,0.0010425150394439697,-0.2186422049999237,0.029262281954288483,0.27185961604118347,-0.01470552384853363,-0.3892454206943512,-0.22536017000675201,1.0
-0.6294859647750854,0.22465470433235168,-0.1715693473815918,-0.03474189341068268,-0.06590531766414642,-0.16386625170707703,-0.4756074845790863,-0.1781570315361023,1.0
-0.20438586175441742,0.528688907623291,-0.488591730594635,0.11462177336215973,0.11901203542947769,0.04569895565509796,-0.5154955983161926,-0.23102083802223206,1.0
-0.4321630597114563,0.26667845249176025,-0.22419360280036926,-0.260509729385376,-0.2029280811548233,-0.260515958070755,-0.5665343999862671,-0.188041090965271,1.0
-0.5534948706626892,0.17164838314056396,-0.01053871214389801,-0.07813309878110886,0.13487006723880768,-0.15460602939128876,-0.5786340236663818,-0.23219752311706543,0.0
-0.24804583191871643,0.613426923751831,-0.3700949549674988,-0.16418546438217163,-0.15272775292396545,-0.20112702250480652,-0.5311605930328369,-0.2191755175590515,1.0
0.06289631128311157,0.8165087699890137,-0.26983195543289185,-0.2920597195625305,0.035696931183338165,-0.20844583213329315,-0.21826261281967163,-0.3409827947616577,1.0
-0.6878334283828735,0.2787035405635834,-0.41841551661491394,-0.08142062276601791,0.05455765500664711,-0.11805830895900726,-0.3335776925086975,-0.2220907211303711,0.0
-0.25735974311828613,0.5999799966812134,-0.3708990812301636,0.0037530213594436646,-0.026335621252655983,-0.13460463285446167,-0.5304754972457886,-0.1095009446144104,1.0
-0.5076106190681458,0.2754591107368469,-0.2814393937587738,-0.15074530243873596,0.051043424755334854,-0.1627700924873352,-0.6013733148574829,-0.17466571927070618,1.0
-0.1767800748348236,-0.0501248836517334,-0.14828729629516602,-0.07068629562854767,-0.3956039547920227,-0.32808804512023926,-0.40800410509109497,-0.0015807002782821655,0.0
-0.30342477560043335,0.3050428628921509,-0.06503261625766754,-0.06828390061855316,0.1799640953540802,-0.11552265286445618,-0.8363110423088074,-0.17889365553855896,0.0
-0.3502832055091858,0.680578887462616,-0.33696070313453674,-0.1636129915714264,-0.07366570085287094,-0.023437142372131348,-0.3547115623950958,0.03765116631984711,1.0
-0.8785041570663452,0.0010152161121368408,-0.37227314710617065,-0.06929522752761841,0.2069961577653885,0.012665987014770508,-0.266910195350647,-0.2739821970462799,1.0
-0.45446619391441345,0.05742359161376953,-0.469532310962677,-0.09977816045284271,-0.1577180027961731,-0.05257546156644821,-0.3778008222579956,-0.1473040133714676,0.0
-0.9754014611244202,0.16319696605205536,-0.4146207571029663,-0.006785929203033447,-0.0741969645023346,-0.16357707977294922,0.14818108081817627,-0.3161127269268036,1.0
0.31171727180480957,0.6003798246383667,-0.30312690138816833,0.1248636394739151,0.176136776804924,-0.3617633283138275,-0.44406795501708984,-0.4153977930545807,1.0
0.393680214881897,-0.6190260648727417,-0.11341394484043121,0.4056084156036377,0.14580054581165314,-0.5397645235061646,-0.25703245401382446,0.04236967861652374,0.0
-0.6317371129989624,0.38539978861808777,-0.3637169301509857,0.0268123596906662,-0.018567148596048355,-0.111685611307621,-0.37639185786247253,-0.1283014565706253,1.0
-0.6776423454284668,0.20730412006378174,-0.1618202030658722,-0.14550119638442993,0.12221501767635345,-0.03695112466812134,-0.508790910243988,-0.16684550046920776,1.0
-0.32291486859321594,0.22128596901893616,-0.25938087701797485,-0.21316227316856384,0.126957967877388,0.027788743376731873,-0.8463093042373657,-0.10234253108501434,0.0
-0.3356626033782959,0.6647963523864746,-0.4569692015647888,-0.06332644820213318,0.14188477396965027,-0.1544155776500702,-0.27559104561805725,0.22139617800712585,1.0
-0.30091792345046997,0.28703564405441284,-0.644924521446228,0.13800634443759918,0.2602909505367279,-0.20515409111976624,-0.32531845569610596,0.1575658619403839,0.0
0.28450947999954224,0.5534010529518127,-0.23043039441108704,-0.5071030855178833,0.4340081214904785,0.33950892090797424,-0.24613040685653687,-0.5745857954025269,0.0
-0.11509132385253906,0.5474686622619629,-0.48400959372520447,0.025853507220745087,0.11798690259456635,-0.21930520236492157,-0.521004319190979,-0.13714152574539185,1.0
0.04353201389312744,0.8875192403793335,-0.33853742480278015,-0.24913719296455383,0.049412596970796585,0.07394132018089294,-0.3555991053581238,-0.20672443509101868,1.0
-0.47369998693466187,0.2074207216501236,-0.6706154346466064,0.1655416488647461,0.08209941536188126,-0.035707972943782806,-0.5228209495544434,-0.048286207020282745,1.0
-0.7134900093078613,0.38540118932724,-0.5132722854614258,0.0011909008026123047,0.051405169069767,0.007864102721214294,-0.23211704194545746,-0.11302010715007782,1.0
0.5632834434509277,0.2642604410648346,0.8065987229347229,0.41556674242019653,0.3588297665119171,-0.2810347080230713,0.743821918964386,-0.5175908803939819,0.0
0.11270079016685486,0.01962512731552124,-0.5015732049942017,0.13391628861427307,-0.1471981406211853,-0.08945998549461365,-0.5644364356994629,-0.07370121031999588,0.0
0.2420649528503418,0.6880236864089966,0.671410083770752,-0.007862940430641174,0.2789870798587799,-0.3155662417411804,0.12797009944915771,-0.19552300870418549,0.0
0.07891693711280823,0.25307077169418335,-0.1196412593126297,-0.024065516889095306,0.40941283106803894,-0.3576955795288086,-0.5905333757400513,0.14259889721870422,0.0
-0.4776364862918854,0.2805764675140381,-0.14497016370296478,-0.0848488137125969,-0.3124436140060425,-0.417169988155365,-0.4905249774456024,-0.17317958176136017,0.0
-0.501367449760437,0.438681960105896,-0.3092046082019806,0.01513158529996872,0.006056629121303558,-0.06445954740047455,-0.5173889398574829,-0.1002708226442337,1.0
0.05269324779510498,0.1640666127204895,-0.3746064305305481,0.22749564051628113,-0.20204150676727295,0.04140627384185791,-0.6053734421730042,-0.0640566423535347,0.0
-0.5932873487472534,0.45560741424560547,-0.5220973491668701,0.0010373741388320923,0.047780368477106094,-0.003284439444541931,-0.3754821717739105,0.05545145273208618,1.0
-0.47829148173332214,0.3256211280822754,-0.23272018134593964,-0.12207835912704468,0.03466217219829559,-0.11681243777275085,-0.4581342935562134,-0.14041844010353088,0.0
-0.8416632413864136,0.06753522157669067,-0.25396108627319336,-0.011419348418712616,-0.02603529393672943,-0.20829103887081146,-0.2474990040063858,-0.1525833159685135,1.0
-0.665511965751648,0.4243619740009308,-0.4533544182777405,-0.02335422858595848,-0.13501623272895813,-0.10249138623476028,-0.34663164615631104,-0.0870630294084549,1.0
-0.8737776279449463,0.10999175906181335,-0.37765467166900635,0.09394288063049316,0.188712477684021,0.01266932487487793,-0.12466752529144287,-0.3440166711807251,0.0
-0.31473496556282043,0.3287796974182129,-0.17289620637893677,-0.05893909931182861,0.16728100180625916,-0.25935012102127075,-0.3083685040473938,-0.20986148715019226,1.0
-0.664368748664856,0.4109467566013336,-0.31645479798316956,-0.08516638725996017,-0.18673108518123627,-0.21276520192623138,-0.18865464627742767,-0.18270942568778992,1.0
-0.4139939546585083,0.44661739468574524,-0.18722565472126007,-0.06008182466030121,-0.09954452514648438,-0.21550484001636505,-0.526344358921051,-0.20707707107067108,1.0
-0.25979864597320557,0.5200442671775818,-0.1003478616476059,-0.05841682851314545,-0.17326155304908752,-0.30695560574531555,-0.5510245561599731,-0.23858073353767395,1.0
-0.5155858397483826,0.23200485110282898,-0.5237400531768799,-0.06418415158987045,0.07503851503133774,-0.3627166450023651,-0.239005446434021,0.07300117611885071,1.0
0.26219117641448975,0.2536703944206238,0.3422181010246277,0.25463414192199707,0.4301818311214447,0.10042518377304077,-0.49060991406440735,-0.37089845538139343,0.0
-0.5080220699310303,0.4606143534183502,-0.3325701355934143,-0.11913326382637024,-0.13897471129894257,-0.2345932275056839,-0.34471118450164795,-0.21658942103385925,1.0
-0.4829365611076355,0.39223960041999817,-0.3064647912979126,0.020008809864521027,-0.0036963303573429585,-0.08611023426055908,-0.5575257539749146,-0.21050456166267395,0.0
-0.12878957390785217,-0.0508551299571991,-0.19233685731887817,-0.034136153757572174,0.11061244457960129,-0.28078001737594604,-1.0,0.06391152739524841,0.0
-0.39501282572746277,0.0745934247970581,-0.23637448251247406,-0.22927609086036682,0.11789922416210175,0.03755578398704529,-0.7295831441879272,-0.1932322084903717,0.0
-0.43201786279678345,0.48750925064086914,-0.2398894876241684,-0.16824090480804443,-0.06701641529798508,-0.13227757811546326,-0.4567045569419861,-0.1884436160326004,1.0
-0.4786095917224884,0.33236169815063477,-0.224085733294487,0.005101531744003296,0.07164909690618515,-0.07268304377794266,-0.5658060312271118,-0.2634609341621399,1.0
-0.024793773889541626,0.02249392867088318,-0.6364402174949646,-0.14766892790794373,0.8362328410148621,-1.0,0.3425385355949402,0.32607734203338623,0.0
-0.3113131821155548,0.08575768768787384,-0.11102406680583954,-0.15319952368736267,0.06616435945034027,-0.2301456779241562,-0.8732373714447021,-0.10361440479755402,0.0
-0.6538721323013306,0.29953446984291077,-0.17286333441734314,-0.04844238609075546,-0.02592775598168373,-0.17460747063159943,-0.39529213309288025,-0.17649605870246887,1.0
-0.060817718505859375,0.2560262680053711,-0.6375240683555603,0.2026761770248413,0.056254688650369644,0.020292729139328003,-0.7460306286811829,0.06109181046485901,1.0
-0.10926690697669983,0.7171531319618225,-0.3012829124927521,-0.17686641216278076,-0.029610877856612206,-0.17366087436676025,-0.4448886513710022,-0.1271418333053589,1.0
-0.29576587677001953,0.47908949851989746,-0.008628010749816895,-0.036069102585315704,-0.11901841312646866,-0.2639423608779907,-0.543136715888977,-0.14983223378658295,0.0
-0.36839306354522705,0.2480776011943817,-0.23980927467346191,-0.1985643208026886,0.03593965619802475,-0.03677655756473541,-0.7837243676185608,-0.15652276575565338,1.0
-0.4240359663963318,0.20180261135101318,-0.12505578994750977,-0.08232720196247101,-0.31840625405311584,-0.3780328631401062,-0.5475687980651855,-0.17716266214847565,0.0
-0.11500512063503265,0.760485053062439,-0.16117805242538452,-0.3503240942955017,-0.05969811975955963,-0.2204102873802185,-0.16487666964530945,-0.10603208094835281,0.0
-0.370767205953598,0.5456153154373169,-0.05393266677856445,-0.04815713316202164,-0.19310159981250763,-0.22086456418037415,-0.07428744435310364,-0.09934533387422562,0.0
-0.2693983018398285,0.531720757484436,-0.025281816720962524,-0.10794547200202942,-0.4250970184803009,-0.11765803396701813,-0.5080885887145996,-0.07100261002779007,0.0
0.10008281469345093,0.29793083667755127,-0.42533791065216064,-0.3459976017475128,0.300253301858902,-0.6049801111221313,-0.1757698357105255,0.029230400919914246,0.0
-0.5505968332290649,0.15065154433250427,0.19543427228927612,-0.18674081563949585,0.00299328425899148,-0.23393388092517853,-0.6387169361114502,-0.17960353195667267,1.0
-0.4454291760921478,0.4290196895599365,-0.17440016567707062,-0.030042584985494614,-0.04233107715845108,-0.22327059507369995,-0.46456292271614075,-0.18387122452259064,1.0
0.27806228399276733,-0.17345646023750305,-0.3712001144886017,-0.5006983280181885,0.007299698889255524,0.46755343675613403,-0.3576529622077942,-0.3775520622730255,0.0
-0.47843047976493835,0.3325011134147644,-0.22122196853160858,-0.21892903745174408,-0.21460632979869843,-0.20826083421707153,-0.48456183075904846,-0.20551235973834991,1.0
-0.6082659363746643,0.4458218216896057,-0.4186870753765106,-0.05468158423900604,-0.044447194784879684,-0.06588229537010193,-0.28253844380378723,-0.2215571105480194,0.0
-0.5685570240020752,0.4491714835166931,-0.3431079685688019,0.02597726136445999,0.08180102705955505,-0.0834784209728241,-0.2448500543832779,-0.13090041279792786,0.0
-0.4373890161514282,0.16547805070877075,-0.21027447283267975,-0.27912408113479614,-0.1611473113298416,-0.24938228726387024,-0.5177136659622192,-0.2099904716014862,0.0
-0.05232110619544983,0.6231229305267334,-0.2804972231388092,-0.44274041056632996,0.08032534271478653,0.18909510970115662,-0.2846912145614624,-0.3444287180900574,0.0
-0.6843687295913696,0.17199254035949707,-0.1530681699514389,-0.16404125094413757,0.0415031835436821,-0.22204476594924927,-0.3447127938270569,-0.26951050758361816,0.0
-0.5933367013931274,0.20464837551116943,-0.10103832185268402,-0.2328668087720871,0.265326589345932,-0.02490062266588211,-0.5565323829650879,-0.10225678235292435,0.0
-0.688328742980957,0.09687846899032593,-0.09043334424495697,-0.08198085427284241,0.11321564763784409,-0.13491082191467285,-0.5223257541656494,-0.1615884006023407,0.0
-0.6396450400352478,0.2855590879917145,-0.41633909940719604,-0.10351026803255081,-0.23195992410182953,-0.2778249979019165,-0.31966471672058105,-0.18816062808036804,1.0
-0.6289052963256836,0.1353176236152649,-0.1487879455089569,-0.2116342931985855,0.22546270489692688,-0.033323511481285095,-0.4639485478401184,-0.30150938034057617,1.0
-0.17950230836868286,0.24059507250785828,-0.12035967409610748,-0.01729424297809601,-0.07038363814353943,-0.0514947846531868,-0.7649889588356018,-0.016737177968025208,0.0
-0.6505416631698608,0.18269626796245575,-0.05079154670238495,-0.2159513682126999,0.11550635099411011,-0.17979243397712708,-0.48383525013923645,-0.13634070754051208,0.0
-0.402200847864151,0.3531624972820282,-0.41289716958999634,-0.03192809596657753,-0.1790016144514084,-0.12292147427797318,-0.6629282236099243,-0.03335445374250412,1.0
-0.09206563234329224,0.49145403504371643,-0.3808087706565857,0.09652632474899292,0.10947516560554504,-0.3096485435962677,-0.623904824256897,-0.1312563270330429,1.0
-0.6190793514251709,0.375853568315506,-0.1600140631198883,-0.04191065952181816,-0.15259979665279388,-0.2797536551952362,-0.34759244322776794,-0.1672116219997406,1.0
-0.2591249346733093,0.5150993466377258,-0.1650867462158203,0.07690544426441193,-0.02633124217391014,-0.0529605969786644,-0.5874379873275757,-0.285890132188797,0.0
-0.823501467704773,0.12840886414051056,-0.08154597878456116,-0.0683879554271698,0.10331180691719055,-0.1668717861175537,-0.2217371016740799,-0.2238393872976303,1.0
-0.13616535067558289,0.41720715165138245,-0.4129294753074646,0.02092907577753067,0.005265781655907631,-0.5422323942184448,-0.5991786122322083,-0.13841572403907776,1.0
-0.35524728894233704,0.5336710214614868,-0.35198360681533813,0.04377704858779907,-0.0987260714173317,-0.15769514441490173,-0.49537593126296997,-0.15895245969295502,1.0
-0.13259318470954895,0.4212397336959839,-0.5718075037002563,-0.11880660057067871,0.1399318426847458,-0.5580228567123413,-0.6335415244102478,-0.12388873100280762,1.0
0.1221906840801239,0.07615183293819427,-0.41345900297164917,0.06287038326263428,0.6216671466827393,-0.7994573712348938,-0.06810644268989563,0.34380295872688293,0.0
-0.418308824300766,0.32736364006996155,-0.2114834487438202,-0.18652725219726562,-0.18863362073898315,-0.280686616897583,-0.5842000246047974,-0.1960483193397522,1.0
-0.6309453248977661,0.3825548589229584,-0.4725080728530884,0.10378214716911316,-0.003561811288818717,-0.061027951538562775,-0.28993767499923706,-0.26253974437713623,0.0
-0.8510971069335938,0.18924406170845032,-0.5224683284759521,0.0400942787528038,0.007188129238784313,-0.022229425609111786,-0.1631309986114502,-0.179231658577919,1.0
-0.32955700159072876,0.25760266184806824,-0.2974069118499756,-0.007887095212936401,-0.2373090535402298,-0.32579556107521057,-0.7087808847427368,-0.0962168425321579,0.0
-0.7976206541061401,0.11067506670951843,-0.3029768764972687,-0.08312609046697617,0.07775923609733582,-0.05607207864522934,-0.39263319969177246,-0.08964717388153076,1.0
-0.6130672693252563,0.3920688331127167,-0.2553635239601135,-0.026370801031589508,-0.11764276027679443,-0.25887835025787354,-0.330903023481369,-0.17016929388046265,0.0
-0.5121054649353027,0.4430108070373535,-0.301371693611145,-0.12656515836715698,-0.02194688469171524,-0.12215940654277802,-0.4071953296661377,-0.10887086391448975,1.0
0.18283909559249878,-0.29891282320022583,-0.14600540697574615,0.21957534551620483,-0.059508271515369415,-0.16224655508995056,-0.5576756000518799,0.011810407042503357,0.0
-0.15743793547153473,0.19056794047355652,-0.6287167072296143,0.110165074467659,-0.017232708632946014,-0.06698077917098999,-0.5921298265457153,-0.1497671902179718,1.0
-0.6997932195663452,0.055630385875701904,-0.17384067177772522,0.005198948085308075,0.2643420994281769,0.05871061980724335,-0.5253387093544006,-0.26834678649902344,0.0
-0.47000765800476074,0.45287469029426575,-0.2463708072900772,-0.02021145075559616,0.03770768269896507,-0.06221771985292435,-0.5376121997833252,-0.09589998424053192,0.0
-0.6728736162185669,0.38586217164993286,-0.33774417638778687,-0.10893994569778442,-0.04682009294629097,-0.14820830523967743,-0.35248124599456787,-0.2583625316619873,0.0
-0.2917090356349945,0.3827788233757019,-0.16460144519805908,-0.2898848056793213,-0.026042671874165535,-0.300320029258728,-0.5733193159103394,-0.1795678287744522,0.0
-0.656619668006897,0.257864773273468,-0.22030706703662872,-0.03994261473417282,0.1009209156036377,-0.015488803386688232,-0.5112545490264893,-0.16241365671157837,1.0
0.21633416414260864,0.41539332270622253,-0.6190280914306641,-0.5149628520011902,0.37947511672973633,-0.007853657007217407,-0.27168527245521545,-0.46978551149368286,0.0
-0.6661421060562134,0.2832595407962799,-0.36264264583587646,0.018079981207847595,-0.04426390677690506,-0.2597739100456238,-0.35150569677352905,-0.16228368878364563,1.0
-0.4693956673145294,0.3651005029678345,-0.2946026921272278,-0.062278881669044495,-0.129889577627182,-0.16133248805999756,-0.5526930093765259,-0.10508586466312408,1.0
-0.4238922595977783,0.47117364406585693,-0.2074296772480011,-0.14298337697982788,0.032503943890333176,-0.13600309193134308,-0.6135333776473999,-0.0595865398645401,0.0
-0.6453694105148315,0.12403544783592224,0.11610832810401917,-0.33067524433135986,-0.10405649244785309,-0.2035517543554306,-0.5283404588699341,-0.039879314601421356,0.0
-0.05898261070251465,0.8076524138450623,-0.21067827939987183,0.031920358538627625,0.11683416366577148,-0.11927159130573273,-0.3797081410884857,-0.14406418800354004,1.0
-0.6493365168571472,0.35720744729042053,-0.3238641619682312,0.021151840686798096,-0.01145996805280447,-0.07507868856191635,-0.34308546781539917,-0.2201349139213562,0.0
-0.056620627641677856,0.7005404829978943,-0.28248026967048645,-0.07606169581413269,-0.08734361082315445,-0.1617453247308731,-0.5229916572570801,-0.19947761297225952,1.0
0.008642524480819702,0.6764180660247803,-0.5140982866287231,-0.11184710264205933,0.1728610396385193,-0.16608060896396637,-0.46555662155151367,-0.04642975330352783,1.0
-0.24837139248847961,0.013933658599853516,-0.19695135951042175,-0.28711414337158203,-0.07038962095975876,-0.1377606987953186,-0.8210787177085876,-0.11405845731496811,0.0
-0.34422531723976135,0.48527640104293823,-0.38090604543685913,-0.002440914511680603,0.02528332732617855,-0.2004898190498352,-0.6863468885421753,-0.11729712784290314,0.0
-0.28898972272872925,0.08601206541061401,-0.39222127199172974,0.03293862193822861,-0.41087672114372253,-0.22554773092269897,-0.5168644189834595,0.18300634622573853,1.0
0.09664866328239441,0.08354933559894562,-0.2358541637659073,0.23105046153068542,-0.047532495111227036,0.22000518441200256,-0.5243610739707947,-0.3482919931411743,0.0
-0.506165623664856,0.2883450984954834,-0.3039892911911011,-0.018637649714946747,-0.03857685998082161,-0.16099673509597778,-0.6584599018096924,-0.028280794620513916,0.0
-0.1723807454109192,0.3131922483444214,-0.5153626203536987,0.09892554581165314,-0.1394103318452835,-0.172012597322464,-0.7935924530029297,-0.09730003774166107,1.0
-0.39856868982315063,0.48042887449264526,-0.27901938557624817,-0.016953185200691223,-0.1573866754770279,-0.21803444623947144,-0.4965912699699402,-0.23309141397476196,1.0
0.02278473973274231,0.2540411055088043,-0.296085000038147,0.16197362542152405,0.04236868396401405,-0.08095180988311768,-0.6578068137168884,-0.3685240149497986,0.0
0.5017096400260925,-0.22533220052719116,-0.804391622543335,-0.6396352052688599,-0.4156000018119812,0.22888696193695068,0.20412713289260864,-0.4967312216758728,0.0
-0.6915045976638794,0.040357738733291626,-0.37710505723953247,-0.09706113487482071,0.20516733825206757,0.052310436964035034,-0.5584232807159424,-0.18909958004951477,1.0
0.07011803984642029,0.11205212771892548,-0.03289675712585449,0.5255545973777771,0.5872195363044739,-0.7877919673919678,-0.0652255117893219,-0.14112314581871033,0.0
-0.33660367131233215,0.3911968469619751,0.08757433295249939,-0.16183805465698242,0.11316202580928802,-0.06852498650550842,-0.8456156253814697,-0.12839996814727783,0.0
-0.9278373718261719,0.10984756052494049,-0.3431603014469147,0.0665549784898758,0.24211180210113525,0.05013640224933624,-0.11970654129981995,-0.22618788480758667,0.0
-0.3629823327064514,0.46898406744003296,-0.010283216834068298,-0.07461877167224884,-0.32330960035324097,-0.10954322665929794,-0.5491957068443298,-0.0443657711148262,1.0
0.19268107414245605,0.24357706308364868,-0.789000391960144,-0.4320618510246277,0.18529511988162994,-0.42810386419296265,-0.014831125736236572,-0.6998157501220703,0.0
-0.2221394181251526,0.4309948682785034,-0.4803107976913452,-0.15426617860794067,-0.10597915202379227,-0.2489176243543625,-0.505682110786438,-0.16324688494205475,0.0
-0.48696935176849365,0.39271166920661926,-0.2915945053100586,-0.011020086705684662,-0.27234646677970886,-0.1846107542514801,-0.4013572633266449,-0.2104482650756836,1.0
0.08685198426246643,0.4321551024913788,-0.47843021154403687,0.1474594622850418,0.21112780272960663,-0.17411476373672485,-0.39213645458221436,-0.09675026684999466,0.0
-0.16404424607753754,0.4787731468677521,-0.4081157445907593,0.08209270238876343,0.059259846806526184,-0.24998071789741516,-0.5997954607009888,-0.21129891276359558,1.0
-0.5238423943519592,0.4239875376224518,-0.23695245385169983,0.0056638047099113464,-0.16391165554523468,-0.26605117321014404,-0.3233872950077057,-0.281787246465683,1.0
-0.5741399526596069,0.29428163170814514,-0.09452418982982635,-0.03927409276366234,-0.14613166451454163,-0.13787496089935303,-0.45418453216552734,-0.2010353058576584,1.0
-0.3698507249355316,0.5249123573303223,0.015281081199645996,-0.040802210569381714,-0.17045404016971588,-0.26729729771614075,-0.3610416650772095,-0.112567238509655,0.0
-0.34157541394233704,0.35779905319213867,0.017403125762939453,-0.3581838309764862,0.10471785068511963,-0.04099094122648239,-0.7071428298950195,-0.1494463086128235,1.0
-0.2554289400577545,0.5620735883712769,-0.17121654748916626,-0.2440940886735916,-0.08676877617835999,-0.1075637936592102,-0.4646087884902954,-0.23395541310310364,1.0
-0.12460413575172424,0.29069602489471436,-0.22904856503009796,-0.07562416791915894,0.26082196831703186,-0.3763958811759949,-0.864134669303894,0.01262502372264862,0.0
-0.7444292306900024,0.32038047909736633,-0.30168476700782776,0.019638948142528534,-0.1272658407688141,-0.23719462752342224,-0.2159218043088913,-0.24617350101470947,0.0
-0.28472593426704407,0.3863048553466797,-0.28265103697776794,-0.29774120450019836,0.0006682653911411762,-0.1801367551088333,-0.6229355335235596,-0.31484270095825195,1.0
-0.4509601891040802,0.41147154569625854,-0.4562227129936218,-0.18505483865737915,-0.06427663564682007,-0.15300539135932922,-0.5468423366546631,0.06639789044857025,0.0
-0.3294915556907654,0.5493147373199463,-0.3712620437145233,-0.15871471166610718,-0.13518670201301575,-0.2174283266067505,-0.5307682156562805,-0.17668920755386353,1.0
-0.2073100209236145,0.744775116443634,0.043506354093551636,-0.06067286431789398,0.12260116636753082,-0.0628267303109169,0.046434998512268066,0.3045356273651123,0.0
-0.49745771288871765,0.0808609277009964,0.03085312247276306,-0.30328577756881714,-0.032584525644779205,-0.2484954297542572,-0.6128474473953247,-0.2567841112613678,1.0
-0.05132529139518738,0.6392501592636108,-0.4713304042816162,0.09162767231464386,0.15019220113754272,0.15215155482292175,-0.48253095149993896,-0.1547415405511856,1.0
-0.7466744184494019,0.04234492778778076,-0.07790054380893707,-0.09848722070455551,0.2863942086696625,0.01190464198589325,-0.5317554473876953,-0.09995922446250916,0.0
-0.35099828243255615,0.39675194025039673,-0.2576901316642761,-0.03293342515826225,0.16580942273139954,-0.07302089780569077,-0.5782684087753296,-0.10099785029888153,0.0
0.2701464295387268,-0.02356770634651184,0.45858460664749146,0.33686143159866333,-0.2185157835483551,-0.08448663353919983,-0.18670359253883362,-0.38642197847366333,0.0
-0.1584242284297943,0.23129957914352417,-0.6749814748764038,-0.054153360426425934,-0.044662658125162125,0.07275520265102386,-0.5867782235145569,-0.01227414608001709,0.0
-0.5177180171012878,0.18858602643013,-0.26949870586395264,-0.1325281262397766,0.09684790670871735,-0.10486722737550735,-0.6827715039253235,-0.13521695137023926,0.0
-0.24476483464241028,0.589015007019043,-0.34174150228500366,0.04361464083194733,0.02726847305893898,-0.15335926413536072,-0.6254169940948486,-0.09646344184875488,1.0
-0.5771231651306152,0.05823320150375366,-0.22605690360069275,-0.16841928660869598,0.2871338129043579,0.05775807797908783,-0.7241694927215576,-0.2177286297082901,0.0
-0.4079171121120453,0.3844623565673828,-0.4590519964694977,-0.0932731181383133,0.027926556766033173,-0.36117780208587646,-0.46461737155914307,-0.07508282363414764,1.0
0.014341175556182861,0.4005383849143982,0.11047202348709106,-0.5106056928634644,0.4670206904411316,-0.15491695702075958,0.020794689655303955,-0.41119781136512756,0.0
-0.5810262560844421,0.443222314119339,-0.4937247633934021,-0.03369133174419403,0.03274359554052353,-0.013145603239536285,-0.3376579284667969,-0.21738575398921967,0.0
-0.7859011888504028,0.3346765339374542,-0.36280086636543274,-0.022144604474306107,0.02911434695124626,-0.014582090079784393,-0.13772448897361755,-0.2592344284057617,0.0
-0.15077827870845795,0.16173584759235382,-0.4485826790332794,-0.23500321805477142,-0.07761793583631516,0.058665916323661804,-0.5272208452224731,-0.2992279529571533,0.0
-0.804384708404541,0.16266652941703796,-0.3328026533126831,0.054214686155319214,0.04768889769911766,0.009539708495140076,-0.3363058269023895,-0.17056554555892944,0.0
-0.25587648153305054,-0.07697674632072449,-0.9272783994674683,0.1269219070672989,-0.0002607591450214386,-0.023271501064300537,-0.5854226350784302,0.40258079767227173,1.0
-0.3415483832359314,0.6026239395141602,-0.23728081583976746,-0.03320203721523285,-0.17224016785621643,-0.10507528483867645,-0.46416983008384705,-0.03483367711305618,1.0
0.0359075665473938,0.25503596663475037,-0.2125585675239563,0.38500910997390747,-0.12538066506385803,0.20164883136749268,-0.447457492351532,-0.4697524309158325,0.0
-0.41400352120399475,0.2895432412624359,-0.3320850729942322,-0.030141957104206085,-0.11340087652206421,-0.10546472668647766,-0.6607441902160645,-0.10604100674390793,0.0
-0.14539900422096252,0.6876585483551025,-0.25379446148872375,0.03428589552640915,0.057323701679706573,-0.026995673775672913,-0.47877663373947144,-0.08095653355121613,1.0
-0.42726612091064453,0.4486745595932007,-0.3017445206642151,-0.1424323171377182,-0.09511061757802963,-0.2527652978897095,-0.5096534490585327,-0.10669004172086716,1.0
-0.20556238293647766,0.6221115589141846,-0.31202974915504456,-0.016078710556030273,0.03532291203737259,-0.04986558109521866,-0.6051681041717529,-0.20948007702827454,1.0
-0.8247935771942139,0.28327709436416626,-0.2619742751121521,0.036002956330776215,-0.1286238431930542,-0.26351162791252136,0.053440749645233154,-0.2640622854232788,0.0
-0.3757624626159668,0.3724735379219055,-0.36140862107276917,0.07746239006519318,-0.14896142482757568,-0.19082483649253845,-0.6354811787605286,-0.1917426586151123,1.0
-0.5718346238136292,0.4662972092628479,-0.3869801461696625,0.06467032432556152,-0.10577958822250366,-0.0779431089758873,-0.4347044825553894,-0.12176492810249329,1.0
-0.41461193561553955,0.31135451793670654,-0.5553348064422607,0.08764372766017914,0.12763147056102753,-0.41940295696258545,-0.3085603415966034,0.08972647786140442,1.0
-0.21688437461853027,0.703952431678772,-0.2167735993862152,-0.0010963976383209229,-0.05143311619758606,-0.07485099136829376,-0.5380354523658752,-0.07459712773561478,1.0
-0.5988668203353882,0.08725489675998688,0.07468107342720032,-0.13895851373672485,0.17671522498130798,-0.14766570925712585,-0.6036390066146851,-0.23319782316684723,1.0
-0.3998759388923645,0.37521085143089294,-0.0598648339509964,-0.100240059196949,-0.09763044118881226,-0.015881039202213287,-0.5496153235435486,-0.14181391894817352,0.0
-0.7498871684074402,0.06839314103126526,-0.36860325932502747,-0.09917552024126053,0.15146155655384064,0.05215063691139221,-0.3605920076370239,-0.24842044711112976,0.0
-0.6029729247093201,0.26485690474510193,-0.3441098928451538,0.006660766899585724,-0.029872683808207512,0.05918903648853302,-0.4587521255016327,-0.03250103443861008,1.0
-0.5372652411460876,0.44795429706573486,-0.07967004179954529,-0.07530457526445389,-0.09512614458799362,-0.2596468925476074,-0.49119144678115845,-0.09154397249221802,0.0
-0.07612287998199463,0.5914567112922668,-0.4065065085887909,-0.21364887058734894,-0.12835167348384857,-0.1863933652639389,-0.568378746509552,-0.3276812732219696,1.0
-0.24557453393936157,0.6534804105758667,-0.3044648766517639,0.0903581976890564,0.0915035679936409,-0.1522884964942932,-0.4070487916469574,0.08163592219352722,1.0
0.15972495079040527,0.8416212201118469,-0.24745456874370575,-0.014870338141918182,0.04818857088685036,0.09118857979774475,-0.3993534743785858,-0.24986737966537476,1.0
-0.8541240096092224,-0.03560158610343933,-0.020019516348838806,-0.05759701505303383,0.1949656754732132,-0.15248069167137146,-0.4029737710952759,-0.19634228944778442,1.0
-0.697090744972229,0.26735445857048035,-0.354431688785553,-0.08443444222211838,-0.006900371517986059,-0.15128497779369354,-0.29444336891174316,-0.25415003299713135,1.0
-0.7734434604644775,-0.009344488382339478,-0.22027750313282013,-0.17316707968711853,0.057670582085847855,-0.08643193542957306,-0.33442044258117676,-0.259766161441803,0.0
-0.6107145547866821,0.41823479533195496,-0.36394163966178894,-0.0699518695473671,-0.06703788042068481,-0.13943985104560852,-0.3769129812717438,-0.009859129786491394,1.0
-0.3975658118724823,0.28566086292266846,0.17348891496658325,-0.2091820240020752,-0.08341176062822342,-0.39330121874809265,-0.6051841974258423,-0.23741912841796875,1.0
-0.008499205112457275,0.3685438632965088,-0.4477841854095459,0.04729287326335907,0.301394522190094,-0.4236072301864624,-0.3420390188694,-0.16430823504924774,0.0
-0.7861794233322144,0.26743578910827637,-0.268030047416687,-0.015393935143947601,-0.17306552827358246,-0.1473507583141327,-0.11819091439247131,-0.23363535106182098,0.0
0.016558408737182617,0.09047341346740723,-0.37199339270591736,-0.3028647303581238,0.6429107189178467,-0.6762657165527344,-0.13049787282943726,0.051255956292152405,0.0
-0.17478829622268677,0.6699835062026978,-0.35782644152641296,-0.04726322367787361,-0.037065427750349045,-0.08953888714313507,-0.5178513526916504,-0.20768536627292633,1.0
-0.028254210948944092,-0.03519001603126526,-0.04692022502422333,0.3074135482311249,0.09900318831205368,-0.17667032778263092,-0.6728134155273438,-0.3851161599159241,0.0
-0.29085108637809753,0.5897584557533264,-0.44584357738494873,-0.07959035038948059,-0.02424630895256996,-0.16383780539035797,-0.5611088871955872,-0.15020592510700226,1.0
-0.5665575265884399,0.42897045612335205,-0.4026191532611847,0.033166103065013885,-0.0746643915772438,-0.1521812081336975,-0.3432771861553192,-0.23335188627243042,0.0
-0.5420363545417786,0.35698121786117554,-0.27405744791030884,-0.10983258485794067,0.07709584385156631,-0.05946434289216995,-0.49577492475509644,-0.20376801490783691,0.0
-0.5888937711715698,0.3483184576034546,-0.33487972617149353,0.010928414762020111,-0.06605023890733719,-0.15168970823287964,-0.46782365441322327,-0.171543151140213,0.0
-0.6393325328826904,0.25930437445640564,-0.5303283929824829,-0.04538894072175026,-0.11022251844406128,-0.12136691063642502,-0.4210353493690491,-0.1322200745344162,1.0
-0.22566242516040802,0.6004704833030701,-0.23100218176841736,-0.03957216814160347,-0.1686793863773346,-0.18452872335910797,-0.5368598103523254,-0.29918283224105835,1.0
-0.3680667281150818,0.4654925763607025,-0.21943321824073792,-0.2767375707626343,-0.027256300672888756,-0.11509443074464798,-0.520466685295105,-0.2071858048439026,1.0
0.05624121427536011,0.08831129968166351,0.2470058798789978,-0.13964030146598816,-0.12408750504255295,0.04224897921085358,-0.6008861064910889,0.07699094712734222,0.0
-0.5685096979141235,0.446731299161911,-0.40997815132141113,-0.10910627245903015,-0.11062892526388168,-0.20214426517486572,-0.33973896503448486,-0.16215939819812775,1.0
-0.3723672330379486,0.38919562101364136,-0.11048905551433563,-0.11223452538251877,-0.12457558512687683,-0.34673523902893066,-0.5606503486633301,-0.2960827350616455,1.0
-0.2646326720714569,0.2987474799156189,-0.42998993396759033,-0.17848047614097595,-0.11109114438295364,0.014444947242736816,-0.7392822504043579,-0.006351038813591003,0.0
-0.0180949866771698,-0.15070044994354248,-0.7330501079559326,0.1651240438222885,0.018568679690361023,-0.006909653544425964,-0.7051880955696106,0.12159073352813721,0.0
-0.05690547823905945,0.013076633214950562,-0.37579405307769775,-0.3325810730457306,-0.35858672857284546,-0.3001807928085327,-0.4810894727706909,0.0950901061296463,0.0
-0.35681888461112976,0.5632584095001221,-0.3602006733417511,-0.007122829556465149,-0.0890115275979042,-0.1199394166469574,-0.593075156211853,-0.0158831924200058,1.0
-0.4510672092437744,0.26584386825561523,-0.21648357808589935,-0.21337954699993134,0.20769554376602173,-0.03337061405181885,-0.7391144037246704,-0.12413535267114639,0.0
0.8287972807884216,-0.5823715925216675,0.15004658699035645,0.5681148767471313,0.004020723048597574,-0.22919896245002747,-0.20744436979293823,-0.6359913349151611,0.0
-0.49323588609695435,0.18425768613815308,-0.22511732578277588,-0.1504812240600586,0.25994107127189636,0.005394011735916138,-0.7391722202301025,-0.14419978857040405,0.0
-0.06103959679603577,0.47721755504608154,-0.3437489867210388,0.1921067237854004,0.06473232060670853,0.002911314368247986,-0.38240474462509155,0.035777121782302856,1.0
-0.7228878736495972,0.30324214696884155,-0.3240766227245331,-0.0016473829746246338,-0.21240895986557007,-0.24228477478027344,-0.26081496477127075,-0.14565034210681915,1.0
-0.3193669617176056,0.1560129076242447,-0.0773736834526062,-0.3263709545135498,-0.040624991059303284,-0.09074905514717102,-0.7442498803138733,-0.014293074607849121,0.0
-0.027051806449890137,0.10340499877929688,-0.796985387802124,0.011003203690052032,-0.0490887425839901,-0.003907784819602966,-0.6955909729003906,-0.0009884536266326904,0.0
-0.5622281432151794,0.2290741503238678,-0.01584678888320923,-0.07906938344240189,0.08385669440031052,-0.11789298802614212,-0.6627068519592285,-0.17316488921642303,0.0
-0.47133439779281616,0.557322084903717,-0.3011696934700012,-0.08667320758104324,-0.09368368238210678,-0.18709683418273926,-0.35104623436927795,-0.07244530320167542,0.0
-0.37378206849098206,0.4933626055717468,-0.4737740755081177,-0.08907091617584229,-0.04821673408150673,-0.18808484077453613,-0.5307386517524719,-0.18215934932231903,1.0
-0.38217756152153015,0.2401426136493683,0.03318837285041809,-0.1993178427219391,0.2215808928012848,-0.11781763285398483,-0.8726791143417358,-0.1274292767047882,0.0
-0.459308922290802,0.43820884823799133,-0.33600568771362305,-0.07850104570388794,0.19598142802715302,0.033447012305259705,-0.49379581212997437,-0.17486374080181122,0.0
-0.3635406494140625,0.1367214471101761,-0.605312168598175,0.026865050196647644,-0.05398689955472946,0.09870651364326477,-0.4077552258968353,-0.20368692278862,0.0
0.21511626243591309,0.1904812753200531,-0.31951674818992615,-0.38246867060661316,-0.50681471824646,-0.3095003366470337,-0.3467141389846802,-0.33941543102264404,0.0
-0.11311095952987671,-0.11960816383361816,-0.32418856024742126,0.26041868329048157,-0.12627896666526794,-0.12520375847816467,-0.17494216561317444,-0.16108381748199463,0.0
-0.5910631418228149,0.3048551678657532,-0.11946655809879303,-0.1599855273962021,-0.010947324335575104,-0.16220617294311523,-0.4782690107822418,-0.09030674397945404,0.0
-0.580759584903717,0.3412277400493622,-0.34508976340293884,0.009525097906589508,-0.175275981426239,-0.16084502637386322,-0.40919801592826843,-0.1953190714120865,1.0
-0.4896708130836487,0.2716265320777893,-0.05739733576774597,-0.29993510246276855,-0.02380625158548355,-0.15295718610286713,-0.39455267786979675,-0.2883490025997162,0.0
0.19770139455795288,-0.11262950301170349,-0.12310750782489777,0.17153838276863098,0.08736886084079742,-0.3533327281475067,-0.5463404059410095,0.07817184925079346,0.0
0.042733192443847656,0.6354782581329346,-0.42319318652153015,0.1390727013349533,0.14668579399585724,0.06996919214725494,-0.5157182216644287,-0.19442376494407654,1.0
-0.5143561363220215,0.39659467339515686,-0.26768290996551514,-0.19637642800807953,-0.023478753864765167,-0.1138792484998703,-0.40628886222839355,-0.22805441915988922,1.0
-0.8318215608596802,0.19878056645393372,-0.31680217385292053,-0.069359190762043,-0.2089504450559616,-0.22703754901885986,-0.017830729484558105,-0.3006893992424011,0.0
0.04955407977104187,0.5231055021286011,-0.4298246502876282,0.07365748286247253,0.1253957599401474,-0.29952001571655273,-0.4542393982410431,0.010464310646057129,0.0
-0.5558781623840332,0.40147897601127625,-0.3641979396343231,0.031992897391319275,-0.012565807439386845,-0.023363888263702393,-0.42816171050071716,-0.23630696535110474,1.0
-0.10720992088317871,0.4312434792518616,-0.5647256374359131,-0.12854167819023132,0.18599747121334076,-0.4767913222312927,-0.3279001712799072,-0.17555172741413116,0.0
-0.4106762409210205,0.32803699374198914,-0.32973846793174744,-0.14813083410263062,-0.26072701811790466,-0.25067877769470215,-0.48897016048431396,0.007450774312019348,1.0
-0.08911874890327454,0.5414620637893677,-0.45726990699768066,0.04451489448547363,0.18765293061733246,-0.2188531905412674,-0.5901508927345276,0.02870391309261322,0.0
-0.365488201379776,0.5318220853805542,-0.28173521161079407,-0.01918010413646698,-0.14032423496246338,-0.1679610013961792,-0.4664030373096466,-0.23688577115535736,0.0
-0.5836363434791565,0.15745368599891663,0.1128053069114685,-0.2008037269115448,0.15909793972969055,-0.23636941611766815,-0.5211294889450073,-0.15865789353847504,0.0
-0.7647961378097534,0.28175896406173706,-0.4440206289291382,-0.01650065928697586,0.04400553181767464,-0.022240594029426575,-0.16983196139335632,-0.3089061677455902,0.0
0.10461676120758057,0.57683265209198,-0.18776556849479675,0.2220054268836975,0.17091311514377594,-0.15587542951107025,-0.4380437433719635,-0.16649334132671356,0.0
-0.3895038962364197,0.545998752117157,-0.18513965606689453,-0.19708392024040222,-0.18505381047725677,-0.11043405532836914,-0.3901296854019165,0.06248249113559723,1.0
-0.7476751208305359,0.3958902955055237,-0.3374944031238556,-0.10151562094688416,-0.057926855981349945,-0.15869542956352234,-0.2278578132390976,-0.08092297613620758,0.0
-0.6386175155639648,0.4617422819137573,-0.4129868447780609,-0.041002415120601654,-0.09057512879371643,-0.07271391153335571,-0.21700996160507202,-0.0947297215461731,0.0
-0.4640854001045227,0.5518801212310791,-0.3420430123806,-0.008259996771812439,0.12546633183956146,0.024909362196922302,-0.49966713786125183,-0.056921519339084625,0.0
-0.10668125748634338,0.757634162902832,-0.23882687091827393,-0.3374346196651459,-0.039484601467847824,-0.06394103914499283,-0.14103171229362488,0.11876612901687622,0.0
-0.8340884447097778,0.040654897689819336,-0.06279617547988892,-0.23959749937057495,0.11499914526939392,-0.1870761215686798,-0.1999315768480301,-0.3005756139755249,1.0
-0.5597548484802246,0.36134517192840576,-0.23792524635791779,-0.14502191543579102,-0.018714746460318565,-0.14007367193698883,-0.4473196566104889,-0.22748056054115295,1.0
-0.6587561368942261,0.37550267577171326,-0.4102165699005127,-0.09358437359333038,-0.09778062254190445,-0.1522844135761261,-0.2576279044151306,-0.15898311138153076,1.0
-0.1287202686071396,0.2562817931175232,-0.01785072684288025,-0.10634476691484451,0.24670159816741943,-0.7995359301567078,-0.5095665454864502,-0.015924587845802307,0.0
0.33338630199432373,0.07928335666656494,-0.45816320180892944,0.1937350034713745,-0.09160996228456497,-0.4473477005958557,-0.5466840863227844,-0.17921902239322662,0.0
-0.4941825866699219,0.4968080520629883,-0.2505083978176117,-0.02489723265171051,-0.24349242448806763,-0.20856162905693054,-0.41041263937950134,-0.20308203995227814,1.0
-0.4988420605659485,0.3440077304840088,-0.054991304874420166,-0.10888228565454483,0.041318222880363464,-0.10242611169815063,-0.6324262022972107,-0.15190766751766205,0.0
-0.4596700072288513,0.4024253189563751,-0.45153528451919556,-0.07135637104511261,-0.05441176891326904,-0.27218446135520935,-0.4797804653644562,-0.08149365335702896,1.0
-0.10182860493659973,0.41299664974212646,-0.3800778388977051,0.15242792665958405,0.09351931512355804,-0.34549155831336975,-0.5332702398300171,-0.13579730689525604,1.0
0.08626291155815125,0.6467078924179077,0.4875940680503845,0.26085424423217773,0.19351200759410858,0.021941378712654114,0.03112068772315979,-0.2936723828315735,0.0
-0.39623352885246277,0.1680971086025238,0.08801740407943726,-0.36730068922042847,-0.10359635949134827,-0.398462176322937,-0.7705893516540527,-0.04116659611463547,0.0
-0.4985318183898926,0.36201155185699463,-0.3428210914134979,-0.14929750561714172,-0.12758055329322815,-0.0783224031329155,-0.4871954619884491,-0.23832029104232788,1.0
-0.027387231588363647,0.4867268204689026,-0.3977067768573761,0.11451241374015808,0.03942732885479927,-0.40844228863716125,-0.6316030025482178,-0.26996779441833496,1.0
0.08330288529396057,0.27407151460647583,-0.5458427667617798,-0.06416680663824081,-0.18077531456947327,0.14523360133171082,-0.5109609365463257,0.048033133149147034,0.0
-0.44044458866119385,0.21039527654647827,0.052789658308029175,-0.1932145208120346,-0.2384583204984665,-0.3903922736644745,-0.5710339546203613,-0.07227310538291931,0.0
-0.616463303565979,0.4534563422203064,-0.25226840376853943,-0.03088110312819481,-0.074722521007061,-0.1659826785326004,-0.28000032901763916,-0.09754926711320877,1.0
-0.868277370929718,0.041649580001831055,-0.20701099932193756,0.03234963119029999,0.2389528602361679,0.05131848156452179,-0.3089985251426697,-0.25376635789871216,0.0
-0.15145772695541382,0.5608396530151367,-0.23636269569396973,-0.04920988902449608,-0.19481462240219116,-0.2233564555644989,-0.5873523354530334,-0.37439095973968506,1.0
-0.4777229428291321,0.49220967292785645,-0.3787840008735657,0.03819144517183304,-0.021078959107398987,-0.046969249844551086,-0.46660521626472473,-0.20871344208717346,0.0
-0.6097471714019775,0.16574177145957947,-0.1114567220211029,-0.22501952946186066,-0.21103258430957794,-0.3394341468811035,-0.3883183002471924,-0.1265760362148285,1.0
-0.051284343004226685,0.5023543238639832,-0.44131651520729065,0.09276328980922699,0.17312461137771606,-0.3059609532356262,-0.44407132267951965,0.03994165360927582,0.0
-0.7391387224197388,0.11039678752422333,0.09965157508850098,-0.27010467648506165,0.061064720153808594,-0.2379286289215088,-0.3713832497596741,-0.2386419177055359,0.0
0.2770754098892212,-0.09260925650596619,-0.4369426369667053,-0.27447181940078735,0.9495750665664673,-0.6797890067100525,-0.07858812808990479,0.17040452361106873,0.0
-0.5479920506477356,0.21344292163848877,-0.16762611269950867,-0.18184499442577362,0.23026852309703827,-0.011379361152648926,-0.6485185623168945,-0.16964192688465118,0.0
0.3546093702316284,0.3133796453475952,0.5753735303878784,-0.12380294501781464,-0.1662004441022873,0.9887123703956604,0.07246023416519165,-0.2838926911354065,0.0
-0.858336329460144,0.21221089363098145,-0.579535961151123,0.05749860405921936,-0.02190067246556282,0.018734529614448547,-0.09238147735595703,-0.2545934319496155,1.0
-0.22076238691806793,0.6255632042884827,-0.3419784605503082,-0.07596082985401154,-0.013658915646374226,0.10042671859264374,-0.27896785736083984,-0.1392904371023178,0.0
0.1079326868057251,0.02398630976676941,-0.16532206535339355,0.44363564252853394,-0.022583793848752975,0.16371530294418335,-0.5696141123771667,-0.21806490421295166,0.0
-0.1341133564710617,0.6734588146209717,-0.3727634847164154,-0.2009667605161667,-0.10369231551885605,-0.08211880177259445,-0.530326247215271,-0.20358926057815552,1.0
-0.3719790577888489,0.21612846851348877,-0.002652883529663086,-0.3173566162586212,0.1792389452457428,-0.19967088103294373,-0.7426325082778931,-0.20392321050167084,0.0
-0.046725958585739136,0.24673785269260406,0.11210945248603821,-0.10909755527973175,-0.17289115488529205,-0.10286419093608856,-0.7199282646179199,-0.1355382800102234,0.0
-0.808700680732727,0.21219539642333984,-0.3949573040008545,0.09516702592372894,-0.03702136129140854,-0.16088594496250153,-0.20648348331451416,-0.23038706183433533,1.0
-0.5542809367179871,0.33069631457328796,-0.285451203584671,-0.01043400913476944,-0.0016042797360569239,-0.12946663796901703,-0.592658519744873,-0.11897619068622589,1.0
-0.45358002185821533,0.28736746311187744,-0.24360743165016174,-0.021267607808113098,-0.200752854347229,-0.22174274921417236,-0.4766911268234253,-0.13190455734729767,1.0
-0.18197941780090332,0.41022789478302,-0.18680499494075775,-0.05064653232693672,-0.18480929732322693,-0.20066924393177032,-0.6934875845909119,-0.17031008005142212,1.0
-0.7317836284637451,0.2774330675601959,-0.2957181930541992,0.018631450831890106,-0.2524884343147278,-0.22712862491607666,-0.2392033338546753,-0.13458320498466492,1.0
-0.6576544642448425,-0.006772905588150024,-0.05209393799304962,-0.10858073830604553,0.15523399412631989,-0.09811495244503021,-0.6684185266494751,-0.2070414274930954,0.0
-0.7538584470748901,0.0943397581577301,-0.18212783336639404,-0.023705679923295975,0.15618544816970825,-0.04903616011142731,-0.41201409697532654,-0.24515613913536072,1.0
-0.4098242521286011,0.2835618257522583,-0.03901152312755585,-0.20073074102401733,0.2145886868238449,-0.06294117867946625,-0.727817177772522,-0.07223150879144669,0.0
0.14341437816619873,0.28073450922966003,-0.7613973617553711,-0.6234691143035889,0.03733265399932861,-0.41971611976623535,0.08268982172012329,-0.42865240573883057,0.0
-0.4871658682823181,0.363000750541687,-0.1922396719455719,0.020610831677913666,-0.24765798449516296,-0.16299432516098022,-0.41942325234413147,-0.2490721046924591,1.0
-0.3847722113132477,0.40954214334487915,-0.35553354024887085,0.0026404857635498047,-0.06809452176094055,-0.3360387682914734,-0.5190497040748596,0.033577606081962585,0.0
-0.5630359649658203,0.3429313600063324,0.09163731336593628,-0.25101011991500854,0.2348819524049759,-0.039551831781864166,-0.2747037410736084,-0.024120301008224487,0.0
-0.019500821828842163,0.7657085657119751,-0.19510918855667114,0.0769888162612915,0.10927467793226242,-0.008835896849632263,-0.4193643629550934,-0.1452631652355194,0.0
-0.6633853316307068,0.3494526147842407,-0.1747157722711563,-0.023775286972522736,-0.1302671581506729,-0.2826531231403351,-0.23528973758220673,-0.1983988881111145,0.0
-0.3646884560585022,0.4422444999217987,-0.44236135482788086,-0.13579902052879333,-0.21916164457798004,-0.10041064023971558,-0.5697008371353149,-0.1407727152109146,1.0
-0.4460315704345703,0.4186210632324219,-0.3586246967315674,-0.18034029006958008,0.041157279163599014,0.017521768808364868,-0.5093297958374023,-0.19551675021648407,0.0
-0.3748108744621277,0.3038768768310547,-0.18295566737651825,-0.17597538232803345,0.12832440435886383,-0.0978240892291069,-0.7298307418823242,-0.22796666622161865,0.0
0.5764743685722351,-0.7575799226760864,-0.8144064545631409,-0.7456188201904297,-0.1478348821401596,0.18143784999847412,0.07754212617874146,-0.1422114372253418,0.0
-0.174676775932312,0.28735819458961487,-0.08465342223644257,-0.14586730301380157,-0.44277581572532654,-0.31004130840301514,-0.43586915731430054,0.12147447466850281,0.0
0.9999999403953552,-0.4232850670814514,1.0,0.6018511056900024,-0.22693169116973877,0.02926534414291382,0.4186079502105713,-1.0,0.0
-0.5197231769561768,0.23253723978996277,-0.13034021854400635,-0.24544192850589752,-0.05108948424458504,-0.41545048356056213,-0.4498651623725891,-0.21717983484268188,1.0
-0.7473421692848206,0.34742751717567444,-0.440500408411026,0.07700332999229431,-0.01550197135657072,-0.09047068655490875,-0.17308899760246277,-0.17427396774291992,1.0
-0.36058562994003296,0.56447434425354,-0.34374260902404785,0.049187853932380676,-0.11613336950540543,-0.0027608722448349,-0.49037137627601624,-0.17835013568401337,0.0
-0.12276975810527802,0.5009568929672241,-0.4860217869281769,0.10192000865936279,0.19338171184062958,-0.35156702995300293,-0.662171483039856,-0.03781556338071823,0.0
0.0685637891292572,-0.06705361604690552,-0.5222667455673218,0.12248340249061584,0.22653138637542725,-0.3172883987426758,-0.6001360416412354,0.028457999229431152,0.0
0.39800697565078735,0.8758580684661865,-0.1242256909608841,-0.3931559920310974,-0.0044995760545134544,0.14733758568763733,0.2264816164970398,-0.740160346031189,1.0
-0.43103328347206116,0.4252358376979828,-0.463066041469574,-0.13121002912521362,-0.10087625682353973,-0.3507345914840698,-0.4706782102584839,-0.21465368568897247,1.0
-0.40139442682266235,0.5787091255187988,-0.4127248525619507,-0.05922969430685043,0.10644204914569855,-0.08898147940635681,-0.4167912006378174,-0.0390499010682106,0.0
-0.5598256587982178,0.25541895627975464,-0.35131075978279114,-0.10200544446706772,0.01629002019762993,-0.05223100632429123,-0.5482243299484253,-0.2251894772052765,0.0
-0.6831686496734619,0.4286646544933319,-0.28904613852500916,0.006295152008533478,-0.11963994055986404,-0.16562186181545258,-0.09038189053535461,-0.17884963750839233,0.0
-0.5131515264511108,0.20414775609970093,-0.15522035956382751,-0.19884949922561646,0.13276568055152893,0.052910879254341125,-0.7107047438621521,-0.05870341509580612,0.0
-0.454044371843338,0.5119059085845947,-0.26750633120536804,-0.012005239725112915,-0.040346622467041016,-0.05780506879091263,-0.4703916311264038,-0.104810431599617,0.0
-0.41505077481269836,0.4051031470298767,-0.273781955242157,-0.22037866711616516,0.16616955399513245,0.07043901085853577,-0.5486260056495667,-0.16282030940055847,0.0
-0.43631312251091003,0.5542110800743103,-0.39372068643569946,-0.12032945454120636,-0.12677085399627686,-0.06564942002296448,-0.5101586580276489,-0.12029974162578583,1.0
-0.49474871158599854,0.3870725631713867,-0.18267163634300232,-0.20456048846244812,-0.21820925176143646,-0.35914647579193115,-0.4282709062099457,-0.1321904957294464,1.0
-0.4615240693092346,0.1164281964302063,-0.06857475638389587,-0.1256730854511261,0.06456317752599716,-0.11702142655849457,-0.8053295612335205,-0.04282514005899429,0.0
0.573357105255127,-0.7472456693649292,-0.10234615206718445,0.18078428506851196,0.11461537331342697,-0.7052761316299438,-0.740752100944519,-0.0009057670831680298,0.0
-0.5457600951194763,0.4205932021141052,-0.37911859154701233,-0.06276006996631622,0.009097284637391567,-0.05338267236948013,-0.44477736949920654,-0.13173441588878632,0.0
-0.11205363273620605,0.6405280828475952,-0.23451517522335052,0.026741482317447662,0.01392550952732563,-0.1480291336774826,-0.5086069107055664,-0.20001357793807983,1.0
-0.8060169816017151,-0.016260623931884766,-0.15598224103450775,0.002868279814720154,0.31430783867836,-0.0032767951488494873,-0.4666495621204376,-0.256344199180603,0.0
0.3497949242591858,0.009130090475082397,-0.6675463914871216,-0.552019476890564,1.0,-0.8349374532699585,-0.2175978124141693,-0.23305365443229675,0.0
-0.07693636417388916,0.7028254270553589,-0.31661128997802734,-0.23958450555801392,-0.003212158102542162,-0.25464415550231934,-0.3419136106967926,-0.029258444905281067,1.0
-0.36974072456359863,0.5380526781082153,-0.2755168080329895,-0.19878388941287994,-0.20065024495124817,-0.304701566696167,-0.322548508644104,-0.2160702347755432,1.0
-0.30357152223587036,0.5175755023956299,-0.10491961240768433,-0.07856781780719757,-0.1363539695739746,-0.24013923108577728,-0.5814011096954346,-0.21914002299308777,1.0
-0.5610460042953491,0.26210907101631165,0.04897603392601013,-0.1875154674053192,0.0067200493067502975,-0.32268548011779785,-0.5011112689971924,-0.11405299603939056,0.0
-0.32735493779182434,0.468430757522583,-0.14277306199073792,-0.23481594026088715,-0.35778555274009705,-0.3351139426231384,-0.3882540464401245,-0.39866721630096436,1.0
-0.4443058371543884,0.46524888277053833,-0.3956245481967926,-0.09497957676649094,-0.11591077595949173,-0.2441391944885254,-0.4119284749031067,-0.198702871799469,1.0
-0.4577338695526123,0.47252339124679565,-0.2155528962612152,-0.008319996297359467,-0.12500548362731934,-0.07560499757528305,-0.5784891843795776,-0.12284784018993378,0.0
0.4601088762283325,-0.4377793073654175,0.15197694301605225,0.5120140314102173,-0.25489434599876404,-0.26870423555374146,-0.2648715078830719,-0.19797676801681519,0.0
-0.03238251805305481,0.8354697227478027,-0.2931997776031494,-0.11636380851268768,0.032699257135391235,0.049122899770736694,-0.34098562598228455,-0.21015679836273193,1.0
-0.8798834085464478,0.07378870248794556,-0.02792838215827942,-0.09124230593442917,0.14125175774097443,-0.11488520354032516,-0.29485785961151123,-0.1062798872590065,1.0
0.1690518856048584,0.16790321469306946,-0.23965783417224884,0.12768499553203583,-0.06783103942871094,0.10847409069538116,-0.6178070902824402,-0.375285267829895,0.0
-0.4279547333717346,0.5165067911148071,-0.16077877581119537,-0.2297806739807129,0.0019094981253147125,-0.09536796808242798,-0.2240668386220932,0.0799424797296524,0.0
-0.7650076746940613,0.09244157373905182,-0.34993213415145874,-0.05657165125012398,0.2623847723007202,0.16930696368217468,-0.4293275773525238,-0.22711090743541718,0.0
-0.3884868323802948,0.663844883441925,-0.25328701734542847,0.03637878596782684,0.09637071192264557,-0.13879330456256866,-0.040265440940856934,0.13280189037322998,1.0
0.050285667181015015,0.5700594782829285,-0.07402031123638153,0.046985939145088196,0.5729227066040039,0.31854626536369324,-0.13472908735275269,-0.2821528911590576,0.0
-0.5463519096374512,0.34693336486816406,-0.5461768507957458,-0.04659759998321533,0.06874282658100128,-0.08068931847810745,-0.41716355085372925,-0.23771630227565765,0.0
-0.5621222257614136,0.4240039885044098,-0.24136106669902802,-0.013970412313938141,-0.1248522624373436,-0.1780713051557541,-0.40103787183761597,-0.23547708988189697,0.0
-0.8664383888244629,0.16428378224372864,-0.45625150203704834,0.033722564578056335,0.02667274698615074,-0.03711257129907608,-0.26757025718688965,-0.07390979677438736,1.0
-0.7613568305969238,0.10347744822502136,-0.2681858539581299,-0.11096063256263733,0.11004733294248581,-0.02347724884748459,-0.37920504808425903,-0.23642070591449738,1.0
-0.7236999273300171,0.25171008706092834,-0.27029845118522644,-0.12046760320663452,-0.028150144964456558,-0.2162836492061615,-0.259030282497406,-0.22411561012268066,0.0
-0.3590777814388275,0.5403306484222412,-0.2612731158733368,-0.14181242883205414,-0.09002278745174408,-0.20364436507225037,-0.5577536821365356,-0.053264714777469635,0.0
-0.5322498083114624,0.10017566382884979,-0.41755303740501404,-0.08638203889131546,0.0952947661280632,-0.016286753118038177,-0.5707440376281738,-0.1350501924753189,0.0
-0.25751030445098877,0.34310105443000793,-0.5602078437805176,-0.16683289408683777,-0.08547116070985794,-0.03456881642341614,-0.6998984813690186,-0.1535622477531433,1.0
0.43625134229660034,-0.0892457664012909,-0.39813822507858276,-0.23814189434051514,-0.2895068824291229,0.2853686511516571,-0.3672161400318146,-0.20578494668006897,0.0
-0.01738983392715454,0.20722734928131104,-0.01998297870159149,-0.13523730635643005,0.3859836757183075,-0.511245846748352,-0.7835525274276733,-0.05745489150285721,0.0
-0.2229023575782776,0.6427807807922363,-0.2128894180059433,-0.20743680000305176,-0.21338295936584473,-0.19585058093070984,-0.4457734525203705,-0.24306955933570862,1.0
-0.5891977548599243,0.3112126886844635,-0.18568047881126404,-0.09261292219161987,-0.25655102729797363,-0.2772795855998993,-0.3532373011112213,-0.13594868779182434,1.0
0.39488738775253296,-0.17791998386383057,-0.03582993149757385,-0.4866899847984314,-0.0681891068816185,0.48522287607192993,-0.12390980124473572,0.11672723293304443,0.0
-0.6308226585388184,0.3196222484111786,-0.4139358401298523,0.030408039689064026,0.014284193515777588,-0.07326377183198929,-0.47154656052589417,-0.1665920615196228,0.0
-0.46815434098243713,0.3100341260433197,-0.32814425230026245,-0.11746614426374435,-0.18576371669769287,-0.23592588305473328,-0.5395561456680298,-0.22649246454238892,1.0
0.18000119924545288,0.7476726770401001,0.1932540237903595,0.07454231381416321,0.36077824234962463,0.004978880286216736,0.05131429433822632,0.08359318971633911,0.0
-0.09680843353271484,0.012895196676254272,-0.03586883842945099,-0.34302031993865967,-0.27383527159690857,-0.2855941653251648,-0.6835485696792603,-0.033026374876499176,0.0
-0.37832748889923096,-0.01567700505256653,-0.4284456968307495,-0.10028930753469467,-0.23690246045589447,0.0632535070180893,-0.380343496799469,0.01178690791130066,0.0
-0.24401210248470306,0.6357837915420532,-0.37968188524246216,-0.0949789434671402,-0.08438772708177567,-0.13367173075675964,-0.5444695353507996,-0.18235185742378235,1.0
-0.27071017026901245,0.6276733875274658,-0.23235313594341278,-0.15870320796966553,-0.13671176135540009,-0.22458890080451965,-0.3825155198574066,-0.14999818801879883,1.0
-0.5869406461715698,0.34747472405433655,-0.3456924855709076,0.014281436800956726,-0.055948980152606964,0.023390159010887146,-0.4673330783843994,-0.07256854325532913,1.0
-0.3050069212913513,0.6256873607635498,-0.4002060890197754,-0.1107475534081459,0.0375673845410347,0.014505624771118164,-0.3090072274208069,-0.16267931461334229,1.0
-0.2701834440231323,0.5514724254608154,-0.11147715151309967,-0.02456066757440567,-0.15611149370670319,-0.2585958242416382,-0.4559037983417511,-0.29355210065841675,1.0
0.35780614614486694,-0.6147668361663818,-0.7324935793876648,-0.2681148052215576,-0.1273181438446045,-0.01382157951593399,-0.528708815574646,0.2507275938987732,0.0
-0.35078173875808716,0.4573521018028259,-0.14042943716049194,0.01037537306547165,-0.005999985616654158,-0.13840927183628082,-0.5073859691619873,-0.18803241848945618,0.0
-0.3665819764137268,0.3454506993293762,-0.3744359016418457,-0.00014950335025787354,-0.0967458114027977,-0.4596015214920044,-0.43621665239334106,0.047340795397758484,1.0
-0.6445691585540771,0.25605177879333496,-0.4056006669998169,-0.0631977915763855,-0.02487305738031864,-0.0036804229021072388,-0.40881574153900146,-0.20006027817726135,0.0
-0.7669700384140015,0.18637771904468536,-0.10522928833961487,-0.1147778332233429,-0.09706544876098633,-0.08901481330394745,-0.21264143288135529,-0.2839740514755249,0.0
-0.6001062989234924,-0.03838789463043213,-0.08262759447097778,-0.24929271638393402,0.14900867640972137,-0.05165185034275055,-0.4995998740196228,-0.28888508677482605,0.0
-0.5031521320343018,0.43730035424232483,-0.4736301004886627,-0.11454984545707703,-0.008641857653856277,-0.039335861802101135,-0.5185606479644775,-0.18138469755649567,1.0
-0.4775735139846802,0.5266585946083069,-0.15481293201446533,-0.029337715357542038,-0.04923992604017258,-0.20012208819389343,-0.3227365016937256,0.054836153984069824,1.0
-0.47713151574134827,0.34656763076782227,-0.09975564479827881,-0.25118911266326904,0.055791329592466354,-0.04921253025531769,-0.43062669038772583,-0.22811275720596313,0.0
0.059628963470458984,0.49728649854660034,-0.21754595637321472,0.1749037504196167,0.10542841255664825,-0.09175733476877213,-0.4785328805446625,-0.3356024920940399,0.0
-0.7057473659515381,0.17403975129127502,-0.20803549885749817,-0.044937945902347565,0.004344685468822718,-0.11365251988172531,-0.44643262028694153,-0.16820329427719116,1.0
0.2979534864425659,-0.5806342959403992,-0.5470693111419678,-0.5311115980148315,0.1450776755809784,-0.3644433617591858,-0.5475439429283142,-0.22527918219566345,0.0
0.1594443917274475,-0.09882837533950806,0.034051358699798584,0.2688502371311188,0.14654570817947388,0.03564140200614929,-0.6393586993217468,-0.22698792815208435,0.0
-0.24711176753044128,0.4384860396385193,-0.0606003999710083,-0.41994354128837585,0.5967639684677124,-0.02850428968667984,-0.25242334604263306,0.022821620106697083,0.0
-0.44321322441101074,0.32889556884765625,-0.2557753622531891,-0.19439667463302612,-0.18878741562366486,-0.16101229190826416,-0.5577099323272705,-0.08784758299589157,1.0
-0.3536580502986908,0.5038442015647888,-0.28092747926712036,-0.10334154963493347,0.0013354853726923466,-0.12395942956209183,-0.6658092141151428,-0.021517358720302582,0.0
-0.2261296808719635,0.644762396812439,0.34993821382522583,-0.12676239013671875,0.07263211905956268,-0.3646780848503113,0.16982793807983398,0.13585278391838074,0.0
-0.20724917948246002,0.6467111706733704,-0.3044421076774597,0.042246222496032715,0.05756193399429321,-0.06606387346982956,-0.4693739414215088,-0.03174474090337753,1.0
-0.008152902126312256,0.8598063588142395,-0.3408280909061432,-0.21590197086334229,0.08877681940793991,-0.14674048125743866,-0.3186706304550171,-0.061282478272914886,1.0
-0.1429205685853958,0.05478742718696594,0.0687510073184967,-0.10368088632822037,-0.19765309989452362,-0.1629323959350586,-0.7327883243560791,-0.0582645907998085,0.0
0.4811076521873474,-0.18980038166046143,-0.899199903011322,-0.4232231378555298,-0.15564775466918945,-0.2000170648097992,-0.3422026038169861,-0.6127495169639587,0.0
-0.9103420972824097,0.22345498204231262,-0.4051544666290283,-0.07946179062128067,-0.1383965164422989,-0.23884184658527374,-0.08483090996742249,-0.07232510298490524,0.0
-0.14016354084014893,0.20662453770637512,-0.603305459022522,0.13250036537647247,-0.09380313009023666,-0.00817902386188507,-0.6237866878509521,-0.10319116711616516,1.0
-0.16984179615974426,0.2362532913684845,-0.27887675166130066,0.04830141365528107,-0.36298444867134094,-0.1586441844701767,-0.5869050025939941,-0.04098968207836151,0.0
-0.028494596481323242,0.2991262376308441,-0.3428090512752533,-0.2140127718448639,-0.24342352151870728,-0.05550017207860947,-0.6742432713508606,-0.34546375274658203,0.0
0.516586184501648,-0.19361233711242676,-0.14719024300575256,0.33346694707870483,0.0980462059378624,-0.08049392700195312,-0.6034970283508301,-0.5303835868835449,0.0
-0.11062765121459961,0.22693833708763123,-0.5519176125526428,0.09726792573928833,0.18894733488559723,-0.27111756801605225,-0.6139723062515259,0.01149718463420868,0.0
-0.30983471870422363,0.1075686365365982,-0.6345087289810181,0.19887199997901917,-0.09623108804225922,0.05033719539642334,-0.48277783393859863,-0.1496928334236145,1.0
-0.5751237273216248,0.3546375632286072,-0.22259202599525452,-0.0560949444770813,0.033127088099718094,-0.10593368858098984,-0.416577011346817,-0.2520836591720581,1.0
-0.08065912127494812,0.4553455114364624,-0.0832550972700119,-0.36663931608200073,0.18887929618358612,-0.08315924555063248,-0.5983340740203857,-0.3729073107242584,1.0
-0.8500214219093323,0.006086498498916626,-0.11552409827709198,-0.19123968482017517,0.16632826626300812,-0.03131172060966492,-0.3698059022426605,-0.207546204328537,1.0
0.4745861887931824,0.19013603031635284,0.4206923842430115,0.41892993450164795,-0.17876370251178741,0.5080260038375854,-0.02799198031425476,-0.5677927732467651,0.0
-0.42496493458747864,0.39453962445259094,-0.24133837223052979,-0.04990034177899361,-0.16822132468223572,-0.08653052151203156,-0.6081172823905945,-0.05457169562578201,1.0
-0.4190872013568878,0.12299913167953491,-0.025562286376953125,-0.35549840331077576,0.002868964336812496,-0.11900301277637482,-0.7132987976074219,-0.22465214133262634,1.0
0.3352002501487732,0.06891101598739624,0.03943133354187012,0.36717820167541504,0.3091725707054138,-0.2930315136909485,-0.2495666891336441,0.0523095577955246,0.0
-0.35536354780197144,0.1315472275018692,-0.6237257719039917,0.18581947684288025,-0.05317661538720131,0.1916973888874054,-0.47491753101348877,0.18550041317939758,1.0
-0.3552795946598053,0.33745500445365906,-0.25337380170822144,0.037190355360507965,0.04631701111793518,-0.13443255424499512,-0.5793882608413696,-0.311920166015625,0.0
-0.5494640469551086,0.4025559425354004,-0.12101419270038605,-0.21744152903556824,-0.08253289014101028,-0.2055317759513855,-0.4119497537612915,-0.09730438888072968,1.0
0.14071768522262573,0.7985019683837891,0.02646249532699585,-0.03872369974851608,-0.10647016763687134,-0.1046447902917862,-0.16307422518730164,-0.2988138794898987,1.0
-0.13891689479351044,0.6579417586326599,-0.36250272393226624,-0.1724107414484024,-0.04938609525561333,-0.24542590975761414,-0.46532726287841797,-0.28771132230758667,1.0
0.3082488775253296,0.5695208311080933,-0.2798040509223938,0.12066268920898438,0.12542343139648438,-0.4006674289703369,-0.4554740786552429,-0.5040900111198425,1.0
-0.35861632227897644,0.1493152230978012,-0.2376382052898407,-0.2732524275779724,-0.25978943705558777,-0.35411855578422546,-0.507134735584259,-0.06686369329690933,0.0
-0.7697875499725342,0.2324422299861908,-0.5079073905944824,0.09912687540054321,0.048830851912498474,0.055670395493507385,-0.3472138047218323,-0.14845752716064453,0.0
-0.8236592411994934,0.05684211850166321,-0.1418866515159607,0.0007322728633880615,0.15974430739879608,0.0017394721508026123,-0.39076414704322815,-0.20721374452114105,1.0
-0.34792381525039673,0.6266461610794067,-0.3388192653656006,-0.029799718409776688,0.09771133214235306,-0.13434980809688568,-0.3850184381008148,0.008613437414169312,1.0
-0.2460528016090393,0.17377780377864838,-0.337045282125473,-0.06601487100124359,0.4601398706436157,-0.7761738300323486,-0.3798328638076782,0.25106140971183777,0.0
-0.191072478890419,0.8005625009536743,-0.14304010570049286,-0.3371833264827728,0.24924606084823608,-0.16887113451957703,0.2606443762779236,0.21567478775978088,0.0
-0.1227816641330719,0.5367021560668945,-0.5934163331985474,-0.12939877808094025,0.11378264427185059,-0.134295254945755,-0.40720799565315247,-0.21137405931949615,1.0
0.10736095905303955,0.7036033868789673,0.5097757577896118,0.03181445598602295,0.3156963884830475,0.5313724875450134,-0.11935898661613464,0.4541732668876648,0.0
-0.6509431004524231,0.4401940107345581,-0.3377460241317749,-0.08823080360889435,-0.13466447591781616,-0.16714534163475037,-0.28859660029411316,-0.09577114880084991,1.0
-0.03614997863769531,0.14729928970336914,-0.16818195581436157,0.08886510133743286,0.27290213108062744,-0.6262249946594238,-0.5793542265892029,-0.1110219657421112,0.0
0.1133190393447876,0.8126932978630066,-0.23939993977546692,0.02651827037334442,0.06403598934412003,-0.12081509083509445,-0.48513153195381165,-0.19212931394577026,1.0
-0.07052910327911377,0.0807131826877594,-0.041123151779174805,-0.3085253834724426,0.08467400819063187,-0.07412607967853546,-0.858256459236145,0.17034384608268738,0.0
-0.50688236951828,0.21926772594451904,-0.07970218360424042,-0.037905171513557434,0.26981911063194275,-0.010593056678771973,-0.6467368006706238,-0.206734299659729,0.0
-0.46931833028793335,0.27588406205177307,-0.183831125497818,-0.02167212963104248,-0.05809822678565979,-0.15134792029857635,-0.6837480664253235,-0.15445289015769958,1.0
-0.2631640136241913,0.2982419431209564,0.043654412031173706,-0.2700963318347931,0.10859955847263336,0.12556782364845276,-0.8304505348205566,0.09263753890991211,0.0
-0.2531082332134247,0.47438693046569824,-0.4797835052013397,0.0726642906665802,0.10206088423728943,-0.19992636144161224,-0.5483726859092712,-0.14011114835739136,1.0
0.6381983160972595,-0.4262808561325073,-0.05385628342628479,0.25620096921920776,-0.4020077884197235,-0.597469687461853,-0.3450844883918762,-0.1737479418516159,0.0
-0.45953142642974854,0.5283596515655518,-0.30193474888801575,-0.006177879869937897,-0.11367470771074295,-0.183305561542511,-0.3920302987098694,-0.06227643042802811,1.0
-0.8219149112701416,0.10390134155750275,-0.2240917980670929,0.004253990948200226,0.31944602727890015,0.014436230063438416,-0.3286869525909424,-0.21155399084091187,0.0
-0.5452648997306824,0.4116005301475525,-0.310393750667572,-0.09147706627845764,-0.04489627107977867,-0.21575461328029633,-0.4243786334991455,-0.1218816339969635,1.0
-0.2316734790802002,0.6926161646842957,-0.22968246042728424,-0.02064967155456543,-0.10298196226358414,-0.1055738553404808,-0.48411720991134644,-0.023102879524230957,1.0
-0.4332371950149536,0.45294225215911865,-0.17232340574264526,0.014672055840492249,-0.19504761695861816,-0.22707992792129517,-0.40384718775749207,-0.2040819674730301,1.0
-0.3982129395008087,0.36046528816223145,-0.3344544768333435,-0.09627119451761246,0.14546146988868713,-0.057708337903022766,-0.7777587175369263,-0.1326114535331726,0.0
-0.6399877071380615,0.14709404110908508,-0.4822324216365814,-0.01677887886762619,-0.22472450137138367,-0.19599255919456482,-0.2670748829841614,-0.07423029839992523,0.0
-0.6490474939346313,0.3138371706008911,-0.1842757761478424,-0.17059922218322754,-0.16502442955970764,-0.33398622274398804,-0.28448808193206787,-0.21508267521858215,1.0
0.04166698455810547,0.25140470266342163,-0.004578977823257446,0.0825747698545456,-0.369992196559906,0.050063490867614746,-0.45088934898376465,-0.3485589921474457,0.0
-0.6059094071388245,0.16413280367851257,0.020313650369644165,-0.14932098984718323,0.16567085683345795,-0.1324123591184616,-0.6074569225311279,-0.1573157161474228,0.0
-0.14707133173942566,0.37266042828559875,-0.6083474159240723,-0.15859372913837433,0.17591886222362518,-0.37887194752693176,-0.3467537760734558,-0.05829077959060669,1.0
-0.5826296806335449,0.4261639416217804,-0.28376123309135437,-0.06307876110076904,-0.037081215530633926,-0.08303497731685638,-0.29224222898483276,-0.060052745044231415,0.0
-0.7530393600463867,0.2173393964767456,-0.3624240458011627,0.04568961262702942,-0.04983000084757805,-0.0698089525103569,-0.2873198390007019,-0.21140596270561218,1.0
0.37660765647888184,-0.12149712443351746,-0.06941758096218109,0.08207489550113678,0.570745587348938,-0.9954729676246643,-0.2609792947769165,-0.08389673382043839,0.0
-0.15553417801856995,0.40691396594047546,-0.5073925852775574,-0.16444730758666992,0.21216465532779694,-0.3443167507648468,-0.6151695847511292,-0.018482327461242676,0.0
-0.4684956967830658,0.24545451998710632,-0.2553425431251526,-0.12554731965065002,-0.005718939937651157,-0.17540180683135986,-0.6146475076675415,-0.23500561714172363,0.0
-0.3014155328273773,0.5184715390205383,-0.21503081917762756,0.006858155131340027,-0.049716562032699585,-0.13104546070098877,-0.569244921207428,-0.20410460233688354,1.0
-0.4786926209926605,0.45459914207458496,-0.37819957733154297,-0.06372832506895065,-0.03710198402404785,-0.16522951424121857,-0.45807451009750366,-0.1896791160106659,1.0
-0.310177743434906,0.4040939509868622,-0.3282918930053711,0.018684521317481995,-0.0733708068728447,-0.3414475917816162,-0.6729272603988647,-0.1318444013595581,1.0
0.46992647647857666,-0.6353865265846252,-0.38888031244277954,-0.46682560443878174,-0.22140002250671387,-0.3177599310874939,-0.42158907651901245,0.2237657904624939,0.0
-0.0899496078491211,0.7284259796142578,-0.2430884838104248,-0.01823306828737259,-0.03805970028042793,-0.0681167021393776,-0.5876013040542603,-0.14130911231040955,1.0
-0.611568808555603,0.4438464045524597,-0.2214655727148056,-0.14422345161437988,-0.14768405258655548,-0.2647237777709961,-0.18890546262264252,-0.17241507768630981,0.0
-0.7794122695922852,0.18845349550247192,-0.4987666606903076,-0.014967046678066254,0.003167400136590004,0.003185749053955078,-0.24670839309692383,-0.20889072120189667,1.0
-0.0925024151802063,0.20062382519245148,0.12007281184196472,0.004613183438777924,-0.11805249005556107,-0.07269575446844101,-0.7820559740066528,-0.17239099740982056,0.0
-0.5455783009529114,0.42489781975746155,-0.3935093879699707,-0.038772162050008774,0.03374329209327698,-0.10090111941099167,-0.32046201825141907,-0.1739446520805359,0.0
0.15414220094680786,0.23352190852165222,-0.4823116660118103,0.2006826102733612,0.30445173382759094,-0.6636511087417603,-0.16568616032600403,0.39613258838653564,1.0
-0.41095587611198425,0.5285359621047974,-0.25366872549057007,-0.019587837159633636,-0.09878884255886078,-0.22349584102630615,-0.4665836989879608,-0.08230303227901459,1.0
-0.3449350595474243,0.642119288444519,-0.3411632478237152,-0.09222996234893799,-0.052027806639671326,-0.039281852543354034,-0.44811680912971497,0.038935258984565735,1.0
-0.5118227005004883,0.5022847652435303,-0.49983280897140503,0.09387733042240143,0.10970595479011536,0.012973174452781677,-0.31631341576576233,-0.03066609799861908,0.0
-0.28662148118019104,0.1411067098379135,-0.31810006499290466,-0.17167726159095764,0.4823487401008606,-0.244652658700943,-0.7544276118278503,-0.04886741191148758,0.0
-0.6028696894645691,0.39920344948768616,-0.39079225063323975,-0.09797043353319168,-0.0398145355284214,-0.07776911556720734,-0.3588799834251404,-0.2618252635002136,0.0
-0.3528951108455658,0.5753819942474365,-0.32300838828086853,-0.16366678476333618,0.00963190570473671,-0.09693899750709534,-0.14282289147377014,-0.10161451995372772,0.0
-0.6545737385749817,0.39167025685310364,-0.5687452554702759,-0.00909174233675003,0.06542183458805084,0.035572245717048645,-0.2828111946582794,-0.3342324197292328,0.0
-0.8167049884796143,0.1274605095386505,-0.5259684324264526,0.005202911794185638,0.13931448757648468,0.08280180394649506,-0.2032587081193924,-0.3474090099334717,0.0
-0.570205807685852,0.3093874454498291,-0.062256261706352234,-0.07725708931684494,0.03452669829130173,-0.1598944365978241,-0.4711976647377014,-0.13022300601005554,0.0
-0.28751739859580994,0.40150266885757446,-0.39957308769226074,-0.19563816487789154,-0.2325315624475479,-0.30786293745040894,-0.5520879626274109,-0.28391361236572266,1.0
0.10306653380393982,0.8612475395202637,-0.029342234134674072,0.015556901693344116,0.049792032688856125,-0.07904644310474396,-0.28299474716186523,-0.29334983229637146,1.0
-0.4417310059070587,0.30392763018608093,-0.10900689661502838,-0.05472162365913391,0.1660090982913971,-0.10869897902011871,-0.7044645547866821,-0.06677166372537613,0.0
-0.7938493490219116,0.29222342371940613,-0.39395374059677124,0.053745582699775696,0.013786636292934418,-0.04046496003866196,-0.26336580514907837,-0.09802648425102234,1.0
-0.2796727418899536,0.40176355838775635,-0.06166398525238037,-0.06290823221206665,-0.24118125438690186,-0.03226117789745331,-0.6513711810112,-0.05391008406877518,1.0
-0.6066397428512573,0.2155992090702057,-0.24086114764213562,-0.1267690658569336,0.14771424233913422,-0.1018693819642067,-0.4998357594013214,-0.28267085552215576,1.0
0.2995743155479431,-0.24439287185668945,-0.732672929763794,-0.30733245611190796,-0.14006641507148743,-0.09831352531909943,-0.6669958829879761,-0.05923297256231308,0.0
-0.7331935167312622,0.056685030460357666,-0.0554669052362442,-0.20302236080169678,0.08084070682525635,-0.15028028190135956,-0.41440269351005554,-0.17208871245384216,0.0
-0.42734870314598083,0.22281736135482788,-0.4202159643173218,-0.1267101764678955,0.13939841091632843,-0.17313897609710693,-0.5987096428871155,-0.10355938971042633,1.0
-0.5101476907730103,0.2581419348716736,-0.4492698311805725,-0.12354710698127747,-0.07588625699281693,-0.17144712805747986,-0.5561878681182861,-0.1555955559015274,1.0
-0.4143598675727844,0.51374351978302,-0.29662156105041504,0.03669086843729019,-0.1395709365606308,-0.14122189581394196,-0.4282532334327698,-0.26812946796417236,1.0
-0.3246488571166992,0.7082877159118652,-0.3192249536514282,0.0185922309756279,0.03191344439983368,-0.05071215331554413,-0.3924153447151184,0.011261165142059326,1.0
0.05636715888977051,0.5330525636672974,-0.10754545032978058,0.17876482009887695,0.03079003468155861,-0.25712770223617554,-0.05724772810935974,-0.17409634590148926,0.0
-0.48987722396850586,0.32535573840141296,-0.1391804963350296,-0.04952745512127876,-0.021830996498465538,-0.17190685868263245,-0.5454883575439453,-0.2279662787914276,1.0
-0.27325570583343506,0.44043827056884766,-0.06184002757072449,-0.07185098528862,-0.16860918700695038,-0.3611561357975006,-0.5717291831970215,-0.2675185799598694,1.0
-0.0006947219371795654,0.8929756879806519,-0.09933549165725708,-0.05089191719889641,0.04371171444654465,-0.22256100177764893,-0.24544793367385864,-0.10829654335975647,1.0
-0.6567881107330322,0.0971338301897049,-0.11332084238529205,-0.1700870394706726,0.042531270533800125,-0.0839872732758522,-0.5199190378189087,-0.1993105709552765,1.0
-0.30242544412612915,0.6865094900131226,-0.44871142506599426,-0.07923383265733719,0.09092976897954941,-0.005220726132392883,-0.4110126197338104,0.14387822151184082,1.0
-0.20247991383075714,0.669086754322052,-0.2925163805484772,0.11529232561588287,0.15985682606697083,-0.10736705362796783,-0.434783935546875,0.04909026622772217,0.0
-0.4748855233192444,0.5336841940879822,-0.2784085273742676,-0.21688410639762878,-0.2278030961751938,-0.269082248210907,-0.36520352959632874,-0.1220938190817833,1.0
-0.7811405062675476,0.2663542628288269,-0.4749699831008911,0.0762387067079544,0.002269478514790535,-0.08062984049320221,-0.15572282671928406,-0.28229379653930664,0.0
-0.18756678700447083,0.6469342708587646,-0.4458431005477905,-0.19691593945026398,0.11636040359735489,0.2921016812324524,0.13769209384918213,0.237522155046463,0.0
-0.37560874223709106,0.4292910397052765,-0.33889955282211304,-0.04628593102097511,0.14761090278625488,-0.11463268101215363,-0.6594826579093933,-0.02950168401002884,0.0
-0.4980188012123108,0.3309466540813446,0.1303098499774933,-0.21897047758102417,0.016577936708927155,-0.2891024947166443,-0.6241492629051208,-0.05093902349472046,0.0
-0.5629100203514099,0.29070061445236206,-0.3551308214664459,-0.11678881198167801,-0.04081093147397041,-0.08819955587387085,-0.5121148824691772,-0.18135961890220642,1.0
-0.6576712131500244,0.2692027688026428,-0.4945429861545563,-0.04285472631454468,-0.10782551020383835,-0.1382250189781189,-0.3042781352996826,-0.13015322387218475,1.0
-0.6402251720428467,0.3727273941040039,-0.4500889480113983,-0.022997848689556122,0.0006839479319751263,-0.061636947095394135,-0.3287631869316101,-0.22402873635292053,1.0
0.35964685678482056,-0.2258542776107788,-0.20618417859077454,0.19832611083984375,0.088201604783535,0.0669117420911789,-0.8273481130599976,-0.15545843541622162,0.0
-0.618899941444397,0.4483030438423157,-0.5496490597724915,-0.003957629203796387,0.011493432335555553,0.026835843920707703,-0.3486681878566742,-0.2892674207687378,0.0
-0.48601430654525757,0.3126732409000397,-0.3491796553134918,-0.11042079329490662,-0.14422234892845154,-0.0631091371178627,-0.478069007396698,-0.20354564487934113,1.0
-0.42889222502708435,0.4798261523246765,-0.23406457901000977,0.01958845555782318,-0.20927947759628296,-0.22407644987106323,-0.43573829531669617,-0.23969686031341553,1.0
-0.24266287684440613,0.6532367467880249,-0.22085300087928772,-0.03746262565255165,-0.09026367962360382,-0.20100156962871552,-0.4351275861263275,-0.2716993987560272,1.0
-0.56351637840271,0.28761962056159973,-0.2882055640220642,-0.013176895678043365,0.18742185831069946,0.01610735058784485,-0.747064471244812,-0.1773148626089096,0.0
-0.5970410108566284,0.3311825394630432,0.07872822880744934,-0.13659952580928802,-0.1485302895307541,-0.2848660945892334,-0.41512784361839294,-0.13035506010055542,1.0
-0.5970108509063721,0.4032366871833801,-0.11571121215820312,-0.06658649444580078,0.17520153522491455,-0.027527719736099243,-0.06192168593406677,0.31060099601745605,0.0
-0.04547962546348572,0.7229310870170593,-0.04425029456615448,0.073820099234581,0.0007581617683172226,-0.14385876059532166,-0.3479152023792267,-0.28606483340263367,1.0
-0.45772311091423035,0.340894490480423,-0.1392768770456314,-0.2109614610671997,-0.02943475730717182,-0.2395232617855072,-0.4227257966995239,-0.25376588106155396,1.0
-0.40727198123931885,0.437738299369812,-0.1151762455701828,-0.20644646883010864,0.004421503748744726,-0.20880237221717834,-0.47403204441070557,-0.1804773211479187,1.0
-0.642220139503479,0.19277149438858032,-0.16420893371105194,-0.18636587262153625,0.11788810789585114,-0.11283738166093826,-0.4600834250450134,-0.16030429303646088,1.0
-0.6703704595565796,0.18962712585926056,-0.46296262741088867,-0.04222831502556801,-0.01859426498413086,-0.0676952451467514,-0.3952065110206604,-0.20077811181545258,1.0
-0.1764838844537735,0.4186702370643616,-0.5492434501647949,-0.08279519528150558,-0.021782616153359413,-0.33063820004463196,-0.5934755802154541,-0.24656884372234344,1.0
-0.08162710070610046,0.577428936958313,-0.443441241979599,0.14172156155109406,0.16592979431152344,0.00035031139850616455,-0.5161086916923523,-0.23402562737464905,1.0
-0.49613916873931885,0.3966919481754303,-0.24564169347286224,-0.1627412587404251,0.0038660471327602863,-0.09279538691043854,-0.5817292928695679,-0.08890332281589508,1.0
0.0681440532207489,0.3644919693470001,-0.48966437578201294,0.12169201672077179,0.20719055831432343,-0.22075533866882324,-0.4156167805194855,-0.2681886553764343,0.0
-0.9475527405738831,0.1265694946050644,-0.251913458108902,0.0263960063457489,0.0288081131875515,-0.12195815145969391,-0.027915894985198975,-0.3297281861305237,0.0
-0.8464646339416504,0.0026053190231323242,-0.11627233028411865,-0.1777825653553009,0.16127891838550568,-0.021247029304504395,-0.4158221185207367,-0.15538500249385834,1.0
-0.5268736481666565,0.29210764169692993,-0.036976397037506104,-0.11379771679639816,0.01392640545964241,-0.2328585684299469,-0.5126621127128601,-0.23287534713745117,1.0
0.30478763580322266,0.6501185297966003,-0.2880483567714691,0.07675778865814209,0.1491805762052536,-0.2905582785606384,-0.4125659763813019,-0.44310638308525085,1.0
-0.5645424127578735,0.4272865951061249,-0.32895174622535706,-0.021956011652946472,-0.0860547348856926,-0.12230056524276733,-0.3901509642601013,-0.19090308248996735,1.0
-0.124742791056633,0.08286847174167633,-0.5017665028572083,-0.39689403772354126,0.048009809106588364,-0.01563248783349991,-0.3954888582229614,-0.23909831047058105,0.0
-0.685967743396759,0.3229585289955139,-0.3237447440624237,-0.10083553940057755,-0.01576933264732361,-0.14438243210315704,-0.3135213553905487,-0.1951761543750763,1.0
-0.5648095607757568,0.13725925981998444,-0.03932560980319977,-0.06424890458583832,-0.1740802824497223,-0.28579044342041016,-0.46876177191734314,-0.14253611862659454,0.0
0.7950193285942078,-0.6150698661804199,-0.7223401069641113,-1.0,-0.09502944350242615,0.3140093684196472,0.2218143343925476,-0.7088090777397156,0.0
-0.3068695068359375,0.4763231873512268,0.0725218653678894,-0.24513082206249237,0.038516461849212646,-0.00013694167137145996,-0.46249625086784363,0.0467706024646759,0.0
-0.29263249039649963,0.523105800151825,-0.34619757533073425,-0.15518279373645782,-0.28432902693748474,-0.02624031901359558,-0.4809351861476898,-0.03004157543182373,1.0
-0.45386937260627747,0.046635836362838745,-0.11357440054416656,-0.26051443815231323,-0.30480942130088806,-0.34755903482437134,-0.35899341106414795,-0.19618096947669983,0.0
-0.7948952913284302,-0.04370561242103577,-0.26636406779289246,-0.09086781740188599,0.27115190029144287,0.007166236639022827,-0.5219754576683044,-0.13863715529441833,1.0
-0.307045042514801,0.6116644144058228,-0.280036598443985,-0.02743193879723549,-0.1599147915840149,-0.17550231516361237,-0.5472709536552429,-0.10415694862604141,1.0
-0.6162159442901611,0.4543452858924866,-0.37453317642211914,-0.06243593245744705,-0.12134872376918793,-0.19693569839000702,-0.23551522195339203,-0.1756531447172165,0.0
-0.5637860298156738,0.30738937854766846,-0.2639562487602234,-0.10634465515613556,0.20459261536598206,0.04255276918411255,-0.5650701522827148,-0.1680976301431656,0.0
-0.14524762332439423,0.6304970979690552,-0.2959553599357605,-0.19956126809120178,-0.1666327863931656,-0.15635152161121368,-0.5180208683013916,-0.3587271273136139,1.0
-0.4839310050010681,0.3896487355232239,-0.4421038031578064,0.033871084451675415,0.04490702226758003,-0.1849154531955719,-0.59510737657547,0.01621001958847046,1.0
-0.2855263352394104,0.3061395585536957,-0.6514170169830322,-0.03502994775772095,-0.04064009711146355,0.1918274164199829,-0.510739266872406,-0.06232210248708725,1.0
-0.04889997839927673,0.5906118154525757,-0.46003103256225586,0.015012383460998535,0.12982767820358276,-0.2047732174396515,-0.5105260610580444,-0.14080454409122467,1.0
-0.9601117372512817,0.12598168849945068,-0.5364282131195068,0.049779221415519714,0.1733321100473404,0.07582500576972961,0.007146567106246948,-0.34159141778945923,1.0
-0.2753128409385681,0.36149170994758606,-0.08938489854335785,-0.2220289707183838,-0.35059916973114014,0.2234957218170166,-0.2409745305776596,0.43045276403427124,0.0
-0.2633650302886963,0.5760202407836914,-0.3393042981624603,-0.19775062799453735,0.04441450908780098,-0.04919604957103729,-0.5607174038887024,-0.1816369593143463,1.0
-0.6106898188591003,0.40794622898101807,-0.3587937355041504,0.048289477825164795,0.006525609642267227,-0.06942617893218994,-0.3576616048812866,-0.16479671001434326,1.0
-0.08309438824653625,0.1520787924528122,-0.4461480677127838,-0.21478453278541565,0.01515166088938713,-0.057320378720760345,-0.6852802038192749,-0.35185879468917847,0.0
-0.4473559856414795,0.34263888001441956,-0.49295514822006226,-0.11611851304769516,-0.22945263981819153,-0.11445773392915726,-0.4233762323856354,-0.22500410676002502,1.0
-0.5041031837463379,0.4787462651729584,-0.2089761644601822,-0.17232798039913177,-0.2613697350025177,-0.3893345594406128,-0.31122398376464844,-0.20953057706356049,1.0
-0.4371523857116699,0.48601043224334717,-0.16970956325531006,-0.19383841753005981,-0.17719295620918274,-0.2234838306903839,-0.2555137276649475,-0.15585950016975403,0.0
-0.669842541217804,0.42521852254867554,-0.45083385705947876,-0.021996743977069855,-0.05549412965774536,-0.05404365807771683,-0.2783992290496826,-0.13278435170650482,0.0
-0.7523851990699768,0.14823217689990997,-0.23048453032970428,-0.1304142028093338,-0.00822879932820797,-0.13782402873039246,-0.32469412684440613,-0.2258927822113037,0.0
-0.5323730707168579,0.44022250175476074,-0.15668736398220062,-0.19256719946861267,-0.1933126002550125,-0.30768412351608276,-0.32880866527557373,-0.16888387501239777,1.0
-0.5710378885269165,0.17845025658607483,-0.11079040169715881,-0.19203002750873566,-0.08134130388498306,-0.19617465138435364,-0.5190542936325073,-0.20963433384895325,0.0
-0.6033852696418762,0.26899462938308716,-0.16490820050239563,-0.04064314067363739,0.1518581211566925,-0.06963173300027847,-0.44380852580070496,-0.23961228132247925,0.0
-0.34125322103500366,0.5043492317199707,-0.17706957459449768,-0.19271737337112427,0.13127213716506958,0.03953404724597931,-0.620587944984436,-0.04680028557777405,0.0
-0.26593226194381714,0.6409646272659302,-0.24467355012893677,-0.19918861985206604,-0.1807669848203659,-0.10401415824890137,-0.5041981935501099,-0.10454526543617249,1.0
-0.5997917056083679,0.42688998579978943,-0.3561341166496277,0.04619261622428894,-0.046477869153022766,-0.08580531179904938,-0.49663805961608887,-0.1566462516784668,0.0
-0.5024821758270264,0.4369010627269745,-0.1429792046546936,-0.08007341623306274,-0.26306626200675964,-0.3538217544555664,-0.31689339876174927,-0.20867806673049927,1.0
-0.27679842710494995,-0.2439587116241455,-0.7100947499275208,0.06952837109565735,-0.21017412841320038,-0.11621227860450745,-0.2597256302833557,0.3351430296897888,0.0
-0.8003247976303101,0.2142915427684784,-0.2333642542362213,-0.06710035353899002,0.10648690909147263,-0.040077559649944305,-0.41410577297210693,-0.019629910588264465,1.0
-0.859867513179779,0.022925883531570435,-0.314939945936203,-0.0913836807012558,0.24156948924064636,-0.027826040983200073,-0.33181625604629517,-0.22140981256961823,1.0
-0.7564643621444702,0.2518758773803711,-0.27518415451049805,-0.1110105812549591,-0.0641556903719902,-0.25483137369155884,-0.18488970398902893,-0.2399357259273529,0.0
-0.2944645285606384,0.632133960723877,-0.40987828373908997,-0.10160282999277115,-0.018884409219026566,-0.07044238597154617,-0.4251079559326172,-0.07147242873907089,1.0
-0.18670037388801575,0.3666968047618866,-0.10848091542720795,-0.3184344172477722,0.2376793473958969,-0.1509847342967987,-0.6958658695220947,-0.16514411568641663,0.0
-0.1996147334575653,0.6456915736198425,-0.3261273503303528,-0.017404600977897644,-0.06493842601776123,-0.0915578156709671,-0.6374650597572327,-0.09921444207429886,1.0
-0.1023600697517395,0.8342134356498718,-0.30900663137435913,-0.22035498917102814,0.020082974806427956,-0.08227717876434326,-0.3885020315647125,-0.09044907987117767,1.0
-0.3137529492378235,0.8679706454277039,0.13122406601905823,-0.4426645040512085,0.23258551955223083,-0.034570373594760895,0.9999999403953552,1.0,0.0
0.464158296585083,-0.3784513473510742,-0.5537662506103516,-0.5993640422821045,-0.11980259418487549,0.23245593905448914,-0.4078633785247803,-0.28219667077064514,0.0
-0.14332658052444458,0.4106672406196594,-0.5784767270088196,-0.08388765901327133,0.16595934331417084,-0.42812222242355347,-0.6554902791976929,-0.26811084151268005,0.0
-0.040522485971450806,0.1726800501346588,-0.33347436785697937,0.14282365143299103,-0.18452422320842743,0.3313818573951721,-0.5725604295730591,-0.16960448026657104,0.0
-0.11392177641391754,0.7035490274429321,-0.06951077282428741,-0.037852123379707336,-0.1835618019104004,-0.280897319316864,-0.3685338497161865,-0.34270691871643066,1.0
-0.4477264881134033,0.4617850184440613,-0.3702051043510437,0.010486461222171783,-0.08407672494649887,-0.21139606833457947,-0.5118265151977539,-0.15070056915283203,1.0
-0.20823439955711365,0.6617091298103333,-0.21911771595478058,-0.260519802570343,-0.14138194918632507,-0.20670408010482788,-0.22250689566135406,0.08171029388904572,0.0
-0.62877357006073,0.2019270658493042,-0.18726177513599396,-0.047694023698568344,-0.08707047998905182,-0.2581179440021515,-0.46916893124580383,-0.22242967784404755,0.0
-0.8676356673240662,0.06891593337059021,-0.3563233017921448,-0.06370643526315689,0.1743992120027542,0.06941843032836914,-0.28430742025375366,-0.21849721670150757,1.0
-0.644368588924408,0.1165178120136261,-0.06951144337654114,-0.11840414255857468,0.27472394704818726,-0.10467387735843658,-0.6066405177116394,-0.1756230890750885,0.0
-0.27389711141586304,0.6420035362243652,-0.20817141234874725,-0.2519958019256592,0.08227308094501495,-0.11540815234184265,-0.29673340916633606,-0.043981343507766724,0.0
-0.9288988709449768,0.24400314688682556,-0.32828468084335327,0.018381789326667786,-0.04837200418114662,-0.18786361813545227,0.025428801774978638,-0.2501838803291321,0.0
-0.6025598645210266,0.4795314073562622,-0.3194936215877533,0.04102432727813721,-0.1251630038022995,-0.14161385595798492,-0.23986785113811493,-0.20865526795387268,0.0
-0.6392062306404114,0.4139649271965027,-0.24220861494541168,-0.06120198965072632,-0.19324561953544617,-0.3138819932937622,-0.2991613447666168,-0.10653755068778992,1.0
-0.38655027747154236,0.3071756362915039,-0.4446333646774292,-0.07666043937206268,-0.24987401068210602,-0.09006693959236145,-0.5668469667434692,0.028663963079452515,1.0
-0.38014569878578186,0.5791425704956055,-0.31247758865356445,-0.02353040874004364,-0.06037580221891403,-0.13124901056289673,-0.5643295049667358,-0.039000824093818665,1.0
-0.22583456337451935,0.25449085235595703,-0.09082110226154327,-0.0021640434861183167,-0.11256089061498642,-0.05798168480396271,-0.5886148810386658,-0.26065826416015625,0.0
-0.5774269104003906,0.1298714131116867,-0.0982910692691803,-0.24468432366847992,0.10642290860414505,-0.05117306113243103,-0.6339109539985657,-0.17760686576366425,0.0
-0.48488301038742065,0.3403651714324951,-0.1583395004272461,-0.24831517040729523,0.14522100985050201,-0.08630666136741638,-0.23900799453258514,-0.2998482584953308,0.0
-0.5723410844802856,0.07556307315826416,-0.16690832376480103,-0.12356075644493103,0.2243693768978119,0.03635042905807495,-0.7804903388023376,-0.16929157078266144,0.0
-0.15335813164710999,0.7241896390914917,-0.28039413690567017,-0.03790399804711342,-0.031208358705043793,-0.14068669080734253,-0.46385011076927185,-0.13212302327156067,1.0
0.30739325284957886,0.5909824371337891,0.3113415241241455,0.027878329157829285,0.33363935351371765,-0.09707359969615936,-0.33897098898887634,-0.41636207699775696,0.0
-0.47889241576194763,0.5285882949829102,-0.25688445568084717,-0.034371357411146164,-0.10405692458152771,-0.16934290528297424,-0.37709280848503113,-0.14110863208770752,1.0
-0.7291949987411499,0.16670773923397064,-0.22512681782245636,-0.008586913347244263,-0.043233975768089294,-0.13646315038204193,-0.2860416769981384,-0.2825549840927124,1.0
-0.6279679536819458,0.3805292546749115,-0.17139817774295807,-0.03530067205429077,-0.08697684109210968,-0.16491520404815674,-0.3644539713859558,-0.08214525133371353,0.0
0.3106158971786499,0.39332449436187744,-0.6635094881057739,-0.2989785671234131,0.1917523443698883,-0.29446083307266235,-0.1995631903409958,-0.5546847581863403,0.0
-0.18226782977581024,0.6687017679214478,-0.2901073396205902,-0.048049379140138626,-0.046941306442022324,-0.13976392149925232,-0.5786160826683044,-0.14426669478416443,1.0
-0.32450181245803833,0.27617987990379333,-0.361240953207016,-0.1546868532896042,-0.07321572303771973,-0.10984104126691818,-0.719967246055603,-0.12154979258775711,0.0
-0.6410687565803528,0.37660303711891174,-0.6149054765701294,0.013085126876831055,0.08871670812368393,0.05740313231945038,-0.2878037095069885,-0.2635231018066406,0.0
-0.5282618999481201,0.4989745616912842,-0.44294530153274536,-0.0489535890519619,-0.021623769775032997,-0.10727108269929886,-0.36910346150398254,-0.13270945847034454,0.0
-0.7067989110946655,0.20825046300888062,-0.15882721543312073,-0.1699119657278061,0.021410971879959106,-0.15423810482025146,-0.3900960683822632,-0.11170443892478943,1.0
-0.03136378526687622,0.15880967676639557,-0.3649357259273529,0.16616183519363403,0.00519950594753027,0.08107203245162964,-0.7801879644393921,-0.10874330997467041,0.0
-0.5654348731040955,0.43063631653785706,-0.3188237249851227,-0.11201869696378708,-0.28986281156539917,-0.11233243346214294,-0.3967728614807129,0.005557939410209656,1.0
-0.6717211604118347,0.3675116300582886,-0.48074498772621155,0.016688287258148193,-0.007360759656876326,-0.0023682713508605957,-0.3362899422645569,-0.20816972851753235,0.0
-0.5466355681419373,0.2603349983692169,-0.11785593628883362,-0.18376028537750244,0.16796131432056427,-0.02886708825826645,-0.6430568695068359,-0.08389878273010254,0.0
-0.6556088924407959,0.276867151260376,-0.42070940136909485,0.07716400921344757,0.13351793587207794,-0.018272824585437775,-0.4106173813343048,-0.24752488732337952,0.0
-0.4613385796546936,0.32516053318977356,-0.2503664791584015,-0.057962436228990555,0.04168768599629402,-0.061117999255657196,-0.7375035881996155,-0.1754179149866104,0.0
-0.09049689769744873,-0.01738765835762024,-0.5480566620826721,0.08105388283729553,0.7683587074279785,-0.711005687713623,0.07246536016464233,0.47707676887512207,0.0
-0.5079838037490845,0.3981786370277405,-0.3372346758842468,-0.1575600951910019,-0.18817874789237976,-0.11726292222738266,-0.43957024812698364,-0.2056240290403366,1.0
0.8081174492835999,-1.0,0.19080910086631775,0.5194492936134338,0.12739695608615875,-0.3434141278266907,0.1884748339653015,-0.22238190472126007,0.0
-0.4307481646537781,0.33219170570373535,-0.45797795057296753,-0.12853990495204926,-0.2384236752986908,-0.21295349299907684,-0.43167808651924133,-0.14357851445674896,1.0
-0.6278214454650879,0.3131048381328583,-0.3493754267692566,-0.11403994262218475,-0.15221573412418365,-0.19958645105361938,-0.36935609579086304,-0.18868616223335266,1.0
-0.21660883724689484,0.523692786693573,-0.5320929288864136,0.044137030839920044,0.23117423057556152,-0.1973196566104889,-0.5401259660720825,-0.07084764540195465,0.0
-0.40904539823532104,0.5817717909812927,-0.30790939927101135,0.0067862942814826965,-0.11991056054830551,-0.1243056058883667,-0.425047904253006,0.030877411365509033,0.0
-0.0022908449172973633,0.8086162805557251,0.17103800177574158,-0.3965343236923218,0.35995393991470337,-0.04993533343076706,-0.010499954223632812,0.3453981280326843,0.0
-0.5936657786369324,0.229067862033844,-0.3482068181037903,0.057275041937828064,-0.055367205291986465,-0.07947179675102234,-0.41128242015838623,-0.18977732956409454,0.0
0.022345304489135742,-0.05576750636100769,-0.6201893091201782,-0.16061025857925415,0.09865833818912506,-0.053763389587402344,-0.701522707939148,-0.0897444635629654,0.0
-0.2924877405166626,0.5175485610961914,-0.3073491156101227,-0.16425126791000366,-0.13097529113292694,-0.3131748139858246,-0.5568585395812988,-0.18378275632858276,1.0
-0.16118121147155762,0.5744353532791138,-0.44258540868759155,-0.20910145342350006,0.035775911062955856,-0.14368654787540436,-0.6157380938529968,-0.22973300516605377,1.0
-0.5535191297531128,0.30161386728286743,-0.15172097086906433,-0.17995300889015198,0.0236397385597229,-0.1208006888628006,-0.6034213304519653,-0.10035876929759979,1.0
-0.43844789266586304,0.44804757833480835,0.02799728512763977,-0.2983003854751587,-0.04624122753739357,-0.2701440751552582,-0.4236525893211365,-0.03767374902963638,0.0
-0.47315892577171326,0.3420180678367615,-0.21612557768821716,-0.15081185102462769,0.2010623961687088,-0.00639498233795166,-0.6363999843597412,-0.12063469737768173,0.0
-0.1663222759962082,0.6399693489074707,-0.19345495104789734,-0.010337695479393005,-0.1808840036392212,-0.1194884404540062,-0.56950843334198,-0.3261350095272064,1.0
-0.2442316710948944,-0.003517061471939087,-0.15582126379013062,-0.24672198295593262,-0.12173568457365036,-0.08877192437648773,-0.8224011063575745,0.2295374870300293,0.0
-0.5725204944610596,0.0416865348815918,-0.22353628277778625,-0.1489403396844864,0.21459251642227173,0.022664502263069153,-0.7504825592041016,-0.18064750730991364,1.0
-0.11329230666160583,0.4264608323574066,-0.43920791149139404,-0.18259555101394653,0.17537392675876617,-0.15735690295696259,-0.7259195446968079,-0.30889809131622314,0.0
-0.4632783532142639,0.4732040464878082,-0.45478323101997375,-0.07610931992530823,-0.06060486659407616,-0.14980921149253845,-0.4408074617385864,-0.12877435982227325,1.0
-0.6928993463516235,0.2411159723997116,-0.023774519562721252,-0.13734307885169983,-0.05201508104801178,-0.31152868270874023,-0.35240912437438965,-0.0805758535861969,0.0
-0.7789366245269775,0.15286292135715485,-0.23983483016490936,-0.13841131329536438,-0.035672999918460846,-0.11304955184459686,-0.3134983777999878,-0.20703056454658508,0.0
-0.6225088834762573,0.35785171389579773,-0.38575178384780884,-0.06359460949897766,-0.11142153292894363,-0.23490619659423828,-0.3517088294029236,-0.13677307963371277,1.0
-0.6881575584411621,0.22313913702964783,-0.2653025686740875,-0.026104584336280823,-0.029419373720884323,-0.1315855085849762,-0.4537828266620636,-0.12292039394378662,1.0
-0.24478411674499512,-0.1605275571346283,-0.33424633741378784,-0.21396368741989136,-0.5571586489677429,-0.3348281681537628,-0.2238662987947464,0.4240760803222656,0.0
-0.10195988416671753,-0.24829494953155518,-0.5792238712310791,0.1927238404750824,-0.17903275787830353,0.12806466221809387,-0.3253091871738434,0.25240814685821533,0.0
0.5039607286453247,-0.7043527364730835,-0.8333914875984192,-0.5631483793258667,-0.15284579992294312,-0.46922868490219116,0.1352974772453308,-0.09022505581378937,0.0
-0.7633719444274902,0.04893657565116882,-0.15125073492527008,-0.03312002494931221,0.17574374377727509,-0.019773751497268677,-0.41968369483947754,-0.25845280289649963,1.0
0.17935490608215332,0.5318636894226074,-0.36479219794273376,0.1098853349685669,0.11531764268875122,-0.4125816226005554,-0.48345208168029785,-0.2844725549221039,1.0
0.0763375461101532,0.02896788716316223,-0.3521158695220947,0.044051989912986755,0.3513094186782837,-0.24295559525489807,-0.2753283977508545,0.13220396637916565,0.0
-0.5766969323158264,0.37623855471611023,-0.21884030103683472,-0.009173505008220673,-0.21974261105060577,-0.34481143951416016,-0.3518223166465759,-0.178450345993042,1.0
-0.14848922193050385,0.7488818764686584,-0.3196784555912018,-0.13472023606300354,0.1322060227394104,-0.1547594666481018,-0.347287118434906,-0.14880754053592682,1.0
0.507837176322937,-0.19651591777801514,0.18375042080879211,0.16018210351467133,0.022959081456065178,0.3006702661514282,-0.6269151568412781,-0.5628783106803894,0.0
-0.35688430070877075,0.3955020308494568,-0.39525091648101807,-0.02806539088487625,-0.1577218770980835,-0.12055934220552444,-0.7328201532363892,0.028016909956932068,1.0
-0.4113093316555023,0.5656890273094177,-0.36056262254714966,-0.1249537244439125,-0.02164830081164837,-0.010849550366401672,-0.3943469822406769,-0.08303049206733704,1.0
0.08108308911323547,0.21411342918872833,0.17585685849189758,0.2951295077800751,-0.4625382125377655,0.26516422629356384,0.05523845553398132,-0.2689003646373749,0.0
-0.5760480165481567,0.10079571604728699,-0.03390279412269592,-0.09023438394069672,0.19604605436325073,-0.043181970715522766,-0.7178651094436646,-0.138612300157547,0.0
-0.7126971483230591,0.06535035371780396,-0.13325108587741852,-0.14315640926361084,0.23449364304542542,-0.03017266094684601,-0.5674537420272827,-0.18747420608997345,1.0
-0.644145667552948,0.2049936056137085,-0.19947633147239685,0.023439079523086548,0.20474854111671448,-0.017461955547332764,-0.4727383255958557,-0.20132331550121307,1.0
0.07347020506858826,-0.028889000415802002,-0.22187092900276184,0.12101612985134125,0.5367774963378906,-0.6026872396469116,-0.16900736093521118,0.4216793179512024,0.0
-0.5460200905799866,0.4278220534324646,-0.30079686641693115,-0.14596427977085114,-0.07509075850248337,-0.12950202822685242,-0.4273211359977722,-0.09732408076524734,1.0
-0.2527797818183899,0.06612801551818848,0.13753148913383484,-0.2812539339065552,-0.023519299924373627,-0.2917141914367676,-0.6569336652755737,0.04445229470729828,0.0
-0.3514065444469452,0.3550654649734497,-0.34996938705444336,-0.005680158734321594,-0.24058890342712402,-0.26028451323509216,-0.6473904252052307,-0.15749172866344452,1.0
0.15649425983428955,0.6643182039260864,-0.4525843858718872,-0.11014410108327866,0.11822374910116196,-0.20756135880947113,-0.4933609664440155,-0.29580220580101013,1.0
-0.03494718670845032,0.7450353503227234,-0.10427428781986237,-0.36482682824134827,0.036526910960674286,-0.0891730934381485,-0.2494744509458542,-0.22478583455085754,1.0
0.14845871925354004,0.14144612848758698,0.047310203313827515,0.30878743529319763,0.2794129252433777,-0.3619413375854492,-0.3915823698043823,-0.5745073556900024,0.0
-0.10402122139930725,0.641635537147522,-0.6089558601379395,-0.07355839759111404,0.19233274459838867,-0.03802705556154251,-0.5276327133178711,-0.028635911643505096,1.0
-0.6505798101425171,0.3955867886543274,-0.42967337369918823,0.05371430516242981,-0.05723731219768524,-0.04937680810689926,-0.3309113085269928,-0.2343793511390686,1.0
-0.27465811371803284,0.11643616855144501,-0.02598726749420166,-0.2880938649177551,0.10769546031951904,-0.23437491059303284,-0.8192949891090393,0.06754857301712036,0.0
-0.35202038288116455,0.43690091371536255,-0.4081001281738281,-0.12858344614505768,-0.23242683708667755,-0.19368784129619598,-0.549262523651123,-0.18695418536663055,1.0
-0.5431414246559143,0.1324937641620636,0.024936944246292114,-0.07807036489248276,0.002998075447976589,-0.12124130129814148,-0.5753852725028992,-0.15672285854816437,0.0
-0.13102182745933533,-0.2294570803642273,-0.13106803596019745,-0.3819853365421295,-0.12930455803871155,-0.42645758390426636,-0.5145978927612305,0.06363388895988464,0.0
-0.6386730670928955,0.3473711311817169,-0.10958151519298553,-0.12588931620121002,0.2339281588792801,0.08453789353370667,-0.1364777386188507,0.2755269408226013,0.0
0.19967705011367798,-0.59147709608078,-0.056374192237854004,-0.002948366105556488,-0.2799275815486908,-0.1255759298801422,-0.7490779161453247,0.6439996957778931,0.0
-0.5826611518859863,0.4041694402694702,-0.3386692404747009,0.0009064972400665283,-0.05158232897520065,-0.17612725496292114,-0.43928974866867065,-0.12826795876026154,1.0
-0.40053820610046387,0.15409232676029205,-0.17922380566596985,-0.1508195400238037,0.10881829261779785,0.047998443245887756,-0.7890698909759521,-0.14250363409519196,0.0
0.033105820417404175,0.16615113615989685,-0.36719152331352234,-0.288158118724823,-0.4442110061645508,-0.2688525915145874,-0.5306524038314819,-0.1811354011297226,0.0
-0.8220952749252319,0.08901520073413849,-0.03402319550514221,-0.22340384125709534,0.09224621206521988,-0.18957844376564026,-0.24284842610359192,-0.18844422698020935,1.0
-0.2273457795381546,0.6978986263275146,-0.3059670329093933,-0.020255036652088165,-0.07479188591241837,-0.10544216632843018,-0.5616583228111267,-0.08554160594940186,1.0
-0.5291321873664856,0.1715395450592041,-0.31804120540618896,-0.16018621623516083,-0.056891944259405136,-0.15403242409229279,-0.5890793800354004,-0.12500227987766266,0.0
0.2688431739807129,0.5881843566894531,0.02107417583465576,-0.44206151366233826,0.4339052736759186,0.5275304317474365,0.2834700345993042,-0.3728760778903961,0.0
0.11920303106307983,-0.11258810758590698,0.009214848279953003,-0.5149204730987549,-0.24602913856506348,-0.17312511801719666,-0.6826831698417664,-0.22176307439804077,0.0
-0.41217562556266785,0.4170025587081909,-0.48865950107574463,0.022107131779193878,-0.024218160659074783,-0.2396857738494873,-0.5584693551063538,-0.11837881803512573,0.0
0.09023267030715942,0.1927734613418579,-0.19281932711601257,0.303688108921051,0.10463324189186096,-0.5915123224258423,-0.0287075936794281,-0.4158581793308258,0.0
0.40198564529418945,-0.5757561326026917,-0.39264386892318726,-0.427449494600296,-0.019124338403344154,-0.2619432508945465,-0.5420554280281067,0.08242639899253845,0.0
-0.4119608402252197,0.3429402709007263,-0.1688227355480194,0.012570083141326904,-0.007287477608770132,-0.004864975810050964,-0.6881493330001831,-0.1437910497188568,0.0
-0.40125903487205505,0.4485257863998413,-0.13746266067028046,-0.12274353951215744,-0.024442410096526146,-0.24653443694114685,-0.5488641262054443,-0.10879044234752655,0.0
-0.23067906498908997,0.5330401659011841,-0.4087097942829132,-0.16204310953617096,-0.06383725255727768,-0.2174873799085617,-0.6184041500091553,-0.09558619558811188,1.0
-0.13454987108707428,0.6631078720092773,-0.3270319104194641,-0.31248512864112854,0.019928885623812675,-0.23355001211166382,-0.20406517386436462,0.06507626175880432,0.0
0.09077677130699158,-0.3009101152420044,-0.3966376483440399,0.5732712745666504,0.06649622321128845,0.08338704705238342,-0.23681730031967163,-0.10401804745197296,0.0
-0.6327366828918457,0.2375817894935608,-0.26625776290893555,-0.14374585449695587,-0.035828299820423126,-0.10114157199859619,-0.4284011125564575,-0.20429134368896484,1.0
-0.2917591631412506,0.4067496061325073,0.12520915269851685,-0.12325626611709595,0.054809652268886566,-0.06373153626918793,-0.6524084210395813,-0.15207640826702118,1.0
-0.2769843637943268,0.6405560970306396,-0.09817451238632202,0.014022544026374817,0.0005738497711718082,-0.1761084944009781,-0.3703775703907013,0.0669906735420227,1.0
-0.5372439622879028,0.43648892641067505,-0.3663684129714966,-0.06243066489696503,-0.1148902103304863,-0.16165056824684143,-0.3794269859790802,-0.2134494185447693,1.0
-0.7098624110221863,0.30741891264915466,-0.23412375152111053,-0.011019527912139893,-0.03475164622068405,-0.19074499607086182,-0.3137093186378479,-0.14143584668636322,1.0
-0.48268139362335205,0.4102496802806854,-0.5043336749076843,-0.048484914004802704,0.0025733537040650845,-0.17847862839698792,-0.537688672542572,-0.05197708308696747,0.0
-0.33781301975250244,0.47446000576019287,0.026897728443145752,-0.15592923760414124,-0.054127149283885956,-0.22338737547397614,-0.552266001701355,-0.03628586232662201,0.0
-0.233280211687088,0.42580533027648926,-0.04239116609096527,-0.13126350939273834,0.1514669805765152,-0.08268469572067261,-0.7198857069015503,0.06716939806938171,0.0
-0.0348486602306366,0.6301771402359009,-0.4709271192550659,0.13579414784908295,0.1867145299911499,0.06543321907520294,-0.4509560763835907,-0.24091100692749023,1.0
-0.5710983276367188,0.40304648876190186,-0.20269477367401123,-0.048613566905260086,-0.007010927889496088,-0.10768463462591171,-0.443176805973053,-0.15886558592319489,0.0
-0.5212183594703674,0.255370557308197,-0.06782269477844238,-0.11568102240562439,-0.21920844912528992,-0.2433929145336151,-0.5234416723251343,-0.21831145882606506,0.0
-0.5368204712867737,0.40203380584716797,-0.22263316810131073,-0.15822306275367737,-0.04962867498397827,-0.21688926219940186,-0.4451133906841278,-0.13611628115177155,0.0
-0.2886309325695038,0.13312654197216034,-0.20692865550518036,-0.2506867051124573,-0.03801054507493973,-0.13290594518184662,-0.8462779521942139,-0.05951371788978577,0.0
-0.5805121064186096,0.36558371782302856,-0.24343641102313995,0.033686377108097076,-0.07763650268316269,-0.20217962563037872,-0.3664035201072693,-0.2340359091758728,1.0
-0.1080808937549591,0.33073362708091736,-0.1345398724079132,0.10409766435623169,0.18310384452342987,-0.2515680491924286,-0.6795881986618042,-0.25773096084594727,0.0
-0.07181239128112793,0.21199268102645874,0.2246728241443634,0.0141548290848732,0.0737774521112442,-0.2755812406539917,-0.298495352268219,-0.45974448323249817,0.0
-0.0945960283279419,0.5555569529533386,-0.3945721983909607,0.14537681639194489,0.1482083946466446,-0.10949447005987167,-0.38734346628189087,-0.27575480937957764,1.0
0.0003916323184967041,0.8878803253173828,0.03385758399963379,-0.0004815012216567993,-0.04496226832270622,-0.22240442037582397,-0.14731022715568542,-0.2102195918560028,1.0
-0.42400574684143066,0.34259676933288574,-0.05776494741439819,-0.24054749310016632,-0.25213563442230225,-0.3065562844276428,-0.5425589084625244,-0.23966535925865173,1.0
-0.48427146673202515,0.46331655979156494,-0.27936145663261414,0.007271908223628998,-0.14846011996269226,-0.15767346322536469,-0.4899919629096985,-0.17795664072036743,1.0
-0.02493080496788025,0.7257223129272461,-0.10710719227790833,-0.07155818492174149,-0.029912592843174934,-0.06098783016204834,-0.42874863743782043,-0.2050529420375824,1.0
-0.42818090319633484,0.4518400728702545,-0.22446531057357788,-0.09793901443481445,-0.3755924701690674,-0.19465206563472748,-0.44457072019577026,-0.11150826513767242,1.0
-0.28571808338165283,0.028954148292541504,-0.26114100217819214,-0.2586762011051178,-0.18490293622016907,-0.35297566652297974,-0.46639132499694824,-0.007029086351394653,0.0
-0.5316741466522217,0.3720698952674866,-0.2383020967245102,-0.03851224109530449,-0.01480248011648655,-0.14162836968898773,-0.553036630153656,-0.14548034965991974,0.0
-0.16835638880729675,0.4863472878932953,-0.626140832901001,-0.13083834946155548,0.11635073274374008,-0.25208091735839844,-0.5697556138038635,-0.16430124640464783,1.0
-0.49942663311958313,0.31014639139175415,0.010352998971939087,-0.16041362285614014,0.11756487935781479,-0.14408840239048004,-0.5959511995315552,-0.13566045463085175,0.0
-0.5830419659614563,0.3090716004371643,-0.30097293853759766,-0.024007458239793777,-0.2109537571668625,-0.20638161897659302,-0.35660141706466675,-0.24081149697303772,1.0
-0.2694099545478821,0.4735991954803467,-0.5909439921379089,-0.08809573948383331,0.18119820952415466,-0.11951220780611038,-0.4724224805831909,-0.1487426459789276,1.0
-0.4807150363922119,0.45361828804016113,-0.04412771761417389,-0.07275499403476715,-0.030493905767798424,-0.22750961780548096,-0.18023675680160522,-0.1876790076494217,0.0
-0.01460409164428711,0.5405137538909912,-0.6239191293716431,-0.1328253448009491,0.15330183506011963,-0.09322720766067505,-0.40035170316696167,-0.06904865801334381,1.0
-0.5079599618911743,0.38137370347976685,-0.2400682419538498,-0.1326504945755005,-0.19487527012825012,-0.21769073605537415,-0.4457550048828125,-0.1773233264684677,0.0
-0.13054101169109344,0.31376516819000244,-0.5856660604476929,-0.19396528601646423,0.02597939223051071,0.08687885105609894,-0.49439796805381775,-0.3495420813560486,1.0
0.1338104009628296,-0.013380855321884155,-0.2189062535762787,0.36589619517326355,-0.05500921234488487,0.2787420451641083,-0.6749998331069946,-0.24408207833766937,0.0
-0.4877725839614868,0.2214970886707306,-0.13165715336799622,-0.09242138266563416,-0.09117598831653595,-0.2153984010219574,-0.62729811668396,-0.10968676209449768,1.0
-0.7258878946304321,0.15242841839790344,-0.03857263922691345,-0.11432725936174393,-0.0891726091504097,-0.23978959023952484,-0.24226072430610657,-0.3325686454772949,0.0
-0.11003082990646362,0.29037684202194214,-0.040497586131095886,-0.14781111478805542,-0.009326262399554253,-0.6480156183242798,-0.48327702283859253,-0.161858931183815,0.0
-0.9110649228096008,-0.04420900344848633,-0.14961659908294678,-0.07619690895080566,0.3070264160633087,-0.08460834622383118,-0.29913195967674255,-0.28527867794036865,0.0
-0.45025402307510376,0.3681807219982147,0.10062852501869202,-0.3071431815624237,0.07386425137519836,-0.20443563163280487,-0.2882150411605835,0.21866291761398315,0.0
-0.3416372239589691,0.5274591445922852,-0.10793556272983551,-0.14315222203731537,0.02499747835099697,-0.2903517484664917,-0.5195218920707703,0.11762574315071106,0.0
-0.2807881236076355,0.09388576447963715,-0.10063451528549194,-0.05948987603187561,0.41069093346595764,-0.41269418597221375,-0.38217440247535706,-0.11715062707662582,0.0
-0.03127264976501465,0.5704729557037354,-0.2587551772594452,0.008159734308719635,-0.018561068922281265,-0.1083085834980011,-0.5106056928634644,-0.34499460458755493,0.0
-0.5394980907440186,0.14375945925712585,-0.2849167287349701,-0.14679013192653656,0.10270091891288757,0.024372100830078125,-0.6847038269042969,-0.24562501907348633,0.0
-0.5041706562042236,0.24389714002609253,0.18289241194725037,-0.20073306560516357,-0.02041173167526722,-0.35119789838790894,-0.4896223843097687,-0.2038571834564209,1.0
-0.06693124771118164,0.14834390580654144,-0.3229442536830902,-0.27641212940216064,-0.2992040514945984,-0.17335838079452515,-0.602318286895752,-0.05186937749385834,0.0
