-0.18919019401073456,0.714372992515564,-0.30652379989624023,-0.1039051041007042,1.0
-0.05677202343940735,0.11053553223609924,0.49825000762939453,-0.1573101133108139,0.0
-0.4373914301395416,0.34094932675361633,-0.08866822719573975,-0.035376742482185364,1.0
-0.10886771976947784,0.4486299455165863,-0.3988756537437439,0.039415113627910614,0.0
-0.3259260058403015,0.4826752543449402,0.008142143487930298,-0.7204827070236206,0.0
-0.6221567392349243,0.09687237441539764,-0.3464905917644501,-0.044021572917699814,0.0
-0.22651885449886322,0.6654942035675049,-0.2259579598903656,0.09958118200302124,1.0
-0.18658679723739624,0.7893096208572388,-0.2818179726600647,-0.17879170179367065,1.0
0.21791958808898926,-0.43265461921691895,-0.5227447748184204,-0.39435911178588867,0.0
-0.4679484963417053,0.31212958693504333,-0.2584472894668579,0.07650864124298096,1.0
-0.7677688002586365,0.08097575604915619,-0.05357261002063751,-0.2091401070356369,1.0
-0.750144898891449,0.10841035842895508,-0.07940401136875153,-0.372856467962265,1.0
-0.14257043600082397,0.5993393659591675,-0.20872290432453156,-0.4277670383453369,1.0
-0.7452435493469238,0.1612410843372345,-0.312398225069046,-0.007916152477264404,0.0
-0.30227991938591003,0.6883853077888489,-0.2643883228302002,-0.09268558770418167,1.0
-0.41484129428863525,0.28988465666770935,-0.30082225799560547,-0.1197577714920044,1.0
-0.32904455065727234,0.5400168299674988,-0.15868625044822693,-0.05869392305612564,0.0
-0.3245459794998169,0.42093974351882935,-0.1980404555797577,0.03759773075580597,1.0
-0.8719024062156677,0.17205944657325745,-0.36165568232536316,0.09384739398956299,1.0
-0.69883131980896,0.3755580484867096,-0.2652122378349304,-0.10387314856052399,0.0
0.19861239194869995,0.010797053575515747,-0.5325750708580017,-0.31508320569992065,0.0
0.2342827320098877,-0.07062786817550659,-0.09107621014118195,0.417492151260376,0.0
-0.466635525226593,0.3659561276435852,-0.29944685101509094,-0.04554961249232292,0.0
0.38300180435180664,-0.5446662306785583,-0.6692035794258118,-0.6608457565307617,0.0
-0.361838698387146,0.38873541355133057,-0.12334688007831573,-0.2482186257839203,0.0
-0.11277985572814941,0.6355057954788208,-0.18655405938625336,-0.36925843358039856,1.0
-0.1216011643409729,0.6298635005950928,-0.20733292400836945,0.12646760046482086,0.0
-0.33119505643844604,0.3580997884273529,0.08052897453308105,-0.06931498646736145,0.0
-0.261525422334671,0.1767820119857788,-0.21329578757286072,0.07848508656024933,0.0
-0.7107693552970886,0.09309528768062592,-0.09320772439241409,-0.15415643155574799,0.0
-0.12594404816627502,0.7716600298881531,-0.1838497668504715,0.08150500059127808,1.0
-0.6060064435005188,0.21546518802642822,-0.3056049346923828,-0.027687177062034607,1.0
-0.47034549713134766,0.458474338054657,-0.19891946017742157,0.028195969760417938,1.0
-0.39638587832450867,0.7072049379348755,-0.17783886194229126,-0.02917403355240822,1.0
-0.35616597533226013,0.4596376419067383,-0.1340261995792389,-0.0748785063624382,0.0
-0.5577902793884277,0.23058375716209412,-0.2626016438007355,0.2278791069984436,1.0
-0.2917267978191376,-0.23625779151916504,-0.6722687482833862,0.2371910810470581,0.0
-0.32156383991241455,0.504269003868103,-0.20599375665187836,0.055787622928619385,1.0
-0.3423662483692169,0.345599889755249,-0.3312111794948578,-0.10338595509529114,1.0
-0.5048803091049194,0.4389301538467407,-0.22881974279880524,-0.14617544412612915,0.0
-0.23592060804367065,0.33987048268318176,0.1851567029953003,-0.17437215149402618,0.0
-0.44719842076301575,0.35295990109443665,-0.5128763914108276,0.1633230447769165,1.0
-0.3685358762741089,0.5117396116256714,-0.2591400444507599,0.05367705225944519,1.0
0.03425249457359314,-0.02322995662689209,0.10378894209861755,0.023496679961681366,0.0
-0.8215060234069824,0.285588800907135,-0.21993190050125122,0.12066246569156647,1.0
-0.9490527510643005,0.0633464902639389,-0.18044036626815796,0.04030122607946396,1.0
-0.16369813680648804,0.21561187505722046,-0.5242726802825928,-0.012055933475494385,0.0
-0.6367475390434265,0.286379337310791,-0.2366834431886673,0.028612792491912842,0.0
-0.5985163450241089,0.16657274961471558,-0.15985436737537384,-0.29715675115585327,1.0
0.231423020362854,-0.17690518498420715,-0.5780133008956909,-0.3548532724380493,0.0
-0.28664079308509827,0.6228578686714172,-0.2577127516269684,-0.13075195252895355,0.0
-0.3968798518180847,0.017983734607696533,-0.15376505255699158,-0.3633904457092285,0.0
-0.6884347796440125,0.26368477940559387,-0.23203712701797485,0.09511490166187286,0.0
0.24167770147323608,0.8846633434295654,-0.29131171107292175,-0.2563440501689911,1.0
-0.08098351955413818,0.3455842435359955,-0.23494403064250946,0.2719223201274872,0.0
-0.631751298904419,0.07071691751480103,-0.111159548163414,-0.16334056854248047,1.0
-0.6755115985870361,0.32839566469192505,-0.14292246103286743,-0.09007170796394348,0.0
-0.736747145652771,0.26343125104904175,-0.25873270630836487,-0.04137780889868736,0.0
-0.6104674339294434,0.22697196900844574,-0.22763606905937195,-0.1770491749048233,0.0
-0.7428053617477417,0.24838770925998688,-0.2245420515537262,0.09718026220798492,1.0
0.04513630270957947,0.5759313702583313,-0.18981796503067017,0.19827941060066223,0.0
-0.31656354665756226,0.3437395989894867,0.014345988631248474,-0.20235848426818848,0.0
0.04363304376602173,0.625450074672699,-0.4188869893550873,-0.07021573930978775,1.0
0.21138858795166016,0.5872066617012024,0.21181395649909973,-0.06293799728155136,0.0
-0.3483538031578064,0.4216858148574829,-0.21012146770954132,0.04000379145145416,1.0
-0.11446623504161835,0.6773504018783569,-0.19293001294136047,0.06756912171840668,1.0
-0.5612820386886597,0.21872836351394653,-0.15070106089115143,-0.04607800394296646,0.0
-0.6508327722549438,0.3305346965789795,-0.3579255938529968,0.010284021496772766,0.0
-0.5803142786026001,0.4083141088485718,-0.2968653440475464,-0.017858371138572693,0.0
-0.1657160073518753,0.748365044593811,-0.16035713255405426,-0.04562584310770035,1.0
-0.8928905725479126,-0.11195024847984314,-0.191663920879364,-0.20271658897399902,0.0
-0.628284215927124,0.3440791666507721,-0.10689999908208847,-0.06357160955667496,1.0
-0.6536648273468018,0.3815353214740753,-0.20701949298381805,0.06573544442653656,0.0
-0.33962780237197876,0.4774963855743408,-0.31581979990005493,-0.08737797290086746,1.0
-0.7420859336853027,0.3550289273262024,-0.2847388982772827,-0.019838128238916397,1.0
-0.7117837071418762,-0.06504437327384949,-0.24603639543056488,-0.19131261110305786,0.0
-0.7428117990493774,0.15797178447246552,-0.2563340961933136,0.13332517445087433,1.0
-0.3887648284435272,0.5636308789253235,-0.2664647102355957,0.09251052141189575,0.0
-0.4985104203224182,0.28168436884880066,-0.2729622423648834,0.12921425700187683,1.0
-0.7855781316757202,0.22972145676612854,-0.19419163465499878,0.03882375359535217,1.0
-0.6736219525337219,0.3330754339694977,-0.31192508339881897,0.00592523068189621,1.0
-0.9098677039146423,0.027127087116241455,-0.06532891094684601,-0.18274423480033875,0.0
-0.4605103135108948,0.14049063622951508,0.04394230246543884,-0.40961629152297974,1.0
-0.46167561411857605,0.3775216341018677,-0.06810915470123291,-0.42044490575790405,0.0
-0.6144580841064453,0.025241762399673462,-0.1138751432299614,-0.05365539342164993,1.0
-0.5278406143188477,0.08090493083000183,-0.05970606207847595,-0.15775084495544434,1.0
-0.8220392465591431,0.13078130781650543,-0.18780331313610077,-0.17326386272907257,0.0
-0.03335458040237427,0.8347118496894836,-0.006148248910903931,0.06701476871967316,1.0
-0.5791299343109131,0.1820729672908783,-0.1700064241886139,-0.0345502644777298,0.0
-0.1219291239976883,0.45972245931625366,-0.1574753224849701,-0.023007966578006744,1.0
-0.2746284306049347,0.27247777581214905,-0.38712483644485474,0.17278555035591125,1.0
-0.6486189365386963,0.04563114047050476,-0.21339479088783264,-0.2562408447265625,0.0
-0.4273085296154022,0.45871785283088684,-0.23912358283996582,-0.2382756769657135,0.0
-0.8182865381240845,0.04366061091423035,-0.24267323315143585,0.03254838287830353,1.0
-0.9742599725723267,0.0359494686126709,-0.2504015564918518,0.08070981502532959,0.0
-0.33212870359420776,0.5742639303207397,-0.2544180452823639,-0.16575759649276733,1.0
-0.6338620781898499,0.17497318983078003,-0.09649632126092911,-0.1142670214176178,0.0
-0.23329955339431763,0.41861623525619507,-0.1350705325603485,-0.3979220390319824,0.0
-0.6723483800888062,0.23789341747760773,-0.36488795280456543,0.03033604472875595,1.0
-0.4960286319255829,0.2778022587299347,-0.14800211787223816,-0.09974227845668793,0.0
-0.8450062274932861,-0.017366647720336914,-0.1797141283750534,0.011705741286277771,1.0
-0.3336701989173889,0.19104596972465515,-0.12786990404129028,-0.4440803527832031,0.0
-0.6745404005050659,-0.06411859393119812,0.021457910537719727,-0.23171605169773102,0.0
-0.7381539344787598,0.14350473880767822,-0.18080855906009674,-0.18660026788711548,1.0
-0.69423508644104,0.19415287673473358,-0.27301934361457825,-0.061473723500967026,1.0
-0.4059615135192871,0.27553680539131165,-0.09646344184875488,-0.579261064529419,0.0
-0.3968502879142761,0.43660542368888855,-0.2718368470668793,-0.09159480780363083,1.0
0.008042186498641968,0.1952531933784485,-0.1931724101305008,0.0983954668045044,0.0
-0.503108561038971,0.3474213480949402,-0.1945485919713974,-0.2706889510154724,1.0
-0.26354464888572693,0.5706130862236023,-0.19909998774528503,-0.2598346471786499,1.0
-0.2454352080821991,0.5015894174575806,-0.13650381565093994,-0.055769436061382294,1.0
-0.44982025027275085,0.49261176586151123,-0.28178390860557556,-0.1193656474351883,1.0
0.12257781624794006,0.22909775376319885,-0.623467206954956,0.09861685335636139,0.0
-0.2541171610355377,0.31004735827445984,0.03944167494773865,-0.11523279547691345,0.0
-0.25317269563674927,0.3581419885158539,-0.2271559089422226,0.01096208393573761,1.0
-0.37651652097702026,0.5514878630638123,-0.3086909055709839,-0.10658906400203705,1.0
-0.7106642723083496,-0.027556300163269043,-0.12113485485315323,-0.09461578726768494,1.0
-0.2841329574584961,0.5867601633071899,-0.14770175516605377,0.026253439486026764,1.0
-0.35538265109062195,0.5600816607475281,-0.1433141678571701,0.03125487267971039,1.0
-0.6273902654647827,0.15458926558494568,-0.2336397022008896,-0.060513611882925034,0.0
-0.5745307207107544,0.4350193738937378,-0.2892855405807495,-0.009530901908874512,1.0
-0.04329147934913635,0.6162481307983398,-0.4346150755882263,-0.025368429720401764,1.0
-0.1295778751373291,0.16343413293361664,-0.2662563920021057,-0.28504252433776855,0.0
-0.05883914232254028,0.15125878155231476,-0.027928024530410767,-0.19891342520713806,0.0
-0.48784130811691284,0.2412910908460617,-0.017866715788841248,-0.28514906764030457,0.0
-0.01861274242401123,0.2686478793621063,-0.337812602519989,0.27459973096847534,1.0
-0.3541516959667206,0.669866681098938,-0.14551371335983276,-0.05133161321282387,0.0
0.28140902519226074,0.49643784761428833,-0.38528865575790405,-0.30673858523368835,0.0
-0.8082377910614014,0.024727851152420044,-0.037821874022483826,-0.41419440507888794,0.0
-0.25266239047050476,0.2752428948879242,-0.1971568763256073,-0.3339623510837555,0.0
0.0005736947059631348,0.33493250608444214,-0.3955680727958679,-0.16268163919448853,0.0
-0.7817821502685547,0.10346899926662445,-0.12979158759117126,-0.03662903606891632,0.0
-0.6795774698257446,0.2819831371307373,-0.24095897376537323,-0.1869996190071106,1.0
-0.06245267391204834,0.5658696889877319,-0.14189983904361725,0.04542142152786255,0.0
-0.6695104837417603,0.28981390595436096,-0.23558582365512848,-0.2676458954811096,1.0
0.1027798056602478,0.5797924995422363,-0.4859953224658966,-0.07883740216493607,1.0
-0.4701259136199951,0.24423861503601074,-0.13054004311561584,-0.2886424660682678,0.0
-0.71018385887146,0.06856614351272583,-0.22612299025058746,-0.1707751601934433,1.0
-0.4202648401260376,0.39592763781547546,-0.29345282912254333,-0.09797099232673645,1.0
-0.36083802580833435,0.4474506080150604,-0.3521222770214081,-0.0018921643495559692,1.0
-0.6446411609649658,0.19061553478240967,-0.019910946488380432,-0.20314395427703857,1.0
-0.3189564049243927,0.41012394428253174,-0.3642982840538025,0.20263323187828064,1.0
-0.38951101899147034,0.5089251399040222,-0.14592957496643066,-0.08697987347841263,1.0
-0.6829580068588257,0.19979581236839294,-0.1659202128648758,-0.0928139016032219,1.0
-0.87733393907547,0.12024010717868805,-0.27269446849823,0.11259053647518158,1.0
-0.2923547923564911,0.6027246713638306,-0.27936577796936035,-0.13337558507919312,1.0
-0.16325092315673828,0.10903134942054749,-0.22589561343193054,-0.2588348090648651,0.0
-0.3678048849105835,0.6765338182449341,-0.221968412399292,-0.10213456302881241,0.0
-0.4940606355667114,0.4703206419944763,-0.26879945397377014,-0.12793613970279694,1.0
-0.49887681007385254,0.2839045524597168,-0.10458533465862274,-0.06385831534862518,0.0
0.03139525651931763,0.761322021484375,-0.20318476855754852,-0.2472226470708847,1.0
-0.6648687124252319,0.3708219826221466,-0.3430764675140381,-0.03859132528305054,1.0
-0.17103347182273865,0.7706518173217773,-0.19551554322242737,0.11453281342983246,1.0
-0.7431942224502563,-0.0757521390914917,-0.11586864292621613,-0.2203425019979477,0.0
-0.07077431678771973,0.8739123344421387,-0.15554401278495789,-0.2789278030395508,1.0
0.28396159410476685,0.8247044682502747,0.07779112458229065,0.04635380208492279,0.0
-0.24730701744556427,0.5430673956871033,-0.4109985828399658,0.036565303802490234,1.0
-0.034717559814453125,0.7779903411865234,-0.21075360476970673,-0.3311227560043335,1.0
-0.3951621353626251,0.554480791091919,-0.10901234298944473,-0.039589811116456985,1.0
-0.28018906712532043,0.49917346239089966,-0.2600327134132385,-0.23816823959350586,1.0
-0.46113571524620056,0.45377761125564575,-0.17593464255332947,0.04756222665309906,1.0
-0.6680052280426025,0.28678086400032043,-0.15300768613815308,-0.09738212823867798,0.0
-0.48603612184524536,0.1743573248386383,-0.21867981553077698,-0.23902243375778198,0.0
-0.27192965149879456,0.6191016435623169,-0.2230609804391861,0.0077212899923324585,1.0
-0.2865317165851593,0.7348951697349548,-0.17193251848220825,-0.14886584877967834,1.0
-0.23485912382602692,-0.07978743314743042,-0.1386154145002365,-0.35207507014274597,0.0
-0.7575215697288513,0.10693812370300293,-0.2122270166873932,0.02882225066423416,0.0
-0.44453853368759155,0.5370715856552124,-0.2467072457075119,-0.09595011919736862,1.0
-0.2835192382335663,0.6077023148536682,-0.12946593761444092,0.0844285637140274,1.0
0.37060678005218506,-0.6640506982803345,0.08547341823577881,0.3737645745277405,0.0
-0.17708756029605865,0.6932860612869263,-0.07194854319095612,0.006107434630393982,1.0
-0.3070386052131653,0.4393051266670227,-0.04654321074485779,-0.26805415749549866,0.0
-0.6552472114562988,0.16482298076152802,-0.09351339936256409,-0.13071013987064362,0.0
-0.864033579826355,0.17776283621788025,-0.35945799946784973,0.007909104228019714,1.0
-0.18626318871974945,0.008610069751739502,-0.07309214770793915,-0.12417641282081604,0.0
-0.7127982974052429,0.312979519367218,-0.24274799227714539,0.05304040014743805,1.0
-0.07016196846961975,0.8366184234619141,-0.228932723402977,-0.17403942346572876,1.0
-0.5925566554069519,0.39782044291496277,-0.31019318103790283,-0.08191020041704178,0.0
0.02183520793914795,0.36937060952186584,-0.19249233603477478,0.06936381757259369,0.0
0.08146196603775024,0.20209956169128418,-0.25971028208732605,-0.07120154798030853,0.0
-0.13284257054328918,0.29086971282958984,0.2110704779624939,-0.22963303327560425,1.0
-0.5186477899551392,0.1819545179605484,-0.1670684665441513,-0.08193237334489822,0.0
-0.6168025732040405,0.12182825803756714,-0.02184508740901947,-0.1848233938217163,1.0
-0.11778473854064941,-0.061623722314834595,-0.5980246067047119,0.14978967607021332,0.0
-0.5016616582870483,0.05027347803115845,-0.12315943837165833,-0.09552101790904999,0.0
-0.2903423309326172,0.4475210905075073,-0.3678681254386902,0.11121302843093872,1.0
-0.8000973463058472,0.21855196356773376,-0.2470751404762268,0.10090304911136627,1.0
-0.5431044697761536,0.02943447232246399,-0.033654019236564636,-0.29074352979660034,0.0
-0.537625789642334,0.3698742389678955,-0.36654937267303467,0.06649768352508545,1.0
-0.7635307908058167,0.05447375774383545,-0.20688241720199585,-0.16558800637722015,1.0
-0.031434834003448486,0.44505393505096436,-0.49113336205482483,0.010903745889663696,0.0
-0.6562314033508301,0.3128669559955597,-0.21896974742412567,-0.14719806611537933,1.0
-0.4588810205459595,0.22937840223312378,0.052009642124176025,-0.3160044848918915,0.0
0.21567285060882568,-0.125401109457016,-0.5660901069641113,-0.6317967772483826,0.0
-0.4751652479171753,0.10534447431564331,-0.1295452117919922,-0.22359882295131683,0.0
-0.1300024688243866,0.7302021980285645,-0.0842115581035614,-0.0199819914996624,1.0
-0.4499826431274414,0.47559407353401184,-0.12269827723503113,0.03245522081851959,1.0
-0.7746047377586365,0.1287706196308136,-0.2243054360151291,0.03828015923500061,1.0
-0.3847006559371948,0.5373743772506714,-0.3440936803817749,-0.07900597900152206,1.0
-0.4722079038619995,0.30597978830337524,-0.279046893119812,0.16016995906829834,1.0
-0.39772921800613403,0.5077812671661377,-0.11958618462085724,-0.11738182604312897,1.0
0.019839048385620117,0.46043169498443604,-0.47790077328681946,0.02454691380262375,1.0
0.09014269709587097,0.37660810351371765,-0.3375778794288635,-0.2373226284980774,0.0
-0.6015949249267578,0.35224249958992004,-0.2710883915424347,-0.10013231635093689,0.0
-0.9213191866874695,-0.10877427458763123,-0.2787002623081207,-0.10611774027347565,0.0
-0.016328930854797363,0.29737910628318787,-0.08436915278434753,-0.5024735927581787,0.0
-0.09860706329345703,0.685846209526062,-0.15496714413166046,0.04729703068733215,0.0
-0.5260586738586426,0.08649876713752747,-0.07406513392925262,-0.4069540798664093,0.0
-0.5401535630226135,0.47431614995002747,-0.25601035356521606,-0.08506332337856293,1.0
0.049068450927734375,0.5753982067108154,-0.1815771460533142,-0.549949049949646,0.0
-0.38269683718681335,0.6511068344116211,-0.29282039403915405,-0.04634465277194977,1.0
-0.45364615321159363,0.22788682579994202,-0.19206632673740387,-0.31187736988067627,0.0
-0.5935953259468079,0.33202657103538513,-0.18088796734809875,-0.15037131309509277,0.0
0.3480921983718872,-0.40309059619903564,-0.05037608742713928,0.15184295177459717,0.0
-0.14641611278057098,0.6087329387664795,-0.11934074014425278,0.06366142630577087,0.0
-0.15419891476631165,0.9416456818580627,-0.21681931614875793,-0.14101631939411163,1.0
0.08795604109764099,0.2967414855957031,0.5030238032341003,-0.04133440926671028,0.0
-0.4883394241333008,0.5049775838851929,-0.21113435924053192,-0.16688787937164307,1.0
-0.46766093373298645,0.3241773545742035,-0.08401168882846832,-0.45279765129089355,1.0
-0.23870506882667542,0.5977718830108643,-0.08616688847541809,-0.07291678339242935,1.0
-0.6250555515289307,0.4183863401412964,-0.2574422359466553,-0.07258890569210052,1.0
-0.19494199752807617,-0.13734620809555054,-0.3424782156944275,-0.06477037072181702,0.0
-0.17804822325706482,0.4809526801109314,-0.3063631057739258,0.17104661464691162,1.0
-0.5960721373558044,0.07470375299453735,0.0047270506620407104,-0.3558005392551422,0.0
-0.1996680200099945,0.5983885526657104,-0.22584421932697296,-0.30605077743530273,1.0
-0.3713829219341278,0.46913570165634155,-0.1371254175901413,-0.10645291209220886,0.0
-0.2702174782752991,0.6618598699569702,-0.22571927309036255,0.10239119827747345,1.0
-0.7681152820587158,0.08599095046520233,-0.16220705211162567,-0.2545377314090729,0.0
-0.33293795585632324,0.39217278361320496,-0.18095895648002625,0.036271750926971436,0.0
-0.1281091272830963,0.6862132549285889,-0.10387138277292252,-0.36873310804367065,0.0
-0.03396257758140564,0.4715564250946045,-0.01679481565952301,-0.3938542902469635,0.0
0.5932750701904297,-0.6115893721580505,0.2372383177280426,0.411404013633728,0.0
0.06038081645965576,0.14059172570705414,-0.5182212591171265,-0.197019562125206,0.0
-0.22804537415504456,0.46717268228530884,0.04591551423072815,-0.7064173817634583,1.0
-0.5209155082702637,0.18030725419521332,-0.2355165183544159,-0.21837806701660156,0.0
-0.43664562702178955,0.36422061920166016,-0.11109282821416855,-0.09079573303461075,1.0
-0.5130519866943359,0.23144516348838806,-0.13344073295593262,-0.263393372297287,1.0
0.053881555795669556,0.6635621786117554,-0.2753801941871643,0.1431877464056015,1.0
-0.27742162346839905,0.569607138633728,-0.02682618796825409,-0.22791317105293274,0.0
-0.492250919342041,0.11721004545688629,-0.38437318801879883,0.06990401446819305,0.0
-0.3466285467147827,0.4155583381652832,0.007308885455131531,-0.536574125289917,0.0
-0.5709248781204224,0.4294556677341461,-0.21967153251171112,0.05709017813205719,1.0
-0.025511980056762695,0.3986624479293823,-0.5909850597381592,-0.24705933034420013,0.0
-0.020117521286010742,0.06509961187839508,-0.23785468935966492,-0.38505879044532776,0.0
-0.7957402467727661,0.13986249268054962,-0.12865397334098816,-0.05205465853214264,0.0
0.007958263158798218,0.6594525575637817,-0.24990114569664001,0.23197674751281738,1.0
-0.14559973776340485,-0.2054479718208313,-0.6037341356277466,0.19821801781654358,0.0
-0.205037921667099,0.3407542109489441,-0.20619021356105804,0.08299292623996735,1.0
-0.17200006544589996,0.477681964635849,-0.08535559475421906,-0.5704077482223511,0.0
-0.45528337359428406,0.1197935938835144,-0.10040367394685745,-0.11317012459039688,0.0
-0.5607461333274841,0.3253990113735199,-0.2377573549747467,-0.2492678314447403,1.0
0.10434675216674805,0.6783103942871094,-0.4105812907218933,-0.09440977871417999,1.0
-0.8052025437355042,0.2432047724723816,-0.23200321197509766,-0.10828814655542374,1.0
-0.1861533224582672,0.7562036514282227,-0.22244808077812195,-0.1654096245765686,1.0
-0.21035586297512054,0.4760560393333435,-0.22042976319789886,-0.28878259658813477,0.0
-0.2577763795852661,0.4976019859313965,-0.17631909251213074,-0.017996400594711304,1.0
-0.47544944286346436,0.43799489736557007,-0.20500148832798004,0.045298561453819275,1.0
0.09700927138328552,0.5697122812271118,0.3783368468284607,-0.09291229397058487,0.0
-0.7330625057220459,0.24168506264686584,-0.34264349937438965,0.11004325747489929,0.0
-0.6131208539009094,0.24829736351966858,-0.23379729688167572,-0.14565306901931763,0.0
-0.19001008570194244,0.5748417377471924,-0.43980672955513,-0.004736684262752533,1.0
0.14585354924201965,0.6595595479011536,-0.406313419342041,-0.16189034283161163,1.0
-0.34793397784233093,0.4754739999771118,-0.08089868724346161,-0.08485350012779236,1.0
-0.22240227460861206,0.21923032402992249,-0.487217515707016,0.05459599196910858,1.0
-0.4267226457595825,0.1534459888935089,-0.012286067008972168,-0.5132988691329956,1.0
0.03599628806114197,0.6671221256256104,-0.4238288402557373,-0.08264763653278351,1.0
-0.3571451008319855,0.5133420825004578,-0.19131633639335632,-0.055988918989896774,1.0
-0.15990620851516724,0.3822423219680786,-0.28699833154678345,0.3303796947002411,1.0
-0.5153582096099854,0.38586243987083435,-0.178724467754364,-0.24381791055202484,1.0
0.12804153561592102,-0.2643645405769348,-0.622860848903656,-0.32498878240585327,0.0
0.2654985785484314,0.1337921917438507,-0.4396371841430664,0.005987793207168579,0.0
-0.6367567181587219,0.34513312578201294,-0.22437986731529236,0.06420373916625977,1.0
-0.26865753531455994,0.2532486319541931,-0.09522579610347748,-0.4860706925392151,0.0
-0.2550893723964691,0.4606831967830658,-0.27278000116348267,0.12255050241947174,0.0
-0.472937673330307,0.4136577248573303,-0.1304481327533722,-0.38948240876197815,1.0
-0.4140312373638153,0.3007220923900604,-0.17073386907577515,-0.36993640661239624,0.0
-0.2726927101612091,0.5089898109436035,-0.17098484933376312,-0.41402414441108704,1.0
-0.20416058599948883,0.37019309401512146,-0.12847384810447693,-0.10353865474462509,0.0
-0.4230163097381592,0.16185621917247772,-0.07623881101608276,-0.1100882738828659,0.0
-0.3573882579803467,0.4002869427204132,-0.4406071603298187,0.010411344468593597,1.0
-0.5248620510101318,0.06634044647216797,0.02849338948726654,-0.4072863459587097,1.0
-0.0743543803691864,0.698919415473938,-0.2915349006652832,-0.05557809770107269,1.0
0.004191875457763672,0.31451815366744995,-0.30827924609184265,-0.31966346502304077,0.0
-0.5859177112579346,0.03207427263259888,-0.019191965460777283,-0.23314674198627472,1.0
-0.08564576506614685,0.08506198227405548,-0.3542705178260803,-0.34160205721855164,0.0
-0.5592689514160156,0.007132828235626221,-0.1378249228000641,-0.348768949508667,0.0
-0.866028368473053,0.035182416439056396,-0.1923532485961914,0.03155584633350372,1.0
0.1151106059551239,-0.25680679082870483,-0.6049764752388,0.1706438660621643,0.0
-0.3152253329753876,0.4559454917907715,-0.4385584890842438,0.08818717300891876,0.0
-0.7342502474784851,0.1294357180595398,-0.12673181295394897,-0.1608780026435852,0.0
-0.14871300756931305,0.6599372625350952,-0.4781184494495392,0.0373145267367363,1.0
-0.6199443340301514,0.19163519144058228,-0.2049454152584076,-0.20096607506275177,0.0
-0.28891491889953613,0.43200579285621643,-0.19407200813293457,0.0612528920173645,0.0
-0.8865935802459717,0.19655632972717285,-0.2622412443161011,-0.03801682963967323,1.0
-0.44992780685424805,0.10527017712593079,-0.12294980138540268,-0.13193242251873016,0.0
-0.03596419095993042,0.8080045580863953,-0.004396110773086548,-0.04039400815963745,1.0
-0.36109527945518494,0.33490151166915894,-0.02667073905467987,-0.3113781213760376,0.0
-0.23605698347091675,0.5473942756652832,-0.21928517520427704,-0.016339898109436035,1.0
-0.09673207998275757,-0.4925052523612976,-0.38769373297691345,0.2677706480026245,0.0
-0.38420426845550537,0.4448396563529968,-0.030480027198791504,-0.10642161965370178,1.0
-0.5767815113067627,0.30884936451911926,-0.2788795530796051,0.05999547243118286,0.0
0.07276344299316406,0.6975535154342651,-0.41541123390197754,-0.06785940378904343,1.0
0.040705740451812744,0.006858706474304199,-0.08361859619617462,0.1499679982662201,0.0
-0.3094477951526642,0.5014497637748718,-0.462179958820343,0.04081714153289795,1.0
-0.34039759635925293,0.496433287858963,-0.22907771170139313,0.16667231917381287,1.0
-0.7681596279144287,0.22134071588516235,-0.2720155119895935,0.15322494506835938,0.0
-0.16535624861717224,0.21244636178016663,-0.25186580419540405,-0.4090159237384796,0.0
-0.522307276725769,0.015078186988830566,0.02559550106525421,-0.3458700180053711,1.0
-0.9193589687347412,0.07245118916034698,-0.09377861022949219,-0.15806347131729126,0.0
0.4934808611869812,-0.01191180944442749,0.08554664254188538,0.3835342228412628,0.0
0.15217995643615723,-0.40465033054351807,0.02529388666152954,-0.07024944573640823,0.0
-0.09261193871498108,0.7656466364860535,-0.3053790032863617,-0.08960305154323578,1.0
-0.5225136876106262,0.4088779091835022,-0.1637936681509018,-0.08486998081207275,0.0
-0.6257303953170776,0.28892526030540466,-0.3759501874446869,0.10273726284503937,0.0
-0.8571155071258545,0.18094266951084137,-0.2627832293510437,0.14388786256313324,1.0
-0.6679525971412659,0.29754209518432617,-0.3157496452331543,0.041657060384750366,0.0
-0.11652985215187073,0.0803871750831604,0.11149713397026062,-0.3911193311214447,0.0
-0.7471209168434143,0.25255438685417175,-0.3519350290298462,0.040255725383758545,1.0
0.1281624436378479,0.3896673321723938,-0.395152747631073,-0.3278515934944153,0.0
-0.41961154341697693,0.41457366943359375,-0.23490199446678162,0.08767654001712799,1.0
-0.29177021980285645,0.5531803369522095,-0.25200894474983215,-0.11693719774484634,1.0
-0.5249601602554321,0.3584125339984894,-0.3548004627227783,0.04866328835487366,0.0
-0.40141382813453674,0.45347750186920166,-0.1043122336268425,-0.057166893035173416,1.0
-0.7692705392837524,0.1762637197971344,-0.233179971575737,0.11090090870857239,1.0
-0.6737687587738037,0.25145798921585083,-0.1484679877758026,-0.0671287402510643,1.0
-0.7005018591880798,0.18273380398750305,-0.21968966722488403,-0.015851005911827087,0.0
0.09629252552986145,0.23324057459831238,-0.4940986931324005,-0.1897033452987671,0.0
-0.15924297273159027,0.3438745141029358,0.076467365026474,-0.28468212485313416,0.0
-0.6291518211364746,0.19723376631736755,-0.23518644273281097,-0.18509188294410706,0.0
-0.42498767375946045,0.3409598469734192,-0.13998164236545563,-0.10164906829595566,1.0
-0.48916083574295044,0.4199487864971161,-0.23140838742256165,-0.1617233157157898,0.0
-0.7579405307769775,-0.06097167730331421,-0.2105436623096466,-0.026365645229816437,0.0
-0.48431897163391113,0.30153554677963257,-0.15825757384300232,-0.06227676570415497,1.0
-0.11599394679069519,0.47741225361824036,-0.4225423038005829,-0.018248558044433594,1.0
-0.04769572615623474,0.6023730039596558,-0.28496554493904114,0.10994717478752136,1.0
-0.8950034976005554,-0.04657799005508423,-0.13073119521141052,-0.13660980761051178,1.0
-0.2798503339290619,0.43523961305618286,-0.08626694977283478,-0.09363172203302383,1.0
-0.7874405384063721,0.17622998356819153,-0.2597440481185913,0.17192873358726501,1.0
-0.19115659594535828,0.22613832354545593,-0.3183898627758026,-0.2234213948249817,1.0
-0.31338658928871155,0.2866835296154022,-0.007473677396774292,-0.23476512730121613,0.0
-0.20405125617980957,0.4505041837692261,-0.19821405410766602,0.09391386806964874,1.0
-0.7729121446609497,0.1463676244020462,-0.1289958357810974,-0.0018718540668487549,0.0
-0.5445172190666199,0.3338284194469452,-0.28369003534317017,-0.11382638663053513,1.0
-0.47567933797836304,0.27584847807884216,-0.02962815761566162,-0.506650984287262,0.0
-0.16604332625865936,0.2524207830429077,-0.1902090609073639,-0.06851498037576675,0.0
-0.620779812335968,0.30137017369270325,-0.1971738189458847,-0.22288554906845093,1.0
-0.5004962682723999,0.3821031451225281,-0.18399250507354736,-0.3164910078048706,0.0
0.27438926696777344,-0.06401589512825012,-0.6219615936279297,-0.3187464475631714,0.0
0.3739987015724182,0.45688730478286743,-0.02706173062324524,-0.5600641965866089,0.0
-0.5763760805130005,0.23830345273017883,-0.2109672576189041,0.05365453660488129,1.0
-0.7132625579833984,0.04803133010864258,-0.07929308712482452,-0.20057758688926697,0.0
-0.24769024550914764,0.543282151222229,-0.21693432331085205,0.0258234441280365,0.0
-0.6494616866111755,0.02064305543899536,-0.012440219521522522,-0.45583614706993103,0.0
-0.6219444870948792,0.38633233308792114,-0.22383281588554382,-0.09593955427408218,0.0
-0.5851895809173584,0.37606367468833923,-0.29585495591163635,-0.025266803801059723,0.0
-0.46250179409980774,0.37507364153862,-0.2930288314819336,0.16324089467525482,1.0
-0.49804234504699707,0.39181602001190186,-0.22760522365570068,-0.11964225769042969,0.0
-0.2647498846054077,0.4890686869621277,-0.2479642778635025,-0.201486736536026,1.0
-0.9945164918899536,-0.16689085960388184,-0.13351792097091675,-0.10671219974756241,1.0
-0.3307855427265167,0.6807900667190552,-0.17698925733566284,0.03459544479846954,1.0
-0.6273584365844727,0.2886626720428467,-0.32517558336257935,-0.07084277272224426,0.0
-0.4853145480155945,0.32580864429473877,-0.18657934665679932,-0.22887133061885834,0.0
-0.09380030632019043,0.287516713142395,-0.2667886018753052,0.2837732136249542,0.0
-0.05458614230155945,-0.18715056777000427,-0.22667741775512695,-0.4311281144618988,0.0
-0.1922309249639511,0.47189533710479736,-0.23630093038082123,0.05445586144924164,1.0
0.10544833540916443,-0.02537137269973755,-0.6022579669952393,-0.014535456895828247,0.0
-0.7170037031173706,0.08304747939109802,-0.2861345410346985,-0.16403032839298248,0.0
-0.7084525227546692,0.1365988552570343,-0.2347395122051239,-0.20476408302783966,1.0
-0.9252133369445801,0.061716124415397644,-0.15808802843093872,0.016100533306598663,1.0
-0.7404263019561768,0.048518210649490356,-0.20412270724773407,-0.1288803070783615,0.0
0.05024069547653198,-0.0948968231678009,-0.506955087184906,-0.29208970069885254,0.0
-0.19029296934604645,0.4755493402481079,-0.4756956696510315,-0.029484350234270096,1.0
-0.46838194131851196,0.41045594215393066,-0.24082213640213013,0.13818660378456116,1.0
-0.13634748756885529,0.13012538850307465,-0.2769458591938019,-0.37672677636146545,0.0
-0.1972595453262329,-0.08842721581459045,-0.5349565744400024,0.07272200286388397,0.0
-0.06117340922355652,0.5665191411972046,-0.47784224152565,-0.07863658666610718,1.0
-0.5168089270591736,0.39110592007637024,-0.3841125965118408,0.05021125078201294,1.0
0.032794684171676636,0.8796811699867249,-0.1758468598127365,-0.24241171777248383,1.0
-0.07453304529190063,0.9169461131095886,-0.22105087339878082,-0.13205179572105408,1.0
-0.05589190125465393,0.5419940948486328,-0.42085036635398865,-0.11313779652118683,0.0
-0.39070332050323486,0.3639298677444458,0.028813809156417847,-0.2635802626609802,0.0
-0.470582515001297,0.17695163190364838,-0.30964455008506775,-0.1667124330997467,0.0
-0.6693391799926758,0.245041161775589,-0.32941246032714844,0.01662001758813858,1.0
-0.4842334985733032,0.3194316327571869,-0.23465725779533386,-0.1635289043188095,1.0
-0.5525282025337219,0.4117584824562073,-0.1886526197195053,-0.014258883893489838,1.0
-0.3407224714756012,0.42342448234558105,-0.14740972220897675,-0.40874508023262024,0.0
0.48793715238571167,-0.662486732006073,0.15291938185691833,0.10805298388004303,0.0
0.2844882607460022,-0.04715558886528015,0.09380283951759338,0.3392883539199829,0.0
-0.8409339785575867,0.09517256915569305,-0.278656005859375,-0.08615493774414062,1.0
-0.6251477003097534,0.3391718864440918,-0.31480222940444946,-0.008699685335159302,1.0
-0.6487133502960205,0.15209439396858215,-0.09276806563138962,-0.392465740442276,0.0
-0.7794442176818848,0.02626308798789978,-0.16433945298194885,-0.02993709221482277,1.0
-0.28947943449020386,0.6920521259307861,-0.2015133500099182,-0.10109630227088928,0.0
-0.9027538299560547,0.04917016625404358,-0.2701840400695801,-0.13869240880012512,0.0
-0.3870921730995178,0.40969181060791016,-0.21019048988819122,0.06525492668151855,0.0
-0.46435561776161194,0.4212222695350647,-0.12324453145265579,-0.08756165206432343,1.0
-0.6481047868728638,0.11076188087463379,-0.000755801796913147,-0.23834241926670074,1.0
-0.046019792556762695,0.32611727714538574,-0.02672894299030304,0.025586068630218506,0.0
-0.5448593497276306,0.33245649933815,-0.17861531674861908,-0.022281959652900696,1.0
-0.3583873510360718,0.5539371371269226,-0.2986222505569458,-0.19566115736961365,1.0
-0.5692297220230103,0.44154345989227295,-0.20957782864570618,-0.1758030205965042,0.0
0.14912456274032593,-0.0988660454750061,-0.2022327482700348,0.19346216320991516,0.0
0.13148126006126404,0.6550896167755127,0.30486488342285156,-0.2818133234977722,0.0
-0.30780571699142456,0.5443463921546936,-0.19050228595733643,0.018230430781841278,1.0
-0.24826407432556152,0.3372420370578766,-0.09029973298311234,-0.5464239120483398,1.0
-0.3759934604167938,0.40733182430267334,-0.3704659938812256,-0.014514729380607605,1.0
-0.13764271140098572,0.7613165378570557,0.10680645704269409,-0.12612728774547577,1.0
0.6779665946960449,-0.6223225593566895,-0.49190327525138855,-0.5131788849830627,0.0
-0.17082171142101288,0.5209816098213196,0.20840662717819214,-0.3072880208492279,0.0
-0.34575629234313965,0.5995581150054932,-0.16902980208396912,0.007900223135948181,1.0
-0.11235640943050385,0.21918551623821259,-0.3692072629928589,0.24341267347335815,1.0
-0.6028926372528076,0.2699090838432312,-0.14055344462394714,-0.11234696209430695,0.0
-0.3083471953868866,0.42243692278862,-0.3459155559539795,0.257011353969574,0.0
-0.5325863361358643,0.418790340423584,-0.4022142291069031,-0.01720099151134491,0.0
-0.340139776468277,0.43722689151763916,-0.18352535367012024,-0.2925243377685547,0.0
-0.3338800370693207,0.7027225494384766,-0.1832789182662964,0.11030758917331696,1.0
-0.5236875414848328,0.33556556701660156,-0.20326682925224304,-0.08135227113962173,0.0
-0.5000792741775513,0.460814893245697,-0.23002411425113678,-0.1763911098241806,1.0
-0.39681529998779297,0.331828236579895,-0.16068539023399353,0.02230089157819748,1.0
-0.8109265565872192,0.13890720903873444,-0.3210592567920685,-0.030763179063796997,0.0
-0.7285937070846558,0.20765140652656555,-0.1443619579076767,-0.05421985685825348,1.0
-0.4918403625488281,0.3779778778553009,-0.15375852584838867,0.032184913754463196,0.0
-0.23613542318344116,0.4932260513305664,-0.2921225130558014,-0.15617749094963074,1.0
0.4079110026359558,0.09799256920814514,-0.12105181813240051,0.2910715639591217,0.0
-0.3156709671020508,0.34957846999168396,-0.336587131023407,-0.04945230856537819,0.0
-0.3442544937133789,0.18464301526546478,0.03731885552406311,-0.5866100192070007,0.0
-0.8448938131332397,0.20369505882263184,-0.3534269332885742,0.3100292682647705,0.0
-0.7302277088165283,0.2339303195476532,-0.2227165549993515,0.01824358105659485,1.0
-0.10390223562717438,0.5271485447883606,-0.20920635759830475,0.15058374404907227,1.0
0.11644306778907776,0.5279207229614258,-0.3910863995552063,-0.2956058979034424,0.0
-0.3949279189109802,0.5550616979598999,-0.24051088094711304,-0.14253966510295868,1.0
-0.5659281611442566,0.43573182821273804,-0.3397076725959778,-0.05738515406847,1.0
-0.0015448331832885742,0.6326911449432373,-0.27245235443115234,0.0882464200258255,1.0
-0.4171499013900757,0.5224711894989014,-0.3328479528427124,-0.06028948724269867,0.0
-0.5448209643363953,0.41517892479896545,-0.33298206329345703,-0.04268309473991394,1.0
-0.7267130017280579,0.04512098431587219,-0.1344287395477295,-0.06977679580450058,0.0
-0.6039854288101196,0.3071097135543823,-0.3279716968536377,-0.11005271971225739,1.0
-0.37171846628189087,0.4996030330657959,-0.17202389240264893,-0.015007279813289642,1.0
-0.44347020983695984,0.18856176733970642,-0.125844806432724,-0.37302765250205994,0.0
-0.23425649106502533,0.5865168571472168,-0.21786177158355713,-0.006171785295009613,1.0
-0.557013213634491,0.17147378623485565,0.008948862552642822,-0.4922456443309784,0.0
-0.6949845552444458,0.22840341925621033,-0.2253003567457199,0.014811865985393524,1.0
-0.3864489793777466,0.5210566520690918,-0.2968204915523529,-0.08835972845554352,1.0
0.04455706477165222,0.7975516319274902,0.01579250395298004,-0.43777069449424744,0.0
-0.15827791392803192,0.29175665974617004,-0.25357964634895325,-0.48459723591804504,0.0
-0.5425971746444702,0.358155757188797,-0.35157686471939087,0.015725739300251007,1.0
-0.39039066433906555,0.307500422000885,-0.1511603593826294,-0.0681709572672844,1.0
-0.5187455415725708,0.2895693778991699,-0.24996085464954376,0.04491239786148071,1.0
-0.2822222113609314,0.46259596943855286,-0.26853179931640625,0.05294357240200043,1.0
-0.5412786602973938,0.10241396725177765,-0.06659634411334991,-0.22255876660346985,0.0
-0.46732771396636963,0.4517856240272522,-0.22043021023273468,-0.16615961492061615,1.0
-0.17898264527320862,0.6598793268203735,-0.16932493448257446,0.018028318881988525,1.0
-0.5121666789054871,0.23385651409626007,-0.17780107259750366,-0.2504972219467163,1.0
-0.8646377921104431,0.23721548914909363,-0.3130212426185608,-0.03821101784706116,1.0
0.08472973108291626,0.6853415966033936,0.12325417995452881,-0.1635453999042511,0.0
-0.4165261387825012,0.3095920979976654,-0.1859772503376007,0.011397898197174072,0.0
-0.21090757846832275,0.43757838010787964,-0.35771310329437256,-0.08575240522623062,1.0
-0.5623495578765869,0.42373213171958923,-0.11962070316076279,-0.10142731666564941,0.0
0.11123427748680115,1.0,-0.200770303606987,-0.1834106147289276,1.0
-0.40237557888031006,0.4566345512866974,-0.24658958613872528,0.019726485013961792,1.0
-0.7627664804458618,-0.09132197499275208,0.07787641882896423,-0.25594455003738403,0.0
-1.0,-0.09641268849372864,-0.283552348613739,-0.02534196525812149,0.0
-0.014945924282073975,0.7063636779785156,-0.45563775300979614,-0.3998827636241913,1.0
0.12111783027648926,0.256454735994339,-0.4651743471622467,0.05335620045661926,1.0
0.08692711591720581,0.744759202003479,-0.10838300734758377,-0.06485835462808609,1.0
-0.47953444719314575,0.14775127172470093,-0.015115663409233093,-0.2632284164428711,0.0
-0.6947379112243652,0.21261665225028992,-0.19959299266338348,0.018824465572834015,0.0
-0.2379785180091858,0.4861956536769867,-0.41788962483406067,0.027196459472179413,1.0
-0.44888848066329956,0.3371187448501587,-0.2739758789539337,-0.14153534173965454,0.0
-0.14242812991142273,0.18351347744464874,0.029832765460014343,-0.14372310042381287,0.0
-0.5192180275917053,0.45934224128723145,-0.30104249715805054,-0.03436229005455971,0.0
-0.4522104263305664,0.016669124364852905,-0.10985220223665237,-0.39490100741386414,0.0
-0.6329020857810974,0.2719021439552307,-0.3574386239051819,0.2006630003452301,1.0
-0.755053699016571,0.23849532008171082,-0.2997168302536011,0.02673228830099106,1.0
-0.2644035816192627,0.5520290732383728,-0.04534825682640076,-0.1977722942829132,1.0
-0.17341257631778717,0.5736877918243408,-0.3098697364330292,-0.21194270253181458,1.0
0.053953737020492554,0.7319942712783813,-0.28786009550094604,-0.9212350249290466,0.0
-0.30470892786979675,0.6079726815223694,-0.17318329215049744,0.16227182745933533,1.0
0.19570660591125488,0.07426042854785919,-0.6682798862457275,0.14419470727443695,0.0
-0.3401586413383484,0.5989696383476257,-0.2336711883544922,0.025485843420028687,0.0
-0.6756797432899475,0.3489202558994293,-0.40346193313598633,0.11283354461193085,1.0
-0.3040304481983185,0.6969779133796692,-0.29747939109802246,-0.08684097975492477,1.0
-0.6121488809585571,0.340262770652771,-0.2754160761833191,0.06911398470401764,0.0
-0.6707994937896729,0.19724299013614655,-0.11771746724843979,-0.06001414358615875,1.0
0.22128009796142578,-0.0780586302280426,0.11531281471252441,0.1875734031200409,0.0
-0.3301972448825836,0.6224484443664551,-0.32250741124153137,0.004098773002624512,1.0
-0.19930590689182281,0.6806305646896362,-0.2726078927516937,-0.05784603953361511,1.0
0.7260903120040894,-0.7271910905838013,0.5378458499908447,1.0,0.0
-0.4937596321105957,0.3882467746734619,-0.32014763355255127,0.11109267175197601,1.0
-0.4625103771686554,0.4283880889415741,-0.23602619767189026,-0.2052222490310669,1.0
-0.6664553284645081,0.23148809373378754,-0.21934087574481964,0.05997003614902496,1.0
-0.12895157933235168,0.7217836380004883,-0.1757747232913971,0.09148155152797699,1.0
-0.22458016872406006,0.4292023479938507,-0.46002906560897827,0.04712150990962982,1.0
-0.4050443768501282,0.4225711226463318,-0.1606072038412094,-0.06109423190355301,1.0
-0.8487244248390198,0.2591590881347656,-0.3097507953643799,0.022020697593688965,1.0
-0.6741256713867188,0.07651309669017792,0.042730867862701416,-0.28868529200553894,0.0
-0.8484111428260803,0.14429855346679688,-0.17395995557308197,0.021861113607883453,0.0
-0.28578588366508484,0.41004619002342224,-0.3570050001144409,0.062610924243927,1.0
-0.6947174072265625,0.2641061544418335,-0.29194873571395874,0.13279107213020325,1.0
-0.05494391918182373,0.687091588973999,-0.26680058240890503,-0.1344706118106842,1.0
-0.16306716203689575,0.6094422340393066,-0.20300604403018951,-0.028166908770799637,1.0
-0.2737002968788147,0.280656099319458,-0.4535936415195465,0.01968170702457428,1.0
-0.4213334619998932,0.3359047472476959,-0.1693437099456787,-0.278689444065094,1.0
-0.08593752980232239,0.6055706739425659,-0.40043696761131287,0.024375684559345245,1.0
-0.33324310183525085,0.5255153179168701,-0.30672556161880493,-0.14420147240161896,1.0
-0.4240281283855438,0.432309627532959,-0.13210739195346832,-0.12378372997045517,0.0
-0.5879799127578735,0.1063113659620285,-0.1302104890346527,-0.14948061108589172,1.0
0.08438873291015625,0.7231948375701904,-0.4936731457710266,-0.08954356610774994,1.0
-0.29309773445129395,0.48867952823638916,-0.09465202689170837,-0.1476379930973053,0.0
-0.7266676425933838,0.038092583417892456,-0.1769082099199295,-0.19410297274589539,1.0
-0.4037463665008545,0.5113521814346313,-0.09802339226007462,-0.0614294707775116,1.0
-0.3586845397949219,0.40723517537117004,-0.11424102634191513,-0.3624267280101776,0.0
0.3172968029975891,0.597580075263977,0.25146451592445374,-0.01673875004053116,0.0
-0.2821820378303528,0.22293627262115479,-0.3106611967086792,0.25379350781440735,1.0
-0.47987663745880127,0.47026222944259644,-0.25697216391563416,-0.09227024018764496,1.0
0.04509732127189636,0.8138313293457031,0.011005476117134094,-0.1134214699268341,1.0
-0.1856555938720703,0.7234966158866882,-0.1439724564552307,0.014053501188755035,1.0
-0.6991225481033325,0.21398967504501343,-0.11117004603147507,-0.16559824347496033,0.0
-0.5482269525527954,0.1445629894733429,-0.08391758799552917,-0.1516914963722229,1.0
-0.21615837514400482,-0.07474467158317566,-0.3152860701084137,0.16961312294006348,0.0
-0.2598605751991272,0.5910959243774414,-0.25649797916412354,-0.1495164930820465,1.0
0.22343122959136963,0.3017696738243103,-0.5651400089263916,-0.31285637617111206,0.0
-0.5022281408309937,0.40610283613204956,-0.2039765864610672,0.01681685447692871,1.0
-0.4427875876426697,0.44220125675201416,-0.04049576818943024,-0.39822056889533997,0.0
-0.04653310775756836,0.841114342212677,-0.0346643328666687,0.038497164845466614,1.0
-0.6854134798049927,0.17887771129608154,-0.07504215836524963,-0.35945606231689453,1.0
-0.5135277509689331,0.19130286574363708,-0.16532254219055176,-0.29255127906799316,0.0
0.030378282070159912,0.6701819896697998,-0.3733115792274475,-0.1858305037021637,0.0
-0.766852855682373,0.13186635076999664,-0.16489866375923157,-0.02349405735731125,1.0
-0.5756628513336182,0.10223059356212616,-0.08108432590961456,-0.31494173407554626,0.0
0.17750674486160278,0.12886618077754974,-0.01698802411556244,0.06537996232509613,0.0
-0.7651035785675049,0.200344979763031,-0.1760798543691635,0.041562020778656006,1.0
-0.584254264831543,0.12173545360565186,-0.08937189728021622,-0.1777215600013733,0.0
0.45828384160995483,-0.49661582708358765,0.15684249997138977,0.7924688458442688,0.0
-0.515425443649292,0.32919830083847046,-0.29316064715385437,0.08945797383785248,1.0
-0.5125196576118469,0.0654677003622055,-0.17494043707847595,-0.11919605731964111,0.0
-0.2964559495449066,0.43290308117866516,-0.48618027567863464,0.06220902502536774,1.0
-0.8877148032188416,0.09515020251274109,-0.20114901661872864,-0.019685551524162292,1.0
-0.5991847515106201,0.09634837508201599,-0.15235702693462372,-0.3850880265235901,0.0
0.20148253440856934,0.9172353148460388,-0.04355628788471222,0.019129440188407898,1.0
-0.04535701870918274,0.7609898447990417,-0.16936476528644562,-0.25017523765563965,1.0
-0.7424569129943848,0.21378563344478607,-0.3000321388244629,-0.05100119113922119,0.0
-0.5220963954925537,0.35618942975997925,-0.2941654920578003,-0.01636691391468048,0.0
-0.7811071872711182,0.1182468831539154,-0.2698846459388733,-0.13429178297519684,0.0
-0.8881005048751831,-0.04710683226585388,-0.17377591133117676,-0.19127920269966125,1.0
-0.4677784740924835,0.3043425977230072,-0.1626310497522354,-0.279361754655838,0.0
-0.2903188169002533,0.5775744318962097,-0.18203529715538025,0.05636437237262726,1.0
-0.4123554825782776,0.3646348714828491,-0.16869956254959106,-0.18215975165367126,0.0
-0.42517560720443726,0.44016319513320923,-0.1997196525335312,0.03094102442264557,0.0
0.21956539154052734,-0.04208219051361084,-0.5293431282043457,-0.5902679562568665,0.0
-0.5612342357635498,0.26316678524017334,-0.19800163805484772,-0.1856716275215149,0.0
-0.666508674621582,0.23208650946617126,-0.12686920166015625,-0.06990551948547363,1.0
-0.25586429238319397,0.39637839794158936,-0.4833778440952301,0.07011304795742035,0.0
-0.7961817383766174,0.2556082606315613,-0.37172240018844604,-0.06333938241004944,1.0
-0.6968224048614502,0.14834272861480713,-0.28325799107551575,-0.02918107435107231,0.0
-0.5885194540023804,0.4116670787334442,-0.23848630487918854,0.0607382208108902,1.0
-0.6876779794692993,0.1642003208398819,-0.19792959094047546,-0.21975179016590118,1.0
-0.19267065823078156,0.5496445894241333,-0.283659964799881,-0.20154500007629395,1.0
-0.37866562604904175,0.48833274841308594,-0.19646908342838287,-0.20992669463157654,1.0
-0.20313268899917603,0.41145819425582886,-0.2987804710865021,-0.376844197511673,1.0
-0.8583053350448608,0.07387405633926392,-0.4221090078353882,0.10950922966003418,0.0
-0.7850010991096497,0.28927433490753174,-0.19191129505634308,0.02280323952436447,1.0
-0.2568514049053192,0.27854499220848083,0.06958678364753723,-0.15303833782672882,0.0
0.013129830360412598,0.29551610350608826,-0.5071830749511719,-0.014465488493442535,0.0
-0.40071308612823486,0.024773985147476196,-0.1800350546836853,-0.34810391068458557,1.0
-0.2625986337661743,0.46928298473358154,-0.06407800316810608,-0.5161535739898682,0.0
-0.6683833599090576,0.2074836939573288,-0.26015153527259827,-0.26730093359947205,0.0
-0.5962726473808289,0.3653932213783264,-0.23673760890960693,0.10993508994579315,0.0
-0.3943842947483063,0.121334969997406,-0.14914152026176453,-0.0977451503276825,0.0
-0.450741171836853,0.3195246160030365,-0.1664239913225174,0.04063007980585098,0.0
-0.0953817069530487,0.5178406238555908,-0.28267401456832886,0.0883411169052124,1.0
-0.46724677085876465,0.2928435802459717,-0.33463042974472046,-0.05532536283135414,1.0
-0.5732749700546265,0.19362178444862366,-0.281403124332428,0.09076282382011414,0.0
-0.7449170351028442,-0.11030200123786926,-0.09079033881425858,-0.2013101428747177,0.0
-0.017009884119033813,0.46265655755996704,-0.2986219525337219,0.30600589513778687,1.0
-0.4534408152103424,0.525858998298645,-0.20938736200332642,0.048374488949775696,1.0
-0.44220131635665894,0.2800840735435486,0.10566169023513794,-0.32211655378341675,0.0
-0.08110740780830383,0.6379188895225525,-0.41576331853866577,0.02802371233701706,1.0
-0.28908833861351013,0.5126019716262817,-0.1397688090801239,-0.07401823252439499,1.0
-0.6201711893081665,0.30159807205200195,-0.2705386281013489,0.11310689151287079,0.0
-0.34209778904914856,0.44818025827407837,-0.1306130290031433,-0.05165845900774002,1.0
-0.8400018215179443,0.16568343341350555,-0.3450279235839844,0.31162190437316895,0.0
-0.31596875190734863,0.5230582356452942,-0.1623903214931488,-0.021521396934986115,1.0
-0.8923165798187256,0.06124395132064819,-0.19139765202999115,0.06792263686656952,1.0
-0.4353662133216858,0.45594456791877747,-0.11270009726285934,-0.029285486787557602,1.0
-0.3358003497123718,0.4499055743217468,-0.12634500861167908,-0.045156024396419525,0.0
-0.3896450996398926,0.36304187774658203,-0.13238154351711273,-0.36101460456848145,1.0
-0.6761956810951233,0.3523333668708801,-0.18342021107673645,-0.14435821771621704,0.0
-0.4995908737182617,0.37564554810523987,-0.23414352536201477,-0.10661788284778595,1.0
-0.5183138847351074,0.22806403040885925,-0.07962013781070709,-0.428402304649353,1.0
-0.290726900100708,0.6080229878425598,-0.14425531029701233,-0.08088789880275726,1.0
-0.63656085729599,0.30581948161125183,-0.21418547630310059,-0.14640621840953827,1.0
-0.18769070506095886,0.710991382598877,-0.3041478097438812,-0.11982198059558868,1.0
-0.3531287610530853,0.28498581051826477,-0.21512596309185028,-0.011873938143253326,1.0
-0.33797234296798706,0.45599228143692017,-0.3235659599304199,-0.1130574643611908,1.0
-0.41882073879241943,0.3117658495903015,0.031567394733428955,-0.21395906805992126,1.0
-0.275365948677063,0.23446707427501678,-0.06514811515808105,-0.29049763083457947,0.0
0.2275821566581726,0.15555736422538757,-0.43021294474601746,-0.14205674827098846,0.0
-0.7954380512237549,0.1927081048488617,-0.4031664729118347,0.11210682988166809,1.0
-0.32319048047065735,0.15642347931861877,-0.06781463325023651,-0.419042706489563,0.0
-0.13720689713954926,0.3962498605251312,-0.09917836636304855,0.20510050654411316,0.0
-0.30582332611083984,0.41709908843040466,-0.06632955372333527,-0.29671162366867065,0.0
-0.16851934790611267,0.6543364524841309,-0.09881406277418137,0.01875392347574234,1.0
-0.31344074010849,0.6354496479034424,-0.13903109729290009,0.0340886265039444,1.0
-0.593438982963562,0.23843231797218323,-0.26151323318481445,-0.21472296118736267,0.0
0.44086164236068726,-0.49457448720932007,0.19736626744270325,0.4471275806427002,0.0
-0.1910569965839386,0.6950209140777588,-0.21257342398166656,0.11618192493915558,1.0
-0.49888813495635986,0.3851163685321808,-0.279391884803772,-0.08110670000314713,1.0
-0.5643842220306396,0.15558122098445892,-0.06661337614059448,-0.3540204167366028,0.0
-0.16285836696624756,0.46618425846099854,-0.4208351969718933,-0.035491131246089935,1.0
-0.49677854776382446,0.4681255519390106,-0.2666821777820587,-0.06135115772485733,1.0
-0.6920232772827148,0.15657120943069458,-0.12271013110876083,-0.15013206005096436,0.0
-0.5293214321136475,0.156316876411438,-0.19672532379627228,0.009989358484745026,0.0
-0.20470212399959564,0.6702811121940613,-0.33336108922958374,-0.05385015532374382,1.0
-0.7804063558578491,0.14506478607654572,-0.34208959341049194,0.0450364351272583,1.0
0.027134299278259277,0.5068950057029724,-0.25678518414497375,0.08941961824893951,0.0
-0.41320979595184326,0.2513946294784546,-0.27866095304489136,-0.22626319527626038,0.0
-0.38862520456314087,0.27427148818969727,-0.34496834874153137,0.14785970747470856,1.0
-0.003571808338165283,0.07060013711452484,-0.04232606291770935,-0.09579959511756897,0.0
0.4896848797798157,-0.3728504180908203,-1.0,-0.7708589434623718,0.0
-0.9920762777328491,-0.05127352476119995,-0.22149033844470978,-0.0490485318005085,1.0
0.07740116119384766,0.7214439511299133,-0.06933796405792236,-0.018954522907733917,0.0
0.12215176224708557,0.4347892999649048,0.17252108454704285,-0.11915800720453262,0.0
-0.5881587862968445,0.37658247351646423,-0.12335845082998276,-0.10393097996711731,1.0
-0.5972081422805786,0.437433660030365,-0.15209557116031647,-0.11796469986438751,1.0
-0.7459090948104858,0.26111847162246704,-0.2254096418619156,0.04377776384353638,1.0
-0.2632955312728882,0.3840002715587616,0.07312977313995361,-0.3497190773487091,0.0
-0.4528886079788208,0.34592849016189575,-0.2521735727787018,0.09704260528087616,0.0
-0.02782014012336731,0.09172114729881287,-0.1659388244152069,-0.06407449394464493,0.0
-0.4233548939228058,0.5450644493103027,-0.1762905716896057,0.056966692209243774,1.0
-0.4251486361026764,0.13089878857135773,-0.18226024508476257,-0.33257463574409485,0.0
-0.0024625658988952637,0.37790194153785706,-0.3137512803077698,0.2994483411312103,1.0
-0.5415089130401611,0.017590343952178955,-0.1235271543264389,-0.19778263568878174,0.0
-0.03404232859611511,0.12195266783237457,0.10720440745353699,-0.19266483187675476,0.0
-0.2744927704334259,0.6075107455253601,-0.16214585304260254,0.0008910298347473145,1.0
-0.6602319478988647,0.42690280079841614,-0.2500126361846924,0.1818205714225769,0.0
-0.02938660979270935,0.15035855770111084,-0.3607373535633087,-0.34416964650154114,0.0
-0.4891737103462219,0.23803436756134033,-0.14386314153671265,-0.09543149173259735,0.0
-0.8304540514945984,0.21746009588241577,-0.3944171667098999,0.05448669195175171,0.0
0.07092052698135376,0.6139426231384277,-0.14879076182842255,-0.4075527787208557,0.0
-0.41797953844070435,0.17173320055007935,-0.014887303113937378,-0.22467857599258423,0.0
-0.7435779571533203,0.30231955647468567,-0.2928268313407898,-0.04580436646938324,1.0
-0.15641961991786957,0.6012697815895081,-0.24272720515727997,-0.22517699003219604,1.0
-0.4900422692298889,0.27399682998657227,-0.17932835221290588,0.023398876190185547,0.0
-0.5773415565490723,0.26688724756240845,-0.29287776350975037,0.15423473715782166,1.0
-0.17660924792289734,0.47618961334228516,-0.1182529404759407,0.0421445369720459,1.0
-0.34094300866127014,0.3582361042499542,-0.19141452014446259,0.00518045574426651,1.0
-0.13399584591388702,0.12570294737815857,-0.39815884828567505,0.40665116906166077,1.0
-0.5927537679672241,0.1936872899532318,-0.11030170321464539,-0.3443835973739624,0.0
-0.14637629687786102,0.5818766355514526,-0.22332143783569336,-0.22498543560504913,1.0
-0.3242369294166565,0.4568668305873871,-0.19923730194568634,-0.02666563168168068,1.0
-0.25342896580696106,-0.13803830742835999,-0.3869304656982422,-0.20109140872955322,0.0
0.14412644505500793,0.3589543402194977,-0.6313955783843994,-0.4255572557449341,0.0
-0.32860565185546875,0.4282221496105194,-0.5056140422821045,0.09935027360916138,1.0
-0.802773654460907,0.15026895701885223,-0.34327465295791626,0.05297142267227173,1.0
-0.30181264877319336,0.4614158272743225,-0.3002069592475891,-0.10699453949928284,0.0
-0.3405970335006714,0.4071342647075653,-0.2774832844734192,0.19995439052581787,1.0
-0.4968043565750122,0.11732257902622223,-0.20976030826568604,-0.21589216589927673,0.0
-0.08670046925544739,0.825218677520752,-0.147129625082016,0.0036987364292144775,1.0
-0.5279678702354431,0.2323138415813446,-0.07384712994098663,-0.3028269410133362,0.0
0.02002766728401184,0.19899752736091614,-0.13990002870559692,0.18264830112457275,0.0
-0.6167349815368652,0.3650851845741272,-0.2918609082698822,-0.08343555778265,1.0
0.050401151180267334,0.021897733211517334,-0.026520907878875732,0.37418341636657715,0.0
-0.8540114760398865,0.03606981039047241,-0.10917506366968155,-0.06506828218698502,1.0
-0.02540847659111023,0.7155108451843262,-0.14401736855506897,-0.02649284154176712,1.0
-0.07158493995666504,0.5389679670333862,0.07135230302810669,-0.18075630068778992,0.0
-0.530568540096283,0.42394328117370605,-0.2318185567855835,0.018765635788440704,0.0
-0.5485255122184753,0.1858186572790146,-0.08619837462902069,-0.28125378489494324,0.0
-0.2536787986755371,0.5217585563659668,-0.13387896120548248,-0.3208504319190979,0.0
-0.16292059421539307,0.7690401077270508,-0.26714491844177246,-0.10084289312362671,1.0
-0.33807218074798584,0.3769396245479584,-0.29449182748794556,0.13775046169757843,1.0
-0.6893603801727295,0.044722795486450195,-0.35626763105392456,-0.0315159410238266,0.0
0.2164924144744873,-0.2443203330039978,-0.014132127165794373,-0.01599188894033432,0.0
-0.4892389476299286,0.4532710909843445,-0.3494119644165039,0.010969005525112152,0.0
-0.3624543249607086,0.22641019523143768,-0.5662346482276917,0.12075400352478027,1.0
-0.3937024772167206,0.5408433675765991,-0.1645502746105194,-0.040644850581884384,1.0
-0.21947181224822998,0.8065128922462463,-0.213420107960701,-0.16694799065589905,1.0
-0.21730677783489227,0.7520433664321899,-0.3728279173374176,-0.017173759639263153,0.0
0.10813027620315552,0.6153438091278076,-0.358165442943573,-0.1076514795422554,1.0
-0.068990558385849,0.49158141016960144,-0.37225276231765747,-0.2807365357875824,0.0
-0.6118658781051636,0.3178785443305969,-0.16157595813274384,-0.22144941985607147,1.0
-0.7170267701148987,0.2855197787284851,-0.22965112328529358,0.032997213304042816,1.0
-0.2872144281864166,0.6083900928497314,-0.1792861521244049,0.02700193226337433,1.0
-0.35616278648376465,0.4583863317966461,-0.06425973773002625,-0.090583935379982,1.0
-0.5043778419494629,0.2608606517314911,-0.08436158299446106,-0.5006101727485657,1.0
-0.5692657828330994,0.1737816482782364,-0.06506025791168213,-0.2624870538711548,0.0
-0.03215470910072327,0.43187886476516724,-0.5307728052139282,-0.01860060542821884,0.0
-0.6900898218154907,0.17194470763206482,-0.18124361336231232,-0.023587055504322052,0.0
-0.291201651096344,0.4048963785171509,-0.19179505109786987,0.08991694450378418,1.0
-0.7612487077713013,0.3218578100204468,-0.3067815601825714,-0.02322772890329361,1.0
-0.8718627095222473,-0.029829859733581543,-0.19506588578224182,-0.12345048040151596,0.0
-0.22079001367092133,0.20044618844985962,-0.04529768228530884,-0.12652012705802917,0.0
-0.7487070560455322,0.3351941704750061,-0.20243890583515167,-0.002640940248966217,1.0
-0.8625375032424927,0.08576878905296326,-0.3918289542198181,0.06907838582992554,1.0
-0.16003206372261047,0.697838544845581,-0.3047032654285431,-0.17114901542663574,1.0
0.2288762331008911,0.07896019518375397,-0.45800551772117615,-0.09949208050966263,0.0
-0.7652032375335693,0.07917393743991852,-0.315001904964447,-0.029112767428159714,1.0
-0.5533647537231445,0.23329946398735046,-0.032190337777137756,-0.40277430415153503,0.0
-0.23497559130191803,0.44500282406806946,-0.25412777066230774,0.056357309222221375,1.0
-0.3715241253376007,0.5456678867340088,-0.13853603601455688,-0.0046411678194999695,1.0
-0.8475940823554993,0.11208401620388031,-0.2844432294368744,0.10811793804168701,1.0
-0.2914750874042511,0.6508475542068481,-0.3450477719306946,-0.006921514868736267,1.0
0.5527328252792358,0.11730536818504333,-0.4237302541732788,-0.6951550245285034,0.0
-0.584306538105011,0.2298770546913147,-0.23905153572559357,0.150347039103508,1.0
-0.5168508887290955,0.37314945459365845,-0.3517381548881531,-0.01477360725402832,1.0
-0.473852276802063,0.49660295248031616,-0.2497754544019699,-0.07914108783006668,1.0
-0.8212296366691589,0.09039661288261414,-0.29841721057891846,-0.12598469853401184,0.0
-0.5343692898750305,0.42861026525497437,-0.3218364417552948,-0.09079223871231079,1.0
-0.3538002669811249,0.4177231192588806,-0.24607647955417633,0.12317132949829102,0.0
-0.3810804486274719,0.3802192509174347,-0.20693963766098022,-0.0487428642809391,1.0
-0.09583982825279236,0.4084444046020508,-0.015381768345832825,-0.06856580078601837,0.0
0.19649922847747803,0.6170204877853394,-0.21971528232097626,0.20390969514846802,1.0
0.5673508048057556,-0.5695008039474487,0.046886831521987915,0.2357219159603119,0.0
0.24037742614746094,-0.24887412786483765,-0.5252435207366943,-0.26920831203460693,0.0
-0.021413296461105347,0.7747332453727722,-0.14345169067382812,0.010079719126224518,1.0
-0.6365199089050293,0.04454109072685242,-0.15614022314548492,-0.13691303133964539,0.0
0.14050301909446716,0.23419375717639923,0.27505096793174744,0.3792271912097931,0.0
-0.7525962591171265,0.22332081198692322,-0.16028398275375366,-0.06107804924249649,1.0
-0.5740824937820435,0.41903620958328247,-0.262809693813324,-0.12274587154388428,1.0
0.04010671377182007,0.8117945790290833,-0.2949482798576355,-0.10888232290744781,1.0
-0.3789878785610199,0.5475472211837769,-0.2052951157093048,0.014240093529224396,1.0
-0.39525309205055237,0.40841299295425415,-0.1278928518295288,-0.3117254674434662,1.0
-0.5352959036827087,0.3572779893875122,-0.18729493021965027,0.09475301206111908,1.0
-0.8822960257530212,0.16401174664497375,-0.2973550856113434,-0.048694249242544174,0.0
0.12003147602081299,0.168296679854393,-0.6231873631477356,-0.2634371519088745,0.0
-0.21226617693901062,0.41210809350013733,0.10541665554046631,-0.4402642250061035,0.0
0.10822570323944092,0.10032393038272858,-0.7468239665031433,-0.47734686732292175,0.0
-0.08312636613845825,0.6610800623893738,-0.31120991706848145,-0.24866588413715363,1.0
-0.4873640537261963,0.2986738979816437,-0.2642958164215088,-0.18035325407981873,1.0
-0.46325331926345825,0.33410191535949707,-0.0686296671628952,-0.14123305678367615,1.0
-0.16922429203987122,0.23086395859718323,-0.3175528049468994,-0.1240483969449997,0.0
-0.2272263616323471,0.35665223002433777,-0.1597147285938263,-0.40763425827026367,0.0
-0.5312430262565613,0.4926808476448059,-0.28458887338638306,-0.1397188901901245,1.0
-0.29612648487091064,0.6405871510505676,-0.24295860528945923,-0.11078198254108429,1.0
-0.05363708734512329,0.5501954555511475,-0.2836444079875946,0.15325458347797394,1.0
-0.1707705706357956,0.6431758403778076,-0.25681447982788086,-0.17173612117767334,1.0
-0.5114337801933289,0.19130608439445496,-0.21091122925281525,-0.29502132534980774,1.0
-0.0959160327911377,0.2607141435146332,-0.18272694945335388,0.08004935085773468,0.0
-0.20166194438934326,0.8272665143013,-0.0696512907743454,-0.4586889147758484,0.0
-0.8191203474998474,0.03599187731742859,-0.11557786911725998,-0.274464875459671,1.0
0.4907425045967102,-0.5012698173522949,-0.6498641967773438,-0.0914592295885086,0.0
-0.7243292331695557,0.26643848419189453,-0.3106708824634552,-0.050248220562934875,1.0
-0.8801441192626953,0.009350240230560303,-0.17840421199798584,-0.26776576042175293,1.0
-0.8153267502784729,0.009346693754196167,-0.19824855029582977,-0.22228562831878662,0.0
0.14257612824440002,-0.0553719699382782,-0.5645955801010132,-0.2717474102973938,0.0
-0.050058990716934204,0.6912818551063538,-0.2910906970500946,-0.3993626534938812,0.0
0.12963613867759705,0.687064528465271,-0.24757812917232513,0.09682303667068481,1.0
-0.5185427665710449,0.32583704590797424,-0.3537941575050354,0.08301927149295807,1.0
-0.15222464501857758,-0.22254526615142822,-0.69340580701828,0.3726758360862732,0.0
-0.13136674463748932,0.6540452241897583,0.09381610155105591,-0.049823079258203506,1.0
-0.3230772912502289,0.5195112228393555,-0.2539362907409668,-0.14678260684013367,1.0
-0.635725200176239,0.0639573335647583,-0.02326636016368866,-0.4618839621543884,0.0
-0.3195857107639313,0.5263173580169678,-0.11794957518577576,-0.32405200600624084,0.0
-0.586520254611969,0.3600228726863861,-0.1415194869041443,-0.021205492317676544,1.0
0.28295135498046875,0.019353657960891724,0.26349514722824097,0.42243075370788574,0.0
-0.650794506072998,0.22569748759269714,-0.3014950454235077,0.09677636623382568,1.0
0.10827973484992981,0.045326828956604004,-0.2655577063560486,0.3521057069301605,0.0
-0.4550049304962158,0.2702976167201996,-0.3635331392288208,0.013829641044139862,0.0
-0.24377858638763428,0.6287109851837158,-0.15667743980884552,-0.04015270620584488,1.0
-0.6077128648757935,0.16755713522434235,-0.07988733053207397,-0.16385795176029205,0.0
-0.5727905035018921,0.33043938875198364,-0.3000785708427429,-0.18436332046985626,1.0
-0.002398163080215454,0.30770525336265564,-0.5488340854644775,-0.27736929059028625,0.0
-0.566044807434082,0.26788896322250366,-0.2735639810562134,-0.14837920665740967,1.0
-0.4549989402294159,0.14057061076164246,-0.010132923722267151,-0.2842184603214264,1.0
-0.5220787525177002,0.4354502558708191,-0.31097760796546936,-0.06312152743339539,1.0
-0.4414977431297302,0.3227260112762451,-0.22598132491111755,0.0378028079867363,1.0
-0.6032981872558594,0.25183331966400146,-0.23193779587745667,0.06322582066059113,0.0
-0.5885579586029053,-0.04119652509689331,-0.13105681538581848,-0.10822886973619461,0.0
-0.5950964689254761,0.4226606786251068,-0.32414066791534424,0.02331327646970749,0.0
-0.7873899340629578,0.07743115723133087,-0.10907991975545883,-0.1273161768913269,0.0
-0.17668704688549042,0.49190378189086914,-0.1095256358385086,-0.08989227563142776,1.0
0.108038991689682,0.8335682153701782,-0.3058229982852936,-0.19910186529159546,1.0
-0.2547667622566223,0.2728308141231537,-0.4193843901157379,0.020292669534683228,1.0
-0.21811391413211823,0.3766014575958252,-0.2165263593196869,0.034514136612415314,1.0
-0.38041847944259644,0.27386990189552307,-0.0297897607088089,-0.3566492199897766,0.0
-0.8494722247123718,-0.020455628633499146,-0.002750381827354431,-0.25567492842674255,0.0
-0.8279523253440857,0.07006251811981201,-0.25761330127716064,-0.16908177733421326,0.0
-0.27934765815734863,0.35167428851127625,-0.26531973481178284,-0.001440480351448059,1.0
0.25277501344680786,0.3598296642303467,0.16877639293670654,0.3072165548801422,0.0
-0.006160378456115723,0.8440907001495361,-0.2884455621242523,-0.15830129384994507,1.0
-0.6984660029411316,0.1728464812040329,-0.14483152329921722,-0.052723973989486694,1.0
-0.518999457359314,0.06029152870178223,-0.11061675101518631,-0.4576909840106964,0.0
-0.32452985644340515,0.32436588406562805,-0.13162116706371307,-0.4613012373447418,1.0
-0.7369419932365417,0.1996900737285614,-0.09635993093252182,-0.09726360440254211,0.0
-0.21252237260341644,0.33941149711608887,-0.43607693910598755,-0.03422027826309204,1.0
-0.8622154593467712,-0.12686127424240112,-0.19383978843688965,-0.03676741570234299,0.0
0.27234965562820435,-0.13497686386108398,-0.4556676149368286,-0.8529057502746582,0.0
-0.002392113208770752,0.2925223708152771,-0.21115274727344513,0.2897389531135559,0.0
-0.36100590229034424,0.5085862874984741,-0.3476712703704834,-0.05346880853176117,1.0
-0.8566069006919861,0.03914925456047058,-0.1663159430027008,0.02521488070487976,0.0
-0.45750692486763,0.5465091466903687,-0.2847099304199219,-0.07514393329620361,1.0
-0.5414024591445923,0.46771103143692017,-0.33742088079452515,-0.019658301025629044,1.0
-0.013547629117965698,0.18449045717716217,-0.08474697172641754,0.21346202492713928,0.0
-0.4843878746032715,0.26100629568099976,-0.18747510015964508,-0.22125498950481415,0.0
-0.0289803147315979,0.18910494446754456,-0.4498503804206848,-0.07626785337924957,0.0
-0.6538147926330566,0.24101194739341736,-0.3764251470565796,0.07214868068695068,1.0
-0.6337052583694458,0.017102688550949097,-0.21867020428180695,-0.125694140791893,0.0
-0.5675613880157471,0.1879829317331314,-0.09304022789001465,-0.16492098569869995,1.0
-0.04813283681869507,0.3947794437408447,0.35402411222457886,-0.2192695438861847,0.0
0.015561014413833618,0.5808660984039307,-0.1422763168811798,0.24174627661705017,1.0
-0.25910449028015137,0.3411555290222168,-0.08859194815158844,-0.5898386240005493,0.0
-0.7829131484031677,0.09378084540367126,-0.21242676675319672,-0.21467378735542297,1.0
-0.644420862197876,0.09015640616416931,-0.03483843803405762,-0.287017822265625,0.0
-0.7533107399940491,0.28895145654678345,-0.3501226007938385,0.17722204327583313,0.0
-0.7767054438591003,0.19942593574523926,-0.2902456820011139,-0.06985260546207428,0.0
-0.8024251461029053,0.16857904195785522,-0.27276816964149475,0.08358582854270935,1.0
-0.17030979692935944,0.4706760346889496,-0.33358529210090637,0.12780506908893585,1.0
-0.5233155488967896,0.34469741582870483,-0.10497717559337616,0.01395050436258316,1.0
-0.6033238768577576,0.18573489785194397,-0.19471848011016846,-0.2773861885070801,0.0
-0.4562874436378479,0.09310272336006165,-0.20044033229351044,-0.2369033694267273,0.0
-0.6403040885925293,0.4039660394191742,-0.16617310047149658,-0.05743766948580742,1.0
0.383344829082489,-0.6371764540672302,-0.6640198230743408,-0.5100738406181335,0.0
-0.9260848760604858,0.02898159623146057,-0.2782496213912964,-0.06553250551223755,1.0
-0.47333675622940063,0.327197402715683,-0.2705833613872528,-0.1456764042377472,0.0
-0.6386216878890991,0.2598257064819336,-0.20525501668453217,0.007809460163116455,0.0
-0.10103042423725128,0.582220733165741,-0.4324936270713806,0.010775543749332428,1.0
-0.4620225131511688,0.5426397919654846,-0.35883671045303345,0.03281351178884506,1.0
-0.26966285705566406,0.2949663996696472,0.03341078758239746,-0.24614110589027405,0.0
-0.19882847368717194,0.9680851101875305,0.11717838048934937,-0.26892906427383423,0.0
-0.5703212022781372,0.23829355835914612,-0.08594904839992523,-0.13225847482681274,0.0
-0.7412509918212891,0.21669930219650269,-0.22263078391551971,0.088203564286232,1.0
-0.6613191366195679,0.27584806084632874,-0.3384547531604767,0.028278179466724396,1.0
-0.8942628502845764,0.08799859881401062,-0.3656119108200073,0.23495230078697205,1.0
-0.38844844698905945,0.5084921717643738,-0.1830153614282608,-0.07714161276817322,0.0
-0.3022257685661316,0.5588288903236389,-0.15090307593345642,-0.01163480430841446,1.0
-0.15748097002506256,0.5294679403305054,-0.41693413257598877,-0.017471663653850555,1.0
-0.3830150365829468,0.511592447757721,-0.2568395137786865,-0.12242116034030914,1.0
0.02170148491859436,0.7489180564880371,-0.32422009110450745,-0.20373506844043732,1.0
0.30584216117858887,-0.517209529876709,-0.6787505745887756,-0.39297017455101013,0.0
-0.03901776671409607,0.6208718419075012,-0.37675148248672485,-0.005121372640132904,1.0
-0.3268914818763733,0.5687623023986816,-0.21971237659454346,-0.015181131660938263,0.0
-0.20217959582805634,0.6222968101501465,-0.19644467532634735,-0.23652799427509308,1.0
-0.6795778274536133,0.22219929099082947,-0.3245728015899658,0.11538149416446686,1.0
-0.3806024193763733,0.2611228823661804,-0.025896430015563965,-0.22277410328388214,0.0
-0.8658863306045532,-0.03246983885765076,-0.21958495676517487,-0.19532015919685364,0.0
-0.03337949514389038,0.45391717553138733,-0.3914262056350708,-0.2913283705711365,0.0
0.06200706958770752,0.7164700031280518,0.269031822681427,-0.13965411484241486,0.0
-0.08652165532112122,0.8421953916549683,-0.1886005699634552,-0.18249401450157166,1.0
0.23946654796600342,-0.010278403759002686,-0.5784033536911011,-0.16073645651340485,0.0
-0.3821132481098175,0.545192539691925,-0.2676958441734314,-0.1306006908416748,1.0
-0.2443709820508957,0.19348764419555664,-0.5380067229270935,0.05931156873703003,1.0
-0.608623743057251,0.2251829206943512,-0.26727721095085144,0.04692961275577545,1.0
-0.06479653716087341,0.037924885749816895,-0.051250770688056946,-0.1348920613527298,0.0
-0.19670358300209045,0.6971540451049805,-0.3306454122066498,-0.078990139067173,1.0
-0.6103262305259705,0.29929038882255554,-0.10836487263441086,-0.09435005486011505,1.0
-0.03965550661087036,0.28894850611686707,-0.4763849079608917,-0.15702760219573975,0.0
-0.8611027002334595,0.13079233467578888,-0.17576533555984497,-0.19337287545204163,0.0
0.08791390061378479,0.047717928886413574,-0.04515048861503601,-0.14341866970062256,0.0
-0.30111485719680786,0.5623608827590942,-0.23200643062591553,-0.04247625544667244,1.0
-0.5199175477027893,0.2176371067762375,0.028281033039093018,-0.2402983456850052,0.0
-0.20626448094844818,0.19189861416816711,-0.5028194189071655,0.09330132603645325,0.0
-0.2972787618637085,0.5815903544425964,-0.21179832518100739,0.0020229145884513855,1.0
-0.6664394736289978,0.2527310848236084,-0.409807413816452,0.10384795069694519,1.0
-0.2765846252441406,0.5377905368804932,-0.12988469004631042,-0.09286235272884369,1.0
-0.1470928192138672,0.7242830991744995,-0.1652785986661911,-0.04431363567709923,1.0
-0.21648448705673218,0.5552228689193726,0.01909632980823517,-0.2246364951133728,0.0
0.02601569890975952,0.4975983500480652,-0.3748178780078888,-0.13721419870853424,0.0
-0.7092581987380981,0.2063118815422058,-0.36305201053619385,0.017457306385040283,1.0
-0.834736704826355,0.08745938539505005,-0.18700966238975525,0.0653759092092514,1.0
-0.08948081731796265,0.8145835399627686,-0.2316998690366745,-0.2860229015350342,1.0
-0.01850542426109314,0.16777971386909485,-0.24252687394618988,0.20404008030891418,0.0
-0.6157045960426331,0.29979637265205383,-0.15975520014762878,0.023894451558589935,1.0
0.7981125116348267,-0.6390681266784668,0.45181846618652344,-0.15236474573612213,0.0
-0.19388698041439056,0.6781764030456543,-0.26476067304611206,-0.07526804506778717,1.0
-0.13645486533641815,0.2254744917154312,-0.41734325885772705,-0.07371056824922562,0.0
0.10900518298149109,0.00604933500289917,-0.14334812760353088,0.2267259955406189,0.0
-0.7694128751754761,0.00682869553565979,-0.13711127638816833,-0.3030826449394226,0.0
-0.7481639385223389,0.07299834489822388,-0.1619957834482193,-0.026509199291467667,1.0
0.03649914264678955,0.0448644757270813,-0.0893140509724617,0.09080354869365692,0.0
0.15367764234542847,0.6329916715621948,-0.4593747854232788,-0.07016751170158386,1.0
-0.17011195421218872,0.736922025680542,-0.12121952325105667,-0.02262783795595169,1.0
-0.4184448719024658,0.4628320634365082,-0.31847524642944336,-0.07694601267576218,1.0
-0.8494722247123718,-0.020455628633499146,-0.002750381827354431,-0.25567492842674255,0.0
-0.1703178584575653,0.5420110821723938,-0.25898095965385437,-0.13782452046871185,1.0
-0.8741181492805481,0.09212112426757812,-0.264813095331192,-0.07301438599824905,0.0
-0.6582920551300049,0.1550595760345459,-0.11872409284114838,-0.00830385833978653,0.0
-0.40443316102027893,0.3871806561946869,-0.1507480889558792,-0.017546340823173523,1.0
-0.4756757616996765,0.2888643443584442,-0.09689998626708984,-0.39684945344924927,1.0
0.07743218541145325,0.8882262110710144,-0.30510610342025757,-0.15783028304576874,1.0
-0.45002296566963196,0.21525762975215912,-0.307178258895874,-0.054392483085393906,1.0
-0.10519178211688995,0.13647069036960602,-0.577458381652832,0.12638132274150848,0.0
-0.10792328417301178,0.6926253437995911,-0.26392361521720886,-0.2729853689670563,1.0
-0.12800036370754242,0.30490678548812866,-0.414665162563324,-0.15684792399406433,1.0
-0.5612342357635498,0.26316678524017334,-0.19800163805484772,-0.1856716275215149,0.0
-0.1779918670654297,0.460591584444046,-0.26244139671325684,-0.2878760099411011,1.0
-0.3249962329864502,0.43031370639801025,-0.23060345649719238,-0.2446957230567932,1.0
0.870436429977417,-0.803302526473999,-0.598926305770874,-0.6027435660362244,0.0
-0.7003223896026611,0.27302274107933044,-0.2216133177280426,-0.005456171929836273,1.0
-0.5274881720542908,0.4326304793357849,-0.38961660861968994,0.0053177401423454285,1.0
-0.7355788350105286,0.01636749505996704,-0.21642382442951202,-0.15097132325172424,0.0
-0.17404934763908386,0.6296472549438477,-0.15623702108860016,0.02231708914041519,1.0
-0.44505777955055237,0.22770221531391144,-0.14202368259429932,-0.2926621437072754,1.0
-0.20324306190013885,0.24676044285297394,0.0349050909280777,-0.15017376840114594,0.0
-0.47661292552948,0.3463401794433594,-0.22302469611167908,0.0719311386346817,1.0
-0.21159470081329346,0.1412930190563202,-0.07721169292926788,-0.6262754797935486,1.0
-0.11974340677261353,0.3266289532184601,-0.4297291934490204,0.28578174114227295,0.0
-0.6160991191864014,0.29651275277137756,-0.4022483825683594,0.04752050340175629,1.0
0.42295581102371216,-0.389309287071228,-0.6655452847480774,-0.45948657393455505,0.0
-0.12380987405776978,0.7811281085014343,-0.33441659808158875,-0.09019460529088974,1.0
-0.46201226115226746,0.19664138555526733,0.014431074261665344,-0.2514566481113434,0.0
-0.6302757263183594,0.1948871910572052,-0.14050807058811188,-0.05200095474720001,1.0
-0.42583394050598145,0.26252803206443787,-0.23819492757320404,-0.290851891040802,1.0
-0.24816668033599854,0.6185406446456909,-0.29479098320007324,-0.11812843382358551,1.0
-0.6899772882461548,0.2647155821323395,-0.33616968989372253,-0.03342761844396591,0.0
-0.26297393441200256,0.5998274683952332,-0.24837788939476013,0.07060818374156952,1.0
-0.5087693929672241,0.2720547318458557,-0.25477102398872375,-0.15901923179626465,1.0
0.44172173738479614,0.1361195594072342,0.9999999403953552,0.10431373119354248,0.0
-0.15995462238788605,-0.06502825021743774,-0.13212467730045319,-0.0931607186794281,0.0
-0.3096674382686615,0.3000354766845703,-0.0705225020647049,-0.13563597202301025,0.0
-0.35718247294425964,0.6812111139297485,-0.2681620717048645,-0.12025843560695648,1.0
-0.8809894919395447,-0.02039092779159546,-0.3194989264011383,-0.0496889166533947,1.0
-0.4442664384841919,0.057319700717926025,-0.3784096837043762,-0.024434398859739304,0.0
-0.9752098321914673,0.11528107523918152,-0.3179946541786194,0.053379565477371216,1.0
0.4066306948661804,-0.6180374622344971,-0.0002272874116897583,0.36904045939445496,0.0
-0.6361088752746582,0.36291640996932983,-0.25433725118637085,0.08580702543258667,1.0
-0.3822193145751953,0.38403087854385376,-0.3126010298728943,0.12297222018241882,1.0
-0.682402491569519,0.18875041604042053,-0.1730627417564392,-0.19104033708572388,1.0
-0.4506078362464905,0.4345707297325134,-0.3538365662097931,-0.07931888103485107,0.0
-0.32285618782043457,0.23809057474136353,-0.25710228085517883,-0.2321983426809311,0.0
-0.7029234170913696,0.38120201230049133,-0.17940273880958557,-0.010855041444301605,0.0
-0.3461982309818268,0.6697067618370056,-0.3360021710395813,0.009204782545566559,1.0
-0.10949410498142242,0.733228325843811,-0.3292680084705353,-0.15178251266479492,1.0
-0.3058379590511322,0.30105024576187134,-0.4355196952819824,0.2731339931488037,0.0
0.27216821908950806,0.6184252500534058,-0.29633933305740356,-0.5758405327796936,0.0
-0.11969494819641113,0.5612196922302246,-0.33092156052589417,0.1143515408039093,1.0
-0.4726206958293915,0.21036340296268463,-0.44564637541770935,0.3350650370121002,1.0
-0.7187354564666748,0.3697444796562195,-0.3730131983757019,0.10511405766010284,1.0
0.5335372686386108,0.2054876685142517,0.728454053401947,0.11827170848846436,0.0
-0.5468618869781494,0.4939424693584442,-0.256866455078125,-0.03922449052333832,1.0
0.12642920017242432,0.038209885358810425,-0.323688805103302,0.25584378838539124,0.0
0.07082659006118774,0.2694602906703949,-0.10368630290031433,-0.10051634162664413,0.0
-0.4712783396244049,0.2507777512073517,-0.1264752745628357,-0.11250493675470352,0.0
-0.506912887096405,0.4234210252761841,-0.2132255584001541,0.05933333933353424,1.0
0.0603698194026947,0.1671602725982666,-0.1919269859790802,0.3420277237892151,0.0
-0.5992319583892822,0.45065826177597046,-0.3740490972995758,0.11095525324344635,1.0
-0.4808915853500366,0.3141215145587921,-0.20637691020965576,-0.13349711894989014,0.0
-0.8409210443496704,0.02772080898284912,-0.20782065391540527,-0.011964574456214905,1.0
-0.5219327211380005,0.01661434769630432,-0.21962837874889374,-0.06894794851541519,0.0
-0.6670186519622803,0.4063835144042969,-0.32944828271865845,0.06672734022140503,1.0
-0.4858170747756958,0.317560076713562,-0.22289778292179108,-0.20008111000061035,0.0
-0.8793271780014038,0.07202005386352539,-0.26752331852912903,0.14776797592639923,0.0
-0.3221365213394165,0.32049909234046936,-0.1449429988861084,-0.10076461732387543,1.0
-0.26170817017555237,0.5007948875427246,-0.0718378871679306,-0.08951782435178757,1.0
-0.9043627381324768,0.01012200117111206,-0.24262981116771698,-0.1618548333644867,0.0
0.24258387088775635,0.23797951638698578,0.3313820958137512,0.10220639407634735,0.0
-0.4867609441280365,0.3773650527000427,-0.21171332895755768,0.061332300305366516,0.0
-0.16880016028881073,-0.07146725058555603,0.027222827076911926,0.06229564547538757,0.0
-0.3924309313297272,0.08569687604904175,-0.253278523683548,-0.2634168863296509,0.0
-0.4353637099266052,0.4791897237300873,-0.21232424676418304,-0.17246785759925842,1.0
-0.483676940202713,0.315665602684021,-0.1613239198923111,0.010582342743873596,1.0
-0.031058847904205322,0.06336872279644012,-0.5553672909736633,-0.16697761416435242,0.0
-0.307272344827652,0.08521920442581177,-0.1404876410961151,-0.2253868281841278,0.0
-0.6576653718948364,0.26885125041007996,-0.14338189363479614,-0.06879594177007675,1.0
-0.05838474631309509,0.28112900257110596,-0.3980966806411743,0.377230167388916,1.0
-0.2440321147441864,0.2287214696407318,-0.06629051268100739,-0.47828924655914307,1.0
-0.11494877934455872,0.7273095846176147,-0.24379301071166992,-0.15736883878707886,1.0
0.4468369483947754,-0.8513284921646118,-0.33387041091918945,-0.4977737069129944,0.0
-0.30093875527381897,0.4555470943450928,-0.0014505833387374878,-0.09656672179698944,0.0
-0.36790773272514343,0.25741010904312134,-0.23519408702850342,-0.21872934699058533,1.0
-0.41568246483802795,0.1751866638660431,-0.11365536600351334,-0.11546598374843597,0.0
-0.12162020802497864,0.7658347487449646,-0.19094260036945343,-0.40181806683540344,0.0
0.10085934400558472,0.34168872237205505,-0.42060586810112,-0.3849134147167206,0.0
-0.38351401686668396,0.2175399363040924,-0.20652645826339722,-0.24024152755737305,0.0
-0.4498181641101837,0.4067603349685669,-0.12855200469493866,-0.042555611580610275,1.0
-0.4391724467277527,0.014867305755615234,0.055027157068252563,-0.32862991094589233,0.0
0.2928996682167053,-0.10068053007125854,-0.4195323586463928,-0.5100548267364502,0.0
-0.4744706153869629,0.32110920548439026,-0.21943068504333496,-0.2368910163640976,1.0
-0.034483641386032104,0.7133716344833374,-0.14831343293190002,0.13519646227359772,1.0
-0.8331345319747925,0.06517939269542694,-0.31071120500564575,0.20168474316596985,1.0
-0.6111793518066406,0.4281608462333679,-0.31413403153419495,0.016729310154914856,0.0
-0.18882039189338684,0.7348862886428833,-0.05579131841659546,-0.0046872422099113464,1.0
-0.5763908624649048,0.4266318082809448,-0.2379220426082611,0.07585039734840393,0.0
-0.4306129217147827,0.16389839351177216,-0.2396497130393982,-0.3243529200553894,0.0
-0.05970674753189087,0.6610403060913086,-0.3076290190219879,-0.4653196930885315,0.0
-0.29141560196876526,0.6141886711120605,-0.2549852728843689,-0.18422839045524597,1.0
-0.712279736995697,0.18814167380332947,-0.08181434869766235,-0.19887161254882812,0.0
-0.6852660775184631,0.14459094405174255,-0.1743951141834259,-0.22223567962646484,0.0
-0.6002439260482788,0.19576483964920044,-0.15864014625549316,-0.320906400680542,0.0
-0.6340855360031128,0.26659107208251953,-0.3330562710762024,-0.04712115600705147,1.0
-0.633955717086792,0.12509994208812714,-0.18890246748924255,-0.28364747762680054,1.0
-0.17764757573604584,0.23529267311096191,-0.0876004695892334,-0.03571663796901703,0.0
0.18454492092132568,0.16219598054885864,-0.5600422620773315,0.023391634225845337,0.0
-0.4957602620124817,0.2587703466415405,-0.10645295679569244,-0.1735720932483673,0.0
-0.6544957160949707,0.16095811128616333,-0.11614630371332169,-0.3172417879104614,0.0
-0.3983490467071533,0.3509947657585144,-0.3010602593421936,0.04560260474681854,1.0
0.05101004242897034,0.6005258560180664,-0.40378469228744507,-0.17247097194194794,1.0
-0.09729117155075073,0.49889248609542847,-0.2374228835105896,0.15547241270542145,1.0
-0.6215252876281738,0.3408172130584717,-0.12457935512065887,-0.05934438109397888,1.0
-0.26682549715042114,0.5004766583442688,-0.07839594781398773,0.09133461117744446,0.0
0.2319636344909668,0.7993724346160889,-0.2898518741130829,-0.26148271560668945,1.0
-0.8291831612586975,0.08555774390697479,-0.0985644981265068,-0.13826364278793335,1.0
-0.8191229104995728,0.11763791739940643,-0.2887134850025177,-0.087226003408432,1.0
-0.13125404715538025,0.45088991522789,-0.4518502354621887,-0.0558038055896759,1.0
0.11565592885017395,0.10240644216537476,-0.3135124146938324,0.04009696841239929,0.0
-0.4141070544719696,0.31772375106811523,-0.2040911316871643,-0.20866775512695312,1.0
-0.6347598433494568,0.3591189682483673,-0.31008097529411316,0.2113681435585022,0.0
-0.8521097898483276,0.1629047840833664,-0.37976545095443726,0.14614823460578918,1.0
-0.4047721326351166,0.3915219008922577,0.05656498670578003,-0.05351551994681358,0.0
0.049068450927734375,0.5753982067108154,-0.1815771460533142,-0.549949049949646,0.0
-0.3219407796859741,0.24702709913253784,-0.21483547985553741,0.025543764233589172,0.0
-0.7993553876876831,0.08886854350566864,-0.263367235660553,-0.07626142352819443,1.0
-0.6149447560310364,0.3608923554420471,-0.19001850485801697,-0.010897740721702576,0.0
-0.6719847917556763,0.2611846327781677,-0.34251290559768677,0.09348797798156738,0.0
-0.5161875486373901,0.43324077129364014,-0.24977925419807434,-0.10970024019479752,1.0
0.1958274245262146,-0.29819637537002563,-0.05693426728248596,0.21877363324165344,0.0
-0.15164414048194885,0.2105143666267395,-0.4229317307472229,0.2627461850643158,1.0
-0.7059403657913208,0.031235218048095703,-0.14762583374977112,-0.023441068828105927,0.0
-0.47711265087127686,0.43947577476501465,-0.1774812936782837,-0.0035107582807540894,0.0
-0.6749541759490967,0.3646647036075592,-0.27702346444129944,-0.08004317432641983,0.0
-0.29196006059646606,0.38855811953544617,-0.20078866183757782,-0.3557990789413452,0.0
0.21474403142929077,0.4981433153152466,-0.5955177545547485,-0.48618069291114807,0.0
-0.46848011016845703,0.3516974449157715,-0.22657950222492218,-0.033104971051216125,1.0
-0.6445056200027466,0.09775970876216888,-0.02457931637763977,-0.4902257025241852,0.0
-0.07334586977958679,0.8029466271400452,-0.11267539113759995,0.05251382291316986,1.0
-0.6935795545578003,0.17037749290466309,-0.2983299195766449,-0.008126780390739441,0.0
-0.2251831293106079,0.25555646419525146,-0.590633749961853,0.09119075536727905,1.0
-0.9251554012298584,0.0826193243265152,-0.18141812086105347,0.027659587562084198,1.0
-0.6533783674240112,0.32983970642089844,-0.22877663373947144,0.06796273589134216,0.0
0.03769868612289429,0.5201592445373535,-0.3633192181587219,-0.9155541062355042,0.0
-0.3642725348472595,0.26498690247535706,-0.5391345024108887,0.09550677239894867,1.0
-0.06079024076461792,0.7045280337333679,-0.1977008432149887,-0.04093511030077934,1.0
-0.4653584957122803,0.39265644550323486,-0.15433628857135773,-0.04818644002079964,1.0
-0.2368895411491394,0.026975184679031372,-0.24016758799552917,-0.3393293023109436,0.0
-0.22703972458839417,0.4390711188316345,-0.048804253339767456,-0.5931728482246399,0.0
0.5175988674163818,-0.29358404874801636,0.09991490840911865,0.005527138710021973,0.0
-0.10366347432136536,0.6920812726020813,-0.22996191680431366,-0.5704567432403564,0.0
-0.27349141240119934,0.07567860186100006,-0.272760808467865,0.1179252564907074,1.0
0.09926402568817139,0.08594410121440887,-0.09335273504257202,0.29631906747817993,0.0
-0.5066956281661987,0.27769678831100464,-0.22786873579025269,0.009592972695827484,0.0
-0.1659645438194275,0.32267841696739197,-0.33648428320884705,0.22324597835540771,1.0
0.5350058078765869,-0.12673220038414001,-0.7638670206069946,-0.5204095840454102,0.0
-0.6925731301307678,0.036541521549224854,-0.32589900493621826,-0.07462616264820099,1.0
-0.34461522102355957,0.37946587800979614,0.019283100962638855,-0.28031888604164124,0.0
-0.9358828663825989,0.07190875709056854,-0.2528691291809082,0.10317480564117432,0.0
-0.3351840376853943,0.21303057670593262,-0.5234365463256836,0.19510644674301147,1.0
-0.36321312189102173,0.43986862897872925,-0.007680952548980713,-0.1137394979596138,1.0
0.19974660873413086,0.3227691650390625,-0.7015031576156616,-0.3601076602935791,0.0
-0.21830688416957855,0.4469211995601654,-0.3832487463951111,-0.08640237152576447,0.0
-0.4839440584182739,0.36688992381095886,-0.20305129885673523,0.03600054979324341,1.0
-0.7045654058456421,0.05058905482292175,-0.09599587321281433,-0.14558784663677216,0.0
0.08125150203704834,0.4513838291168213,-0.2936190068721771,0.24485406279563904,0.0
-0.16800673305988312,0.48376327753067017,-0.26091405749320984,0.15396209061145782,1.0
-0.5753436088562012,0.2601696848869324,-0.07762281596660614,-0.07064446806907654,1.0
-0.37540778517723083,0.5287770628929138,-0.23262612521648407,0.027971364557743073,1.0
-0.2587762773036957,0.5621716380119324,-0.17659984529018402,-0.2752782702445984,1.0
-0.12711159884929657,0.3039625287055969,-0.19801126420497894,-0.11359091848134995,0.0
-0.74568772315979,0.2806500792503357,-0.21516263484954834,0.05537819862365723,0.0
-0.4489668011665344,0.417961061000824,-0.38179028034210205,-0.12611335515975952,0.0
-0.2289620041847229,0.42061203718185425,-0.2333899885416031,-0.18878573179244995,0.0
-0.4290721118450165,0.46742233633995056,-0.3134986162185669,-0.02240874245762825,1.0
-0.22682517766952515,0.7202320098876953,0.0402677059173584,-0.13436831533908844,0.0
-0.4940311312675476,0.06596769392490387,-0.08138412237167358,-0.4410301446914673,1.0
-0.7538875341415405,0.018276482820510864,-0.11224517971277237,-0.1791851669549942,0.0
0.26830655336380005,-0.06971436738967896,0.44724297523498535,0.1871854066848755,0.0
-0.1498076170682907,0.26143860816955566,-0.502784013748169,0.10245311260223389,0.0
-0.5187686085700989,0.18753379583358765,-0.2459338903427124,-0.14503461122512817,0.0
-0.2517639696598053,0.5882066488265991,-0.21767579019069672,0.1019718199968338,1.0
-0.580623984336853,0.0607772171497345,-0.23674865067005157,-0.21015052497386932,0.0
-0.8663666248321533,0.15780854225158691,-0.38126617670059204,0.19952842593193054,0.0
-0.4084427058696747,0.3886551260948181,-0.36165758967399597,-0.04285847023129463,1.0
-0.10747894644737244,0.5906755924224854,-0.5036839842796326,-0.05345431715250015,1.0
-0.002540081739425659,0.4287184774875641,-0.06896573305130005,-0.7318683862686157,0.0
-0.3204580545425415,0.4402444064617157,-0.20610769093036652,0.10022628307342529,1.0
-0.5852895379066467,0.4350256621837616,-0.3635435700416565,0.06136910617351532,0.0
-0.34488919377326965,0.27408379316329956,-0.4649314284324646,0.14229097962379456,1.0
-0.14261376857757568,0.19210919737815857,-0.3922031819820404,-0.18403485417366028,0.0
-0.8081820011138916,0.13212046027183533,-0.2383711040019989,0.10048428177833557,0.0
-0.24120894074440002,-0.04243648052215576,-0.6540578603744507,0.37101420760154724,1.0
-0.3455389142036438,0.5863563418388367,-0.15860041975975037,-3.583729267120361e-05,1.0
-0.41086655855178833,0.2819425165653229,-0.24721990525722504,0.01615452766418457,0.0
-0.6270095705986023,0.12613002955913544,-0.11830401420593262,-0.3467303216457367,1.0
-0.1564507782459259,0.6849755048751831,-0.14785927534103394,0.0740152895450592,1.0
-0.42733609676361084,0.4409830570220947,-0.25358515977859497,-0.12889519333839417,1.0
-0.21276752650737762,0.623802125453949,-0.210261270403862,0.03129828721284866,1.0
-0.5576101541519165,0.31998544931411743,-0.32166051864624023,0.1450032889842987,0.0
-0.8269901275634766,0.2303009182214737,-0.18437516689300537,0.058223262429237366,0.0
-0.3743271231651306,0.3602515459060669,-0.23051314055919647,0.14967302978038788,1.0
-0.14107836782932281,0.5595985651016235,-0.44896072149276733,0.022053904831409454,1.0
-0.22597374022006989,0.6955251097679138,-0.12943020462989807,0.027099214494228363,1.0
-0.8897736072540283,0.12966175377368927,-0.21967539191246033,0.04631523787975311,0.0
-0.6040951013565063,0.06023812294006348,-0.006552606821060181,-0.27423155307769775,1.0
-0.40259766578674316,0.35468852519989014,-0.06336541473865509,-0.14325407147407532,0.0
-0.695765495300293,0.19505786895751953,-0.17232784628868103,-0.004653170704841614,1.0
-0.28673654794692993,0.6656808853149414,-0.21795295178890228,-0.14920678734779358,1.0
-0.750190258026123,0.05255219340324402,-0.3183526396751404,-0.07364154607057571,0.0
-0.6044214367866516,0.24705028533935547,-0.24954164028167725,0.06500358879566193,1.0
-0.5422489047050476,0.4175581932067871,-0.07294294238090515,-0.12251953035593033,0.0
-0.0745646059513092,0.6134474873542786,-0.33402305841445923,-0.1664254367351532,1.0
-0.2575403153896332,0.645517110824585,-0.17481905221939087,0.14250676333904266,1.0
0.1481638252735138,0.852908730506897,-0.1418192982673645,0.031191371381282806,1.0
-0.7041953206062317,0.35634469985961914,-0.32185274362564087,0.20561155676841736,0.0
-0.8593591451644897,-0.07636865973472595,-0.06285141408443451,-0.1579476296901703,1.0
-0.6983755826950073,0.24652400612831116,-0.28937283158302307,-0.05514933168888092,1.0
-0.7717424631118774,-0.031494349241256714,-0.23522967100143433,-0.21260231733322144,0.0
-0.6134328842163086,0.40160247683525085,-0.2808547019958496,-0.022361014038324356,1.0
-0.3990234434604645,0.25656574964523315,0.06324109435081482,-0.3735426068305969,1.0
-0.015291571617126465,0.39029884338378906,-0.31237855553627014,0.09001138806343079,0.0
0.021600067615509033,0.3986552357673645,-0.5144237279891968,-0.1629316508769989,0.0
-0.3312174379825592,0.5385332703590393,-0.25970324873924255,0.0714244395494461,1.0
-0.18037527799606323,0.6741219758987427,-0.24804863333702087,0.01451544463634491,1.0
-0.028696835041046143,-0.051869869232177734,0.04768356680870056,0.2821010649204254,0.0
-0.5469813942909241,0.3473513424396515,-0.2323303073644638,-0.10612574219703674,0.0
-0.5908233523368835,0.32771846652030945,-0.23837357759475708,0.05796349048614502,0.0
-0.6358375549316406,0.25128915905952454,-0.40180715918540955,0.05588217079639435,1.0
0.6046227216720581,-0.8231638669967651,-0.6534324884414673,-0.18184739351272583,0.0
-0.5531496405601501,0.38639721274375916,-0.16359755396842957,-0.2398061454296112,1.0
-0.2279287427663803,0.5893683433532715,-0.1548958122730255,-0.015419721603393555,1.0
-0.20135226845741272,0.38817501068115234,-0.2726331353187561,0.10362784564495087,0.0
-0.8023231029510498,0.134954035282135,-0.28239935636520386,0.15978632867336273,0.0
-0.37101495265960693,0.4701443314552307,-0.23076654970645905,-0.3083154261112213,1.0
-0.6851765513420105,0.2608886957168579,-0.29624077677726746,-0.02659519389271736,1.0
-0.5691867470741272,0.43432024121284485,-0.32311153411865234,-0.053454481065273285,1.0
-0.3726952373981476,0.37095022201538086,-0.10650123655796051,-0.16167008876800537,1.0
-0.2586919665336609,0.3185228705406189,-0.35830938816070557,-0.11661042273044586,0.0
-0.0022505521774291992,-0.11824288964271545,-0.5003886222839355,0.3519023358821869,0.0
-0.03518328070640564,0.0360599160194397,-0.37353748083114624,-0.3222648501396179,0.0
-0.4334335923194885,0.440860390663147,-0.12240571528673172,-0.009244687855243683,1.0
-0.36032310128211975,0.5571919083595276,-0.24624474346637726,0.05986130237579346,1.0
-0.45498573780059814,0.27137500047683716,-0.22981145977973938,-0.2547200322151184,0.0
0.8404051065444946,-0.5879539847373962,0.2642693519592285,0.5052594542503357,0.0
-0.43515583872795105,0.4509884715080261,-0.25839710235595703,-0.0877365991473198,1.0
-0.7431942224502563,-0.0757521390914917,-0.11586864292621613,-0.2203425019979477,0.0
-0.49837997555732727,0.1884922981262207,-0.22243954241275787,-0.18537093698978424,0.0
-0.4588576853275299,0.27072831988334656,-0.11759398877620697,-0.1149006187915802,0.0
-0.7214751243591309,0.26772114634513855,-0.23553737998008728,0.043269187211990356,1.0
-0.48678672313690186,0.16876626014709473,-0.06521451473236084,-0.19267898797988892,1.0
-0.013734608888626099,0.1477089524269104,-0.5771229267120361,0.2064923644065857,0.0
-0.567490816116333,0.20380103588104248,-0.043296024203300476,-0.16066108644008636,0.0
-0.47477442026138306,0.5387663841247559,-0.23075182735919952,-0.05493936687707901,0.0
-0.37418559193611145,0.4977223873138428,-0.3599368631839752,-0.01087459921836853,1.0
-0.3877931535243988,0.2342861294746399,-0.04556405544281006,-0.32381105422973633,0.0
-0.35607704520225525,0.14292053878307343,-0.4345773458480835,0.1712496280670166,0.0
0.2389041781425476,0.215606689453125,-0.32731306552886963,-0.3796447515487671,0.0
-0.103594109416008,-0.13653382658958435,-0.1669720858335495,0.33456113934516907,0.0
-0.5939043760299683,0.28244516253471375,-0.13767585158348083,-0.2138381451368332,0.0
-0.5797800421714783,0.31756994128227234,-0.24275055527687073,0.06719188392162323,1.0
-0.4907527565956116,0.2584901452064514,-0.13257591426372528,-0.3969253897666931,0.0
0.20380860567092896,-0.10825583338737488,-0.052578091621398926,0.13887058198451996,0.0
0.03330528736114502,0.6491025686264038,-0.24049460887908936,0.2471962571144104,1.0
-0.5168253183364868,0.3884139657020569,-0.24832844734191895,-0.20291279256343842,1.0
-0.42214688658714294,0.4967806935310364,-0.2672690451145172,-0.10035086423158646,1.0
-0.41933339834213257,0.49756109714508057,-0.22861173748970032,-0.13667993247509003,1.0
-0.6862425804138184,0.151473730802536,-0.1895703822374344,-0.05232444033026695,0.0
0.04464024305343628,0.5392463207244873,-0.2762165665626526,0.1466398388147354,0.0
-0.10886205732822418,0.4599608778953552,-0.44742780923843384,-0.06843635439872742,0.0
-0.470061331987381,0.32190418243408203,-0.11378304660320282,-0.165934756398201,1.0
-0.28374624252319336,0.4356401562690735,-0.31135958433151245,-0.13154828548431396,1.0
-0.40437862277030945,0.32167118787765503,-0.2759198844432831,-0.11847171187400818,1.0
-0.09605464339256287,0.5587199330329895,-0.3080006241798401,0.12214139103889465,0.0
-0.5886706709861755,0.12693919241428375,0.004888787865638733,-0.35785800218582153,0.0
-0.13347262144088745,0.34438586235046387,-0.25141116976737976,-0.31540536880493164,0.0
-0.07543367147445679,0.6291550397872925,0.09608396887779236,-0.27019256353378296,0.0
0.09146571159362793,0.5753554105758667,-0.04827311635017395,0.2483249008655548,0.0
-0.7005449533462524,0.29736730456352234,-0.332317054271698,-0.06853095442056656,1.0
-0.751692533493042,0.3706660270690918,-0.2749151885509491,-0.07160235196352005,0.0
-0.641857385635376,0.44015902280807495,-0.3040664494037628,0.034591130912303925,0.0
-0.4741555452346802,0.543990969657898,-0.24054408073425293,0.04435080289840698,0.0
-0.11393143236637115,0.7704463005065918,-0.24218666553497314,-0.35299742221832275,0.0
-0.13888594508171082,0.5828307867050171,-0.3823031485080719,0.0373103991150856,1.0
-0.10304862260818481,0.6675845980644226,-0.38748490810394287,-0.2592541575431824,1.0
-0.5620771646499634,0.34539419412612915,-0.21513120830059052,-0.15539029240608215,1.0
0.3457738161087036,0.10084313154220581,-0.27336955070495605,0.28572916984558105,0.0
-0.4077465534210205,0.45389753580093384,-0.16336700320243835,-0.06397352367639542,0.0
-0.2367754876613617,0.22166569530963898,-0.22650983929634094,-0.3482040464878082,0.0
-0.504571795463562,0.3241119384765625,-0.07194775342941284,-0.17369914054870605,0.0
-0.4593695402145386,0.40032559633255005,-0.34570103883743286,-0.006555959582328796,1.0
-0.10613271594047546,0.41548773646354675,-0.2237173318862915,0.21519723534584045,1.0
0.05693650245666504,0.59918212890625,0.46596717834472656,0.08877332508563995,0.0
-0.3649619221687317,0.34730252623558044,0.026395857334136963,-0.22009770572185516,0.0
-0.39141586422920227,0.1584928333759308,-0.05346998572349548,-0.5324281454086304,0.0
-0.4966428577899933,0.3547547161579132,-0.2871606945991516,-0.11453267186880112,1.0
-0.3997005224227905,0.3160471022129059,0.10474517941474915,-0.14834332466125488,1.0
-0.02859586477279663,0.49109405279159546,-0.24330273270606995,0.18192526698112488,1.0
0.31709766387939453,0.17880994081497192,-0.34098362922668457,-0.40343162417411804,0.0
0.09320768713951111,0.30610814690589905,-0.3982539176940918,0.06805987656116486,0.0
-0.43523427844047546,0.18105332553386688,-0.020482182502746582,-0.30619364976882935,0.0
-0.6215044260025024,0.42343196272850037,-0.18572506308555603,-0.011964567005634308,1.0
-0.8755525946617126,0.005480080842971802,-0.16634143888950348,0.018221840262413025,0.0
-0.603846549987793,0.13860200345516205,-0.1551012098789215,-0.29351508617401123,1.0
-0.20924119651317596,0.08459007740020752,0.03194321691989899,-0.14940878748893738,0.0
-0.4133378863334656,-0.026570051908493042,-0.09357687085866928,-0.1367550790309906,0.0
-0.057010114192962646,0.5123627185821533,-0.2841786742210388,0.1680104285478592,0.0
0.26946669816970825,-0.020970284938812256,-0.4455997347831726,-0.3712922930717468,0.0
0.3421545624732971,0.2995131015777588,0.42909055948257446,-0.3043903410434723,0.0
-0.8584314584732056,0.18447057902812958,-0.4138150215148926,0.19076091051101685,1.0
-0.2288968563079834,0.6297694444656372,-0.24456673860549927,-0.016675643622875214,0.0
0.10803517699241638,0.011913090944290161,0.017782047390937805,0.5129827857017517,0.0
-0.1362045258283615,0.6893115639686584,-0.3020620048046112,-0.15327584743499756,1.0
-0.37580734491348267,0.22025072574615479,-0.1065366193652153,-0.4553203582763672,0.0
-0.044429510831832886,0.2374543845653534,0.06117001175880432,-0.211791530251503,0.0
-0.810555636882782,0.17512398958206177,-0.2687676250934601,0.16514255106449127,1.0
0.3127899765968323,-0.39178937673568726,-0.0998087078332901,0.3770892322063446,0.0
-0.4501708447933197,0.26551055908203125,-0.17901000380516052,-0.0030966773629188538,1.0
-0.17957769334316254,0.40404918789863586,-0.13528314232826233,-0.048797477036714554,1.0
-0.7294481992721558,0.23686020076274872,-0.20876453816890717,0.06131364405155182,1.0
-0.6590934991836548,-0.029598534107208252,-0.09515151381492615,-0.19734741747379303,0.0
0.15509992837905884,0.35999277234077454,-0.7347038984298706,-0.5744262933731079,0.0
-0.48620477318763733,0.331504225730896,-0.12238515913486481,0.03878992050886154,1.0
-0.3852410316467285,0.3998839259147644,-0.2525845170021057,0.04771549999713898,0.0
-0.5755727291107178,0.3185342848300934,-0.01395416259765625,-0.39585644006729126,0.0
-0.034392982721328735,0.7634788751602173,-0.08640533685684204,0.10509946942329407,0.0
-0.6653632521629333,0.3076707422733307,-0.1333577185869217,-0.03562437370419502,0.0
-0.36040738224983215,0.4468793272972107,-0.3463848829269409,-0.057993389666080475,1.0
-0.44978025555610657,0.42470550537109375,-0.3074720501899719,-0.1512957066297531,0.0
-0.37817320227622986,0.30672597885131836,-0.1881854087114334,-0.2192722111940384,0.0
-0.23250211775302887,0.6716141104698181,-0.19776418805122375,0.031030289828777313,1.0
0.6174530982971191,-0.6345970630645752,-0.8407779335975647,-0.6827833652496338,0.0
-0.1633838266134262,0.26836881041526794,-0.08994254469871521,-0.18032118678092957,0.0
1.0,-0.49141210317611694,0.9219203591346741,0.3163239061832428,0.0
-0.5177798867225647,0.21697476506233215,-0.1758657991886139,-0.326924592256546,1.0
-0.7514821290969849,0.3159995675086975,-0.2990458607673645,0.16765262186527252,1.0
-0.36539846658706665,0.5526507496833801,-0.21332386136054993,0.12840105593204498,0.0
-0.29244711995124817,0.4005933701992035,-0.3392443060874939,0.1446065604686737,1.0
-0.12919627130031586,0.5165952444076538,-0.31627994775772095,0.1856769323348999,0.0
0.07609137892723083,-0.03907567262649536,-0.36379408836364746,0.20091646909713745,0.0
-0.8955296277999878,0.06666511297225952,-0.25313910841941833,0.03200405836105347,1.0
-0.3941929042339325,0.4280552268028259,-0.24773788452148438,-0.13347971439361572,1.0
-0.4285721778869629,0.4259491264820099,-0.36999279260635376,-0.07331733405590057,1.0
-0.41016918420791626,0.5801136493682861,-0.30529260635375977,0.0016620829701423645,0.0
-0.5601515173912048,0.24952015280723572,-0.29009121656417847,-0.07152960449457169,0.0
-0.5171811580657959,0.20451048016548157,-0.1800898164510727,-0.2499978393316269,0.0
-0.45976507663726807,0.4944470524787903,-0.18479570746421814,0.022510506212711334,0.0
-0.4381272494792938,0.5513863563537598,-0.30428844690322876,-0.0559433177113533,1.0
-0.8562611937522888,0.15361233055591583,-0.3264142870903015,0.048832714557647705,1.0
-0.49219366908073425,0.3685300350189209,-0.1868305653333664,-0.23949910700321198,1.0
-0.35579410195350647,0.39019089937210083,-0.44551724195480347,0.021617114543914795,1.0
-0.6469739675521851,0.14330807328224182,-0.1635158360004425,-0.0348917655646801,1.0
-0.911085844039917,-0.08146274089813232,0.0016333311796188354,-0.22545434534549713,0.0
0.5988330245018005,-0.7246886491775513,-0.06885173916816711,0.09688763320446014,0.0
-0.5503661036491394,0.4127509593963623,-0.28874507546424866,-0.010686792433261871,0.0
-0.8131318688392639,-0.045469582080841064,-0.14358597993850708,-0.04354086145758629,0.0
0.346579372882843,0.11684109270572662,-0.6946906447410583,-0.6328745484352112,0.0
-0.08226388692855835,0.7189269661903381,-0.2759730815887451,-0.23327042162418365,1.0
-0.5407788753509521,0.4497881829738617,-0.3565266728401184,0.039901576936244965,1.0
-0.3337685167789459,0.3306739926338196,-0.27364829182624817,-0.1759648472070694,1.0
-0.3693699836730957,0.5287528038024902,-0.241767019033432,-0.19532537460327148,1.0
-0.3066850006580353,0.5003033876419067,-0.08238965272903442,-0.11040043085813522,1.0
-0.5641477108001709,0.23157045245170593,-0.02789612114429474,-0.3122006058692932,0.0
-0.3217911124229431,0.4508495330810547,-0.15398545563220978,-0.27109014987945557,1.0
-0.44419950246810913,0.4575881361961365,-0.30563387274742126,-0.042557623237371445,1.0
-0.46091899275779724,0.45148128271102905,-0.1456904262304306,0.014485597610473633,0.0
0.47271543741226196,-0.4640621542930603,0.25565510988235474,0.4636099338531494,0.0
-0.043356090784072876,0.8452131152153015,-0.20995952188968658,-0.07514652609825134,1.0
0.17362159490585327,0.17779332399368286,-0.12360743433237076,0.17667588591575623,0.0
-0.43512797355651855,0.506079375743866,-0.17336545884609222,-0.26946941018104553,0.0
-0.7711716890335083,0.08146382868289948,-0.2918936610221863,-0.03205396980047226,0.0
-0.40279218554496765,0.6414597630500793,-0.1554933488368988,0.0644843727350235,1.0
0.023714959621429443,0.5816283822059631,-0.023113012313842773,0.005854249000549316,0.0
-0.5472345948219299,0.34567949175834656,-0.41310882568359375,0.05278418958187103,0.0
-0.5647623538970947,0.3957046568393707,-0.17153681814670563,0.005806557834148407,0.0
-0.3614705204963684,0.534568727016449,-0.217280313372612,-0.13387984037399292,0.0
-0.530030369758606,0.10232871770858765,-0.3438427746295929,-0.041564811021089554,0.0
-0.2519625425338745,0.3709408938884735,-0.4481074810028076,-0.06730926781892776,1.0
0.4573785066604614,-0.037260234355926514,-0.34747231006622314,-0.17767773568630219,0.0
-0.023278743028640747,0.2206985503435135,-0.07038614153862,-0.2724505662918091,0.0
-0.22393180429935455,0.6387594938278198,-0.18864572048187256,-0.21153795719146729,1.0
-0.5899299383163452,0.0679439902305603,-0.01825617253780365,-0.17558738589286804,1.0
-0.5859431624412537,0.2786133289337158,-0.1585995852947235,-0.10296989232301712,1.0
0.40696197748184204,-0.12620890140533447,-0.1663280427455902,-0.5890128016471863,0.0
-0.63386470079422,0.30381351709365845,-0.29392188787460327,0.10288254916667938,0.0
0.15267324447631836,0.7339608669281006,0.19310379028320312,-0.03977417200803757,0.0
-0.08139804005622864,0.01986318826675415,-0.1315402388572693,-0.4483715295791626,0.0
-0.3649883568286896,-0.014935135841369629,-0.3468039035797119,-0.025537092238664627,0.0
-0.24692358076572418,0.6394067406654358,-0.2810797095298767,-0.034352999180555344,1.0
-0.27383339405059814,0.6198316216468811,-0.19298721849918365,-0.15706677734851837,1.0
-0.589730978012085,0.3295307159423828,-0.24293221533298492,0.07646358013153076,1.0
-0.6292028427124023,0.2946392893791199,-0.23793503642082214,-0.1867128610610962,1.0
-0.3127884864807129,0.6309477090835571,-0.3029104471206665,-0.0481003038585186,1.0
0.3916603922843933,-0.5328261256217957,-0.6412166357040405,-0.1591983139514923,0.0
-0.35758447647094727,0.4388238787651062,-0.08769232034683228,-0.0027129799127578735,0.0
-0.3645241856575012,0.33568230271339417,-0.2708449065685272,0.041710078716278076,1.0
-0.6442995667457581,0.24211154878139496,-0.31760936975479126,-0.0025391951203346252,0.0
-0.7668184041976929,0.14183680713176727,-0.11891881376504898,-0.1592746376991272,0.0
-0.5056166052818298,0.44219133257865906,-0.3709569573402405,-0.03823808580636978,1.0
-0.48561546206474304,0.5001880526542664,-0.10890498757362366,-0.041605234146118164,1.0
-0.4820864200592041,0.33715111017227173,-0.14571860432624817,-0.3232627511024475,0.0
0.32639145851135254,-0.49453800916671753,-0.598200798034668,-0.5689648389816284,0.0
0.15798240900039673,-0.10275503993034363,0.09773361682891846,0.22016963362693787,0.0
-0.2668313682079315,0.464727520942688,-0.17508265376091003,-0.5697113275527954,0.0
-0.43908095359802246,0.32189375162124634,-0.23760536313056946,-0.19528771936893463,1.0
-0.35754939913749695,0.5026047825813293,-0.22390533983707428,-0.08615469187498093,0.0
-0.24478831887245178,0.5983164310455322,0.23609161376953125,-0.32856303453445435,0.0
-0.21676458418369293,0.6424520611763,-0.18698877096176147,0.09560240805149078,1.0
-0.1351088136434555,0.04208776354789734,0.018221497535705566,-0.20049548149108887,0.0
-0.2845723628997803,0.5206729173660278,-0.2103084921836853,0.048251181840896606,1.0
0.5121424198150635,-0.09429475665092468,-0.7848154306411743,-0.2837819457054138,0.0
-0.29745736718177795,0.4396517276763916,-0.43329811096191406,0.009414687752723694,1.0
-0.9084435701370239,0.18650177121162415,-0.3287852108478546,-0.030177708715200424,0.0
-0.1327299177646637,0.2215600460767746,-0.3938339948654175,0.2927941381931305,1.0
-0.15999595820903778,0.2265307605266571,-0.1748235821723938,0.10541553795337677,0.0
0.5236563682556152,-0.17694056034088135,-0.012858062982559204,0.3455181121826172,0.0
-0.30185943841934204,0.1089525818824768,-0.40389713644981384,0.37923964858055115,1.0
-0.579984724521637,0.3322546184062958,-0.17865188419818878,-0.05936615914106369,1.0
-0.8533574342727661,-0.02065214514732361,-0.1677553802728653,-0.2711639106273651,1.0
0.46478456258773804,0.15442214906215668,0.46923184394836426,0.337898313999176,0.0
-0.4248536229133606,0.380983829498291,-0.1789254993200302,-0.02644384279847145,1.0
-0.4161296784877777,0.12348712980747223,-0.1338147670030594,-0.47628021240234375,1.0
-0.712626576423645,0.08148199319839478,-0.13168424367904663,-0.11228204518556595,0.0
0.3261738419532776,0.060705095529556274,0.13312381505966187,0.3066815733909607,0.0
-0.35912781953811646,0.3270019292831421,-0.17004965245723724,0.05487222969532013,0.0
-0.5525941252708435,0.383745014667511,-0.14775925874710083,-0.27438873052597046,1.0
0.12918782234191895,0.7865428328514099,0.05213075876235962,-0.08737858384847641,1.0
-0.14107339084148407,0.66733717918396,-0.291604608297348,-0.13834406435489655,1.0
0.6423997282981873,-0.5027123093605042,-0.7983802556991577,-0.4896462857723236,0.0
0.30324697494506836,0.5813109874725342,-0.14582616090774536,0.14887307584285736,1.0
0.8312450647354126,-0.9321553707122803,0.02462795376777649,0.4363153576850891,0.0
-0.41246896982192993,0.4572024941444397,-0.17540715634822845,-0.012391313910484314,1.0
-0.9010797739028931,-0.0012707114219665527,-0.19849003851413727,0.047900691628456116,0.0
-0.6834213733673096,0.08353529870510101,-0.25669002532958984,-0.08304011076688766,1.0
-0.35784783959388733,0.6213730573654175,-0.23993003368377686,0.01358059048652649,1.0
-0.25164124369621277,0.18443095684051514,-0.29397937655448914,-0.11680161207914352,0.0
-0.21060706675052643,0.8064534664154053,-0.18057820200920105,-0.41368985176086426,0.0
-0.12493209540843964,0.5658464431762695,-0.45622193813323975,-0.02688530832529068,1.0
0.07649430632591248,0.676318883895874,0.4159836173057556,-0.149967223405838,0.0
-0.6530461311340332,0.41697070002555847,-0.26474297046661377,-0.04804755002260208,1.0
-0.0394916832447052,0.1494479477405548,-0.11132001876831055,0.03178243339061737,0.0
-0.6039872169494629,0.16335061192512512,-0.21799397468566895,-0.14460693299770355,1.0
-0.3863890767097473,0.5229569673538208,-0.16170969605445862,-0.0236649289727211,1.0
0.10288986563682556,0.8171910643577576,-0.13074883818626404,0.061410024762153625,1.0
0.21881484985351562,0.8323102593421936,-0.3252267837524414,-0.26605361700057983,1.0
-0.06544235348701477,0.1007995754480362,-0.1304953694343567,-0.41670650243759155,0.0
-0.5161288976669312,0.20375624299049377,-0.08106444776058197,-0.10091276466846466,0.0
-0.4702455401420593,0.2595303952693939,-0.1399376094341278,-0.030414581298828125,1.0
-0.5999218225479126,0.2502165138721466,-0.14588993787765503,-0.07726160436868668,0.0
-0.25735965371131897,0.47911322116851807,-0.31933608651161194,0.1661742925643921,1.0
0.666033148765564,-0.42976510524749756,0.02805371582508087,0.22841909527778625,0.0
-0.8310680389404297,0.07354845106601715,-0.1866842657327652,-0.014560781419277191,0.0
-0.5481317043304443,0.39752596616744995,-0.24890968203544617,-0.07185827195644379,1.0
-0.23896034061908722,0.6827901601791382,-0.14457404613494873,0.010431401431560516,1.0
-0.4351055324077606,0.423119455575943,-0.10689079016447067,0.021443568170070648,1.0
-0.6325802803039551,0.12908753752708435,-0.3608602285385132,0.07357200980186462,0.0
-0.6477434039115906,0.28379350900650024,-0.18566864728927612,-0.20580293238162994,1.0
-0.14698074758052826,0.4057449996471405,-0.49064046144485474,-0.08420519530773163,1.0
-0.5872578620910645,0.40404683351516724,-0.21937355399131775,-0.037489939481019974,0.0
-0.7540013790130615,0.1853339523077011,-0.25724101066589355,0.10564807057380676,1.0
0.3740679621696472,-0.10354816913604736,-0.062200188636779785,-0.06395820528268814,0.0
-0.2961122393608093,0.48648327589035034,-0.13337090611457825,-0.1326424777507782,1.0
-0.15691031515598297,0.4376390278339386,-0.4191434383392334,-0.12044946849346161,0.0
-0.46757030487060547,0.23881271481513977,-0.22733889520168304,-0.13519173860549927,0.0
-0.3064936399459839,0.5055924654006958,-0.13800892233848572,0.023911483585834503,1.0
-0.481537401676178,0.4467284679412842,-0.28597477078437805,-0.013677194714546204,1.0
-0.3102375566959381,0.3988901674747467,-0.2260591983795166,0.05649039149284363,1.0
0.5081089735031128,-0.5699570178985596,-0.4526384174823761,-0.5076383948326111,0.0
-0.09737733006477356,0.7275851964950562,-0.1511233150959015,0.017508558928966522,1.0
-0.613055944442749,0.4131019115447998,-0.19715186953544617,-0.1539301872253418,0.0
-0.7793418765068054,0.16927899420261383,-0.3771887421607971,0.07688313722610474,1.0
-0.09175309538841248,0.18363842368125916,0.09641245007514954,-0.08639270067214966,0.0
-0.5496180057525635,0.41018179059028625,-0.2942308187484741,0.018669046461582184,0.0
0.1511409878730774,0.2508068382740021,-0.3009495139122009,0.26254865527153015,1.0
-0.41523128747940063,0.5108499526977539,-0.17566794157028198,0.0033448413014411926,1.0
-0.3513942360877991,0.640085756778717,-0.2531583905220032,-0.03958771005272865,1.0
-0.5938444137573242,0.2289780080318451,-0.1635299175977707,-0.13884033262729645,0.0
-0.0197809636592865,0.5933661460876465,-0.2636251151561737,0.08425354957580566,1.0
-0.5205328464508057,0.4923654794692993,-0.3273703455924988,0.21033784747123718,0.0
-0.2922617793083191,0.1672186702489853,-0.30671969056129456,-0.21500441431999207,0.0
-0.6048536896705627,0.38569459319114685,-0.3093838393688202,-0.045915454626083374,0.0
-0.3602190613746643,0.5736095905303955,-0.26637524366378784,-0.14159145951271057,0.0
-0.6580511927604675,0.38185882568359375,-0.4155121147632599,0.11204375326633453,0.0
-0.5753511786460876,0.2790713310241699,-0.07176272571086884,-0.13874968886375427,0.0
-0.2800528407096863,0.4071822464466095,-0.33673930168151855,-0.1548689603805542,1.0
0.08775711059570312,0.8502798676490784,0.024250522255897522,-0.013370849192142487,1.0
-0.44953060150146484,0.29371675848960876,-0.09998142719268799,-0.10600676387548447,0.0
-0.7986606359481812,0.26204541325569153,-0.27621781826019287,0.12448485195636749,1.0
-0.1711297631263733,-0.2483232617378235,-0.19362495839595795,0.01177358627319336,0.0
0.14777907729148865,0.5177848935127258,-0.11596960574388504,0.21289119124412537,1.0
-0.27930548787117004,0.3846867084503174,-0.045179322361946106,-0.08769160509109497,1.0
0.16621828079223633,0.2668668031692505,-0.3480384349822998,0.3631836473941803,1.0
-0.6103404760360718,0.20327651500701904,-0.2250116914510727,-0.15042144060134888,1.0
0.3280338644981384,-0.16907459497451782,-0.6366276741027832,-0.19443684816360474,0.0
-0.734557569026947,0.029263466596603394,-0.12180661410093307,-0.3018563985824585,0.0
-0.42768365144729614,0.23419024050235748,-0.35299158096313477,-0.09698937088251114,1.0
-0.5061018466949463,0.2593226134777069,-0.3659353256225586,-0.06582840532064438,1.0
-0.41724610328674316,0.49226436018943787,-0.18795186281204224,0.08990515768527985,1.0
-0.33593401312828064,0.6990692615509033,-0.2025112509727478,0.07731395959854126,1.0
-0.493363618850708,0.3041544258594513,-0.114687979221344,-0.07945820689201355,1.0
-0.2737348973751068,0.4196380078792572,-0.053166985511779785,-0.12458949536085129,1.0
-0.01519840955734253,0.8831630945205688,-0.0499999076128006,-0.07561533153057098,1.0
-0.9215595126152039,0.09760710597038269,-0.32605332136154175,0.2565475106239319,1.0
-0.6575168371200562,0.0774330347776413,-0.1480332314968109,-0.23667342960834503,1.0
-0.3122656047344208,0.6963738203048706,-0.32882043719291687,0.0024187415838241577,1.0
-0.4747139513492584,0.5221611857414246,-0.25028786063194275,-0.21155628561973572,1.0
-0.7732794284820557,0.1402139663696289,-0.04801633954048157,-0.1935901939868927,0.0
-0.8764792680740356,0.13415400683879852,-0.3042040765285492,0.012321673333644867,0.0
-0.1996782422065735,0.6678158044815063,-0.3557398319244385,-0.12058110535144806,0.0
-0.8091527223587036,0.23792535066604614,-0.2992646098136902,-0.014453321695327759,1.0
-0.38135552406311035,0.4310174882411957,-0.2579784095287323,-0.015714362263679504,0.0
-0.5026898384094238,0.30237677693367004,0.026244431734085083,-0.36891305446624756,0.0
-0.5626281499862671,0.28366318345069885,-0.29410555958747864,-0.08405253291130066,1.0
-0.6547666192054749,0.25384432077407837,-0.3751770853996277,0.04724167287349701,1.0
-0.474567174911499,0.4157797694206238,-0.15524344146251678,-0.09767737984657288,0.0
-0.36519667506217957,0.32265886664390564,-0.2366848886013031,0.0004717409610748291,0.0
-0.6433954834938049,0.3580332100391388,-0.3327605426311493,0.05588620901107788,1.0
0.36914998292922974,-0.1995449662208557,-0.1009058952331543,0.21862879395484924,0.0
-0.622428834438324,0.4388829469680786,-0.39464038610458374,0.11787913739681244,0.0
-0.4828316569328308,0.30352315306663513,-0.28168678283691406,-0.06663922965526581,1.0
-0.43012553453445435,0.4537205100059509,-0.1483881026506424,0.04871243238449097,1.0
-0.24839532375335693,0.6398093104362488,-0.14714649319648743,-0.02128131315112114,1.0
-0.6001389026641846,0.28955647349357605,0.0185864120721817,-0.24607348442077637,1.0
-0.61069655418396,0.3757873475551605,-0.10483895242214203,-0.10823099315166473,0.0
-0.058113813400268555,0.7035603523254395,0.021709173917770386,0.05163203179836273,1.0
-0.4598691463470459,0.32916077971458435,-0.16222432255744934,-0.27074235677719116,1.0
-0.4117356240749359,0.4266279935836792,-0.13869862258434296,-0.26829010248184204,1.0
-0.39041823148727417,0.5268509387969971,-0.21565411984920502,0.05654039978981018,1.0
-0.6462703347206116,0.1786310374736786,-0.18752700090408325,-0.24383792281150818,1.0
-0.029497146606445312,0.5188174843788147,-0.30057770013809204,0.12987400591373444,1.0
-0.6684505939483643,0.17703647911548615,-0.3581240773200989,0.03198481351137161,1.0
-0.1723783165216446,0.4371665120124817,-0.41663262248039246,0.00687466561794281,1.0
-0.09076765179634094,0.586585283279419,-0.2614174485206604,0.24706465005874634,1.0
0.0642251968383789,0.38652777671813965,-0.3132377862930298,0.21118679642677307,0.0
-0.9510878324508667,0.07483117282390594,-0.19354113936424255,0.03388216346502304,0.0
-0.5309261083602905,0.2658052444458008,-0.0641707330942154,-0.1942482888698578,1.0
-0.4998290538787842,0.21332234144210815,-0.007786259055137634,-0.1816157102584839,1.0
-0.5677546262741089,0.407570481300354,-0.23782116174697876,0.024277091026306152,1.0
-0.6885319948196411,0.30208760499954224,-0.2685766816139221,-0.0801972821354866,1.0
-0.5619122982025146,0.10191339254379272,-0.0542537122964859,-0.13081079721450806,0.0
0.8332157135009766,-0.4713987708091736,-0.8358126878738403,-1.0,0.0
-0.1999371200799942,0.6050194501876831,-0.12455578148365021,0.07861292362213135,1.0
-0.5823262929916382,0.3229612112045288,-0.20056740939617157,-0.14040261507034302,0.0
-0.31008145213127136,0.60008704662323,-0.18866534531116486,0.014919377863407135,1.0
-0.5719156265258789,0.22735115885734558,-0.2998206913471222,0.15821573138237,0.0
-0.26664164662361145,0.3925973176956177,-0.13622882962226868,-0.04859504476189613,1.0
-0.5709530115127563,0.3010476231575012,-0.22997577488422394,-0.11002933233976364,0.0
0.1256473958492279,-0.47729480266571045,0.07121393084526062,-0.11125017702579498,0.0
-0.487690269947052,0.3862680196762085,-0.31010785698890686,0.10975310206413269,1.0
-0.05439135432243347,0.6063386797904968,-0.3133757710456848,0.09648053348064423,1.0
-0.9648832082748413,0.09535633027553558,-0.39544692635536194,0.1512182652950287,1.0
-0.271774023771286,0.34952452778816223,-0.10824912786483765,-0.23704969882965088,0.0
-0.26882120966911316,0.5899519920349121,-0.288324236869812,-0.17475587129592896,1.0
0.12973394989967346,0.6392718553543091,-0.4268971085548401,-0.04526812210679054,1.0
-0.4387172758579254,0.46714532375335693,-0.16644680500030518,-0.22151167690753937,0.0
-0.6728770732879639,0.40557238459587097,-0.3295389711856842,0.06541396677494049,0.0
-0.6839597821235657,0.08213174343109131,-0.15563803911209106,-0.23925401270389557,1.0
-0.39013776183128357,0.5957615375518799,-0.16554655134677887,-0.19425390660762787,0.0
-0.7524207830429077,0.12116101384162903,-0.2199501395225525,-0.15122991800308228,0.0
-0.7805908918380737,0.04853370785713196,-0.16165803372859955,-0.006108783185482025,0.0
-0.24231114983558655,0.18808002769947052,-0.45747214555740356,0.02479005604982376,0.0
-0.6002895832061768,0.29129892587661743,-0.2228241115808487,0.032679758965969086,0.0
-0.5327463150024414,0.41595959663391113,-0.1618604063987732,-0.23060670495033264,1.0
-0.610332727432251,0.24496665596961975,-0.14020675420761108,-0.07007281482219696,0.0
-0.5014398097991943,0.3181380331516266,-0.11636331677436829,-0.2255011647939682,0.0
-0.3495257794857025,0.5072269439697266,-0.17608125507831573,-0.22241739928722382,0.0
-0.6032025218009949,0.40305331349372864,-0.2399471551179886,0.11311286687850952,0.0
-0.5014902353286743,0.40201178193092346,-0.11633504927158356,-0.10105972737073898,1.0
-0.25600314140319824,-0.23269736766815186,-0.515954852104187,0.24004018306732178,0.0
-0.12327316403388977,0.7446837425231934,-0.35083961486816406,-0.1693623960018158,1.0
-0.2528473436832428,0.5603079795837402,-0.1754394918680191,0.017728537321090698,1.0
-0.29125675559043884,0.36877453327178955,-0.29721182584762573,0.18311306834220886,1.0
-0.8056532144546509,0.1862965226173401,-0.20364943146705627,-0.07558679580688477,1.0
-0.49576205015182495,0.3099370002746582,-0.2190406173467636,-0.2065030336380005,0.0
-0.8641785383224487,0.003249645233154297,-0.28454190492630005,-0.09813929349184036,1.0
-0.7568644285202026,0.21976256370544434,-0.24138398468494415,-0.11363279074430466,0.0
-0.1930149793624878,0.38714513182640076,-0.17367826402187347,-0.41784927248954773,0.0
-0.20457331836223602,0.6466374397277832,-0.21726779639720917,0.04082741588354111,1.0
-0.65280681848526,0.10731232166290283,-0.05887871980667114,-0.27624768018722534,1.0
-0.1115095466375351,0.8475582599639893,-0.2566612958908081,-0.19815154373645782,1.0
-0.3404826819896698,0.8444885015487671,-0.009103178977966309,-0.605562150478363,0.0
0.49368202686309814,-0.2848745584487915,-0.5909081697463989,-0.5772639513015747,0.0
-0.1435278356075287,0.4410443603992462,-0.4449514150619507,-0.008530519902706146,0.0
-0.03513267636299133,0.1764831244945526,-0.18415166437625885,0.24753934144973755,0.0
-0.7944613695144653,0.16285502910614014,-0.2785119414329529,0.17404860258102417,1.0
-0.7484592795372009,0.2957761883735657,-0.33422261476516724,0.05016027390956879,1.0
-0.44986534118652344,0.4494224190711975,-0.2560662627220154,0.07129538059234619,1.0
-0.21130192279815674,0.659979522228241,-0.2110317200422287,-0.27489984035491943,0.0
-0.6277889609336853,0.17244714498519897,-0.1578555405139923,-0.06767159700393677,0.0
-0.6514372229576111,0.09784841537475586,-0.10785675048828125,-0.20859195291996002,0.0
-0.6062366962432861,0.4457018971443176,-0.2095397710800171,0.09970292448997498,0.0
-0.6401147246360779,0.38106513023376465,-0.18841655552387238,-0.05272780358791351,1.0
-0.37908506393432617,0.3068509101867676,-0.33728671073913574,0.010587193071842194,1.0
-0.3854238986968994,0.5701152086257935,-0.21688106656074524,0.02300223708152771,1.0
-0.22540903091430664,0.24111458659172058,-0.05833230912685394,-0.027110181748867035,0.0
-0.5788066387176514,0.1212380975484848,-0.15849515795707703,-0.3286358118057251,0.0
-0.49140027165412903,0.3317702114582062,-0.19109956920146942,-0.3116481304168701,0.0
-0.5756461024284363,0.07089819014072418,-0.17754411697387695,-0.1720535010099411,0.0
-0.6693123579025269,0.36654263734817505,-0.3632749021053314,0.11384262144565582,0.0
-0.4834415912628174,0.5062605738639832,-0.1827787458896637,-0.00891730934381485,1.0
-0.7295073866844177,0.12923172116279602,-0.17675496637821198,-0.007338948547840118,1.0
-0.6323751211166382,0.34817221760749817,-0.13153144717216492,-0.04486194625496864,0.0
-0.18795213103294373,0.6683215498924255,-0.2000236064195633,-0.009625650942325592,1.0
-0.3200172781944275,0.28641730546951294,-0.3062528669834137,-0.12355582416057587,0.0
-0.5328270792961121,0.4911773204803467,-0.3265869617462158,0.027715586125850677,0.0
-0.7095975875854492,0.18521897494792938,-0.17673319578170776,-0.2207704484462738,1.0
-0.028331458568572998,0.17018648982048035,-0.21167461574077606,0.2529589533805847,0.0
-0.8440424799919128,0.026100248098373413,-0.239021435379982,-0.10066768527030945,0.0
0.21929025650024414,0.7591546177864075,-0.177585631608963,0.11926843225955963,1.0
-0.5524107813835144,0.25120648741722107,-0.1491551548242569,-0.24894769489765167,0.0
-0.7223924398422241,0.20175084471702576,-0.08458970487117767,-0.14781610667705536,0.0
-0.6609227657318115,0.25816237926483154,-0.29050299525260925,0.1519315540790558,0.0
-0.46417343616485596,0.3184664249420166,-0.19907788932323456,-0.05100002884864807,0.0
-0.38610318303108215,0.2605140209197998,-0.2904352843761444,-0.20977424085140228,0.0
0.18702846765518188,0.36926037073135376,-0.5297331809997559,0.04537642002105713,1.0
-0.5060327053070068,0.38901248574256897,-0.2818998694419861,-0.12303341180086136,1.0
0.8221439123153687,-1.0,0.2531818151473999,0.40023937821388245,0.0
-0.4235558807849884,0.32980573177337646,-0.36376720666885376,-0.05484524369239807,1.0
-0.6148378849029541,0.3283585011959076,-0.3029661178588867,0.03398711979389191,1.0
-0.549859344959259,0.10501895844936371,-0.0342058390378952,-0.3205696642398834,0.0
-0.2232915312051773,0.5367676019668579,-0.3677179217338562,0.14274601638317108,0.0
0.03603565692901611,-0.005458235740661621,-0.5129703283309937,-0.06938029825687408,0.0
-0.6468759179115295,0.3314017951488495,-0.37596753239631653,0.08672398328781128,0.0
-0.41754332184791565,0.3768536150455475,-0.14574337005615234,-0.11871661245822906,1.0
-0.16327396035194397,0.5995630621910095,-0.36682409048080444,-0.1602744460105896,1.0
-0.5567119121551514,0.28991395235061646,-0.16683077812194824,-0.22786784172058105,1.0
-0.8361384868621826,-0.005221128463745117,-0.25628212094306946,0.13565191626548767,1.0
-0.44259583950042725,0.42863526940345764,-0.0620446652173996,-0.4182322323322296,0.0
-0.4802147150039673,0.34096819162368774,-0.205780029296875,-0.17767998576164246,0.0
-0.8749185800552368,0.020286917686462402,-0.21320462226867676,0.08119691908359528,1.0
-0.16972309350967407,0.6282467842102051,-0.11389151215553284,0.013631314039230347,1.0
-0.5743761658668518,0.04283127188682556,-0.22780171036720276,-0.185919851064682,1.0
-0.11510996520519257,0.4587765336036682,-0.3679579496383667,-0.14860676229000092,0.0
-0.46503210067749023,0.4713071882724762,-0.3432732820510864,-0.00025316327810287476,1.0
-0.6957489252090454,0.2028907835483551,-0.06661507487297058,-0.22798499464988708,0.0
-0.7782719731330872,0.12414215505123138,-0.2283734381198883,-0.15326270461082458,0.0
-0.6221522092819214,0.33874770998954773,-0.29806554317474365,-0.013811357319355011,1.0
-0.2567981779575348,0.5159049034118652,-0.18946924805641174,0.07211890816688538,0.0
-0.6896798014640808,0.1977647840976715,-0.20813903212547302,-0.013798564672470093,1.0
-0.21859997510910034,-0.1647842824459076,-0.3141878843307495,-0.19057273864746094,0.0
-0.0855354368686676,-0.23695343732833862,-0.37582990527153015,0.354061096906662,0.0
0.5442782044410706,-0.6033897399902344,-0.8086434006690979,-0.5053984522819519,0.0
-0.7676466703414917,0.017621994018554688,-0.1425180733203888,-0.07372619211673737,1.0
0.17576396465301514,0.54416823387146,-0.21619738638401031,0.1622030884027481,1.0
0.07504308223724365,0.05177795886993408,-0.2597067058086395,0.05416373908519745,0.0
-0.3141809403896332,0.1816062480211258,-0.19296665489673615,-0.32030758261680603,0.0
-0.5762603282928467,0.3418819010257721,-0.1557803601026535,-0.0013055503368377686,1.0
-0.1596510112285614,0.7578545808792114,-0.24824976921081543,-0.113491952419281,1.0
0.5123488903045654,-0.1868380308151245,0.18522167205810547,0.07048709690570831,0.0
-0.3541906774044037,0.39582666754722595,-0.2849622368812561,0.045375555753707886,1.0
-0.41708484292030334,0.5643726587295532,-0.28236842155456543,-0.07639084756374359,1.0
0.08064135909080505,0.1692071408033371,0.25056424736976624,0.27940472960472107,0.0
-0.5813155174255371,0.08297701179981232,-0.06929481029510498,-0.17721208930015564,0.0
-0.6523929834365845,0.1820891797542572,-0.1507018804550171,0.010859139263629913,1.0
0.06768003106117249,-0.019255995750427246,-0.15717461705207825,0.0637277215719223,0.0
-0.5486763715744019,0.4172641932964325,-0.2550012469291687,-0.12963511049747467,1.0
-0.3459377586841583,0.34542301297187805,-0.24617314338684082,0.05224093794822693,1.0
0.1385638415813446,0.126730814576149,0.12288445234298706,0.2323458194732666,0.0
-0.653721809387207,0.3718718886375427,-0.292043536901474,0.14543774724006653,1.0
-0.8848966956138611,0.00046703219413757324,-0.25550413131713867,-0.15854308009147644,1.0
-0.5449499487876892,0.10238103568553925,-0.015016600489616394,-0.16983336210250854,0.0
-0.11224117875099182,-0.21467196941375732,-0.2333034873008728,-0.49348270893096924,0.0
0.22673970460891724,-0.5816479325294495,-0.0690041035413742,-0.05411900579929352,0.0
-0.5859391689300537,0.3839603364467621,-0.24212874472141266,0.04730379581451416,1.0
0.05413016676902771,0.18637016415596008,-0.34035858511924744,-0.259019672870636,0.0
-0.8257279396057129,0.05410990118980408,-0.11274455487728119,-0.33544740080833435,1.0
-0.2941048741340637,0.5497922897338867,0.09292158484458923,-0.3191736042499542,0.0
-0.2338966429233551,0.6943978071212769,-0.20098170638084412,0.03295149654150009,1.0
-0.5253716707229614,0.16870298981666565,-0.28640425205230713,-0.15364721417427063,0.0
0.24581897258758545,0.6334928870201111,-0.08478438854217529,-0.5698719620704651,0.0
-0.41202399134635925,0.41351190209388733,-0.3441906273365021,0.11538448929786682,0.0
-0.20686060190200806,-0.004099100828170776,-0.14395679533481598,-0.4694914221763611,0.0
-0.40489986538887024,0.43270522356033325,-0.12960998713970184,-0.16247984766960144,0.0
-0.2306114137172699,0.5468908548355103,-0.3297288417816162,-0.11441285908222198,1.0
-0.13917367160320282,0.6791887283325195,-0.3096565008163452,-0.31573253870010376,0.0
0.09566748142242432,-0.3068851828575134,-0.13239365816116333,0.7101168632507324,0.0
-0.6324834823608398,0.2206316590309143,-0.24188490211963654,-0.1465683877468109,1.0
-0.3010709285736084,0.39029979705810547,0.06374046206474304,-0.24362562596797943,1.0
-0.2888161242008209,0.6203711032867432,-0.04562246799468994,-0.0063908398151397705,1.0
0.058085501194000244,0.1098921000957489,-0.02649146318435669,0.5334970355033875,0.0
-0.7139919996261597,0.27397608757019043,-0.1772540956735611,-0.00650971382856369,1.0
-0.4837604761123657,0.41202041506767273,-0.3779957890510559,0.03874003887176514,0.0
0.05059519410133362,0.8848269581794739,-0.11421237140893936,0.03770698606967926,1.0
0.03785523772239685,0.2638569176197052,-0.6212903261184692,0.04222702980041504,0.0
-0.24098536372184753,0.4233130216598511,-0.06449019908905029,-0.2046540528535843,0.0
-0.04526472091674805,0.6430270671844482,-0.279142826795578,0.2538512647151947,1.0
-0.5761558413505554,0.3780350983142853,-0.1585151106119156,-0.05106440186500549,0.0
-0.6790280342102051,0.15020409226417542,-0.21377141773700714,-0.17307159304618835,0.0
-0.5180812478065491,0.22512111067771912,-0.08177363872528076,-0.16994529962539673,0.0
-0.5391647219657898,0.38607141375541687,-0.20555250346660614,-0.17636829614639282,0.0
-0.0793876051902771,0.1863461434841156,0.17047718167304993,-0.1406216323375702,0.0
-0.01438632607460022,0.8622277975082397,0.06574219465255737,-0.052751023322343826,1.0
-0.4199953079223633,0.32335910201072693,-0.10566990822553635,-0.31591683626174927,1.0
-0.48662349581718445,0.44214949011802673,-0.18828842043876648,0.047434404492378235,1.0
-0.035107582807540894,0.7238587737083435,-0.06521515548229218,-0.08958229422569275,1.0
-0.4237675070762634,0.4291895627975464,-0.17293713986873627,-0.07577450573444366,1.0
-0.2727150321006775,0.03325986862182617,-0.2768498659133911,-0.29175305366516113,0.0
-0.5353726744651794,0.35408374667167664,-0.18235966563224792,-0.031583093106746674,0.0
-0.16845422983169556,0.5180843472480774,-0.4866301417350769,-0.028133854269981384,1.0
-0.5059587955474854,0.2891475260257721,-0.04521751403808594,-0.2633161246776581,0.0
-0.5800288915634155,0.2806907892227173,-0.2222306877374649,0.013598352670669556,1.0
0.14428240060806274,0.24619625508785248,-0.4109969139099121,-0.635344386100769,0.0
-0.2733305096626282,0.4967065453529358,-0.45026665925979614,0.01283341646194458,1.0
-0.4884013533592224,0.4192068576812744,-0.04546232521533966,-0.1338183730840683,0.0
-0.016485363245010376,0.5778768062591553,-0.4785897135734558,-0.019631795585155487,1.0
-0.5053276419639587,0.36035001277923584,-0.2068219780921936,-0.1294378787279129,0.0
0.31220829486846924,0.043604105710983276,-0.5376209020614624,-0.35758545994758606,0.0
0.1378643810749054,-0.0154666006565094,-0.04427489638328552,0.449545681476593,0.0
-0.4866952896118164,0.20342695713043213,-0.12634727358818054,-0.13258689641952515,1.0
0.1583768129348755,0.22037667036056519,0.2524280250072479,0.3539620339870453,0.0
-0.10869526863098145,0.28294336795806885,-0.0750514417886734,-0.2558811902999878,0.0
-0.9172391295433044,-0.07885432243347168,-0.1672501564025879,-0.143533393740654,0.0
-0.037455856800079346,0.6263494491577148,-0.3126785159111023,-0.44176268577575684,0.0
-0.34885698556900024,0.5167517066001892,-0.11112472414970398,-0.19888338446617126,0.0
-0.5085192918777466,0.1750563681125641,-0.18484355509281158,-0.2228357493877411,0.0
-0.2877437472343445,0.08835756778717041,-0.11573705077171326,-0.1606242060661316,0.0
-0.40354329347610474,0.001403898000717163,-0.16907544434070587,0.01082756370306015,0.0
-0.39901143312454224,0.5363489985466003,-0.15254265069961548,-0.024924173951148987,1.0
-0.20704275369644165,0.6452736854553223,-0.14315518736839294,-0.033452123403549194,1.0
-0.7540452480316162,0.11478468775749207,-0.17337343096733093,-0.2246416062116623,0.0
-0.03672996163368225,0.5749742984771729,-0.16097846627235413,0.039646394550800323,0.0
-0.5393990278244019,0.14341099560260773,-0.26254603266716003,-0.15031632781028748,0.0
-0.507604718208313,0.20819881558418274,0.06713485717773438,-0.37084558606147766,1.0
-0.910128116607666,0.022603541612625122,-0.15867675840854645,-0.08997705578804016,0.0
-0.27156689763069153,0.3629932701587677,-0.0881195217370987,-0.5433527231216431,1.0
