-0.5841999053955078,0.44656646251678467,-0.2999765872955322,-0.19749097526073456,-0.0889536663889885,-0.219490647315979,0.0
-0.18608154356479645,0.8034058809280396,-0.3465158939361572,-0.18611189723014832,0.004360668361186981,-0.08905638009309769,1.0
-0.05551233887672424,0.13663771748542786,0.5206843614578247,-0.08652645349502563,-0.45237040519714355,0.7011666893959045,0.0
-0.43594464659690857,0.42748311161994934,-0.1393887996673584,-0.07237628847360611,0.08892648667097092,-0.12994113564491272,1.0
-0.11071920394897461,0.5243040919303894,-0.4809744954109192,-0.06467699259519577,0.31195488572120667,-0.17172838747501373,0.0
-0.3156045973300934,0.5833005905151367,0.06344065070152283,-0.6650347113609314,0.30563706159591675,-0.22005979716777802,0.0
-0.33607935905456543,0.32950901985168457,-0.09019500017166138,-0.29884564876556396,0.07482339441776276,-0.10319848358631134,0.0
-0.6279534101486206,0.19900700449943542,-0.40110117197036743,-0.1388949751853943,0.2365889549255371,0.020537257194519043,0.0
-0.22230131924152374,0.7443763017654419,-0.2990526258945465,0.020552799105644226,0.02253495529294014,-0.14402733743190765,1.0
-0.668723464012146,0.44055330753326416,-0.23899617791175842,-0.16745203733444214,-0.12361057847738266,-0.12570227682590485,1.0
-0.1797088384628296,0.8782735466957092,-0.3042072355747223,-0.24919511377811432,-0.010317422449588776,-0.01754055917263031,1.0
0.18722385168075562,-0.4077393412590027,-0.5316572189331055,-0.5597708225250244,-0.6190873384475708,0.3779129981994629,0.0
-0.34236159920692444,0.1227826476097107,-0.08491034805774689,-0.3687381148338318,0.13709700107574463,-0.30894148349761963,0.0
-0.4702798128128052,0.39621859788894653,-0.3253110647201538,-0.026052430272102356,-0.30668312311172485,-0.1434188187122345,1.0
-0.7518905997276306,0.2135990709066391,-0.07412482798099518,-0.3950982689857483,-0.19074206054210663,-0.2089771330356598,1.0
-0.1445050984621048,0.684022068977356,-0.2027675211429596,-0.48093539476394653,-0.4122803211212158,-0.31186437606811523,1.0
-0.745701789855957,0.27145951986312866,-0.3675309717655182,-0.09627930819988251,0.16873133182525635,-0.03666467219591141,0.0
-0.42030030488967896,0.37704893946647644,-0.34602922201156616,-0.21202531456947327,-0.12686625123023987,-0.14918386936187744,1.0
-0.3256281614303589,0.623674750328064,-0.20567412674427032,-0.11211218684911728,-0.034177251160144806,-0.20133769512176514,0.0
-0.8686359524726868,0.29450708627700806,-0.4280562996864319,-0.016259655356407166,-0.04669732600450516,-0.14537306129932404,1.0
-0.6950936317443848,0.4857788383960724,-0.30215999484062195,-0.1840818077325821,-0.19565732777118683,-0.22084155678749084,0.0
0.17658400535583496,0.05665487051010132,-0.5700667500495911,-0.4624859392642975,-0.28467056155204773,-0.07686351239681244,0.0
0.22652971744537354,-0.05326277017593384,-0.2174738645553589,0.32912230491638184,-0.09255445003509521,0.17517566680908203,0.0
-0.4694073498249054,0.4563106894493103,-0.34778469800949097,-0.14090779423713684,-0.07045367360115051,-0.01710924506187439,0.0
0.3479963541030884,-0.5144369006156921,-0.6836183071136475,-0.8094077110290527,-0.044534750282764435,-0.20299343764781952,0.0
-0.3628353476524353,0.47483789920806885,-0.14828214049339294,-0.27167680859565735,0.2609296143054962,-0.15476804971694946,0.0
-0.11255782842636108,0.7184634208679199,-0.18652214109897614,-0.41882792115211487,-0.3706064820289612,-0.26569145917892456,1.0
-0.32739847898483276,0.42056384682655334,0.062457263469696045,-0.0921613872051239,-0.5095110535621643,0.10330155491828918,0.0
-0.2684600353240967,0.23967429995536804,-0.29257261753082275,-0.016093119978904724,-0.2948386073112488,-0.24564534425735474,0.0
-0.11829657852649689,0.8487014174461365,-0.24991323053836823,0.01750388741493225,0.056908443570137024,-0.096514493227005,1.0
-0.6084978580474854,0.31835758686065674,-0.35689544677734375,-0.11886748671531677,0.0430946908891201,-0.02644294500350952,1.0
0.07000163197517395,-0.4012752175331116,-0.5679246187210083,-0.237393319606781,-0.33911097049713135,-0.16268861293792725,0.0
-0.13931648433208466,0.7427409887313843,-0.36535558104515076,-0.21725505590438843,-0.07383136451244354,-0.23810014128684998,1.0
-0.384006142616272,0.7998237609863281,-0.22081518173217773,-0.08062752336263657,0.04769446700811386,-0.1221233382821083,1.0
-0.35495123267173767,0.5434675216674805,-0.1807159185409546,-0.1220388412475586,0.04101543873548508,-0.1392754465341568,0.0
-0.5585042238235474,0.32070308923721313,-0.3552680015563965,0.12468048930168152,-0.041803404688835144,-0.10873349756002426,1.0
-0.3212302625179291,0.5854125618934631,-0.271586149930954,-0.023919053375720978,-0.1285768747329712,-0.1666954606771469,1.0
-0.3494332730770111,0.4249785840511322,-0.3769893944263458,-0.2133295238018036,-0.31028807163238525,-0.13137578964233398,1.0
-0.6819585561752319,0.3442562520503998,-0.2537773847579956,-0.22450128197669983,0.18289265036582947,-0.0691363513469696,0.0
-0.4489106237888336,0.4464750587940216,-0.6121314167976379,0.015898823738098145,0.1023930236697197,-0.2524162530899048,1.0
-0.3671914339065552,0.5981392860412598,-0.3282424211502075,-0.03516397625207901,-0.10911240428686142,-0.2438976913690567,1.0
0.02255392074584961,0.013483196496963501,0.03504088521003723,0.018331095576286316,0.17571678757667542,0.010714441537857056,0.0
-0.44802820682525635,0.36004799604415894,-0.21759115159511566,-0.3243977725505829,-0.27964019775390625,-0.31677305698394775,1.0
-0.8144717216491699,0.398772269487381,-0.28595638275146484,0.037165895104408264,-0.1905612200498581,-0.20594696700572968,1.0
-0.9439169764518738,0.183929905295372,-0.23461849987506866,-0.022602669894695282,-0.02496374398469925,-0.1557382047176361,1.0
0.04076659679412842,0.6632680892944336,-0.4086347222328186,0.0026941299438476562,0.11439868807792664,-0.1605459302663803,1.0
-0.17548826336860657,0.288871169090271,-0.5966464281082153,-0.15838272869586945,0.12469364702701569,0.032048195600509644,0.0
-0.6347736716270447,0.3926568329334259,-0.29123711585998535,-0.0441913902759552,0.1395370215177536,-0.0025634169578552246,0.0
-0.6019708514213562,0.2630828022956848,-0.18312177062034607,-0.3355487287044525,0.0015267152339220047,-0.36017516255378723,1.0
-0.37351229786872864,0.291579931974411,0.15367412567138672,-0.3780069053173065,-0.024084147065877914,-0.3499358296394348,1.0
0.20623618364334106,-0.13074201345443726,-0.6003411412239075,-0.5021775960922241,0.05228274315595627,0.3695261478424072,0.0
-0.40813910961151123,0.09699293971061707,-0.15990056097507477,-0.4033730924129486,0.029501359909772873,-0.0223531574010849,0.0
-0.6857024431228638,0.367570698261261,-0.301057904958725,0.013313859701156616,-0.016577772796154022,-0.15932625532150269,0.0
-0.3856673836708069,0.19920609891414642,-0.2245260775089264,-0.20497892796993256,-0.16461281478405,-0.40207192301750183,0.0
-0.6349105834960938,0.16838502883911133,-0.14353874325752258,-0.19541966915130615,0.17459195852279663,-0.09006942063570023,1.0
-0.6704980134963989,0.4347253143787384,-0.1749497801065445,-0.13340185582637787,0.07072235643863678,-0.04930143058300018,0.0
-0.7338991165161133,0.376206636428833,-0.3027706742286682,-0.11522671580314636,0.07865250110626221,-0.05911123752593994,0.0
-0.3662460744380951,0.5617010593414307,-0.3529386818408966,-0.035276658833026886,-0.1204775795340538,-0.18645095825195312,1.0
-0.41675788164138794,0.6747668981552124,-0.23740001022815704,-0.21260413527488708,-0.1611701101064682,-0.03913005441427231,0.0
-0.6116928458213806,0.33219799399375916,-0.2561679482460022,-0.2303828001022339,0.26744624972343445,0.010806083679199219,0.0
0.046962082386016846,0.6358259320259094,-0.28847891092300415,0.126991868019104,0.17473091185092926,-0.20163728296756744,0.0
0.041405677795410156,0.6988224983215332,-0.4899645447731018,-0.17536033689975739,0.11446632444858551,-0.3813270330429077,1.0
0.22270840406417847,0.6364973187446594,0.15963909029960632,-0.021107524633407593,-0.026065772399306297,-0.4089266359806061,0.0
-0.349561870098114,0.49947062134742737,-0.2857564389705658,-0.041651368141174316,-0.20291657745838165,-0.4067748486995697,1.0
-0.5410985946655273,0.0799001157283783,-0.05979514122009277,-0.4938861131668091,-0.10685385763645172,-0.38724303245544434,1.0
-0.6512229442596436,0.4356343448162079,-0.4167189598083496,-0.0996399000287056,-0.0748995989561081,-0.11324722319841385,0.0
-0.16143642365932465,0.8262354135513306,-0.20289850234985352,-0.10570934414863586,-0.14270970225334167,-0.09352303296327591,1.0
-0.6249480247497559,0.44023361802101135,-0.14735591411590576,-0.10917198657989502,-0.0884765014052391,-0.1542784571647644,1.0
-0.6505817174911499,0.4835848808288574,-0.2676515281200409,-0.00963522493839264,-0.02330327406525612,-0.10781201720237732,0.0
-0.1038651168346405,0.6786808371543884,-0.46538713574409485,-0.04216206818819046,0.14031442999839783,-0.020885154604911804,1.0
-0.3418128490447998,0.5657007694244385,-0.3650139272212982,-0.1810237169265747,-0.08526759594678879,-0.16537143290042877,1.0
-0.7374508380889893,0.46739473938941956,-0.33116787672042847,-0.10891205072402954,-0.15010885894298553,-0.14518184959888458,1.0
-0.7184895873069763,0.040500521659851074,-0.278766393661499,-0.25162339210510254,0.21656538546085358,-0.07515088468790054,0.0
-0.0774092972278595,0.3296477794647217,-0.42200738191604614,0.09340208768844604,-0.06119553744792938,-0.14101439714431763,0.0
-0.4662938416004181,0.555278480052948,-0.25253403186798096,-0.044158935546875,-0.1463000774383545,-0.22638322412967682,1.0
-0.3833313584327698,0.6563376188278198,-0.3322535753250122,0.008871898055076599,0.09607899934053421,-0.03597412258386612,0.0
-0.5014325380325317,0.36564958095550537,-0.3511614203453064,0.022743985056877136,-0.19869357347488403,-0.14565089344978333,1.0
-0.7476847171783447,0.18199186027050018,-0.2309970259666443,-0.12131771445274353,0.19656342267990112,-0.05384409427642822,0.0
-0.4316091239452362,0.6309661865234375,-0.3986503481864929,-0.09310709685087204,-0.12000380456447601,-0.12815812230110168,1.0
-0.9064043164253235,0.14419487118721008,-0.08745191991329193,-0.20001432299613953,0.07673028856515884,-0.19338124990463257,0.0
-0.465895414352417,0.22433996200561523,0.0473574697971344,-0.39515912532806396,0.03429238498210907,-0.2025901973247528,1.0
-0.6175832748413086,0.11842802166938782,-0.16400904953479767,-0.09177695214748383,0.2686322033405304,-0.030827686190605164,1.0
-0.5598680973052979,0.42539146542549133,-0.48480600118637085,-0.02858404815196991,-0.09776098281145096,-0.028730429708957672,1.0
-0.5520688891410828,0.3545887768268585,-0.1858314871788025,-0.17210814356803894,0.08066266775131226,-0.13550622761249542,0.0
-0.13469752669334412,0.5518654584884644,-0.3938644528388977,0.04349502921104431,-0.007500198669731617,-0.41207101941108704,1.0
-0.8200616836547852,0.2447471171617508,-0.2101244181394577,-0.223966583609581,0.048972077667713165,-0.0513615682721138,0.0
-0.8415735960006714,0.07262662053108215,-0.16019046306610107,-0.17097711563110352,0.19918572902679443,-0.10928979516029358,1.0
-0.023267388343811035,0.9016759991645813,-0.06002575159072876,0.04130440950393677,-0.05000406503677368,-0.056130699813365936,1.0
-0.5811535716056824,0.2759403586387634,-0.22026249766349792,-0.09459616243839264,0.029924679547548294,-0.0982711911201477,0.0
-0.8594180941581726,0.05257198214530945,-0.2332671582698822,-0.10357239842414856,0.33206555247306824,-0.006493180990219116,1.0
-0.28094029426574707,0.33786720037460327,-0.476703405380249,0.03458906710147858,-0.15273210406303406,-0.026584133505821228,1.0
-0.6535143852233887,0.14918354153633118,-0.2332981824874878,-0.30015724897384644,0.34374189376831055,0.02193722128868103,0.0
-0.4281542897224426,0.5516803860664368,-0.26009732484817505,-0.30691301822662354,-0.18453852832317352,-0.1695260852575302,0.0
-0.6348932981491089,0.27056461572647095,-0.13183507323265076,-0.15580470860004425,-0.10036985576152802,-0.17003166675567627,0.0
-0.6728842258453369,0.3450537621974945,-0.430563747882843,-0.07701147347688675,0.023675620555877686,-0.15989018976688385,1.0
-0.49818137288093567,0.365140438079834,-0.19142627716064453,-0.15822012722492218,-0.18940287828445435,-0.24295225739479065,0.0
-0.6827565431594849,0.47238868474960327,-0.2583160400390625,0.007247477769851685,-0.243899405002594,-0.20778393745422363,0.0
-0.020871460437774658,0.768653929233551,-0.17034855484962463,-0.01541951298713684,-0.10608261078596115,-0.21578429639339447,1.0
-0.8441191911697388,0.09432995319366455,-0.23857663571834564,-0.04101206362247467,0.2890501618385315,-0.090787373483181,1.0
-0.6779857277870178,0.028167694807052612,-0.0026447176933288574,-0.23187850415706635,0.08443953096866608,-0.21171212196350098,0.0
-0.20444560050964355,0.5043953657150269,-0.3131384551525116,-0.027909763157367706,-0.07289712131023407,-0.09945732355117798,1.0
-0.7381346225738525,0.2538670599460602,-0.20610752701759338,-0.2309679090976715,0.1652621328830719,-0.06981632113456726,1.0
-0.6963950991630554,0.29295334219932556,-0.32532715797424316,-0.15615519881248474,-0.3348892629146576,-0.34267714619636536,1.0
-0.41036903858184814,0.3648349642753601,-0.05538177490234375,-0.5996086597442627,-0.3568551540374756,-0.06782542169094086,0.0
-0.39865919947624207,0.5238199234008789,-0.3228604197502136,-0.17849518358707428,-0.20855823159217834,-0.310879647731781,1.0
0.011437833309173584,0.2584584355354309,-0.30563783645629883,0.0629059225320816,0.7244639992713928,-0.521365225315094,0.0
-0.5048220753669739,0.44281086325645447,-0.21421265602111816,-0.331095814704895,-0.35516250133514404,-0.368644654750824,1.0
-0.2643183469772339,0.6571197509765625,-0.21652638912200928,-0.31809771060943604,-0.2465420365333557,-0.22990867495536804,1.0
-0.24612361192703247,0.5770443677902222,-0.18732258677482605,-0.11228612065315247,-0.1471509486436844,-0.22317875921726227,1.0
0.10379907488822937,0.28201159834861755,-0.7123419046401978,-0.09349565207958221,-0.07527634501457214,0.20229339599609375,0.0
-0.2541535496711731,0.3810579180717468,-0.002872973680496216,-0.10964716970920563,0.31794992089271545,-0.0990099310874939,0.0
-0.3759923577308655,0.6436071991920471,-0.34625867009162903,-0.19752055406570435,-0.09768982976675034,-0.0441567525267601,1.0
-0.7133340239524841,0.07527083158493042,-0.1618739813566208,-0.12799815833568573,0.32184430956840515,0.007509440183639526,1.0
-0.6310831904411316,0.558134913444519,-0.34821081161499023,-0.08796292543411255,-0.14250469207763672,-0.10095372796058655,1.0
-0.35145407915115356,0.644659161567688,-0.20081132650375366,-0.03254269063472748,-0.22508510947227478,-0.22739923000335693,1.0
0.05921998620033264,0.30835238099098206,-0.32233017683029175,0.20892056822776794,0.5895485877990723,-0.36965879797935486,0.0
-0.6305030584335327,0.2534150779247284,-0.2829473912715912,-0.13396070897579193,0.031228434294462204,-0.10819937288761139,0.0
-0.5233528017997742,0.360914945602417,-0.2524709105491638,-0.09138841927051544,-0.11455368250608444,-0.12342533469200134,0.0
0.1814982295036316,0.38305723667144775,-0.4283071756362915,0.20553898811340332,0.4361453056335449,-0.6103464365005493,0.0
-0.5727479457855225,0.5351701378822327,-0.34260278940200806,-0.10377781093120575,-0.17118288576602936,-0.17972616851329803,1.0
-0.14241938292980194,0.2261568307876587,-0.29677924513816833,-0.35923781991004944,-0.027653802186250687,-0.12707580626010895,0.0
-0.027584969997406006,0.32031941413879395,-0.4414122700691223,0.14187690615653992,-0.072357177734375,0.1063818633556366,1.0
-0.109273761510849,0.6871919631958008,-0.4791387915611267,-0.057321660220623016,0.1261821687221527,-0.0012855231761932373,1.0
-0.346553772687912,0.7579628229141235,-0.17796817421913147,-0.10538648068904877,-0.12482524663209915,0.0016040503978729248,0.0
0.27470481395721436,0.5612773299217224,-0.4290453791618347,-0.3782171607017517,0.3733631372451782,-0.3156730532646179,0.0
-0.9263947010040283,0.06920990347862244,-0.11154580116271973,-0.1240914836525917,0.18544286489486694,-0.1271962970495224,1.0
-0.3034079670906067,0.15875378251075745,-0.3650955557823181,0.11774685978889465,0.0436718612909317,0.024668201804161072,0.0
-0.2622116506099701,0.3522554636001587,-0.2147044688463211,-0.38541460037231445,-0.058963846415281296,-0.22422856092453003,0.0
-0.001252591609954834,0.4109269976615906,-0.4677758812904358,-0.24944116175174713,0.17841260135173798,-0.5857939720153809,0.0
-0.05930545926094055,0.6334930658340454,-0.21809172630310059,-0.0018644928932189941,0.1959606111049652,-0.2586747109889984,0.0
-0.6670341491699219,0.40316590666770935,-0.2481812834739685,-0.32274675369262695,-0.0430145338177681,-0.15977579355239868,1.0
0.09823042154312134,0.6493726968765259,-0.5572757124900818,-0.20011204481124878,0.1425771713256836,-0.2942093014717102,1.0
-0.7121447324752808,0.17821694910526276,-0.2607026696205139,-0.21827736496925354,0.40685683488845825,-0.033152081072330475,1.0
-0.5118860006332397,0.2911432385444641,-0.5706826448440552,0.02079865336418152,0.08182889223098755,-0.0174684077501297,1.0
-0.42264750599861145,0.48524540662765503,-0.3283081650733948,-0.19205313920974731,-0.15897448360919952,0.06697148084640503,1.0
-0.36435192823410034,0.533689022064209,-0.4112153649330139,-0.11612039804458618,-0.17577755451202393,-0.0878719687461853,1.0
-0.20987550914287567,0.6205096244812012,-0.09939511120319366,-0.38315850496292114,0.22005237638950348,-0.07991276681423187,0.0
-0.6429557204246521,0.28811848163604736,-0.04402071237564087,-0.21477991342544556,-0.009565640240907669,-0.23600390553474426,1.0
-0.3169934153556824,0.4916488826274872,-0.4705895483493805,0.09279310703277588,0.18981976807117462,-0.326296865940094,1.0
-0.38807377219200134,0.5927171111106873,-0.1890971064567566,-0.14443251490592957,-0.188455730676651,-0.22702071070671082,1.0
-0.6827015280723572,0.3022509217262268,-0.20513179898262024,-0.1430203765630722,0.13902336359024048,-0.05230731517076492,1.0
-0.8739454746246338,0.23744730651378632,-0.33827584981918335,0.021021172404289246,-0.018291722983121872,-0.06322843581438065,1.0
-0.17470760643482208,0.16701741516590118,-0.2486160546541214,-0.3400241732597351,-0.38187897205352783,-0.061754338443279266,0.0
-0.3612629175186157,0.7707962989807129,-0.25503847002983093,-0.16553667187690735,-0.04556126147508621,-0.10461879521608353,0.0
-0.4982278347015381,0.37309831380844116,-0.15329492092132568,-0.1070658266544342,-0.0555717833340168,-0.24803432822227478,0.0
0.03431558609008789,0.8383522033691406,-0.22821038961410522,-0.29419130086898804,-0.045506153255701065,-0.27223771810531616,1.0
-0.16223393380641937,0.8500657081604004,-0.2665558159351349,0.048173099756240845,0.10030326247215271,-0.10715699195861816,1.0
-0.06036671996116638,0.9560763835906982,-0.1535218358039856,-0.3160884380340576,-0.1379050612449646,0.03380298614501953,1.0
-0.24747347831726074,0.6277079582214355,-0.48835325241088867,-0.07686746120452881,0.11634591221809387,-0.23797902464866638,1.0
-0.032799482345581055,0.8614989519119263,-0.21238702535629272,-0.3807733356952667,-0.15648125112056732,-0.10753025114536285,1.0
-0.39057669043540955,0.6400105953216553,-0.15561673045158386,-0.09036214649677277,-0.22391360998153687,-0.2511734962463379,1.0
-0.39569708704948425,0.29273277521133423,-0.07630041241645813,-0.2580287754535675,-0.4475925862789154,-0.4173005223274231,0.0
-0.2813591957092285,0.5857036113739014,-0.2849673628807068,-0.3056540787220001,-0.05442071706056595,-0.16244156658649445,1.0
-0.083385169506073,0.7694311141967773,-0.18084613978862762,-0.026871293783187866,-0.11693999171257019,-0.2059713751077652,1.0
0.008939743041992188,0.5108003616333008,-0.4341937303543091,-0.3289152979850769,0.1954762488603592,-0.46159419417381287,0.0
-0.4921404719352722,0.26119184494018555,-0.2459867298603058,-0.3034833073616028,-0.11184491962194443,-0.2014843225479126,0.0
-0.7358086109161377,0.3724440932273865,-0.3561919629573822,0.04118958115577698,0.05240623652935028,-0.038370274007320404,1.0
-0.2696065306663513,0.6994613409042358,-0.27958059310913086,-0.07175537943840027,-0.1292000412940979,-0.1335136741399765,1.0
0.11758813261985779,0.1942564845085144,-0.31317099928855896,0.1430836021900177,-0.21104197204113007,-0.054404690861701965,0.0
-0.2766851782798767,0.8246669769287109,-0.20064043998718262,-0.1912834644317627,0.0476016029715538,-0.14338776469230652,1.0
-0.5279645919799805,0.23991823196411133,-0.13075301051139832,-0.3983336091041565,-0.029513996094465256,-0.1480713188648224,1.0
-0.2499997615814209,-0.02148449420928955,-0.1588672697544098,-0.39288219809532166,-0.006340250372886658,-0.17387698590755463,0.0
-0.7571527361869812,0.21478819847106934,-0.2679033875465393,-0.044052205979824066,0.004363648593425751,-0.08286798745393753,0.0
-0.44215336441993713,0.6325687170028687,-0.282831609249115,-0.1739494949579239,-0.17342659831047058,-0.11152827739715576,1.0
-0.27800875902175903,0.6878454685211182,-0.19632196426391602,0.02576388418674469,-0.08616504073143005,-0.1865103393793106,1.0
0.3496575355529785,-0.6887456178665161,-0.05846935510635376,0.3161422312259674,-0.24331097304821014,-0.19203715026378632,0.0
-0.10219505429267883,0.8990392684936523,-0.1694127321243286,-0.010978639125823975,0.0471273735165596,-0.10445532947778702,1.0
-0.1697266846895218,0.7675293684005737,-0.13048389554023743,-0.03138907253742218,-0.10395137965679169,-0.31886523962020874,1.0
-0.3077346682548523,0.5176602005958557,-0.0638706386089325,-0.28289133310317993,0.00033389031887054443,-0.21080388128757477,0.0
-0.6541017293930054,0.2652057111263275,-0.12651380896568298,-0.1604280322790146,0.10920737683773041,-0.11582504212856293,0.0
-0.3711909055709839,0.5490698218345642,-0.2246996909379959,-0.1836370825767517,-0.3927125334739685,0.029818564653396606,1.0
-0.8617581725120544,0.29784852266311646,-0.41539376974105835,-0.10176119953393936,-0.18516889214515686,-0.21166415512561798,1.0
-0.7093731760978699,0.4201819598674774,-0.30041855573654175,-0.031475916504859924,-0.10772768408060074,-0.12242112308740616,1.0
-0.591370701789856,0.5042982697486877,-0.35080686211586,-0.17689916491508484,-0.2281549721956253,-0.16799433529376984,0.0
0.08111175894737244,0.25849059224128723,-0.35945457220077515,-0.11163598299026489,0.6908971071243286,-0.7179933786392212,0.0
-0.13514591753482819,0.34625571966171265,0.19504281878471375,-0.19668292999267578,-0.13065603375434875,-0.11803833395242691,1.0
-0.5236621499061584,0.2640969753265381,-0.2148529589176178,-0.15257121622562408,-0.2859697937965393,-0.2564243972301483,0.0
-0.6186412572860718,0.2117505818605423,-0.05051787197589874,-0.21061328053474426,-0.2891796827316284,-0.34939271211624146,1.0
0.41823524236679077,-0.18322008848190308,0.07082518935203552,0.3843814730644226,-0.10289769619703293,-0.05115711688995361,0.0
-0.14170917868614197,0.19176186621189117,0.060050010681152344,-0.294014036655426,-0.11416896432638168,-0.07420267164707184,1.0
-0.13596922159194946,-0.005937427282333374,-0.7053647041320801,-0.03166840225458145,0.09066649526357651,-0.003175884485244751,0.0
-0.5075126886367798,0.1351793110370636,-0.17276278138160706,-0.13263872265815735,0.3170911371707916,-0.06442354619503021,0.0
-0.2924743890762329,0.5263139009475708,-0.4634711742401123,-0.003969833254814148,-0.019590996205806732,-0.41872817277908325,1.0
-0.796565592288971,0.3277836740016937,-0.3137507438659668,0.007627159357070923,-0.24980199337005615,-0.21871815621852875,1.0
-0.5497450232505798,0.11491969227790833,-0.05126206576824188,-0.3029443025588989,0.04749397188425064,-0.2055869698524475,0.0
-0.6040284633636475,0.4861478805541992,-0.3970339000225067,-0.07625475525856018,0.06752587109804153,0.014353498816490173,0.0
-0.7662164568901062,0.15882301330566406,-0.23991090059280396,-0.22968050837516785,-0.1191740334033966,-0.21803227066993713,1.0
-0.03607425093650818,0.5165848731994629,-0.5712506175041199,-0.11977458745241165,0.15936331450939178,-0.17222300171852112,0.0
-0.655062735080719,0.41695436835289,-0.2526579797267914,-0.21414613723754883,-0.15516789257526398,-0.24101592600345612,1.0
-0.4597763121128082,0.3172702193260193,0.04074227809906006,-0.29587170481681824,0.19121000170707703,-0.23808051645755768,0.0
0.1940574049949646,-0.0617813766002655,-0.5572072267532349,-0.7427220344543457,0.2133571356534958,0.1627509891986847,0.0
-0.4820222854614258,0.1912795752286911,-0.16107256710529327,-0.2554463744163513,0.2672037184238434,-0.09773646295070648,0.0
-0.12543156743049622,0.8009011745452881,-0.127977192401886,-0.06593672186136246,-0.15278857946395874,-0.056734077632427216,1.0
-0.44631892442703247,0.5634287595748901,-0.1793246567249298,-0.027531281113624573,-0.22762994468212128,-0.22060394287109375,1.0
-0.8374630212783813,0.165431946516037,-0.3497670888900757,-0.16475720703601837,0.19176046550273895,-0.08629110455513,1.0
-0.3853856325149536,0.6312876343727112,-0.38789206743240356,-0.18364673852920532,-0.19019880890846252,-0.09514753520488739,1.0
-0.4748464822769165,0.38799721002578735,-0.36474308371543884,0.049437716603279114,-0.22004994750022888,-0.1895706206560135,1.0
-0.3956015706062317,0.5943858027458191,-0.1571858823299408,-0.1692313551902771,-0.3288978636264801,-0.32988953590393066,1.0
0.013024300336837769,0.5262765884399414,-0.5719100832939148,-0.10486088693141937,0.13483229279518127,-0.394260048866272,1.0
-0.2803354859352112,0.8320693969726562,-0.24815493822097778,-0.27234601974487305,0.0637638196349144,-0.05189984291791916,0.0
0.07934066653251648,0.42946475744247437,-0.3513462543487549,-0.33985811471939087,-0.14485549926757812,0.37493979930877686,0.0
-0.600666880607605,0.4554322063922882,-0.3112397789955139,-0.18172858655452728,-0.1262751817703247,-0.16912025213241577,0.0
-0.4339902698993683,0.4003632068634033,-0.36278238892555237,-0.19966527819633484,0.10198794305324554,-0.0771934762597084,0.0
-0.024543344974517822,0.3615550100803375,-0.04459686577320099,-0.5269794464111328,-0.17701232433319092,0.4433690309524536,0.0
-0.5064896941184998,0.3371037542819977,-0.07803352177143097,-0.3133717179298401,-0.010802460834383965,-0.31501564383506775,0.0
-0.0922568142414093,0.7550220489501953,-0.21875593066215515,-0.011139139533042908,-0.02665712498128414,-0.17730958759784698,0.0
-0.5354913473129272,0.5743372440338135,-0.29456979036331177,-0.16141539812088013,-0.1009998545050621,-0.12890344858169556,1.0
-0.4990098476409912,0.5444148778915405,-0.34271669387817383,-0.03393371403217316,-0.05930716544389725,-0.12256483733654022,0.0
-0.06755277514457703,0.46429991722106934,-0.3425271809101105,0.2022535502910614,0.23664236068725586,-0.37109827995300293,0.0
-0.6037323474884033,0.1420018970966339,-0.07109789550304413,-0.37271714210510254,0.12100741267204285,-0.3046661615371704,0.0
-0.45950350165367126,0.3188537657260895,-0.20293283462524414,-0.36584538221359253,-0.15084446966648102,-0.1386784315109253,0.0
-0.5913220643997192,0.4357645511627197,-0.21018359065055847,-0.20223918557167053,-0.04600243642926216,-0.17376600205898285,0.0
-0.13749921321868896,-0.32671475410461426,-0.458763986825943,-0.27833235263824463,-0.6179096102714539,-0.21916437149047852,0.0
0.3282617926597595,-0.40575677156448364,-0.17696407437324524,0.09848369657993317,0.1183115541934967,-0.40995144844055176,0.0
0.09398126602172852,0.30774030089378357,0.536267876625061,0.00020800530910491943,-1.0,1.0000001192092896,0.0
-0.7386192679405212,0.11218315362930298,-0.16303393244743347,-0.30905085802078247,0.03564094752073288,-0.24122577905654907,0.0
-0.11379584670066833,0.583516001701355,-0.3843548893928528,0.05987134575843811,0.12112288177013397,-0.2555381953716278,1.0
-0.46854647994041443,0.41991809010505676,-0.07337699830532074,-0.46275749802589417,-0.05058551952242851,-0.2491840422153473,1.0
-0.2110029011964798,-0.07893648743629456,-0.4012085199356079,-0.17676618695259094,-0.032542552798986435,0.10222724080085754,0.0
-0.17822687327861786,0.551041841506958,-0.40326085686683655,0.06910334527492523,0.0755339190363884,-0.24836385250091553,1.0
-0.6003398299217224,0.16811026632785797,-0.0001666545867919922,-0.3536006212234497,-0.014785509556531906,-0.275058776140213,0.0
-0.19846989214420319,0.6866573691368103,-0.23306964337825775,-0.36459583044052124,-0.21372514963150024,-0.12413575500249863,1.0
-0.26300087571144104,0.7451786994934082,-0.2891181409358978,0.023709893226623535,0.008323989808559418,0.00836937129497528,1.0
-0.7669661641120911,0.20328612625598907,-0.17684754729270935,-0.28095543384552,0.30714911222457886,-0.059258051216602325,0.0
-0.3345804214477539,0.46616581082344055,-0.2329639047384262,-0.047985829412937164,-0.31713443994522095,0.017384782433509827,0.0
-0.12445689737796783,0.7664792537689209,-0.09981046617031097,-0.3858400285243988,0.00030663982033729553,-0.09916697442531586,0.0
0.5796593427658081,-0.649787187576294,0.07315528392791748,0.3920708894729614,-0.3605809807777405,-0.6146401166915894,0.0
-0.22198793292045593,0.5546076893806458,0.0976862907409668,-0.6502350568771362,0.2566625475883484,-0.18643592298030853,1.0
-0.5252730250358582,0.27449357509613037,-0.27065715193748474,-0.2815561294555664,-0.0375729575753212,-0.30979079008102417,0.0
-0.5176149606704712,0.3184032440185547,-0.15351688861846924,-0.3102927803993225,-0.23293405771255493,-0.2649548649787903,1.0
-0.2718687951564789,0.6539890766143799,-0.045927539467811584,-0.22602219879627228,0.2603437304496765,-0.1290963888168335,0.0
-0.49400267004966736,0.20679040253162384,-0.47225695848464966,-0.03478432446718216,0.23680666089057922,-0.3070250153541565,0.0
-0.837841272354126,0.2659512162208557,-0.4064181447029114,0.12015929818153381,0.01614317297935486,-0.11000637710094452,1.0
-0.5671535134315491,0.5287387371063232,-0.2790980935096741,-0.023988433182239532,-0.16685065627098083,-0.16761820018291473,1.0
-0.03153237700462341,0.48499006032943726,-0.6332689523696899,-0.3832930326461792,0.10838337242603302,-0.10304156690835953,0.0
-0.7927678823471069,0.2499898076057434,-0.17023450136184692,-0.10038416087627411,-0.0818110927939415,-0.18226312100887299,0.0
0.012192219495773315,0.7265020608901978,-0.34463170170783997,0.14634853601455688,0.21762730181217194,-0.02466703951358795,1.0
-0.16326025128364563,-0.15114527940750122,-0.7208237648010254,0.016591176390647888,0.17948658764362335,-0.008772969245910645,0.0
-0.2112167328596115,0.40269380807876587,-0.28080233931541443,-0.011941760778427124,-0.31289535760879517,-0.16626307368278503,1.0
-0.16996513307094574,0.5622307062149048,-0.06850360333919525,-0.563752293586731,0.02061128243803978,-0.42697641253471375,0.0
-0.5160007476806641,0.3627197742462158,-0.1898585557937622,-0.17205412685871124,0.1883995085954666,-0.13571371138095856,0.0
-0.4613345265388489,0.2024136185646057,-0.14395511150360107,-0.1494780033826828,0.18055355548858643,-0.07337478548288345,0.0
-0.5613279938697815,0.42896831035614014,-0.2569136619567871,-0.31006258726119995,-0.05306008830666542,-0.1652989536523819,1.0
0.10237985849380493,0.7518150806427002,-0.46324169635772705,-0.19954997301101685,0.0880928784608841,-0.08312782645225525,1.0
-0.8007305264472961,0.36041343212127686,-0.2649686634540558,-0.178087517619133,-0.17407812178134918,-0.2011483907699585,1.0
-0.49335142970085144,0.6348528265953064,-0.27274999022483826,0.004868596792221069,-0.15441903471946716,-0.17574334144592285,0.0
-0.7565027475357056,0.3631313145160675,-0.5828729867935181,0.1486441195011139,0.30461084842681885,0.1516169011592865,1.0
-0.2599845826625824,0.5688100457191467,-0.23108355700969696,-0.09597796201705933,-0.33492347598075867,-0.2188400775194168,1.0
-0.47411197423934937,0.5271708369255066,-0.2667240500450134,-0.03498028963804245,-0.1853950023651123,-0.19137930870056152,1.0
0.11614111065864563,0.6260376572608948,0.3419191837310791,0.007032081484794617,0.32928410172462463,-0.2406105399131775,0.0
-0.6557846069335938,0.298583447933197,-0.29567524790763855,-0.15695728361606598,0.11406286060810089,-0.08490351587533951,1.0
-0.7303232550621033,0.35549435019493103,-0.41119372844696045,0.010375455021858215,0.21601971983909607,0.034599512815475464,0.0
-0.6135135889053345,0.3528624176979065,-0.26839858293533325,-0.20553624629974365,0.15406009554862976,-0.07604822516441345,0.0
-0.1908753514289856,0.6596429347991943,-0.509189248085022,-0.1249159574508667,0.061128221452236176,-0.171502023935318,1.0
-0.23404784500598907,0.286914587020874,-0.567876935005188,-0.10124696791172028,-0.2011362910270691,-0.10244060307741165,1.0
-0.43412840366363525,0.23512043058872223,0.0063285231590271,-0.5128322839736938,-0.1333460509777069,-0.19680970907211304,1.0
0.034744590520858765,0.7432705163955688,-0.48419511318206787,-0.18986965715885162,0.10308852046728134,-0.20713400840759277,1.0
-0.3550521433353424,0.5979518890380859,-0.23911413550376892,-0.12192662060260773,-0.10966934263706207,-0.18156662583351135,1.0
-0.1629427671432495,0.4461134970188141,-0.38644617795944214,0.2094038426876068,-0.03322542458772659,0.21958103775978088,1.0
-0.5672922730445862,0.30857139825820923,-0.1761000156402588,-0.15751305222511292,0.0478481724858284,-0.20385359227657318,1.0
0.353360652923584,0.7480373382568359,-0.22669857740402222,-0.021342992782592773,0.12589587271213531,-0.20614802837371826,1.0
-0.3703109622001648,0.3548009991645813,-0.09464187920093536,-0.19632166624069214,0.4014618396759033,-0.06336671859025955,0.0
0.10468342900276184,-0.21094661951065063,-0.6678000688552856,-0.47167354822158813,0.240251362323761,0.05258655548095703,0.0
0.2528741955757141,0.1752062439918518,-0.5107735395431519,-0.13602915406227112,-0.18825754523277283,0.16690164804458618,0.0
-0.48145535588264465,0.4177210330963135,-0.2891831398010254,-0.04056403785943985,-0.25905928015708923,-0.20179487764835358,1.0
-0.2751036584377289,0.3370394706726074,-0.08525888621807098,-0.49141186475753784,0.1995047926902771,-0.1020142212510109,0.0
-0.2535651624202728,0.5404053926467896,-0.3604658842086792,0.035724982619285583,0.1363290697336197,-0.23395781219005585,0.0
-0.4734652638435364,0.5080146193504333,-0.12679684162139893,-0.4276565611362457,-0.37716928124427795,-0.31300824880599976,1.0
-0.4168965220451355,0.39741480350494385,-0.17391765117645264,-0.395035982131958,0.30082738399505615,-0.02816169708967209,0.0
-0.2737043797969818,0.5986639857292175,-0.16325223445892334,-0.4518657624721527,-0.15705785155296326,-0.14184661209583282,1.0
-0.5139716863632202,0.4535166323184967,-0.44364744424819946,-0.06314500421285629,-0.20473219454288483,-0.07163149118423462,1.0
-0.42856523394584656,0.23582836985588074,-0.11941862106323242,-0.15434549748897552,-0.15189604461193085,-0.17999841272830963,0.0
-0.5302028656005859,0.1547965109348297,0.030703246593475342,-0.39562392234802246,0.03254120796918869,-0.22499361634254456,1.0
-0.07273215055465698,0.775014340877533,-0.34126293659210205,-0.141103595495224,-0.03331552445888519,-0.09259828925132751,1.0
-0.5905539393424988,0.11996859312057495,-0.0461733341217041,-0.24841010570526123,-0.07260912656784058,-0.3136816620826721,1.0
0.17416048049926758,0.6891860365867615,0.015642374753952026,-0.5290344953536987,0.6510996222496033,0.3851102590560913,0.0
-0.8637623190879822,0.14818383753299713,-0.25283560156822205,-0.030984297394752502,0.10882560908794403,-0.16463634371757507,1.0
0.08935773372650146,-0.22856652736663818,-0.7210186719894409,-0.024801477789878845,0.002440793439745903,0.0905635803937912,0.0
-0.3165907859802246,0.5452749729156494,-0.5204752683639526,-0.036330632865428925,0.12285497784614563,-0.14272631704807281,0.0
-0.23449215292930603,0.49612322449684143,-0.29608607292175293,0.12313172221183777,0.22177647054195404,-0.16591757535934448,0.0
-0.8822518587112427,0.3164968490600586,-0.3054810166358948,-0.11841648817062378,-0.10088743269443512,-0.1516810953617096,1.0
-0.4568018317222595,0.1869521141052246,-0.16603508591651917,-0.17397482693195343,0.13357314467430115,-0.1155608743429184,0.0
-0.025202810764312744,0.8774477243423462,-0.050293922424316406,-0.055207811295986176,-0.0762617215514183,-0.26112642884254456,1.0
-0.3625384271144867,0.4162571132183075,-0.039981335401535034,-0.3145008683204651,0.09659121930599213,-0.23012861609458923,0.0
-0.23709268867969513,0.6256487965583801,-0.27587297558784485,-0.092981718480587,-0.08449258655309677,-0.1457822471857071,1.0
-0.3206574022769928,0.4908338785171509,-0.13002628087997437,-0.08072206377983093,0.03721668943762779,-0.17535412311553955,0.0
-0.11539152264595032,-0.45945417881011963,-0.5155998468399048,0.12912875413894653,0.18659505248069763,-0.02514605224132538,0.0
-0.561000645160675,0.3704708218574524,-0.3665626645088196,0.0033802837133407593,-0.21838191151618958,-0.17180953919887543,1.0
-0.3816721439361572,0.5270825624465942,-0.06900587677955627,-0.13145479559898376,-0.11213051527738571,-0.23925241827964783,1.0
-0.09679755568504333,0.7846481800079346,-0.16708248853683472,0.009582698345184326,0.08148621022701263,-0.13382385671138763,1.0
-0.5995277166366577,0.34590959548950195,-0.15174874663352966,-0.11931730061769485,0.14825792610645294,-0.049602821469306946,0.0
-0.08692929148674011,0.8486285209655762,-0.2361607551574707,-0.25935396552085876,-0.18298059701919556,-0.07974356412887573,1.0
0.028516918420791626,0.042989104986190796,-0.1846303939819336,0.09087441861629486,0.09072551876306534,-0.18101848661899567,0.0
-0.31064456701278687,0.5927776098251343,-0.5362164974212646,-0.08697687089443207,0.09571003168821335,-0.1325601041316986,1.0
-0.7657660245895386,0.32724520564079285,-0.34525734186172485,0.05323252081871033,-0.07897048443555832,-0.05257244408130646,0.0
-0.5286586880683899,0.09835314750671387,0.013889461755752563,-0.33997470140457153,0.040550678968429565,-0.2732793092727661,1.0
0.4856484532356262,-0.01818019151687622,-0.06055323779582977,0.3386435806751251,-0.2856474220752716,-0.5134174823760986,0.0
0.1318727731704712,-0.3978502154350281,-0.034556299448013306,-0.11770906299352646,-0.42855340242385864,-0.043079011142253876,0.0
-0.08937770128250122,0.8474330306053162,-0.34883391857147217,-0.17296750843524933,0.003070170059800148,-0.08608134090900421,1.0
-0.5209217071533203,0.5032699704170227,-0.20071090757846832,-0.1428803950548172,-0.10293427854776382,-0.11830754578113556,0.0
-0.6265807151794434,0.3925788104534149,-0.44586917757987976,-0.01500643789768219,0.031753841787576675,0.023527830839157104,0.0
-0.6659259796142578,0.4040808379650116,-0.3767935037612915,-0.06169373542070389,-0.22151926159858704,-0.22898024320602417,0.0
-0.12601321935653687,0.1294480860233307,0.10341361165046692,-0.3711651563644409,-0.12080031633377075,-0.30508172512054443,0.0
-0.7444075345993042,0.3685993254184723,-0.4112539291381836,-0.06331662833690643,-0.006587188690900803,-0.10500079393386841,1.0
-0.7256960272789001,0.11627921462059021,-0.18492138385772705,-0.14289040863513947,0.1757490038871765,-0.06167624890804291,0.0
-0.47509056329727173,0.37741005420684814,-0.31312763690948486,-0.26672059297561646,-0.24855493009090424,-0.2611957788467407,1.0
-0.7651623487472534,0.2872254252433777,-0.30191975831985474,0.03607414662837982,0.1652751863002777,-0.05380287766456604,1.0
-0.671143651008606,0.3526904582977295,-0.19191959500312805,-0.11977338790893555,-0.07164019346237183,-0.20374354720115662,1.0
0.08281514048576355,0.2887459099292755,-0.5448428392410278,-0.3234236538410187,-0.08751431107521057,-0.10780950635671616,0.0
-0.1570347100496292,0.41534173488616943,0.05934324860572815,-0.2635447382926941,0.06854595988988876,-0.22787286341190338,0.0
-0.6304435729980469,0.30540937185287476,-0.26304686069488525,-0.23848915100097656,0.258243203163147,-0.027538426220417023,0.0
-0.4275200068950653,0.42347589135169983,-0.1831979751586914,-0.16044287383556366,-0.23278288543224335,-0.24824558198451996,1.0
0.1389787197113037,0.2746908962726593,-0.32608211040496826,-0.11906643211841583,0.2985795736312866,-0.8455358743667603,0.0
-0.4888420104980469,0.5184322595596313,-0.260958731174469,-0.22529681026935577,0.015700504183769226,-0.09074780344963074,0.0
-0.4638291895389557,0.3798317313194275,-0.2234003245830536,-0.2651767432689667,0.16287142038345337,-0.13545799255371094,0.0
-0.7615843415260315,0.04329103231430054,-0.2677242159843445,-0.08309190720319748,0.40558797121047974,-0.020911812782287598,0.0
-0.48664700984954834,0.3852059245109558,-0.20513993501663208,-0.1283847987651825,-0.20874035358428955,-0.1761707365512848,1.0
-0.12175793945789337,0.5505589246749878,-0.49800634384155273,-0.13745149970054626,0.035213813185691833,-0.27083060145378113,1.0
-0.2813537120819092,0.22156508266925812,-0.09138961136341095,-0.2268453985452652,0.1100517213344574,-0.07338762283325195,1.0
-0.8927624225616455,0.28054606914520264,-0.3335811197757721,-0.04129774123430252,0.013618096709251404,-0.10926112532615662,0.0
-0.16890442371368408,0.5864138603210449,-0.47242361307144165,-0.1326448768377304,0.13587749004364014,-0.19770778715610504,1.0
-0.6684908866882324,0.38729870319366455,-0.21082738041877747,-0.06041038781404495,-0.14949336647987366,-0.2122119516134262,1.0
-0.04717639088630676,0.672539234161377,-0.36955487728118896,0.018354520201683044,0.06151703745126724,-0.21625769138336182,1.0
-0.7846828103065491,0.28481972217559814,-0.335573673248291,0.07938094437122345,0.05547233670949936,-0.017861276865005493,1.0
-0.3156737983226776,0.3608309328556061,-0.036444127559661865,-0.24034936726093292,0.06594020128250122,-0.29770517349243164,0.0
-0.20767167210578918,0.516473114490509,-0.26943036913871765,0.0028907358646392822,-0.2784126102924347,-0.11567382514476776,1.0
-0.7694761753082275,0.25827258825302124,-0.17766058444976807,-0.04129771888256073,0.25868144631385803,-0.038265302777290344,0.0
-0.5455076694488525,0.43270814418792725,-0.328249454498291,-0.19804659485816956,-0.13835833966732025,-0.2629050612449646,1.0
-0.6065139770507812,0.3968082368373871,-0.23740310966968536,0.008591100573539734,0.25692471861839294,-0.05000443011522293,0.0
-0.47662225365638733,0.3695828318595886,-0.011321499943733215,-0.4953061640262604,0.06745894253253937,-0.26398301124572754,0.0
-0.17079488933086395,0.32131269574165344,-0.26131096482276917,-0.11472342908382416,0.40770888328552246,-0.316104531288147,0.0
-0.6513115763664246,0.2605304718017578,-0.36498555541038513,-0.010111510753631592,0.09947961568832397,-0.08585578948259354,1.0
-0.5012543201446533,0.47953739762306213,-0.19629518687725067,-0.3665488064289093,-0.25090399384498596,-0.3439047634601593,0.0
0.25383520126342773,-0.01903131604194641,-0.654420018196106,-0.48201870918273926,-0.16184791922569275,0.1795748472213745,0.0
0.3739957809448242,0.5130672454833984,0.0039299726486206055,-0.5294029116630554,0.44610321521759033,0.23819327354431152,0.0
-0.7134519815444946,0.15437237918376923,-0.1072157621383667,-0.21419155597686768,0.27828651666641235,-0.1839907318353653,0.0
-0.6546927094459534,0.11592894792556763,-0.005301952362060547,-0.45188668370246887,-0.023907719179987907,-0.29958778619766235,0.0
-0.5821841955184937,0.4827183187007904,-0.34479066729545593,-0.11205963790416718,-0.043345626443624496,-0.12738922238349915,0.0
-0.46325528621673584,0.46118494868278503,-0.3716520369052887,0.051997601985931396,-0.16058628261089325,-0.0463053360581398,1.0
-0.4974305033683777,0.4871496856212616,-0.26618847250938416,-0.19320228695869446,-0.2084631472826004,-0.21564200520515442,0.0
-0.9935845732688904,-0.04446759819984436,-0.16973194479942322,-0.13979709148406982,0.2459927201271057,-0.10275919735431671,1.0
-0.48695042729377747,0.4205443859100342,-0.21143919229507446,-0.27860599756240845,-0.022193390876054764,-0.2144116908311844,0.0
-0.09870347380638123,0.34203001856803894,-0.3781440258026123,0.17091849446296692,-0.07032880187034607,-0.10343430191278458,0.0
-0.07335811853408813,-0.14331352710723877,-0.24019604921340942,-0.4936995208263397,-0.1352940797805786,-0.1494077444076538,0.0
-0.19246035814285278,0.5428968667984009,-0.32332536578178406,-0.02497757226228714,-0.04145967960357666,-0.5017396807670593,1.0
0.08581924438476562,0.016992002725601196,-0.681329607963562,-0.19371397793293,-0.09984822571277618,0.07444718480110168,0.0
-0.7195793390274048,0.19410784542560577,-0.3242950439453125,-0.23082655668258667,0.24552157521247864,-0.1372459977865219,0.0
0.0940607488155365,0.9083883166313171,-0.16401250660419464,-0.04885462671518326,-0.0068479059264063835,-0.11984799802303314,1.0
-0.025873631238937378,0.43299901485443115,-0.38459259271621704,-0.4333258271217346,-0.5117822885513306,-0.19088472425937653,0.0
-0.9208203554153442,0.17894946038722992,-0.20924516022205353,-0.04111883044242859,-0.024999845772981644,-0.15669351816177368,1.0
0.03255799412727356,-0.03961440920829773,-0.5522302985191345,-0.41013017296791077,0.2616332471370697,-0.0491868257522583,0.0
-0.6409285068511963,0.3258505165576935,-0.2466527223587036,-0.005550011992454529,0.3481349050998688,-0.06920473277568817,0.0
-0.20361389219760895,0.5966143608093262,-0.4954158067703247,-0.046128615736961365,0.04467140883207321,-0.2118424028158188,1.0
-0.46858569979667664,0.4952523410320282,-0.3124135136604309,0.03815576434135437,-0.22266684472560883,-0.057798661291599274,1.0
-0.21070033311843872,-0.023027747869491577,-0.6261041760444641,-0.08423957973718643,0.05357719957828522,-0.0670493096113205,0.0
-0.06520375609397888,0.644545316696167,-0.5431323051452637,-0.20315955579280853,0.06558602303266525,-0.21986186504364014,1.0
-0.9503054618835449,0.08553150296211243,-0.3601403534412384,-0.09471864253282547,0.33855462074279785,0.01975889503955841,0.0
-0.6380383968353271,0.20048433542251587,-0.2117626816034317,-0.291204035282135,0.023416928946971893,-0.14017601311206818,0.0
0.03894487023353577,0.9586135149002075,-0.1880442202091217,-0.2855585813522339,-0.09255625307559967,-0.07896735519170761,1.0
-0.06526315212249756,1.0,-0.24684053659439087,-0.18796294927597046,0.05235382169485092,0.016629531979560852,1.0
-0.05676615238189697,0.6213914155960083,-0.48018088936805725,-0.21142762899398804,0.23172566294670105,-0.24736037850379944,0.0
-0.38803526759147644,0.4486180543899536,0.012817353010177612,-0.24597764015197754,0.35716113448143005,-0.09783557057380676,0.0
-0.6701412200927734,0.3504873812198639,-0.3848046064376831,-0.08960831165313721,-0.14555764198303223,-0.0714481845498085,1.0
-0.48612964153289795,0.41392409801483154,-0.27363285422325134,-0.2295151650905609,-0.01811826229095459,-0.23091748356819153,1.0
-0.5500588417053223,0.5078145861625671,-0.23838424682617188,-0.08169827610254288,-0.06996174156665802,-0.12171021103858948,1.0
-0.33861303329467773,0.5172353982925415,-0.14016768336296082,-0.4242700934410095,0.2365015745162964,-0.0357692688703537,0.0
0.4707966446876526,-0.6836215257644653,0.019462555646896362,0.11296692490577698,0.18205302953720093,-0.6947925090789795,0.0
-0.28501516580581665,0.7323806285858154,-0.12789618968963623,-0.1292392611503601,-0.1914079636335373,-0.10336577892303467,1.0
-0.4998418092727661,0.43103423714637756,-0.2990860641002655,-0.2079305350780487,-0.26941555738449097,-0.1729041039943695,1.0
-0.8395029902458191,0.21533434092998505,-0.32079166173934937,-0.15910787880420685,0.10333698987960815,-0.13062529265880585,1.0
-0.6526562571525574,0.2513183355331421,-0.08657312393188477,-0.41500717401504517,-0.09369543939828873,-0.14712445437908173,0.0
-0.779428243637085,0.13303667306900024,-0.21907168626785278,-0.07727209478616714,0.2893940210342407,-0.10946519672870636,1.0
0.04309776425361633,0.7911168336868286,-0.15269972383975983,-0.013526573777198792,-0.0698525607585907,-0.20880578458309174,1.0
-0.3826179802417755,0.5864729285240173,-0.3552606403827667,0.024121463298797607,-0.02069074846804142,-0.1591474562883377,0.0
-0.9022864103317261,0.17234116792678833,-0.3029198944568634,-0.2034619301557541,0.2196429818868637,-0.05085102468729019,0.0
-0.6481641530990601,0.20684728026390076,-0.021967381238937378,-0.2402821183204651,0.08378396928310394,-0.2358168661594391,1.0
-0.05095785856246948,0.376209020614624,-0.09902507066726685,-0.020770639181137085,-0.3093346059322357,-0.35166966915130615,0.0
-0.46220144629478455,0.3728594481945038,-0.16984602808952332,-0.18554897606372833,-0.0005408003926277161,-0.34619203209877014,0.0
-0.543237566947937,0.4269205629825592,-0.23116932809352875,-0.08319348841905594,0.019275926053524017,-0.1428564339876175,1.0
-0.357974648475647,0.6481176018714905,-0.327552855014801,-0.2801612615585327,-0.24430839717388153,-0.23802626132965088,1.0
-0.5664308071136475,0.5428288578987122,-0.23453523218631744,-0.2424529492855072,-0.2796763777732849,-0.21780389547348022,0.0
0.13213002681732178,-0.0718439519405365,-0.3086802065372467,0.10147325694561005,0.15699517726898193,0.04629732668399811,0.0
-0.30515870451927185,0.6263902187347412,-0.25046631693840027,-0.046987056732177734,0.051656365394592285,-0.11824643611907959,1.0
-0.2535971999168396,0.424341082572937,-0.07044118642807007,-0.5551491975784302,-0.14031670987606049,-0.30739808082580566,1.0
-0.12477496266365051,0.8328298330307007,0.0811569094657898,-0.1089688241481781,-0.05668027326464653,-0.19080661237239838,1.0
0.6429076194763184,-0.6201850175857544,-0.5328083038330078,-0.6365799307823181,-0.19756199419498444,-0.3205719590187073,0.0
-0.16098231077194214,0.5924130082130432,0.20475918054580688,-0.24092108011245728,0.31563475728034973,-0.1408223658800125,0.0
-0.3416655957698822,0.6852299571037292,-0.22255641222000122,-0.05708131194114685,-0.13550683856010437,-0.1750226467847824,1.0
-0.6410326361656189,0.48890385031700134,-0.24653175473213196,0.020595446228981018,-0.2141418308019638,-0.221572145819664,1.0
-0.12310217320919037,0.26904332637786865,-0.4737805724143982,0.0998513251543045,-0.17255672812461853,-0.01658134162425995,1.0
-0.6014559864997864,0.37007707357406616,-0.18064278364181519,-0.1569761335849762,-0.015697211027145386,-0.2602025866508484,0.0
-0.3054557144641876,0.5049524903297424,-0.4536930322647095,0.14499527215957642,0.12491622567176819,-0.22925817966461182,0.0
-0.11685559153556824,0.1615462750196457,0.09390795230865479,-0.3643980026245117,-0.1439504623413086,-0.2874194383621216,0.0
-0.32418426871299744,0.7901613116264343,-0.2425011396408081,0.043683916330337524,0.04688088595867157,0.040244996547698975,1.0
-0.5263176560401917,0.4228817820549011,-0.24849392473697662,-0.16338208317756653,-0.42528805136680603,-0.31318962574005127,0.0
-0.49964940547943115,0.5571229457855225,-0.2582950294017792,-0.25352826714515686,-0.4087730050086975,-0.2953329086303711,1.0
-0.8107563853263855,0.2543821930885315,-0.3683609366416931,-0.12355366349220276,0.05641988664865494,-0.00808735191822052,0.0
-0.4899359345436096,0.46915772557258606,-0.21411606669425964,-0.024086207151412964,0.1154438704252243,-0.09400182962417603,0.0
0.39606374502182007,0.116234689950943,-0.2488582879304886,0.21852055191993713,0.18227550387382507,-0.13101249933242798,0.0
-0.2731962502002716,0.6781495809555054,-0.32750067114830017,-0.16429606080055237,-0.14507541060447693,-0.12888981401920319,1.0
-0.654202938079834,0.19292159378528595,-0.09456723928451538,-0.27852731943130493,0.004591654986143112,-0.1444610208272934,0.0
-0.32185089588165283,0.42911890149116516,-0.3884034752845764,-0.1638556718826294,-0.3311438262462616,-0.11889376491308212,0.0
-0.7276318073272705,0.34249424934387207,-0.2766554355621338,-0.053691379725933075,0.04677309840917587,-0.08031303435564041,1.0
0.11552080512046814,0.6036145687103271,-0.4233696758747101,-0.37281322479248047,0.2670033276081085,-0.12995165586471558,0.0
-0.2298937439918518,0.7374763488769531,-0.2022099643945694,-0.04765457659959793,-0.19034720957279205,-0.1337304413318634,1.0
-0.49729862809181213,0.4657435119152069,-0.27088913321495056,-0.23441603779792786,-0.051461588591337204,-0.170724019408226,1.0
-0.3942164182662964,0.645397424697876,-0.27113837003707886,-0.22172066569328308,-0.2890929877758026,-0.1581285148859024,1.0
-0.5644517540931702,0.5377788543701172,-0.3873792588710785,-0.16068953275680542,-0.18720073997974396,-0.16121156513690948,1.0
0.00016260147094726562,0.7004145383834839,-0.36001840233802795,0.0058484673500061035,0.11904415488243103,-0.34239882230758667,1.0
-0.41597235202789307,0.6195185780525208,-0.3787953555583954,-0.15389098227024078,0.03581628203392029,-0.024175167083740234,0.0
-0.6061692237854004,0.4055315852165222,-0.3696395754814148,-0.21740376949310303,-0.4041648805141449,-0.24715633690357208,1.0
-0.37018898129463196,0.5842276811599731,-0.22564926743507385,-0.08347349613904953,-0.2111472189426422,-0.22366194427013397,1.0
-0.44953811168670654,0.27649179100990295,-0.13937219977378845,-0.3966699540615082,0.09130597859621048,-0.3069112300872803,0.0
-0.23416449129581451,0.6647164821624756,-0.27237898111343384,-0.085761159658432,-0.16132086515426636,-0.12776565551757812,1.0
-0.41753172874450684,0.3275277018547058,-0.1992684155702591,-0.36276161670684814,0.08526387810707092,-0.06042533367872238,0.0
0.053822845220565796,0.8734335899353027,0.041012972593307495,-0.4108099043369293,0.18948420882225037,0.0683593600988388,0.0
-0.16917364299297333,0.3675540089607239,-0.2470792829990387,-0.545693039894104,-0.21766982972621918,-0.15868180990219116,0.0
-0.41889581084251404,0.600731611251831,-0.2651360332965851,-0.0900445505976677,-0.15635603666305542,-0.18078608810901642,1.0
-0.5433175563812256,0.45607253909111023,-0.41809317469596863,-0.09253256022930145,-0.09194421023130417,-0.23084352910518646,1.0
-0.3943624198436737,0.3855975866317749,-0.19905732572078705,-0.1368122547864914,-0.3145139515399933,-0.21912223100662231,1.0
-0.5211217403411865,0.3778204917907715,-0.31227678060531616,-0.04674018174409866,-0.10332810878753662,-0.06920511275529861,1.0
-0.28598010540008545,0.5375764966011047,-0.33402305841445923,-0.04787176847457886,-0.16762299835681915,-0.04668225347995758,1.0
0.18897086381912231,0.7280282974243164,-0.053838953375816345,-0.7695817351341248,0.4743717312812805,0.43260467052459717,0.0
-0.46793997287750244,0.5431087017059326,-0.25264304876327515,-0.2423185408115387,-0.38782867789268494,-0.30938735604286194,1.0
-0.17658783495426178,0.73496413230896,-0.2281217873096466,-0.04946119338274002,-0.1453431248664856,-0.1821661740541458,1.0
-0.5152097344398499,0.3287768065929413,-0.20483393967151642,-0.29402613639831543,0.0664232149720192,-0.24715277552604675,1.0
-0.32589441537857056,0.4610568583011627,-0.42988911271095276,0.08717794716358185,0.029273897409439087,-0.32705986499786377,1.0
0.0390925407409668,0.9208472371101379,-0.2957582175731659,-0.21776050329208374,0.04118059203028679,-0.07175084203481674,1.0
0.09529203176498413,0.7425102591514587,0.09054902195930481,-0.1305767297744751,0.15150536596775055,-0.29013240337371826,0.0
-0.41919970512390137,0.3926992416381836,-0.24570633471012115,-0.05885649472475052,-0.008790737017989159,-0.09081404656171799,0.0
-0.07671123743057251,0.6219950318336487,-0.30730074644088745,0.029704242944717407,0.04330170899629593,-0.23204350471496582,1.0
-0.21859419345855713,0.5144875049591064,-0.4104204773902893,-0.197944775223732,-0.19230659306049347,-0.13449624180793762,1.0
-0.5583195686340332,0.5204604268074036,-0.15513715147972107,-0.14997760951519012,-0.24878141283988953,-0.28329938650131226,0.0
-0.40289556980133057,0.539909839630127,-0.30900198221206665,-0.06975153088569641,-0.17719410359859467,-0.19196313619613647,1.0
-0.7640756368637085,0.006595641374588013,0.06172281503677368,-0.24297752976417542,-0.03006960265338421,-0.29061681032180786,0.0
-1.0,0.030179262161254883,-0.3327864110469818,-0.10467997938394547,0.09185522049665451,-0.11596915870904922,0.0
-0.017142444849014282,0.7966717481613159,-0.45807018876075745,-0.49814102053642273,-0.02661231905221939,-0.03718333691358566,1.0
0.09086701273918152,0.81028151512146,-0.1593470275402069,-0.10382141172885895,-0.04518965631723404,-0.2654713988304138,1.0
-0.07130905985832214,-0.08345437049865723,0.541935920715332,-0.04124052822589874,-0.3058747947216034,0.920543909072876,0.0
-0.48298436403274536,0.2313733845949173,-0.037157222628593445,-0.2723155915737152,-0.02153058908879757,-0.3022051453590393,0.0
-0.23976358771324158,0.5697609186172485,-0.50002121925354,-0.08854442834854126,0.07144610583782196,-0.3512948155403137,1.0
-0.5180619955062866,0.5582975149154663,-0.35100579261779785,-0.12672308087348938,-0.09167010337114334,-0.13727840781211853,0.0
-0.5654305815696716,0.24430905282497406,-0.20596787333488464,-0.2878631055355072,-0.11326812952756882,-0.2320179045200348,1.0
-0.6330828666687012,0.37179669737815857,-0.4436589479446411,0.07666784524917603,-0.09813718497753143,-0.09817388653755188,1.0
-0.4009140729904175,0.6158382296562195,-0.2998634874820709,-0.03869464248418808,-0.13249428570270538,-0.20796246826648712,1.0
0.3881598114967346,-0.6336256265640259,-0.29854822158813477,0.33206918835639954,0.047788165509700775,-0.37369176745414734,0.0
-0.753089427947998,0.3505050539970398,-0.3563459515571594,-0.07067690044641495,-0.15783871710300446,-0.16538099944591522,1.0
-0.2622529864311218,0.6302544474601746,-0.07112745940685272,-0.22599248588085175,-0.3031121492385864,-0.3233717381954193,1.0
-0.17602568864822388,0.6535756587982178,-0.3467528820037842,-0.29761552810668945,-0.195552796125412,-0.32547107338905334,1.0
0.17539715766906738,0.1197914183139801,-0.7701767683029175,-0.060444459319114685,-0.026450561359524727,0.22631442546844482,0.0
-0.33505940437316895,0.6880770325660706,-0.2920563817024231,-0.04668416082859039,0.05836382508277893,-0.12861491739749908,0.0
-0.29805541038513184,0.790995717048645,-0.3362787663936615,-0.1648818850517273,0.06929752230644226,-0.036266475915908813,1.0
-0.6109066009521484,0.4418419599533081,-0.3412964344024658,-0.019421398639678955,0.06281009316444397,-0.09151281416416168,0.0
-0.6693614721298218,0.2984640598297119,-0.1607176512479782,-0.09970949590206146,0.1516541838645935,-0.0721656009554863,1.0
-0.9556106925010681,-0.024637669324874878,-0.024002939462661743,-0.30472928285598755,0.07767247408628464,-0.25609415769577026,1.0
-0.07329797744750977,0.6519943475723267,-0.23173829913139343,-0.13916733860969543,0.32273557782173157,-0.10256616771221161,0.0
0.06519803404808044,0.6033394932746887,-0.06507906317710876,0.2242894470691681,0.2456648051738739,-0.1715564727783203,0.0
-0.43117135763168335,0.49189290404319763,-0.0891488641500473,-0.09590070694684982,-0.05124639347195625,-0.17415215075016022,0.0
-0.3265741169452667,0.7154641151428223,-0.3783813416957855,-0.08905282616615295,0.03534096106886864,-0.06989578157663345,1.0
-0.1980118751525879,0.7621013522148132,-0.32166555523872375,-0.14238788187503815,-0.11049343645572662,-0.15854184329509735,1.0
0.7211357355117798,-0.793698787689209,0.3124924302101135,0.9999998807907104,-0.49021655321121216,-0.1616947501897812,0.0
-0.1799420863389969,0.8093341588973999,-0.18714959919452667,-0.27749407291412354,0.004517680034041405,-0.11760890483856201,1.0
-0.4627016484737396,0.5250917673110962,-0.2619756758213043,-0.27116715908050537,-0.10843407362699509,-0.17589253187179565,1.0
-0.6591215133666992,0.3116911053657532,-0.13017643988132477,-0.17876309156417847,-0.28450724482536316,-0.18337662518024445,0.0
-0.6666660904884338,0.32698094844818115,-0.2828123867511749,-0.025923795998096466,-0.16073821485042572,-0.14497417211532593,1.0
-0.9472664594650269,0.2842728793621063,-0.3443019390106201,-0.07503024488687515,-0.06229643151164055,-0.1389450877904892,1.0
-0.2275533527135849,0.5104442238807678,-0.5518995523452759,-0.07852952927350998,0.10656198859214783,-0.4101767838001251,1.0
-0.8442416191101074,0.3777116537094116,-0.3619178533554077,-0.07492778450250626,-0.12994518876075745,-0.12804093956947327,1.0
-0.6736985445022583,0.17599208652973175,0.030411839485168457,-0.2765845060348511,0.04525618255138397,-0.27773433923721313,0.0
-0.8445651531219482,0.2564656436443329,-0.23041418194770813,-0.047002434730529785,-0.24850255250930786,-0.3300479054450989,0.0
-0.39420074224472046,0.4135885536670685,-0.2315743863582611,-0.18408004939556122,0.38263988494873047,-0.09989339113235474,0.0
-0.2865820527076721,0.48940011858940125,-0.4518900513648987,-0.0415768101811409,0.03026304394006729,-0.5492515563964844,1.0
-0.6935535669326782,0.3663843274116516,-0.36520916223526,0.027841657400131226,-0.1280692219734192,-0.10764212906360626,1.0
-0.05380910634994507,0.7633718848228455,-0.3071450889110565,-0.2092871367931366,-0.056072186678647995,-0.13885857164859772,1.0
-0.16162659227848053,0.6840165853500366,-0.2629644274711609,-0.09532439708709717,-0.03790976479649544,-0.25574740767478943,1.0
-0.5937814116477966,0.47967690229415894,-0.4399614632129669,-0.012720033526420593,-0.06324630975723267,-0.08488262444734573,1.0
-0.5248520970344543,0.5874536037445068,-0.3019244372844696,-0.21254533529281616,-0.2698461413383484,-0.20987148582935333,1.0
-0.2830769121646881,0.3559505045413971,-0.5297518968582153,-0.12023689597845078,-0.1140780970454216,-0.15663951635360718,1.0
-0.605504035949707,0.4311762750148773,-0.38075870275497437,0.04088890552520752,-0.1468459516763687,-0.177494615316391,0.0
-0.5077139139175415,0.3249380886554718,-0.18188956379890442,-0.1334202140569687,0.04052119702100754,-0.19377028942108154,0.0
-0.33447709679603577,0.6173217296600342,-0.3416251540184021,-0.234401136636734,-0.1883246898651123,-0.14050905406475067,1.0
-0.44789785146713257,0.24931588768959045,-0.003124803304672241,-0.2948077619075775,-0.08670345693826675,-0.19957850873470306,1.0
-0.44072237610816956,0.20426686108112335,-0.03435719013214111,-0.29317712783813477,0.1567281186580658,-0.11162267625331879,0.0
-0.5713536143302917,0.5072503685951233,-0.3085968494415283,-0.17293097078800201,-0.20513327419757843,-0.18142366409301758,1.0
-0.422716349363327,0.5216702818870544,-0.16866996884346008,-0.16614112257957458,0.03962816298007965,-0.13653767108917236,0.0
-0.5922043323516846,0.1967335045337677,-0.16899487376213074,-0.19437173008918762,0.009500682353973389,-0.19109222292900085,1.0
0.08379682898521423,0.8026341795921326,-0.5440956354141235,-0.2102757692337036,0.19224520027637482,0.05674666166305542,1.0
-0.2927883565425873,0.568454921245575,-0.13069988787174225,-0.19287315011024475,-0.3423174023628235,-0.3505348265171051,0.0
-0.7301567196846008,0.14093995094299316,-0.2090727686882019,-0.2436659187078476,0.03640013933181763,-0.21522927284240723,1.0
-0.8965805172920227,0.16469350457191467,-0.3110837936401367,-0.040236763656139374,0.019351545721292496,-0.09494742751121521,0.0
0.32735615968704224,0.6434313654899597,0.20232877135276794,0.04322667419910431,0.4027901589870453,-0.009745657444000244,0.0
-0.4786425530910492,0.5656642913818359,-0.29609614610671997,-0.17184539139270782,-0.11251905560493469,-0.10230125486850739,1.0
-0.037321388721466064,0.25409507751464844,-0.1406644582748413,-0.42665785551071167,-0.5844143629074097,-0.00257013738155365,0.0
0.05231913924217224,0.8816324472427368,-0.021109387278556824,-0.12467355281114578,-0.1595916897058487,-0.2150157392024994,1.0
-0.15269309282302856,0.4860810339450836,-0.4060831069946289,0.0829821228981018,0.1878320574760437,-0.5988723635673523,0.0
-0.6526740789413452,0.2806943655014038,-0.32927796244621277,-0.06006345897912979,-0.006972150877118111,-0.1681717038154602,0.0
-0.17825919389724731,0.8027968406677246,-0.20050358772277832,-0.03769154101610184,-0.02293332852423191,-0.20538081228733063,1.0
-0.6664210557937622,0.3608176112174988,-0.31722530722618103,-0.1617242991924286,-0.220217764377594,-0.14359897375106812,0.0
-0.69798743724823,0.3169748783111572,-0.14294832944869995,-0.2042570859193802,-0.11832074820995331,-0.31068187952041626,0.0
-0.5520101189613342,0.22876468300819397,-0.12573331594467163,-0.19164928793907166,-0.16554006934165955,-0.3517864942550659,1.0
-0.19932307302951813,0.5514754056930542,0.12159043550491333,-0.2460925579071045,0.18741442263126373,-0.14160694181919098,0.0
-0.4085034430027008,0.10347682237625122,-0.23345157504081726,-0.08008255809545517,-0.467854380607605,-0.6039414405822754,0.0
-0.6859308481216431,0.2899664342403412,-0.3431225121021271,-0.10391082614660263,0.16245853900909424,-0.042767398059368134,1.0
-0.259818434715271,0.6755237579345703,-0.29547256231307983,-0.22696952521800995,-0.203726127743721,-0.26837363839149475,1.0
-0.5013332366943359,0.496245801448822,-0.26339980959892273,-0.06182311475276947,-0.191798135638237,-0.21551217138767242,1.0
-0.4410202205181122,0.5342624187469482,-0.03224270045757294,-0.4023551344871521,-0.07977703213691711,-0.23211893439292908,0.0
-0.03567451238632202,0.9128143191337585,-0.08818739652633667,0.013003930449485779,0.010406073182821274,-0.1269439309835434,1.0
-0.6853612065315247,0.28408002853393555,-0.07527950406074524,-0.36849331855773926,0.1136404424905777,-0.16369673609733582,1.0
0.0321374237537384,0.750464677810669,-0.40970438718795776,-0.26960667967796326,0.2142651379108429,-0.009570643305778503,0.0
-0.7649505138397217,0.23936159908771515,-0.2158195823431015,-0.0776246041059494,0.0732872262597084,-0.1644524186849594,1.0
-0.2167903631925583,0.6024764776229858,-0.39126473665237427,0.11027434468269348,0.11575224995613098,-0.08212064206600189,1.0
-0.5806468725204468,0.19820278882980347,-0.09861747920513153,-0.32644981145858765,0.2337970733642578,-0.2352408766746521,0.0
-0.7608911991119385,0.30963343381881714,-0.23320260643959045,-0.017533645033836365,0.10592937469482422,-0.09939336776733398,1.0
-0.5880414247512817,0.2122986763715744,-0.12013299763202667,-0.21284237504005432,-0.04335232451558113,-0.18653403222560883,0.0
0.44406020641326904,-0.5323390364646912,-0.04737347364425659,0.7199721336364746,-0.3479101061820984,-0.23317062854766846,0.0
-0.4618467092514038,0.30737996101379395,-0.023320257663726807,-0.4228264093399048,-0.0004876386374235153,-0.29014837741851807,0.0
-0.29862698912620544,0.5188779830932617,-0.5661979913711548,-0.07436655461788177,0.07341107726097107,-0.14787042140960693,1.0
-0.49193844199180603,0.46482568979263306,-0.2262142300605774,-0.12677577137947083,-0.00027512386441230774,-0.11729414761066437,1.0
0.57298743724823,-0.5283463001251221,-0.7458088397979736,-0.5158030986785889,-0.5670265555381775,0.21917232871055603,0.0
-0.8845347166061401,0.211092010140419,-0.2506456971168518,-0.08578183501958847,-0.06106796860694885,-0.21294796466827393,1.0
-0.6045671701431274,0.19514372944831848,-0.1561693549156189,-0.4187087416648865,-0.04033173248171806,-0.2359277307987213,0.0
0.21097779273986816,0.9778898358345032,-0.09144257009029388,-0.006882220506668091,0.035361163318157196,0.0016420632600784302,1.0
-0.741989016532898,0.32533615827560425,-0.3495106101036072,-0.13606347143650055,0.05414348095655441,-0.1320454180240631,0.0
-0.52228844165802,0.4550114870071411,-0.34802648425102234,-0.10128875076770782,0.1550518274307251,0.006132349371910095,0.0
-0.889245867729187,0.06783908605575562,-0.19949018955230713,-0.23531530797481537,0.12972593307495117,-0.11394083499908447,1.0
-0.46522703766822815,0.4061277210712433,-0.18198581039905548,-0.2963874936103821,0.48106449842453003,-0.0964779406785965,0.0
-0.28748631477355957,0.657707691192627,-0.2472805380821228,-0.01725839078426361,-0.17074202001094818,-0.21743544936180115,1.0
-0.4138530194759369,0.45395606756210327,-0.1998695433139801,-0.22690707445144653,0.13261902332305908,-0.10614300519227982,0.0
-0.4231463670730591,0.5316115021705627,-0.25659048557281494,-0.03249942511320114,0.18866154551506042,-0.00013002753257751465,0.0
-0.5629078149795532,0.3627186715602875,-0.22763673961162567,-0.23762866854667664,0.09522244334220886,-0.11959546059370041,0.0
-0.831490159034729,0.07314375042915344,-0.2522888779640198,-0.08064765483140945,0.40483275055885315,-0.03861352056264877,0.0
-0.6645079851150513,0.332536518573761,-0.1702180802822113,-0.11107206344604492,0.1448671966791153,-0.10158628225326538,1.0
-0.26063665747642517,0.4810476303100586,-0.5709031820297241,-0.06345316022634506,0.15684561431407928,-0.22077342867851257,0.0
0.15005534887313843,0.15778516232967377,-0.16516701877117157,-0.45503470301628113,-0.2829382121562958,0.03696413338184357,0.0
-0.7957760095596313,0.37119415402412415,-0.41608238220214844,-0.1739412248134613,-0.22910577058792114,-0.19744735956192017,1.0
-0.6397732496261597,-0.011616528034210205,-0.022677943110466003,-0.3270607888698578,0.01687123253941536,-0.37264615297317505,0.0
-0.3412199020385742,0.5207287073135376,-0.1673370897769928,-0.1841300129890442,0.13655906915664673,-0.1459459513425827,0.0
-0.6990983486175537,0.251275897026062,-0.33858776092529297,-0.11826308071613312,-0.04920411854982376,-0.16760075092315674,0.0
-0.5855944156646729,0.5091633200645447,-0.3014284670352936,-0.0282658189535141,-0.23127925395965576,-0.22321394085884094,1.0
-0.688262403011322,0.2733560800552368,-0.2206420600414276,-0.26165616512298584,0.28221580386161804,-0.036578528583049774,1.0
-0.5252415537834167,0.3415968120098114,-0.31211787462234497,-0.218595951795578,0.0011137705296278,-0.14260359108448029,1.0
-0.20992420613765717,0.49426403641700745,-0.31483036279678345,-0.4532665014266968,-0.29853010177612305,-0.39613276720046997,1.0
-0.8582383394241333,0.19565662741661072,-0.49288904666900635,-0.011879682540893555,0.13568639755249023,0.0100536048412323,0.0
0.5543385744094849,0.35017576813697815,0.31599026918411255,0.029966220259666443,0.5615295171737671,0.04818373918533325,0.0
-0.8208221197128296,0.3009759783744812,-0.4059188961982727,-0.0860745757818222,-0.03913356363773346,-0.03746536374092102,0.0
0.0014430880546569824,0.3577980697154999,-0.5766445398330688,-0.15920975804328918,0.0782608687877655,0.092991903424263,0.0
-0.41295716166496277,0.10072413086891174,-0.19589363038539886,-0.39972925186157227,-0.09065348654985428,-0.18893541395664215,1.0
-0.26143622398376465,0.5586540699005127,-0.04954785108566284,-0.5017267465591431,0.2675710618495941,-0.2531667649745941,0.0
-0.6668802499771118,0.32438579201698303,-0.27430450916290283,-0.3226848840713501,0.08482442796230316,-0.11426767706871033,0.0
-0.5929676294326782,0.46463361382484436,-0.30698469281196594,0.024234876036643982,-0.05590716749429703,-0.13523513078689575,0.0
-0.4496426284313202,0.4095524549484253,-0.22924859821796417,-0.013519585132598877,0.26781177520751953,-0.020626232028007507,0.0
-0.09666717052459717,0.586387038230896,-0.37468385696411133,-0.0011617839336395264,0.05162116140127182,-0.41971689462661743,1.0
-0.4727162718772888,0.38001665472984314,-0.3935762047767639,-0.16309009492397308,-0.21795910596847534,-0.2715094983577728,1.0
-0.5759952068328857,0.28393688797950745,-0.3541615307331085,-0.013476446270942688,-0.20635272562503815,-0.17916220426559448,0.0
-0.6208213567733765,0.2652220129966736,-0.27477332949638367,-0.0918121486902237,-0.07523547112941742,-0.20848239958286285,1.0
-0.4408758878707886,0.361328661441803,0.1021043062210083,-0.29672110080718994,0.018535327166318893,-0.19154885411262512,0.0
-0.2885970175266266,0.592875599861145,-0.18559181690216064,-0.12733840942382812,-0.10625479370355606,-0.2004084289073944,1.0
-0.3342703878879547,0.2552468180656433,-0.11066120862960815,-0.4784891903400421,-0.18917302787303925,-0.19219660758972168,0.0
-0.3419727087020874,0.5300533175468445,-0.18115848302841187,-0.10779284685850143,-0.2014545351266861,-0.2678734064102173,1.0
-0.8884904384613037,0.1781245619058609,-0.25098955631256104,0.004417717456817627,0.1300576776266098,-0.06848045438528061,1.0
-0.3346203863620758,0.5306154489517212,-0.17656448483467102,-0.08850175142288208,0.1721314638853073,-0.06277438998222351,0.0
-0.6111869812011719,0.25087788701057434,-0.2592412531375885,-0.11692270636558533,0.22832494974136353,-0.0029220134019851685,0.0
-0.5867077112197876,0.3224036991596222,-0.19527289271354675,-0.2692793011665344,0.3121914863586426,-0.03028176724910736,0.0
-0.39254364371299744,0.4530290961265564,-0.13793449103832245,-0.3929404616355896,-0.11171861737966537,-0.24900272488594055,1.0
-0.6737306118011475,0.4601248502731323,-0.21310754120349884,-0.19972805678844452,-0.08271152526140213,-0.18079987168312073,0.0
-0.49989256262779236,0.47101375460624695,-0.2758217453956604,-0.1785484254360199,-0.07182205468416214,-0.16777028143405914,1.0
-0.5211014151573181,0.3248227834701538,-0.07597330212593079,-0.4389333724975586,-0.019748738035559654,-0.28401148319244385,1.0
-0.3003326952457428,0.47818899154663086,-0.07238154113292694,-0.6514055132865906,0.20515088737010956,-0.16137990355491638,0.0
-0.02389940619468689,0.37065526843070984,-0.5544509887695312,-0.1178373396396637,-0.09948114305734634,-0.18619376420974731,1.0
-0.2875167429447174,0.6903688907623291,-0.18455344438552856,-0.13535873591899872,-0.1597357839345932,-0.17219707369804382,1.0
-0.6368973851203918,0.4072962999343872,-0.24306006729602814,-0.21830375492572784,-0.25173166394233704,-0.15617989003658295,1.0
-0.18430158495903015,0.7987560033798218,-0.34483543038368225,-0.199262797832489,0.012957815080881119,-0.15164333581924438,1.0
-0.37576624751091003,0.4173743724822998,-0.35543909668922424,-0.18009495735168457,-0.228152334690094,-0.2175712287425995,1.0
-0.341426283121109,0.5410929918289185,-0.3734230101108551,-0.21155735850334167,-0.1974501609802246,-0.26687005162239075,1.0
-0.417620986700058,0.3955758810043335,0.006862461566925049,-0.21629416942596436,-0.12008757889270782,-0.321584016084671,1.0
-0.2802862226963043,0.3104235827922821,-0.09103918075561523,-0.2954941689968109,0.36699241399765015,-0.1966712772846222,0.0
0.21226853132247925,0.20379109680652618,-0.486112117767334,-0.2628614008426666,0.0435144379734993,0.092025026679039,0.0
-0.7950233221054077,0.305259644985199,-0.4769306778907776,-0.016523733735084534,-0.1582871824502945,-0.17320795357227325,1.0
-0.3325795829296112,0.23157209157943726,-0.0656135082244873,-0.4307217597961426,0.10463544726371765,-0.08249987661838531,0.0
-0.13749267160892487,0.45442768931388855,-0.18663865327835083,0.1372617781162262,-0.09413742274045944,-0.0520583838224411,0.0
-0.16363658010959625,0.7307360768318176,-0.15476615726947784,-0.029795505106449127,-0.1625993698835373,-0.22167102992534637,1.0
-0.164552703499794,0.8293859362602234,-0.2532101273536682,-0.2601788341999054,-0.1387333869934082,-0.14180514216423035,1.0
-0.5974965691566467,0.33772924542427063,-0.2853972017765045,-0.29076671600341797,-0.1375945806503296,-0.11572153866291046,0.0
0.42825090885162354,-0.5130845308303833,0.05066573619842529,0.41293251514434814,-0.3352838158607483,-0.17253378033638,0.0
-0.1829960197210312,0.7752611637115479,-0.2785714268684387,0.044259220361709595,0.09867788106203079,0.02378171682357788,1.0
-0.49979785084724426,0.48163434863090515,-0.32468491792678833,-0.1622079312801361,0.04013943299651146,-0.08125008642673492,1.0
-0.5657365918159485,0.4377102255821228,-0.45160841941833496,-0.027525782585144043,-0.19043631851673126,-0.09276759624481201,1.0
-0.5676044225692749,0.25006869435310364,-0.07666482031345367,-0.363922655582428,0.0672583058476448,-0.31267184019088745,0.0
-0.16792505979537964,0.543718695640564,-0.5010765194892883,-0.15107616782188416,-0.008728542365133762,-0.49383071064949036,1.0
-0.6915206909179688,0.2626729905605316,-0.1551254689693451,-0.18742617964744568,0.0004997067153453827,-0.2332971692085266,0.0
-0.5324611663818359,0.24740441143512726,-0.25919443368911743,-0.052695706486701965,0.24555495381355286,-0.05077254772186279,0.0
-0.2020615041255951,0.7539032101631165,-0.3878171443939209,-0.14680111408233643,-0.0029075797647237778,-0.18001540005207062,1.0
-0.924937903881073,0.1961193084716797,-0.41388916969299316,-0.07582758367061615,-0.10131213814020157,-0.14574456214904785,1.0
0.02715882658958435,0.5664697885513306,-0.35643208026885986,0.010435044765472412,0.10066376626491547,-0.537079393863678,0.0
-0.4189807176589966,0.3383576571941376,-0.32058289647102356,-0.29471227526664734,0.11111201345920563,-0.3229438364505768,0.0
-0.6033850908279419,0.39758503437042236,-0.17485585808753967,-0.11807515472173691,0.1470371037721634,-0.14441822469234467,0.0
-0.017930328845977783,0.10659343004226685,-0.0932159274816513,-0.14751146733760834,-0.3470059931278229,-0.15693366527557373,0.0
0.4567880630493164,-0.3291560411453247,-1.0,-0.9994065761566162,-0.4866420328617096,-0.25148898363113403,0.0
-0.9907572865486145,0.07251814007759094,-0.26573646068573,-0.110974982380867,0.1309007853269577,-0.11308663338422775,1.0
0.08552876114845276,0.7872353792190552,-0.11886903643608093,-0.04352365434169769,0.19199484586715698,0.00032104551792144775,0.0
-0.5851016640663147,0.4731622636318207,-0.16305866837501526,-0.1546904295682907,-0.2760143280029297,-0.35469356179237366,1.0
-0.5935413837432861,0.536893904209137,-0.18543875217437744,-0.17817258834838867,-0.3780394196510315,-0.31824272871017456,1.0
-0.7434167861938477,0.3657788634300232,-0.28400513529777527,-0.04523088037967682,-0.34882864356040955,-0.2642497420310974,1.0
-0.263167142868042,0.4605880677700043,0.07456320524215698,-0.3262728452682495,0.13279293477535248,-0.07116416096687317,0.0
-0.4539893865585327,0.4325459599494934,-0.3285946547985077,0.0054833292961120605,-0.06716850399971008,-0.19477896392345428,0.0
-0.41888466477394104,0.6343547105789185,-0.23638980090618134,-0.013818234205245972,-0.1489228457212448,-0.1682867705821991,1.0
-0.5487020611763,0.10300135612487793,-0.16031765937805176,-0.2315938025712967,0.2415023148059845,-0.13206082582473755,0.0
-0.3683392107486725,0.5124619007110596,-0.14229917526245117,-0.41342893242836,-0.25638195872306824,-0.3082048296928406,1.0
-0.5386545658111572,0.15489473938941956,-0.2036043107509613,-0.1820695698261261,0.25921306014060974,0.0117998868227005,0.0
-0.03890150785446167,0.16617099940776825,0.0672181248664856,-0.18835696578025818,-0.2598782777786255,-0.41788816452026367,0.0
-0.2720530927181244,0.6872524619102478,-0.21517421305179596,-0.06598809361457825,-0.18108366429805756,-0.1431473195552826,1.0
-0.6532551050186157,0.5341899991035461,-0.32420843839645386,0.09275127947330475,-0.002593735232949257,-0.0581321194767952,0.0
-0.03450620174407959,0.22614480555057526,-0.404575914144516,-0.4028927683830261,0.3983059227466583,-0.48967087268829346,0.0
-0.4401099681854248,0.25996068120002747,-0.2534942626953125,-0.12805187702178955,0.06217728555202484,-0.16544122993946075,1.0
-0.4919687509536743,0.32733380794525146,-0.18491467833518982,-0.1377648264169693,0.2809302508831024,0.02759312093257904,0.0
-0.8284815549850464,0.3351975083351135,-0.4578874111175537,-0.0675506666302681,-0.1826229840517044,-0.18164986371994019,0.0
0.0765499472618103,0.6914860010147095,-0.1516871452331543,-0.421402245759964,0.09067390859127045,-0.26202085614204407,0.0
-0.44638556241989136,0.6196094751358032,-0.3387388586997986,-0.14387279748916626,-0.18937528133392334,-0.19479945302009583,1.0
-0.4225011467933655,0.2510228753089905,-0.03757798671722412,-0.23562894761562347,0.12249693274497986,-0.049085505306720734,0.0
-0.7401851415634155,0.4145926833152771,-0.33828794956207275,-0.13622397184371948,-0.1800519824028015,-0.1820879429578781,1.0
-0.40599143505096436,0.5961692929267883,-0.24759991466999054,-0.21770448982715607,-0.15806061029434204,-0.18217356503009796,1.0
0.32096678018569946,-0.22351408004760742,-0.5276950597763062,-0.5568504929542542,0.034016672521829605,0.33684587478637695,0.0
-0.4920769929885864,0.36098405718803406,-0.23564794659614563,-0.04649699479341507,0.001883622258901596,-0.002390936017036438,0.0
-0.578332245349884,0.3585817813873291,-0.3752503991127014,0.04303140938282013,-0.23406992852687836,-0.21511390805244446,1.0
-0.5820600986480713,0.41872626543045044,-0.15611127018928528,-0.11235605180263519,-0.10235520452260971,-0.2285480797290802,1.0
-0.17942753434181213,0.5409115552902222,-0.1774647831916809,-0.02896767109632492,-0.3614816665649414,-0.1308000385761261,1.0
-0.24663588404655457,0.5362228751182556,-0.49304789304733276,-0.11442092061042786,0.06875663995742798,-0.32398509979248047,1.0
-0.6131511926651001,0.3631831407546997,-0.22017733752727509,-0.14410290122032166,-0.020998837426304817,-0.2347693145275116,0.0
-0.7128188610076904,0.3075726628303528,-0.3241783380508423,-0.04087713360786438,-0.2547740340232849,-0.2554730176925659,0.0
-0.34458354115486145,0.43518301844596863,-0.25355350971221924,-0.07162859290838242,-0.15692609548568726,-0.1960907280445099,1.0
-0.14364762604236603,0.17640797793865204,-0.5261396765708923,0.2507552206516266,-0.0020528454333543777,0.13568773865699768,1.0
-0.5948193669319153,0.2936127781867981,-0.11547629535198212,-0.36159464716911316,0.19228290021419525,-0.11270736157894135,0.0
-0.15065090358257294,0.6557694673538208,-0.24035470187664032,-0.3006548285484314,-0.32560187578201294,-0.02293255925178528,1.0
-0.32542943954467773,0.5361024141311646,-0.26017236709594727,-0.0994369313120842,-0.14429007470607758,-0.30184313654899597,1.0
-0.2712239623069763,-0.08377030491828918,-0.42445826530456543,-0.341494619846344,-0.7488827705383301,-0.16177335381507874,0.0
0.13720515370368958,0.43360617756843567,-0.6607769727706909,-0.5596539974212646,-0.0099741006270051,-0.35709747672080994,0.0
-0.48886948823928833,0.25757187604904175,-0.18901580572128296,-0.15032958984375,-0.25804972648620605,-0.24686142802238464,0.0
-0.4304753243923187,0.46295303106307983,-0.33546286821365356,-0.2616662383079529,-0.05317850410938263,-0.08700941503047943,0.0
-0.5565245747566223,0.450434148311615,-0.3258886933326721,-0.036311060190200806,-0.2438984513282776,-0.08516155928373337,1.0
-0.3307761549949646,0.5204346776008606,-0.586372971534729,-0.042351044714450836,0.13944852352142334,-0.015423908829689026,1.0
-0.49964267015457153,0.3746640384197235,-0.2901884913444519,-0.16046467423439026,-0.13225404918193817,-0.1944112479686737,1.0
-0.8017007112503052,0.26496750116348267,-0.4069570302963257,-0.044927507638931274,0.18711812794208527,-0.02816803753376007,1.0
0.011656254529953003,-0.12295699119567871,-0.1334572434425354,-0.24075104296207428,0.011870456859469414,-0.09942492842674255,0.0
-0.30357834696769714,0.546396017074585,-0.3467753529548645,-0.18725694715976715,0.15239638090133667,-0.06357170641422272,0.0
-0.34361305832862854,0.48146286606788635,-0.36694106459617615,0.08705836534500122,-0.1717330664396286,-0.09523724019527435,1.0
-0.5036954283714294,0.20663782954216003,-0.23947982490062714,-0.27633029222488403,-0.02083439752459526,-0.13827644288539886,0.0
-0.07888558506965637,0.9006102681159973,-0.20046070218086243,-0.04582101106643677,0.0506071001291275,-0.1264670044183731,1.0
-0.5297524929046631,0.3257768750190735,-0.08287763595581055,-0.3155425190925598,0.20269298553466797,-0.051025643944740295,0.0
-0.11068487167358398,0.8155776262283325,-0.23088622093200684,-0.10160527378320694,-0.051360443234443665,-0.16176153719425201,1.0
0.05474501848220825,0.061436742544174194,-0.17294543981552124,0.338629812002182,0.2930179834365845,-0.5521610379219055,0.0
-0.5187022686004639,0.2603304088115692,-0.2535367012023926,-0.09618920087814331,0.09234721958637238,-0.013253584504127502,0.0
0.34942692518234253,0.016501396894454956,-0.7090579271316528,-1.0,0.7119318842887878,-0.7007829546928406,0.0
-0.06630080938339233,0.6019952297210693,0.04605218768119812,-0.16174453496932983,0.2502613663673401,-0.06697267293930054,0.0
-0.16988395154476166,0.6686972379684448,-0.5336136817932129,-0.16868969798088074,0.10042432695627213,-0.05225871503353119,1.0
-0.5291703939437866,0.5182302594184875,-0.2889675199985504,-0.06622916460037231,-0.20829293131828308,-0.19275085628032684,0.0
-0.25361955165863037,0.6037601828575134,-0.14317119121551514,-0.3486522436141968,0.05747003108263016,-0.15247194468975067,0.0
-0.15693436563014984,0.8548824787139893,-0.3044493496417999,-0.17399254441261292,-0.02283880114555359,-0.07620841264724731,1.0
-0.3425152599811554,0.45547086000442505,-0.37357091903686523,0.027168110013008118,-0.12397585064172745,-0.04852163791656494,1.0
-0.6945785284042358,0.15028338134288788,-0.4127267003059387,-0.12784039974212646,0.26824843883514404,0.029316306114196777,0.0
0.1983199119567871,-0.22570818662643433,-0.10120859742164612,-0.05114201456308365,0.044636890292167664,-0.29147082567214966,0.0
-0.4895973205566406,0.5524139404296875,-0.40497174859046936,-0.09475099295377731,-0.010779748670756817,-0.015904441475868225,0.0
-0.6214573979377747,0.4653583765029907,-0.059662893414497375,-0.21151044964790344,0.19348853826522827,-0.21858759224414825,0.0
-0.3719707429409027,0.30983659625053406,-0.6540524959564209,-0.051835350692272186,-0.08535077422857285,-0.020878702402114868,1.0
0.5693514347076416,-0.5979570746421814,0.13149628043174744,0.444202184677124,0.03578174486756325,-0.08689314872026443,0.0
-0.39131787419319153,0.6282526850700378,-0.20863914489746094,-0.10615936666727066,-0.22477152943611145,-0.1561213582754135,1.0
-0.2098100185394287,0.8955883979797363,-0.24158644676208496,-0.21849825978279114,-0.0021136589348316193,-0.19194453954696655,1.0
-0.21077202260494232,0.8446288108825684,-0.4242785573005676,-0.11273479461669922,0.1619923710823059,-0.013974785804748535,0.0
-0.07051944732666016,0.579921543598175,-0.39531415700912476,-0.3502727746963501,0.4386540651321411,0.0696568489074707,0.0
-0.45838743448257446,0.377529501914978,-0.10336728394031525,-0.36964985728263855,0.09668830782175064,-0.19254975020885468,0.0
-0.7286430597305298,0.23496975004673004,-0.03320927917957306,-0.255816787481308,-0.03916981443762779,-0.33526286482810974,0.0
-0.8790262341499329,0.15681006014347076,-0.2011963129043579,-0.03192252665758133,0.06412314623594284,-0.1699933409690857,0.0
-0.2840459644794464,0.6910173892974854,-0.23544520139694214,-0.04193110018968582,-0.11353262513875961,-0.12336912751197815,1.0
-0.35622191429138184,0.5338163375854492,-0.09998869895935059,-0.14048661291599274,-0.43386268615722656,-0.20634828507900238,1.0
-0.4568938612937927,0.5013848543167114,-0.22954225540161133,-0.0921570360660553,-0.25186222791671753,-0.27810341119766235,1.0
-0.5063822269439697,0.3571276366710663,-0.07058210670948029,-0.5085986256599426,-0.08226492255926132,-0.3281959295272827,1.0
-0.0384543240070343,0.5053550601005554,-0.6162726283073425,-0.1538528949022293,0.20652510225772858,-0.3104572296142578,0.0
-0.6884651780128479,0.27638527750968933,-0.2326791137456894,-0.0771854966878891,0.192840576171875,-0.09706009924411774,0.0
-0.29416707158088684,0.4767633080482483,-0.2607043385505676,0.00020803511142730713,-0.3149496018886566,-0.12925681471824646,1.0
-0.7570717930793762,0.43600159883499146,-0.3541290760040283,-0.12014186382293701,-0.2429157793521881,-0.19498851895332336,1.0
-0.8718544244766235,0.08974966406822205,-0.23238621652126312,-0.16691534221172333,0.34051957726478577,-0.09010805934667587,0.0
-0.8619678616523743,0.2061842679977417,-0.4576651453971863,-0.04358780384063721,0.10100245475769043,-0.040837086737155914,1.0
-0.15953747928142548,0.7828138470649719,-0.334464967250824,-0.25587332248687744,-0.12973174452781677,-0.08924320340156555,1.0
-0.17954352498054504,0.8187336921691895,-0.22458037734031677,-0.11055156588554382,-0.10052580386400223,-0.1857360154390335,1.0
-0.7676575183868408,0.18688052892684937,-0.37147367000579834,-0.11983560025691986,0.11283326148986816,-0.11015006899833679,1.0
-0.3678388297557831,0.6303755044937134,-0.18944603204727173,-0.06619861721992493,-0.2453238070011139,-0.20380902290344238,1.0
-0.8462780117988586,0.22187268733978271,-0.35585182905197144,0.005993828177452087,-0.20227792859077454,-0.2276950478553772,1.0
-0.5382682085037231,0.5609032511711121,-0.28563955426216125,-0.00711512565612793,-0.12197047472000122,-0.15629291534423828,1.0
-0.2877919673919678,0.7418793439865112,-0.39784106612205505,-0.10434317588806152,0.0632271021604538,-0.0022080689668655396,1.0
-0.5834081172943115,0.32481658458709717,-0.32101282477378845,0.06767112016677856,0.15959453582763672,-0.08586098998785019,1.0
-0.4705968499183655,0.27933409810066223,-0.058313727378845215,-0.17007505893707275,-0.1182761937379837,-0.2900239825248718,1.0
-0.9060876369476318,0.04761224985122681,-0.059204816818237305,-0.28644803166389465,0.17565056681632996,-0.2086874395608902,0.0
-0.5180354714393616,0.4717457592487335,-0.4107059836387634,-0.12118081003427505,-0.10282725840806961,-0.18983760476112366,1.0
-0.4729926288127899,0.5873854756355286,-0.29493075609207153,-0.16504035890102386,-0.28593823313713074,-0.23851004242897034,1.0
-0.5335688591003418,0.5291270017623901,-0.36566925048828125,-0.18911218643188477,-0.24770274758338928,-0.22123949229717255,1.0
-0.6776454448699951,0.31521743535995483,-0.4437403082847595,0.11500489711761475,-0.07695496082305908,-0.06453686952590942,1.0
-0.3546953797340393,0.49909108877182007,-0.3337322771549225,0.036671027541160583,0.05731413513422012,-0.2662629187107086,0.0
-0.38352170586586,0.45801928639411926,-0.25749996304512024,-0.1328592151403427,-0.36845797300338745,-0.22676168382167816,1.0
-0.09622982144355774,0.46744030714035034,-0.07215043902397156,-0.09236391633749008,-0.07511527836322784,-0.3387868404388428,0.0
0.198339581489563,0.670738697052002,-0.32186734676361084,0.1270865499973297,0.1921454817056656,-0.19681185483932495,1.0
0.21080607175827026,-0.22925639152526855,-0.5660898089408875,-0.43363940715789795,-0.40833190083503723,0.11373627185821533,0.0
-0.013801485300064087,0.845464825630188,-0.19875915348529816,-0.03632678836584091,0.12986940145492554,-0.06978638470172882,1.0
-0.6394014358520508,0.14581742882728577,-0.20229178667068481,-0.17041167616844177,0.39245814085006714,-0.18906044960021973,0.0
-0.5604895353317261,0.5319632291793823,-0.28946325182914734,-0.06878650188446045,-0.2692074477672577,-0.20353750884532928,0.0
-0.7497100234031677,0.3307325839996338,-0.20192575454711914,-0.11653414368629456,-0.05648243427276611,-0.16168539226055145,1.0
-0.5721588134765625,0.5212646722793579,-0.2977844774723053,-0.20268653333187103,-0.19941456615924835,-0.19316115975379944,1.0
-0.3770120143890381,0.6319265961647034,-0.2616603374481201,-0.06496106088161469,-0.2157381922006607,-0.1812783032655716,1.0
-0.39644601941108704,0.4991210401058197,-0.13933511078357697,-0.35075169801712036,-0.2973940074443817,-0.34586867690086365,1.0
-0.4313317537307739,0.7401353120803833,-0.35024458169937134,-0.07604202628135681,0.060804516077041626,-0.006461009383201599,1.0
-0.8793046474456787,0.2846442461013794,-0.34461450576782227,-0.13836470246315002,-0.1680006980895996,-0.2553204596042633,0.0
0.110588937997818,0.2474801242351532,-0.6870869994163513,-0.3777942657470703,0.7728263139724731,-0.21871478855609894,0.0
-0.4694310128688812,0.39310693740844727,0.045630693435668945,-0.31672513484954834,-0.16215749084949493,-0.36736395955085754,1.0
-0.18588878214359283,0.7315123081207275,-0.14160597324371338,0.02531147003173828,-0.050955723971128464,-0.1049589291214943,1.0
-0.31327587366104126,0.7204059958457947,-0.194233238697052,-0.28181958198547363,-0.22830985486507416,-0.1837613731622696,0.0
-0.2849578261375427,0.66945481300354,-0.1757338047027588,0.09723185002803802,0.036467548459768295,-0.1448851376771927,0.0
-0.21094174683094025,0.485329806804657,0.1182759702205658,-0.39660462737083435,0.2537570893764496,-0.11185888200998306,0.0
0.08720871806144714,0.16760239005088806,-0.7583991289138794,-0.6646616458892822,-0.3859799802303314,-0.0004698038101196289,0.0
-0.08164721727371216,0.7405192852020264,-0.3410559296607971,-0.32456645369529724,-0.11237157136201859,-0.3135162591934204,1.0
-0.844058632850647,0.3024095594882965,-0.3643898069858551,-0.11156399548053741,-0.13181935250759125,-0.16326934099197388,1.0
-0.4903532564640045,0.39219555258750916,-0.30391934514045715,-0.2526717483997345,-0.04191712662577629,-0.28905192017555237,1.0
-0.18158301711082458,0.29409828782081604,-0.35861802101135254,-0.23910485208034515,-0.43927356600761414,-0.020650923252105713,0.0
-0.7772669792175293,0.3631654381752014,-0.2956470251083374,0.046073779463768005,0.011532770469784737,-0.10611335933208466,1.0
-0.23109786212444305,0.43974611163139343,-0.16376154124736786,-0.4287532866001129,0.28336527943611145,-0.09117268025875092,0.0
-0.5292515754699707,0.5948359966278076,-0.314152330160141,-0.2273937165737152,-0.28961682319641113,-0.15727601945400238,1.0
-0.29363688826560974,0.7280138731002808,-0.27751055359840393,-0.187738299369812,-0.20004068315029144,-0.11856807768344879,1.0
-0.05368912220001221,0.6172828674316406,-0.3758160471916199,0.05880029499530792,0.07604023069143295,-0.21814167499542236,1.0
-0.520266592502594,0.5499311089515686,-0.2279188334941864,-0.05415999889373779,-0.2169971913099289,-0.200020432472229,0.0
-0.17187021672725677,0.7239323258399963,-0.28780072927474976,-0.2475263625383377,-0.14270472526550293,-0.11842641234397888,1.0
-0.5166336894035339,0.28328701853752136,-0.22855792939662933,-0.35470741987228394,-0.17080563306808472,-0.21895751357078552,1.0
-0.10453242063522339,0.3101844787597656,-0.2622576951980591,-0.007717683911323547,-0.22282740473747253,-0.17166827619075775,0.0
-0.8187574148178101,0.15135030448436737,-0.12734316289424896,-0.2939921021461487,0.21177692711353302,-0.11143971979618073,1.0
0.4498031735420227,-0.5040299296379089,-0.742281436920166,-0.29972249269485474,-0.35936424136161804,-0.07843505591154099,0.0
-0.7224206924438477,0.3801412582397461,-0.35543093085289,-0.13531513512134552,0.10446003824472427,-0.033575303852558136,1.0
-0.8801939487457275,0.12816917896270752,-0.19544804096221924,-0.30984848737716675,-0.018461931496858597,-0.2711430788040161,1.0
0.12055748701095581,-0.008728176355361938,-0.6087266802787781,-0.42761674523353577,-0.2367410808801651,-0.0661328136920929,0.0
-0.04628396034240723,0.7781776189804077,-0.2958315312862396,-0.45632290840148926,-0.10927929729223251,-0.30130380392074585,0.0
-0.74774169921875,0.33365845680236816,-0.33894285559654236,-0.13090085983276367,-0.08199414610862732,-0.16890087723731995,1.0
0.13094228506088257,0.7483274936676025,-0.33822283148765564,0.020740166306495667,0.13378112018108368,-0.3673744201660156,1.0
-0.17243477702140808,-0.1751442551612854,-0.8258671164512634,0.14231151342391968,-0.06300178170204163,0.2292114496231079,0.0
-0.3243181109428406,0.6061713695526123,-0.29153257608413696,-0.22334709763526917,-0.1351953148841858,-0.1854713261127472,1.0
0.11746546626091003,0.09123355150222778,-0.7480058073997498,-0.19378870725631714,-0.09697385877370834,0.20386099815368652,0.0
-0.5882523655891418,0.38992127776145935,-0.31734535098075867,-0.23347094655036926,-0.3522351384162903,-0.2569792866706848,1.0
-0.31924062967300415,0.6126106977462769,-0.1217021644115448,-0.3529168963432312,-0.06914965808391571,-0.14564105868339539,0.0
-0.5831360220909119,0.45677679777145386,-0.1914415955543518,-0.07942464202642441,-0.18014642596244812,-0.2314685881137848,1.0
0.2835853099822998,0.025601357221603394,0.1429244577884674,0.4255959391593933,0.016859158873558044,0.0435650497674942,0.0
-0.7935576438903809,0.3740740120410919,-0.29917967319488525,-0.015461191534996033,-0.12445705384016037,-0.14446280896663666,0.0
0.09661298990249634,0.07307955622673035,-0.3956378698348999,0.22562512755393982,-0.17439007759094238,-0.12536309659481049,0.0
-0.6079828143119812,0.26455241441726685,-0.11310642957687378,-0.18218490481376648,0.28897717595100403,-0.12070911377668381,0.0
-0.5719064474105835,0.43916285037994385,-0.3271893858909607,-0.2602529525756836,0.006927322596311569,-0.08842235058546066,1.0
-0.4102613627910614,0.607481062412262,-0.30373436212539673,-0.037578605115413666,-0.1367539018392563,-0.1663443148136139,1.0
-0.007327526807785034,0.38725462555885315,-0.6121705770492554,-0.3818233013153076,0.45546966791152954,-0.544708788394928,0.0
-0.06350162625312805,-0.14953923225402832,-0.4776471257209778,0.2746449112892151,0.07744541019201279,0.12731218338012695,0.0
-0.01389661431312561,0.697052001953125,-0.36812546849250793,0.05855646729469299,0.1812812238931656,-0.2371675670146942,1.0
-0.4609616696834564,0.2177339345216751,-0.03226764500141144,-0.30104127526283264,-0.22168400883674622,-0.3809261918067932,1.0
-0.5214980840682983,0.5349202156066895,-0.3585786819458008,-0.15790632367134094,-0.14772315323352814,-0.17266741394996643,1.0
0.12031379342079163,0.37970688939094543,-0.39974483847618103,-0.5628833770751953,-0.12691599130630493,0.2518269419670105,0.0
-0.27998846769332886,0.39880844950675964,-0.14684034883975983,-0.3618181347846985,-0.2718889117240906,-0.15088233351707458,0.0
-0.05951586365699768,0.6836004257202148,-0.04019971191883087,-0.3068438768386841,-0.30759692192077637,-0.3079598546028137,1.0
-0.7982449531555176,0.31976109743118286,-0.3036804795265198,-0.01670888066291809,0.092403344810009,-0.06542911380529404,0.0
-0.6030745506286621,0.35079291462898254,-0.29821935296058655,-0.013591930270195007,0.10710464417934418,-0.09580226242542267,0.0
-0.584141194820404,0.20521748065948486,-0.06633351743221283,-0.5147433280944824,-0.08600079268217087,-0.4049568176269531,1.0
-0.5946515798568726,0.04845622181892395,-0.17636755108833313,-0.14727461338043213,0.29483655095100403,-0.03475546836853027,0.0
-0.4454241991043091,0.41327929496765137,-0.11223268508911133,-0.19380730390548706,-0.03540441393852234,-0.2496473640203476,1.0
-0.5923637747764587,0.5287536382675171,-0.37877824902534485,-0.07542909681797028,-0.03864096850156784,-0.054285094141960144,0.0
-0.3754745125770569,0.5789890289306641,-0.11867314577102661,-0.17633283138275146,-0.17400415241718292,-0.25453758239746094,1.0
-0.17998303472995758,0.5578020811080933,-0.1477513462305069,-0.14907555282115936,-0.32622620463371277,-0.09378455579280853,1.0
0.11053618788719177,0.9101690649986267,-0.3344733417034149,-0.2715803384780884,0.037542808800935745,-0.08780303597450256,1.0
-0.2628701627254486,0.35412299633026123,-0.4895251393318176,-0.10570001602172852,-0.0015315357595682144,-0.03379053622484207,1.0
-0.01492956280708313,0.7285017371177673,-0.47793394327163696,-0.2000674605369568,0.0691947489976883,-0.226046621799469,1.0
-0.22454187273979187,0.4411163330078125,-0.2830647826194763,-0.059598036110401154,-0.32338806986808777,-0.1757216453552246,1.0
-0.3839268684387207,0.3557925820350647,-0.038195013999938965,-0.36091428995132446,0.015393197536468506,-0.28750455379486084,0.0
-0.8478885889053345,0.09095755219459534,-0.019399493932724,-0.25368452072143555,0.06268493086099625,-0.3064931631088257,0.0
-0.826802134513855,0.1916910856962204,-0.2888337969779968,-0.2233876883983612,0.3176732361316681,-0.06718151271343231,0.0
-0.28621357679367065,0.42541301250457764,-0.33031392097473145,-0.09864018857479095,-0.20460543036460876,-0.19761216640472412,1.0
0.25805437564849854,0.3881594240665436,0.03908640146255493,0.31472766399383545,0.134412944316864,-0.6134819984436035,0.0
-0.4693324565887451,0.33128419518470764,-0.005468457937240601,-0.4868948459625244,0.01412966102361679,-0.2848341763019562,0.0
-0.001325756311416626,0.9248383045196533,-0.3170720934867859,-0.23155198991298676,0.009387755766510963,-0.009741589426994324,1.0
-0.7309458255767822,0.2840706706047058,-0.34127137064933777,0.023131906986236572,0.021703261882066727,-0.0596252977848053,1.0
-0.5270262360572815,0.15180116891860962,-0.1046305000782013,-0.47616589069366455,0.04654952883720398,-0.17057375609874725,0.0
-0.32721155881881714,0.41456642746925354,-0.12582412362098694,-0.47905057668685913,0.024366971105337143,-0.24482426047325134,1.0
-0.7338643074035645,0.30330488085746765,-0.1366502344608307,-0.13201986253261566,0.008188851177692413,-0.250779926776886,0.0
-0.8642557859420776,-0.012828975915908813,-0.2419830858707428,-0.08856374025344849,0.339280903339386,0.01603439450263977,0.0
-0.5108274817466736,0.5760340690612793,-0.31628191471099854,-0.12993012368679047,-0.1279405653476715,-0.12055834382772446,0.0
-0.010329991579055786,0.340695321559906,-0.31114062666893005,0.18555736541748047,-0.020731130614876747,0.19425085186958313,0.0
-0.6893422603607178,0.09450626373291016,-0.04333682358264923,-0.3058120310306549,0.010856067761778831,-0.2638740837574005,1.0
-0.3628484606742859,0.5982137322425842,-0.39871135354042053,-0.16125452518463135,-0.18550053238868713,-0.13326743245124817,1.0
-0.8546891212463379,0.15042050182819366,-0.2206900268793106,-0.03194331377744675,0.13227470219135284,-0.05142824351787567,0.0
-0.5399693250656128,0.5685470104217529,-0.3913452625274658,-0.12462814152240753,-0.19155506789684296,-0.19321274757385254,1.0
-0.4873300790786743,0.35604673624038696,-0.21410848200321198,-0.2637742757797241,0.2521892488002777,-0.06023290008306503,0.0
-0.8830674290657043,0.2810741066932678,-0.3023435175418854,-0.11307904124259949,-0.004188855178654194,-0.11487331986427307,1.0
0.04366588592529297,0.5937659740447998,-0.28355205059051514,0.10995954275131226,0.07865842431783676,-0.3309844136238098,1.0
-0.055388420820236206,0.7950119972229004,-0.1985688954591751,-0.2831597328186035,-0.03800707310438156,-0.12317223846912384,1.0
-0.6937042474746704,0.30543845891952515,-0.4043979346752167,-0.07311026006937027,-0.11924084275960922,-0.1579626500606537,0.0
-0.47345635294914246,0.464982807636261,-0.4236448407173157,0.01830078661441803,-0.06573940068483353,-0.23613858222961426,1.0
-0.04259184002876282,0.2472638636827469,-0.5096073150634766,-0.21304959058761597,-0.1259288191795349,0.033683910965919495,0.0
-0.6557143330574036,0.3437100052833557,-0.4431892931461334,-0.051381103694438934,-0.19631561636924744,-0.10697748512029648,1.0
-0.15933342278003693,0.36867547035217285,-0.3410045802593231,-0.4990878105163574,-0.3844696879386902,-0.15443570911884308,0.0
-0.6400676965713501,0.1161239743232727,-0.26097267866134644,-0.1816747784614563,0.33933427929878235,0.002726152539253235,0.0
-0.039006203413009644,0.4498199224472046,0.3412353992462158,-0.1394515037536621,-0.032618701457977295,-0.20174194872379303,0.0
0.020408153533935547,0.6391609907150269,-0.24872204661369324,0.1787584125995636,0.12712855637073517,-0.29635167121887207,1.0
-0.4716014266014099,0.3854466676712036,-0.35788318514823914,-0.03615819662809372,-0.0904213935136795,-0.025365754961967468,0.0
-0.2469058334827423,0.5939513444900513,-0.2892981171607971,-0.0017175376415252686,-0.13541457056999207,-0.20453935861587524,1.0
-0.25781217217445374,0.4320191442966461,-0.06589852273464203,-0.5742195844650269,0.26937949657440186,-0.2632051110267639,0.0
-0.08414411544799805,0.4878794252872467,-0.2851358950138092,0.05641944706439972,0.25091949105262756,-0.14754989743232727,0.0
-0.5956325531005859,0.1462867110967636,-0.19550618529319763,-0.20234602689743042,0.2879449427127838,-0.10648554563522339,0.0
-0.7831462621688843,0.20755340158939362,-0.23814590275287628,-0.26378247141838074,0.13733644783496857,-0.1669255793094635,1.0
-0.7594232559204102,0.06804949045181274,-0.05269883573055267,-0.26223599910736084,0.09554613381624222,-0.16314774751663208,1.0
-0.6463418006896973,0.18550793826580048,-0.05366981029510498,-0.2975195348262787,-0.026607859879732132,-0.3550030589103699,0.0
-0.7505844831466675,0.40205100178718567,-0.42770642042160034,0.06290137767791748,-0.0060886479914188385,-0.06403353810310364,0.0
-0.674086332321167,0.469008207321167,-0.44357621669769287,-0.06650339066982269,-0.12673833966255188,-0.1643398255109787,1.0
-0.7739032506942749,0.3185003399848938,-0.3334241211414337,-0.14549657702445984,0.10938897728919983,-0.109881192445755,0.0
-0.8010292053222656,0.27495890855789185,-0.3425094783306122,-0.01516599953174591,-0.22410137951374054,-0.2741187810897827,1.0
-0.17293210327625275,0.5439866185188293,-0.4212724566459656,0.01709243655204773,-0.018491622060537338,-0.18532875180244446,1.0
-0.5195938348770142,0.43666312098503113,-0.162663996219635,-0.031767912209033966,-0.022021057084202766,-0.22320662438869476,1.0
-0.6065951585769653,0.28887230157852173,-0.21345870196819305,-0.31718772649765015,0.24532461166381836,-0.09861995279788971,0.0
-0.5011661052703857,0.5641292929649353,-0.20524713397026062,-0.07089787721633911,-0.23162567615509033,-0.23096558451652527,1.0
-0.6350517868995667,0.5062536001205444,-0.20690684020519257,-0.12148653715848923,-0.29772108793258667,-0.2523958683013916,1.0
0.34649574756622314,-0.6149009466171265,-0.6933276057243347,-0.6777422428131104,-0.16255365312099457,-0.015047833323478699,0.0
-0.9240722060203552,0.15410570800304413,-0.31948423385620117,-0.13752157986164093,0.18701328337192535,-0.025215357542037964,1.0
-0.4752212166786194,0.42482492327690125,-0.3079163432121277,-0.21230098605155945,0.2456786036491394,-0.020010486245155334,0.0
-0.6384590864181519,0.3594402074813843,-0.257761687040329,-0.06588982790708542,-0.07449488341808319,-0.10657596588134766,0.0
-0.10404124855995178,0.6626691818237305,-0.500733494758606,-0.11140937358140945,0.04289911687374115,-0.08247318863868713,1.0
-0.46092677116394043,0.6380259990692139,-0.419156014919281,-0.07909779250621796,-0.07774916291236877,-0.060018494725227356,1.0
-0.26859423518180847,0.37410739064216614,0.012335479259490967,-0.23317991197109222,0.20246975123882294,-0.1675109565258026,0.0
-0.5700858235359192,0.3331254720687866,-0.12262338399887085,-0.15991348028182983,0.12747755646705627,-0.16965234279632568,0.0
-0.7397531270980835,0.31906723976135254,-0.2869732975959778,-0.001806795597076416,-0.2670331299304962,-0.19373160600662231,1.0
-0.7605156898498535,0.1607433557510376,-0.2476058155298233,-0.13030490279197693,-0.03246384859085083,-0.20481333136558533,1.0
-0.8912511467933655,0.20784084498882294,-0.4519687592983246,0.11934947967529297,0.14924980700016022,0.0181683748960495,1.0
-0.387827605009079,0.5980645418167114,-0.22571247816085815,-0.13274486362934113,0.1232471615076065,-0.05511617660522461,0.0
-0.30077916383743286,0.6390626430511475,-0.20276668667793274,-0.07494467496871948,-0.1717139482498169,-0.16274607181549072,1.0
0.022940218448638916,0.8259782791137695,-0.3559096157550812,-0.2829973101615906,0.004791105166077614,-0.13371731340885162,1.0
-0.3771250545978546,0.23472903668880463,-0.4769672155380249,-0.1673661470413208,0.516061007976532,-0.383931040763855,0.0
-0.8340003490447998,0.12418398261070251,-0.12383700907230377,-0.180352583527565,0.32872650027275085,-0.04745997488498688,1.0
-0.040005654096603394,0.6961026191711426,-0.4475488066673279,-0.10910359025001526,0.06689341366291046,-0.23294317722320557,1.0
-0.07874271273612976,0.6946231722831726,-0.17549951374530792,-0.11636127531528473,-0.11585792899131775,-0.1964775174856186,1.0
-0.6800244450569153,0.323756605386734,-0.39946430921554565,0.008328616619110107,0.0016283392906188965,-0.09849841147661209,1.0
-0.3830834627151489,0.34141799807548523,-0.04865163564682007,-0.23014435172080994,0.24294954538345337,-0.02378380298614502,0.0
-0.03944620490074158,0.535992443561554,-0.42479023337364197,-0.3711521029472351,0.3022347092628479,-0.16427500545978546,0.0
0.21562284231185913,0.026271820068359375,-0.6401818990707397,-0.3274931311607361,-0.15006470680236816,0.009673342108726501,0.0
-0.38132238388061523,0.6376935243606567,-0.3027873635292053,-0.21373802423477173,-0.24460959434509277,-0.18628212809562683,1.0
-0.25665533542633057,0.2662961184978485,-0.6227123737335205,-0.1051623597741127,-0.13468500971794128,-0.12223514914512634,1.0
-0.6104210615158081,0.3198654055595398,-0.33407583832740784,-0.04923035204410553,-0.18507571518421173,-0.2176479995250702,1.0
-0.07516464591026306,0.07746514678001404,-0.10281223058700562,-0.18026766180992126,-0.34318554401397705,-0.3473663926124573,0.0
-0.19529272615909576,0.7830783128738403,-0.3740726113319397,-0.17427968978881836,-0.06539694219827652,-0.04253765940666199,1.0
-0.6079822778701782,0.3957749605178833,-0.15022778511047363,-0.1363905668258667,-0.08875652402639389,-0.27041012048721313,1.0
-0.3451630473136902,0.6477510929107666,-0.2531987726688385,-0.2768493890762329,-0.13983353972434998,-0.11319887638092041,1.0
-0.6421129703521729,0.18642538785934448,-0.0945877879858017,-0.2485816329717636,-0.10250071436166763,-0.2459544986486435,1.0
-0.043506741523742676,0.3673659563064575,-0.5557224750518799,-0.252075731754303,0.48898744583129883,-0.5496855974197388,0.0
0.07461157441139221,0.08279967308044434,-0.10028913617134094,-0.18895620107650757,-0.38897866010665894,-0.3896840810775757,0.0
-0.29945263266563416,0.6500160694122314,-0.2799943685531616,-0.11750876903533936,-0.09122946858406067,-0.11565276235342026,1.0
-0.5180692672729492,0.31152692437171936,0.006857752799987793,-0.22796288132667542,0.21571528911590576,-0.21583130955696106,0.0
-0.5432744026184082,0.3922073543071747,-0.2049093097448349,-0.1283615231513977,0.18612079322338104,-0.10233698785305023,0.0
-0.29568541049957275,0.664482831954956,-0.2676328122615814,-0.07276260852813721,-0.09454574435949326,-0.14485818147659302,1.0
-0.36963313817977905,0.5783529877662659,-0.27637267112731934,-0.07740548253059387,0.04674249887466431,-0.04289548099040985,0.0
-0.37656083703041077,0.5706112384796143,-0.37514230608940125,-0.13836728036403656,-0.12450668960809708,-0.09581518918275833,1.0
-0.6681041121482849,0.3570641577243805,-0.48285621404647827,-0.02859647572040558,-0.17134355008602142,-0.11808330565690994,1.0
-0.27554070949554443,0.6181627511978149,-0.17196644842624664,-0.14744092524051666,-0.2693115472793579,-0.2707218825817108,1.0
-0.3813202679157257,0.5101006031036377,-0.30074241757392883,-0.22338300943374634,-0.11274975538253784,-0.1486808806657791,1.0
-0.2135094553232193,0.6287813186645508,0.00572967529296875,-0.22671222686767578,-0.00702599436044693,-0.07271448522806168,0.0
-0.7109284996986389,0.31199556589126587,-0.4224918484687805,-0.10128893703222275,-0.2697475850582123,-0.18412435054779053,1.0
-0.08253845572471619,0.9026385545730591,-0.24502231180667877,-0.3330165147781372,-0.013366478495299816,-0.22038808465003967,1.0
-0.02935066819190979,0.21428558230400085,-0.3492089509963989,0.10142940282821655,-0.014552664011716843,-0.15717311203479767,0.0
-0.6131618022918701,0.3979405462741852,-0.21447782218456268,-0.03977338969707489,-0.08840469270944595,-0.13133157789707184,1.0
0.7784004211425781,-0.6742358207702637,0.3845137357711792,-0.08231937885284424,-0.350446879863739,-0.4788864850997925,0.0
-0.18990273773670197,0.760675311088562,-0.3091636896133423,-0.15012525022029877,0.028406482189893723,-0.07123716175556183,1.0
0.013672441244125366,0.07183980941772461,-0.18526721000671387,-0.6322214603424072,0.05549314618110657,0.20205703377723694,0.0
-0.9409125447273254,0.18897926807403564,-0.40330564975738525,-0.019525066018104553,-0.007458065636456013,-0.08548696339130402,1.0
-0.1478026658296585,0.2905265688896179,-0.45235970616340637,-0.2011566013097763,0.04714345186948776,0.5383701324462891,0.0
0.10169243812561035,0.04124516248703003,-0.25799116492271423,0.13975390791893005,-0.2895456850528717,-0.3283391296863556,0.0
-0.5739239454269409,0.5337480306625366,-0.30789414048194885,0.040875405073165894,-0.10892190784215927,-0.15025238692760468,1.0
-0.7493019700050354,0.17358841001987457,-0.2151559740304947,-0.09082269668579102,-0.1638866364955902,-0.2667890787124634,1.0
0.026336878538131714,0.08568334579467773,-0.16766351461410522,0.03145456314086914,0.01181183010339737,0.0388014018535614,0.0
-0.44126102328300476,0.6640044450759888,-0.220312237739563,-0.043137647211551666,-0.14296966791152954,-0.11651673913002014,1.0
0.1505037546157837,0.705492377281189,-0.5193841457366943,-0.18638263642787933,0.15486019849777222,-0.041463837027549744,1.0
-0.2705073356628418,0.556290864944458,-0.3924272060394287,-0.1501353681087494,-0.2502984404563904,-0.14251704514026642,1.0
-0.4208396375179291,0.5531665086746216,-0.3594418168067932,-0.18175488710403442,-0.2809043526649475,-0.05578485131263733,1.0
-0.2235419750213623,0.5717809200286865,0.16651177406311035,-0.3816051185131073,-0.12264184653759003,-0.32847702503204346,0.0
-0.8478885889053345,0.09095755219459534,-0.019399493932724,-0.25368452072143555,0.06268493086099625,-0.3064931631088257,0.0
-0.17602501809597015,0.6154093146324158,-0.29010629653930664,-0.22952544689178467,-0.3364105522632599,-0.01851503551006317,1.0
-0.8722338676452637,0.2131633311510086,-0.30785608291625977,-0.15053559839725494,-0.10159614682197571,-0.231118306517601,0.0
-0.655443012714386,0.2575656771659851,-0.17503178119659424,-0.044637396931648254,0.2599611282348633,-0.14558176696300507,0.0
-0.4052991569042206,0.46681779623031616,-0.20440948009490967,-0.08773768693208694,-0.3103294372558594,-0.22123831510543823,1.0
-0.4781908392906189,0.38184380531311035,-0.10052084922790527,-0.4169803857803345,-0.1255238950252533,-0.3727584183216095,1.0
0.08278053998947144,0.967006504535675,-0.33613622188568115,-0.22993603348731995,0.09773342311382294,-0.022193416953086853,1.0
-0.45721113681793213,0.2970638871192932,-0.360230028629303,-0.16070377826690674,-0.26689308881759644,-0.1390836387872696,1.0
-0.950559675693512,0.23500500619411469,-0.31180495023727417,0.01017451286315918,-0.09332001209259033,-0.0824226438999176,0.0
-0.46673300862312317,0.5414829850196838,-0.4251331090927124,-0.09575940668582916,-0.14084792137145996,0.026485741138458252,1.0
-0.11701469123363495,0.20083633065223694,-0.6754316687583923,-0.04566232115030289,0.012012248858809471,-0.04953642934560776,0.0
-0.10727331042289734,0.7768769860267639,-0.2808716297149658,-0.3380071222782135,-0.10206444561481476,-0.1583888679742813,1.0
-0.13007813692092896,0.3789123296737671,-0.4848305583000183,-0.24789495766162872,0.2519194483757019,-0.5457639694213867,1.0
-0.1827474683523178,0.5437123775482178,-0.2858120799064636,-0.3511846959590912,0.010197607800364494,-0.1804831326007843,1.0
-0.32618236541748047,0.5156382322311401,-0.2623031735420227,-0.30171796679496765,0.0047227684408426285,-0.3034200668334961,1.0
-0.45616045594215393,0.39881086349487305,-0.11720706522464752,-0.16035182774066925,0.07937587052583694,-0.22662439942359924,0.0
-0.6982071399688721,0.3774612545967102,-0.27311402559280396,-0.07821150124073029,0.012239858508110046,-0.08596856892108917,1.0
-0.7394285202026367,0.12710297107696533,-0.24825039505958557,-0.19960471987724304,0.4136219322681427,0.07990708947181702,0.0
-0.17303362488746643,0.7020881175994873,-0.21299615502357483,-0.046783022582530975,-0.21304604411125183,-0.14097104966640472,1.0
-0.44926393032073975,0.31899797916412354,-0.15851327776908875,-0.31986579298973083,0.2814904749393463,-0.03944636881351471,1.0
-0.2080521583557129,0.3073970079421997,0.005202502012252808,-0.16696682572364807,-0.16509658098220825,-0.057636648416519165,0.0
-0.41437235474586487,0.5119814276695251,-0.057791903614997864,-0.23756635189056396,-0.11285794526338577,-0.21716657280921936,0.0
-0.47788286209106445,0.4310791790485382,-0.2911807894706726,-0.018114790320396423,-0.2219218909740448,-0.18708276748657227,1.0
-0.22361135482788086,0.2179412841796875,-0.04749126732349396,-0.6317181587219238,-0.1105392798781395,-0.20575007796287537,1.0
-0.12074774503707886,0.39174872636795044,-0.564511239528656,0.1592608094215393,0.32185643911361694,-0.42416512966156006,0.0
0.20720088481903076,-0.28379136323928833,-0.37041229009628296,0.25370118021965027,-0.12307918071746826,-0.14736159145832062,0.0
-0.36384209990501404,0.43638914823532104,-0.31225132942199707,-0.038677237927913666,-0.24114996194839478,-0.22209638357162476,1.0
-0.6175417900085449,0.4006291627883911,-0.4652472734451294,-0.07818101346492767,-0.14073701202869415,-0.05995766073465347,1.0
0.38622134923934937,-0.36628490686416626,-0.7109524011611938,-0.6328696012496948,-0.2813493311405182,-0.3199920654296875,0.0
-0.11838531494140625,0.8655509948730469,-0.37741076946258545,-0.1756879687309265,0.07515549659729004,-0.07587409764528275,1.0
-0.46480125188827515,0.2802445590496063,-0.006794333457946777,-0.24694299697875977,0.2448139488697052,-0.11555181443691254,0.0
-0.8526979684829712,0.08246394991874695,-0.2379961758852005,-0.04228314012289047,0.3018991947174072,-0.08399609476327896,1.0
-0.20919302105903625,0.6145724654197693,-0.3990126848220825,0.1301441788673401,0.13366913795471191,-0.010323852300643921,1.0
-0.43276435136795044,0.34926795959472656,-0.2577132284641266,-0.36166369915008545,-0.2506486475467682,-0.23384885489940643,1.0
-0.5596967935562134,0.23736253380775452,-0.0779096782207489,-0.1842571645975113,0.1559462696313858,-0.20308728516101837,0.0
-0.24892818927764893,0.7033589482307434,-0.3359684646129608,-0.20822814106941223,-0.20865456759929657,-0.18916890025138855,1.0
0.060414671897888184,0.917955756187439,-0.261875182390213,-0.35530972480773926,-0.024388384073972702,-0.20688341557979584,1.0
-0.689348578453064,0.37568455934524536,-0.3884817361831665,-0.1287357360124588,0.018634267151355743,-0.1376117765903473,0.0
-0.2601339519023895,0.6805047988891602,-0.31751760840415955,-0.01521773636341095,-0.05409592390060425,-0.1515480875968933,1.0
-0.5120073556900024,0.3672220706939697,-0.29418718814849854,-0.22903774678707123,0.042075272649526596,-0.17752590775489807,1.0
0.4606117606163025,0.1168539822101593,1.0000001192092896,0.2746727764606476,-0.6846718788146973,0.7135720252990723,0.0
-0.17347273230552673,-0.01913285255432129,-0.1898963749408722,-0.1668088734149933,-0.4420453608036041,-0.29616183042526245,0.0
-0.31271815299987793,0.3770856559276581,-0.11454908549785614,-0.15827415883541107,0.2299480140209198,-0.16908586025238037,0.0
-0.3518476188182831,0.7746455669403076,-0.29692307114601135,-0.19857074320316315,-0.12318599969148636,-0.019388899207115173,1.0
-0.9703755974769592,0.24337926506996155,-0.3740386366844177,-0.04637240618467331,-0.16745290160179138,-0.17678074538707733,1.0
0.3066444396972656,0.660730242729187,-0.26619890332221985,0.10336041450500488,0.17220579087734222,-0.4137503206729889,1.0
-0.6327377557754517,0.4647095203399658,-0.32052868604660034,-0.0020209699869155884,-0.05577826499938965,-0.13419434428215027,1.0
-0.3864710330963135,0.46414726972579956,-0.3926871418952942,0.009250283241271973,-0.12679137289524078,-0.11232546716928482,1.0
-0.4530145227909088,0.5298645496368408,-0.4042191505432129,-0.18297868967056274,-0.10542535036802292,-0.18499118089675903,0.0
-0.6975870132446289,0.48692619800567627,-0.22608155012130737,-0.08102066069841385,-0.2940840423107147,-0.25063735246658325,0.0
-0.1058562695980072,0.8177812099456787,-0.3651890158653259,-0.2325938493013382,0.08513890206813812,-0.06595541536808014,1.0
-0.3047737777233124,0.37933340668678284,-0.5545756816864014,0.1423616111278534,0.2459469437599182,-0.23620904982089996,0.0
0.2726551294326782,0.6992363929748535,-0.265946626663208,-0.6019604802131653,0.5070174932479858,0.2861544191837311,0.0
-0.11923874914646149,0.6351908445358276,-0.4191995859146118,0.013540074229240417,0.09904897212982178,-0.24690979719161987,1.0
0.03906986117362976,0.9947733879089355,-0.29509320855140686,-0.27798327803611755,0.0262867733836174,0.05565352737903595,1.0
-0.4763723909854889,0.2953513264656067,-0.563787579536438,0.185023695230484,0.0836777314543724,-0.07481560111045837,1.0
-0.7141914367675781,0.4834812879562378,-0.43848156929016113,-0.007692322134971619,0.011952422559261322,-0.01886838674545288,1.0
0.559044599533081,0.21681007742881775,0.6497896313667297,0.2934899926185608,0.40071383118629456,-0.40126723051071167,0.0
-0.5441873073577881,0.5918021202087402,-0.29945969581604004,-0.1281653493642807,-0.2726241648197174,-0.12196608632802963,1.0
0.23534327745437622,0.6920595169067383,0.5084485411643982,-0.15504394471645355,0.2810957133769989,-0.3918113112449646,0.0
0.0684613287448883,0.31977325677871704,-0.17574669420719147,-0.11989070475101471,0.4514709711074829,-0.40685486793518066,0.0
-0.5044820308685303,0.5162416696548462,-0.2755083441734314,-0.016812339425086975,-0.007808033376932144,-0.09445706009864807,1.0
-0.5953180193901062,0.5538462400436401,-0.4434303045272827,-0.004319861531257629,0.0164400152862072,-0.022031769156455994,1.0
-0.4816707968711853,0.40776461362838745,-0.24340935051441193,-0.1933843046426773,0.01922745630145073,-0.138492152094841,0.0
-0.8411719799041748,0.13612213730812073,-0.26294243335723877,-0.08346458524465561,-0.07019352912902832,-0.2267656773328781,1.0
-0.5296835899353027,0.10136517882347107,-0.27444887161254883,-0.14077624678611755,0.05536358058452606,-0.12456664443016052,0.0
-0.6643615961074829,0.5113850831985474,-0.3904874920845032,-0.04396338015794754,-0.19669100642204285,-0.10109685361385345,1.0
-0.48868441581726074,0.40982863306999207,-0.25165945291519165,-0.2638750970363617,-0.021747848019003868,-0.10814446210861206,0.0
-0.8754915595054626,0.19218453764915466,-0.34069275856018066,0.06464475393295288,0.17983506619930267,-0.05535838007926941,0.0
-0.3189865052700043,0.40504035353660583,-0.19704550504684448,-0.1383243203163147,0.1519441455602646,-0.2887136936187744,1.0
-0.6613951921463013,0.4880722165107727,-0.2910747826099396,-0.135468527674675,-0.2732568383216858,-0.20188802480697632,1.0
-0.41575464606285095,0.5144311785697937,-0.19041351974010468,-0.12300357222557068,-0.13449040055274963,-0.22678595781326294,1.0
-0.26095113158226013,0.575622022151947,-0.11748762428760529,-0.12982749938964844,-0.21800333261489868,-0.3095210790634155,1.0
-0.5157536268234253,0.32515907287597656,-0.4866708517074585,-0.11280693113803864,0.0076086800545454025,-0.3538142442703247,1.0
-0.9029730558395386,0.13563427329063416,-0.27033641934394836,-0.21943295001983643,0.144531711935997,-0.09529155492782593,0.0
-0.5071026682853699,0.5436327457427979,-0.3102002441883087,-0.17228923738002777,-0.2095142900943756,-0.22657135128974915,1.0
-0.4860970377922058,0.46843165159225464,-0.2769777476787567,-0.015487462282180786,-0.012690272182226181,-0.11884001642465591,0.0
-0.17539285123348236,-0.025380998849868774,-0.053605079650878906,0.03250010311603546,-0.09957557916641235,-0.2936273515224457,0.0
-0.13736800849437714,0.007998257875442505,-0.24649925529956818,-0.13340139389038086,0.16906963288784027,-0.31162184476852417,0.0
-0.4833057224750519,0.40680742263793945,-0.2196478545665741,-0.04688373953104019,0.08096513897180557,-0.1185990422964096,1.0
-0.029948532581329346,0.140597403049469,-0.6586869955062866,-0.256625235080719,0.7501615285873413,-1.0,0.0
-0.6554763317108154,0.369995653629303,-0.1866627037525177,-0.12017673999071121,-0.05833587422966957,-0.19486959278583527,1.0
-0.25288304686546326,0.3015691936016083,-0.06151279807090759,-0.4913603365421295,-0.11386094242334366,-0.2803823947906494,1.0
-0.11204269528388977,0.8074750900268555,-0.27805155515670776,-0.22442197799682617,-0.07472149282693863,-0.1735350340604782,1.0
0.4034426212310791,-0.8623044490814209,-0.38756489753723145,-0.5982475280761719,-0.3580612242221832,-0.6952332258224487,0.0
-0.29823005199432373,0.5296676158905029,-0.04395890235900879,-0.11717907339334488,-0.14704036712646484,-0.27451810240745544,0.0
-0.3750073313713074,0.3410831093788147,-0.26501742005348206,-0.28383517265319824,0.06258182972669601,-0.055264875292778015,1.0
-0.4223268926143646,0.24874792993068695,-0.16088518500328064,-0.17530907690525055,-0.37668004631996155,-0.3568618595600128,0.0
-0.11592522263526917,0.8534566760063171,-0.18292534351348877,-0.4376513659954071,-0.13905960321426392,-0.19883359968662262,0.0
-0.36850953102111816,0.5957522392272949,-0.06572715938091278,-0.11370640993118286,-0.27113184332847595,-0.2169886827468872,0.0
-0.2677043378353119,0.5738976001739502,-0.04368741810321808,-0.1771276593208313,-0.4783184230327606,-0.09986352175474167,0.0
0.09591147303581238,0.4098169803619385,-0.4612618386745453,-0.46071842312812805,0.2386079728603363,-0.5780165791511536,0.0
-0.5560934543609619,0.20407716929912567,0.07173162698745728,-0.3372296094894409,0.012409579008817673,-0.2589777112007141,1.0
-0.3908517360687256,0.2966975271701813,-0.2339581996202469,-0.3060491681098938,-0.1941903531551361,-0.2104795277118683,0.0
-0.4474874436855316,0.4953664243221283,-0.17929355800151825,-0.09259083867073059,-0.07543902099132538,-0.2417835295200348,1.0
-0.44680288434028625,0.0888630747795105,0.03742629289627075,-0.32232600450515747,-0.07430137693881989,-0.3610730767250061,0.0
-0.47829216718673706,0.4124371409416199,-0.24088576436042786,-0.30621492862701416,-0.2678282856941223,-0.1881164014339447,1.0
-0.02830904722213745,0.7826167345046997,-0.22633688151836395,0.07570753991603851,0.062147386372089386,-0.1445956528186798,1.0
-0.8312350511550903,0.1789313703775406,-0.39639782905578613,0.10439792275428772,0.26870808005332947,0.000301167368888855,1.0
-0.6082003116607666,0.5357439517974854,-0.3663329482078552,-0.08059273660182953,-0.09510857611894608,-0.08336289972066879,0.0
-0.1827578842639923,0.8078151941299438,-0.09672446548938751,-0.04752104729413986,-0.21686556935310364,-0.025671228766441345,1.0
-0.5702741146087646,0.5296204090118408,-0.300748735666275,5.632638931274414e-05,0.047454655170440674,-0.12062567472457886,0.0
-0.4384101629257202,0.25041624903678894,-0.25653818249702454,-0.3914688229560852,-0.2000146061182022,-0.22433339059352875,0.0
-0.057843923568725586,0.7523134350776672,-0.2862241864204407,-0.5206320285797119,0.07985154539346695,0.18536695837974548,0.0
-0.29141533374786377,0.703015923500061,-0.2809813320636749,-0.2617620825767517,-0.24966585636138916,-0.15040983259677887,1.0
-0.7105050086975098,0.2920394837856293,-0.10556848347187042,-0.22714170813560486,-0.1038743257522583,-0.2791026532649994,0.0
-0.6017050743103027,0.30040785670280457,-0.1670387089252472,-0.3454255163669586,0.2969247102737427,-0.07071611285209656,0.0
-0.693352222442627,0.16875579953193665,-0.14499403536319733,-0.18290092051029205,0.12408937513828278,-0.17438654601573944,0.0
-0.6364027857780457,0.3671337962150574,-0.38563454151153564,-0.15628676116466522,-0.31743115186691284,-0.25337105989456177,1.0
-0.6356682777404785,0.2331678569316864,-0.2041962742805481,-0.31927016377449036,0.2489352524280548,-0.07705526798963547,1.0
-0.18477705121040344,0.2930108904838562,-0.14364475011825562,-0.08534948527812958,-0.037368044257164,-0.08204054832458496,0.0
0.16484451293945312,0.20983222126960754,-0.6492315530776978,-0.14233680069446564,0.02439570426940918,-0.01558317244052887,0.0
-0.49680453538894653,0.35250821709632874,-0.13600528240203857,-0.19527603685855865,0.3811022639274597,-0.0012753158807754517,0.0
-0.4033597707748413,0.43022239208221436,-0.36867114901542664,-0.06382898986339569,-0.20605872571468353,-0.1196984350681305,1.0
0.0478973388671875,0.6732206344604492,-0.4611513614654541,-0.27004802227020264,0.04587686061859131,-0.4162754416465759,1.0
-0.09693434834480286,0.5640208721160889,-0.33667364716529846,0.07265563309192657,0.10050424933433533,-0.339759886264801,1.0
-0.6182150840759277,0.4381617307662964,-0.16952311992645264,-0.1124228686094284,-0.21690134704113007,-0.27906545996665955,1.0
0.23366063833236694,0.8696949481964111,-0.3140679895877838,-0.3262197971343994,-0.009554717689752579,-0.16747930645942688,1.0
-0.825729250907898,0.1987796574831009,-0.13049867749214172,-0.16621538996696472,0.07987397909164429,-0.20367862284183502,1.0
-0.1382407397031784,0.48932987451553345,-0.3846009373664856,-0.025994159281253815,-0.04674689844250679,-0.5394518375396729,1.0
-0.819007158279419,0.23405800759792328,-0.32775869965553284,-0.1673036813735962,0.07461615651845932,-0.03408630192279816,1.0
-0.35631054639816284,0.604392945766449,-0.2995014190673828,0.025278791785240173,-0.1366378664970398,-0.17436498403549194,1.0
0.11543577909469604,0.1513800472021103,-0.43610331416130066,-0.02314140647649765,0.5928985476493835,-0.8237397074699402,0.0
-0.631010115146637,0.46315932273864746,-0.3944827914237976,0.10336655378341675,-0.04070259630680084,-0.09765250980854034,0.0
-0.3967524468898773,0.47482097148895264,0.01638588309288025,-0.04943133890628815,0.14716710150241852,-0.09174595028162003,0.0
0.053184568881988525,0.6555785536766052,-0.14332035183906555,-0.5527440309524536,0.5299315452575684,0.3958103060722351,0.0
-0.3298446834087372,0.3145969808101654,-0.2883646786212921,-0.06557662785053253,-0.2744315564632416,-0.3157932758331299,0.0
-0.6121677756309509,0.4602925181388855,-0.24303217232227325,-0.08095391094684601,-0.1826997846364975,-0.26388099789619446,0.0
-0.6706076860427856,0.3694908022880554,-0.41126760840415955,-0.008572056889533997,0.14436961710453033,-0.006966516375541687,0.0
-0.7072070240974426,0.13481634855270386,-0.19964057207107544,-0.06687536835670471,0.3171466290950775,-0.019726529717445374,0.0
-0.4741714894771576,0.5313878655433655,-0.2302209436893463,-0.06499722599983215,0.03130178153514862,-0.0933682844042778,0.0
-0.6732752323150635,0.4753704071044922,-0.3175145983695984,-0.1623128056526184,-0.09876234829425812,-0.15907886624336243,0.0
-0.2954566478729248,0.4730430245399475,-0.21475102007389069,-0.4018208086490631,-0.0588204562664032,-0.286075234413147,0.0
-0.6613569259643555,0.33929625153541565,-0.22538328170776367,-0.10190526396036148,0.11003446578979492,-0.05933412164449692,1.0
0.20813846588134766,0.5809049010276794,-0.6034193634986877,-0.5934959650039673,0.3915286958217621,-0.013015538454055786,0.0
-0.6659020185470581,0.35874655842781067,-0.3339471220970154,-0.026532478630542755,-0.09869257360696793,-0.27044957876205444,1.0
-0.4706178605556488,0.4388046860694885,-0.2791987657546997,-0.1145188957452774,-0.16339600086212158,-0.16527558863162994,1.0
-0.42866021394729614,0.5557165145874023,-0.21861788630485535,-0.2138429433107376,0.01910341903567314,-0.1531575620174408,0.0
-0.6485369205474854,0.19361668825149536,-0.005212694406509399,-0.49158066511154175,-0.12446745485067368,-0.19140972197055817,0.0
-0.6948988437652588,0.27566805481910706,-0.3515782952308655,-0.09511188417673111,0.15648844838142395,0.01975998282432556,0.0
-0.23631274700164795,0.33304446935653687,-0.6822332143783569,-0.08043505996465683,0.022482741624116898,-0.09071405977010727,1.0
-0.9207277297973633,0.1988014578819275,-0.23843255639076233,-0.04125300049781799,-0.20185840129852295,-0.30746695399284363,1.0
-0.6503316164016724,0.4339386522769928,-0.2893494963645935,-0.012091025710105896,-0.04282599687576294,-0.10751169174909592,0.0
0.039782553911209106,0.6203286051750183,-0.2794097065925598,-0.9374510645866394,0.32842057943344116,0.2454622983932495,0.0
-0.3676055371761322,0.3549806773662567,-0.6280808448791504,-0.05485782027244568,0.08306312561035156,-0.16759106516838074,1.0
-0.05907702445983887,0.7758079171180725,-0.24921680986881256,-0.109258733689785,-0.1217290461063385,-0.1730315089225769,1.0
-0.46664029359817505,0.47498756647109985,-0.19971105456352234,-0.11946823447942734,-0.34000566601753235,-0.18096990883350372,1.0
0.0033750534057617188,0.7837640047073364,-0.45119577646255493,-0.13133519887924194,0.1505817472934723,-0.18063539266586304,1.0
-0.2536288797855377,0.09432807564735413,-0.2613139748573303,-0.4063064157962799,-0.04685528576374054,-0.13814903795719147,0.0
-0.22898705303668976,0.5240808725357056,-0.013332977890968323,-0.5807477831840515,0.1181868463754654,-0.055089227855205536,0.0
0.49496978521347046,-0.30220967531204224,0.024692296981811523,-0.026430383324623108,-0.35374194383621216,-0.0545007586479187,0.0
-0.3483532667160034,0.56784987449646,-0.34194788336753845,-0.03446071594953537,0.009529657661914825,-0.2224692404270172,0.0
-0.0902135968208313,0.7890183925628662,-0.18071582913398743,-0.6009615659713745,-0.22338169813156128,0.08463020622730255,0.0
0.09213736653327942,0.12182155251502991,-0.19861014187335968,0.22274920344352722,0.033943988382816315,0.14586177468299866,0.0
-0.50943922996521,0.3636011481285095,-0.291511207818985,-0.07178286463022232,-0.04981565475463867,-0.1745036244392395,0.0
-0.39880073070526123,0.5480002164840698,-0.25325241684913635,-0.058682724833488464,-0.20518743991851807,-0.22494444251060486,1.0
0.01738908886909485,0.31032878160476685,-0.26345130801200867,0.13898706436157227,0.08713999390602112,-0.13676655292510986,0.0
0.5076894164085388,-0.0890829861164093,-0.7649773955345154,-0.7164884805679321,-0.4543023407459259,0.319734662771225,0.0
-0.6977705955505371,0.14234834909439087,-0.3753249943256378,-0.16163645684719086,0.23938387632369995,0.004579797387123108,1.0
0.06312128901481628,0.12516388297080994,-0.0640399307012558,0.46598416566848755,0.5989421010017395,-0.8784627914428711,0.0
-0.9306279420852661,0.1958739310503006,-0.31700682640075684,0.029217928647994995,0.2400568127632141,-0.018914267420768738,0.0
-0.3427262604236603,0.2909368574619293,-0.6245793104171753,0.0319240540266037,-0.004327543079853058,-0.07436170428991318,1.0
0.19162803888320923,0.4015115201473236,-0.7491371035575867,-0.508964478969574,0.11623615026473999,-0.38243985176086426,0.0
-0.7069599628448486,0.14879503846168518,-0.12933148443698883,-0.18006613850593567,0.060719944536685944,-0.126167431473732,0.0
0.08185085654258728,0.5066527724266052,-0.4073230028152466,0.14805778861045837,0.2195712774991989,-0.2217440903186798,0.0
-0.16797369718551636,0.5548954606056213,-0.3556874394416809,0.06302650272846222,0.046801261603832245,-0.27859920263290405,1.0
-0.5223230123519897,0.48529860377311707,-0.220096617937088,-0.04284818470478058,-0.22977080941200256,-0.2736812233924866,1.0
-0.5749950408935547,0.3511863648891449,-0.11747477948665619,-0.11389081925153732,-0.17361995577812195,-0.15457521378993988,1.0
-0.37009257078170776,0.570722222328186,-0.017926901578903198,-0.11998696625232697,-0.224397674202919,-0.2718472182750702,0.0
-0.374880850315094,0.612522304058075,-0.29233694076538086,-0.058784373104572296,-0.1895507127046585,-0.16163370013237,1.0
-0.35008054971694946,0.45288917422294617,-0.07392790913581848,-0.4929202198982239,0.13268883526325226,-0.05724324285984039,1.0
-0.2581108808517456,0.64892578125,-0.1879156529903412,-0.3226027488708496,-0.1195589005947113,-0.10730033367872238,1.0
-0.13392053544521332,0.3685653805732727,-0.2654699683189392,-0.1640274077653885,0.2874516546726227,-0.4111206829547882,0.0
-0.28915509581565857,0.49008995294570923,-0.30559107661247253,-0.3902182877063751,-0.016318798065185547,-0.1773766577243805,1.0
-0.3304196894168854,0.639603853225708,-0.3421940803527832,-0.2077711671590805,-0.19083569943904877,-0.20471644401550293,1.0
-0.23447051644325256,0.4980013966560364,-0.2613968551158905,-0.26531118154525757,-0.2138066291809082,-0.04706186801195145,0.0
-0.42799949645996094,0.5598539113998413,-0.3715119957923889,-0.11625145375728607,-0.05098607391119003,-0.20330075919628143,1.0
-0.21029245853424072,0.8012592792510986,0.02014675736427307,-0.12347765266895294,0.08110830932855606,-0.09092625975608826,0.0
-0.5018199682235718,0.15487845242023468,-0.07910336554050446,-0.45600515604019165,-0.036420658230781555,-0.2513675093650818,1.0
-0.057184427976608276,0.7264937162399292,-0.37646862864494324,0.11546415090560913,0.17665353417396545,0.08937050402164459,1.0
-0.3574167490005493,0.47919660806655884,-0.25161004066467285,-0.08446918427944183,0.1819918304681778,-0.11814381182193756,0.0
0.26872724294662476,-0.06359723210334778,0.36002790927886963,0.24454206228256226,-0.16023562848567963,-0.15154436230659485,0.0
-0.16106772422790527,0.32909077405929565,-0.5858485698699951,-0.054418981075286865,-0.03698970004916191,0.05980859696865082,0.0
-0.523658037185669,0.2799326479434967,-0.28859347105026245,-0.21343684196472168,0.11230818927288055,-0.1291918307542801,0.0
-0.5868340134620667,0.16040323674678802,-0.26777300238609314,-0.26306912302970886,0.3523762822151184,0.00021184980869293213,0.0
-0.8616474270820618,0.28450846672058105,-0.4595317840576172,0.08992666006088257,0.2506040036678314,0.061490073800086975,0.0
-0.4096352458000183,0.4789406955242157,-0.4284264147281647,-0.14509794116020203,-0.02801496908068657,-0.35260576009750366,1.0
-0.10953676700592041,0.6767581105232239,-0.5664167404174805,-0.18069633841514587,0.1596369445323944,-0.10165388882160187,1.0
0.004828363656997681,0.5184466242790222,-0.02589009702205658,-0.6867894530296326,0.47881951928138733,-0.1778530478477478,0.0
-0.32306525111198425,0.5138837099075317,-0.27677181363105774,0.008051291108131409,-0.24629585444927216,-0.09480734914541245,1.0
-0.5825018882751465,0.5422853827476501,-0.4249744415283203,-0.04728475958108902,-0.0004721321165561676,-0.03920673578977585,0.0
-0.3515538275241852,0.35577258467674255,-0.5543701648712158,-0.004747733473777771,-0.06995780020952225,-0.10278576612472534,1.0
-0.7857772707939148,0.42121389508247375,-0.323404461145401,-0.05471223592758179,-0.014954272657632828,-0.0498298704624176,0.0
-0.15383195877075195,0.2646268606185913,-0.4304690361022949,-0.2950695753097534,-0.06642530113458633,0.05861172080039978,0.0
-0.8062437772750854,0.24124015867710114,-0.3038482666015625,0.017045170068740845,0.03914882242679596,-0.032451219856739044,0.0
-0.2574140131473541,0.014254897832870483,-0.793726921081543,0.15734094381332397,0.0070244427770376205,-0.027860835194587708,1.0
0.03353127837181091,0.27751150727272034,-0.14375026524066925,0.40898287296295166,-0.06475964188575745,0.11655169725418091,0.0
-0.4163437485694885,0.36195507645606995,-0.31001728773117065,-0.07499977201223373,-0.12347611039876938,-0.11919129639863968,0.0
-0.6309027671813965,0.2248486429452896,-0.11986951529979706,-0.3744945526123047,0.03261400759220123,-0.0611850842833519,1.0
-0.1500604897737503,0.7602062821388245,-0.2112332284450531,0.017320767045021057,0.05331365764141083,-0.06729153543710709,1.0
-0.42850178480148315,0.5315377712249756,-0.2948196232318878,-0.20641250908374786,-0.1469237059354782,-0.24585863947868347,1.0
-0.21039049327373505,0.7041407823562622,-0.27067968249320984,-0.039755940437316895,0.03357158228754997,-0.08586063235998154,1.0
-0.5579721927642822,0.4159679114818573,-0.39828622341156006,0.032677486538887024,-0.08883604407310486,-0.05296419560909271,0.0
-0.8201878070831299,0.344312846660614,-0.24200311303138733,-0.012611985206604004,-0.22401537001132965,-0.2734382748603821,0.0
-0.3768724799156189,0.43700897693634033,-0.3155222535133362,0.05299302935600281,-0.1740032434463501,-0.20481114089488983,1.0
-0.5721043944358826,0.5408775806427002,-0.3241521716117859,0.05310031771659851,-0.14578396081924438,-0.0965781956911087,1.0
-0.41566145420074463,0.3938753008842468,-0.4924432039260864,0.06603612005710602,0.06853889673948288,-0.4265486001968384,1.0
-0.1419583410024643,0.6419456005096436,-0.5091884136199951,-0.10178518295288086,0.165083110332489,0.1867871880531311,1.0
-0.8849079012870789,0.2493242621421814,-0.2749823331832886,-0.02251434326171875,0.08139342814683914,-0.09384287893772125,0.0
-0.606310248374939,0.15519019961357117,-0.02515365183353424,-0.2710442543029785,0.21049757301807404,-0.1967983841896057,1.0
-0.4032295048236847,0.4373040199279785,-0.08974500000476837,-0.17667429149150848,-0.09748213738203049,-0.04094918817281723,0.0
-0.6952561140060425,0.29489049315452576,-0.22498495876789093,-0.0740647241473198,-0.19974802434444427,-0.2082919031381607,1.0
-0.28343796730041504,0.7501944303512573,-0.25114870071411133,-0.21646910905838013,-0.19158627092838287,-0.21709603071212769,1.0
-0.75362628698349,0.1649290919303894,-0.3620504140853882,-0.15936776995658875,0.16051091253757477,0.004838526248931885,0.0
-0.6052314043045044,0.3417964279651642,-0.3089171051979065,-0.02453191578388214,-0.03360860422253609,0.027909234166145325,1.0
-0.538952648639679,0.5102115273475647,-0.10806713998317719,-0.156622514128685,-0.13937443494796753,-0.26626089215278625,0.0
-0.07801654934883118,0.6898652911186218,-0.37381038069725037,-0.2618827223777771,-0.17046812176704407,-0.17249120771884918,1.0
-0.24930913746356964,0.723949670791626,-0.2536272406578064,0.07710371911525726,0.0666629895567894,-0.18392042815685272,1.0
0.15475726127624512,0.9167757034301758,-0.19468605518341064,-0.020170152187347412,0.05407865345478058,0.04154485464096069,1.0
-0.6991276741027832,0.4660801291465759,-0.40125489234924316,0.09481751918792725,-0.07036997377872467,-0.05742684006690979,0.0
-0.859296441078186,0.03310847282409668,-0.09695999324321747,-0.17450451850891113,0.20968113839626312,-0.20356471836566925,1.0
-0.6975125074386597,0.3563233017921448,-0.33701616525650024,-0.140619695186615,-0.05234689638018608,-0.1653663069009781,1.0
-0.6111673712730408,0.5030952095985413,-0.33084797859191895,-0.11181388795375824,-0.11946117132902145,-0.14132268726825714,1.0
-0.013739705085754395,0.45632314682006836,-0.4148065447807312,0.00650826096534729,0.2844642102718353,-0.45059123635292053,0.0
0.01485469937324524,0.46965575218200684,-0.5826523303985596,-0.2820615768432617,0.22139601409435272,-0.39525336027145386,0.0
-0.7828230261802673,0.3333117365837097,-0.24971604347229004,-0.06536974012851715,-0.24616903066635132,-0.15568968653678894,0.0
-0.3301842212677002,0.6228989362716675,-0.32804882526397705,-0.016530558466911316,-0.004653467796742916,-0.11286553740501404,1.0
0.007883787155151367,0.2098633050918579,-0.44395124912261963,-0.443777471780777,0.6202107667922974,-0.6807835102081299,0.0
-0.03481900691986084,-0.014566093683242798,-0.07275830209255219,0.25198304653167725,0.17577366530895233,-0.2582476735115051,0.0
-0.2935408055782318,0.6850160956382751,-0.3908770978450775,-0.10529439151287079,-0.060853660106658936,-0.16886936128139496,1.0
-0.566162645816803,0.5063255429267883,-0.34704145789146423,0.012846425175666809,-0.12616486847400665,-0.17100222408771515,0.0
-0.5462992191314697,0.4482317566871643,-0.27148571610450745,-0.17144031822681427,0.07060122489929199,-0.08854788541793823,0.0
-0.5899425745010376,0.4241120219230652,-0.3034328818321228,-0.02784128487110138,-0.10030847042798996,-0.16834193468093872,0.0
-0.6387435793876648,0.35211309790611267,-0.4697800874710083,-0.07232756167650223,-0.15844310820102692,-0.11902643740177155,1.0
0.5579270124435425,-0.8491576910018921,-0.7547555565834045,-0.39763227105140686,-0.7151921987533569,-0.5254117250442505,0.0
-0.5507849454879761,0.48550963401794434,-0.1846412718296051,-0.28576621413230896,-0.15844221413135529,-0.3000456988811493,1.0
-0.22672401368618011,0.6669026613235474,-0.20776566863059998,-0.08012828975915909,-0.2085803747177124,-0.19459080696105957,1.0
-0.20132875442504883,0.45975780487060547,-0.36654844880104065,0.019201695919036865,0.17309315502643585,-0.3325110077857971,0.0
-0.7997536063194275,0.2492106705904007,-0.3583429455757141,0.06761407852172852,0.10907511413097382,-0.05911523103713989,0.0
-0.37174898386001587,0.5641337633132935,-0.24084295332431793,-0.36424869298934937,-0.052795302122831345,-0.11182054877281189,1.0
-0.685028076171875,0.36674416065216064,-0.3486088514328003,-0.11752577126026154,-0.04858013987541199,-0.13622190058231354,1.0
0.050384074449539185,0.11466845870018005,0.13165131211280823,-0.2694237530231476,-0.06490425765514374,0.01424756646156311,0.0
-0.567710816860199,0.5372523069381714,-0.3712575137615204,-0.15185754001140594,-0.1803968995809555,-0.19382059574127197,1.0
-0.3739853799343109,0.45375415682792664,-0.1455826312303543,-0.20323322713375092,-0.1667083203792572,-0.3465391993522644,1.0
-0.2683626413345337,0.39293351769447327,-0.40286052227020264,-0.22706733644008636,-0.10682323575019836,0.016999587416648865,0.0
-0.054594486951828,0.08652487397193909,-0.4034916162490845,-0.4365743398666382,-0.41581419110298157,-0.23640835285186768,0.0
-0.43123504519462585,0.5263751745223999,-0.17673519253730774,-0.06665651500225067,-0.2194327861070633,-0.2572207450866699,1.0
-0.4597097933292389,0.36583682894706726,-0.25329363346099854,-0.3055625259876251,0.2437933385372162,-0.07215842604637146,0.0
0.8253288269042969,-0.6317578554153442,0.08611398935317993,0.5026771426200867,0.12800253927707672,-0.33023959398269653,0.0
-0.4355607032775879,0.5417417883872986,-0.30339670181274414,-0.1701635867357254,-0.15867683291435242,-0.1922571063041687,1.0
-0.7475816011428833,0.02891215682029724,-0.14262014627456665,-0.246842622756958,0.21415118873119354,-0.14857067167758942,0.0
-0.502656102180481,0.2830524444580078,-0.25763794779777527,-0.23704774677753448,0.3128456175327301,-0.04481013864278793,0.0
-0.46084749698638916,0.3575151562690735,-0.1612708866596222,-0.15128929913043976,0.18991610407829285,-0.13594655692577362,0.0
-0.06491973996162415,0.5371468663215637,-0.27546149492263794,0.19835054874420166,0.07723766565322876,-0.04202089458703995,1.0
-0.7196699380874634,0.37021705508232117,-0.2953614592552185,-0.047081269323825836,-0.2921515107154846,-0.23468416929244995,1.0
-0.48913076519966125,0.258525550365448,-0.09610016644001007,-0.20741888880729675,0.28913336992263794,-0.08950239419937134,1.0
-0.32521316409111023,0.23704466223716736,-0.15831905603408813,-0.45520779490470886,-0.023046670481562614,-0.09191090613603592,0.0
-0.029873818159103394,0.20019163191318512,-0.6893707513809204,0.021859243512153625,-0.03144059702754021,-0.010706737637519836,0.0
-0.39275333285331726,0.3181518316268921,-0.0601554811000824,-0.3260507583618164,0.2774078845977783,-0.16765588521957397,0.0
-0.46552664041519165,0.5374979972839355,-0.31158193945884705,-0.11976240575313568,0.20897939801216125,-0.01410306990146637,0.0
-0.364414244890213,0.2230416238307953,-0.5212982892990112,0.027468174695968628,-0.05165715515613556,0.06793895363807678,0.0
0.22004544734954834,0.25801602005958557,-0.344501256942749,-0.48323461413383484,-0.5856677293777466,-0.242551788687706,0.0
-0.11156520247459412,-0.09418022632598877,-0.28967976570129395,0.23895007371902466,-0.12336237728595734,-0.16297507286071777,0.0
-0.579692006111145,0.4116218686103821,-0.30758658051490784,-0.025924429297447205,-0.2260793149471283,-0.16551192104816437,1.0
-0.49260956048965454,0.35660743713378906,-0.12815506756305695,-0.4230404496192932,-0.048174045979976654,-0.15672585368156433,0.0
0.03671565651893616,0.712411642074585,-0.3364030420780182,0.1595829725265503,0.17502368986606598,0.004811212420463562,1.0
-0.42062145471572876,0.5934935212135315,-0.3081849217414856,-0.18147209286689758,-0.1919366419315338,-0.22554822266101837,1.0
-0.41884997487068176,0.5889413356781006,-0.26257145404815674,-0.2043381631374359,-0.031322069466114044,-0.09288252145051956,1.0
-0.8266072273254395,0.26933756470680237,-0.3017049729824066,-0.12884356081485748,-0.3049781918525696,-0.2213887870311737,0.0
-0.6874789595603943,0.2540127635002136,-0.23864316940307617,-0.1049552857875824,0.3193759024143219,-0.013145491480827332,0.0
0.04553881287574768,0.5968030095100403,-0.3753373622894287,0.05679881572723389,0.10503186285495758,-0.3220732808113098,0.0
-0.5577936172485352,0.4822406768798828,-0.31553739309310913,0.010188654065132141,-0.030905909836292267,-0.057079970836639404,1.0
-0.11000068485736847,0.5398560166358948,-0.5247082710266113,-0.17850902676582336,0.12672549486160278,-0.4687701165676117,0.0
-0.4701666235923767,0.41261187195777893,-0.14730322360992432,-0.1970280259847641,0.1645582616329193,-0.13856446743011475,1.0
-0.28944307565689087,0.5168355703353882,-0.35232222080230713,-0.2322281002998352,-0.30542707443237305,-0.17104819416999817,1.0
-0.40937796235084534,0.40239179134368896,-0.31991076469421387,-0.2132224440574646,-0.3250487744808197,-0.21880584955215454,1.0
-0.09506624937057495,0.627968966960907,-0.3998572826385498,0.028907865285873413,0.18369516730308533,-0.24996647238731384,0.0
-0.3660804033279419,0.6029210090637207,-0.24973483383655548,-0.05536821484565735,-0.18437787890434265,-0.17688047885894775,0.0
-0.590047299861908,0.22355122864246368,-0.0007824897766113281,-0.34543511271476746,0.16774232685565948,-0.2742019295692444,0.0
-0.7648645043373108,0.3753367066383362,-0.39260780811309814,-0.04345299303531647,0.004564570263028145,-0.05496007949113846,0.0
-0.14383573830127716,0.4157087504863739,-0.2706338167190552,-0.3828081488609314,-0.05627347528934479,-0.10767654329538345,0.0
-0.06428423523902893,0.6999377012252808,0.09723615646362305,-0.24806517362594604,-0.09105826914310455,-0.014580607414245605,0.0
0.09859910607337952,0.6265469193458557,-0.15210874378681183,0.20932447910308838,0.1920647919178009,-0.21917873620986938,0.0
-0.3898760676383972,0.6220706105232239,-0.18990838527679443,-0.26569342613220215,-0.2410743683576584,-0.09417296946048737,1.0
-0.6981862783432007,0.4112783372402191,-0.3762741982936859,-0.16277934610843658,-0.09611424803733826,-0.15369366109371185,1.0
-0.7469632625579834,0.484598308801651,-0.314150869846344,-0.15389788150787354,-0.12692606449127197,-0.15770645439624786,0.0
-0.6373950242996216,0.5471621751785278,-0.35666805505752563,-0.06382785737514496,-0.15457455813884735,-0.08034313470125198,0.0
-0.4691420793533325,0.6415095329284668,-0.29714080691337585,-0.029884308576583862,0.12412524223327637,-0.019061386585235596,0.0
-0.13842524588108063,0.6616027355194092,-0.4580247402191162,-0.06944727152585983,0.10764631628990173,-0.20785006880760193,1.0
-0.8365832567214966,0.1261911690235138,-0.1451069712638855,-0.3724348247051239,0.08824591338634491,-0.20881856977939606,1.0
-0.10386785864830017,0.7519470453262329,-0.409807026386261,-0.35516178607940674,-0.09733468294143677,-0.10697877407073975,1.0
-0.6575486063957214,0.4659980535507202,-0.37125086784362793,-0.13575145602226257,-0.16506169736385345,-0.1481143981218338,1.0
-0.13444575667381287,0.3133644163608551,-0.11814670264720917,-0.2487504929304123,0.206165611743927,-0.80560702085495,0.0
-0.40577852725982666,0.5428957939147949,-0.20843854546546936,-0.11383049190044403,0.13781361281871796,-0.08236993104219437,0.0
-0.4925781190395355,0.5613109469413757,-0.22494983673095703,-0.0680030882358551,-0.3098987340927124,-0.20324814319610596,1.0
-0.24402952194213867,0.30718013644218445,-0.2417018711566925,-0.3849121332168579,0.45058029890060425,0.03182096779346466,0.0
-0.5043950080871582,0.4153895974159241,-0.09973083436489105,-0.19934119284152985,0.04994469881057739,-0.13505811989307404,0.0
-0.10555773973464966,0.47748619318008423,-0.3342117369174957,0.13081613183021545,0.07915708422660828,-0.3751702606678009,1.0
0.07984524965286255,0.6506837606430054,0.41383129358291626,0.19035238027572632,0.23652374744415283,-0.07704034447669983,0.0
-0.36625078320503235,0.4199970066547394,0.012874633073806763,-0.24153263866901398,-0.43707236647605896,-0.16036026179790497,0.0
-0.40079039335250854,0.23703241348266602,-0.04292565584182739,-0.5390616655349731,-0.12409429997205734,-0.3747021555900574,0.0
-0.4994770884513855,0.4506673514842987,-0.3241012394428253,-0.2040063738822937,-0.1619829386472702,-0.08055301755666733,1.0
-0.3959665894508362,0.3955930173397064,0.07162225246429443,-0.13344953954219818,0.0024085212498903275,-0.2720711827278137,1.0
-0.030696392059326172,0.5514707565307617,-0.3504546880722046,0.09250637888908386,0.015602603554725647,-0.4358634650707245,1.0
0.29863888025283813,0.22072002291679382,-0.3381556272506714,-0.49833542108535767,-0.17159691452980042,0.36723053455352783,0.0
0.08183172345161438,0.3533642292022705,-0.47131386399269104,-0.06927242130041122,-0.17067022621631622,0.14189717173576355,0.0
-0.6162557601928711,0.5256088972091675,-0.2333439290523529,-0.07802247256040573,-0.13297881186008453,-0.17745864391326904,1.0
-0.15237538516521454,0.6243237853050232,-0.21785902976989746,-0.09396929293870926,-0.2326917201280594,-0.23285837471485138,1.0
-0.47979405522346497,0.5727193355560303,-0.32149800658226013,0.023660659790039062,-0.04356357455253601,-0.07831355184316635,0.0
-0.2172824740409851,0.1394277811050415,-0.010060310363769531,-0.1708797812461853,-0.27584636211395264,-0.2913740277290344,0.0
-0.4234207272529602,0.03952062129974365,-0.1373368352651596,-0.19220274686813354,-0.3533421456813812,-0.2970718443393707,0.0
-0.7428147792816162,0.18314455449581146,-0.017148897051811218,-0.42486605048179626,0.041541147977113724,-0.2555367052555084,0.0
-0.5563433170318604,0.309460312128067,-0.2119879126548767,-0.2775598466396332,0.26821470260620117,-0.05839069187641144,0.0
0.3484727740287781,0.3296937346458435,0.47122520208358765,-0.21462300419807434,-0.027617469429969788,0.8973219394683838,0.0
-0.8561090230941772,0.30429908633232117,-0.490841269493103,0.057871297001838684,-0.073627769947052,-0.010824412107467651,1.0
-0.22317589819431305,0.7150405645370483,-0.28839704394340515,-0.09343446791172028,-0.032703712582588196,0.07818593084812164,0.0
0.10293754935264587,0.03466886281967163,-0.1233007162809372,0.45112258195877075,0.07458246499300003,0.07069113850593567,0.0
-0.13649970293045044,0.7705901861190796,-0.3349422216415405,-0.24025020003318787,-0.14102724194526672,-0.07763649523258209,1.0
-0.38091740012168884,0.3083709478378296,-0.10593663156032562,-0.46359798312187195,0.2078462541103363,-0.22007527947425842,0.0
-0.05139240622520447,0.285733163356781,0.033349066972732544,-0.21832126379013062,-0.14478005468845367,-0.11954955011606216,0.0
0.2881543040275574,-0.4091464877128601,-0.2112630307674408,0.25078654289245605,-0.6230549812316895,0.39768141508102417,0.0
-0.5576620697975159,0.4084875285625458,-0.2712136507034302,-0.060751281678676605,-0.012901492416858673,-0.15255028009414673,1.0
-0.18424515426158905,0.46873536705970764,-0.1902236044406891,-0.11143361032009125,-0.20131391286849976,-0.20596754550933838,1.0
-0.7279059290885925,0.3372602164745331,-0.26932090520858765,-0.02638939768075943,-0.3328971564769745,-0.2201298624277115,1.0
-0.6647367477416992,0.06601923704147339,-0.12706410884857178,-0.22405314445495605,0.1954776644706726,-0.1473141759634018,0.0
-0.7583862543106079,0.17178580164909363,-0.20658588409423828,-0.10044260323047638,0.16936904191970825,-0.10227583348751068,1.0
-0.41922447085380554,0.3688041567802429,-0.10997219383716583,-0.3127771019935608,0.2572299838066101,-0.10566385835409164,0.0
0.14491117000579834,0.4427475929260254,-0.7428627014160156,-0.7245714068412781,-0.06934467703104019,-0.3361537754535675,0.0
-0.3858352601528168,0.47998788952827454,-0.3274343013763428,-0.041121214628219604,-0.11955106258392334,-0.3334193229675293,0.0
-0.5697355270385742,0.42379456758499146,-0.0011943578720092773,-0.3783099055290222,0.24053701758384705,-0.08089517056941986,0.0
-0.02497813105583191,0.8328406810760498,-0.15343792736530304,0.06510405242443085,0.11457785964012146,-0.06253001093864441,0.0
-0.364774614572525,0.5318619608879089,-0.39522767066955566,-0.17133010923862457,-0.2639999985694885,-0.08451752364635468,1.0
-0.45024821162223816,0.5233235359191895,-0.3389993906021118,-0.2336936593055725,0.034240398555994034,0.0008908212184906006,0.0
-0.38221877813339233,0.3947273790836334,-0.21840053796768188,-0.26603659987449646,0.15355975925922394,-0.1303359568119049,0.0
-0.22799350321292877,0.7515122890472412,-0.2575506865978241,-0.03806935250759125,-0.033263225108385086,-0.14764338731765747,1.0
0.5774688124656677,-0.6140094995498657,-0.8412970900535583,-0.8792251944541931,-0.12582233548164368,0.2665058970451355,0.0
-0.1713450849056244,0.32231608033180237,-0.12266647815704346,-0.2375032603740692,-0.513880729675293,-0.26882684230804443,0.0
1.0000001192092896,-0.5480348467826843,0.8133436441421509,0.4784157872200012,-0.09771209210157394,-0.10873584449291229,0.0
-0.5211921334266663,0.3119329810142517,-0.19494390487670898,-0.3695674538612366,-0.10644284635782242,-0.4005337953567505,1.0
-0.3620445728302002,0.6372467279434204,-0.2813996970653534,0.041576653718948364,-0.13871261477470398,-0.027219094336032867,0.0
-0.2917144000530243,0.47796136140823364,-0.4400245249271393,0.039999499917030334,0.07244600355625153,-0.43012669682502747,1.0
-0.1285860240459442,0.5853668451309204,-0.42550918459892273,0.08639918267726898,0.18317775428295135,-0.37939202785491943,0.0
0.06263190507888794,0.0005005598068237305,-0.4926430284976959,0.08414751291275024,0.26214540004730225,-0.3549136817455292,0.0
-0.8926864266395569,0.18575960397720337,-0.3110480010509491,-0.044061511754989624,0.09604749083518982,-0.12910106778144836,1.0
0.3965541124343872,0.9790648818016052,-0.12841935455799103,-0.45894110202789307,-0.040988773107528687,0.13289031386375427,1.0
-0.3958950340747833,0.5197232365608215,-0.28564754128456116,-0.20662930607795715,-0.06176425889134407,-0.1420445591211319,1.0
-0.43085503578186035,0.5195046663284302,-0.4277533292770386,-0.18189533054828644,-0.17290078103542328,-0.33173668384552,1.0
-0.5632372498512268,0.3478548526763916,-0.3374476730823517,-0.15824881196022034,0.010795708745718002,-0.07432772219181061,0.0
-0.6804108619689941,0.49613508582115173,-0.2551805078983307,-0.029280520975589752,-0.1983271688222885,-0.17827656865119934,0.0
-0.45641106367111206,0.5859484672546387,-0.23782707750797272,-0.045840077102184296,-0.06393378227949142,-0.08389625698328018,0.0
-0.4219614565372467,0.5110394954681396,-0.2806442677974701,-0.28963011503219604,0.18546831607818604,0.03447021543979645,0.0
-0.4374653100967407,0.6460436582565308,-0.3473299741744995,-0.1522684395313263,-0.1700976938009262,-0.06474913656711578,1.0
-0.8546208143234253,0.26897820830345154,-0.3856060206890106,-0.056326113641262054,-0.1333562433719635,-0.12483730912208557,1.0
-0.35879889130592346,0.47777894139289856,-0.5279327630996704,-0.10119908303022385,0.08722938597202301,-0.3380974531173706,1.0
-0.4687441885471344,0.18658916652202606,-0.13350734114646912,-0.2337767779827118,0.10131316632032394,-0.1466848999261856,0.0
-0.6486163139343262,0.2391383796930313,-0.21374428272247314,-0.09852361679077148,-0.1210637018084526,-0.17431722581386566,1.0
-0.9098898768424988,0.03125452995300293,-0.015003114938735962,-0.226919025182724,0.06293511390686035,-0.2016521692276001,0.0
0.567268967628479,-0.7522488832473755,-0.21584546566009521,0.043290987610816956,0.1935187131166458,-0.7387303709983826,0.0
-0.11594688892364502,0.7092171907424927,-0.20447096228599548,-0.002911388874053955,-0.00014184042811393738,-0.17943859100341797,1.0
-0.813390851020813,0.06470471620559692,-0.19476819038391113,-0.0816572904586792,0.36128416657447815,-0.08050073683261871,0.0
0.33592092990875244,0.18994487822055817,-0.7417811751365662,-0.7188677787780762,1.0000001192092896,-0.8328114151954651,0.0
-0.07920727133750916,0.7986588478088379,-0.30348315834999084,-0.300476610660553,-0.06524808704853058,-0.2389822006225586,1.0
-0.5396473407745361,0.5502875447273254,-0.41798102855682373,-0.07258699089288712,-0.13606971502304077,-0.12234322726726532,1.0
-0.340347558259964,0.4136101007461548,-0.31262290477752686,-0.25606977939605713,-0.060889944434165955,-0.15875355899333954,1.0
-0.3681837320327759,0.6202945113182068,-0.27026158571243286,-0.26805204153060913,-0.286975234746933,-0.277925580739975,1.0
-0.30572032928466797,0.5793578028678894,-0.122463658452034,-0.15026596188545227,-0.16989625990390778,-0.24763669073581696,1.0
-0.564603865146637,0.32540038228034973,-0.04051816463470459,-0.31803691387176514,-0.021093226969242096,-0.33351337909698486,0.0
-0.32439175248146057,0.5353002548217773,-0.16956311464309692,-0.32718366384506226,-0.44578617811203003,-0.3011854290962219,1.0
-0.44405314326286316,0.5513340830802917,-0.359601229429245,-0.13827335834503174,-0.1796984225511551,-0.23694182932376862,1.0
0.46056562662124634,-0.4903075695037842,0.09791693091392517,0.4477585554122925,-0.191234290599823,-0.32107505202293396,0.0
-0.03619980812072754,0.9258486032485962,-0.2452925443649292,-0.13513945043087006,0.012236233800649643,0.019317254424095154,1.0
-0.88360595703125,0.1441991627216339,-0.09466272592544556,-0.20105063915252686,0.13513457775115967,-0.15599115192890167,1.0
0.1643747091293335,0.21349450945854187,-0.2153359055519104,0.10366633534431458,-0.0020423810929059982,0.04916630685329437,0.0
-0.7715390920639038,0.1957608312368393,-0.3389511704444885,-0.1092841774225235,0.3037858307361603,0.10463607311248779,0.0
0.03800314664840698,0.6572554111480713,-0.07234936952590942,0.013550132513046265,0.6676035523414612,0.20018485188484192,0.0
-0.5621103644371033,0.4922270178794861,-0.22442039847373962,-0.06189616024494171,-0.17318713665008545,-0.1913076788187027,0.0
-0.8666360378265381,0.24984116852283478,-0.4061664938926697,0.006904333829879761,-0.0067967576906085014,-0.06622356176376343,1.0
-0.7648733854293823,0.19413244724273682,-0.2827090919017792,-0.18749657273292542,0.10957534611225128,-0.0600532591342926,1.0
-0.7236125469207764,0.3348083198070526,-0.2774895429611206,-0.19587182998657227,-0.08425496518611908,-0.22368022799491882,0.0
-0.3612779974937439,0.6213665008544922,-0.2544647455215454,-0.20210768282413483,-0.13313712179660797,-0.20081046223640442,0.0
-0.5368595123291016,0.1950646936893463,-0.4017374515533447,-0.14134834706783295,0.11151829361915588,-0.04659952223300934,0.0
-0.2606421709060669,0.45064765214920044,-0.5046430826187134,-0.199576735496521,-0.09406963735818863,-0.028085023164749146,1.0
-0.5927572846412659,0.15827873349189758,-0.04935389757156372,-0.19013047218322754,0.03828933462500572,-0.19208183884620667,1.0
-0.5868136882781982,0.37112557888031006,-0.19756406545639038,-0.16810789704322815,-0.32988300919532776,-0.2621512711048126,1.0
0.3896446228027344,-0.09926602244377136,-0.13389843702316284,-0.6228696703910828,0.01628974825143814,0.4845408797264099,0.0
-0.6329574584960938,0.4047997295856476,-0.36553964018821716,0.004517063498497009,-0.005127543583512306,-0.10161995887756348,0.0
-0.46802759170532227,0.3873165249824524,-0.31825292110443115,-0.18009653687477112,-0.23450268805027008,-0.22745010256767273,1.0
0.17211872339248657,0.790911078453064,0.1519402265548706,0.014229804277420044,0.3858982026576996,-0.07429875433444977,0.0
-0.2711186707019806,0.7052868604660034,-0.22398939728736877,-0.21762681007385254,-0.20073865354061127,-0.21632303297519684,1.0
-0.5888136625289917,0.4250016510486603,-0.3038298487663269,-0.012455001473426819,-0.06962445378303528,-0.002822577953338623,1.0
-0.6288055181503296,0.40078532695770264,-0.2650783061981201,-0.2516561448574066,-0.046605125069618225,-0.14851705729961395,1.0
-0.2709062695503235,0.6064836978912354,-0.11658874154090881,-0.08425851166248322,-0.20167508721351624,-0.27028244733810425,1.0
-0.6459978818893433,0.34593459963798523,-0.3699676990509033,-0.10188758373260498,-0.04521822929382324,-0.026730649173259735,0.0
-0.7663872241973877,0.2513148784637451,-0.13981688022613525,-0.20192594826221466,-0.137860506772995,-0.1125696450471878,0.0
-0.6062902808189392,0.04962480068206787,-0.1671784669160843,-0.3801066279411316,0.17922048270702362,-0.08638951927423477,0.0
-0.5058243870735168,0.5428081750869751,-0.42188847064971924,-0.1460815668106079,-0.033635444939136505,-0.04770079255104065,1.0
0.05420723557472229,0.5531889200210571,-0.18201389908790588,0.15844902396202087,0.13203585147857666,-0.15220792591571808,0.0
-0.7081587314605713,0.24788925051689148,-0.2222050130367279,-0.11752066016197205,-0.009468814358115196,-0.14029140770435333,1.0
0.29222434759140015,-0.459982693195343,-0.6327903270721436,-0.6976202130317688,0.1798301339149475,-0.32390880584716797,0.0
0.1506785750389099,-0.08051729202270508,-0.009299710392951965,0.2062763273715973,0.264819860458374,-0.055677324533462524,0.0
-0.25966784358024597,0.5669234395027161,-0.15199962258338928,-0.5577483177185059,0.6334173679351807,-0.07128781825304031,0.0
-0.4440726637840271,0.4084765315055847,-0.2658141255378723,-0.27197378873825073,-0.22848662734031677,-0.14620991051197052,1.0
-0.3581889271736145,0.5878053903579712,-0.2690702974796295,-0.15606112778186798,-0.011402188800275326,-0.13916516304016113,0.0
-0.22749334573745728,0.6776988506317139,0.23895522952079773,-0.25751304626464844,0.0008010510355234146,-0.3783639669418335,0.0
-0.011914640665054321,0.9612174034118652,-0.3068158030509949,-0.25511956214904785,0.03972974419593811,-0.15315821766853333,1.0
-0.1466168910264969,0.08987000584602356,-0.01685027778148651,-0.22161614894866943,-0.1734103560447693,-0.1728019416332245,0.0
-0.28387197852134705,0.5984360575675964,-0.2802814543247223,-0.029819071292877197,-0.10005847364664078,-0.25258830189704895,1.0
0.48204076290130615,-0.05883052945137024,-0.8489024639129639,-0.48813605308532715,-0.17521093785762787,-0.1453588902950287,0.0
-0.3004953861236572,0.5259491205215454,-0.5133261680603027,-0.11160273849964142,0.02342202141880989,-0.3619272708892822,1.0
-0.9062929749488831,0.30609989166259766,-0.37659943103790283,-0.13266035914421082,-0.23557601869106293,-0.2258819043636322,0.0
-0.14206938445568085,0.2792041301727295,-0.5079179406166077,0.146208256483078,-0.08214524388313293,-0.03383257985115051,1.0
-0.16838152706623077,0.27786630392074585,-0.253335177898407,0.010361656546592712,-0.3910806179046631,-0.1488153040409088,0.0
-0.030106335878372192,0.3793097734451294,-0.3348694145679474,-0.2760518789291382,-0.25014564394950867,-0.04978759586811066,0.0
0.509610652923584,-0.17831212282180786,-0.1561298668384552,0.2935210168361664,0.21309322118759155,-0.1695677489042282,0.0
-0.11593766510486603,0.3082367181777954,-0.4943656325340271,0.07859955728054047,0.19768844544887543,-0.3033157289028168,0.0
-0.3102003335952759,0.17599867284297943,-0.526130735874176,0.2245398461818695,-0.08825176954269409,0.013323679566383362,1.0
-0.5779148936271667,0.4331917464733124,-0.22284038364887238,-0.11641326546669006,0.014227990061044693,-0.13818249106407166,1.0
-0.08944767713546753,0.5612787008285522,-0.1525159627199173,-0.4868248999118805,0.21415497362613678,-0.10622312873601913,1.0
-0.8548816442489624,0.09593594074249268,-0.1803339123725891,-0.3064911365509033,0.1767055243253708,-0.06931561231613159,1.0
0.4713038206100464,0.15742667019367218,0.3856673836708069,0.3928160071372986,-0.05859968438744545,0.3896986246109009,0.0
-0.42669206857681274,0.46254411339759827,-0.22849534451961517,-0.0999322459101677,-0.18941055238246918,-0.09234544634819031,1.0
-0.42532259225845337,0.21048344671726227,-0.1246265321969986,-0.5008528828620911,0.021347790956497192,-0.1247430369257927,1.0
-0.7139573693275452,0.18298950791358948,-0.17125102877616882,-0.1517861932516098,0.18474213778972626,-0.0987037718296051,0.0
-0.3570018708705902,0.20219558477401733,-0.5129907727241516,0.21657535433769226,-0.03161977231502533,0.15365883708000183,1.0
-0.3595772683620453,0.4087499976158142,-0.24071943759918213,-0.009188294410705566,0.05258750170469284,-0.17509949207305908,0.0
-0.5510697364807129,0.48283806443214417,-0.15967434644699097,-0.3151009976863861,-0.13078147172927856,-0.19832363724708557,1.0
0.13932475447654724,0.8461731672286987,0.018578708171844482,-0.08969852328300476,-0.14188575744628906,-0.12882819771766663,1.0
0.6142887473106384,-0.47399330139160156,-0.8316405415534973,-0.690510630607605,-0.46037548780441284,-0.03606510907411575,0.0
0.3039073348045349,0.6265798807144165,-0.25001761317253113,0.09249362349510193,0.11644057929515839,-0.44765740633010864,1.0
-0.3576848804950714,0.22377270460128784,-0.280742347240448,-0.38486248254776,-0.3210299611091614,-0.3101117014884949,0.0
0.7990171909332275,-1.0,-0.1442454755306244,0.34439876675605774,-0.45502611994743347,-0.21040049195289612,0.0
-0.7711849212646484,0.32014158368110657,-0.4312810003757477,0.0968189388513565,0.03618798032402992,0.01269027590751648,0.0
-0.828281044960022,0.13008147478103638,-0.17117846012115479,-0.07684358209371567,0.17984703183174133,-0.05753172188997269,1.0
-0.41230693459510803,0.541197657585144,-0.2290683388710022,-0.0842076912522316,-0.21342474222183228,-0.18868985772132874,1.0
-0.8990482091903687,0.1140160858631134,-0.2590673863887787,-0.01995299756526947,0.02589653804898262,-0.16602113842964172,0.0
-0.6871751546859741,0.185358926653862,-0.30599409341812134,-0.15633240342140198,0.1362435668706894,-0.11496897041797638,1.0
-0.25263190269470215,0.25977808237075806,-0.380281925201416,-0.1738952100276947,0.4177360236644745,-0.7831911444664001,0.0
-0.19382256269454956,0.9064396023750305,-0.16813573241233826,-0.4253888726234436,0.16883039474487305,-0.1613522619009018,0.0
-0.12619727849960327,0.6494616270065308,-0.5216823220252991,-0.14730648696422577,0.0846872329711914,-0.1460469365119934,1.0
0.09552419185638428,0.7272026538848877,0.4207570552825928,-0.043565258383750916,0.4217880964279175,0.4195951223373413,0.0
-0.6496580839157104,0.5227121710777283,-0.3078401982784271,-0.13413488864898682,-0.20605280995368958,-0.16130691766738892,1.0
-0.04282519221305847,0.20127089321613312,-0.21378614008426666,-0.004670187830924988,0.27550622820854187,-0.6579495072364807,0.0
-0.607647180557251,0.2598428726196289,-0.25781115889549255,-0.20806393027305603,0.05481167882680893,-0.14778834581375122,1.0
-0.3860192894935608,0.6043296456336975,-0.20403487980365753,-0.09733229130506516,-0.31643709540367126,-0.05631648749113083,1.0
0.10851925611495972,0.8798915147781372,-0.19733907282352448,0.011465340852737427,0.0538080558180809,-0.16472461819648743,1.0
0.22104912996292114,0.906676709651947,-0.34108036756515503,-0.338456392288208,0.03190833330154419,0.01991109549999237,1.0
-0.07975238561630249,0.1553756445646286,-0.13929922878742218,-0.44462206959724426,0.1424865871667862,-0.08942198753356934,0.0
-0.5159697532653809,0.29651281237602234,-0.1238173097372055,-0.12246634066104889,0.3247273564338684,-0.08115305006504059,0.0
-0.4730345606803894,0.3423317074775696,-0.19542811810970306,-0.08909842371940613,-0.058391302824020386,-0.17285117506980896,1.0
-0.5996381044387817,0.3465951383113861,-0.18963688611984253,-0.12505099177360535,0.10623139142990112,-0.09984097629785538,0.0
-0.27323636412620544,0.3757629692554474,-0.04077048599720001,-0.3869403004646301,0.17494238913059235,0.08588775992393494,0.0
-0.45963114500045776,0.5989777445793152,-0.2656804025173187,-0.03938017785549164,-0.16912208497524261,-0.18943510949611664,1.0
-0.828073263168335,0.1900061070919037,-0.23815713822841644,-0.06209023296833038,0.34566235542297363,-0.06060048192739487,0.0
-0.5464755296707153,0.49590426683425903,-0.29625773429870605,-0.14875154197216034,-0.09385551512241364,-0.21769557893276215,1.0
-0.23375637829303741,0.7605924606323242,-0.19630685448646545,-0.04980071634054184,-0.13877716660499573,-0.11813770234584808,1.0
-0.43252965807914734,0.5071321725845337,-0.1633318066596985,-0.03585272282361984,-0.2479986995458603,-0.23428592085838318,1.0
-0.40565457940101624,0.4574353098869324,-0.32470741868019104,-0.15172962844371796,0.17098066210746765,-0.09307581186294556,0.0
-0.6364262700080872,0.22259484231472015,-0.43283820152282715,-0.05220691114664078,-0.29519766569137573,-0.1783856749534607,0.0
-0.6472934484481812,0.3872995376586914,-0.21153141558170319,-0.26354673504829407,-0.24608516693115234,-0.31741398572921753,1.0
0.04201310873031616,0.2718420624732971,-0.015248015522956848,0.03295968472957611,-0.35640230774879456,0.02573949098587036,0.0
-0.6131124496459961,0.23768936097621918,-0.06355048716068268,-0.27085283398628235,0.19096983969211578,-0.17535698413848877,0.0
-0.5833922028541565,0.505142331123352,-0.2625439167022705,-0.10890047252178192,-0.08081530779600143,-0.09841358661651611,0.0
-0.7526812553405762,0.29176074266433716,-0.3243001699447632,0.013063743710517883,-0.08516773581504822,-0.09799270331859589,1.0
-0.2962857484817505,0.5653371810913086,-0.17463520169258118,-0.18588998913764954,-0.25588786602020264,-0.3217116594314575,1.0
-0.4721760153770447,0.32859793305397034,-0.2706995904445648,-0.20386773347854614,-0.014496401883661747,-0.19059528410434723,0.0
-0.6094491481781006,0.5183194875717163,-0.22490157186985016,-0.21544653177261353,-0.23461326956748962,-0.25579503178596497,0.0
-0.09822562336921692,0.2311299592256546,0.04986855387687683,-0.09111784398555756,-0.06918957829475403,-0.11239413917064667,0.0
0.15119171142578125,0.28892549872398376,-0.44407767057418823,0.16840744018554688,0.25942423939704895,-0.6747756600379944,1.0
-0.4120120406150818,0.597541332244873,-0.2323196679353714,-0.0638076663017273,-0.14727184176445007,-0.22966641187667847,1.0
-0.3472498953342438,0.7291756868362427,-0.2967512309551239,-0.11998217552900314,-0.08862446248531342,-0.04656527191400528,1.0
-0.5955684781074524,0.32708939909935,-0.19847123324871063,-0.19003108143806458,0.016206055879592896,-0.12851667404174805,0.0
-0.019368469715118408,0.6578189134597778,-0.35063666105270386,-0.0004796832799911499,0.052491262555122375,-0.3378324508666992,1.0
-0.51434725522995,0.5912668108940125,-0.4110857844352722,0.10410571098327637,0.08857402950525284,-0.028655096888542175,0.0
-0.29852980375289917,0.25119277834892273,-0.36003807187080383,-0.27233120799064636,0.5349055528640747,-0.2920267581939697,0.0
-0.6036348938941956,0.4926312267780304,-0.3545783460140228,-0.1385449469089508,-0.08196485042572021,-0.09191513061523438,0.0
-0.35381248593330383,0.6701970100402832,-0.2969648540019989,-0.21153689920902252,-0.04713808000087738,-0.09840904176235199,0.0
-0.6556879281997681,0.4964171051979065,-0.4833633303642273,-0.010669797658920288,0.03535682335495949,-0.0018667876720428467,0.0
-0.8183074593544006,0.22942763566970825,-0.4653932452201843,-0.014711946249008179,0.1298246532678604,0.032173335552215576,0.0
-0.5738998055458069,0.3743108808994293,-0.10442952811717987,-0.16565503180027008,0.02247602865099907,-0.19181455671787262,0.0
-0.28676438331604004,0.48870763182640076,-0.3810376524925232,-0.25870028138160706,-0.29804930090904236,-0.27894967794418335,1.0
0.09892749786376953,0.9159776568412781,-0.021295353770256042,-0.019097670912742615,0.03581903874874115,-0.13027240335941315,1.0
-0.4495483934879303,0.3795523941516876,-0.1451738476753235,-0.13742056488990784,0.1968606859445572,-0.1520288586616516,0.0
-0.7942582964897156,0.3736194372177124,-0.3439638912677765,0.03027842938899994,-0.022141318768262863,-0.07056865841150284,1.0
-0.1865423023700714,-0.2086249589920044,-0.26994115114212036,-0.07452688366174698,-0.11970838904380798,-0.10470941662788391,0.0
0.14973795413970947,0.5657918453216553,-0.22861938178539276,0.15628927946090698,0.06632652133703232,-0.48159661889076233,1.0
-0.2818945646286011,0.45229867100715637,-0.08120286464691162,-0.1300668865442276,-0.24552799761295319,-0.04111017286777496,1.0
0.15445774793624878,0.30608808994293213,-0.47989779710769653,0.22474157810211182,-0.0015446003526449203,-0.06908760219812393,1.0
0.297298789024353,-0.14022862911224365,-0.7059179544448853,-0.37444597482681274,-0.1185355857014656,-0.062486179172992706,0.0
-0.737147331237793,0.1352519392967224,-0.13361480832099915,-0.3283248543739319,0.0754489153623581,-0.1734922230243683,0.0
-0.4326039254665375,0.3242814242839813,-0.4102146625518799,-0.19082018733024597,0.1385948359966278,-0.1890331208705902,1.0
-0.5115911960601807,0.35246938467025757,-0.4210454523563385,-0.17609579861164093,-0.10926686227321625,-0.16700683534145355,1.0
-0.3276424705982208,0.7874911427497864,-0.2630636394023895,0.007109031081199646,0.0012913458049297333,-0.07879241555929184,1.0
0.055206865072250366,0.5725743770599365,-0.09056919813156128,0.14652174711227417,-0.00032821856439113617,-0.2894631028175354,0.0
-0.4931553602218628,0.3936120271682739,-0.16015179455280304,-0.1243368536233902,-0.03385993093252182,-0.19617860019207,1.0
-0.2745535373687744,0.4932595491409302,-0.09714946150779724,-0.15832284092903137,-0.21137486398220062,-0.36196982860565186,1.0
-0.0035992562770843506,0.9570759534835815,-0.09037277102470398,-0.0940704345703125,-0.006335766054689884,-0.24788224697113037,1.0
-0.9173982739448547,0.21677640080451965,-0.4144706726074219,0.1399865448474884,-0.12221022695302963,-0.12913991510868073,1.0
-0.6611469984054565,0.1774858683347702,-0.1692875325679779,-0.2771960496902466,0.04905425012111664,-0.10851037502288818,1.0
-0.3063991665840149,0.7870808243751526,-0.3818111717700958,-0.09077863395214081,0.06345945596694946,-0.02125224471092224,1.0
-0.20771609246730804,0.7410780191421509,-0.24047741293907166,0.10609695315361023,0.15285128355026245,-0.1521356850862503,0.0
-0.7798634767532349,0.34866806864738464,-0.40759003162384033,0.06411927938461304,-0.047577161341905594,-0.11479197442531586,0.0
-0.7704851627349854,0.2451026737689972,-0.07196934521198273,-0.2148667573928833,-0.1137266457080841,-0.28681856393814087,0.0
-0.8740572929382324,0.25422054529190063,-0.35708609223365784,-0.06952662765979767,0.27483871579170227,0.02800014615058899,0.0
-0.18964624404907227,0.7589340209960938,-0.3770427405834198,-0.20809197425842285,0.08730089664459229,0.28104159235954285,0.0
-0.8074066638946533,0.349093496799469,-0.3498108983039856,-0.11598899960517883,-0.3281729519367218,-0.24213218688964844,1.0
-0.3818703591823578,0.5182198882102966,-0.31861191987991333,-0.09104259312152863,0.1542825847864151,-0.1494477093219757,0.0
-0.5651259422302246,0.3818966746330261,-0.3389745056629181,-0.17331838607788086,-0.06299497187137604,-0.09773498773574829,1.0
-0.47280389070510864,0.5081027746200562,-0.1951090693473816,-0.14428870379924774,0.1213328093290329,-0.09752729535102844,0.0
-0.36980777978897095,0.3990422785282135,-0.3005794882774353,-0.08457885682582855,-0.06926432996988297,-0.16118831932544708,0.0
-0.6410364508628845,0.4656345546245575,-0.39447659254074097,-0.04709351807832718,-0.037361305207014084,-0.08320880681276321,1.0
0.35077840089797974,-0.1933671236038208,-0.21963338553905487,0.1495620310306549,0.21867923438549042,-0.007306978106498718,0.0
-0.486616849899292,0.39504215121269226,-0.32631927728652954,-0.1597593128681183,-0.174557626247406,-0.06810104846954346,1.0
-0.4279797673225403,0.5387575626373291,-0.20976245403289795,-0.021053850650787354,-0.26495981216430664,-0.2290443778038025,1.0
-0.24405162036418915,0.7223014831542969,-0.1982135772705078,-0.07763780653476715,-0.13578209280967712,-0.21715901792049408,1.0
-0.5713263750076294,0.37799355387687683,-0.2791674733161926,-0.0632733479142189,0.22790910303592682,-0.04001622647047043,0.0
-0.6002866625785828,0.47671186923980713,-0.1336228996515274,-0.1349169909954071,0.14839647710323334,-0.05721723288297653,0.0
-0.048732876777648926,0.7714942097663879,-0.03718389570713043,0.03665383160114288,-0.016398534178733826,-0.1894795000553131,1.0
-0.4108002781867981,0.5192740559577942,-0.15567509829998016,-0.3024557828903198,-0.024942105636000633,-0.2168617844581604,1.0
-0.3877990245819092,0.6136859059333801,-0.27852436900138855,-0.024600766599178314,-0.14750277996063232,-0.15880893170833588,1.0
-0.6470454931259155,0.2833818793296814,-0.20893481373786926,-0.287395715713501,0.11502659320831299,-0.13596424460411072,1.0
-0.03132474422454834,0.5865765810012817,-0.3924761414527893,0.03228364884853363,0.0713786780834198,-0.23006534576416016,1.0
-0.671241283416748,0.28084683418273926,-0.42100685834884644,-0.07926863431930542,-0.04560258984565735,-0.08578590303659439,1.0
-0.17842456698417664,0.513671875,-0.49535948038101196,-0.11587382853031158,-0.06439433246850967,-0.3276066780090332,1.0
-0.08733567595481873,0.6579046249389648,-0.36015674471855164,0.1558685600757599,0.18599776923656464,-0.06192668527364731,1.0
-0.5002244710922241,0.4866790175437927,-0.253042995929718,-0.2342166155576706,-0.010186620987951756,-0.10414941608905792,1.0
-0.8516852855682373,0.09148862957954407,-0.17939430475234985,-0.2911185026168823,0.17654623091220856,-0.058053478598594666,1.0
-0.5305941104888916,0.35887610912323,-0.09311488270759583,-0.21642637252807617,-0.0013805553317070007,-0.2559190094470978,1.0
0.2999188303947449,0.7151064872741699,-0.25172123312950134,0.05421169102191925,0.14397892355918884,-0.34017863869667053,1.0
-0.5010725855827332,0.29852187633514404,-0.03834550082683563,-0.19275842607021332,0.054704450070858,-0.1911184936761856,1.0
-0.1286182701587677,0.20922619104385376,-0.5068013668060303,-0.4871756434440613,0.049590155482292175,0.0022894591093063354,0.0
-0.6866485476493835,0.41152888536453247,-0.3103238046169281,-0.15934710204601288,-0.06274367868900299,-0.15542031824588776,1.0
-0.5650959014892578,0.18560156226158142,-0.09434942901134491,-0.16705460846424103,-0.20905375480651855,-0.2873227000236511,0.0
-0.31276363134384155,0.5481800436973572,0.00044673681259155273,-0.35452455282211304,0.044214554131031036,-0.02167794108390808,0.0
-0.29195743799209595,0.6023609638214111,-0.3081500828266144,-0.19244547188282013,-0.33347731828689575,-0.007664665579795837,1.0
-0.19623598456382751,0.6799960136413574,-0.1865021288394928,0.020892783999443054,-0.024962620809674263,-0.02855639159679413,1.0
-0.4513256251811981,0.10689389705657959,-0.18267440795898438,-0.3881879448890686,-0.37098217010498047,-0.3115091323852539,0.0
-0.5811070203781128,0.42537635564804077,-0.23252615332603455,-0.19202736020088196,0.16468694806098938,-0.05733976513147354,0.0
-0.801900327205658,0.051313430070877075,-0.29623058438301086,-0.17722061276435852,0.31029874086380005,-0.04823875427246094,1.0
-0.30806368589401245,0.680823802947998,-0.24503101408481598,-0.0600685253739357,-0.20544125139713287,-0.17961524426937103,1.0
-0.5734646916389465,0.31975504755973816,-0.3830867409706116,0.04954974353313446,-0.08851052075624466,-0.1262706220149994,0.0
-0.27088963985443115,0.45990464091300964,-0.18912920355796814,-0.11506541073322296,-0.28067371249198914,-0.21869120001792908,1.0
-0.6143098473548889,0.5348730087280273,-0.3343323767185211,-0.09949363768100739,-0.19904528558254242,-0.19817328453063965,0.0
-0.5707970261573792,0.40399885177612305,-0.2676580250263214,-0.1690400242805481,0.23130443692207336,-0.008190527558326721,0.0
-0.1464826762676239,0.7177011966705322,-0.2769838869571686,-0.25267845392227173,-0.2126157283782959,-0.1507532000541687,1.0
0.10446897149085999,-0.4692351818084717,0.010314345359802246,-0.13932208716869354,-0.29414525628089905,-0.14408740401268005,0.0
-0.2880282402038574,0.4074966311454773,-0.5517362952232361,-0.02440929412841797,-0.031507208943367004,0.1698903739452362,1.0
-0.9602170586585999,0.22674012184143066,-0.46659785509109497,0.03754456341266632,0.14557099342346191,0.020622268319129944,1.0
-0.27417561411857605,0.41616421937942505,-0.10636888444423676,-0.29059451818466187,-0.37891116738319397,0.2445974349975586,0.0
-0.2682233452796936,0.6798820495605469,-0.31905558705329895,-0.2496391236782074,0.03154038265347481,-0.061374351382255554,1.0
0.1262848675251007,0.7077019214630127,-0.4982156455516815,-0.15608859062194824,0.1226830929517746,-0.24835556745529175,1.0
-0.612072229385376,0.4866267442703247,-0.310817688703537,0.02583487331867218,-0.02353578619658947,-0.10130549967288971,1.0
-0.08812686800956726,0.2528842091560364,-0.4384649991989136,-0.2812201976776123,0.03856978192925453,-0.07101769745349884,0.0
-0.44570690393447876,0.43300002813339233,-0.4381929934024811,-0.14867432415485382,-0.28616052865982056,-0.09722325950860977,1.0
-0.5011708736419678,0.5502489805221558,-0.21913960576057434,-0.2532505989074707,-0.3626616597175598,-0.3565252423286438,1.0
-0.43604975938796997,0.560816764831543,-0.1847681701183319,-0.2734687626361847,-0.25112348794937134,-0.2072136402130127,0.0
-0.669395387172699,0.5144899487495422,-0.3882341980934143,-0.040206246078014374,-0.10859067738056183,-0.06883697211742401,0.0
-0.686864972114563,0.18531419336795807,-0.17952647805213928,-0.27307456731796265,0.2507476508617401,-0.09936639666557312,1.0
-0.38616326451301575,0.6907688975334167,-0.1871407926082611,-0.23707476258277893,0.026589713990688324,-0.11053608357906342,0.0
-0.753516435623169,0.2305745631456375,-0.25208982825279236,-0.21496278047561646,-0.04053550586104393,-0.15355795621871948,0.0
-0.7811733484268188,0.15378868579864502,-0.21256761252880096,-0.06031745672225952,0.19649824500083923,0.0028743743896484375,0.0
-0.25022122263908386,0.2676008343696594,-0.5293863415718079,-0.10908013582229614,0.039207857102155685,0.024054110050201416,0.0
-0.5991326570510864,0.39035388827323914,-0.2865666151046753,-0.044193632900714874,-0.08137482404708862,-0.2667020261287689,0.0
-0.5732721090316772,0.25180914998054504,-0.16518285870552063,-0.3003441095352173,-0.1039930135011673,-0.20125895738601685,0.0
-0.5028215646743774,0.4119093418121338,-0.14131559431552887,-0.25646114349365234,0.07065541297197342,-0.19786551594734192,0.0
-0.3486087918281555,0.5978862047195435,-0.19405317306518555,-0.26424452662467957,0.15047281980514526,0.005157873034477234,0.0
-0.2672410309314728,0.7253212928771973,-0.2320639193058014,-0.2555961608886719,-0.22861704230308533,-0.09104272723197937,1.0
-0.49970823526382446,0.4922536313533783,-0.15572768449783325,-0.15446211397647858,-0.35004231333732605,-0.3385728597640991,1.0
-0.2732480764389038,-0.1812824010848999,-0.6312429904937744,0.05833159387111664,-0.24215680360794067,-0.09795594215393066,0.0
-0.11791515350341797,0.8320108652114868,-0.38748592138290405,-0.2499997317790985,0.11196684837341309,-0.1496548056602478,1.0
-0.25245657563209534,0.637251615524292,-0.23705238103866577,-0.05481881648302078,-0.21641471982002258,-0.24772462248802185,1.0
-0.29148566722869873,0.4458853006362915,-0.3963589072227478,0.08173808455467224,0.049416832625865936,-0.2684222459793091,1.0
-0.804034948348999,0.2977190613746643,-0.24287331104278564,-0.13557030260562897,0.09847597777843475,-0.07551920413970947,1.0
-0.49870604276657104,0.40570610761642456,-0.24249233305454254,-0.2691389322280884,-0.038839295506477356,-0.0570126473903656,0.0
-0.8645883798599243,0.12261906266212463,-0.3278645873069763,-0.1685304343700409,0.2502589821815491,-0.07450640201568604,1.0
-0.7550223469734192,0.3322952091693878,-0.2795274257659912,-0.18538221716880798,-0.13557583093643188,-0.256675660610199,0.0
-0.2968929409980774,0.7289409637451172,-0.3557540476322174,-0.12648344039916992,-0.056672848761081696,-0.07429436594247818,1.0
-0.6546473503112793,0.20224997401237488,-0.08360454440116882,-0.2932950258255005,-0.043830402195453644,-0.42674964666366577,1.0
-0.10586223006248474,0.9337706565856934,-0.2784271240234375,-0.26145604252815247,-0.023565107956528664,-0.08758090436458588,1.0
-0.3124716579914093,0.949894905090332,0.05716279149055481,-0.5599085092544556,0.09945329278707504,-0.006381362676620483,0.0
0.4605807662010193,-0.2558740973472595,-0.5910619497299194,-0.7188801169395447,-0.06081714853644371,0.2678101062774658,0.0
-0.1482166051864624,0.5193228125572205,-0.532181978225708,-0.12623949348926544,0.13775186240673065,-0.4322800636291504,0.0
-0.7922137975692749,0.2713213264942169,-0.355045884847641,0.07659909129142761,0.06424544751644135,0.007738962769508362,1.0
-0.11393983662128448,0.7541094422340393,-0.07294958829879761,-0.09378492087125778,-0.24268564581871033,-0.2909223437309265,1.0
-0.7454894185066223,0.4100131690502167,-0.391919881105423,-0.05251196026802063,-0.03884470462799072,-0.06051357090473175,1.0
-0.44876980781555176,0.5383144617080688,-0.3267570436000824,-0.019896090030670166,-0.12717202305793762,-0.2202499806880951,1.0
-0.20787888765335083,0.7433307766914368,-0.22196745872497559,-0.3313058316707611,-0.22216977179050446,-0.18066063523292542,0.0
-0.8711536526679993,0.1670902818441391,-0.346017986536026,-0.12101231515407562,0.17962035536766052,0.02208741009235382,1.0
-0.6527633666992188,0.1996612399816513,-0.13767898082733154,-0.22883714735507965,0.31296977400779724,-0.1606244146823883,0.0
-0.2776828408241272,0.7391491532325745,-0.21817630529403687,-0.3257783055305481,0.04276727885007858,-0.1214451789855957,0.0
-0.925495982170105,0.31689152121543884,-0.299976110458374,-0.02534022182226181,-0.13077005743980408,-0.20791864395141602,0.0
-0.6009025573730469,0.5471606254577637,-0.27203109860420227,0.018085628747940063,-0.1895216405391693,-0.1599896252155304,0.0
-0.6369011402130127,0.4811463952064514,-0.2347385287284851,-0.12310529500246048,-0.27903905510902405,-0.30003345012664795,1.0
-0.3860214650630951,0.3840709328651428,-0.39789581298828125,-0.10938146710395813,-0.288798063993454,-0.0746656060218811,1.0
-0.38270536065101624,0.6566454172134399,-0.2747949957847595,-0.054402709007263184,-0.09201470762491226,-0.14445465803146362,1.0
-0.2291831523180008,0.306011825799942,-0.11218123137950897,-0.0696457251906395,-0.09560901671648026,-0.08829609304666519,0.0
-0.5840429067611694,0.21935348212718964,-0.16741660237312317,-0.3627620339393616,0.13076329231262207,-0.07880954444408417,0.0
-0.6656363010406494,0.4787382483482361,-0.4311300814151764,0.0012606382369995117,-0.03565860912203789,-0.05103689432144165,0.0
-0.15612763166427612,0.80088871717453,-0.24108467996120453,-0.06484630703926086,-0.06615500897169113,-0.15807098150253296,1.0
0.29701828956604004,0.6268520355224609,0.2206716537475586,-0.0691271647810936,0.3981809616088867,-0.19484496116638184,0.0
-0.4792201817035675,0.6002057790756226,-0.23255188763141632,-0.07642338424921036,-0.15702952444553375,-0.1793418675661087,1.0
-0.6285783052444458,0.446662575006485,-0.1749284863471985,-0.09792355448007584,-0.1314762532711029,-0.17704761028289795,0.0
0.30720019340515137,0.5273963212966919,-0.6177914142608643,-0.352688193321228,0.15864035487174988,-0.2814374566078186,0.0
-0.18554119765758514,0.7461276054382324,-0.25502824783325195,-0.07918713986873627,-0.07324253022670746,-0.15715117752552032,1.0
-0.32821518182754517,0.3651738166809082,-0.3532090187072754,-0.21767789125442505,-0.07665610313415527,-0.11189961433410645,0.0
-0.6425386667251587,0.4836852550506592,-0.518524169921875,0.01975180208683014,0.06387221813201904,0.01994428038597107,0.0
-0.5292746424674988,0.5927937626838684,-0.38534271717071533,-0.07238874584436417,-0.0691322386264801,-0.11673770844936371,0.0
-0.7093901634216309,0.29170122742652893,-0.19865620136260986,-0.2680187225341797,-0.005432127974927425,-0.16474470496177673,1.0
-0.03740212321281433,0.2156493365764618,-0.3178923726081848,0.15583592653274536,0.07211481034755707,0.025494977831840515,0.0
-0.5632662773132324,0.5054547190666199,-0.2894860804080963,-0.15799587965011597,-0.35912495851516724,-0.08931106328964233,1.0
-0.8439788222312927,0.1425195336341858,-0.2805512845516205,-0.15915462374687195,0.2900228202342987,-0.06648676097393036,0.0
0.22383469343185425,0.8148611783981323,-0.262122243642807,0.05908086895942688,0.15832248330116272,-0.21097561717033386,1.0
-0.6724241971969604,0.45911678671836853,-0.41111189126968384,0.005541488528251648,-0.0398111566901207,-0.030231982469558716,0.0
-0.7201459407806396,0.30407586693763733,-0.1113576740026474,-0.18730872869491577,-0.25237923860549927,-0.22915592789649963,0.0
-0.6589716076850891,0.3631911277770996,-0.36904022097587585,0.058008477091789246,0.13234198093414307,-0.07165934890508652,0.0
-0.4670369625091553,0.4069180190563202,-0.25021806359291077,-0.11712682992219925,0.05875285714864731,-0.09511641412973404,0.0
-0.09761220216751099,0.07130706310272217,-0.5480493307113647,0.010723188519477844,0.743005096912384,-0.7510812282562256,0.0
-0.39200282096862793,0.3462405204772949,-0.32255157828330994,-0.30156210064888,-0.3724548816680908,-0.25434407591819763,0.0
0.1734377145767212,0.42433419823646545,-0.6130532026290894,-0.11096875369548798,0.01795867457985878,0.03459332883358002,1.0
-0.5076463222503662,0.48506808280944824,-0.31686973571777344,-0.2130068689584732,-0.24000103771686554,-0.1060737743973732,1.0
-0.428796648979187,0.41683170199394226,-0.4175931215286255,-0.17286862432956696,-0.30585700273513794,-0.18815234303474426,1.0
-0.6137572526931763,0.4311249256134033,-0.363216757774353,-0.05843120813369751,0.077130526304245,-0.03623738884925842,1.0
-0.6267337799072266,0.3962969183921814,-0.33146581053733826,-0.17218954861164093,-0.2145189642906189,-0.19111225008964539,1.0
-0.5532849431037903,0.19669048488140106,-0.05249233543872833,-0.3209918141365051,0.18940956890583038,-0.3140898644924164,0.0
-0.2221815437078476,0.618784487247467,-0.4607909917831421,0.0370924174785614,0.22248205542564392,-0.2379586398601532,0.0
-0.4097636342048645,0.65378737449646,-0.2623155415058136,-0.017900601029396057,-0.1677176058292389,-0.12771844863891602,0.0
-0.010980069637298584,0.9013676047325134,0.07315364480018616,-0.5271129608154297,0.34639421105384827,-0.0671711415052414,0.0
-0.5944573879241943,0.2983494997024536,-0.31292858719825745,0.02515888214111328,-0.07562778145074844,-0.10959883034229279,0.0
-0.6455415487289429,0.4402605891227722,-0.44415873289108276,-0.02806803584098816,-0.04276711121201515,-0.12291689962148666,0.0
-0.29362112283706665,0.6014160513877869,-0.2993331849575043,-0.22934940457344055,-0.1887882947921753,-0.29748964309692383,1.0
-0.4200289249420166,0.4577762484550476,-0.18405398726463318,-0.1855277121067047,-0.43271633982658386,-0.2791266441345215,1.0
-0.5582342147827148,0.38650283217430115,-0.1892288327217102,-0.2736266851425171,0.01794850453734398,-0.13506042957305908,1.0
-0.8356858491897583,0.10631072521209717,-0.3325282633304596,0.05585893988609314,0.3064001202583313,-0.0007384419441223145,1.0
-0.48094794154167175,0.43777984380722046,-0.23621922731399536,-0.22674141824245453,0.228858083486557,-0.04982311278581619,0.0
-0.8732276558876038,0.13386034965515137,-0.2790291905403137,0.007786482572555542,0.05411895364522934,-0.1461874395608902,1.0
-0.16791822016239166,0.7012524604797363,-0.1678406149148941,-0.0442284494638443,-0.20815446972846985,-0.13829298317432404,1.0
-0.24926252663135529,0.06488573551177979,-0.22077533602714539,-0.36222565174102783,-0.0956859141588211,-0.07917530834674835,0.0
-0.4642101228237152,0.5669282078742981,-0.401897132396698,-0.1056910902261734,-0.10910457372665405,-0.14991410076618195,1.0
-0.6939735412597656,0.30396753549575806,-0.0884658545255661,-0.25100547075271606,-0.10202331095933914,-0.3139371871948242,0.0
-0.6215452551841736,0.4403184950351715,-0.3540462255477905,-0.10993009060621262,-0.17794661223888397,-0.23010210692882538,1.0
-0.2566721737384796,0.5880192518234253,-0.26122239232063293,-0.007312685251235962,-0.1726154386997223,-0.22575363516807556,0.0
-0.10108616948127747,-0.20187753438949585,-0.5006160736083984,0.19768556952476501,-0.1514112651348114,0.11025169491767883,0.0
0.17549437284469604,0.5947432518005371,-0.32309964299201965,0.08634835481643677,0.09544777870178223,-0.44649478793144226,1.0
-0.32459479570388794,0.2594415247440338,-0.21294498443603516,-0.3676881194114685,0.12100756168365479,-0.11031423509120941,0.0
-0.5743708610534668,0.4342327117919922,-0.21301762759685516,-0.0694892406463623,-0.2982979416847229,-0.33533310890197754,1.0
-0.15275634825229645,0.8457993268966675,-0.28901395201683044,-0.1740342229604721,0.09611902385950089,-0.1753617823123932,1.0
0.49861979484558105,-0.18647390604019165,0.10749638080596924,0.0787646472454071,0.18739236891269684,0.19783177971839905,0.0
-0.41360560059547424,0.660609245300293,-0.32058337330818176,-0.15925605595111847,-0.05464952811598778,-0.02133624255657196,1.0
0.0850456953048706,0.1962921917438507,0.17548692226409912,0.27195873856544495,-0.44852885603904724,0.22258734703063965,0.0
-0.5846347212791443,0.17459894716739655,-0.10215254127979279,-0.19667042791843414,0.248960942029953,-0.09873072803020477,0.0
-0.7201839685440063,0.1554269939661026,-0.18958380818367004,-0.24794188141822815,0.2706843316555023,-0.0804402232170105,1.0
-0.6501291394233704,0.28344088792800903,-0.207740917801857,-0.03709854185581207,0.23017655313014984,-0.07863478362560272,1.0
0.06591588258743286,0.02175810933113098,-0.271292120218277,0.028122901916503906,0.5464374423027039,-0.6466599702835083,0.0
-0.2582690119743347,0.11894971132278442,0.003256857395172119,-0.44458940625190735,-0.014063030481338501,-0.2950381636619568,0.0
0.15171486139297485,0.7609944343566895,-0.40278661251068115,-0.13658306002616882,0.09986976534128189,-0.23005443811416626,1.0
-0.038905948400497437,0.844018816947937,-0.13848403096199036,-0.45760539174079895,-0.0017409920692443848,-0.08826209604740143,1.0
0.14124667644500732,0.16507361829280853,0.0035989880561828613,0.23994207382202148,0.3353726267814636,-0.45110204815864563,0.0
-0.109917551279068,0.7573862671852112,-0.5196508169174194,-0.07257921993732452,0.18631988763809204,-0.06179235875606537,1.0
-0.6504666805267334,0.47672075033187866,-0.3636469542980194,0.04260833561420441,-0.0974748432636261,-0.07659758627414703,1.0
-0.8855964541435242,0.12073072791099548,-0.28761348128318787,-0.22525238990783691,0.03865354135632515,-0.17108598351478577,1.0
-0.28293079137802124,0.19353386759757996,-0.12930546700954437,-0.4321405589580536,0.13744765520095825,-0.24546203017234802,0.0
-0.3514305055141449,0.5198055505752563,-0.37110453844070435,-0.1716514378786087,-0.2883641719818115,-0.17661654949188232,1.0
-0.5477477312088013,0.1881437599658966,-0.045555442571640015,-0.18577952682971954,0.01831282302737236,-0.15617531538009644,0.0
-0.6437394618988037,0.4293537139892578,-0.1383574903011322,-0.20215752720832825,0.23175185918807983,0.041917234659194946,0.0
0.1969069242477417,-0.591318666934967,-0.1487998515367508,-0.12283466756343842,-0.21172979474067688,-0.11784972250461578,0.0
-0.4085468649864197,0.23883649706840515,-0.21612130105495453,-0.23764467239379883,0.16270478069782257,0.004955217242240906,0.0
0.03617119789123535,0.23526087403297424,-0.37492573261260986,-0.3727573752403259,-0.5035615563392639,-0.21364811062812805,0.0
-0.8247518539428711,0.16975928843021393,-0.11656759679317474,-0.35429608821868896,0.06457815319299698,-0.2078123688697815,1.0
-0.2824556231498718,0.6336196064949036,0.09191250801086426,-0.2798769772052765,0.2144288718700409,-0.18587248027324677,0.0
-0.5317549109458923,0.2598721385002136,-0.32736024260520935,-0.23908445239067078,-0.07386595755815506,-0.15310059487819672,0.0
0.25885432958602905,0.7129392623901367,-0.036981359124183655,-0.5420882701873779,0.5015183687210083,0.4699860215187073,0.0
0.11590173840522766,-0.04560345411300659,-0.12888281047344208,-0.694293737411499,-0.23009628057479858,-0.14384420216083527,0.0
-0.41379567980766296,0.5003833770751953,-0.4281175136566162,0.0022000521421432495,-0.06299710273742676,-0.25205743312835693,0.0
0.09026190638542175,0.2195502072572708,-0.18553456664085388,0.2591489255428314,0.06619112938642502,-0.6291844844818115,0.0
-0.22490933537483215,0.0552213191986084,-0.14097687602043152,-0.5096547603607178,-0.06938496232032776,-0.04449692368507385,0.0
0.3977178931236267,-0.49258315563201904,-0.485158771276474,-0.5839887857437134,0.02279549092054367,-0.22418799996376038,0.0
-0.4171087443828583,0.4085948169231415,-0.16926045715808868,-0.039137475192546844,0.0156499482691288,-0.04660314321517944,0.0
-0.404487282037735,0.5199536085128784,-0.16390085220336914,-0.2043043076992035,-0.054735634475946426,-0.2580200433731079,0.0
-0.23340685665607452,0.6278781294822693,-0.37821894884109497,-0.21020017564296722,-0.10271411389112473,-0.20794329047203064,1.0
-0.13614629209041595,0.7650935649871826,-0.32259654998779297,-0.3835960924625397,-0.05303506925702095,-0.21147388219833374,0.0
-0.2991132438182831,0.46714723110198975,0.04808419942855835,-0.23122739791870117,0.08553280681371689,-0.10234908759593964,1.0
-0.5369647741317749,0.5195863842964172,-0.3292776942253113,-0.10147127509117126,-0.17026731371879578,-0.1644458919763565,1.0
0.054387420415878296,0.1375901997089386,-0.16859281063079834,0.4554218053817749,-0.06778834760189056,0.0278024822473526,0.0
-0.7102745771408081,0.3787272274494171,-0.22952145338058472,-0.06997581571340561,-0.08109239488840103,-0.20748743414878845,1.0
0.06032004952430725,0.9536395072937012,-0.17061373591423035,-0.003173723816871643,0.08813036233186722,-0.09605540335178375,1.0
-0.3415749669075012,0.5334299802780151,-0.03294523060321808,-0.2575267553329468,-0.07726249098777771,-0.23562180995941162,0.0
0.024150758981704712,0.32517099380493164,-0.7146891355514526,-0.1326480358839035,0.051672741770744324,-0.11917105317115784,0.0
-0.04061311483383179,0.7146958708763123,-0.37601831555366516,0.15979903936386108,0.20862388610839844,-0.0013219565153121948,1.0
-0.5735793113708496,0.47682422399520874,-0.20164281129837036,-0.10632868111133575,-0.0311297457665205,-0.1355133205652237,0.0
-0.6825159788131714,0.25155580043792725,-0.2441299557685852,-0.2460826337337494,-0.33418363332748413,-0.2827869653701782,0.0
-0.538528323173523,0.48470136523246765,-0.23569703102111816,-0.23603123426437378,-0.09524910151958466,-0.21812736988067627,0.0
-0.29459479451179504,0.21817143261432648,-0.25701993703842163,-0.35821378231048584,-0.016719762235879898,-0.13320206105709076,0.0
-0.5807240605354309,0.43064844608306885,-0.22656458616256714,-0.012893542647361755,-0.12143091857433319,-0.22233685851097107,1.0
-0.11565911769866943,0.3895532488822937,-0.15029165148735046,0.04288201034069061,0.2180253565311432,-0.3057958781719208,0.0
-0.09876784682273865,0.6284997463226318,-0.32499927282333374,0.14813271164894104,0.147256001830101,-0.1658836156129837,1.0
-0.0008712410926818848,0.9327840805053711,0.02760067582130432,-0.048913247883319855,-0.10124373435974121,-0.25204071402549744,1.0
-0.4241073727607727,0.4085039794445038,-0.11636020243167877,-0.3544895350933075,-0.30719831585884094,-0.28405076265335083,1.0
-0.48470401763916016,0.5317709445953369,-0.24870245158672333,-0.029522337019443512,-0.19045810401439667,-0.1676894873380661,1.0
-0.028844594955444336,0.7937256097793579,-0.10220922529697418,-0.11881542950868607,-0.043514594435691833,-0.08669283986091614,1.0
-0.4252954423427582,0.511249303817749,-0.2119627147912979,-0.15343371033668518,-0.44886514544487,-0.16939160227775574,1.0
-0.28555724024772644,0.10174569487571716,-0.309179425239563,-0.37319743633270264,-0.23176319897174835,-0.3166537880897522,0.0
-0.5059348344802856,0.38235899806022644,-0.06142544746398926,-0.27184149622917175,0.12899480760097504,-0.1809903085231781,0.0
-0.5809948444366455,0.3748851418495178,-0.27915602922439575,-0.07236304879188538,-0.27220702171325684,-0.20674677193164825,1.0
0.1327538788318634,0.30661794543266296,-0.3828808665275574,-0.729469895362854,-0.4635429084300995,-0.09772750735282898,0.0
-0.48132985830307007,0.5139281749725342,-0.07563799619674683,-0.1539781242609024,-0.08317144215106964,-0.24506933987140656,0.0
-0.5073420405387878,0.4528917670249939,-0.242267906665802,-0.20118583738803864,-0.2530328631401062,-0.21102982759475708,0.0
0.28819727897644043,0.08667176961898804,-0.578840970993042,-0.4938676357269287,-0.09077496826648712,-0.2034817785024643,0.0
-0.13432477414608002,0.43013936281204224,-0.5262194871902466,-0.22224225103855133,0.034694377332925797,0.07264411449432373,1.0
-0.4906342625617981,0.28655916452407837,-0.16802379488945007,-0.18259775638580322,-0.10516810417175293,-0.22249269485473633,1.0
0.16449499130249023,0.25361043214797974,0.1390225887298584,0.3847923278808594,0.5195273756980896,0.04349474608898163,0.0
-0.7254974842071533,0.21281687915325165,-0.09662461280822754,-0.22165614366531372,-0.13619855046272278,-0.25471270084381104,0.0
-0.4545544385910034,0.4402778446674347,-0.0022564828395843506,-0.448305606842041,0.04288564622402191,-0.20349948108196259,0.0
-0.028704822063446045,0.7215367555618286,-0.31249451637268066,-0.47428393363952637,0.47005215287208557,-0.09623672068119049,0.0
-0.34568119049072266,0.6000568270683289,-0.1415417194366455,-0.2305385172367096,-0.011463327333331108,-0.29193246364593506,0.0
-0.5132330656051636,0.26871195435523987,-0.21384894847869873,-0.2624247074127197,0.34551456570625305,-0.04992067813873291,0.0
-0.28876161575317383,0.16625754535198212,-0.17509256303310394,-0.17598363757133484,0.426874041557312,-0.46306100487709045,0.0
-0.411199152469635,0.06896200776100159,-0.23510441184043884,-0.07626117020845413,-0.5186314582824707,-0.3410382866859436,0.0
-0.3957335650920868,0.6218353509902954,-0.20432209968566895,-0.08908479660749435,-0.2690291106700897,-0.2834855914115906,1.0
-0.20254100859165192,0.7256998419761658,-0.19386355578899384,-0.08431214094161987,-0.046188417822122574,-0.20261812210083008,1.0
-0.7545354962348938,0.225799098610878,-0.19592329859733582,-0.26927313208580017,-0.0024857614189386368,-0.21943648159503937,0.0
-0.5458446741104126,0.23914682865142822,-0.2997402250766754,-0.2227974832057953,0.13572190701961517,-0.012983575463294983,0.0
-0.5078083872795105,0.29694345593452454,0.06370323896408081,-0.35098689794540405,-0.04405304789543152,-0.3632715940475464,1.0
-0.06692251563072205,0.22194981575012207,-0.34142857789993286,-0.36454716324806213,-0.32826805114746094,-0.13904574513435364,0.0
-0.9076388478279114,0.13922926783561707,-0.19897569715976715,-0.13714858889579773,0.05640355497598648,-0.20404928922653198,0.0
-0.2765439450740814,0.45056915283203125,-0.06404528021812439,-0.5550750494003296,-0.1967313289642334,-0.2430441677570343,1.0
