-0.5835464000701904,0.36004576086997986,-0.304905503988266,0.0
-0.05474698543548584,0.1663476824760437,0.6318191289901733,0.0
-0.4304075837135315,0.3587700426578522,-0.12276171147823334,1.0
-0.10342517495155334,0.41856780648231506,-0.5345664024353027,0.0
-0.3088245689868927,0.48886001110076904,0.20933768153190613,0.0
-0.32826530933380127,0.25934112071990967,-0.019438669085502625,0.0
-0.6212624311447144,0.09501522779464722,-0.41628775000572205,0.0
-0.6676497459411621,0.3618755638599396,-0.23987966775894165,1.0
-0.17660903930664062,0.7755599021911621,-0.34219425916671753,1.0
0.180944561958313,-0.48878782987594604,-0.5243566036224365,0.0
-0.33461371064186096,0.055949002504348755,0.02631869912147522,0.0
-0.4724341928958893,0.3315329849720001,-0.369537353515625,1.0
-0.7638245820999146,0.12234686315059662,-0.004356652498245239,1.0
-0.751732587814331,0.14578264951705933,0.012171506881713867,1.0
-0.14721570909023285,0.5997533798217773,-0.1706213355064392,1.0
-0.741217851638794,0.1740134060382843,-0.3883531391620636,0.0
-0.29360371828079224,0.6832449436187744,-0.34042486548423767,1.0
-0.32715094089508057,0.431289941072464,-0.29033637046813965,1.0
-0.8707415461540222,0.204926997423172,-0.4832146167755127,1.0
-0.6968086361885071,0.40095600485801697,-0.31774091720581055,0.0
0.22759389877319336,-0.07389825582504272,-0.27100712060928345,0.0
-0.4664101302623749,0.36620020866394043,-0.3795638084411621,0.0
0.34879976511001587,-0.6357365250587463,-0.6068214178085327,0.0
-0.353394091129303,0.38804328441619873,-0.0958971232175827,0.0
-0.1149207353591919,0.6374703645706177,-0.1644284576177597,1.0
-0.111082062125206,0.6252002716064453,-0.33768486976623535,0.0
-0.3317256271839142,0.40416088700294495,0.08616501092910767,0.0
-0.26987048983573914,0.1884881854057312,-0.31219571828842163,0.0
-0.7032023668289185,0.12086755037307739,-0.06851851940155029,0.0
-0.47039684653282166,0.48216262459754944,-0.28881579637527466,1.0
0.06670603156089783,-0.45910173654556274,-0.5709164142608643,0.0
-0.13654844462871552,0.6457703113555908,-0.3988480865955353,1.0
-0.3815397322177887,0.720603346824646,-0.25242435932159424,1.0
-0.5570083856582642,0.2501859962940216,-0.41445469856262207,1.0
-0.3065830171108246,-0.27212023735046387,-0.8953130841255188,0.0
-0.6761670708656311,0.2474580705165863,-0.2334916889667511,0.0
-0.4989873170852661,0.44923996925354004,-0.2618016004562378,0.0
-0.24239251017570496,0.3930510878562927,0.24254465103149414,0.0
-0.44669222831726074,0.34064924716949463,-0.7048689126968384,1.0
-0.36592942476272583,0.5206218957901001,-0.37221604585647583,1.0
-0.4479774534702301,0.2869144380092621,-0.17808052897453308,1.0
0.04576191306114197,0.5761027336120605,-0.47552672028541565,1.0
-0.17006242275238037,0.17426148056983948,-0.661346435546875,0.0
-0.6304880380630493,0.3047636151313782,-0.31670859456062317,0.0
-0.5982623100280762,0.18303459882736206,-0.11370646953582764,1.0
-0.3682371973991394,0.24688011407852173,0.2977830171585083,1.0
0.21096229553222656,-0.2546221613883972,-0.608286440372467,0.0
-0.2820644676685333,0.6190220713615417,-0.318044513463974,0.0
-0.6845117807388306,0.29160264134407043,-0.332831472158432,0.0
-0.38408493995666504,0.1423707902431488,-0.18116655945777893,0.0
0.2500142455101013,0.848621129989624,-0.34326010942459106,1.0
-0.08299049735069275,0.3436662554740906,-0.41157764196395874,0.0
-0.6285145282745361,0.0926215797662735,-0.08927209675312042,1.0
-0.7313399314880371,0.2861824333667755,-0.3186647295951843,0.0
-0.3643028438091278,0.48196834325790405,-0.4015735983848572,1.0
-0.41853150725364685,0.593671977519989,-0.25998616218566895,0.0
-0.6038317680358887,0.2312336564064026,-0.23486000299453735,0.0
-0.7448619604110718,0.2919957637786865,-0.3277947008609772,1.0
-0.3054238259792328,0.35219186544418335,0.05849775671958923,0.0
0.045507580041885376,0.5928729772567749,-0.5386402606964111,1.0
-0.3491589426994324,0.43462762236595154,-0.30540382862091064,1.0
-0.10749377310276031,0.6763076782226562,-0.3091261684894562,1.0
-0.5637516379356384,0.2463434636592865,-0.19057965278625488,0.0
-0.5386511087417603,0.01429101824760437,0.06986907124519348,1.0
-0.6499706506729126,0.3389241397380829,-0.4645593762397766,0.0
-0.5775067806243896,0.42184609174728394,-0.38669925928115845,0.0
-0.15894179046154022,0.7518051862716675,-0.23574867844581604,1.0
-0.8928666114807129,-0.07803523540496826,-0.16191445291042328,0.0
-0.6229060888290405,0.3747671842575073,-0.13391271233558655,1.0
-0.648038387298584,0.40646326541900635,-0.2984965145587921,0.0
-0.0989551842212677,0.5742833614349365,-0.5474169254302979,1.0
-0.7390026450157166,0.38243424892425537,-0.36593419313430786,1.0
-0.712780237197876,-0.05066153407096863,-0.23581098020076752,0.0
-0.07527270913124084,0.26593855023384094,-0.4876291751861572,0.0
-0.7415212988853455,0.18907469511032104,-0.36845898628234863,1.0
-0.4660600423812866,0.4862421751022339,-0.2794152796268463,1.0
-0.3794974684715271,0.5686958432197571,-0.39302486181259155,0.0
-0.7419908046722412,0.10079754889011383,-0.2090471088886261,0.0
-0.7813959717750549,0.27028390765190125,-0.2658848464488983,1.0
-0.43042609095573425,0.5367273092269897,-0.45872700214385986,1.0
-0.6694306135177612,0.34761476516723633,-0.4060037136077881,1.0
-0.904420018196106,0.07780387997627258,-0.021095827221870422,0.0
-0.4591929614543915,0.16320937871932983,0.17171919345855713,1.0
-0.4491272568702698,0.3833177983760834,0.028870463371276855,0.0
-0.5229429602622986,0.0949535220861435,-0.02934183180332184,1.0
-0.5593737363815308,0.32937008142471313,-0.5635888576507568,1.0
-0.5469047427177429,0.2764873802661896,-0.15850211679935455,0.0
-0.13189758360385895,0.4782431423664093,-0.4450080394744873,1.0
-0.8361353278160095,-0.003223806619644165,-0.10497693717479706,1.0
-0.019554227590560913,0.8482307195663452,-0.08967658877372742,1.0
-0.852451741695404,-0.03316625952720642,-0.20351754128932953,1.0
-0.12667061388492584,0.4663441479206085,-0.22786708176136017,1.0
-0.644305944442749,0.049095481634140015,-0.17984646558761597,0.0
-0.8179381489753723,0.0763186663389206,-0.31103307008743286,1.0
-0.973996639251709,0.08939354121685028,-0.33573290705680847,0.0
-0.3258671462535858,0.5666513442993164,-0.29747092723846436,1.0
-0.6333777904510498,0.209570050239563,-0.09606635570526123,0.0
-0.2281329482793808,0.407207190990448,-0.0697232186794281,0.0
-0.6713097095489502,0.2490508258342743,-0.4728342294692993,1.0
-0.6859849691390991,0.40891405940055847,-0.2963748872280121,0.0
-0.01826360821723938,0.7077683806419373,-0.1978769153356552,1.0
-0.8384002447128296,0.013245552778244019,-0.2203044891357422,1.0
-0.3397243022918701,0.19459573924541473,-0.03501448035240173,0.0
-0.6728460788726807,-0.026576608419418335,0.10092562437057495,0.0
-0.2000742256641388,0.4303634464740753,-0.3508937358856201,1.0
-0.7328777313232422,0.16436603665351868,-0.16920313239097595,1.0
-0.7000568509101868,0.2233123779296875,-0.332638680934906,1.0
-0.4113612174987793,0.2898285686969757,0.039425045251846313,0.0
0.022305995225906372,0.17770317196846008,-0.2884790897369385,0.0
-0.26388466358184814,0.5749545693397522,-0.20531576871871948,1.0
-0.2436642348766327,0.5114248394966125,-0.18936669826507568,1.0
-0.4507196843624115,0.4996826648712158,-0.34461280703544617,1.0
0.10724875330924988,0.1677468717098236,-0.8283790946006775,0.0
-0.26002150774002075,0.365346759557724,-0.31706732511520386,1.0
-0.7053762674331665,-0.0036981701850891113,-0.11547303199768066,1.0
-0.27930209040641785,0.6028612852096558,-0.2336580604314804,1.0
-0.6318424940109253,0.4714217782020569,-0.3977857530117035,1.0
-0.35180795192718506,0.5830504894256592,-0.22818168997764587,1.0
0.06732842326164246,0.2385738641023636,-0.35025548934936523,0.0
-0.5223517417907715,0.2921605408191681,-0.2620362937450409,0.0
0.18735790252685547,0.3137890696525574,-0.47418296337127686,0.0
-0.57300865650177,0.4509207010269165,-0.3818024694919586,1.0
-0.04062449932098389,0.5851588249206543,-0.5706043243408203,1.0
-0.1370416283607483,0.13966800272464752,-0.2572660446166992,0.0
-0.06733962893486023,0.15943792462348938,0.006637841463088989,0.0
-0.4818130135536194,0.2613770365715027,0.05326485633850098,0.0
-0.02502170205116272,0.25289079546928406,-0.5331763029098511,1.0
-0.1041153073310852,0.5802796483039856,-0.5631999969482422,1.0
-0.34527844190597534,0.6865898370742798,-0.2070232331752777,0.0
-0.9228904843330383,0.0007027685642242432,-0.05587388575077057,1.0
-0.30001193284988403,0.09451434016227722,-0.41642528772354126,0.0
-0.8045973181724548,0.06490886211395264,0.08501726388931274,0.0
-0.25753554701805115,0.26980435848236084,-0.15966543555259705,0.0
-0.7786175012588501,0.14177992939949036,-0.15470120310783386,0.0
-0.6800748109817505,0.30672210454940796,-0.2572210133075714,1.0
-0.6662898659706116,0.30905792117118835,-0.22373788058757782,1.0
0.10280677676200867,0.53463214635849,-0.6166956424713135,1.0
-0.4637414813041687,0.25287896394729614,-0.08692903816699982,0.0
-0.7028905153274536,0.07605546712875366,-0.22304272651672363,1.0
-0.5093176364898682,0.18888723850250244,-0.6587552428245544,1.0
-0.4210059642791748,0.3945918381214142,-0.3600037693977356,1.0
-0.20143379271030426,0.5312619209289551,-0.03841489553451538,0.0
-0.6396379470825195,0.2261343002319336,0.025571227073669434,1.0
-0.38644668459892273,0.5236520767211914,-0.1891038417816162,1.0
-0.6770633459091187,0.21948707103729248,-0.18520143628120422,1.0
-0.8746029734611511,0.15807877480983734,-0.37818625569343567,1.0
-0.2906114459037781,0.5969617366790771,-0.34337520599365234,1.0
-0.17631036043167114,0.10394641757011414,-0.21849656105041504,0.0
-0.3591262102127075,0.6845170259475708,-0.2831098437309265,0.0
-0.4941518306732178,0.48401105403900146,-0.3240728974342346,1.0
-0.49600228667259216,0.31049132347106934,-0.13069365918636322,0.0
-0.664118766784668,0.38932618498802185,-0.434841513633728,1.0
-0.7416123747825623,-0.04733815789222717,-0.06637987494468689,0.0
-0.05917540192604065,0.8677421808242798,-0.16514086723327637,1.0
0.299160361289978,0.8333393931388855,0.01418924331665039,0.0
-0.243136465549469,0.5239672660827637,-0.5530356168746948,1.0
-0.03088405728340149,0.7664653062820435,-0.21114510297775269,1.0
-0.39050203561782837,0.5791534185409546,-0.1620674431324005,1.0
-0.39816221594810486,0.25380340218544006,-0.012207776308059692,0.0
-0.4620024263858795,0.4782402515411377,-0.2663741409778595,1.0
-0.08092451095581055,0.7068333625793457,-0.20962084829807281,1.0
0.014802008867263794,0.40332499146461487,-0.424738347530365,0.0
-0.6677247285842896,0.3278903365135193,-0.17834359407424927,0.0
-0.4899539649486542,0.18237744271755219,-0.2082350105047226,0.0
-0.7343497276306152,0.2873225808143616,-0.4099651575088501,1.0
-0.2673405706882477,0.6212582588195801,-0.32112428545951843,1.0
0.11938586831092834,0.15749207139015198,-0.361676424741745,0.0
-0.5232832431793213,0.1610582023859024,-0.05139271914958954,1.0
-0.24446254968643188,-0.08473709225654602,-0.062130942940711975,0.0
-0.44162866473197937,0.5475506782531738,-0.30997031927108765,1.0
-0.27577847242355347,0.6234847903251648,-0.23069173097610474,1.0
-0.09803774952888489,0.8268328309059143,-0.20845715701580048,1.0
-0.1678599715232849,0.7101238369941711,-0.14129331707954407,1.0
-0.30209043622016907,0.45078691840171814,-0.002551525831222534,0.0
-0.649651050567627,0.19445830583572388,-0.08366383612155914,0.0
-0.37252670526504517,0.48475319147109985,-0.24587199091911316,1.0
-0.8654367327690125,0.20881855487823486,-0.4563971161842346,1.0
-0.19691939651966095,0.01933884620666504,-0.06549111008644104,0.0
-0.7097135186195374,0.3431248664855957,-0.3355570435523987,1.0
-0.06239798665046692,0.8258886337280273,-0.2832513749599457,1.0
-0.5933045148849487,0.4150279760360718,-0.38394492864608765,0.0
0.024969875812530518,0.3636362552642822,-0.2913997769355774,0.0
0.09179005026817322,0.17200346291065216,-0.314786821603775,0.0
-0.13002252578735352,0.3197532296180725,0.3000744581222534,1.0
-0.5245544910430908,0.20749978721141815,-0.19744600355625153,0.0
0.4219309091567993,-0.15301024913787842,0.09792876243591309,0.0
-0.13618852198123932,0.14871296286582947,0.1614546775817871,1.0
-0.1322215050458908,-0.10550236701965332,-0.7889265418052673,0.0
-0.800483763217926,0.2609507143497467,-0.3528658151626587,1.0
-0.5440965294837952,0.05374997854232788,0.04649090766906738,0.0
-0.6009789705276489,0.38580381870269775,-0.4508655369281769,0.0
-0.537994384765625,0.3767565190792084,-0.4973077178001404,1.0
-0.7662334442138672,0.08473275601863861,-0.2067660689353943,1.0
-0.03163054585456848,0.4060881733894348,-0.6421990990638733,0.0
-0.45161232352256775,0.2544313967227936,0.14915582537651062,0.0
0.20081555843353271,-0.2131657600402832,-0.509618878364563,0.0
-0.12246492505073547,0.7383962869644165,-0.15073633193969727,1.0
-0.7702591419219971,0.15619155764579773,-0.2953034043312073,1.0
-0.8335214853286743,0.06527602672576904,-0.3466847538948059,1.0
-0.38471201062202454,0.5331151485443115,-0.4370312988758087,1.0
-0.39734721183776855,0.5346697568893433,-0.14906474947929382,1.0
0.01786261796951294,0.4210049510002136,-0.6320914030075073,1.0
-0.2777053117752075,0.7332000732421875,-0.2645833194255829,0.0
-0.6003706455230713,0.3681914806365967,-0.3257288932800293,0.0
-0.42796894907951355,0.30138126015663147,-0.3733712434768677,0.0
-0.9185344576835632,-0.08505323529243469,-0.2962720990180969,0.0
-0.02000880241394043,0.27877140045166016,0.020891398191452026,0.0
-0.5022459626197815,0.2688484191894531,0.001927882432937622,0.0
-0.08955392241477966,0.6889221668243408,-0.2554696500301361,0.0
-0.5265008211135864,0.10093013942241669,0.031338781118392944,0.0
0.06610903143882751,0.5296125411987305,-0.08745203912258148,0.0
-0.49696600437164307,0.45924538373947144,-0.39121854305267334,0.0
-0.061085790395736694,0.3994932174682617,-0.392619252204895,0.0
-0.3731859028339386,0.6505743265151978,-0.3859333097934723,1.0
-0.5971556901931763,0.07121658325195312,0.03996044397354126,0.0
-0.45754605531692505,0.2363092005252838,-0.15746131539344788,0.0
-0.5901492238044739,0.35769733786582947,-0.19600701332092285,0.0
-0.14579176902770996,-0.365689754486084,-0.44667693972587585,0.0
0.3336365222930908,-0.41533786058425903,-0.11254505813121796,0.0
-0.1398959755897522,0.6131266355514526,-0.21449807286262512,0.0
-0.136048823595047,0.9303838014602661,-0.28062739968299866,1.0
0.08418989181518555,0.3688949942588806,0.5813765525817871,0.0
-0.7350990772247314,0.03500518202781677,-0.08913175761699677,0.0
-0.1086241602897644,0.5034497380256653,-0.44211244583129883,1.0
-0.48766326904296875,0.5213721394538879,-0.24314984679222107,1.0
-0.46498921513557434,0.33894839882850647,0.016988277435302734,1.0
-0.23738685250282288,0.6172916293144226,-0.12979717552661896,1.0
-0.6222847700119019,0.43756014108657837,-0.3207785189151764,1.0
-0.17434464395046234,0.47349411249160767,-0.4664607048034668,1.0
-0.19814921915531158,0.593538761138916,-0.22783932089805603,1.0
-0.36578458547592163,0.48021984100341797,-0.16688400506973267,0.0
-0.26003432273864746,0.6649620532989502,-0.35544583201408386,1.0
-0.03478100895881653,0.47118088603019714,0.06044384837150574,0.0
0.5736595988273621,-0.5806993842124939,0.14862856268882751,0.0
0.0447351336479187,0.08847637474536896,-0.5988239049911499,0.0
-0.5230280160903931,0.19072739779949188,-0.2349875569343567,0.0
-0.43063321709632874,0.3797563314437866,-0.1339690387248993,1.0
-0.5167564153671265,0.251728355884552,-0.10019455850124359,1.0
0.06078800559043884,0.6458104848861694,-0.4341261386871338,1.0
-0.2629799544811249,0.5776218175888062,0.004810720682144165,0.0
-0.4906010031700134,0.11736416816711426,-0.5022205114364624,0.0
-0.8381282091140747,0.18511269986629486,-0.4731398820877075,1.0
-0.33982256054878235,0.43289875984191895,0.15111494064331055,0.0
-0.5678726434707642,0.45653659105300903,-0.3182442784309387,1.0
-0.028347015380859375,0.34040170907974243,-0.6860194206237793,0.0
-0.030135005712509155,0.03309786319732666,-0.18389737606048584,0.0
-0.7932348251342773,0.1856728196144104,-0.1516580730676651,0.0
0.018534213304519653,0.6459075212478638,-0.4291709065437317,1.0
-0.21144121885299683,0.3476848304271698,-0.31414318084716797,1.0
-0.1661030501127243,0.474723756313324,0.03878515958786011,0.0
-0.5091614723205566,0.279192179441452,-0.15958398580551147,0.0
-0.4532584547996521,0.131435364484787,-0.09721149504184723,0.0
-0.5591081976890564,0.3354862928390503,-0.2354254573583603,1.0
0.10679000616073608,0.6405394077301025,-0.525852382183075,1.0
-0.803491473197937,0.281006783246994,-0.26715055108070374,1.0
-0.18130148947238922,0.7544808983802795,-0.2739621102809906,1.0
-0.49333760142326355,0.5654878616333008,-0.32016268372535706,0.0
-0.21500922739505768,0.47398248314857483,-0.22056494653224945,0.0
-0.7526671886444092,0.24917186796665192,-0.7023980617523193,1.0
0.12336957454681396,0.605657160282135,0.44287335872650146,0.0
-0.6512287855148315,0.20710569620132446,-0.2928926646709442,1.0
-0.6081482172012329,0.2583520710468292,-0.25549936294555664,0.0
0.14589667320251465,0.6220120191574097,-0.49975407123565674,1.0
-0.34410104155540466,0.497858464717865,-0.1094445288181305,1.0
-0.23407641053199768,0.19683466851711273,-0.6399708390235901,1.0
-0.3530961275100708,0.5231987237930298,-0.25419244170188904,1.0
-0.15988563001155853,0.3784869909286499,-0.49167847633361816,1.0
-0.562873363494873,0.2359389364719391,-0.14300400018692017,1.0
0.3579826354980469,0.6754448413848877,-0.2592451274394989,1.0
-0.3579149544239044,0.2729378044605255,-0.03205583989620209,0.0
-0.5133005380630493,0.39957040548324585,-0.1695597618818283,1.0
0.11028727889060974,-0.3399766683578491,-0.6637071371078491,0.0
0.2523585557937622,0.0863613486289978,-0.5784522294998169,0.0
-0.6330706477165222,0.37043145298957825,-0.31972581148147583,1.0
-0.4825207591056824,0.3519923686981201,-0.31964901089668274,1.0
-0.26565712690353394,0.2437317967414856,0.017121165990829468,0.0
-0.24872443079948425,0.45608121156692505,-0.4085094630718231,0.0
-0.47542938590049744,0.4348193109035492,-0.07000359892845154,1.0
-0.4070281982421875,0.29284581542015076,-0.11048802733421326,0.0
-0.5144001841545105,0.3638521730899811,-0.5114866495132446,1.0
-0.20562733709812164,0.3736491799354553,-0.1572781354188919,0.0
-0.4258520007133484,0.1825629323720932,-0.07676984369754791,0.0
-0.35658740997314453,0.38558006286621094,-0.572753369808197,1.0
0.007892131805419922,0.275019109249115,-0.3015114367008209,0.0
-0.5878626704216003,0.06736394762992859,0.04352518916130066,1.0
-0.09769594669342041,0.05038347840309143,-0.34716013073921204,0.0
-0.5634335875511169,0.024687618017196655,-0.0631542056798935,0.0
0.18666553497314453,0.5738231539726257,0.09855252504348755,0.0
-0.8616095185279846,0.07312572002410889,-0.24739061295986176,1.0
-0.31255877017974854,0.4390958547592163,-0.5983691215515137,0.0
-0.22841574251651764,0.42171168327331543,-0.3412749171257019,0.0
-0.7330648899078369,0.16808509826660156,-0.11363191902637482,0.0
-0.14093802869319916,0.6262190341949463,-0.6423842906951904,1.0
-0.613052248954773,0.2017841637134552,-0.19700832664966583,0.0
-0.2821778655052185,0.43309882283210754,-0.2908991277217865,0.0
-0.8838890790939331,0.23374897241592407,-0.3210020363330841,1.0
-0.4496940076351166,0.11585436761379242,-0.11872009932994843,0.0
-0.023074209690093994,0.8240864276885986,-0.052355676889419556,1.0
-0.35565292835235596,0.34831514954566956,0.0434439480304718,0.0
-0.31457626819610596,0.4277181625366211,-0.11151224374771118,0.0
-0.11217877268791199,-0.5111854076385498,-0.5461490750312805,0.0
-0.5622761249542236,0.2974909543991089,-0.4175156354904175,1.0
-0.37892070412635803,0.47024479508399963,-0.03757622838020325,1.0
-0.5722441673278809,0.3186454474925995,-0.3804261088371277,0.0
0.0777769684791565,0.6566065549850464,-0.5396472215652466,1.0
-0.09219422936439514,0.7162494659423828,-0.19704224169254303,1.0
-0.593262791633606,0.2705106735229492,-0.12665483355522156,0.0
-0.0854722261428833,0.7600783109664917,-0.2591482698917389,1.0
0.03513813018798828,0.004012256860733032,-0.167868971824646,0.0
-0.3068010210990906,0.4800531566143036,-0.6149419546127319,1.0
-0.3360390365123749,0.5038689374923706,-0.37169671058654785,1.0
-0.17077095806598663,0.1842246800661087,-0.20208266377449036,0.0
-0.5227528214454651,0.04195845127105713,0.13600915670394897,1.0
-0.9157517552375793,0.12510913610458374,-0.068828284740448,0.0
0.4827256202697754,0.00653308629989624,-0.05255725979804993,0.0
0.12991973757743835,-0.39545464515686035,0.04741889238357544,0.0
-0.5191710591316223,0.4311157166957855,-0.20131824910640717,0.0
-0.6238434314727783,0.2937670350074768,-0.5135392546653748,0.0
-0.8565865755081177,0.22735333442687988,-0.38188591599464417,1.0
-0.6694959402084351,0.3265189826488495,-0.42291003465652466,0.0
-0.7445980310440063,0.27354195713996887,-0.46051883697509766,1.0
0.12847793102264404,0.34493932127952576,-0.41338932514190674,0.0
-0.7198537588119507,0.04123368859291077,-0.14523647725582123,0.0
-0.420016884803772,0.4251555800437927,-0.34816208481788635,1.0
-0.2911548912525177,0.5532580614089966,-0.31311652064323425,1.0
-0.526875376701355,0.3680161237716675,-0.47795429825782776,0.0
-0.47536084055900574,0.2948395311832428,-0.306892454624176,1.0
-0.3949960768222809,0.46725237369537354,-0.14271357655525208,1.0
-0.6702288389205933,0.28405866026878357,-0.17848500609397888,1.0
-0.6973187327384949,0.20378467440605164,-0.27613842487335205,0.0
0.08422040939331055,0.18724751472473145,-0.5758088231086731,0.0
-0.42689862847328186,0.3613567352294922,-0.1680312305688858,1.0
0.14371803402900696,0.20657160878181458,-0.2839275300502777,0.0
-0.4849199056625366,0.4265940487384796,-0.2598300278186798,0.0
-0.45666569471359253,0.2891825735569,-0.18735453486442566,0.0
-0.752615213394165,-0.045266926288604736,-0.24199813604354858,0.0
-0.4857342541217804,0.32187792658805847,-0.1994459182024002,1.0
-0.11757074296474457,0.44905519485473633,-0.549851655960083,1.0
-0.2731613516807556,0.1544458419084549,-0.025445446372032166,1.0
-0.8939914107322693,0.19644075632095337,-0.36437326669692993,0.0
-0.16402876377105713,0.4783065915107727,-0.5249945521354675,1.0
-0.6693841218948364,0.32120460271835327,-0.21718159317970276,1.0
-0.889563262462616,-0.00866970419883728,-0.11059826612472534,1.0
-0.28245484828948975,0.4545621871948242,-0.11398492753505707,1.0
-0.20173674821853638,0.2096913754940033,-0.3451222777366638,1.0
-0.20725849270820618,0.4579111337661743,-0.3127523362636566,1.0
-0.7638618350028992,0.1810179203748703,-0.1631719172000885,0.0
-0.5453096628189087,0.3463469445705414,-0.3368184268474579,1.0
-0.5998008847236633,0.3158375322818756,-0.25029057264328003,0.0
-0.4711836874485016,0.2940995395183563,0.10755661129951477,0.0
-0.6471186876296997,0.17439024150371552,-0.3958115875720978,1.0
-0.6202557682991028,0.3246441185474396,-0.19306865334510803,1.0
0.25326865911483765,-0.13922345638275146,-0.6859651803970337,0.0
0.3855835795402527,0.41729211807250977,0.10164955258369446,0.0
-0.5771775245666504,0.26165273785591125,-0.29615461826324463,1.0
-0.7068068981170654,0.07892212271690369,-0.033554911613464355,0.0
-0.24281147122383118,0.5417900085449219,-0.31453463435173035,0.0
-0.6504237651824951,0.05005759000778198,0.12611991167068481,0.0
-0.6114871501922607,0.40450596809387207,-0.26482340693473816,0.0
-0.5819918513298035,0.3936486840248108,-0.3802565038204193,0.0
-0.46279433369636536,0.3862778842449188,-0.4413013756275177,1.0
-0.4978569746017456,0.40738263726234436,-0.2721301317214966,0.0
-0.2658359110355377,0.4851836860179901,-0.27823126316070557,1.0
-0.3134419620037079,0.6867767572402954,-0.26925966143608093,1.0
-0.6241723299026489,0.2925969362258911,-0.39165252447128296,0.0
-0.48373347520828247,0.338155061006546,-0.17874827980995178,0.0
-0.09647279977798462,0.28195104002952576,-0.45044392347335815,0.0
-0.19028761982917786,0.47346043586730957,-0.3451254665851593,1.0
0.08648344874382019,-0.08010417222976685,-0.7509282827377319,0.0
-0.7140597105026245,0.1646489053964615,-0.23586522042751312,1.0
0.09810858964920044,0.8398473262786865,-0.19771158695220947,1.0
-0.029321670532226562,0.34545207023620605,-0.3884829878807068,0.0
-0.9214022755622864,0.11171099543571472,-0.2027803212404251,1.0
-0.7330446839332581,0.06136104464530945,-0.20682865381240845,0.0
0.03904050588607788,-0.15349116921424866,-0.5364465713500977,0.0
-0.1920396089553833,0.44859135150909424,-0.6118403673171997,1.0
-0.6329083442687988,0.2417595386505127,-0.24902409315109253,0.0
-0.20030848681926727,0.4961404502391815,-0.5691887140274048,1.0
-0.4685900807380676,0.4279797673225403,-0.37103620171546936,1.0
-0.14801758527755737,0.10928522050380707,-0.2409190833568573,0.0
-0.20972596108913422,-0.11618497967720032,-0.6859657764434814,0.0
-0.9450147747993469,-0.01440456509590149,-0.3648695945739746,0.0
-0.6339194774627686,0.11777631938457489,-0.16255348920822144,0.0
-0.5180138349533081,0.39548078179359436,-0.5159447193145752,1.0
0.04145273566246033,0.8691880702972412,-0.20261506736278534,1.0
-0.06071820855140686,0.9040549993515015,-0.2897782623767853,1.0
-0.46568796038627625,0.1641240119934082,-0.33639228343963623,0.0
-0.6709147691726685,0.26307082176208496,-0.42852848768234253,1.0
-0.4828086495399475,0.32540759444236755,-0.2598912715911865,1.0
-0.33092957735061646,0.41768699884414673,-0.07814429700374603,0.0
-0.28305625915527344,0.6675307750701904,-0.1350795179605484,1.0
0.286126971244812,-0.04243302345275879,-0.02124616503715515,0.0
-0.5005571842193604,0.35118889808654785,-0.3091977536678314,1.0
-0.6211951375007629,0.3507077097892761,-0.4060085415840149,1.0
-0.7726484537124634,0.051025599241256714,-0.19133463501930237,1.0
-0.2754766643047333,0.6869243383407593,-0.25654247403144836,0.0
0.04612171649932861,0.7308805584907532,-0.17806392908096313,1.0
-0.3805586099624634,0.5040205717086792,-0.415487140417099,0.0
-0.8979204893112183,0.0730176568031311,-0.28561076521873474,0.0
-0.3852349817752838,0.4170605540275574,-0.3107534945011139,0.0
-0.46335119009017944,0.4481028914451599,-0.15575703978538513,1.0
-0.643163800239563,0.14545515179634094,0.06671267747879028,1.0
-0.45882970094680786,0.30584806203842163,-0.12962429225444794,0.0
-0.5397946238517761,0.35064804553985596,-0.2352595329284668,1.0
-0.35884037613868713,0.5558242797851562,-0.3457622528076172,1.0
0.15447205305099487,0.6765826344490051,0.41267311573028564,0.0
-0.30011457204818726,0.5471221208572388,-0.27741003036499023,1.0
-0.38134467601776123,0.4032479524612427,-0.4835660457611084,1.0
-0.12161840498447418,0.7873924970626831,0.11604645848274231,1.0
-0.15095385909080505,0.5418579578399658,0.3175966739654541,0.0
-0.6436843276023865,0.42570778727531433,-0.28330397605895996,1.0
-0.5995170474052429,0.2994704246520996,-0.1549442708492279,0.0
-0.3028299808502197,0.42216312885284424,-0.5383104085922241,0.0
-0.5303024053573608,0.41499319672584534,-0.5164999961853027,0.0
-0.3367907404899597,0.43370717763900757,-0.16317932307720184,0.0
-0.11221687495708466,0.1285865306854248,0.22761619091033936,0.0
-0.32067370414733887,0.7136577367782593,-0.3053591847419739,1.0
-0.5298104286193848,0.36346912384033203,-0.2516835927963257,0.0
-0.5033007860183716,0.48251914978027344,-0.26251354813575745,1.0
-0.4005800783634186,0.35537973046302795,-0.23510901629924774,1.0
-0.8086165189743042,0.15710678696632385,-0.39187997579574585,0.0
-0.7257516384124756,0.24531486630439758,-0.17466576397418976,1.0
-0.24183455109596252,0.48793941736221313,-0.35026276111602783,1.0
0.403306245803833,0.07605341076850891,-0.27236825227737427,0.0
-0.2712191343307495,0.5884894132614136,-0.3652351498603821,1.0
-0.6503190994262695,0.1241038590669632,-0.022907868027687073,0.0
-0.3461226224899292,0.19582661986351013,0.2142544984817505,0.0
-0.8389710187911987,0.23291754722595215,-0.5439149737358093,0.0
-0.09663054347038269,0.5217866897583008,-0.34580087661743164,1.0
0.1223762035369873,0.4755890369415283,-0.4324493408203125,0.0
-0.22834660112857819,0.6731241941452026,-0.23595167696475983,1.0
-0.49454328417778015,0.37646645307540894,-0.2648687958717346,1.0
-0.3948516249656677,0.5641300678253174,-0.290604829788208,1.0
-0.5650304555892944,0.4431106150150299,-0.43001556396484375,1.0
0.004745066165924072,0.6192782521247864,-0.4096829295158386,1.0
-0.4118826985359192,0.5151162147521973,-0.4241413474082947,0.0
-0.5404309034347534,0.4188409745693207,-0.4219001829624176,1.0
-0.723990797996521,0.07537487149238586,-0.14570075273513794,0.0
-0.6103484630584717,0.32365480065345764,-0.3942103981971741,1.0
-0.3698653280735016,0.516796350479126,-0.24490682780742645,1.0
-0.4429081082344055,0.1936424821615219,-0.0502573698759079,0.0
-0.23222540318965912,0.5892414450645447,-0.3094896078109741,1.0
-0.5542550086975098,0.19909581542015076,0.15597054362297058,0.0
-0.410622239112854,0.23474028706550598,-0.14670398831367493,0.0
-0.6947265863418579,0.25667667388916016,-0.2985098958015442,1.0
-0.3854255676269531,0.5239790081977844,-0.374502956867218,1.0
-0.16688688099384308,0.27260178327560425,-0.1880226731300354,0.0
-0.4179964065551758,0.5251579880714417,-0.29337579011917114,1.0
-0.542439341545105,0.3634183704853058,-0.4627576470375061,1.0
-0.3949771523475647,0.3271024227142334,-0.1932973563671112,1.0
-0.5373755693435669,0.11900654435157776,-0.01722186803817749,0.0
0.19970232248306274,0.5955650806427002,0.038838863372802734,0.0
-0.17435182631015778,0.6652404069900513,-0.26278001070022583,1.0
-0.32378748059272766,0.38167038559913635,-0.49408864974975586,1.0
-0.8662707805633545,0.27370744943618774,-0.38924890756607056,1.0
0.043331414461135864,0.8225284814834595,-0.33474594354629517,1.0
-0.07171282172203064,0.5472723245620728,-0.3511778712272644,1.0
-0.5600335001945496,0.4603957235813141,-0.14462605118751526,0.0
0.12690353393554688,0.9790685772895813,-0.256980836391449,1.0
-0.40172022581100464,0.46484458446502686,-0.34348684549331665,1.0
-1.0,-0.054170429706573486,-0.33100461959838867,0.0
-0.013728678226470947,0.6596790552139282,-0.4861512780189514,1.0
0.10871481895446777,0.2143706977367401,-0.6245244741439819,1.0
0.09398308396339417,0.7435356378555298,-0.1703544557094574,1.0
-0.07054120302200317,-0.04315856099128723,0.6578616499900818,0.0
-0.47914624214172363,0.1763785034418106,0.051907479763031006,0.0
-0.692000150680542,0.24529314041137695,-0.265232652425766,0.0
-0.23646339774131775,0.46834075450897217,-0.5569496154785156,1.0
-0.4549317955970764,0.3483599126338959,-0.31981801986694336,0.0
-0.15067154169082642,0.20739591121673584,0.054252058267593384,0.0
-0.5167261958122253,0.46825993061065674,-0.3890454173088074,0.0
-0.5636779069900513,0.16750600934028625,-0.1607230305671692,1.0
-0.45806607604026794,0.02668735384941101,-0.014750316739082336,0.0
-0.40005117654800415,0.5406668782234192,-0.34171295166015625,1.0
0.38965773582458496,-0.6292760968208313,-0.28690677881240845,0.0
-0.7551777362823486,0.26805365085601807,-0.39354974031448364,1.0
-0.26250654458999634,0.5741838812828064,-0.03738906979560852,1.0
0.0755305290222168,0.6763050556182861,-0.11079946160316467,0.0
-0.2936970293521881,0.6157728433609009,-0.3052486181259155,1.0
0.17840886116027832,0.004292517900466919,-0.8928500413894653,0.0
-0.33144524693489075,0.6049140691757202,-0.33365756273269653,0.0
-0.6730316281318665,0.3627468943595886,-0.553257167339325,1.0
-0.2939562499523163,0.6885241270065308,-0.3825020492076874,1.0
-0.6073567867279053,0.3545196056365967,-0.3809909224510193,0.0
-0.6638511419296265,0.22371059656143188,-0.13663148880004883,1.0
-0.9531465768814087,-0.0864441990852356,0.08856770396232605,1.0
-0.06395316123962402,0.5622867941856384,-0.23260025680065155,0.0
0.07130742073059082,0.5586652755737305,-0.08581633865833282,0.0
0.2148783802986145,-0.06922915577888489,0.0610087513923645,0.0
-0.4289058446884155,0.4314681887626648,-0.06868748366832733,0.0
-0.3231283128261566,0.6166958808898926,-0.43870165944099426,1.0
0.7123379111289978,-0.6608784794807434,0.32176244258880615,0.0
-0.17600804567337036,0.7194640636444092,-0.18391191959381104,1.0
-0.4939291477203369,0.399457186460495,-0.4577450454235077,1.0
-0.6609326004981995,0.25362247228622437,-0.1017351895570755,0.0
-0.11931847035884857,0.7223093509674072,-0.2959590554237366,1.0
-0.9497746825218201,0.19925732910633087,-0.37374037504196167,1.0
-0.22412614524364471,0.40607911348342896,-0.6121060848236084,1.0
-0.40809571743011475,0.44135844707489014,-0.21340669691562653,1.0
-0.8463790416717529,0.29174697399139404,-0.4030191898345947,1.0
-0.38334622979164124,0.3192974328994751,-0.20388686656951904,0.0
-0.2845071256160736,0.40389078855514526,-0.489650160074234,1.0
-0.05049040913581848,0.6695865988731384,-0.33695176243782043,1.0
-0.1579616367816925,0.6065151691436768,-0.2854192852973938,1.0
-0.592353105545044,0.38570860028266907,-0.5100619792938232,1.0
-0.5260331034660339,0.503179132938385,-0.3219010531902313,1.0
-0.4160003364086151,0.3351055681705475,-0.1422717273235321,1.0
-0.6064838171005249,0.35353875160217285,-0.4427483081817627,0.0
-0.08227548003196716,0.5790799856185913,-0.5438173413276672,1.0
-0.503229558467865,0.2552207410335541,-0.1552783101797104,0.0
-0.3339484632015228,0.5237519145011902,-0.3701306879520416,1.0
-0.4435901641845703,0.19363631308078766,0.08784157037734985,1.0
-0.4319029748439789,0.13610351085662842,0.05949658155441284,0.0
-0.5721578001976013,0.4232710003852844,-0.3301948010921478,1.0
-0.4176546037197113,0.4441870152950287,-0.15219202637672424,0.0
-0.5880544185638428,0.12723155319690704,-0.1221054345369339,1.0
0.08964350819587708,0.6728526949882507,-0.6303048133850098,1.0
-0.2942766547203064,0.5117075443267822,-0.1108187735080719,0.0
-0.40276584029197693,0.5407055616378784,-0.1410924643278122,1.0
-0.3453354835510254,0.40504366159439087,-0.04804837703704834,0.0
-0.8963925242424011,0.0858842134475708,-0.32641690969467163,0.0
0.3381956219673157,0.6054002046585083,0.25959300994873047,0.0
-0.2851899266242981,0.22236257791519165,-0.4858882427215576,1.0
-0.4769505262374878,0.4782407879829407,-0.3186119794845581,1.0
-0.0408305823802948,0.2074800431728363,-0.0913413017988205,0.0
0.05405908823013306,0.8284698128700256,-0.013022735714912415,1.0
-0.15042105317115784,0.4137743413448334,-0.4466446042060852,0.0
-0.6502602696418762,0.20024284720420837,-0.34641939401626587,0.0
-0.17545631527900696,0.7324564456939697,-0.2315623164176941,1.0
-0.6682224273681641,0.2822500467300415,-0.33494600653648376,0.0
-0.697431206703186,0.2509644329547882,-0.09911878407001495,0.0
-0.5505568385124207,0.1733117550611496,-0.07005524635314941,1.0
-0.1912139654159546,0.5006794929504395,0.21643078327178955,0.0
-0.4157003164291382,0.07267618179321289,-0.21079015731811523,0.0
-0.2277994155883789,-0.07111281156539917,-0.45036306977272034,0.0
-0.6810483336448669,0.1939607858657837,-0.3586442768573761,1.0
0.22726505994796753,0.21838675439357758,-0.6237484216690063,0.0
-0.43779656291007996,0.4639571011066437,0.048116087913513184,0.0
-0.03174787759780884,0.8526341319084167,-0.11481741070747375,1.0
-0.5095313191413879,0.19433461129665375,-0.12143664062023163,0.0
-0.21237590909004211,0.5193065404891968,-0.4715796113014221,1.0
0.16259270906448364,0.1438608169555664,-0.07854141294956207,0.0
-0.5847252011299133,0.14886653423309326,-0.06410101056098938,0.0
0.4402853846549988,-0.464674174785614,-0.07268571853637695,0.0
-0.5172083973884583,0.34331122040748596,-0.4146263301372528,1.0
-0.4565161168575287,0.23746906220912933,0.08678483963012695,0.0
-0.5110276937484741,0.0703924298286438,-0.18156951665878296,0.0
-0.295719176530838,0.41034337878227234,-0.6477018594741821,1.0
-0.48720434308052063,0.3856956958770752,-0.22515681385993958,1.0
0.5675421953201294,-0.6180936098098755,-0.7698151469230652,0.0
-0.6014928817749023,0.11297313868999481,-0.07372124493122101,0.0
0.21558111906051636,0.9152057766914368,-0.12799200415611267,1.0
-0.03936201333999634,0.7567386627197266,-0.18483126163482666,1.0
-0.5161941051483154,0.3545128405094147,-0.37885305285453796,0.0
-0.7795606255531311,0.14078205823898315,-0.29452377557754517,0.0
-0.8857269883155823,-0.014325648546218872,-0.14680179953575134,1.0
-0.4545895457267761,0.30251872539520264,-0.12668555974960327,0.0
-0.2865360379219055,0.5902220010757446,-0.28508254885673523,1.0
-0.4069932997226715,0.3674604594707489,-0.1730348765850067,0.0
0.19884204864501953,-0.11249768733978271,-0.4827924370765686,0.0
-0.5577429533004761,0.27413272857666016,-0.2008334845304489,0.0
-0.823664665222168,-0.016252577304840088,-0.22734899818897247,0.0
-0.6588585376739502,0.2556071877479553,-0.1468624472618103,1.0
-0.2560396194458008,0.3715799152851105,-0.6439637541770935,0.0
0.1518884301185608,0.0929809957742691,-0.10076223313808441,0.0
-0.7991418838500977,0.2811662554740906,-0.45234841108322144,1.0
-0.636705756187439,-0.06468680500984192,0.09952756762504578,0.0
-0.33382242918014526,0.4415128231048584,-0.14142903685569763,0.0
-0.5872605443000793,0.43855443596839905,-0.34193140268325806,1.0
-0.6805669069290161,0.1747177690267563,-0.17982953786849976,1.0
-0.5210208296775818,0.2503718137741089,-0.30561718344688416,1.0
-0.1938408762216568,0.5389116406440735,-0.32640329003334045,1.0
-0.3778042793273926,0.49780648946762085,-0.21286478638648987,1.0
-0.7807096242904663,0.33199846744537354,-0.26162707805633545,1.0
-0.25921136140823364,0.3109230697154999,0.10414549708366394,0.0
0.5664381384849548,0.329772412776947,0.42170214653015137,0.0
-0.8213262557983398,0.20576435327529907,-0.4506879448890686,0.0
0.006470710039138794,0.24758777022361755,-0.6476397514343262,0.0
-0.6648015379905701,0.222889706492424,-0.24854712188243866,0.0
-0.39346402883529663,0.1217852234840393,-0.16269126534461975,0.0
-0.4416119158267975,0.3269398808479309,-0.2382776141166687,0.0
-0.0929127037525177,0.5091847777366638,-0.4150967597961426,1.0
-0.47283685207366943,0.2967659533023834,-0.4176528751850128,1.0
-0.7445228099822998,-0.07757562398910522,-0.040197163820266724,0.0
-0.6199337244033813,0.19331614673137665,-0.2763798236846924,1.0
-0.008623182773590088,0.4464434087276459,-0.5010731220245361,1.0
-0.45021647214889526,0.5440374612808228,-0.31024911999702454,1.0
-0.0759330689907074,0.6103206872940063,-0.5649583339691162,1.0
-0.28582262992858887,0.5239157676696777,-0.1862870454788208,1.0
-0.6179652214050293,0.31864821910858154,-0.38691744208335876,0.0
-0.3312448263168335,0.18242605030536652,-0.019790425896644592,0.0
-0.34125733375549316,0.4675111770629883,-0.1802787184715271,1.0
-0.8345309495925903,0.1969900280237198,-0.5312542915344238,0.0
-0.3141046464443207,0.5380622744560242,-0.23294632136821747,1.0
-0.8863833546638489,0.1022987961769104,-0.2584055960178375,1.0
-0.4374659061431885,0.486481249332428,-0.16639402508735657,1.0
-0.6038258075714111,0.16340839862823486,-0.24929144978523254,0.0
-0.5776803493499756,0.22612392902374268,-0.1492050439119339,0.0
-0.2938227653503418,0.37170645594596863,0.0441763699054718,0.0
-0.021157056093215942,0.27497193217277527,-0.6176602840423584,1.0
-0.2858259677886963,0.6201220750808716,-0.19545140862464905,1.0
-0.3616727292537689,0.30229657888412476,-0.28949815034866333,1.0
-0.3751052916049957,0.33513155579566956,-0.37466469407081604,1.0
-0.34050384163856506,0.4503779411315918,-0.39730405807495117,1.0
-0.7978278398513794,0.21672981977462769,-0.5438525676727295,1.0
-0.3241708278656006,0.1572652906179428,0.03737598657608032,0.0
-0.29715436697006226,0.4184635877609253,-0.013292685151100159,0.0
-0.16278468072414398,0.6718230247497559,-0.17750263214111328,1.0
-0.30253440141677856,0.6495466828346252,-0.22642424702644348,1.0
-0.16343636810779572,0.7390273809432983,-0.27387747168540955,1.0
-0.5960592031478882,0.24906718730926514,-0.27089646458625793,0.0
-0.4953657388687134,0.3865850567817688,-0.34259679913520813,1.0
-0.5665656328201294,0.34933021664619446,-0.5242584943771362,1.0
-0.562457799911499,0.1783602386713028,0.020607471466064453,0.0
-0.49490800499916077,0.4788511097431183,-0.340562641620636,1.0
-0.7746552228927612,0.15626075863838196,-0.43922150135040283,1.0
-0.9278997778892517,0.10730436444282532,-0.4522988200187683,1.0
-0.41297173500061035,0.24270099401474,-0.28818845748901367,0.0
-0.3939998745918274,0.27588021755218506,-0.4958297610282898,1.0
-0.5988585948944092,0.3222507834434509,-0.1555275321006775,0.0
0.4465672969818115,-0.4883769750595093,-1.0,0.0
0.09255433082580566,0.7126727104187012,-0.13487741351127625,0.0
0.1411014199256897,0.4349445104598999,0.2094092071056366,0.0
-0.5871132016181946,0.4132888615131378,-0.1466926485300064,1.0
-0.5972944498062134,0.4743621349334717,-0.1819535493850708,1.0
-0.7481341361999512,0.3029232323169708,-0.3120347559452057,1.0
-0.4519602656364441,0.3579337000846863,-0.36719781160354614,0.0
-0.03809046745300293,0.08268412947654724,-0.20332945883274078,0.0
-0.41813114285469055,0.5654679536819458,-0.2733834385871887,1.0
-0.43075692653656006,0.13717462122440338,-0.13341177999973297,0.0
-0.005694359540939331,0.36153748631477356,-0.5167151689529419,1.0
-0.5396848917007446,0.025349974632263184,-0.09045955538749695,0.0
-0.3680671155452728,0.4340517818927765,-0.08639374375343323,1.0
-0.5298791527748108,0.07074049115180969,-0.16366362571716309,0.0
-0.6523635387420654,0.4549974203109741,-0.3917803168296814,0.0
-0.028386712074279785,0.11710511147975922,-0.35196980834007263,0.0
-0.43491142988204956,0.18363717198371887,-0.2382434904575348,1.0
0.07973858714103699,0.5987871289253235,-0.10408765077590942,0.0
-0.4464857280254364,0.5330449938774109,-0.3771471679210663,1.0
-0.7423454523086548,0.3290986120700836,-0.3661304712295532,1.0
-0.404896080493927,0.5134713649749756,-0.252837598323822,1.0
0.3265257477760315,-0.3382136821746826,-0.5026790499687195,0.0
-0.15706881880760193,0.5933160781860352,-0.27326500415802,1.0
-0.5804413557052612,0.29070645570755005,-0.4315013885498047,1.0
-0.5807974338531494,0.3543774485588074,-0.14005716145038605,1.0
-0.18012335896492004,0.4926103353500366,-0.20150601863861084,1.0
-0.2430555820465088,0.43345052003860474,-0.5433364510536194,1.0
-0.6113498210906982,0.2893441617488861,-0.2058820128440857,0.0
-0.7158836126327515,0.23924914002418518,-0.35312142968177795,0.0
-0.34257274866104126,0.36856043338775635,-0.26686257123947144,1.0
-0.5872113704681396,0.20601755380630493,-0.036216139793395996,0.0
-0.2810302674770355,-0.1377130150794983,-0.4241531491279602,0.0
-0.4894907474517822,0.2024153172969818,-0.1660715639591217,0.0
-0.427320659160614,0.3650323152542114,-0.34330883622169495,0.0
-0.5572471022605896,0.37745538353919983,-0.3727245330810547,1.0
-0.3266963064670563,0.4035359025001526,-0.6829671859741211,1.0
-0.4978759288787842,0.29571542143821716,-0.2933008670806885,1.0
-0.7978255152702332,0.16522124409675598,-0.44431692361831665,1.0
0.019288063049316406,-0.1665947437286377,-0.04729163646697998,0.0
-0.29664984345436096,0.4451450705528259,-0.3654179573059082,0.0
-0.3420921862125397,0.41232702136039734,-0.4375920295715332,1.0
-0.5002014636993408,0.1262650042772293,-0.20112594962120056,0.0
-0.07398247718811035,0.8239440321922302,-0.23789407312870026,1.0
-0.5211641788482666,0.2430793046951294,-0.008073300123214722,0.0
0.009446412324905396,0.20430314540863037,-0.26434147357940674,0.0
-0.6146275997161865,0.37870147824287415,-0.3553190231323242,1.0
-0.10739246010780334,0.7376649379730225,-0.26219895482063293,1.0
-0.8501019477844238,0.07795935869216919,-0.11529311537742615,1.0
-0.018834620714187622,0.715572714805603,-0.22217732667922974,1.0
-0.5131365060806274,0.18188118934631348,-0.25100770592689514,0.0
0.3559945821762085,-0.17884612083435059,-0.6026633977890015,0.0
-0.05711677670478821,0.5462957620620728,0.10701701045036316,0.0
-0.16555160284042358,0.5480974316596985,-0.6100980639457703,1.0
-0.529607892036438,0.44488781690597534,-0.32158711552619934,0.0
-0.5402597784996033,0.2000780999660492,-0.02581968903541565,0.0
-0.2475237399339676,0.5193096399307251,-0.09715248644351959,0.0
-0.15402789413928986,0.7589946985244751,-0.349154531955719,1.0
-0.34032008051872253,0.37900543212890625,-0.43627941608428955,1.0
-0.6879311800003052,0.045213133096694946,-0.4281826615333557,0.0
0.20411449670791626,-0.25115346908569336,-0.021841704845428467,0.0
-0.48655804991722107,0.45267194509506226,-0.462283730506897,0.0
-0.6176418662071228,0.39461639523506165,-0.0030562877655029297,0.0
-0.37108176946640015,0.2022690623998642,-0.7552955150604248,1.0
0.5739507079124451,-0.5496641993522644,0.19872790575027466,0.0
-0.20720109343528748,0.8045490980148315,-0.2619330883026123,1.0
0.10960489511489868,0.584869384765625,-0.4551602005958557,1.0
-0.06019502878189087,0.4472636580467224,-0.40277254581451416,0.0
-0.6072735786437988,0.33671289682388306,-0.14811569452285767,1.0
-0.7172166109085083,0.3217935562133789,-0.3141911029815674,1.0
-0.4525516629219055,0.29653048515319824,-0.026666149497032166,0.0
-0.726526141166687,0.17769064009189606,0.05301988124847412,0.0
-0.8772922158241272,0.0920088142156601,-0.18581700325012207,0.0
-0.28191274404525757,0.6187865734100342,-0.27251461148262024,1.0
-0.3583531379699707,0.4878396987915039,-0.08910021185874939,1.0
-0.4573991298675537,0.43681344389915466,-0.24044795334339142,1.0
-0.5034373998641968,0.27704906463623047,0.03534853458404541,1.0
-0.5712887644767761,0.20770716667175293,-0.011543959379196167,0.0
-0.7607563734054565,0.35203540325164795,-0.3920474648475647,1.0
-0.8656901717185974,-0.0004423856735229492,-0.19234952330589294,0.0
-0.23015549778938293,0.2250070422887802,-0.04367108643054962,0.0
-0.7476019859313965,0.3770526647567749,-0.2720939517021179,1.0
-0.17727629840373993,0.7427999973297119,-0.2543249726295471,1.0
0.2118125557899475,0.0319027304649353,-0.5580569505691528,0.0
-0.7640679478645325,0.0933271199464798,-0.38091373443603516,1.0
-0.5525094270706177,0.2629358470439911,0.07142367959022522,0.0
-0.2395419329404831,0.4463746249675751,-0.36738714575767517,1.0
-0.8497470617294312,0.1524696797132492,-0.3929360508918762,1.0
-0.5380392670631409,0.4872545003890991,-0.32921433448791504,1.0
-0.2836572527885437,0.6380189657211304,-0.46429723501205444,1.0
0.5269782543182373,0.05241188406944275,-0.3464263081550598,0.0
-0.5785626173019409,0.244889497756958,-0.35739827156066895,1.0
-0.46847760677337646,0.22834190726280212,0.0015286803245544434,1.0
-0.903060793876648,-0.02391451597213745,0.036416590213775635,0.0
-0.517425537109375,0.3786983788013458,-0.4540337920188904,1.0
-0.47376471757888794,0.5087318420410156,-0.31818485260009766,1.0
-0.8185769319534302,0.11260800063610077,-0.33039093017578125,0.0
-0.5353511571884155,0.43958383798599243,-0.39844322204589844,1.0
-0.6782128810882568,0.23526524007320404,-0.5260199308395386,1.0
-0.38556328415870667,0.39620763063430786,-0.2720509469509125,1.0
0.2041669487953186,0.5987077951431274,-0.3861609399318695,1.0
0.546374499797821,-0.5712486505508423,-0.028533607721328735,0.0
0.20881277322769165,-0.30586761236190796,-0.5686396956443787,0.0
-0.007879257202148438,0.7678095698356628,-0.23387713730335236,1.0
-0.6302722692489624,0.059156954288482666,-0.14806795120239258,0.0
0.15791702270507812,0.2622619867324829,0.18384790420532227,0.0
-0.5624497532844543,0.459894597530365,-0.32571059465408325,0.0
-0.5730937123298645,0.43698328733444214,-0.31292617321014404,1.0
0.047251611948013306,0.7869077920913696,-0.385855108499527,1.0
-0.376573383808136,0.5613163113594055,-0.29663941264152527,1.0
-0.3975928723812103,0.42959684133529663,-0.09156851470470428,1.0
-0.5352292656898499,0.38584989309310913,-0.2889726459980011,1.0
-0.42853543162345886,0.6433522701263428,-0.4123116135597229,1.0
-0.8825222253799438,0.2006796896457672,-0.36071690917015076,0.0
0.12316611409187317,0.08629950881004333,-0.7000607252120972,0.0
-0.4671187996864319,0.34347254037857056,0.14520058035850525,1.0
-0.18268047273159027,0.6706416010856628,-0.17057034373283386,1.0
-0.31314271688461304,0.6425797939300537,-0.19039377570152283,0.0
-0.282301127910614,0.6072629690170288,-0.2149675190448761,0.0
-0.20059455931186676,0.422111451625824,0.24274450540542603,0.0
-0.847042441368103,0.21569930016994476,-0.39504367113113403,1.0
-0.4878259599208832,0.30443432927131653,-0.2889173626899719,1.0
-0.45882800221443176,0.3555328845977783,-0.064820796251297,1.0
-0.1837283968925476,0.22230078279972076,-0.38083556294441223,0.0
-0.7769622206687927,0.2881465554237366,-0.3349990248680115,1.0
-0.2207222431898117,0.33721187710762024,-0.09211285412311554,0.0
-0.5313110947608948,0.5070968270301819,-0.3405851721763611,1.0
-0.2930866479873657,0.6441149711608887,-0.30873849987983704,1.0
-0.04967418313026428,0.5399946570396423,-0.4394152760505676,1.0
-0.5203918814659119,0.48354580998420715,-0.25076353549957275,0.0
-0.16911883652210236,0.6330722570419312,-0.3079582452774048,1.0
-0.10297635197639465,0.26146361231803894,-0.27999067306518555,0.0
-0.18725897371768951,0.8439481258392334,0.003311723470687866,0.0
-0.8133536577224731,0.06689637899398804,-0.05349385738372803,1.0
-0.8798048496246338,0.04674205183982849,-0.13403891026973724,1.0
-0.8134077787399292,0.03565317392349243,-0.1706750988960266,0.0
0.11930355429649353,-0.10950502753257751,-0.6250139474868774,0.0
-0.04596489667892456,0.6716885566711426,-0.2846461832523346,0.0
-0.7479246854782104,0.24672415852546692,-0.35744476318359375,1.0
-0.5201938152313232,0.3299415707588196,-0.4845004379749298,1.0
-0.17278237640857697,-0.26305335760116577,-0.9698793292045593,0.0
-0.11718043684959412,0.6769334077835083,0.08197680115699768,1.0
-0.32202452421188354,0.5179883241653442,-0.30335530638694763,1.0
-0.6363993287086487,0.09325243532657623,0.11145353317260742,0.0
0.11930134892463684,-0.02407604455947876,-0.845016360282898,0.0
-0.5911535024642944,0.31140008568763733,-0.3238929808139801,1.0
-0.5834952592849731,0.3918503522872925,-0.194569930434227,1.0
-0.7956278324127197,0.3003062903881073,-0.3348367214202881,0.0
-0.6511129140853882,0.24336838722229004,-0.4177308976650238,1.0
0.09657308459281921,0.03664553165435791,-0.4627639651298523,0.0
-0.45900940895080566,0.2699110805988312,-0.47240620851516724,0.0
-0.23993802070617676,0.6414089202880859,-0.22581087052822113,1.0
-0.5699056386947632,0.3369740843772888,-0.3330640494823456,1.0
-0.40925249457359314,0.5305069088935852,-0.3487386107444763,1.0
-0.05961424112319946,-0.198580801486969,-0.5560790300369263,0.0
-0.008259087800979614,0.6132858991622925,-0.4309093654155731,1.0
-0.5668959021568298,0.27647271752357483,-0.3079031705856323,1.0
-0.521135687828064,0.4435656666755676,-0.39260369539260864,1.0
0.12350320816040039,0.2588241994380951,-0.3949591815471649,0.0
-0.27814027667045593,0.3333842158317566,-0.09640905261039734,0.0
-0.44000864028930664,0.3379649817943573,-0.31529146432876587,1.0
-0.060095638036727905,0.6257175207138062,0.004858940839767456,1.0
-0.7956046462059021,0.23616072535514832,-0.3292185366153717,0.0
-0.5825936794281006,0.12989573180675507,0.05484640598297119,1.0
-0.5859910249710083,-0.027527034282684326,-0.12423892319202423,0.0
-0.4412457346916199,0.3464781641960144,-0.06761178374290466,1.0
-0.37408119440078735,0.515841543674469,-0.097138911485672,1.0
-0.7851264476776123,0.11875355243682861,-0.09936095774173737,0.0
-0.17926852405071259,0.5020282864570618,-0.14813652634620667,1.0
0.11472371220588684,0.8046777844429016,-0.3725038170814514,1.0
-0.25978031754493713,0.25381559133529663,-0.5475543141365051,1.0
-0.0107346773147583,0.6170974969863892,-0.5332553386688232,1.0
-0.22472701966762543,0.3828965127468109,-0.3119657635688782,1.0
-0.37849459052085876,0.2906914949417114,0.05669942498207092,0.0
-0.8456414937973022,0.032678455114364624,0.07991847395896912,0.0
-0.8209154605865479,0.08806762099266052,-0.26257386803627014,0.0
-0.28473371267318726,0.3522547483444214,-0.3565319776535034,1.0
0.2622845768928528,0.38505738973617554,0.06520190834999084,0.0
-0.46470728516578674,0.2606770992279053,0.11526620388031006,0.0
0.002699553966522217,0.8206923007965088,-0.36356550455093384,1.0
-0.7291591763496399,0.20370444655418396,-0.3809010982513428,1.0
-0.6931514739990234,0.2010502815246582,-0.1714349389076233,1.0
-0.5210028886795044,0.06842473149299622,0.00257188081741333,0.0
-0.32243990898132324,0.3241322636604309,-0.041507259011268616,1.0
-0.21432726085186005,0.3172035217285156,-0.5521091818809509,1.0
0.25204700231552124,-0.20468366146087646,-0.31152722239494324,0.0
-0.509915828704834,0.48893600702285767,-0.35062119364738464,0.0
-0.6857470273971558,0.03303617238998413,0.05715176463127136,1.0
-0.45375335216522217,0.5531779527664185,-0.3624698519706726,1.0
-0.5407307744026184,0.47751253843307495,-0.440779447555542,1.0
-0.007928192615509033,0.20023831725120544,-0.20443105697631836,0.0
-0.8832733631134033,0.1956416666507721,-0.3137984573841095,1.0
0.04832273721694946,0.5308898687362671,-0.3265955448150635,1.0
-0.05174940824508667,0.7059483528137207,-0.1977621465921402,1.0
-0.6943224668502808,0.2193106859922409,-0.4449009895324707,0.0
-0.4719492495059967,0.381014347076416,-0.4843277931213379,1.0
-0.040564000606536865,0.15195420384407043,-0.5549523830413818,0.0
-0.65761399269104,0.2573525905609131,-0.5044079422950745,1.0
-0.1613713949918747,0.2753157615661621,-0.3185921013355255,0.0
-0.630756676197052,0.02283579111099243,-0.22712548077106476,0.0
-0.5611411333084106,0.2016269862651825,-0.07318159937858582,1.0
0.025081098079681396,0.5810946226119995,-0.2990192174911499,1.0
-0.46948033571243286,0.3031882047653198,-0.40378326177597046,0.0
-0.244834303855896,0.5243640542030334,-0.3317147493362427,1.0
-0.076041579246521,0.41299381852149963,-0.3142911195755005,0.0
-0.5868335962295532,0.06178930401802063,-0.14232397079467773,0.0
-0.7792747020721436,0.11646808683872223,-0.19629058241844177,1.0
-0.7542833089828491,0.003322780132293701,0.039706915616989136,1.0
-0.6434600353240967,0.12523818016052246,0.04074135422706604,0.0
-0.7503503561019897,0.31358739733695984,-0.5029306411743164,0.0
-0.6749335527420044,0.374159574508667,-0.5056201815605164,1.0
-0.7720091342926025,0.22278821468353271,-0.3449828028678894,0.0
-0.8041871786117554,0.20586779713630676,-0.37455251812934875,1.0
-0.5020967125892639,0.49918121099472046,-0.22228693962097168,1.0
-0.45587921142578125,0.08861048519611359,-0.17746546864509583,0.0
-0.6382108330726624,0.4409846067428589,-0.21574121713638306,1.0
0.3457276225090027,-0.7240272760391235,-0.6466001272201538,0.0
-0.46729883551597595,0.32076629996299744,-0.30546194314956665,0.0
-0.6373260021209717,0.2875916361808777,-0.2721483111381531,0.0
-0.45852595567703247,0.5391042232513428,-0.4872246980667114,1.0
-0.2611671984195709,0.3110971748828888,0.09486344456672668,0.0
-0.16753822565078735,1.000000238418579,0.17003962397575378,0.0
-0.5643529891967773,0.2624228894710541,-0.07834327220916748,0.0
-0.7429512143135071,0.2569451928138733,-0.3187279999256134,1.0
-0.6595456004142761,0.2889302968978882,-0.44203341007232666,1.0
-0.7594184875488281,0.08826945722103119,-0.22876735031604767,1.0
-0.8899849653244019,0.11679591238498688,-0.5267502069473267,1.0
-0.3807198107242584,0.5107443928718567,-0.23189237713813782,0.0
-0.2989955246448517,0.5720881223678589,-0.2232263684272766,1.0
-0.15813614428043365,0.5055389404296875,-0.5463461875915527,1.0
-0.38023024797439575,0.5101104974746704,-0.3121808171272278,1.0
0.026750177145004272,0.7206746935844421,-0.38810208439826965,1.0
0.275520384311676,-0.6044033765792847,-0.7054190039634705,0.0
-0.3687591552734375,0.12357552349567413,-0.4737803339958191,0.0
-0.8264660239219666,0.04344630241394043,-0.062002986669540405,1.0
-0.03609746694564819,0.5964841842651367,-0.5070866346359253,1.0
-0.07563164830207825,0.6277520656585693,-0.18367436528205872,1.0
-0.3242151141166687,0.5763422846794128,-0.30596619844436646,0.0
-0.2034221738576889,0.626820981502533,-0.21508117020130157,1.0
-0.6782671213150024,0.23845329880714417,-0.44957512617111206,1.0
-0.8615313768386841,-0.009397685527801514,-0.20205530524253845,0.0
-0.030766546726226807,0.4106749892234802,-0.42235374450683594,0.0
0.08824536204338074,0.7375305891036987,0.32392770051956177,0.0
-0.07567232847213745,0.8358595371246338,-0.23153676092624664,1.0
-0.25618118047714233,0.16710111498832703,-0.7013454437255859,1.0
-0.076748788356781,0.054040998220443726,-0.039952248334884644,0.0
-0.19209326803684235,0.680616021156311,-0.43025702238082886,1.0
-0.6065633296966553,0.33147940039634705,-0.12433195114135742,1.0
-0.3433408737182617,0.5557610392570496,-0.25804975628852844,1.0
-0.6404457092285156,0.12618596851825714,-0.026241928339004517,1.0
-0.8573527932167053,0.1638174057006836,-0.15853887796401978,0.0
0.07296344637870789,0.057227879762649536,-0.03659193217754364,0.0
-0.2973426580429077,0.5665191411972046,-0.3127589225769043,1.0
-0.5106706023216248,0.24527832865715027,0.09577447175979614,0.0
-0.2169380933046341,0.1689024716615677,-0.6715108156204224,0.0
-0.5368394255638123,0.3095508813858032,-0.1890898197889328,0.0
-0.29304587841033936,0.5873135328292847,-0.3021400272846222,1.0
-0.3642125427722931,0.4932151436805725,-0.3047151267528534,0.0
-0.3750424087047577,0.4784674048423767,-0.42083409428596497,1.0
-0.6698129773139954,0.26638931035995483,-0.555218517780304,1.0
-0.13776837289333344,0.7265502214431763,-0.2393999546766281,1.0
-0.3788396120071411,0.4212011992931366,-0.3089216649532318,1.0
-0.20793834328651428,0.5701911449432373,0.05599081516265869,0.0
0.030316680669784546,0.46246421337127686,-0.45851296186447144,0.0
-0.8293482661247253,0.12375611066818237,-0.25408104062080383,1.0
-0.0801299512386322,0.804582417011261,-0.2496960610151291,1.0
-0.025121033191680908,0.15756766498088837,-0.38793596625328064,0.0
-0.6121048331260681,0.3293602168560028,-0.2260771244764328,1.0
0.020193874835968018,-0.02586740255355835,-0.08908191323280334,0.0
-0.9426122307777405,0.10145992040634155,-0.4472309947013855,1.0
0.09850206971168518,0.010881364345550537,-0.2793160080909729,0.0
-0.7742340564727783,0.041619330644607544,-0.07580900192260742,0.0
-0.5741567611694336,0.4609279930591583,-0.3620918393135071,1.0
-0.7505019903182983,0.11425855755805969,-0.19837172329425812,1.0
0.031240463256835938,0.04208171367645264,-0.15991821885108948,0.0
-0.4410341680049896,0.5939720273017883,-0.2554694414138794,1.0
-0.16165068745613098,0.7454876899719238,-0.19441074132919312,1.0
-0.27033963799476624,0.47199493646621704,-0.43986594676971436,1.0
-0.22025957703590393,0.5264920592308044,0.2861751914024353,0.0
-0.1756606549024582,0.5364689826965332,-0.3181639611721039,1.0
-0.6494194269180298,0.18234895169734955,-0.1524791121482849,0.0
-0.40617117285728455,0.4084811806678772,-0.21318183839321136,1.0
-0.4760130047798157,0.3077605664730072,-0.015468314290046692,1.0
-0.4578557312488556,0.22163382172584534,-0.3810546100139618,1.0
-0.9538776874542236,0.16071540117263794,-0.349054217338562,0.0
-0.4654550552368164,0.4440653920173645,-0.49350619316101074,1.0
-0.1260995864868164,0.2777125835418701,-0.48353809118270874,1.0
-0.5577429533004761,0.27413272857666016,-0.2008334845304489,0.0
-0.17760659754276276,0.44270938634872437,-0.2673003375530243,1.0
-0.32209116220474243,0.42542320489883423,-0.23663395643234253,1.0
0.8272297978401184,-0.90346360206604,-0.5387605428695679,0.0
-0.4513308107852936,0.33256348967552185,-0.07544124126434326,0.0
-0.5265193581581116,0.4342706501483917,-0.5102355480194092,1.0
-0.17159882187843323,0.6378324031829834,-0.24733427166938782,1.0
-0.4391421973705292,0.22420427203178406,-0.09583625197410583,1.0
-0.2045595943927765,0.2659214437007904,0.06301510334014893,0.0
-0.411366730928421,0.4533112645149231,-0.006942540407180786,0.0
-0.2191973775625229,0.1397523730993271,0.08530199527740479,1.0
-0.11534805595874786,0.30360639095306396,-0.6450128555297852,0.0
0.2076890468597412,-0.3047611713409424,-0.40677204728126526,0.0
-0.3640510141849518,0.37053465843200684,-0.3461143374443054,1.0
-0.11431948840618134,0.7611504793167114,-0.43368059396743774,1.0
-0.8469043970108032,0.0010425150394439697,-0.2186422049999237,1.0
-0.6294859647750854,0.22465470433235168,-0.1715693473815918,1.0
-0.20438586175441742,0.528688907623291,-0.488591730594635,1.0
-0.4321630597114563,0.26667845249176025,-0.22419360280036926,1.0
-0.5534948706626892,0.17164838314056396,-0.01053871214389801,0.0
-0.24804583191871643,0.613426923751831,-0.3700949549674988,1.0
0.06289631128311157,0.8165087699890137,-0.26983195543289185,1.0
-0.6878334283828735,0.2787035405635834,-0.41841551661491394,0.0
-0.25735974311828613,0.5999799966812134,-0.3708990812301636,1.0
-0.5076106190681458,0.2754591107368469,-0.2814393937587738,1.0
-0.1767800748348236,-0.0501248836517334,-0.14828729629516602,0.0
-0.30342477560043335,0.3050428628921509,-0.06503261625766754,0.0
-0.3502832055091858,0.680578887462616,-0.33696070313453674,1.0
-0.8785041570663452,0.0010152161121368408,-0.37227314710617065,1.0
-0.45446619391441345,0.05742359161376953,-0.469532310962677,0.0
-0.9754014611244202,0.16319696605205536,-0.4146207571029663,1.0
0.31171727180480957,0.6003798246383667,-0.30312690138816833,1.0
0.393680214881897,-0.6190260648727417,-0.11341394484043121,0.0
-0.6317371129989624,0.38539978861808777,-0.3637169301509857,1.0
-0.6776423454284668,0.20730412006378174,-0.1618202030658722,1.0
-0.32291486859321594,0.22128596901893616,-0.25938087701797485,0.0
-0.3356626033782959,0.6647963523864746,-0.4569692015647888,1.0
-0.30091792345046997,0.28703564405441284,-0.644924521446228,0.0
0.28450947999954224,0.5534010529518127,-0.23043039441108704,0.0
-0.11509132385253906,0.5474686622619629,-0.48400959372520447,1.0
0.04353201389312744,0.8875192403793335,-0.33853742480278015,1.0
-0.47369998693466187,0.2074207216501236,-0.6706154346466064,1.0
-0.7134900093078613,0.38540118932724,-0.5132722854614258,1.0
0.5632834434509277,0.2642604410648346,0.8065987229347229,0.0
0.11270079016685486,0.01962512731552124,-0.5015732049942017,0.0
0.2420649528503418,0.6880236864089966,0.671410083770752,0.0
0.07891693711280823,0.25307077169418335,-0.1196412593126297,0.0
-0.4776364862918854,0.2805764675140381,-0.14497016370296478,0.0
-0.501367449760437,0.438681960105896,-0.3092046082019806,1.0
0.05269324779510498,0.1640666127204895,-0.3746064305305481,0.0
-0.5932873487472534,0.45560741424560547,-0.5220973491668701,1.0
-0.47829148173332214,0.3256211280822754,-0.23272018134593964,0.0
-0.8416632413864136,0.06753522157669067,-0.25396108627319336,1.0
-0.665511965751648,0.4243619740009308,-0.4533544182777405,1.0
-0.8737776279449463,0.10999175906181335,-0.37765467166900635,0.0
-0.31473496556282043,0.3287796974182129,-0.17289620637893677,1.0
-0.664368748664856,0.4109467566013336,-0.31645479798316956,1.0
-0.4139939546585083,0.44661739468574524,-0.18722565472126007,1.0
-0.25979864597320557,0.5200442671775818,-0.1003478616476059,1.0
-0.5155858397483826,0.23200485110282898,-0.5237400531768799,1.0
0.26219117641448975,0.2536703944206238,0.3422181010246277,0.0
-0.5080220699310303,0.4606143534183502,-0.3325701355934143,1.0
-0.4829365611076355,0.39223960041999817,-0.3064647912979126,0.0
-0.12878957390785217,-0.0508551299571991,-0.19233685731887817,0.0
-0.39501282572746277,0.0745934247970581,-0.23637448251247406,0.0
-0.43201786279678345,0.48750925064086914,-0.2398894876241684,1.0
-0.4786095917224884,0.33236169815063477,-0.224085733294487,1.0
-0.024793773889541626,0.02249392867088318,-0.6364402174949646,0.0
-0.3113131821155548,0.08575768768787384,-0.11102406680583954,0.0
-0.6538721323013306,0.29953446984291077,-0.17286333441734314,1.0
-0.060817718505859375,0.2560262680053711,-0.6375240683555603,1.0
-0.10926690697669983,0.7171531319618225,-0.3012829124927521,1.0
-0.29576587677001953,0.47908949851989746,-0.008628010749816895,0.0
-0.36839306354522705,0.2480776011943817,-0.23980927467346191,1.0
-0.4240359663963318,0.20180261135101318,-0.12505578994750977,0.0
-0.11500512063503265,0.760485053062439,-0.16117805242538452,0.0
-0.370767205953598,0.5456153154373169,-0.05393266677856445,0.0
-0.2693983018398285,0.531720757484436,-0.025281816720962524,0.0
0.10008281469345093,0.29793083667755127,-0.42533791065216064,0.0
-0.5505968332290649,0.15065154433250427,0.19543427228927612,1.0
-0.4454291760921478,0.4290196895599365,-0.17440016567707062,1.0
0.27806228399276733,-0.17345646023750305,-0.3712001144886017,0.0
-0.47843047976493835,0.3325011134147644,-0.22122196853160858,1.0
-0.6082659363746643,0.4458218216896057,-0.4186870753765106,0.0
-0.5685570240020752,0.4491714835166931,-0.3431079685688019,0.0
-0.4373890161514282,0.16547805070877075,-0.21027447283267975,0.0
-0.05232110619544983,0.6231229305267334,-0.2804972231388092,0.0
-0.6843687295913696,0.17199254035949707,-0.1530681699514389,0.0
-0.5933367013931274,0.20464837551116943,-0.10103832185268402,0.0
-0.688328742980957,0.09687846899032593,-0.09043334424495697,0.0
-0.6396450400352478,0.2855590879917145,-0.41633909940719604,1.0
-0.6289052963256836,0.1353176236152649,-0.1487879455089569,1.0
-0.17950230836868286,0.24059507250785828,-0.12035967409610748,0.0
-0.6505416631698608,0.18269626796245575,-0.05079154670238495,0.0
-0.402200847864151,0.3531624972820282,-0.41289716958999634,1.0
-0.09206563234329224,0.49145403504371643,-0.3808087706565857,1.0
-0.6190793514251709,0.375853568315506,-0.1600140631198883,1.0
-0.2591249346733093,0.5150993466377258,-0.1650867462158203,0.0
-0.823501467704773,0.12840886414051056,-0.08154597878456116,1.0
-0.13616535067558289,0.41720715165138245,-0.4129294753074646,1.0
-0.35524728894233704,0.5336710214614868,-0.35198360681533813,1.0
-0.13259318470954895,0.4212397336959839,-0.5718075037002563,1.0
0.1221906840801239,0.07615183293819427,-0.41345900297164917,0.0
-0.418308824300766,0.32736364006996155,-0.2114834487438202,1.0
-0.6309453248977661,0.3825548589229584,-0.4725080728530884,0.0
-0.8510971069335938,0.18924406170845032,-0.5224683284759521,1.0
-0.32955700159072876,0.25760266184806824,-0.2974069118499756,0.0
-0.7976206541061401,0.11067506670951843,-0.3029768764972687,1.0
-0.6130672693252563,0.3920688331127167,-0.2553635239601135,0.0
-0.5121054649353027,0.4430108070373535,-0.301371693611145,1.0
0.18283909559249878,-0.29891282320022583,-0.14600540697574615,0.0
-0.15743793547153473,0.19056794047355652,-0.6287167072296143,1.0
-0.6997932195663452,0.055630385875701904,-0.17384067177772522,0.0
-0.47000765800476074,0.45287469029426575,-0.2463708072900772,0.0
-0.6728736162185669,0.38586217164993286,-0.33774417638778687,0.0
-0.2917090356349945,0.3827788233757019,-0.16460144519805908,0.0
-0.656619668006897,0.257864773273468,-0.22030706703662872,1.0
0.21633416414260864,0.41539332270622253,-0.6190280914306641,0.0
-0.6661421060562134,0.2832595407962799,-0.36264264583587646,1.0
-0.4693956673145294,0.3651005029678345,-0.2946026921272278,1.0
-0.4238922595977783,0.47117364406585693,-0.2074296772480011,0.0
-0.6453694105148315,0.12403544783592224,0.11610832810401917,0.0
-0.05898261070251465,0.8076524138450623,-0.21067827939987183,1.0
-0.6493365168571472,0.35720744729042053,-0.3238641619682312,0.0
-0.056620627641677856,0.7005404829978943,-0.28248026967048645,1.0
0.008642524480819702,0.6764180660247803,-0.5140982866287231,1.0
-0.24837139248847961,0.013933658599853516,-0.19695135951042175,0.0
-0.34422531723976135,0.48527640104293823,-0.38090604543685913,0.0
-0.28898972272872925,0.08601206541061401,-0.39222127199172974,1.0
0.09664866328239441,0.08354933559894562,-0.2358541637659073,0.0
-0.506165623664856,0.2883450984954834,-0.3039892911911011,0.0
-0.1723807454109192,0.3131922483444214,-0.5153626203536987,1.0
-0.39856868982315063,0.48042887449264526,-0.27901938557624817,1.0
0.02278473973274231,0.2540411055088043,-0.296085000038147,0.0
0.5017096400260925,-0.22533220052719116,-0.804391622543335,0.0
-0.6915045976638794,0.040357738733291626,-0.37710505723953247,1.0
0.07011803984642029,0.11205212771892548,-0.03289675712585449,0.0
-0.33660367131233215,0.3911968469619751,0.08757433295249939,0.0
-0.9278373718261719,0.10984756052494049,-0.3431603014469147,0.0
-0.3629823327064514,0.46898406744003296,-0.010283216834068298,1.0
0.19268107414245605,0.24357706308364868,-0.789000391960144,0.0
-0.2221394181251526,0.4309948682785034,-0.4803107976913452,0.0
-0.48696935176849365,0.39271166920661926,-0.2915945053100586,1.0
0.08685198426246643,0.4321551024913788,-0.47843021154403687,0.0
-0.16404424607753754,0.4787731468677521,-0.4081157445907593,1.0
-0.5238423943519592,0.4239875376224518,-0.23695245385169983,1.0
-0.5741399526596069,0.29428163170814514,-0.09452418982982635,1.0
-0.3698507249355316,0.5249123573303223,0.015281081199645996,0.0
-0.34157541394233704,0.35779905319213867,0.017403125762939453,1.0
-0.2554289400577545,0.5620735883712769,-0.17121654748916626,1.0
-0.12460413575172424,0.29069602489471436,-0.22904856503009796,0.0
-0.7444292306900024,0.32038047909736633,-0.30168476700782776,0.0
-0.28472593426704407,0.3863048553466797,-0.28265103697776794,1.0
-0.4509601891040802,0.41147154569625854,-0.4562227129936218,0.0
-0.3294915556907654,0.5493147373199463,-0.3712620437145233,1.0
-0.2073100209236145,0.744775116443634,0.043506354093551636,0.0
-0.49745771288871765,0.0808609277009964,0.03085312247276306,1.0
-0.05132529139518738,0.6392501592636108,-0.4713304042816162,1.0
-0.7466744184494019,0.04234492778778076,-0.07790054380893707,0.0
-0.35099828243255615,0.39675194025039673,-0.2576901316642761,0.0
0.2701464295387268,-0.02356770634651184,0.45858460664749146,0.0
-0.1584242284297943,0.23129957914352417,-0.6749814748764038,0.0
-0.5177180171012878,0.18858602643013,-0.26949870586395264,0.0
-0.24476483464241028,0.589015007019043,-0.34174150228500366,1.0
-0.5771231651306152,0.05823320150375366,-0.22605690360069275,0.0
-0.4079171121120453,0.3844623565673828,-0.4590519964694977,1.0
0.014341175556182861,0.4005383849143982,0.11047202348709106,0.0
-0.5810262560844421,0.443222314119339,-0.4937247633934021,0.0
-0.7859011888504028,0.3346765339374542,-0.36280086636543274,0.0
-0.15077827870845795,0.16173584759235382,-0.4485826790332794,0.0
-0.804384708404541,0.16266652941703796,-0.3328026533126831,0.0
-0.25587648153305054,-0.07697674632072449,-0.9272783994674683,1.0
-0.3415483832359314,0.6026239395141602,-0.23728081583976746,1.0
0.0359075665473938,0.25503596663475037,-0.2125585675239563,0.0
-0.41400352120399475,0.2895432412624359,-0.3320850729942322,0.0
-0.14539900422096252,0.6876585483551025,-0.25379446148872375,1.0
-0.42726612091064453,0.4486745595932007,-0.3017445206642151,1.0
-0.20556238293647766,0.6221115589141846,-0.31202974915504456,1.0
-0.8247935771942139,0.28327709436416626,-0.2619742751121521,0.0
-0.3757624626159668,0.3724735379219055,-0.36140862107276917,1.0
-0.5718346238136292,0.4662972092628479,-0.3869801461696625,1.0
-0.41461193561553955,0.31135451793670654,-0.5553348064422607,1.0
-0.21688437461853027,0.703952431678772,-0.2167735993862152,1.0
-0.5988668203353882,0.08725489675998688,0.07468107342720032,1.0
-0.3998759388923645,0.37521085143089294,-0.0598648339509964,0.0
-0.7498871684074402,0.06839314103126526,-0.36860325932502747,0.0
-0.6029729247093201,0.26485690474510193,-0.3441098928451538,1.0
-0.5372652411460876,0.44795429706573486,-0.07967004179954529,0.0
-0.07612287998199463,0.5914567112922668,-0.4065065085887909,1.0
-0.24557453393936157,0.6534804105758667,-0.3044648766517639,1.0
0.15972495079040527,0.8416212201118469,-0.24745456874370575,1.0
-0.8541240096092224,-0.03560158610343933,-0.020019516348838806,1.0
-0.697090744972229,0.26735445857048035,-0.354431688785553,1.0
-0.7734434604644775,-0.009344488382339478,-0.22027750313282013,0.0
-0.6107145547866821,0.41823479533195496,-0.36394163966178894,1.0
-0.3975658118724823,0.28566086292266846,0.17348891496658325,1.0
-0.008499205112457275,0.3685438632965088,-0.4477841854095459,0.0
-0.7861794233322144,0.26743578910827637,-0.268030047416687,0.0
0.016558408737182617,0.09047341346740723,-0.37199339270591736,0.0
-0.17478829622268677,0.6699835062026978,-0.35782644152641296,1.0
-0.028254210948944092,-0.03519001603126526,-0.04692022502422333,0.0
-0.29085108637809753,0.5897584557533264,-0.44584357738494873,1.0
-0.5665575265884399,0.42897045612335205,-0.4026191532611847,0.0
-0.5420363545417786,0.35698121786117554,-0.27405744791030884,0.0
-0.5888937711715698,0.3483184576034546,-0.33487972617149353,0.0
-0.6393325328826904,0.25930437445640564,-0.5303283929824829,1.0
-0.22566242516040802,0.6004704833030701,-0.23100218176841736,1.0
-0.3680667281150818,0.4654925763607025,-0.21943321824073792,1.0
0.05624121427536011,0.08831129968166351,0.2470058798789978,0.0
-0.5685096979141235,0.446731299161911,-0.40997815132141113,1.0
-0.3723672330379486,0.38919562101364136,-0.11048905551433563,1.0
-0.2646326720714569,0.2987474799156189,-0.42998993396759033,0.0
-0.0180949866771698,-0.15070044994354248,-0.7330501079559326,0.0
-0.05690547823905945,0.013076633214950562,-0.37579405307769775,0.0
-0.35681888461112976,0.5632584095001221,-0.3602006733417511,1.0
-0.4510672092437744,0.26584386825561523,-0.21648357808589935,0.0
0.8287972807884216,-0.5823715925216675,0.15004658699035645,0.0
-0.49323588609695435,0.18425768613815308,-0.22511732578277588,0.0
-0.06103959679603577,0.47721755504608154,-0.3437489867210388,1.0
-0.7228878736495972,0.30324214696884155,-0.3240766227245331,1.0
-0.3193669617176056,0.1560129076242447,-0.0773736834526062,0.0
-0.027051806449890137,0.10340499877929688,-0.796985387802124,0.0
-0.5622281432151794,0.2290741503238678,-0.01584678888320923,0.0
-0.47133439779281616,0.557322084903717,-0.3011696934700012,0.0
-0.37378206849098206,0.4933626055717468,-0.4737740755081177,1.0
-0.38217756152153015,0.2401426136493683,0.03318837285041809,0.0
-0.459308922290802,0.43820884823799133,-0.33600568771362305,0.0
-0.3635406494140625,0.1367214471101761,-0.605312168598175,0.0
0.21511626243591309,0.1904812753200531,-0.31951674818992615,0.0
-0.11311095952987671,-0.11960816383361816,-0.32418856024742126,0.0
-0.5910631418228149,0.3048551678657532,-0.11946655809879303,0.0
-0.580759584903717,0.3412277400493622,-0.34508976340293884,1.0
-0.4896708130836487,0.2716265320777893,-0.05739733576774597,0.0
0.19770139455795288,-0.11262950301170349,-0.12310750782489777,0.0
0.042733192443847656,0.6354782581329346,-0.42319318652153015,1.0
-0.5143561363220215,0.39659467339515686,-0.26768290996551514,1.0
-0.8318215608596802,0.19878056645393372,-0.31680217385292053,0.0
0.04955407977104187,0.5231055021286011,-0.4298246502876282,0.0
-0.5558781623840332,0.40147897601127625,-0.3641979396343231,1.0
-0.10720992088317871,0.4312434792518616,-0.5647256374359131,0.0
-0.4106762409210205,0.32803699374198914,-0.32973846793174744,1.0
-0.08911874890327454,0.5414620637893677,-0.45726990699768066,0.0
-0.365488201379776,0.5318220853805542,-0.28173521161079407,0.0
-0.5836363434791565,0.15745368599891663,0.1128053069114685,0.0
-0.7647961378097534,0.28175896406173706,-0.4440206289291382,0.0
0.10461676120758057,0.57683265209198,-0.18776556849479675,0.0
-0.3895038962364197,0.545998752117157,-0.18513965606689453,1.0
-0.7476751208305359,0.3958902955055237,-0.3374944031238556,0.0
-0.6386175155639648,0.4617422819137573,-0.4129868447780609,0.0
-0.4640854001045227,0.5518801212310791,-0.3420430123806,0.0
-0.10668125748634338,0.757634162902832,-0.23882687091827393,0.0
-0.8340884447097778,0.040654897689819336,-0.06279617547988892,1.0
-0.5597548484802246,0.36134517192840576,-0.23792524635791779,1.0
-0.6587561368942261,0.37550267577171326,-0.4102165699005127,1.0
-0.1287202686071396,0.2562817931175232,-0.01785072684288025,0.0
0.33338630199432373,0.07928335666656494,-0.45816320180892944,0.0
-0.4941825866699219,0.4968080520629883,-0.2505083978176117,1.0
-0.4988420605659485,0.3440077304840088,-0.054991304874420166,0.0
-0.4596700072288513,0.4024253189563751,-0.45153528451919556,1.0
-0.10182860493659973,0.41299664974212646,-0.3800778388977051,1.0
0.08626291155815125,0.6467078924179077,0.4875940680503845,0.0
-0.39623352885246277,0.1680971086025238,0.08801740407943726,0.0
-0.4985318183898926,0.36201155185699463,-0.3428210914134979,1.0
-0.027387231588363647,0.4867268204689026,-0.3977067768573761,1.0
0.08330288529396057,0.27407151460647583,-0.5458427667617798,0.0
-0.44044458866119385,0.21039527654647827,0.052789658308029175,0.0
-0.616463303565979,0.4534563422203064,-0.25226840376853943,1.0
-0.868277370929718,0.041649580001831055,-0.20701099932193756,0.0
-0.15145772695541382,0.5608396530151367,-0.23636269569396973,1.0
-0.4777229428291321,0.49220967292785645,-0.3787840008735657,0.0
-0.6097471714019775,0.16574177145957947,-0.1114567220211029,1.0
-0.051284343004226685,0.5023543238639832,-0.44131651520729065,0.0
-0.7391387224197388,0.11039678752422333,0.09965157508850098,0.0
0.2770754098892212,-0.09260925650596619,-0.4369426369667053,0.0
-0.5479920506477356,0.21344292163848877,-0.16762611269950867,0.0
0.3546093702316284,0.3133796453475952,0.5753735303878784,0.0
-0.858336329460144,0.21221089363098145,-0.579535961151123,1.0
-0.22076238691806793,0.6255632042884827,-0.3419784605503082,0.0
0.1079326868057251,0.02398630976676941,-0.16532206535339355,0.0
-0.1341133564710617,0.6734588146209717,-0.3727634847164154,1.0
-0.3719790577888489,0.21612846851348877,-0.002652883529663086,0.0
-0.046725958585739136,0.24673785269260406,0.11210945248603821,0.0
-0.808700680732727,0.21219539642333984,-0.3949573040008545,1.0
-0.5542809367179871,0.33069631457328796,-0.285451203584671,1.0
-0.45358002185821533,0.28736746311187744,-0.24360743165016174,1.0
-0.18197941780090332,0.41022789478302,-0.18680499494075775,1.0
-0.7317836284637451,0.2774330675601959,-0.2957181930541992,1.0
-0.6576544642448425,-0.006772905588150024,-0.05209393799304962,0.0
-0.7538584470748901,0.0943397581577301,-0.18212783336639404,1.0
-0.4098242521286011,0.2835618257522583,-0.03901152312755585,0.0
0.14341437816619873,0.28073450922966003,-0.7613973617553711,0.0
-0.4871658682823181,0.363000750541687,-0.1922396719455719,1.0
-0.3847722113132477,0.40954214334487915,-0.35553354024887085,0.0
-0.5630359649658203,0.3429313600063324,0.09163731336593628,0.0
-0.019500821828842163,0.7657085657119751,-0.19510918855667114,0.0
-0.6633853316307068,0.3494526147842407,-0.1747157722711563,0.0
-0.3646884560585022,0.4422444999217987,-0.44236135482788086,1.0
-0.4460315704345703,0.4186210632324219,-0.3586246967315674,0.0
-0.3748108744621277,0.3038768768310547,-0.18295566737651825,0.0
0.5764743685722351,-0.7575799226760864,-0.8144064545631409,0.0
-0.174676775932312,0.28735819458961487,-0.08465342223644257,0.0
0.9999999403953552,-0.4232850670814514,1.0,0.0
-0.5197231769561768,0.23253723978996277,-0.13034021854400635,1.0
-0.7473421692848206,0.34742751717567444,-0.440500408411026,1.0
-0.36058562994003296,0.56447434425354,-0.34374260902404785,0.0
-0.12276975810527802,0.5009568929672241,-0.4860217869281769,0.0
0.0685637891292572,-0.06705361604690552,-0.5222667455673218,0.0
0.39800697565078735,0.8758580684661865,-0.1242256909608841,1.0
-0.43103328347206116,0.4252358376979828,-0.463066041469574,1.0
-0.40139442682266235,0.5787091255187988,-0.4127248525619507,0.0
-0.5598256587982178,0.25541895627975464,-0.35131075978279114,0.0
-0.6831686496734619,0.4286646544933319,-0.28904613852500916,0.0
-0.5131515264511108,0.20414775609970093,-0.15522035956382751,0.0
-0.454044371843338,0.5119059085845947,-0.26750633120536804,0.0
-0.41505077481269836,0.4051031470298767,-0.273781955242157,0.0
-0.43631312251091003,0.5542110800743103,-0.39372068643569946,1.0
-0.49474871158599854,0.3870725631713867,-0.18267163634300232,1.0
-0.4615240693092346,0.1164281964302063,-0.06857475638389587,0.0
0.573357105255127,-0.7472456693649292,-0.10234615206718445,0.0
-0.5457600951194763,0.4205932021141052,-0.37911859154701233,0.0
-0.11205363273620605,0.6405280828475952,-0.23451517522335052,1.0
-0.8060169816017151,-0.016260623931884766,-0.15598224103450775,0.0
0.3497949242591858,0.009130090475082397,-0.6675463914871216,0.0
-0.07693636417388916,0.7028254270553589,-0.31661128997802734,1.0
-0.36974072456359863,0.5380526781082153,-0.2755168080329895,1.0
-0.30357152223587036,0.5175755023956299,-0.10491961240768433,1.0
-0.5610460042953491,0.26210907101631165,0.04897603392601013,0.0
-0.32735493779182434,0.468430757522583,-0.14277306199073792,1.0
-0.4443058371543884,0.46524888277053833,-0.3956245481967926,1.0
-0.4577338695526123,0.47252339124679565,-0.2155528962612152,0.0
0.4601088762283325,-0.4377793073654175,0.15197694301605225,0.0
-0.03238251805305481,0.8354697227478027,-0.2931997776031494,1.0
-0.8798834085464478,0.07378870248794556,-0.02792838215827942,1.0
0.1690518856048584,0.16790321469306946,-0.23965783417224884,0.0
-0.4279547333717346,0.5165067911148071,-0.16077877581119537,0.0
-0.7650076746940613,0.09244157373905182,-0.34993213415145874,0.0
-0.3884868323802948,0.663844883441925,-0.25328701734542847,1.0
0.050285667181015015,0.5700594782829285,-0.07402031123638153,0.0
-0.5463519096374512,0.34693336486816406,-0.5461768507957458,0.0
-0.5621222257614136,0.4240039885044098,-0.24136106669902802,0.0
-0.8664383888244629,0.16428378224372864,-0.45625150203704834,1.0
-0.7613568305969238,0.10347744822502136,-0.2681858539581299,1.0
-0.7236999273300171,0.25171008706092834,-0.27029845118522644,0.0
-0.3590777814388275,0.5403306484222412,-0.2612731158733368,0.0
-0.5322498083114624,0.10017566382884979,-0.41755303740501404,0.0
-0.25751030445098877,0.34310105443000793,-0.5602078437805176,1.0
0.43625134229660034,-0.0892457664012909,-0.39813822507858276,0.0
-0.01738983392715454,0.20722734928131104,-0.01998297870159149,0.0
-0.2229023575782776,0.6427807807922363,-0.2128894180059433,1.0
-0.5891977548599243,0.3112126886844635,-0.18568047881126404,1.0
0.39488738775253296,-0.17791998386383057,-0.03582993149757385,0.0
-0.6308226585388184,0.3196222484111786,-0.4139358401298523,0.0
-0.46815434098243713,0.3100341260433197,-0.32814425230026245,1.0
0.18000119924545288,0.7476726770401001,0.1932540237903595,0.0
-0.09680843353271484,0.012895196676254272,-0.03586883842945099,0.0
-0.37832748889923096,-0.01567700505256653,-0.4284456968307495,0.0
-0.24401210248470306,0.6357837915420532,-0.37968188524246216,1.0
-0.27071017026901245,0.6276733875274658,-0.23235313594341278,1.0
-0.5869406461715698,0.34747472405433655,-0.3456924855709076,1.0
-0.3050069212913513,0.6256873607635498,-0.4002060890197754,1.0
-0.2701834440231323,0.5514724254608154,-0.11147715151309967,1.0
0.35780614614486694,-0.6147668361663818,-0.7324935793876648,0.0
-0.35078173875808716,0.4573521018028259,-0.14042943716049194,0.0
-0.3665819764137268,0.3454506993293762,-0.3744359016418457,1.0
-0.6445691585540771,0.25605177879333496,-0.4056006669998169,0.0
-0.7669700384140015,0.18637771904468536,-0.10522928833961487,0.0
-0.6001062989234924,-0.03838789463043213,-0.08262759447097778,0.0
-0.5031521320343018,0.43730035424232483,-0.4736301004886627,1.0
-0.4775735139846802,0.5266585946083069,-0.15481293201446533,1.0
-0.47713151574134827,0.34656763076782227,-0.09975564479827881,0.0
0.059628963470458984,0.49728649854660034,-0.21754595637321472,0.0
-0.7057473659515381,0.17403975129127502,-0.20803549885749817,1.0
0.2979534864425659,-0.5806342959403992,-0.5470693111419678,0.0
0.1594443917274475,-0.09882837533950806,0.034051358699798584,0.0
-0.24711176753044128,0.4384860396385193,-0.0606003999710083,0.0
-0.44321322441101074,0.32889556884765625,-0.2557753622531891,1.0
-0.3536580502986908,0.5038442015647888,-0.28092747926712036,0.0
-0.2261296808719635,0.644762396812439,0.34993821382522583,0.0
-0.20724917948246002,0.6467111706733704,-0.3044421076774597,1.0
-0.008152902126312256,0.8598063588142395,-0.3408280909061432,1.0
-0.1429205685853958,0.05478742718696594,0.0687510073184967,0.0
0.4811076521873474,-0.18980038166046143,-0.899199903011322,0.0
-0.9103420972824097,0.22345498204231262,-0.4051544666290283,0.0
-0.14016354084014893,0.20662453770637512,-0.603305459022522,1.0
-0.16984179615974426,0.2362532913684845,-0.27887675166130066,0.0
-0.028494596481323242,0.2991262376308441,-0.3428090512752533,0.0
0.516586184501648,-0.19361233711242676,-0.14719024300575256,0.0
-0.11062765121459961,0.22693833708763123,-0.5519176125526428,0.0
-0.30983471870422363,0.1075686365365982,-0.6345087289810181,1.0
-0.5751237273216248,0.3546375632286072,-0.22259202599525452,1.0
-0.08065912127494812,0.4553455114364624,-0.0832550972700119,1.0
-0.8500214219093323,0.006086498498916626,-0.11552409827709198,1.0
0.4745861887931824,0.19013603031635284,0.4206923842430115,0.0
-0.42496493458747864,0.39453962445259094,-0.24133837223052979,1.0
-0.4190872013568878,0.12299913167953491,-0.025562286376953125,1.0
0.3352002501487732,0.06891101598739624,0.03943133354187012,0.0
-0.35536354780197144,0.1315472275018692,-0.6237257719039917,1.0
-0.3552795946598053,0.33745500445365906,-0.25337380170822144,0.0
-0.5494640469551086,0.4025559425354004,-0.12101419270038605,1.0
0.14071768522262573,0.7985019683837891,0.02646249532699585,1.0
-0.13891689479351044,0.6579417586326599,-0.36250272393226624,1.0
0.3082488775253296,0.5695208311080933,-0.2798040509223938,1.0
-0.35861632227897644,0.1493152230978012,-0.2376382052898407,0.0
-0.7697875499725342,0.2324422299861908,-0.5079073905944824,0.0
-0.8236592411994934,0.05684211850166321,-0.1418866515159607,1.0
-0.34792381525039673,0.6266461610794067,-0.3388192653656006,1.0
-0.2460528016090393,0.17377780377864838,-0.337045282125473,0.0
-0.191072478890419,0.8005625009536743,-0.14304010570049286,0.0
-0.1227816641330719,0.5367021560668945,-0.5934163331985474,1.0
0.10736095905303955,0.7036033868789673,0.5097757577896118,0.0
-0.6509431004524231,0.4401940107345581,-0.3377460241317749,1.0
-0.03614997863769531,0.14729928970336914,-0.16818195581436157,0.0
0.1133190393447876,0.8126932978630066,-0.23939993977546692,1.0
-0.07052910327911377,0.0807131826877594,-0.041123151779174805,0.0
-0.50688236951828,0.21926772594451904,-0.07970218360424042,0.0
-0.46931833028793335,0.27588406205177307,-0.183831125497818,1.0
-0.2631640136241913,0.2982419431209564,0.043654412031173706,0.0
-0.2531082332134247,0.47438693046569824,-0.4797835052013397,1.0
0.6381983160972595,-0.4262808561325073,-0.05385628342628479,0.0
-0.45953142642974854,0.5283596515655518,-0.30193474888801575,1.0
-0.8219149112701416,0.10390134155750275,-0.2240917980670929,0.0
-0.5452648997306824,0.4116005301475525,-0.310393750667572,1.0
-0.2316734790802002,0.6926161646842957,-0.22968246042728424,1.0
-0.4332371950149536,0.45294225215911865,-0.17232340574264526,1.0
-0.3982129395008087,0.36046528816223145,-0.3344544768333435,0.0
-0.6399877071380615,0.14709404110908508,-0.4822324216365814,0.0
-0.6490474939346313,0.3138371706008911,-0.1842757761478424,1.0
0.04166698455810547,0.25140470266342163,-0.004578977823257446,0.0
-0.6059094071388245,0.16413280367851257,0.020313650369644165,0.0
-0.14707133173942566,0.37266042828559875,-0.6083474159240723,1.0
-0.5826296806335449,0.4261639416217804,-0.28376123309135437,0.0
-0.7530393600463867,0.2173393964767456,-0.3624240458011627,1.0
0.37660765647888184,-0.12149712443351746,-0.06941758096218109,0.0
-0.15553417801856995,0.40691396594047546,-0.5073925852775574,0.0
-0.4684956967830658,0.24545451998710632,-0.2553425431251526,0.0
-0.3014155328273773,0.5184715390205383,-0.21503081917762756,1.0
-0.4786926209926605,0.45459914207458496,-0.37819957733154297,1.0
-0.310177743434906,0.4040939509868622,-0.3282918930053711,1.0
0.46992647647857666,-0.6353865265846252,-0.38888031244277954,0.0
-0.0899496078491211,0.7284259796142578,-0.2430884838104248,1.0
-0.611568808555603,0.4438464045524597,-0.2214655727148056,0.0
-0.7794122695922852,0.18845349550247192,-0.4987666606903076,1.0
-0.0925024151802063,0.20062382519245148,0.12007281184196472,0.0
-0.5455783009529114,0.42489781975746155,-0.3935093879699707,0.0
0.15414220094680786,0.23352190852165222,-0.4823116660118103,1.0
-0.41095587611198425,0.5285359621047974,-0.25366872549057007,1.0
-0.3449350595474243,0.642119288444519,-0.3411632478237152,1.0
-0.5118227005004883,0.5022847652435303,-0.49983280897140503,0.0
-0.28662148118019104,0.1411067098379135,-0.31810006499290466,0.0
-0.6028696894645691,0.39920344948768616,-0.39079225063323975,0.0
-0.3528951108455658,0.5753819942474365,-0.32300838828086853,0.0
-0.6545737385749817,0.39167025685310364,-0.5687452554702759,0.0
-0.8167049884796143,0.1274605095386505,-0.5259684324264526,0.0
-0.570205807685852,0.3093874454498291,-0.062256261706352234,0.0
-0.28751739859580994,0.40150266885757446,-0.39957308769226074,1.0
0.10306653380393982,0.8612475395202637,-0.029342234134674072,1.0
-0.4417310059070587,0.30392763018608093,-0.10900689661502838,0.0
-0.7938493490219116,0.29222342371940613,-0.39395374059677124,1.0
-0.2796727418899536,0.40176355838775635,-0.06166398525238037,1.0
-0.6066397428512573,0.2155992090702057,-0.24086114764213562,1.0
0.2995743155479431,-0.24439287185668945,-0.732672929763794,0.0
-0.7331935167312622,0.056685030460357666,-0.0554669052362442,0.0
-0.42734870314598083,0.22281736135482788,-0.4202159643173218,1.0
-0.5101476907730103,0.2581419348716736,-0.4492698311805725,1.0
-0.4143598675727844,0.51374351978302,-0.29662156105041504,1.0
-0.3246488571166992,0.7082877159118652,-0.3192249536514282,1.0
0.05636715888977051,0.5330525636672974,-0.10754545032978058,0.0
-0.48987722396850586,0.32535573840141296,-0.1391804963350296,1.0
-0.27325570583343506,0.44043827056884766,-0.06184002757072449,1.0
-0.0006947219371795654,0.8929756879806519,-0.09933549165725708,1.0
-0.6567881107330322,0.0971338301897049,-0.11332084238529205,1.0
-0.30242544412612915,0.6865094900131226,-0.44871142506599426,1.0
-0.20247991383075714,0.669086754322052,-0.2925163805484772,0.0
-0.4748855233192444,0.5336841940879822,-0.2784085273742676,1.0
-0.7811405062675476,0.2663542628288269,-0.4749699831008911,0.0
-0.18756678700447083,0.6469342708587646,-0.4458431005477905,0.0
-0.37560874223709106,0.4292910397052765,-0.33889955282211304,0.0
-0.4980188012123108,0.3309466540813446,0.1303098499774933,0.0
-0.5629100203514099,0.29070061445236206,-0.3551308214664459,1.0
-0.6576712131500244,0.2692027688026428,-0.4945429861545563,1.0
-0.6402251720428467,0.3727273941040039,-0.4500889480113983,1.0
0.35964685678482056,-0.2258542776107788,-0.20618417859077454,0.0
-0.618899941444397,0.4483030438423157,-0.5496490597724915,0.0
-0.48601430654525757,0.3126732409000397,-0.3491796553134918,1.0
-0.42889222502708435,0.4798261523246765,-0.23406457901000977,1.0
-0.24266287684440613,0.6532367467880249,-0.22085300087928772,1.0
-0.56351637840271,0.28761962056159973,-0.2882055640220642,0.0
-0.5970410108566284,0.3311825394630432,0.07872822880744934,1.0
-0.5970108509063721,0.4032366871833801,-0.11571121215820312,0.0
-0.04547962546348572,0.7229310870170593,-0.04425029456615448,1.0
-0.45772311091423035,0.340894490480423,-0.1392768770456314,1.0
-0.40727198123931885,0.437738299369812,-0.1151762455701828,1.0
-0.642220139503479,0.19277149438858032,-0.16420893371105194,1.0
-0.6703704595565796,0.18962712585926056,-0.46296262741088867,1.0
-0.1764838844537735,0.4186702370643616,-0.5492434501647949,1.0
-0.08162710070610046,0.577428936958313,-0.443441241979599,1.0
-0.49613916873931885,0.3966919481754303,-0.24564169347286224,1.0
0.0681440532207489,0.3644919693470001,-0.48966437578201294,0.0
-0.9475527405738831,0.1265694946050644,-0.251913458108902,0.0
-0.8464646339416504,0.0026053190231323242,-0.11627233028411865,1.0
-0.5268736481666565,0.29210764169692993,-0.036976397037506104,1.0
0.30478763580322266,0.6501185297966003,-0.2880483567714691,1.0
-0.5645424127578735,0.4272865951061249,-0.32895174622535706,1.0
-0.124742791056633,0.08286847174167633,-0.5017665028572083,0.0
-0.685967743396759,0.3229585289955139,-0.3237447440624237,1.0
-0.5648095607757568,0.13725925981998444,-0.03932560980319977,0.0
0.7950193285942078,-0.6150698661804199,-0.7223401069641113,0.0
-0.3068695068359375,0.4763231873512268,0.0725218653678894,0.0
-0.29263249039649963,0.523105800151825,-0.34619757533073425,1.0
-0.45386937260627747,0.046635836362838745,-0.11357440054416656,0.0
-0.7948952913284302,-0.04370561242103577,-0.26636406779289246,1.0
-0.307045042514801,0.6116644144058228,-0.280036598443985,1.0
-0.6162159442901611,0.4543452858924866,-0.37453317642211914,0.0
-0.5637860298156738,0.30738937854766846,-0.2639562487602234,0.0
-0.14524762332439423,0.6304970979690552,-0.2959553599357605,1.0
-0.4839310050010681,0.3896487355232239,-0.4421038031578064,1.0
-0.2855263352394104,0.3061395585536957,-0.6514170169830322,1.0
-0.04889997839927673,0.5906118154525757,-0.46003103256225586,1.0
-0.9601117372512817,0.12598168849945068,-0.5364282131195068,1.0
-0.2753128409385681,0.36149170994758606,-0.08938489854335785,0.0
-0.2633650302886963,0.5760202407836914,-0.3393042981624603,1.0
-0.6106898188591003,0.40794622898101807,-0.3587937355041504,1.0
-0.08309438824653625,0.1520787924528122,-0.4461480677127838,0.0
-0.4473559856414795,0.34263888001441956,-0.49295514822006226,1.0
-0.5041031837463379,0.4787462651729584,-0.2089761644601822,1.0
-0.4371523857116699,0.48601043224334717,-0.16970956325531006,0.0
-0.669842541217804,0.42521852254867554,-0.45083385705947876,0.0
-0.7523851990699768,0.14823217689990997,-0.23048453032970428,0.0
-0.5323730707168579,0.44022250175476074,-0.15668736398220062,1.0
-0.5710378885269165,0.17845025658607483,-0.11079040169715881,0.0
-0.6033852696418762,0.26899462938308716,-0.16490820050239563,0.0
-0.34125322103500366,0.5043492317199707,-0.17706957459449768,0.0
-0.26593226194381714,0.6409646272659302,-0.24467355012893677,1.0
-0.5997917056083679,0.42688998579978943,-0.3561341166496277,0.0
-0.5024821758270264,0.4369010627269745,-0.1429792046546936,1.0
-0.27679842710494995,-0.2439587116241455,-0.7100947499275208,0.0
-0.8003247976303101,0.2142915427684784,-0.2333642542362213,1.0
-0.859867513179779,0.022925883531570435,-0.314939945936203,1.0
-0.7564643621444702,0.2518758773803711,-0.27518415451049805,0.0
-0.2944645285606384,0.632133960723877,-0.40987828373908997,1.0
-0.18670037388801575,0.3666968047618866,-0.10848091542720795,0.0
-0.1996147334575653,0.6456915736198425,-0.3261273503303528,1.0
-0.1023600697517395,0.8342134356498718,-0.30900663137435913,1.0
-0.3137529492378235,0.8679706454277039,0.13122406601905823,0.0
0.464158296585083,-0.3784513473510742,-0.5537662506103516,0.0
-0.14332658052444458,0.4106672406196594,-0.5784767270088196,0.0
-0.040522485971450806,0.1726800501346588,-0.33347436785697937,0.0
-0.11392177641391754,0.7035490274429321,-0.06951077282428741,1.0
-0.4477264881134033,0.4617850184440613,-0.3702051043510437,1.0
-0.20823439955711365,0.6617091298103333,-0.21911771595478058,0.0
-0.62877357006073,0.2019270658493042,-0.18726177513599396,0.0
-0.8676356673240662,0.06891593337059021,-0.3563233017921448,1.0
-0.644368588924408,0.1165178120136261,-0.06951144337654114,0.0
-0.27389711141586304,0.6420035362243652,-0.20817141234874725,0.0
-0.9288988709449768,0.24400314688682556,-0.32828468084335327,0.0
-0.6025598645210266,0.4795314073562622,-0.3194936215877533,0.0
-0.6392062306404114,0.4139649271965027,-0.24220861494541168,1.0
-0.38655027747154236,0.3071756362915039,-0.4446333646774292,1.0
-0.38014569878578186,0.5791425704956055,-0.31247758865356445,1.0
-0.22583456337451935,0.25449085235595703,-0.09082110226154327,0.0
-0.5774269104003906,0.1298714131116867,-0.0982910692691803,0.0
-0.48488301038742065,0.3403651714324951,-0.1583395004272461,0.0
-0.5723410844802856,0.07556307315826416,-0.16690832376480103,0.0
-0.15335813164710999,0.7241896390914917,-0.28039413690567017,1.0
0.30739325284957886,0.5909824371337891,0.3113415241241455,0.0
-0.47889241576194763,0.5285882949829102,-0.25688445568084717,1.0
-0.7291949987411499,0.16670773923397064,-0.22512681782245636,1.0
-0.6279679536819458,0.3805292546749115,-0.17139817774295807,0.0
0.3106158971786499,0.39332449436187744,-0.6635094881057739,0.0
-0.18226782977581024,0.6687017679214478,-0.2901073396205902,1.0
-0.32450181245803833,0.27617987990379333,-0.361240953207016,0.0
-0.6410687565803528,0.37660303711891174,-0.6149054765701294,0.0
-0.5282618999481201,0.4989745616912842,-0.44294530153274536,0.0
-0.7067989110946655,0.20825046300888062,-0.15882721543312073,1.0
-0.03136378526687622,0.15880967676639557,-0.3649357259273529,0.0
-0.5654348731040955,0.43063631653785706,-0.3188237249851227,1.0
-0.6717211604118347,0.3675116300582886,-0.48074498772621155,0.0
-0.5466355681419373,0.2603349983692169,-0.11785593628883362,0.0
-0.6556088924407959,0.276867151260376,-0.42070940136909485,0.0
-0.4613385796546936,0.32516053318977356,-0.2503664791584015,0.0
-0.09049689769744873,-0.01738765835762024,-0.5480566620826721,0.0
-0.5079838037490845,0.3981786370277405,-0.3372346758842468,1.0
0.8081174492835999,-1.0,0.19080910086631775,0.0
-0.4307481646537781,0.33219170570373535,-0.45797795057296753,1.0
-0.6278214454650879,0.3131048381328583,-0.3493754267692566,1.0
-0.21660883724689484,0.523692786693573,-0.5320929288864136,0.0
-0.40904539823532104,0.5817717909812927,-0.30790939927101135,0.0
-0.0022908449172973633,0.8086162805557251,0.17103800177574158,0.0
-0.5936657786369324,0.229067862033844,-0.3482068181037903,0.0
0.022345304489135742,-0.05576750636100769,-0.6201893091201782,0.0
-0.2924877405166626,0.5175485610961914,-0.3073491156101227,1.0
-0.16118121147155762,0.5744353532791138,-0.44258540868759155,1.0
-0.5535191297531128,0.30161386728286743,-0.15172097086906433,1.0
-0.43844789266586304,0.44804757833480835,0.02799728512763977,0.0
-0.47315892577171326,0.3420180678367615,-0.21612557768821716,0.0
-0.1663222759962082,0.6399693489074707,-0.19345495104789734,1.0
-0.2442316710948944,-0.003517061471939087,-0.15582126379013062,0.0
-0.5725204944610596,0.0416865348815918,-0.22353628277778625,1.0
-0.11329230666160583,0.4264608323574066,-0.43920791149139404,0.0
-0.4632783532142639,0.4732040464878082,-0.45478323101997375,1.0
-0.6928993463516235,0.2411159723997116,-0.023774519562721252,0.0
-0.7789366245269775,0.15286292135715485,-0.23983483016490936,0.0
-0.6225088834762573,0.35785171389579773,-0.38575178384780884,1.0
-0.6881575584411621,0.22313913702964783,-0.2653025686740875,1.0
-0.24478411674499512,-0.1605275571346283,-0.33424633741378784,0.0
-0.10195988416671753,-0.24829494953155518,-0.5792238712310791,0.0
0.5039607286453247,-0.7043527364730835,-0.8333914875984192,0.0
-0.7633719444274902,0.04893657565116882,-0.15125073492527008,1.0
0.17935490608215332,0.5318636894226074,-0.36479219794273376,1.0
0.0763375461101532,0.02896788716316223,-0.3521158695220947,0.0
-0.5766969323158264,0.37623855471611023,-0.21884030103683472,1.0
-0.14848922193050385,0.7488818764686584,-0.3196784555912018,1.0
0.507837176322937,-0.19651591777801514,0.18375042080879211,0.0
-0.35688430070877075,0.3955020308494568,-0.39525091648101807,1.0
-0.4113093316555023,0.5656890273094177,-0.36056262254714966,1.0
0.08108308911323547,0.21411342918872833,0.17585685849189758,0.0
-0.5760480165481567,0.10079571604728699,-0.03390279412269592,0.0
-0.7126971483230591,0.06535035371780396,-0.13325108587741852,1.0
-0.644145667552948,0.2049936056137085,-0.19947633147239685,1.0
0.07347020506858826,-0.028889000415802002,-0.22187092900276184,0.0
-0.5460200905799866,0.4278220534324646,-0.30079686641693115,1.0
-0.2527797818183899,0.06612801551818848,0.13753148913383484,0.0
-0.3514065444469452,0.3550654649734497,-0.34996938705444336,1.0
0.15649425983428955,0.6643182039260864,-0.4525843858718872,1.0
-0.03494718670845032,0.7450353503227234,-0.10427428781986237,1.0
0.14845871925354004,0.14144612848758698,0.047310203313827515,0.0
-0.10402122139930725,0.641635537147522,-0.6089558601379395,1.0
-0.6505798101425171,0.3955867886543274,-0.42967337369918823,1.0
-0.27465811371803284,0.11643616855144501,-0.02598726749420166,0.0
-0.35202038288116455,0.43690091371536255,-0.4081001281738281,1.0
-0.5431414246559143,0.1324937641620636,0.024936944246292114,0.0
-0.13102182745933533,-0.2294570803642273,-0.13106803596019745,0.0
-0.6386730670928955,0.3473711311817169,-0.10958151519298553,0.0
0.19967705011367798,-0.59147709608078,-0.056374192237854004,0.0
-0.5826611518859863,0.4041694402694702,-0.3386692404747009,1.0
-0.40053820610046387,0.15409232676029205,-0.17922380566596985,0.0
0.033105820417404175,0.16615113615989685,-0.36719152331352234,0.0
-0.8220952749252319,0.08901520073413849,-0.03402319550514221,1.0
-0.2273457795381546,0.6978986263275146,-0.3059670329093933,1.0
-0.5291321873664856,0.1715395450592041,-0.31804120540618896,0.0
0.2688431739807129,0.5881843566894531,0.02107417583465576,0.0
0.11920303106307983,-0.11258810758590698,0.009214848279953003,0.0
-0.41217562556266785,0.4170025587081909,-0.48865950107574463,0.0
0.09023267030715942,0.1927734613418579,-0.19281932711601257,0.0
0.40198564529418945,-0.5757561326026917,-0.39264386892318726,0.0
-0.4119608402252197,0.3429402709007263,-0.1688227355480194,0.0
-0.40125903487205505,0.4485257863998413,-0.13746266067028046,0.0
-0.23067906498908997,0.5330401659011841,-0.4087097942829132,1.0
-0.13454987108707428,0.6631078720092773,-0.3270319104194641,0.0
0.09077677130699158,-0.3009101152420044,-0.3966376483440399,0.0
-0.6327366828918457,0.2375817894935608,-0.26625776290893555,1.0
-0.2917591631412506,0.4067496061325073,0.12520915269851685,1.0
-0.2769843637943268,0.6405560970306396,-0.09817451238632202,1.0
-0.5372439622879028,0.43648892641067505,-0.3663684129714966,1.0
-0.7098624110221863,0.30741891264915466,-0.23412375152111053,1.0
-0.48268139362335205,0.4102496802806854,-0.5043336749076843,0.0
-0.33781301975250244,0.47446000576019287,0.026897728443145752,0.0
-0.233280211687088,0.42580533027648926,-0.04239116609096527,0.0
-0.0348486602306366,0.6301771402359009,-0.4709271192550659,1.0
-0.5710983276367188,0.40304648876190186,-0.20269477367401123,0.0
-0.5212183594703674,0.255370557308197,-0.06782269477844238,0.0
-0.5368204712867737,0.40203380584716797,-0.22263316810131073,0.0
-0.2886309325695038,0.13312654197216034,-0.20692865550518036,0.0
-0.5805121064186096,0.36558371782302856,-0.24343641102313995,1.0
-0.1080808937549591,0.33073362708091736,-0.1345398724079132,0.0
-0.07181239128112793,0.21199268102645874,0.2246728241443634,0.0
-0.0945960283279419,0.5555569529533386,-0.3945721983909607,1.0
0.0003916323184967041,0.8878803253173828,0.03385758399963379,1.0
-0.42400574684143066,0.34259676933288574,-0.05776494741439819,1.0
-0.48427146673202515,0.46331655979156494,-0.27936145663261414,1.0
-0.02493080496788025,0.7257223129272461,-0.10710719227790833,1.0
-0.42818090319633484,0.4518400728702545,-0.22446531057357788,1.0
-0.28571808338165283,0.028954148292541504,-0.26114100217819214,0.0
-0.5316741466522217,0.3720698952674866,-0.2383020967245102,0.0
-0.16835638880729675,0.4863472878932953,-0.626140832901001,1.0
-0.49942663311958313,0.31014639139175415,0.010352998971939087,0.0
-0.5830419659614563,0.3090716004371643,-0.30097293853759766,1.0
-0.2694099545478821,0.4735991954803467,-0.5909439921379089,1.0
-0.4807150363922119,0.45361828804016113,-0.04412771761417389,0.0
-0.01460409164428711,0.5405137538909912,-0.6239191293716431,1.0
-0.5079599618911743,0.38137370347976685,-0.2400682419538498,0.0
-0.13054101169109344,0.31376516819000244,-0.5856660604476929,1.0
0.1338104009628296,-0.013380855321884155,-0.2189062535762787,0.0
-0.4877725839614868,0.2214970886707306,-0.13165715336799622,1.0
-0.7258878946304321,0.15242841839790344,-0.03857263922691345,0.0
-0.11003082990646362,0.29037684202194214,-0.040497586131095886,0.0
-0.9110649228096008,-0.04420900344848633,-0.14961659908294678,0.0
-0.45025402307510376,0.3681807219982147,0.10062852501869202,0.0
-0.3416372239589691,0.5274591445922852,-0.10793556272983551,0.0
-0.2807881236076355,0.09388576447963715,-0.10063451528549194,0.0
-0.03127264976501465,0.5704729557037354,-0.2587551772594452,0.0
-0.5394980907440186,0.14375945925712585,-0.2849167287349701,0.0
-0.5041706562042236,0.24389714002609253,0.18289241194725037,1.0
-0.06693124771118164,0.14834390580654144,-0.3229442536830902,0.0
