-0.5921271443367004,0.3622150123119354,-0.30091845989227295,0.0
-0.19657403230667114,0.724656343460083,-0.337450236082077,1.0
-0.3406220078468323,0.26115888357162476,-0.06302639842033386,0.0
-0.2351130098104477,0.6779192686080933,-0.292231023311615,1.0
-0.6788231134414673,0.3561418652534485,-0.240922212600708,1.0
-0.3420681953430176,0.058139026165008545,-0.05241936445236206,0.0
-0.47608065605163574,0.325908362865448,-0.3349628448486328,1.0
-0.7756913304328918,0.10286273062229156,-0.07323773205280304,1.0
-0.7515373229980469,0.19698981940746307,-0.3767591118812561,0.0
-0.3098679184913635,0.6993484497070312,-0.29374122619628906,1.0
-0.42268407344818115,0.30355262756347656,-0.34384089708328247,1.0
-0.3375456631183624,0.5496875047683716,-0.1935887336730957,0.0
-0.33473142981529236,0.42700159549713135,-0.2582743167877197,1.0
-0.8763971328735352,0.2115059345960617,-0.454567015171051,1.0
-0.7054667472839355,0.3946256935596466,-0.3100930452346802,0.0
0.19693171977996826,0.008285731077194214,-0.5616070032119751,0.0
-0.4749772846698761,0.38330450654029846,-0.3485412001609802,0.0
0.3886193037033081,-0.5460917353630066,-0.6588870286941528,0.0
-0.3713141679763794,0.4023630619049072,-0.12120801210403442,0.0
-0.12042611837387085,0.6262678503990173,-0.17135313153266907,1.0
-0.12871670722961426,0.6437724232673645,-0.27268609404563904,0.0
-0.33956265449523926,0.3496325612068176,0.0645204484462738,0.0
-0.7186734676361084,0.12252326309680939,-0.120241180062294,0.0
-0.13377022743225098,0.7810843586921692,-0.24110101163387299,1.0
-0.6132509112358093,0.24404779076576233,-0.3648562729358673,1.0
-0.4794996380805969,0.46922770142555237,-0.2610267102718353,1.0
0.09722444415092468,-0.4214501976966858,-0.563094973564148,0.0
-0.1468142420053482,0.667373776435852,-0.35122042894363403,1.0
-0.40197569131851196,0.7198987007141113,-0.2124864012002945,1.0
-0.3654579520225525,0.4713541269302368,-0.16996818780899048,0.0
-0.5653210878372192,0.258987158536911,-0.371161550283432,1.0
-0.29101651906967163,-0.19647616147994995,-0.8073884844779968,0.0
-0.3309841752052307,0.5157997012138367,-0.26959604024887085,1.0
-0.35068169236183167,0.35214245319366455,-0.3760114312171936,1.0
-0.6897860765457153,0.26264137029647827,-0.25095656514167786,0.0
-0.512423574924469,0.457217812538147,-0.2540503740310669,0.0
-0.24640649557113647,0.3162528872489929,0.19260957837104797,0.0
-0.45139962434768677,0.3847464919090271,-0.6205710172653198,1.0
-0.3768794536590576,0.5259850025177002,-0.3271583914756775,1.0
0.02341476082801819,-0.01626354455947876,0.05614587664604187,0.0
-0.451482355594635,0.2781611680984497,-0.20649930834770203,1.0
-0.8276270627975464,0.3141888380050659,-0.3080115020275116,1.0
-0.9545416831970215,0.09998679161071777,-0.2560543417930603,1.0
0.0351526141166687,0.6116358637809753,-0.3972342014312744,1.0
-0.16840261220932007,0.23833931982517242,-0.5954813957214355,0.0
-0.6442322731018066,0.3180079758167267,-0.2992352545261383,0.0
-0.6067173480987549,0.18089479207992554,-0.1678219735622406,1.0
-0.3826749324798584,0.21128445863723755,0.18668437004089355,1.0
0.23191893100738525,-0.16726025938987732,-0.5944187641143799,0.0
-0.29443734884262085,0.62912917137146,-0.2808724343776703,0.0
-0.40552815794944763,0.028396934270858765,-0.14090609550476074,0.0
-0.38582363724708557,0.13481612503528595,-0.20803341269493103,0.0
0.23692601919174194,0.8830534815788269,-0.28688666224479675,1.0
-0.08866199851036072,0.3595523238182068,-0.3458060622215271,0.0
-0.6404087543487549,0.09585714340209961,-0.1365385204553604,1.0
-0.6831215620040894,0.3523510992527008,-0.17487205564975739,0.0
-0.3741455674171448,0.4927358031272888,-0.35219740867614746,1.0
-0.4300380051136017,0.5872552394866943,-0.2378302812576294,0.0
-0.6181479692459106,0.255402535200119,-0.2502560019493103,0.0
-0.749925434589386,0.2699734568595886,-0.3108289837837219,1.0
0.03791242837905884,0.5890612602233887,-0.27736034989356995,0.0
-0.32660073041915894,0.35553178191185,0.012635350227355957,0.0
0.03849652409553528,0.6359930038452148,-0.47178012132644653,1.0
0.20631349086761475,0.5766071677207947,0.18164116144180298,0.0
-0.3572825789451599,0.43037527799606323,-0.2810608446598053,1.0
-0.12299977242946625,0.6856859922409058,-0.250983327627182,1.0
-0.5706301927566528,0.23197855055332184,-0.20433908700942993,0.0
-0.541266679763794,-0.0034545063972473145,-0.036337003111839294,1.0
-0.6579000949859619,0.35634735226631165,-0.42794519662857056,0.0
-0.587255597114563,0.42988157272338867,-0.3552352786064148,0.0
-0.8988736271858215,-0.07828247547149658,-0.22339291870594025,0.0
-0.6626741886138916,0.4061661660671234,-0.2742880582809448,0.0
-0.10985320806503296,0.6178196668624878,-0.4625868797302246,1.0
-0.34773027896881104,0.49011486768722534,-0.36041855812072754,1.0
-0.07651001214981079,0.29000821709632874,-0.42032620310783386,0.0
-0.7498013973236084,0.19095543026924133,-0.3463367223739624,1.0
-0.477955162525177,0.4786543846130371,-0.25358739495277405,1.0
-0.39577358961105347,0.5858744978904724,-0.33375757932662964,0.0
-0.5069332122802734,0.3001754581928253,-0.36001497507095337,1.0
-0.7540697455406189,0.10970428586006165,-0.23167560994625092,0.0
-0.7920701503753662,0.25887376070022583,-0.26499998569488525,1.0
-0.4405519664287567,0.5530165433883667,-0.40286511182785034,1.0
-0.6798728704452515,0.3611850142478943,-0.37654703855514526,1.0
-0.9167360067367554,0.05680951476097107,-0.09001182019710541,0.0
-0.46872279047966003,0.38962307572364807,-0.032657116651535034,0.0
-0.6226540207862854,0.05507668852806091,-0.16046544909477234,1.0
-0.5375381708145142,0.10200005769729614,-0.08187641203403473,1.0
-0.5642974972724915,0.35349518060684204,-0.5010759234428406,1.0
-0.5599963665008545,0.2793516516685486,-0.17815271019935608,0.0
-0.14033885300159454,0.4972531199455261,-0.38505131006240845,1.0
-0.8282721042633057,0.1588241457939148,-0.21547184884548187,0.0
-0.8477903604507446,-0.003056764602661133,-0.1603526771068573,1.0
-0.5877225399017334,0.20523852109909058,-0.2203601896762848,0.0
-0.8649201989173889,-0.018205702304840088,-0.2389233559370041,1.0
-0.1324910670518875,0.45834511518478394,-0.2038998305797577,1.0
-0.2805866301059723,0.28839901089668274,-0.48241084814071655,1.0
-0.4355801045894623,0.46521109342575073,-0.2524738013744354,0.0
-0.8246103525161743,0.07695409655570984,-0.31867867708206177,1.0
-0.9791004657745361,0.07466056942939758,-0.33923837542533875,0.0
-0.3403966724872589,0.5850763320922852,-0.271159827709198,1.0
-0.6430030465126038,0.1922852098941803,-0.130215585231781,0.0
-0.24184930324554443,0.4222407341003418,-0.10607545077800751,0.0
-0.678260326385498,0.26935404539108276,-0.442467600107193,1.0
-0.5051972270011902,0.2887547016143799,-0.1875554919242859,0.0
-0.6956918239593506,0.3886316418647766,-0.27423590421676636,0.0
-0.033948302268981934,0.7028882503509521,-0.15687555074691772,1.0
-0.85113924741745,0.023641765117645264,-0.24754850566387177,1.0
-0.3435119092464447,0.1909744143486023,-0.09971882402896881,0.0
-0.2095353752374649,0.44667544960975647,-0.30550092458724976,1.0
-0.7454590797424316,0.17208229005336761,-0.20470291376113892,1.0
-0.4051564931869507,0.4456791281700134,-0.3180277943611145,1.0
-0.5113326907157898,0.351302832365036,-0.20892061293125153,1.0
-0.4582575559616089,0.5010609030723572,-0.31968167424201965,1.0
0.11756843328475952,0.24493932723999023,-0.719476580619812,0.0
-0.26418083906173706,0.3226774334907532,0.023272544145584106,0.0
-0.2625446319580078,0.3614981174468994,-0.2890371084213257,1.0
-0.3843967616558075,0.5634154081344604,-0.34347808361053467,1.0
-0.29320651292800903,0.5940186977386475,-0.20190207660198212,1.0
-0.6422357559204102,0.47315502166748047,-0.35913729667663574,1.0
0.05443596839904785,0.27975142002105713,-0.3134687840938568,0.0
-0.6353143453598022,0.18008489906787872,-0.28593719005584717,0.0
-0.5301687717437744,0.2881368100643158,-0.25437062978744507,0.0
0.17918413877487183,0.3572685122489929,-0.41449105739593506,0.0
-0.5822958946228027,0.45314523577690125,-0.34891194105148315,1.0
-0.04856136441230774,0.6311231255531311,-0.4916823208332062,1.0
-0.07050389051437378,0.14745745062828064,-0.03858068585395813,0.0
-0.4982677102088928,0.25433865189552307,-0.012228846549987793,0.0
-0.11481262743473053,0.6260688900947571,-0.4757055938243866,1.0
0.27810394763946533,0.5043654441833496,-0.39600908756256104,0.0
-0.9357222318649292,-0.011670827865600586,-0.11893358826637268,1.0
-0.3030105233192444,0.1166301816701889,-0.3732966482639313,0.0
-0.8156038522720337,0.044582098722457886,-0.01884518563747406,0.0
0.0007015764713287354,0.34884464740753174,-0.4553597569465637,0.0
-0.7894726395606995,0.13139912486076355,-0.1833052933216095,0.0
-0.6862863302230835,0.2986210882663727,-0.2721414268016815,1.0
-0.06994444131851196,0.5764345526695251,-0.20047707855701447,0.0
0.09890440106391907,0.5912690758705139,-0.540536642074585,1.0
-0.4768620431423187,0.26315271854400635,-0.131027489900589,0.0
-0.5119657516479492,0.231495663523674,-0.5865799784660339,1.0
-0.3690960705280304,0.4612218141555786,-0.41467416286468506,1.0
-0.22006557881832123,0.5424637794494629,-0.0661332905292511,0.0
-0.6533781886100769,0.2058793008327484,-0.03567604720592499,1.0
-0.3234266936779022,0.4369968771934509,-0.4698604941368103,1.0
-0.6911839246749878,0.22623583674430847,-0.2037772536277771,1.0
-0.301553875207901,0.6093549728393555,-0.30603131651878357,1.0
-0.16932865977287292,0.10424821078777313,-0.23944084346294403,0.0
-0.5018602013587952,0.4816070795059204,-0.30458706617355347,1.0
0.024104177951812744,0.7587912082672119,-0.2047709822654724,1.0
-0.6707732677459717,0.3950488865375519,-0.40433138608932495,1.0
-0.17852163314819336,0.7831928730010986,-0.2582569420337677,1.0
-0.7510620355606079,-0.04596516489982605,-0.13610407710075378,0.0
0.2767601013183594,0.8190666437149048,0.04234632849693298,0.0
-0.4004083573818207,0.21610498428344727,-0.06164593994617462,0.0
-0.2876691222190857,0.5059455037117004,-0.27095529437065125,1.0
-0.4708784222602844,0.46126434206962585,-0.23440369963645935,1.0
-0.09669676423072815,0.7009353637695312,-0.16804459691047668,1.0
0.010168582201004028,0.44857314229011536,-0.40565016865730286,0.0
-0.6756547689437866,0.30269476771354675,-0.19691720604896545,0.0
-0.7458045482635498,0.29694443941116333,-0.37521642446517944,1.0
0.12212282419204712,0.16944953799247742,-0.3080446422100067,0.0
-0.2928368151187897,0.7420241832733154,-0.18528777360916138,1.0
-0.5310645699501038,0.15950173139572144,-0.11271192133426666,1.0
-0.7644268870353699,0.1390625536441803,-0.28208011388778687,0.0
0.36873388290405273,-0.6670796871185303,-0.0548924058675766,0.0
-0.12022227048873901,0.8273413181304932,-0.15655376017093658,1.0
-0.3175520598888397,0.44141101837158203,-0.03672187030315399,0.0
-0.37897351384162903,0.4719719886779785,-0.22154662013053894,1.0
-0.1957773119211197,0.007788926362991333,-0.10822369158267975,0.0
-0.07851108908653259,0.8365444540977478,-0.23636820912361145,1.0
-0.5995248556137085,0.41606560349464417,-0.36102360486984253,0.0
0.01693519949913025,0.37867212295532227,-0.2647320628166199,0.0
-0.144917830824852,0.28183895349502563,0.22215139865875244,1.0
-0.6261240243911743,0.12994897365570068,-0.04571676254272461,1.0
0.42349404096603394,-0.17578279972076416,0.08136984705924988,0.0
-0.14349089562892914,0.1308760941028595,0.08650681376457214,1.0
-0.12044966220855713,-0.03476154804229736,-0.7102238535881042,0.0
-0.5107221007347107,0.07632610201835632,-0.15948301553726196,0.0
-0.2972855269908905,0.4647654592990875,-0.4590297341346741,1.0
-0.8065102100372314,0.24527207016944885,-0.3357716202735901,1.0
-0.5531620979309082,0.0424845814704895,-0.031789302825927734,0.0
-0.6124844551086426,0.4086228311061859,-0.4072033166885376,0.0
-0.5445762872695923,0.39266809821128845,-0.4492301940917969,1.0
-0.034637510776519775,0.46322134137153625,-0.5635732412338257,0.0
-0.6638034582138062,0.329698383808136,-0.25391608476638794,1.0
-0.46949467062950134,0.24066394567489624,0.06858879327774048,0.0
0.21838867664337158,-0.11655643582344055,-0.5426742434501648,0.0
-0.48476916551589966,0.12549036741256714,-0.1415942907333374,0.0
-0.14043839275836945,0.7289624214172363,-0.11468303203582764,1.0
-0.4592849612236023,0.4858616590499878,-0.18102923035621643,1.0
-0.7810555696487427,0.1620768904685974,-0.2990216612815857,1.0
-0.8420249223709106,0.08624900877475739,-0.360561341047287,1.0
-0.39261776208877563,0.5494880676269531,-0.39060893654823303,1.0
-0.48053258657455444,0.3234890103340149,-0.3748334050178528,1.0
-0.40733659267425537,0.5097249150276184,-0.15071521699428558,1.0
0.015039533376693726,0.47513890266418457,-0.5574045181274414,1.0
-0.29520922899246216,0.7446795701980591,-0.2359210103750229,0.0
0.08407974243164062,0.3737349510192871,-0.33843207359313965,0.0
-0.6087943315505981,0.37103450298309326,-0.315417617559433,0.0
-0.43684083223342896,0.33036598563194275,-0.35508233308792114,0.0
-0.9270884394645691,-0.06270590424537659,-0.32874277234077454,0.0
-0.024059444665908813,0.2878267467021942,-0.027320101857185364,0.0
-0.5140892267227173,0.2556178867816925,-0.05812498927116394,0.0
-0.5359140634536743,0.09824104607105255,-0.049124374985694885,0.0
-0.5465799570083618,0.49036526679992676,-0.2958783507347107,1.0
0.04678446054458618,0.5820791721343994,-0.10873541235923767,0.0
-0.508743166923523,0.46967843174934387,-0.3482001721858978,0.0
-0.07403093576431274,0.4251388609409332,-0.3332638144493103,0.0
-0.3892032206058502,0.6678420305252075,-0.3334723711013794,1.0
-0.6075193881988525,0.06436386704444885,-0.04659578204154968,0.0
-0.46228229999542236,0.236423060297966,-0.19324198365211487,0.0
-0.6011854410171509,0.3508507311344147,-0.20814098417758942,0.0
-0.11604471504688263,-0.3637102246284485,-0.45696234703063965,0.0
0.3449251055717468,-0.40040016174316406,-0.152621790766716,0.0
-0.1560833901166916,0.614357590675354,-0.17639316618442535,0.0
-0.1594533622264862,0.946623682975769,-0.2202216386795044,1.0
0.07953524589538574,0.25639545917510986,0.5306320786476135,0.0
-0.7423487901687622,0.030599474906921387,-0.1560540795326233,0.0
-0.12046055495738983,0.5309637784957886,-0.37530046701431274,1.0
-0.49699723720550537,0.5107595920562744,-0.23503459990024567,1.0
-0.47627127170562744,0.3285215497016907,-0.0510808527469635,1.0
-0.24935230612754822,0.5938938856124878,-0.11839093267917633,1.0
-0.6327364444732666,0.43621671199798584,-0.3028588891029358,1.0
-0.19940310716629028,-0.12087059020996094,-0.401364266872406,0.0
-0.6062848567962646,0.08591514825820923,0.019143730401992798,0.0
-0.20656076073646545,0.5979255437850952,-0.22327426075935364,1.0
-0.38073593378067017,0.47918200492858887,-0.16454923152923584,0.0
-0.7744609117507935,0.11935612559318542,-0.17241492867469788,0.0
-0.3417888879776001,0.3984757661819458,-0.23683735728263855,0.0
-0.13646864891052246,0.6822171807289124,-0.07077859342098236,0.0
-0.04265338182449341,0.4562319219112396,0.029737263917922974,0.0
0.05643346905708313,0.1456289440393448,-0.560943603515625,0.0
-0.2333209216594696,0.4628016948699951,0.14480218291282654,1.0
-0.5280566215515137,0.1965295374393463,-0.2625419497489929,0.0
-0.4457874596118927,0.3797837793827057,-0.14427024126052856,1.0
-0.522598385810852,0.2366635948419571,-0.14158794283866882,1.0
0.04723212122917175,0.675660252571106,-0.35097241401672363,1.0
-0.286615788936615,0.5786109566688538,-0.016578897833824158,0.0
-0.49486812949180603,0.15024150907993317,-0.4728335738182068,0.0
-0.846664547920227,0.1933571696281433,-0.4342346787452698,1.0
-0.35448673367500305,0.41339850425720215,0.06993815302848816,0.0
-0.5789961218833923,0.448758065700531,-0.28816819190979004,1.0
-0.025424420833587646,0.4152023494243622,-0.6327171325683594,0.0
-0.029226869344711304,0.0679766833782196,-0.22233174741268158,0.0
-0.14570946991443634,-0.17261791229248047,-0.7291630506515503,0.0
-0.17751695215702057,0.4720199704170227,-0.03269244730472565,0.0
-0.5241034626960754,0.29000407457351685,-0.17964044213294983,0.0
-0.46538683772087097,0.1398971676826477,-0.13080689311027527,0.0
-0.5680969953536987,0.3414563536643982,-0.252543568611145,1.0
0.09906089305877686,0.6874270439147949,-0.4503546953201294,1.0
-0.19501124322414398,0.7567663788795471,-0.2355087697505951,1.0
-0.5071761608123779,0.5573577284812927,-0.2761724293231964,0.0
-0.21767224371433258,0.46972978115081787,-0.214413583278656,0.0
-0.7636979818344116,0.2974679172039032,-0.613716185092926,1.0
-0.26799896359443665,0.49792373180389404,-0.22416174411773682,1.0
-0.4844459593296051,0.4520886540412903,-0.26971128582954407,1.0
-0.6617344617843628,0.22239390015602112,-0.2977202534675598,1.0
-0.7385646104812622,0.28277820348739624,-0.4282306134700775,0.0
-0.6205289959907532,0.2743017375469208,-0.26535072922706604,0.0
-0.19547292590141296,0.5917877554893494,-0.505574107170105,1.0
0.1407807469367981,0.6638191342353821,-0.44054174423217773,1.0
-0.35709118843078613,0.4798557758331299,-0.11430513858795166,1.0
-0.4372357428073883,0.15099374949932098,0.034437209367752075,1.0
0.030923277139663696,0.6777220964431763,-0.4702715277671814,1.0
-0.36556896567344666,0.5224936008453369,-0.23205161094665527,1.0
-0.1675792634487152,0.40278226137161255,-0.3991835117340088,1.0
-0.5747553706169128,0.23430150747299194,-0.1690400242805481,1.0
0.34513235092163086,0.6969649195671082,-0.20924770832061768,1.0
-0.37802430987358093,0.2911812663078308,-0.06876406073570251,0.0
-0.5240000486373901,0.39626941084861755,-0.18819504976272583,1.0
-0.6445895433425903,0.3686448931694031,-0.29499828815460205,1.0
-0.488594651222229,0.3448325991630554,-0.29573118686676025,1.0
-0.2614800035953522,0.48103952407836914,-0.3574773073196411,0.0
-0.4818033277988434,0.4107383191585541,-0.11449745297431946,1.0
-0.2809637486934662,0.5077998638153076,-0.14524416625499725,1.0
-0.5186936259269714,0.3798750042915344,-0.45640650391578674,1.0
-0.2149006426334381,0.3738973140716553,-0.1608065366744995,0.0
-0.3622055947780609,0.42188671231269836,-0.519328773021698,1.0
-0.5351519584655762,0.07486112415790558,0.05453100800514221,1.0
-0.08163774013519287,0.7049910426139832,-0.32977965474128723,1.0
-0.00036528706550598145,0.3275274336338043,-0.3153001070022583,0.0
-0.09122303128242493,0.08973617851734161,-0.3605566918849945,0.0
-0.5674778819084167,0.022131413221359253,-0.13668036460876465,0.0
0.1627877950668335,0.6147629618644714,0.049153029918670654,0.0
0.11357319355010986,-0.23770356178283691,-0.7235250473022461,0.0
-0.3209499418735504,0.48150959610939026,-0.5224626660346985,0.0
-0.2439262568950653,0.4431685507297516,-0.29406487941741943,0.0
-0.7418990135192871,0.15176816284656525,-0.15949547290802002,0.0
-0.15302085876464844,0.6829547882080078,-0.5452184677124023,1.0
-0.6270986795425415,0.221175879240036,-0.22377373278141022,0.0
-0.29660099744796753,0.4489838480949402,-0.2616824507713318,0.0
-0.45966607332229614,0.12383002042770386,-0.15260419249534607,0.0
-0.04401034116744995,0.8042269945144653,-0.03103312849998474,1.0
-0.24581508338451385,0.5559425950050354,-0.2672288417816162,1.0
-0.33072036504745483,0.4249753952026367,-0.1137688010931015,0.0
-0.5669976472854614,0.2989058792591095,-0.3806403577327728,1.0
-0.5844293832778931,0.3366122245788574,-0.3498387336730957,0.0
0.06751802563667297,0.7092938423156738,-0.4560176730155945,1.0
-0.11254306137561798,0.7187385559082031,-0.1545434296131134,1.0
-0.6092807650566101,0.27233850955963135,-0.14627543091773987,0.0
-0.09831544756889343,0.7653212547302246,-0.2230798900127411,1.0
0.03242811560630798,0.017052680253982544,-0.17107348144054413,0.0
-0.3495423197746277,0.5143804550170898,-0.31401708722114563,1.0
-0.7748985290527344,0.25288477540016174,-0.3666439652442932,0.0
-0.17419812083244324,0.21699246764183044,-0.23388761281967163,0.0
-0.5325604677200317,0.024416685104370117,0.03766283392906189,1.0
-0.925902247428894,0.09944450855255127,-0.12862282991409302,0.0
0.48987752199172974,-0.022037893533706665,-0.05187492072582245,0.0
-0.09982243180274963,0.7724891304969788,-0.3366491496562958,1.0
-0.5316359400749207,0.42321646213531494,-0.19724829494953156,0.0
-0.6324588656425476,0.3210447132587433,-0.4619113802909851,0.0
-0.8629533648490906,0.21477197110652924,-0.35960137844085693,1.0
-0.12683211266994476,0.06937015056610107,0.14285272359848022,0.0
-0.7520947456359863,0.2869754433631897,-0.43065840005874634,1.0
0.1264309287071228,0.3958449065685272,-0.4051700234413147,0.0
-0.7305895090103149,0.04515299201011658,-0.183643639087677,0.0
-0.4294208586215973,0.4280291795730591,-0.3033480644226074,1.0
-0.3009777069091797,0.5595681071281433,-0.2849840521812439,1.0
-0.5323420763015747,0.3815039396286011,-0.42879602313041687,0.0
-0.47805917263031006,0.29705265164375305,-0.3098214268684387,1.0
-0.4111843705177307,0.46376854181289673,-0.1408134549856186,1.0
-0.7752170562744141,0.21438050270080566,-0.31724849343299866,1.0
-0.6813696622848511,0.27186283469200134,-0.19424918293952942,1.0
-0.7084125280380249,0.21106141805648804,-0.2793258726596832,0.0
-0.16678518056869507,0.34394916892051697,0.08330732583999634,0.0
-0.6364372968673706,0.22720368206501007,-0.25833016633987427,0.0
0.1407051682472229,0.2340921014547348,-0.29422110319137573,0.0
-0.46937817335128784,0.3052876591682434,-0.20730873942375183,0.0
-0.764894962310791,-0.01975429058074951,-0.2686152458190918,0.0
-0.49382323026657104,0.31149229407310486,-0.2019229233264923,1.0
-0.12256598472595215,0.4904998540878296,-0.4866648316383362,1.0
-0.2834957540035248,0.16065341234207153,-0.07067392766475677,1.0
-0.9028716683387756,0.19479021430015564,-0.3561173975467682,0.0
-0.17241138219833374,0.5215625762939453,-0.4653174877166748,1.0
-0.6797087788581848,0.30526867508888245,-0.22038882970809937,1.0
-0.05486491322517395,0.6149863004684448,-0.3611411154270172,1.0
-0.9013691544532776,-0.010487347841262817,-0.16830112040042877,1.0
-0.29081887006759644,0.43281304836273193,-0.1163422167301178,1.0
-0.7939118146896362,0.21342778205871582,-0.3566988706588745,1.0
-0.1994198113679886,0.22922620177268982,-0.3442418575286865,1.0
-0.3233526051044464,0.2919073700904846,-0.00862930715084076,0.0
-0.2140478938817978,0.455147385597229,-0.2680639624595642,1.0
-0.7804876565933228,0.18305447697639465,-0.18320640921592712,0.0
-0.6178982257843018,0.32824787497520447,-0.2380373626947403,0.0
-0.48449522256851196,0.28085047006607056,0.020237624645233154,0.0
-0.17325420677661896,0.27177804708480835,-0.23443002998828888,0.0
-0.6562981605529785,0.19430308043956757,-0.37397849559783936,1.0
-0.6281368732452393,0.3150765299797058,-0.21653267741203308,1.0
-0.5087710022926331,0.38691550493240356,-0.1859714686870575,0.0
0.27777349948883057,-0.061177730560302734,-0.6553581357002258,0.0
0.37146252393722534,0.45248308777809143,0.04549172520637512,0.0
-0.584568977355957,0.25788813829421997,-0.2840426564216614,1.0
-0.2566826045513153,0.5546050071716309,-0.273172527551651,0.0
-0.6273173689842224,0.41406890749931335,-0.25545746088027954,0.0
-0.5912945866584778,0.40085461735725403,-0.3535008132457733,0.0
-0.47055670619010925,0.3950122892856598,-0.3837285041809082,1.0
-0.2736620008945465,0.49308228492736816,-0.2679481506347656,1.0
-1.0,-0.12388810515403748,-0.18025246262550354,1.0
-0.3364703059196472,0.6997469067573547,-0.2215212881565094,1.0
-0.635762095451355,0.31869176030158997,-0.37218374013900757,0.0
-0.10030806064605713,0.3022564649581909,-0.383431613445282,0.0
-0.05859288573265076,-0.19145554304122925,-0.21207790076732635,0.0
-0.19948387145996094,0.4813365042209625,-0.31097060441970825,1.0
0.10485801100730896,-0.013418078422546387,-0.6811483502388,0.0
-0.7230955362319946,0.11698088049888611,-0.3231578469276428,0.0
-0.71572345495224,0.15184512734413147,-0.26719051599502563,1.0
0.07898929715156555,0.8417912721633911,-0.1449158638715744,1.0
-0.020261317491531372,0.3574054539203644,-0.3757466971874237,0.0
-0.9311708211898804,0.09597350656986237,-0.22741740942001343,1.0
-0.7480708360671997,0.08777196705341339,-0.23667533695697784,0.0
0.050513774156570435,-0.07909533381462097,-0.5335906147956848,0.0
-0.1956041306257248,0.4935002028942108,-0.5418646335601807,1.0
-0.6507742404937744,0.25920751690864563,-0.2454911321401596,0.0
-0.20783859491348267,0.5334975719451904,-0.49386081099510193,1.0
-0.1439375877380371,0.12953592836856842,-0.2747597098350525,0.0
-0.19778843224048615,-0.061502307653427124,-0.6342113614082336,0.0
-0.06620565056800842,0.579308271408081,-0.533177375793457,1.0
-0.9554327130317688,0.009775102138519287,-0.37448182702064514,0.0
-0.6414837837219238,0.12241660058498383,-0.20414063334465027,0.0
-0.5235729813575745,0.41176682710647583,-0.4649462103843689,1.0
-0.059414178133010864,0.5580281019210815,-0.4636472463607788,0.0
-0.40040549635887146,0.37702810764312744,0.043521106243133545,0.0
-0.476339727640152,0.2048763632774353,-0.34344157576560974,0.0
-0.5612765550613403,0.4295649230480194,-0.23967772722244263,1.0
-0.34699350595474243,0.43443411588668823,-0.11557421088218689,0.0
0.4893062710762024,-0.6657723188400269,0.05161309242248535,0.0
-0.29967546463012695,0.6532459259033203,-0.11645291745662689,1.0
0.2824137806892395,-0.03873187303543091,-0.022054001688957214,0.0
-0.5052715539932251,0.34980836510658264,-0.3008089065551758,1.0
-0.8461902141571045,0.13144661486148834,-0.33272498846054077,1.0
-0.6316754817962646,0.3672243356704712,-0.3767099678516388,1.0
-0.6583317518234253,0.1624920815229416,-0.0720333456993103,0.0
-0.297423779964447,0.7072005867958069,-0.2159615308046341,0.0
0.02969837188720703,0.7266395092010498,-0.13745097815990448,1.0
-0.39285820722579956,0.5174649357795715,-0.35979026556015015,0.0
-0.3964668810367584,0.42454832792282104,-0.2730892300605774,0.0
-0.47403061389923096,0.42896920442581177,-0.16073361039161682,1.0
-0.055898576974868774,0.32095181941986084,-0.08797281980514526,0.0
-0.46974050998687744,0.29864048957824707,-0.15524238348007202,0.0
-0.5530235171318054,0.35266751050949097,-0.2302027940750122,1.0
-0.5769435167312622,0.4509667158126831,-0.2355036735534668,0.0
0.14261633157730103,-0.08463573455810547,-0.29850146174430847,0.0
0.12559625506401062,0.6449482440948486,0.3430013656616211,0.0
-0.316525936126709,0.5579508543014526,-0.2419721782207489,1.0
-0.2573266625404358,0.3336433172225952,-0.042901456356048584,1.0
-0.3842305541038513,0.42021921277046204,-0.4310542345046997,1.0
-0.1461152881383896,0.7552602291107178,0.10432660579681396,1.0
0.6842246055603027,-0.6345441937446594,-0.509976863861084,0.0
-0.1791027933359146,0.5209311246871948,0.2441461980342865,0.0
-0.3550220727920532,0.6087871193885803,-0.21780365705490112,1.0
-0.6545264720916748,0.40690281987190247,-0.26107171177864075,1.0
-0.11942864954471588,0.2319852113723755,-0.47722768783569336,1.0
-0.31291574239730835,0.4497462213039398,-0.4609549939632416,0.0
-0.5388182997703552,0.44431665539741516,-0.4655417799949646,0.0
-0.3493030369281769,0.4444875419139862,-0.17893660068511963,0.0
-0.11788061261177063,0.10089898109436035,0.13236075639724731,0.0
-0.5331277251243591,0.34136614203453064,-0.24904575943946838,0.0
-0.5085299015045166,0.4653050899505615,-0.2586934566497803,1.0
-0.40639808773994446,0.3399685323238373,-0.22428858280181885,1.0
-0.8166070580482483,0.173990398645401,-0.384324312210083,0.0
-0.7361783981323242,0.22971536219120026,-0.19635850191116333,1.0
-0.5009316802024841,0.399717777967453,-0.21143518388271332,0.0
-0.24527689814567566,0.49395841360092163,-0.32190045714378357,1.0
-0.2817559242248535,0.6010676622390747,-0.32182276248931885,1.0
-0.6604315042495728,0.11291417479515076,-0.08508831262588501,0.0
-0.3233371078968048,0.35777997970581055,-0.39209455251693726,0.0
-0.3553539514541626,0.177602156996727,0.10517284274101257,0.0
-0.8498526811599731,0.250194251537323,-0.4813792109489441,0.0
-0.737328052520752,0.2643413245677948,-0.2871052622795105,1.0
-0.11137160658836365,0.5431365966796875,-0.28998011350631714,1.0
0.11535400152206421,0.536877453327179,-0.4055261015892029,0.0
-0.2432492971420288,0.6650028228759766,-0.1934872418642044,1.0
-0.5044814348220825,0.38399219512939453,-0.2659062445163727,1.0
-0.4038313627243042,0.5597150921821594,-0.2673782706260681,1.0
-0.5724965333938599,0.45314228534698486,-0.39553219079971313,1.0
-0.5513754487037659,0.4397929310798645,-0.3868487477302551,1.0
-0.7347843647003174,0.07420530915260315,-0.17995008826255798,0.0
-0.24383287131786346,0.5929737091064453,-0.26614654064178467,1.0
-0.5665743350982666,0.17835408449172974,0.053776443004608154,0.0
-0.4202498495578766,0.2512466609477997,-0.1819022297859192,0.0
-0.7026708126068115,0.2512250542640686,-0.29242509603500366,1.0
-0.39357978105545044,0.530523419380188,-0.34041985869407654,1.0
0.03764462471008301,0.790980339050293,0.07857686281204224,0.0
-0.16616186499595642,0.2870801091194153,-0.22559146583080292,0.0
-0.4299098551273346,0.5227121114730835,-0.26395291090011597,1.0
-0.40011078119277954,0.3125738501548767,-0.19659298658370972,1.0
-0.5272904634475708,0.30890482664108276,-0.31736934185028076,1.0
-0.29192960262298584,0.4725259244441986,-0.33332324028015137,1.0
-0.5512285232543945,0.12269355356693268,-0.0732739120721817,0.0
0.1820489764213562,0.6418522000312805,-0.015026792883872986,0.0
-0.4761866331100464,0.45512884855270386,-0.24977339804172516,1.0
-0.18877343833446503,0.6639402508735657,-0.2189723551273346,1.0
-0.5204669237136841,0.24987658858299255,-0.19116240739822388,1.0
-0.3319336473941803,0.40333276987075806,-0.43373796343803406,1.0
-0.8699252009391785,0.2629556357860565,-0.3797527551651001,1.0
0.0276050865650177,0.8453072905540466,-0.27696844935417175,1.0
0.07795318961143494,0.6786195039749146,0.12694662809371948,0.0
-0.42590516805648804,0.3267476260662079,-0.24298828840255737,0.0
-0.08465871214866638,0.5658725500106812,-0.29671230912208557,1.0
-0.21978051960468292,0.4451422095298767,-0.4053356945514679,1.0
0.10541826486587524,1.0000001192092896,-0.19505316019058228,1.0
-0.7713863849639893,-0.07351431250572205,0.06960496306419373,0.0
0.11677822470664978,0.26400285959243774,-0.547060489654541,1.0
0.07849621772766113,0.7425693273544312,-0.13875868916511536,1.0
-0.08021965622901917,-0.1200888454914093,0.5497131943702698,0.0
-0.7020949125289917,0.24076709151268005,-0.2645778954029083,0.0
-0.4571227431297302,0.34379899501800537,-0.3125918507575989,0.0
-0.1531597226858139,0.17403201758861542,0.00713077187538147,0.0
-0.5688896179199219,0.16398079693317413,-0.20018437504768372,1.0
-0.46184012293815613,0.02391067147254944,-0.09340684115886688,0.0
-0.6395770311355591,0.30274564027786255,-0.46399420499801636,1.0
-0.4120790958404541,0.5414342284202576,-0.2996285557746887,1.0
0.4101179242134094,-0.6080204248428345,-0.29537278413772583,0.0
-0.7610912322998047,0.2668207287788391,-0.3753916621208191,1.0
-0.2744194269180298,0.5468320846557617,-0.05569466948509216,1.0
-0.18106183409690857,0.5744271874427795,-0.3315480351448059,1.0
0.05891382694244385,0.7336529493331909,-0.16902965307235718,0.0
-0.3131396770477295,0.6247680187225342,-0.24533997476100922,1.0
0.194011390209198,0.09322227537631989,-0.7833107709884644,0.0
-0.3477366864681244,0.6156116724014282,-0.2861683666706085,0.0
-0.6811159253120422,0.3829421103000641,-0.49441447854042053,1.0
-0.31058603525161743,0.711167573928833,-0.32886388897895813,1.0
-0.9627459645271301,-0.11263102293014526,-0.02063138782978058,1.0
-0.08278757333755493,0.5914396047592163,-0.20693489909172058,0.0
0.049684733152389526,0.5588210821151733,-0.05675201117992401,0.0
0.21306586265563965,-0.07775998115539551,0.04020145535469055,0.0
-0.4442603290081024,0.41520804166793823,-0.08431537449359894,0.0
-0.20810876786708832,0.6867544651031494,-0.3114621937274933,1.0
0.7293393611907959,-0.7386374473571777,0.2803523540496826,0.0
-0.19328942894935608,0.725709080696106,-0.16780748963356018,1.0
-0.5011312365531921,0.4080934226512909,-0.40937525033950806,1.0
-0.47057241201400757,0.43985775113105774,-0.2558184266090393,1.0
-0.6682389974594116,0.22673852741718292,-0.13453936576843262,0.0
-0.6745739579200745,0.25308212637901306,-0.2929994463920593,1.0
-0.13758262991905212,0.7300116419792175,-0.23500150442123413,1.0
-0.9573779702186584,0.19450531899929047,-0.36836159229278564,1.0
-0.22913889586925507,0.4498923420906067,-0.5459666848182678,1.0
-0.4151638150215149,0.42473331093788147,-0.20177173614501953,1.0
-0.8542125225067139,0.2900933027267456,-0.3824395537376404,1.0
-0.6831013560295105,0.09258006513118744,0.043738096952438354,0.0
-0.8547511100769043,0.17009025812149048,-0.24891528487205505,0.0
-0.40099743008613586,0.3483900725841522,-0.2107556015253067,0.0
-0.29104116559028625,0.42715632915496826,-0.44395849108695984,1.0
-0.7018157243728638,0.29194360971450806,-0.38332247734069824,1.0
-0.062202244997024536,0.6897416114807129,-0.29322588443756104,1.0
-0.1716545671224594,0.6153566241264343,-0.24889181554317474,1.0
-0.6012564301490784,0.405672162771225,-0.4532993733882904,1.0
-0.5344727039337158,0.49915194511413574,-0.3025481402873993,1.0
-0.28017666935920715,0.29684537649154663,-0.5307121872901917,1.0
-0.42989426851272583,0.35079625248908997,-0.1699168086051941,1.0
-0.6142532825469971,0.3575498163700104,-0.3973483443260193,0.0
-0.09209409356117249,0.6226099133491516,-0.46426457166671753,1.0
-0.5149009823799133,0.2541305422782898,-0.173322394490242,0.0
-0.4540367126464844,0.17383472621440887,0.01601862907409668,1.0
-0.4452242851257324,0.13531522452831268,-0.010198891162872314,0.0
-0.5801337361335754,0.42136430740356445,-0.3135088086128235,1.0
-0.5969135165214539,0.12438225746154785,-0.1613396257162094,1.0
0.08055463433265686,0.7375082969665527,-0.5350289940834045,1.0
-0.30285394191741943,0.48675537109375,-0.12100672721862793,0.0
-0.7342246174812317,0.06212702393531799,-0.2061183750629425,1.0
-0.4137512445449829,0.5133692622184753,-0.1375974714756012,1.0
-0.3641684353351593,0.4216206669807434,-0.0785083919763565,0.0
-0.9039382934570312,0.08578373491764069,-0.33085623383522034,0.0
0.31041383743286133,0.5975221991539001,0.2313062846660614,0.0
-0.2891734838485718,0.2452205866575241,-0.423348605632782,1.0
-0.0326860249042511,0.18829572200775146,-0.12218111753463745,0.0
-0.15941864252090454,0.43463605642318726,-0.3970794677734375,0.0
-0.658250093460083,0.2093280851840973,-0.33605456352233887,0.0
-0.19379746913909912,0.7302269339561462,-0.18865352869033813,1.0
-0.6728574633598328,0.2771223187446594,-0.3265590965747833,0.0
-0.21428586542606354,0.48024994134902954,0.1578367054462433,0.0
-0.4089595079421997,0.039409101009368896,-0.23553365468978882,0.0
-0.2189345806837082,-0.05978351831436157,-0.4256975054740906,0.0
-0.6918054819107056,0.21622395515441895,-0.3501124978065491,1.0
-0.2682640254497528,0.5944232940673828,-0.28519371151924133,1.0
0.22521710395812988,0.3264157772064209,-0.588645339012146,0.0
-0.5110684037208557,0.4198070466518402,-0.2663141191005707,1.0
-0.6939389109611511,0.19628576934337616,-0.05946606397628784,1.0
-0.5220481157302856,0.20998169481754303,-0.1677757352590561,0.0
0.026792287826538086,0.6808167695999146,-0.39599090814590454,0.0
-0.7739310264587402,0.16215777397155762,-0.2222364991903305,1.0
-0.2256893515586853,0.5463219881057739,-0.39314544200897217,1.0
-0.5855312347412109,0.12193647027015686,-0.0765654444694519,0.0
0.16951221227645874,0.11476793885231018,-0.08683159947395325,0.0
-0.7719894647598267,0.2329850196838379,-0.24317830801010132,1.0
-0.5235311985015869,0.3486379086971283,-0.37474530935287476,1.0
-0.46811243891716003,0.22415262460708618,0.0040340423583984375,0.0
-0.5218169689178467,0.0911480188369751,-0.2065909206867218,0.0
-0.5009744763374329,0.39112621545791626,-0.21958014369010925,1.0
0.6175564527511597,-0.5406430959701538,-0.7476744651794434,0.0
-0.8936390280723572,0.1268431693315506,-0.2657988667488098,1.0
-0.053133100271224976,0.7576397061347961,-0.16671746969223022,1.0
-0.7489360570907593,0.2445727288722992,-0.3579977750778198,0.0
-0.7876860499382019,0.1505497545003891,-0.3096837103366852,0.0
-0.29936206340789795,0.5857556462287903,-0.24446935951709747,1.0
-0.43390095233917236,0.4638219475746155,-0.2520293593406677,0.0
0.2189403772354126,-0.04368877410888672,-0.5118368268013,0.0
-0.8371900916099548,0.003520071506500244,-0.2573608458042145,0.0
-0.26124510169029236,0.42219531536102295,-0.5690821409225464,0.0
0.1597064733505249,0.10188193619251251,-0.1419820785522461,0.0
-0.6426616907119751,-0.08716139197349548,-0.005858808755874634,0.0
-0.35059866309165955,0.44977867603302,-0.14704379439353943,0.0
-0.7038077116012573,0.17512211203575134,-0.34713491797447205,0.0
-0.5964975357055664,0.42923495173454285,-0.31092241406440735,1.0
-0.5288492441177368,0.26690709590911865,-0.3071634769439697,1.0
-0.20097514986991882,0.5520719289779663,-0.30120325088500977,1.0
-0.38676917552948,0.49289318919181824,-0.21368952095508575,1.0
-0.21038171648979187,0.40865424275398254,-0.2992800772190094,1.0
-0.8624191880226135,0.12058936059474945,-0.5199805498123169,0.0
-0.7915540933609009,0.31517335772514343,-0.2571675777435303,1.0
-0.26645877957344055,0.270163893699646,0.06711861491203308,0.0
0.543265163898468,0.32423728704452515,0.3507203459739685,0.0
-0.8275060653686523,0.21765922009944916,-0.42829084396362305,0.0
0.008847236633300781,0.31152766942977905,-0.5727365612983704,0.0
-0.4095272421836853,0.0313543975353241,-0.17630383372306824,1.0
-0.27080661058425903,0.4734022617340088,-0.00936909019947052,0.0
-0.6731794476509094,0.23410284519195557,-0.2770325839519501,0.0
-0.6037479043006897,0.39016878604888916,-0.3185272216796875,0.0
-0.40444597601890564,0.14043278992176056,-0.1848875880241394,0.0
-0.45897722244262695,0.3461516499519348,-0.22549934685230255,0.0
-0.5804441571235657,0.215012788772583,-0.3663703203201294,0.0
-0.7529129981994629,-0.08270332217216492,-0.11250104010105133,0.0
-0.626434326171875,0.19114699959754944,-0.2801789343357086,1.0
-0.0215969979763031,0.485685795545578,-0.42489901185035706,1.0
-0.4624132513999939,0.5376112461090088,-0.272349089384079,1.0
-0.4525281488895416,0.2827143669128418,0.12863171100616455,0.0
-0.08638718724250793,0.6552845239639282,-0.480569064617157,1.0
-0.6286406517028809,0.3266126811504364,-0.35174691677093506,0.0
-0.33419564366340637,0.1759156584739685,-0.08682410418987274,0.0
-0.3517611026763916,0.45472252368927,-0.17509880661964417,1.0
-0.8450884819030762,0.21301163733005524,-0.4728764295578003,0.0
-0.3255916237831116,0.5301156044006348,-0.20964419841766357,1.0
-0.44574496150016785,0.45735323429107666,-0.15549106895923615,1.0
-0.3452346920967102,0.46467339992523193,-0.16203606128692627,0.0
-0.6166264414787292,0.18317444622516632,-0.2565910816192627,0.0
-0.5936497449874878,0.24621906876564026,-0.18132498860359192,0.0
-0.3989628553390503,0.3667340576648712,-0.11907191574573517,1.0
-0.6847989559173584,0.3713036775588989,-0.21297253668308258,0.0
-0.5077253580093384,0.39148420095443726,-0.2736607491970062,1.0
-0.5273463726043701,0.2360161542892456,-0.05517578125,1.0
-0.30684447288513184,0.38349011540412903,-0.04064919054508209,0.0
-0.017408788204193115,0.32156381011009216,-0.5490137934684753,1.0
-0.6448386311531067,0.31993213295936584,-0.24706025421619415,1.0
-0.1947411149740219,0.7202528715133667,-0.3327734172344208,1.0
-0.3619917929172516,0.28734976053237915,-0.2785645127296448,1.0
-0.3782518208026886,0.34515851736068726,-0.35302847623825073,1.0
-0.42857444286346436,0.31596124172210693,0.0227624773979187,1.0
-0.28493165969848633,0.24749332666397095,-0.05600850284099579,0.0
0.22482335567474365,0.16271017491817474,-0.47862765192985535,0.0
-0.1457502394914627,0.4050414562225342,-0.1868172287940979,0.0
-0.3157705068588257,0.4264964163303375,-0.04655483365058899,0.0
-0.17781946063041687,0.6578388214111328,-0.14684414863586426,1.0
-0.32048308849334717,0.6461567282676697,-0.1889621615409851,1.0
-0.17650362849235535,0.7436628341674805,-0.24090218544006348,1.0
-0.6015840172767639,0.254154235124588,-0.28383827209472656,0.0
0.4400050640106201,-0.5005521178245544,0.03955695033073425,0.0
-0.19753792881965637,0.7101241946220398,-0.27547508478164673,1.0
-0.507042646408081,0.4053972363471985,-0.32218992710113525,1.0
-0.5711606740951538,0.3638092875480652,-0.4674261808395386,1.0
-0.16919569671154022,0.4791710376739502,-0.48823344707489014,1.0
-0.505124568939209,0.4828341603279114,-0.31290125846862793,1.0
-0.6999555826187134,0.17985153198242188,-0.15442173182964325,0.0
-0.5375688672065735,0.18552663922309875,-0.2569102942943573,0.0
-0.21130803227424622,0.6804883480072021,-0.3778359889984131,1.0
-0.7859072685241699,0.1865827441215515,-0.418290376663208,1.0
-0.9308525323867798,0.11069171130657196,-0.4413083791732788,1.0
0.02179071307182312,0.5159973502159119,-0.3379327356815338,0.0
-0.3961479663848877,0.29048609733581543,-0.44284480810165405,1.0
-0.6147449016571045,0.32078981399536133,-0.16960982978343964,0.0
-0.013936281204223633,0.06183025240898132,-0.07397761940956116,0.0
0.5027469396591187,-0.3817179799079895,-1.0,0.0
-0.9977700710296631,-0.009559869766235352,-0.28042304515838623,1.0
0.0711083710193634,0.7260682582855225,-0.10217000544071198,0.0
0.1163756251335144,0.4391341209411621,0.16751384735107422,0.0
-0.5967707633972168,0.3863934278488159,-0.1620682179927826,1.0
-0.2739528715610504,0.38560569286346436,0.10641050338745117,0.0
-0.03756040334701538,0.09438885748386383,-0.2121104598045349,0.0
-0.43340736627578735,0.13836106657981873,-0.18425028026103973,0.0
-0.010601729154586792,0.3936377763748169,-0.4232040047645569,1.0
-0.5505681037902832,0.039195865392684937,-0.143222838640213,0.0
-0.3754886984825134,0.4209948480129242,-0.12626253068447113,1.0
-0.5412814021110535,0.0907677710056305,-0.1942317634820938,0.0
-0.04155242443084717,0.11098349094390869,0.09180238842964172,0.0
-0.2842855155467987,0.6128575205802917,-0.2098272144794464,1.0
-0.6672648787498474,0.4575936198234558,-0.3415052890777588,0.0
-0.443205326795578,0.19573739171028137,-0.24641503393650055,1.0
-0.498878538608551,0.2620352506637573,-0.17219357192516327,0.0
-0.8350592255592346,0.2497449815273285,-0.48358702659606934,0.0
-0.4559255838394165,0.5370997190475464,-0.3399060368537903,1.0
-0.4285132884979248,0.18317170441150665,-0.018263503909111023,0.0
-0.7494171857833862,0.3262045979499817,-0.35273584723472595,1.0
-0.415674090385437,0.5124800801277161,-0.24148094654083252,1.0
0.3495170474052429,-0.2547439932823181,-0.5136741995811462,0.0
-0.16525417566299438,0.5998549461364746,-0.2533779442310333,1.0
-0.49928852915763855,0.2940804362297058,-0.2369484007358551,0.0
-0.5932751893997192,0.3387189507484436,-0.15464836359024048,1.0
-0.18749941885471344,0.47537553310394287,-0.1737401783466339,1.0
-0.2497095763683319,0.47188299894332886,-0.4866306185722351,1.0
-0.6220043897628784,0.28362399339675903,-0.21874971687793732,0.0
-0.7199656963348389,0.22816458344459534,-0.34025728702545166,0.0
-0.1393183320760727,0.15007932484149933,-0.5412421226501465,1.0
-0.15651680529117584,0.5766624212265015,-0.22787612676620483,1.0
-0.3335492014884949,0.46491706371307373,-0.2518184185028076,1.0
-0.25676819682121277,-0.1436532437801361,-0.4318053126335144,0.0
0.14827680587768555,0.36330410838127136,-0.6493414640426636,0.0
-0.4932730197906494,0.18615221977233887,-0.1864045262336731,0.0
-0.43475794792175293,0.38391435146331787,-0.3308526873588562,0.0
-0.5644950270652771,0.3756750822067261,-0.3360023498535156,1.0
-0.50472092628479,0.3001435101032257,-0.2886078357696533,1.0
0.022966444492340088,-0.15452221035957336,-0.10101659595966339,0.0
-0.09533423185348511,0.8300527334213257,-0.1835525929927826,1.0
-0.5374407172203064,0.2482774704694748,-0.06280012428760529,0.0
0.0128287672996521,0.19493074715137482,-0.2249823659658432,0.0
-0.6239217519760132,0.38585689663887024,-0.3384845554828644,1.0
-0.12403514981269836,0.7434641122817993,-0.21636801958084106,1.0
0.05132627487182617,0.042252033948898315,-0.1699623465538025,0.0
-0.8612123727798462,0.0656973123550415,-0.1585002839565277,1.0
-0.03446364402770996,0.7178036570549011,-0.1812855452299118,1.0
-0.5230894684791565,0.19520820677280426,-0.25181424617767334,0.0
0.3742915987968445,-0.05166539549827576,-0.6774755716323853,0.0
-0.0802173912525177,0.5403231382369995,0.08057010173797607,0.0
-0.1734846979379654,0.5999323725700378,-0.5308802127838135,1.0
-0.5569207668304443,0.20802778005599976,-0.08294925093650818,0.0
-0.2626846432685852,0.5247103571891785,-0.11520303785800934,0.0
-0.1696157157421112,0.775769829750061,-0.2944311797618866,1.0
-0.4971825182437897,0.47640320658683777,-0.41079556941986084,0.0
-0.6372596621513367,0.3797660171985626,-0.04746127128601074,0.0
-0.3674098253250122,0.252579927444458,-0.6683697700500488,1.0
0.5827245712280273,-0.5663430094718933,0.14047622680664062,0.0
-0.4033310115337372,0.548366367816925,-0.20582151412963867,1.0
-0.22554205358028412,0.8109210729598999,-0.22518284618854523,1.0
-0.22248585522174835,0.7704153060913086,-0.4183526635169983,0.0
0.10316139459609985,0.621015727519989,-0.40182843804359436,1.0
-0.6200054883956909,0.3343050479888916,-0.1749662607908249,1.0
-0.7242326736450195,0.3068115711212158,-0.30281150341033936,1.0
-0.46548140048980713,0.2954891622066498,-0.08125445246696472,0.0
-0.7387493848800659,0.14890561997890472,-0.02229359745979309,0.0
-0.8882126808166504,0.08013707399368286,-0.21150125563144684,0.0
-0.29660582542419434,0.6177149415016174,-0.23104506731033325,1.0
-0.46646755933761597,0.42382127046585083,-0.22890004515647888,1.0
-0.578760027885437,0.18230441212654114,-0.07373394072055817,0.0
-0.03547605872154236,0.4512278139591217,-0.6050482988357544,0.0
-0.6972288489341736,0.2034018635749817,-0.2343490719795227,0.0
-0.30096739530563354,0.4115666151046753,-0.26361751556396484,1.0
-0.2305692732334137,0.19343197345733643,-0.07820530235767365,0.0
-0.7556859254837036,0.353939414024353,-0.26655319333076477,1.0
-0.8668233156204224,0.1288786381483078,-0.4816276431083679,1.0
-0.16809110343456268,0.7016494274139404,-0.3240399956703186,1.0
-0.19366993010044098,0.7423831224441528,-0.21157020330429077,1.0
0.22684115171432495,0.07986292243003845,-0.5192115306854248,0.0
-0.5630086660385132,0.2389875203371048,-0.008535638451576233,0.0
-0.24517089128494263,0.4502531886100769,-0.3208724558353424,1.0
-0.38076019287109375,0.5520389676094055,-0.18756966292858124,1.0
-0.550705075263977,0.48311707377433777,-0.2924754023551941,1.0
-0.298056960105896,0.6679871082305908,-0.3953844904899597,1.0
0.5550946593284607,0.09193660318851471,-0.37085455656051636,0.0
-0.5914472341537476,0.26175764203071594,-0.32934656739234924,1.0
-0.4782169759273529,0.20519237220287323,-0.04796925187110901,1.0
-0.9141364097595215,-0.04173138737678528,-0.05881491303443909,0.0
-0.5238981246948242,0.3942040205001831,-0.41675567626953125,1.0
-0.4824785590171814,0.5041074156761169,-0.29406073689460754,1.0
-0.8258132934570312,0.12566110491752625,-0.3492014408111572,0.0
-0.6839042901992798,0.24765051901340485,-0.46856069564819336,1.0
-0.3626749515533447,0.43722856044769287,-0.3304573595523834,0.0
-0.10466331243515015,0.40722134709358215,-0.05142812430858612,0.0
0.19071799516677856,0.6281205415725708,-0.310151070356369,1.0
0.568068265914917,-0.5761821269989014,-0.08902958035469055,0.0
0.23877978324890137,-0.2570965886116028,-0.5536884069442749,0.0
0.13461872935295105,0.24625283479690552,0.1644078493118286,0.0
-0.5712874531745911,0.4497724771499634,-0.29807907342910767,0.0
-0.7601367235183716,0.24752163887023926,-0.20848685503005981,1.0
0.0328199565410614,0.8153446912765503,-0.3209691047668457,1.0
-0.3882724642753601,0.5559651851654053,-0.2597983479499817,1.0
-0.5441567897796631,0.3734426200389862,-0.2636348009109497,1.0
-0.4451332986354828,0.6605073809623718,-0.3516818583011627,1.0
-0.88727205991745,0.19402821362018585,-0.3641979992389679,0.0
-0.480350524187088,0.3080543577671051,0.06871986389160156,1.0
-0.20162251591682434,0.6638971567153931,-0.13410048186779022,1.0
-0.32510438561439514,0.6325331330299377,-0.18071627616882324,0.0
-0.3013407289981842,0.6025985479354858,-0.1760522425174713,0.0
0.10988941788673401,0.09954601526260376,-0.7617925405502319,0.0
-0.08835750818252563,0.6608357429504395,-0.3224722445011139,1.0
-0.8520742058753967,0.21332970261573792,-0.38639533519744873,1.0
-0.47301068902015686,0.34562650322914124,-0.09245039522647858,1.0
-0.7892251014709473,0.2851365804672241,-0.3137085437774658,1.0
-0.5387621521949768,0.503748893737793,-0.3188092112541199,1.0
-0.30455827713012695,0.6457699537277222,-0.27138015627861023,1.0
-0.532499372959137,0.4712764322757721,-0.23021651804447174,0.0
-0.18000367283821106,0.6453480124473572,-0.2741011381149292,1.0
-0.5191082954406738,0.20069101452827454,-0.22079803049564362,1.0
-0.1049642562866211,0.26312676072120667,-0.25336065888404846,0.0
-0.20463882386684418,0.8187863826751709,-0.029202431440353394,0.0
0.4897755980491638,-0.504438042640686,-0.7305106520652771,0.0
-0.7304674386978149,0.2987014353275299,-0.36471444368362427,1.0
-0.8225635290145874,0.04212445020675659,-0.22098414599895477,0.0
-0.05353200435638428,0.688287615776062,-0.27739691734313965,0.0
-0.7551226615905762,0.25005975365638733,-0.3510616421699524,1.0
0.12254822254180908,0.6951438188552856,-0.3191533088684082,1.0
-0.5264486074447632,0.3483544588088989,-0.4326372742652893,1.0
-0.14020279049873352,0.6526691913604736,0.07856088876724243,1.0
-0.6449534296989441,0.0732257068157196,0.0067269206047058105,0.0
0.13726651668548584,0.05741703510284424,-0.7551774978637695,0.0
-0.593277633190155,0.30418118834495544,-0.3223753571510315,1.0
-0.3293302655220032,0.5278130173683167,-0.09851790964603424,0.0
0.278445839881897,0.01991179585456848,0.1457240879535675,0.0
-0.8046396970748901,0.28997528553009033,-0.31881624460220337,0.0
-0.6580712795257568,0.25256896018981934,-0.3882841467857361,1.0
0.10361075401306152,0.054577529430389404,-0.40016424655914307,0.0
-0.46263813972473145,0.29188770055770874,-0.43371233344078064,0.0
-0.25322747230529785,0.6324774026870728,-0.19607004523277283,1.0
-0.6166146993637085,0.1924300491809845,-0.09884294867515564,0.0
-0.42104393243789673,0.5323275923728943,-0.3054754436016083,1.0
-0.0008004605770111084,0.3285646140575409,-0.5872881412506104,0.0
-0.05208173394203186,-0.15742206573486328,-0.48828864097595215,0.0
-0.022817224264144897,0.6432528495788574,-0.3571391701698303,1.0
-0.5739225745201111,0.2861824035644531,-0.30818119645118713,1.0
-0.465615451335907,0.1413162648677826,-0.012651816010475159,1.0
-0.5295165777206421,0.45241355895996094,-0.3626607060432434,1.0
0.1298452615737915,0.31041648983955383,-0.38848668336868286,0.0
-0.2827512323856354,0.3231484591960907,-0.12506619095802307,0.0
-0.4480668008327484,0.33855774998664856,-0.2985956370830536,1.0
-0.07030811905860901,0.5994347929954529,-0.019793346524238586,1.0
-0.8082048892974854,0.24219438433647156,-0.3172054886817932,0.0
-0.6111396551132202,0.28118371963500977,-0.30403372645378113,0.0
-0.5882664918899536,0.11218637228012085,-0.04664294421672821,1.0
-0.5967727303504944,-0.012173980474472046,-0.16794946789741516,0.0
-0.4545521140098572,0.3372049927711487,-0.09844374656677246,1.0
-0.6020104885101318,0.4482616186141968,-0.3893941044807434,0.0
-0.38762491941452026,0.49791961908340454,-0.10703696310520172,1.0
-0.7948817014694214,0.10249929130077362,-0.14752064645290375,0.0
-0.26110711693763733,0.29418423771858215,-0.4942764639854431,1.0
-0.01868245005607605,0.6603713631629944,-0.46459388732910156,1.0
-0.22815468907356262,0.3793784976005554,-0.2788654565811157,1.0
-0.3906685709953308,0.27785444259643555,-0.009162738919258118,0.0
-0.8570858836174011,0.00422435998916626,-0.014114603400230408,0.0
-0.8331348896026611,0.10932625830173492,-0.29269275069236755,0.0
-0.47626572847366333,0.24385735392570496,0.024985194206237793,0.0
-0.7386103868484497,0.21231235563755035,-0.3576219975948334,1.0
-0.7061638832092285,0.1991899311542511,-0.19479498267173767,1.0
-0.7449374198913574,0.22199887037277222,-0.1349189281463623,0.0
-0.21607738733291626,0.35584911704063416,-0.5033135414123535,1.0
-0.8684605956077576,-0.0822153091430664,-0.25045692920684814,0.0
0.27771902084350586,-0.14686590433120728,-0.3887658715248108,0.0
-0.5207979083061218,0.4938250184059143,-0.3196297883987427,0.0
-0.011456102132797241,0.30655521154403687,-0.3153972625732422,0.0
-0.6946258544921875,0.013787537813186646,-0.031259194016456604,1.0
-0.369010329246521,0.520488977432251,-0.3998318910598755,1.0
-0.8632103204727173,0.07573209702968597,-0.23384593427181244,0.0
-0.4651249647140503,0.559773862361908,-0.32657766342163086,1.0
-0.5486743450164795,0.48524534702301025,-0.39856821298599243,1.0
-0.013316571712493896,0.198491171002388,-0.20555329322814941,0.0
-0.4930511713027954,0.28239455819129944,-0.19893419742584229,0.0
-0.8923908472061157,0.19422197341918945,-0.3191191554069519,1.0
0.035937607288360596,0.5458551645278931,-0.27153146266937256,1.0
-0.06610310077667236,0.7146152257919312,-0.17906394600868225,1.0
-0.698593258857727,0.22846263647079468,-0.41964149475097656,0.0
-0.47996649146080017,0.3980582654476166,-0.43023064732551575,1.0
-0.03360047936439514,0.19783712923526764,-0.5067282915115356,0.0
-0.1548338532447815,0.288483589887619,-0.33085668087005615,0.0
-0.5770863890647888,0.20866142213344574,-0.112630695104599,1.0
-0.05600982904434204,0.3838348984718323,0.36952656507492065,0.0
-0.4764663577079773,0.3180292248725891,-0.36618074774742126,0.0
-0.2556834816932678,0.5282562971115112,-0.2855226993560791,1.0
-0.2638413608074188,0.346167653799057,-0.03002065420150757,0.0
-0.09057533740997314,0.4415799379348755,-0.27186012268066406,0.0
-0.5988582372665405,0.07893164455890656,-0.18393519520759583,0.0
-0.7892313599586487,0.12320613861083984,-0.23758190870285034,1.0
-0.7653260827064514,-0.009867429733276367,-0.04351745545864105,1.0
-0.6531247496604919,0.10372057557106018,-0.03910799324512482,0.0
-0.7597885131835938,0.3260701894760132,-0.4503360092639923,0.0
-0.6820386052131653,0.38738128542900085,-0.45938295125961304,1.0
-0.17754407227039337,0.4863879084587097,-0.4202255606651306,1.0
-0.531588613986969,0.3627515733242035,-0.16194817423820496,1.0
-0.6117572784423828,0.20971286296844482,-0.19964252412319183,0.0
-0.5140141248703003,0.4825674295425415,-0.20788708329200745,1.0
-0.46547931432724,0.11433815956115723,-0.21396289765834808,0.0
0.3887999653816223,-0.6374049782752991,-0.6815071105957031,0.0
-0.9307937622070312,0.07119548320770264,-0.33590999245643616,1.0
-0.6470847129821777,0.2832336723804474,-0.2639888823032379,0.0
-0.10748443007469177,0.598061203956604,-0.49763357639312744,1.0
-0.46997499465942383,0.5613334774971008,-0.4238792061805725,1.0
-0.20008446276187897,0.965110182762146,0.15107783675193787,0.0
-0.5795376300811768,0.25838303565979004,-0.11183728277683258,0.0
-0.6676950454711914,0.30466991662979126,-0.41154998540878296,1.0
-0.765959620475769,0.08354394137859344,-0.2542313039302826,1.0
-0.312357634305954,0.5650734305381775,-0.19607971608638763,1.0
-0.16411177814006805,0.5419041514396667,-0.48130685091018677,1.0
-0.391944020986557,0.5220226049423218,-0.2873966693878174,1.0
0.015575021505355835,0.7509328126907349,-0.3371795415878296,1.0
0.3110405206680298,-0.5084148645401001,-0.7159445285797119,0.0
-0.37647539377212524,0.17834122478961945,-0.4630777835845947,0.0
-0.8423131704330444,0.04719021916389465,-0.12101384997367859,1.0
-0.045139819383621216,0.6328491568565369,-0.436264306306839,1.0
-0.08931311964988708,0.6260440349578857,-0.15895408391952515,1.0
-0.33635810017585754,0.5763596296310425,-0.27058321237564087,0.0
-0.2113218754529953,0.6176308393478394,-0.20578156411647797,1.0
-0.39091891050338745,0.27421706914901733,-0.025041833519935608,0.0
-0.8713859915733337,0.004375487565994263,-0.2523738443851471,0.0
0.05549684166908264,0.7133212089538574,0.2883964776992798,0.0
-0.09353086352348328,0.842540979385376,-0.19209007918834686,1.0
0.23728430271148682,-0.006808668375015259,-0.6295918226242065,0.0
-0.39031994342803955,0.5526524782180786,-0.3003518283367157,1.0
-0.24952740967273712,0.21273523569107056,-0.6287311315536499,1.0
-0.6161502003669739,0.24631820619106293,-0.34429091215133667,1.0
-0.07185304164886475,0.029319941997528076,-0.08251114189624786,0.0
-0.6189495325088501,0.31493860483169556,-0.1464807093143463,1.0
-0.3545511066913605,0.5618432760238647,-0.24579757452011108,1.0
-0.6480856537818909,0.10613524913787842,-0.0877983570098877,1.0
-0.039469897747039795,0.31337934732437134,-0.5340260863304138,0.0
-0.868760883808136,0.15882320702075958,-0.19943232834339142,0.0
-0.5290020704269409,0.2344507873058319,0.0254075825214386,0.0
-0.2107088416814804,0.2124282568693161,-0.5962292551994324,0.0
-0.5525051355361938,0.3191136419773102,-0.19775664806365967,0.0
-0.30667126178741455,0.5915055274963379,-0.2613583207130432,1.0
-0.37926897406578064,0.5081300735473633,-0.27035096287727356,0.0
-0.3832174241542816,0.4947868585586548,-0.37619125843048096,1.0
-0.6725211143493652,0.2815459370613098,-0.5035184621810913,1.0
-0.28626033663749695,0.5393174886703491,-0.1635216474533081,1.0
-0.15528713166713715,0.7301098108291626,-0.19867399334907532,1.0
-0.38716039061546326,0.43201690912246704,-0.29452040791511536,1.0
-0.22702918946743011,0.5540469884872437,0.032336413860321045,0.0
0.023599684238433838,0.5101309418678284,-0.4178433418273926,0.0
-0.715232253074646,0.23077329993247986,-0.44180843234062195,1.0
-0.8413090705871582,0.12479071319103241,-0.2619817852973938,1.0
-0.09543251991271973,0.8151224851608276,-0.2237640768289566,1.0
-0.6238049268722534,0.3209715783596039,-0.22199293971061707,1.0
0.7964472770690918,-0.6706160306930542,0.4152989387512207,0.0
-0.2008538544178009,0.6871277093887329,-0.2980939745903015,1.0
0.024413973093032837,0.010225266218185425,-0.15893881022930145,0.0
-0.9479891657829285,0.10685025155544281,-0.4314253032207489,1.0
-0.14215503633022308,0.24128401279449463,-0.45236676931381226,0.0
-0.7773361206054688,0.022373944520950317,-0.14732956886291504,0.0
-0.5863180756568909,0.45744630694389343,-0.3193857669830322,1.0
-0.7557477951049805,0.09611496329307556,-0.22374413907527924,1.0
0.029450923204421997,0.05324468016624451,-0.160783588886261,0.0
-0.45604825019836426,0.5843700170516968,-0.2219659388065338,1.0
0.14964580535888672,0.6454392075538635,-0.5103697776794434,1.0
-0.1794334501028061,0.7392451763153076,-0.15501484274864197,1.0
-0.2743566632270813,0.4850394129753113,-0.3897697329521179,1.0
-0.4269355237483978,0.4728412926197052,-0.3633696734905243,1.0
-0.23787373304367065,0.4847613573074341,0.20103365182876587,0.0
-0.8570858836174011,0.00422435998916626,-0.014114603400230408,0.0
-0.18075045943260193,0.5406025052070618,-0.2822425663471222,1.0
-0.8793153762817383,0.12432073056697845,-0.3255475163459778,0.0
-0.4847928285598755,0.29281488060951233,-0.0797610729932785,1.0
0.07145705819129944,0.8919802308082581,-0.31757330894470215,1.0
-0.9611823558807373,0.14916501939296722,-0.34177014231681824,0.0
-0.47289666533470154,0.46551772952079773,-0.4351809322834015,1.0
-0.1070651113986969,0.1598697304725647,-0.6835444569587708,0.0
-0.11560796201229095,0.6930533647537231,-0.2635567784309387,1.0
-0.1284877061843872,0.32116198539733887,-0.4629509449005127,1.0
-0.5696570873260498,0.28386199474334717,-0.2197548896074295,0.0
-0.1861332654953003,0.46681612730026245,-0.26765337586402893,1.0
-0.33228474855422974,0.43800806999206543,-0.24362590909004211,1.0
0.8793321847915649,-0.8141509294509888,-0.6114407777786255,0.0
-0.46592456102371216,0.3256692588329315,-0.10290561616420746,0.0
-0.7079018354415894,0.29924267530441284,-0.280074805021286,1.0
-0.5341832041740417,0.4561071991920471,-0.4566303789615631,1.0
-0.7432898283004761,0.05557692050933838,-0.2456720769405365,0.0
-0.18440525233745575,0.6319452524185181,-0.20525072515010834,1.0
-0.21384096145629883,0.24512511491775513,0.021758973598480225,0.0
-0.4259149730205536,0.4317976236343384,-0.03784959018230438,0.0
-0.485492080450058,0.3607434928417206,-0.296047180891037,1.0
-0.1217837780714035,0.3549096882343292,-0.5601110458374023,0.0
0.2227243185043335,-0.28264981508255005,-0.3746432662010193,0.0
-0.3692381680011749,0.36916911602020264,-0.31371232867240906,1.0
-0.6222227811813354,0.3231939673423767,-0.4833316504955292,1.0
0.4240344166755676,-0.3955826759338379,-0.6902583837509155,0.0
-0.472907155752182,0.21050697565078735,0.01829347014427185,0.0
-0.8596117496490479,0.011747956275939941,-0.24725241959095,1.0
-0.6390657424926758,0.21413478255271912,-0.18958136439323425,1.0
-0.21821649372577667,0.5590957403182983,-0.40382474660873413,1.0
-0.5676044225692749,0.16471412777900696,-0.06446227431297302,0.0
-0.2569538950920105,0.623210072517395,-0.32835686206817627,1.0
0.049617379903793335,0.8333625197410583,-0.23959757387638092,1.0
-0.27101245522499084,0.6118367910385132,-0.31435519456863403,1.0
0.4384915828704834,0.08994397521018982,1.0,0.0
-0.16687017679214478,-0.06894761323928833,-0.18238326907157898,0.0
-0.31994327902793884,0.3140530288219452,-0.09162038564682007,0.0
-0.3645058274269104,0.689579963684082,-0.2927408516407013,1.0
-0.8857021331787109,0.02283516526222229,-0.3838619589805603,1.0
-0.4496747553348541,0.07747969031333923,-0.44820281863212585,0.0
-0.9793327450752258,0.15316270291805267,-0.4044974446296692,1.0
0.29935282468795776,0.6198223829269409,-0.2457558512687683,1.0
0.4086393713951111,-0.6084263920783997,-0.15806370973587036,0.0
-0.64350426197052,0.38818106055259705,-0.3311077952384949,1.0
-0.3915051817893982,0.40112870931625366,-0.3964844346046448,1.0
-0.6904239654541016,0.21388430893421173,-0.1937200427055359,1.0
-0.45854416489601135,0.4510660171508789,-0.40380048751831055,0.0
-0.3318462669849396,0.2539530396461487,-0.26813021302223206,0.0
-0.7106333374977112,0.39804404973983765,-0.23691178858280182,0.0
-0.3511875569820404,0.6876165866851807,-0.3903259038925171,1.0
-0.11526274681091309,0.741771936416626,-0.35147762298583984,1.0
-0.30763640999794006,0.333246648311615,-0.5616564750671387,0.0
0.27112627029418945,0.6249048709869385,-0.23640884459018707,0.0
0.026664406061172485,0.9136771559715271,-0.27708378434181213,1.0
-0.47805657982826233,0.2461259961128235,-0.5819849967956543,1.0
-0.7242344617843628,0.4036726653575897,-0.45768165588378906,1.0
-0.5551252961158752,0.506527304649353,-0.30524662137031555,1.0
0.12121987342834473,0.048422008752822876,-0.44209569692611694,0.0
0.2102872133255005,0.6265250444412231,0.557695209980011,0.0
-0.4810348153114319,0.25389331579208374,-0.1677594929933548,0.0
0.053228557109832764,0.17540115118026733,-0.3134663999080658,0.0
-0.4886093735694885,0.33175694942474365,-0.23734727501869202,0.0
-0.8473742008209229,0.057924747467041016,-0.2755413353443146,1.0
-0.52978515625,0.0394531786441803,-0.27096861600875854,0.0
-0.6741389632225037,0.42929768562316895,-0.406449556350708,1.0
-0.49431371688842773,0.3312569558620453,-0.24352940917015076,0.0
-0.32701805233955383,0.33668336272239685,-0.1868448257446289,1.0
-0.6719452738761902,0.3989669978618622,-0.302473783493042,1.0
-0.42587852478027344,0.4378198981285095,-0.18403521180152893,1.0
-0.2718918025493622,0.5010201930999756,-0.10422882437705994,1.0
-0.5178351402282715,0.25622856616973877,-0.49064311385154724,1.0
-0.9090536832809448,0.04850137233734131,-0.28272727131843567,0.0
0.23646920919418335,0.24578189849853516,0.28468048572540283,0.0
-0.5160380601882935,0.4587889611721039,-0.3125673532485962,1.0
-0.4955630302429199,0.39799240231513977,-0.27934983372688293,0.0
-0.17528724670410156,-0.06519055366516113,-0.045323923230171204,0.0
-0.13066916167736053,-0.028457283973693848,-0.21826303005218506,0.0
-0.4003622531890869,0.10473178327083588,-0.26404818892478943,0.0
-0.4436814785003662,0.48986467719078064,-0.23390384018421173,1.0
-0.3173840641975403,0.09611628949642181,-0.15486770868301392,0.0
-0.6658262014389038,0.28911519050598145,-0.18840913474559784,1.0
-0.06436148285865784,0.3035595715045929,-0.5343921184539795,1.0
-0.25415271520614624,0.22363343834877014,-0.029608145356178284,1.0
0.44584977626800537,-0.8696860074996948,-0.34292298555374146,0.0
-0.3106921911239624,0.45647263526916504,-0.02950061857700348,0.0
-0.1278700977563858,0.7601199150085449,-0.15971660614013672,0.0
-0.3837570548057556,0.5133300423622131,-0.06353947520256042,0.0
-0.27861517667770386,0.49557608366012573,-0.0337834358215332,0.0
-0.5640878081321716,0.12385992705821991,0.09549033641815186,1.0
-0.3920831084251404,0.2229638695716858,-0.22142235934734344,0.0
-0.45857125520706177,0.4196951687335968,-0.1739984154701233,1.0
-0.44984370470046997,0.01801815629005432,0.06299340724945068,0.0
0.2930077314376831,-0.09797659516334534,-0.39599907398223877,0.0
-0.48315665125846863,0.32773542404174805,-0.23604655265808105,1.0
-0.042339473962783813,0.72233647108078,-0.21753449738025665,1.0
-0.8383257389068604,0.11297436058521271,-0.41867947578430176,1.0
-0.6183264255523682,0.4527599811553955,-0.37764889001846313,0.0
-0.19942384958267212,0.7330824732780457,-0.08694261312484741,1.0
-0.06374600529670715,0.6638361215591431,-0.27097296714782715,0.0
-0.30045029520988464,0.617079496383667,-0.2736051082611084,1.0
-0.7204030752182007,0.20503611862659454,-0.10189850628376007,0.0
-0.6927587389945984,0.16694998741149902,-0.19564589858055115,0.0
-0.6998181343078613,0.09380899369716644,-0.13952499628067017,0.0
-0.6410385370254517,0.28404930233955383,-0.3974332809448242,1.0
-0.6406263113021851,0.1521162986755371,-0.19648686051368713,1.0
0.17971551418304443,0.17585772275924683,-0.6439487934112549,0.0
-0.5052490830421448,0.28330206871032715,-0.1176668256521225,0.0
-0.6626263856887817,0.18005412817001343,-0.11278475821018219,0.0
0.046190351247787476,0.6059208512306213,-0.4405503273010254,1.0
-0.27611640095710754,0.5115553140640259,-0.14194855093955994,0.0
0.22703063488006592,0.7955780029296875,-0.291896790266037,1.0
-0.8358322381973267,0.11434641480445862,-0.13374224305152893,1.0
-0.14187683165073395,0.4326561689376831,-0.37190359830856323,1.0
-0.8249270915985107,0.1517006754875183,-0.34030795097351074,1.0
-0.3671456575393677,0.5349128246307373,-0.30169495940208435,1.0
-0.1364574134349823,0.46498972177505493,-0.5200368165969849,1.0
-0.4233928620815277,0.3232097923755646,-0.22595541179180145,1.0
-0.6415464878082275,0.39070719480514526,-0.4139143228530884,0.0
-0.8570148944854736,0.20238056778907776,-0.4808613657951355,1.0
-0.412527859210968,0.4048749804496765,0.027498960494995117,0.0
0.04678446054458618,0.5820791721343994,-0.10873541235923767,0.0
-0.8057893514633179,0.12077324092388153,-0.3156067430973053,1.0
-0.6780126094818115,0.29738354682922363,-0.4255062937736511,0.0
-0.5235433578491211,0.4497300386428833,-0.2866448760032654,1.0
0.1912432312965393,-0.29208487272262573,-0.16437743604183197,0.0
-0.15672916173934937,0.23272040486335754,-0.5469655990600586,1.0
-0.6704391837120056,0.26360413432121277,-0.22709530591964722,1.0
0.21593469381332397,0.51116544008255,-0.581859827041626,0.0
-0.6740540862083435,0.2827164828777313,-0.34435418248176575,1.0
-0.47749119997024536,0.36507681012153625,-0.2782105505466461,1.0
-0.43841052055358887,0.4767897427082062,-0.20503760874271393,0.0
-0.6538224816322327,0.10268190503120422,0.014158129692077637,0.0
-0.0811663269996643,0.8103491067886353,-0.15935879945755005,1.0
-0.7004075646400452,0.20371752977371216,-0.3588182032108307,0.0
-0.22980232536792755,0.28076308965682983,-0.6887634992599487,1.0
-0.9307513236999512,0.1123248040676117,-0.25951600074768066,1.0
-0.661048948764801,0.35648444294929504,-0.30039507150650024,0.0
0.040584832429885864,0.5212986469268799,-0.2514835298061371,0.0
-0.3661321997642517,0.29508960247039795,-0.639696478843689,1.0
-0.4754662811756134,0.3977929353713989,-0.19819040596485138,1.0
-0.0034373700618743896,0.7200588583946228,-0.4364601969718933,1.0
-0.2462358921766281,0.03293883800506592,-0.23785825073719025,0.0
-0.2361203134059906,0.43660905957221985,0.024178296327590942,0.0
0.5105153918266296,-0.3107506036758423,0.04128482937812805,0.0
-0.3566589951515198,0.5008783936500549,-0.33569884300231934,0.0
-0.10075622797012329,0.6848795413970947,-0.17576558887958527,0.0
-0.2812972664833069,0.08007420599460602,-0.36230355501174927,1.0
0.09338098764419556,0.09874890744686127,-0.20345862209796906,0.0
-0.5155044794082642,0.29558640718460083,-0.2898341715335846,0.0
-0.17482468485832214,0.3360286355018616,-0.4434819221496582,1.0
-0.40868115425109863,0.4732230305671692,-0.25277066230773926,1.0
0.015454113483428955,0.27411556243896484,-0.2592412531375885,0.0
0.541849672794342,-0.13562539219856262,-0.7735773921012878,0.0
0.052786290645599365,0.11086076498031616,-0.0500512570142746,0.0
-0.3564092218875885,0.38607388734817505,0.03570184111595154,0.0
-0.33944961428642273,0.24086761474609375,-0.6363418102264404,1.0
-0.3745523691177368,0.43637967109680176,-0.02677258849143982,1.0
0.2050241231918335,0.3350241780281067,-0.7451145648956299,0.0
-0.22478823363780975,0.4558700919151306,-0.43521615862846375,0.0
-0.4929806590080261,0.3780088424682617,-0.26861336827278137,1.0
-0.7131919264793396,0.07384896278381348,-0.12578265368938446,0.0
0.0777772068977356,0.4688504934310913,-0.401156485080719,0.0
-0.17522192001342773,0.49906474351882935,-0.35100728273391724,1.0
-0.5335681438446045,0.4061242341995239,-0.22520700097084045,1.0
-0.5848780274391174,0.2732923626899719,-0.11732438206672668,1.0
-0.38506677746772766,0.4909317195415497,-0.007243841886520386,0.0
-0.3848991394042969,0.5388588309288025,-0.29051750898361206,1.0
-0.3566134572029114,0.3680829405784607,-0.04488517343997955,1.0
-0.13578832149505615,0.31649863719940186,-0.2326873540878296,0.0
-0.7529493570327759,0.3049992620944977,-0.2911263108253479,0.0
-0.2916657030582428,0.4095378518104553,-0.2894550859928131,1.0
-0.4566822350025177,0.4329206347465515,-0.4195215702056885,0.0
-0.3379053771495819,0.5590680837631226,-0.3363361358642578,1.0
-0.23807421326637268,0.4233490228652954,-0.25336411595344543,0.0
-0.43598365783691406,0.4845272898674011,-0.3704318404197693,1.0
-0.23166261613368988,0.7227836847305298,0.038550496101379395,0.0
-0.06742164492607117,0.673346996307373,-0.3757140636444092,1.0
-0.7615368366241455,0.05083197355270386,-0.13359710574150085,0.0
-0.3659108877182007,0.4134534001350403,-0.24162834882736206,0.0
0.2629138231277466,-0.08234548568725586,0.37061482667922974,0.0
-0.1554989069700241,0.28131070733070374,-0.5900982618331909,0.0
-0.260432630777359,0.6012831330299377,-0.28785258531570435,1.0
-0.5882650017738342,0.09129811823368073,-0.25805768370628357,0.0
-0.8705934882164001,0.2099490761756897,-0.4884357452392578,0.0
-0.11192406713962555,0.6099628806114197,-0.5608210563659668,1.0
-0.0016676783561706543,0.431207537651062,0.01177912950515747,0.0
-0.3307057023048401,0.4488070011138916,-0.27860701084136963,1.0
-0.5918278694152832,0.463497132062912,-0.4376377761363983,0.0
-0.35075217485427856,0.29830020666122437,-0.5641114711761475,1.0
-0.7972018718719482,0.3355103135108948,-0.34085217118263245,0.0
-0.14763176441192627,0.20343460142612457,-0.4283524453639984,0.0
-0.8147280812263489,0.16732549667358398,-0.3221340775489807,0.0
-0.35505470633506775,0.5923046469688416,-0.20352670550346375,1.0
0.02712950110435486,0.2512206435203552,-0.15828678011894226,0.0
-0.4202655851840973,0.2969491183757782,-0.30867472290992737,0.0
-0.635696530342102,0.1415027379989624,-0.10809394717216492,1.0
-0.22186286747455597,0.6359168291091919,-0.2624538540840149,1.0
-0.5649321675300598,0.34624814987182617,-0.41394713521003723,0.0
-0.832656741142273,0.25713664293289185,-0.26254647970199585,0.0
-0.38353461027145386,0.37481689453125,-0.3196331560611725,1.0
-0.5839120745658875,0.4662487804889679,-0.33682385087013245,1.0
-0.42030036449432373,0.33566850423812866,-0.49641865491867065,1.0
-0.1458282619714737,0.5802325010299683,-0.5105409622192383,1.0
-0.23548200726509094,0.7013539671897888,-0.1744728833436966,1.0
-0.895440399646759,0.16812896728515625,-0.2928578853607178,0.0
-0.6131702065467834,0.0799502432346344,-0.007643610239028931,1.0
-0.4127086400985718,0.36254486441612244,-0.079743891954422,0.0
-0.7037243843078613,0.215537890791893,-0.23467111587524414,1.0
-0.2951805591583252,0.6673115491867065,-0.23842404782772064,1.0
-0.7565193176269531,0.08968755602836609,-0.3710678815841675,0.0
-0.2644529640674591,0.6594787836074829,-0.2478996068239212,1.0
-0.7104241847991943,0.38958680629730225,-0.42507871985435486,0.0
-0.8664147257804871,-0.04409584403038025,-0.09583771228790283,1.0
-0.7047454714775085,0.2733954191207886,-0.34717297554016113,1.0
-0.7778136730194092,-0.0024114251136779785,-0.26554298400878906,0.0
-0.6208482980728149,0.42153412103652954,-0.3363311290740967,1.0
-0.4097483158111572,0.25512024760246277,0.08469632267951965,1.0
0.01961567997932434,0.4131115972995758,-0.5624845623970032,0.0
-0.7929967641830444,0.24753409624099731,-0.2676250636577606,0.0
-0.3401332497596741,0.5547778010368347,-0.3248923718929291,1.0
0.014510869979858398,0.15545760095119476,-0.4067295491695404,0.0
-0.18879744410514832,0.6829876899719238,-0.2996882200241089,1.0
-0.3021778166294098,0.6111011505126953,-0.3873712718486786,1.0
-0.5764767527580261,0.43007951974868774,-0.35865435004234314,0.0
-0.6423087120056152,0.2772351801395416,-0.48568451404571533,1.0
0.6081496477127075,-0.8410502672195435,-0.7390173673629761,0.0
-0.5607216954231262,0.39591899514198303,-0.176772803068161,1.0
-0.23785418272018433,0.5931227803230286,-0.20095810294151306,1.0
-0.20677129924297333,0.4064169228076935,-0.3578713536262512,0.0
-0.8082016706466675,0.17652682960033417,-0.3803192675113678,0.0
-0.3788815438747406,0.47774606943130493,-0.2281203269958496,1.0
-0.6920965313911438,0.28692781925201416,-0.3576458692550659,1.0
0.050245851278305054,0.06791627407073975,0.16484031081199646,0.0
-0.26717060804367065,0.32874739170074463,-0.3956786096096039,0.0
-0.006545841693878174,-0.09236550331115723,-0.6456131935119629,0.0
-0.4427694082260132,0.44947531819343567,-0.17508471012115479,1.0
-0.36960962414741516,0.5693028569221497,-0.30844512581825256,1.0
-0.4638019800186157,0.2919272482395172,-0.23534707725048065,0.0
-0.44350823760032654,0.46254006028175354,-0.30041176080703735,1.0
-0.7510620355606079,-0.04596516489982605,-0.13610407710075378,0.0
-0.5064221620559692,0.21402093768119812,-0.24448156356811523,0.0
-0.4685262441635132,0.28941550850868225,-0.1462603509426117,0.0
-0.074430912733078,0.49303942918777466,-0.2769312858581543,1.0
-0.4959999620914459,0.18972159922122955,-0.0792551338672638,1.0
-0.32404348254203796,0.1645108461380005,-0.13167354464530945,0.0
-0.577559769153595,0.22132202982902527,-0.06261886656284332,0.0
-0.48330801725387573,0.5518168807029724,-0.27189934253692627,0.0
-0.3818672299385071,0.5139464139938354,-0.4210911989212036,1.0
-0.475236713886261,0.4630624055862427,-0.30867427587509155,0.0
-0.1067538857460022,-0.11899825930595398,-0.3021578788757324,0.0
-0.6027218103408813,0.297525554895401,-0.15084081888198853,0.0
0.19964146614074707,-0.10337936878204346,-0.1434161365032196,0.0
-0.524341881275177,0.4040760397911072,-0.2690353989601135,1.0
-0.429715096950531,0.5090422630310059,-0.3084467649459839,1.0
-0.4282759428024292,0.5095878839492798,-0.2534531354904175,1.0
-0.834105372428894,0.17970725893974304,-0.32182449102401733,0.0
-0.6948113441467285,0.18462704122066498,-0.23486801981925964,0.0
-0.5681374073028564,0.4085572063922882,-0.3260004222393036,1.0
-0.47922196984291077,0.33883148431777954,-0.13205114006996155,1.0
-0.29249435663223267,0.44024330377578735,-0.34869837760925293,1.0
-0.4123731851577759,0.3272605836391449,-0.3173438012599945,1.0
-0.10225284099578857,0.5747634172439575,-0.38767701387405396,0.0
-0.37714606523513794,0.5274518132209778,-0.2500969469547272,0.0
-0.5980369448661804,0.14238998293876648,0.023325711488723755,0.0
-0.7736936807632446,0.2932223975658417,-0.4130130410194397,0.0
-0.14287513494491577,0.3462042808532715,-0.24791491031646729,0.0
-0.08094197511672974,0.620634913444519,0.11586117744445801,0.0
-0.40045613050460815,0.5365588665008545,-0.18056301772594452,1.0
-0.7059322595596313,0.3239547312259674,-0.3896028995513916,1.0
-0.7581181526184082,0.3941101133823395,-0.3246564567089081,0.0
-0.11925911903381348,0.7670493125915527,-0.21704652905464172,0.0
-0.14441066980361938,0.5990791320800781,-0.4500184655189514,1.0
-0.842484712600708,0.03405377268791199,-0.14282871782779694,1.0
-0.10874634981155396,0.6706994771957397,-0.39703142642974854,1.0
-0.5703293681144714,0.3631376624107361,-0.2437279373407364,1.0
-0.6659846305847168,0.3804391026496887,-0.3834284842014313,1.0
-0.13863614201545715,0.2532609701156616,-0.07769477367401123,0.0
0.341758668422699,0.10405859351158142,-0.40464186668395996,0.0
-0.41669464111328125,0.4712693393230438,-0.19701386988162994,0.0
-0.5043432712554932,0.479949414730072,-0.22971655428409576,1.0
-0.24405203759670258,0.24141663312911987,-0.21689213812351227,0.0
-0.5145758986473083,0.33789631724357605,-0.08655945956707001,0.0
-0.46626248955726624,0.4178308844566345,-0.412273645401001,1.0
-0.11202798783779144,0.4302756190299988,-0.32826223969459534,1.0
-0.37569817900657654,0.33956924080848694,0.024028897285461426,0.0
-0.4021838903427124,0.1544630378484726,-0.007696777582168579,0.0
-0.4094058871269226,0.3220832645893097,0.08877986669540405,1.0
-0.03645804524421692,0.5021106600761414,-0.33923548460006714,1.0
0.31250250339508057,0.17025403678417206,-0.32139840722084045,0.0
-0.4457579553127289,0.1789627969264984,-0.016656771302223206,0.0
-0.8817554116249084,0.04740375280380249,-0.23204293847084045,0.0
-0.16091836988925934,0.5543098449707031,-0.2081587016582489,1.0
-0.4911929965019226,0.49987006187438965,-0.32885825634002686,0.0
-0.6121338605880737,0.14663997292518616,-0.16428983211517334,1.0
-0.21898624300956726,0.08081516623497009,0.0066633522510528564,0.0
-0.4221453368663788,-0.023203045129776,-0.1290058046579361,0.0
-0.062224626541137695,0.5278556942939758,-0.37427300214767456,0.0
-0.750379204750061,0.09058409929275513,-0.002323061227798462,0.0
0.2775842547416687,0.004201710224151611,-0.4717710018157959,0.0
-0.5619117617607117,0.2336537390947342,-0.19870546460151672,0.0
0.3375474810600281,0.2802061140537262,0.48490798473358154,0.0
-0.8630732297897339,0.2261519730091095,-0.5241347551345825,1.0
0.10182061791419983,0.026713013648986816,-0.13029775023460388,0.0
-0.38440561294555664,0.22962483763694763,-0.07574306428432465,0.0
-0.054872334003448486,0.22901690006256104,0.059444308280944824,0.0
-0.8164527416229248,0.2090829312801361,-0.37121081352233887,1.0
0.3068777918815613,-0.4008856415748596,-0.22225448489189148,0.0
-0.5661706328392029,0.3361709415912628,-0.27239370346069336,1.0
-0.4589207172393799,0.2764679789543152,-0.23843561112880707,1.0
-0.765743613243103,0.09732729196548462,-0.21111349761486053,1.0
-0.42623281478881836,0.29506048560142517,-0.08482660353183746,0.0
-0.4955182671546936,0.3421190679073334,-0.1855877935886383,1.0
-0.041937410831451416,0.7709516286849976,-0.14190824329853058,0.0
-0.6734234094619751,0.32502317428588867,-0.18549947440624237,0.0
-0.3871568739414215,0.32224470376968384,-0.20148372650146484,0.0
-0.24125389754772186,0.6806608438491821,-0.24822016060352325,1.0
-0.1729157716035843,0.2563975155353546,-0.10665269196033478,0.0
1.0,-0.5201812982559204,0.8282510042190552,0.0
-0.7574930191040039,0.34887081384658813,-0.39594846963882446,1.0
-0.2973443865776062,0.42088571190834045,-0.43550097942352295,1.0
-0.13536551594734192,0.5346753001213074,-0.41558268666267395,0.0
-0.9007443189620972,0.10636653006076813,-0.3288591504096985,1.0
0.38573992252349854,0.8937202095985413,-0.11072331666946411,1.0
-0.4028775095939636,0.4413986802101135,-0.27948158979415894,1.0
-0.43557947874069214,0.44038957357406616,-0.42782384157180786,1.0
-0.4167237877845764,0.6001425981521606,-0.36049774289131165,0.0
-0.5678008198738098,0.27309244871139526,-0.3404912054538727,0.0
-0.6938410997390747,0.4106677174568176,-0.26869356632232666,0.0
-0.5256479978561401,0.2234022319316864,-0.1861388385295868,0.0
-0.46874162554740906,0.5104546546936035,-0.23751631379127502,0.0
-0.42884910106658936,0.4319344758987427,-0.26948243379592896,0.0
-0.8616657257080078,0.1864311397075653,-0.4082188010215759,1.0
-0.5008543729782104,0.37274718284606934,-0.20277747511863708,1.0
-0.361201673746109,0.4127184748649597,-0.5240952968597412,1.0
-0.47174912691116333,0.1208747923374176,-0.11544579267501831,0.0
-0.655214250087738,0.1640784591436386,-0.21876192092895508,1.0
-0.9186007380485535,-0.05396604537963867,-0.015146583318710327,0.0
-0.557560920715332,0.4348514676094055,-0.3465571403503418,0.0
-0.1286534070968628,0.64447021484375,-0.19396372139453888,1.0
-0.8198110461235046,-0.004902094602584839,-0.19809171557426453,0.0
-0.5479030609130859,0.47124600410461426,-0.4283398985862732,1.0
-0.34266045689582825,0.3413219749927521,-0.30174776911735535,1.0
-0.3169686198234558,0.5028464794158936,-0.10953661799430847,1.0
-0.3312647342681885,0.4463483691215515,-0.1611899435520172,1.0
-0.4712104797363281,0.4638790488243103,-0.19617412984371185,0.0
0.4706215262413025,-0.4711766839027405,0.10072624683380127,0.0
-0.893365740776062,0.059872061014175415,-0.09469597041606903,1.0
0.1664752960205078,0.1846621036529541,-0.21006330847740173,0.0
-0.44140711426734924,0.5147161483764648,-0.17000079154968262,0.0
-0.40764617919921875,0.657974362373352,-0.21284130215644836,1.0
-0.5536007881164551,0.37592583894729614,-0.49141159653663635,0.0
-0.8736704587936401,0.1735522449016571,-0.4276248812675476,1.0
-0.769931972026825,0.11468659341335297,-0.2891540825366974,1.0
-0.7313652038574219,0.24813464283943176,-0.2833547294139862,0.0
-0.37077367305755615,0.5416542291641235,-0.24318359792232513,0.0
-0.25912216305732727,0.3849491477012634,-0.5039322376251221,1.0
0.45508867502212524,-0.04473266005516052,-0.38091593980789185,0.0
-0.03021913766860962,0.22796063125133514,-0.07647401094436646,0.0
-0.233161062002182,0.6365165710449219,-0.1978493332862854,1.0
-0.5994236469268799,0.08517023921012878,-0.039530739188194275,1.0
-0.4718201756477356,0.3111232817173004,-0.3176993727684021,1.0
-0.09029975533485413,0.008850425481796265,-0.10706715285778046,0.0
-0.37068527936935425,0.00042575597763061523,-0.4107297956943512,0.0
-0.2557702362537384,0.6479531526565552,-0.3265487253665924,1.0
-0.28230297565460205,0.6221944093704224,-0.21300780773162842,1.0
-0.6363420486450195,0.3143084645271301,-0.265685111284256,1.0
-0.3188002109527588,0.6465730667114258,-0.346323162317276,1.0
-0.2835153341293335,0.5314000248908997,-0.10756435990333557,1.0
0.393684983253479,-0.527285635471344,-0.7126674652099609,0.0
-0.36631107330322266,0.45058441162109375,-0.13603851199150085,0.0
-0.3710769712924957,0.34724682569503784,-0.3474300801753998,1.0
-0.6515274047851562,0.2695402503013611,-0.3812059164047241,0.0
-0.7752188444137573,0.16373811662197113,-0.14509882032871246,0.0
-0.6063494682312012,-0.02649673819541931,-0.15617236495018005,0.0
-0.5126408338546753,0.46381688117980957,-0.427961140871048,1.0
-0.49342870712280273,0.5112103819847107,-0.14897891879081726,1.0
-0.4898177981376648,0.35031065344810486,-0.1366673707962036,0.0
0.04417380690574646,0.5084109306335449,-0.1753900945186615,0.0
-0.7154731750488281,0.17106615006923676,-0.22662949562072754,1.0
0.15246611833572388,-0.09242397546768188,0.0038023293018341064,0.0
-0.2686496078968048,0.48189830780029297,-0.116681307554245,0.0
-0.3671022057533264,0.5142080187797546,-0.2570491433143616,0.0
-0.2247381955385208,0.6551868319511414,-0.24864910542964935,1.0
-0.02463480830192566,0.8810144662857056,-0.28555136919021606,1.0
-0.14530473947525024,0.037638068199157715,0.006814152002334595,0.0
-0.29350152611732483,0.530623197555542,-0.273884654045105,1.0
0.5145949125289917,-0.09150227904319763,-0.8442256450653076,0.0
-0.303286612033844,0.45884203910827637,-0.5095325708389282,1.0
-0.1391419768333435,0.24114581942558289,-0.5174128413200378,1.0
-0.16890330612659454,0.22719046473503113,-0.2533213198184967,0.0
-0.026121318340301514,0.31799814105033875,-0.3229784667491913,0.0
0.5202696323394775,-0.16974034905433655,-0.14543959498405457,0.0
-0.11432807147502899,0.26982590556144714,-0.4877344071865082,0.0
-0.5880982279777527,0.35406047105789185,-0.22348998486995697,1.0
-0.09436237812042236,0.482041597366333,-0.1211598813533783,1.0
-0.859844446182251,0.010946720838546753,-0.18053174018859863,1.0
-0.43460503220558167,0.39064621925354004,-0.22605745494365692,1.0
-0.7207968235015869,0.10977689921855927,-0.1679186224937439,0.0
0.32479798793792725,0.0682869553565979,0.022438734769821167,0.0
-0.3558424413204193,0.16397547721862793,-0.5324422121047974,1.0
-0.5609066486358643,0.39286157488822937,-0.15037024021148682,1.0
-0.14907465875148773,0.6722594499588013,-0.3201135993003845,1.0
0.6575407981872559,-0.508490800857544,-0.8537005186080933,0.0
0.2973257303237915,0.584850549697876,-0.23052528500556946,1.0
-0.35479918122291565,0.1488136649131775,-0.2683756351470947,0.0
0.8328003883361816,-0.9481377601623535,-0.1407216340303421,0.0
-0.7791042327880859,0.24989283084869385,-0.4555426836013794,0.0
-0.8365044593811035,0.055533260107040405,-0.17858892679214478,1.0
-0.42220041155815125,0.46593308448791504,-0.22683241963386536,1.0
-0.9067938923835754,0.036273419857025146,-0.2779291272163391,0.0
-0.6906578540802002,0.11340548098087311,-0.30735865235328674,1.0
-0.3648804724216461,0.6379071474075317,-0.2916865646839142,1.0
-0.2110925018787384,0.8104617595672607,-0.1465267539024353,0.0
0.06980159878730774,0.6715400815010071,0.45667463541030884,0.0
-0.044090449810028076,0.16175146400928497,-0.18829670548439026,0.0
-0.6120189428329468,0.18511135876178741,-0.25361835956573486,1.0
-0.3969265818595886,0.5271481275558472,-0.20241978764533997,1.0
0.09420180320739746,0.8193568587303162,-0.1777903288602829,1.0
0.2141854166984558,0.8312034010887146,-0.3229336440563202,1.0
-0.0745101273059845,0.10075871646404266,-0.09885187447071075,0.0
-0.4799031615257263,0.2740015685558319,-0.19056636095046997,1.0
-0.608567476272583,0.27264922857284546,-0.18551288545131683,0.0
-0.2782813608646393,0.30607786774635315,-0.007507234811782837,0.0
-0.26421186327934265,0.5000873804092407,-0.4119873642921448,1.0
0.6627172231674194,-0.4479243755340576,-0.09265893697738647,0.0
-0.4718247056007385,0.5218219757080078,-0.26741212606430054,1.0
-0.24819524586200714,0.6870123147964478,-0.18793633580207825,1.0
-0.4442164897918701,0.4318394362926483,-0.16409286856651306,1.0
-0.4112398624420166,0.38920697569847107,-0.31476327776908875,0.0
-0.6555173397064209,0.29652321338653564,-0.21119020879268646,1.0
0.03835415840148926,0.22590816020965576,-0.012675359845161438,0.0
-0.6210517883300781,0.15991456806659698,-0.04686252772808075,0.0
-0.14903771877288818,0.42351335287094116,-0.5543633103370667,1.0
-0.5945076942443848,0.4237208664417267,-0.26679056882858276,0.0
-0.7608274817466736,0.2162484973669052,-0.3430376648902893,1.0
0.37600940465927124,-0.09498864412307739,-0.1354685127735138,0.0
-0.30553221702575684,0.48697084188461304,-0.16363933682441711,1.0
-0.1621721386909485,0.45369669795036316,-0.46552136540412903,0.0
-0.31595638394355774,0.5159750580787659,-0.19102798402309418,1.0
-0.4890674352645874,0.46494922041893005,-0.34482908248901367,1.0
-0.31898561120033264,0.409880131483078,-0.29927536845207214,1.0
0.5082767605781555,-0.5830039381980896,-0.4494171738624573,0.0
-0.10735636949539185,0.7313920855522156,-0.19251026213169098,1.0
-0.7848539352416992,0.20519345998764038,-0.463467538356781,1.0
-0.1028357446193695,0.18118460476398468,0.07228055596351624,0.0
-0.5565714240074158,0.4348701238632202,-0.3569706976413727,0.0
0.15209758281707764,0.2655346691608429,-0.4270407557487488,1.0
-0.42402350902557373,0.5214138031005859,-0.22890694439411163,1.0
-0.6027841567993164,0.24892377853393555,-0.1946699321269989,0.0
-0.026724249124526978,0.6020878553390503,-0.3358691930770874,1.0
-0.6121199131011963,0.4090222120285034,-0.36324161291122437,0.0
-0.8232762813568115,0.15411238372325897,-0.49077433347702026,0.0
-0.288332462310791,0.41191166639328003,-0.3756558895111084,1.0
0.079580157995224,0.8479472994804382,-0.0011319220066070557,1.0
-0.8049530982971191,0.2955615520477295,-0.36351731419563293,1.0
-0.17582955956459045,-0.23927104473114014,-0.26202091574668884,0.0
0.14154142141342163,0.5235433578491211,-0.21369032561779022,1.0
0.15899527072906494,0.2821810841560364,-0.4822012186050415,1.0
-0.6177146434783936,0.2297934591770172,-0.2589017450809479,1.0
0.32608288526535034,-0.16511526703834534,-0.6923781633377075,0.0
-0.43370574712753296,0.25729799270629883,-0.4046092927455902,1.0
-0.4262586832046509,0.5061705112457275,-0.2586311399936676,1.0
0.04172363877296448,0.5220580697059631,-0.08610519766807556,0.0
-0.28387653827667236,0.4195958971977234,-0.08187130093574524,1.0
-0.02291068434715271,0.8810434341430664,-0.06833888590335846,1.0
-0.9261561036109924,0.1399301439523697,-0.45099520683288574,1.0
-0.3186626136302948,0.7123740315437317,-0.3773985803127289,1.0
-0.22360262274742126,0.6796556711196899,-0.2337617427110672,0.0
-0.48277416825294495,0.5268652439117432,-0.2696942090988159,1.0
-0.7889462113380432,0.27167049050331116,-0.43236249685287476,0.0
-0.7810271978378296,0.15753601491451263,-0.07051712274551392,0.0
-0.8821489214897156,0.17733924090862274,-0.3695816993713379,0.0
-0.8153392672538757,0.26038500666618347,-0.36863431334495544,1.0
-0.38974231481552124,0.4511858820915222,-0.3084464967250824,0.0
-0.5137102603912354,0.30718088150024414,0.05295145511627197,0.0
-0.5702354907989502,0.3043477237224579,-0.3424278497695923,1.0
-0.6610370874404907,0.27988508343696594,-0.4552077054977417,1.0
-0.4835842549800873,0.4334754943847656,-0.1841939091682434,0.0
-0.37431731820106506,0.3357113301753998,-0.2939792275428772,0.0
0.3638535737991333,-0.1911279559135437,-0.203582763671875,0.0
-0.6292816400527954,0.470476359128952,-0.48076775670051575,0.0
-0.4910969138145447,0.3194730281829834,-0.3300821781158447,1.0
-0.43939295411109924,0.4632560610771179,-0.21271169185638428,1.0
-0.5793355703353882,0.3095141649246216,-0.2766752541065216,0.0
-0.6100284457206726,0.2952442765235901,0.015842914581298828,1.0
-0.0665900707244873,0.7052960395812988,-0.023690015077590942,1.0
-0.4673318862915039,0.33924055099487305,-0.17109879851341248,1.0
-0.4202168583869934,0.43505704402923584,-0.13992483913898468,1.0
-0.39914992451667786,0.5397180318832397,-0.27989280223846436,1.0
-0.6533166170120239,0.2010759562253952,-0.20259855687618256,1.0
-0.03642714023590088,0.5330744981765747,-0.3863445818424225,1.0
-0.6748781204223633,0.20706161856651306,-0.43515878915786743,1.0
-0.17920120060443878,0.45081931352615356,-0.48937880992889404,1.0
-0.5082263946533203,0.40603217482566833,-0.2454773634672165,1.0
0.06115388870239258,0.40507060289382935,-0.4221484363079071,0.0
-0.9567137956619263,0.11240720748901367,-0.268197238445282,0.0
-0.8566438555717468,0.008234411478042603,-0.17937420308589935,1.0
-0.5400803685188293,0.27913641929626465,-0.08119659125804901,1.0
0.2916295528411865,0.6688626408576965,-0.2317885458469391,1.0
-0.5099611282348633,0.22549137473106384,-0.022546619176864624,1.0
-0.575560450553894,0.42692410945892334,-0.3018638491630554,1.0
-0.11791229248046875,0.1435057371854782,-0.49879106879234314,0.0
-0.695299506187439,0.32642385363578796,-0.3178772032260895,1.0
0.844832181930542,-0.4812803268432617,-0.7677292227745056,0.0
-0.3245165944099426,0.46629470586776733,0.026051849126815796,0.0
-0.2983540892601013,0.5254444479942322,-0.30642879009246826,1.0
-0.20936518907546997,0.6144317388534546,-0.18120238184928894,1.0
-0.4490395486354828,0.028893232345581055,-0.17391851544380188,0.0
-0.5902676582336426,0.3468891680240631,-0.22592000663280487,0.0
-0.804125189781189,-0.019608229398727417,-0.29869377613067627,1.0
-0.3199191391468048,0.6062387824058533,-0.2399115413427353,1.0
-0.5789823532104492,0.25386500358581543,-0.39793649315834045,0.0
-0.27715256810188293,0.39299678802490234,-0.17848268151283264,1.0
-0.6248582601547241,0.4493180811405182,-0.34335416555404663,0.0
-0.15428029000759125,0.6375028491020203,-0.26560598611831665,1.0
0.12008672952651978,-0.4876573085784912,0.028219610452651978,0.0
-0.4949986934661865,0.4090915620326996,-0.39431512355804443,1.0
-0.2871803343296051,0.351520836353302,-0.5634505748748779,1.0
-0.06081634759902954,0.6203302145004272,-0.3875984847545624,1.0
-0.27946025133132935,0.3435177206993103,-0.09807254374027252,0.0
0.12444549798965454,0.6491367220878601,-0.4820953607559204,1.0
-0.6237001419067383,0.4112943410873413,-0.32223576307296753,1.0
-0.08075442910194397,0.19726969301700592,-0.42686140537261963,0.0
-0.4482097029685974,0.35725322365760803,-0.44865986704826355,1.0
-0.5109989643096924,0.4587971568107605,-0.21633081138134003,1.0
-0.4462645351886749,0.47194331884384155,-0.1792639195919037,0.0
-0.6796905994415283,0.4324704110622406,-0.403761088848114,0.0
-0.6919796466827393,0.10872949659824371,-0.16917622089385986,1.0
-0.39929890632629395,0.6060502529144287,-0.17242088913917542,0.0
-0.7594109773635864,0.14663547277450562,-0.25744354724884033,0.0
-0.788321852684021,0.08322702348232269,-0.21903857588768005,0.0
-0.24592551589012146,0.2119283378124237,-0.5386532545089722,0.0
-0.607964038848877,0.3143121898174286,-0.2922177314758301,0.0
-0.5411310195922852,0.4220803678035736,-0.1761685013771057,1.0
-0.5776636004447937,0.17079594731330872,-0.15654389560222626,0.0
-0.6182944178581238,0.2711601257324219,-0.18147844076156616,0.0
-0.5113964080810547,0.3323497772216797,-0.12512829899787903,0.0
-0.2776959240436554,0.6412137150764465,-0.2215348482131958,1.0
-0.6124750971794128,0.4270644783973694,-0.31651946902275085,0.0
-0.12769931554794312,0.7541643381118774,-0.37257274985313416,1.0
-0.2628156542778015,0.5652947425842285,-0.23115359246730804,1.0
-0.2972981631755829,0.3900478482246399,-0.39860957860946655,1.0
-0.813296914100647,0.2167840600013733,-0.24672266840934753,1.0
-0.5044370889663696,0.3249967694282532,-0.23716764152050018,0.0
-0.8691626787185669,0.043998122215270996,-0.3377952575683594,1.0
-0.7631776332855225,0.2436848133802414,-0.28850477933883667,0.0
-0.30751171708106995,0.6517211198806763,-0.35411834716796875,1.0
-0.20035463571548462,0.39474600553512573,-0.14760228991508484,0.0
-0.21427714824676514,0.6542676687240601,-0.2708805203437805,1.0
-0.6614139676094055,0.12018091976642609,-0.06826001405715942,1.0
-0.04263955354690552,0.188143789768219,-0.2809115946292877,0.0
-0.8007888197898865,0.20069938898086548,-0.37680062651634216,1.0
-0.1290087252855301,0.6776151657104492,-0.059089988470077515,1.0
-0.7544060349464417,0.3279651701450348,-0.4104427099227905,1.0
-0.4582139253616333,0.4657336473464966,-0.3296823799610138,1.0
-0.6363391876220703,0.19087231159210205,-0.2087593972682953,0.0
-0.8767409324645996,0.0880933552980423,-0.36199313402175903,1.0
-0.2896507978439331,0.6523071527481079,-0.20106448233127594,0.0
-0.9373608231544495,0.22774489223957062,-0.32280030846595764,0.0
-0.6142571568489075,0.4664152264595032,-0.2842358350753784,0.0
-0.23438072204589844,0.24756503105163574,-0.10444909334182739,0.0
-0.5874380469322205,0.13996468484401703,-0.15326672792434692,0.0
-0.4969715476036072,0.3501918911933899,-0.18967869877815247,0.0
-0.584507942199707,0.09803098440170288,-0.20192572474479675,0.0
-0.6751194000244141,0.3990952968597412,-0.45177802443504333,0.0
-0.16976217925548553,0.728211522102356,-0.23083819448947906,1.0
0.2808274030685425,0.5762737989425659,0.2609294652938843,0.0
-0.7370432615280151,0.15590590238571167,-0.23881199955940247,1.0
0.31508153676986694,0.4705269932746887,-0.6057310104370117,0.0
-0.19735077023506165,0.6745874881744385,-0.24388346076011658,1.0
-0.6501781940460205,0.4086191654205322,-0.5401738882064819,0.0
-0.5396317839622498,0.5127125978469849,-0.39317309856414795,0.0
-0.7167870998382568,0.2060161530971527,-0.19654481112957,1.0
-0.5718090534210205,0.4214287996292114,-0.2962079346179962,1.0
-0.8497689962387085,0.06562313437461853,-0.2859606444835663,0.0
0.21268105506896973,0.7643743753433228,-0.2432703971862793,1.0
-0.6816033124923706,0.3818178176879883,-0.42929595708847046,0.0
-0.5613516569137573,0.2712361514568329,-0.1524113565683365,0.0
-0.7304223775863647,0.21603494882583618,-0.11548930406570435,0.0
-0.667709469795227,0.29394862055778503,-0.38282445073127747,0.0
-0.47389915585517883,0.3372303545475006,-0.243825763463974,0.0
-0.0929364562034607,0.04323625564575195,-0.5259618759155273,0.0
-0.392669141292572,0.2654806971549988,-0.32376420497894287,0.0
0.18198788166046143,0.38202017545700073,-0.6102596521377563,1.0
0.8306535482406616,-1.0,0.08475026488304138,0.0
-0.6219916343688965,0.3568325936794281,-0.3710510730743408,1.0
-0.6330371499061584,0.3128322660923004,-0.338940292596817,1.0
-0.5591675639152527,0.1207851767539978,-0.028185442090034485,0.0
-0.4229207932949066,0.5786155462265015,-0.26437604427337646,0.0
-0.02978801727294922,0.8115097284317017,0.11858341097831726,0.0
-0.6009782552719116,0.2308199554681778,-0.3245903253555298,0.0
0.032223671674728394,0.012431055307388306,-0.5795486569404602,0.0
-0.6529777646064758,0.36269134283065796,-0.4602013826370239,0.0
-0.3005179166793823,0.5224170684814453,-0.28816723823547363,1.0
-0.4274471700191498,0.3771601915359497,-0.18066173791885376,1.0
-0.17068037390708923,0.6091944575309753,-0.39570677280426025,1.0
-0.5656118988990784,0.3051464855670929,-0.17877919971942902,1.0
-0.8418567180633545,0.0411686897277832,-0.34952569007873535,1.0
-0.4517761468887329,0.43000495433807373,-0.028581932187080383,0.0
-0.48859289288520813,0.36267492175102234,-0.22352634370326996,0.0
-0.8807828426361084,0.05886384844779968,-0.2980874180793762,1.0
-0.24239057302474976,0.009115010499954224,-0.19645226001739502,0.0
-0.5821769833564758,0.07059869170188904,-0.25537848472595215,1.0
-0.12194210290908813,0.47347939014434814,-0.403986394405365,0.0
-0.785561740398407,0.14969247579574585,-0.264428973197937,0.0
-0.6293407678604126,0.35894837975502014,-0.3621866703033447,1.0
-0.26608890295028687,0.5226113200187683,-0.25555333495140076,0.0
-0.6975180506706238,0.2218906581401825,-0.268210768699646,1.0
-0.22331105172634125,-0.17167747020721436,-0.35439935326576233,0.0
0.5547029376029968,-0.6058850288391113,-0.8494137525558472,0.0
-0.7750676870346069,0.05135342478752136,-0.18902508914470673,1.0
0.16990655660629272,0.5512514114379883,-0.3062444031238556,1.0
0.07482355833053589,0.07087534666061401,-0.33991262316703796,0.0
-0.32398295402526855,0.19180776178836823,-0.18840570747852325,0.0
-0.16605010628700256,0.7674474120140076,-0.27438849210739136,1.0
0.5067248940467834,-0.18967032432556152,0.1265392303466797,0.0
-0.36381062865257263,0.40693724155426025,-0.350722998380661,1.0
-0.42435628175735474,0.5792959928512573,-0.3202292323112488,1.0
0.07558375597000122,0.16036038100719452,0.1603786051273346,0.0
-0.7252265214920044,0.07901953160762787,-0.18333013355731964,1.0
-0.6596073508262634,0.21347030997276306,-0.2100609838962555,1.0
0.06902483105659485,0.0003676116466522217,-0.24057823419570923,0.0
-0.5562858581542969,0.4324187636375427,-0.28946664929389954,1.0
-0.25768133997917175,0.05230069160461426,0.040551602840423584,0.0
-0.3555268943309784,0.35394933819770813,-0.31856852769851685,1.0
0.1466665267944336,0.701347827911377,-0.38369977474212646,1.0
-0.050655514001846313,0.7539412975311279,-0.11221791803836823,1.0
0.13484227657318115,0.13906636834144592,0.017413347959518433,0.0
-0.11648570001125336,0.6945021748542786,-0.5134999752044678,1.0
-0.6610324382781982,0.4000643491744995,-0.3816015124320984,1.0
-0.8901498913764954,0.034680455923080444,-0.2989588975906372,1.0
-0.2817420959472656,0.12762759625911713,-0.09340348839759827,0.0
-0.35561874508857727,0.4442470073699951,-0.3705233037471771,1.0
-0.5545602440834045,0.11691999435424805,-0.03402493894100189,0.0
-0.11736060678958893,-0.21773302555084229,-0.21615681052207947,0.0
-0.656886100769043,0.3481374979019165,-0.13169439136981964,0.0
0.22053402662277222,-0.590462327003479,-0.11983248591423035,0.0
-0.593866229057312,0.4049254059791565,-0.3115624785423279,1.0
-0.4100884795188904,0.17438969016075134,-0.20176655054092407,0.0
-0.8321985006332397,0.07806247472763062,-0.11207751929759979,1.0
-0.3004262149333954,0.5528467297554016,0.1230672299861908,0.0
-0.24337084591388702,0.701435923576355,-0.2515783905982971,1.0
0.13194942474365234,-0.1039690375328064,-0.08743199706077576,0.0
0.08557900786399841,0.18763260543346405,-0.1843167245388031,0.0
-0.21725106239318848,-0.006650060415267944,-0.10811768472194672,0.0
0.43247097730636597,-0.5099793076515198,-0.44985491037368774,0.0
-0.42604535818099976,0.34333884716033936,-0.16398778557777405,0.0
-0.41440549492836,0.4415232837200165,-0.14893805980682373,0.0
-0.23873606324195862,0.5542731285095215,-0.3671281337738037,1.0
0.09581908583641052,-0.2786317467689514,-0.3421217203140259,0.0
-0.6402130126953125,0.24167519807815552,-0.27671265602111816,1.0
-0.3111134171485901,0.3937411904335022,0.0718546211719513,1.0
-0.29677167534828186,0.6259993314743042,-0.08450958132743835,1.0
-0.5461034774780273,0.4385950565338135,-0.33624929189682007,1.0
0.051521480083465576,0.12257181107997894,-0.18016022443771362,0.0
-0.7213258743286133,0.2973179817199707,-0.23729440569877625,1.0
-0.49085724353790283,0.4340043067932129,-0.45141512155532837,0.0
0.04280272126197815,0.8878334760665894,-0.15215539932250977,1.0
-0.35321733355522156,0.45399004220962524,-0.009119123220443726,0.0
0.03501656651496887,0.28204840421676636,-0.713702917098999,0.0
-0.2508379817008972,0.4308193325996399,-0.06388892233371735,0.0
-0.5850098133087158,0.39714956283569336,-0.20071354508399963,0.0
-0.6869977712631226,0.1645960509777069,-0.24930612742900848,0.0
-0.5283047556877136,0.2318354994058609,-0.10549624264240265,0.0
-0.5475002527236938,0.39978697896003723,-0.2296513020992279,0.0
-0.2915005087852478,0.1530965268611908,-0.2358919382095337,0.0
-0.5918810367584229,0.35437747836112976,-0.2332708239555359,1.0
-0.12321436405181885,0.34103745222091675,-0.13434502482414246,0.0
-0.08517080545425415,0.18769755959510803,0.14563798904418945,0.0
-0.1093120276927948,0.5755271911621094,-0.3238779306411743,1.0
-0.02260535955429077,0.8562160134315491,0.04727989435195923,1.0
-0.430148184299469,0.3224466145038605,-0.10199236869812012,1.0
-0.49571317434310913,0.4559698700904846,-0.2527936100959778,1.0
-0.5442878603935242,0.37219125032424927,-0.23205071687698364,0.0
-0.1738569587469101,0.535982072353363,-0.5524454116821289,1.0
0.1446915864944458,0.22891409695148468,-0.3660697937011719,0.0
-0.2783142328262329,0.5207003355026245,-0.5194417834281921,1.0
-0.020463794469833374,0.5937910079956055,-0.5377498865127563,1.0
-0.514743983745575,0.370502769947052,-0.23946356773376465,0.0
0.3095467686653137,0.04269951581954956,-0.5567818880081177,0.0
-0.13093791902065277,0.36793598532676697,-0.5271569490432739,1.0
0.1307404637336731,-0.0010317564010620117,-0.179360494017601,0.0
0.15217626094818115,0.23631203174591064,0.15072643756866455,0.0
-0.7338039875030518,0.12642285227775574,-0.0981566458940506,0.0
-0.11566776037216187,0.2800728976726532,-0.09021173417568207,0.0
-0.9228643178939819,-0.03709763288497925,-0.20772427320480347,0.0
-0.46509724855422974,0.3521100580692291,0.025746196508407593,0.0
-0.036244481801986694,0.6398739814758301,-0.28955259919166565,0.0
-0.5173192620277405,0.19967006146907806,-0.19568035006523132,0.0
-0.4099884331226349,0.006561338901519775,-0.24325808882713318,0.0
-0.4081588685512543,0.5418819785118103,-0.20120912790298462,1.0
-0.21586881577968597,0.6519687175750732,-0.18212413787841797,1.0
-0.7611298561096191,0.1388286054134369,-0.19582152366638184,0.0
-0.04428943991661072,0.5806741714477539,-0.21934746205806732,0.0
-0.5476732850074768,0.16827060282230377,-0.29586660861968994,0.0
-0.517470121383667,0.2124025821685791,0.08808007836341858,1.0
-0.058636248111724854,0.16230547428131104,-0.32477062940597534,0.0
-0.9160951972007751,0.05580168962478638,-0.2083907276391983,0.0
-0.28103628754615784,0.3579843044281006,-0.03848639130592346,1.0
