-0.9533389674139936,0.35749416925232036,1.0
-0.9468792694198566,0.3698291511790747,2.0
-0.9353144748965931,0.3164968036173592,0.0
-0.9786603527588583,0.3149042753579309,1.0
-0.9681238046326034,0.32226085134636495,0.0
-0.9608754942703324,0.3363634538782949,0.0
-0.9823708304749464,0.3067586440727437,1.0
-0.896161001151746,0.3538497607599883,1.0
-0.4873915643665971,0.45649906595740153,0.0
-0.9508790651485469,0.3657525698804905,2.0
-0.9857021450831882,0.3165956118002412,0.0
-0.9820707857508937,0.31074173717350956,1.0
-0.9508917011396638,0.3886706879484461,2.0
-0.9495560654882128,0.33989086214228825,2.0
-0.9489183894225751,0.36085464072621865,0.0
-0.1654633929121736,0.2190345608503879,2.0
-0.8681427119573493,0.3555441616602982,2.0
-0.9552810213778785,0.35740437438970213,1.0
-0.9270831145397157,0.3930818825679369,2.0
-0.5974847009205428,0.1261854788192703,1.0
-0.9885077095950755,0.2980754899195263,2.0
-0.9681488176057182,0.3185573663025673,1.0
-0.9289996343471514,0.3108919494526479,2.0
-0.9684041995583575,0.3365075233173615,1.0
-0.9652362625935358,0.2859897689669383,0.0
-0.7407547095509218,0.4186405547327148,0.0
-0.9338209900077437,0.3762875464485791,2.0
-0.9548927630622164,0.3964010425003223,2.0
-0.9806166549283921,0.30871583923086604,1.0
-0.7314951604221539,0.2727034878625814,1.0
-0.9800976384912367,0.3093671679281982,2.0
-0.9579586712271942,0.31939405416948385,0.0
-0.9706510501556553,0.33703771861185167,1.0
-0.8822981219540874,0.3229158453128754,0.0
-0.9272399589383871,0.34250815739832,1.0
-0.9796022674231739,0.297342049446372,0.0
-0.9470436865017459,0.3884127231127761,2.0
-0.8323926232218676,0.3542632290332781,1.0
-0.9274235850262568,0.3510874797362141,2.0
-0.8987835742566775,0.31315611070187055,2.0
-0.9781221081534258,0.3210835158318578,2.0
-0.9586294207049119,0.3859599034683337,0.0
-0.9596176529734445,0.3525953033633129,2.0
-0.9599701027321601,0.3583306632387862,0.0
-0.9777517712510869,0.31783384973527934,1.0
-0.9781600696341881,0.3210518156940906,0.0
-0.9174523677561268,0.3438928122377388,0.0
-0.9717491122793945,0.27787427652510754,2.0
-0.9696389344822949,0.31176133396008343,1.0
-0.9140671297769748,0.3094655257107654,1.0
-0.8948778628911696,0.32107388072986043,1.0
-0.9103990165147041,0.3875692478370969,2.0
-0.985909974314437,0.3218409622943768,0.0
-0.8945376159365145,0.43713537368752153,0.0
-0.9673322368123255,0.3527885553518599,1.0
-0.9611449815511405,0.3580872702302258,0.0
-0.955745906918016,0.33426268519210733,1.0
-0.9809884844696667,0.27721933454924813,2.0
-0.6937812062133157,0.24123533812141498,1.0
-0.9866810273981139,0.30383321404596236,2.0
-0.9779489921725666,0.30190580506436543,2.0
-0.979136944455608,0.31906903639313317,0.0
-0.9813314695605325,0.32279787735325544,2.0
-0.9682801010784358,0.3048960753199091,2.0
-0.8948636194765803,0.34478926172520835,1.0
-0.9049373764822642,0.35703152662627763,0.0
-0.9747490150751145,0.36025578724567936,0.0
-0.4955947310811685,0.01738061016098774,2.0
-0.9377048137106411,0.3611532129078401,1.0
-0.9116973546964101,0.34213891129114404,1.0
-0.9316946308917574,0.3481136494143614,1.0
-0.9834414189333759,0.29764638700017626,0.0
-0.9064879380221756,0.3702160161681635,0.0
-0.9581945768977127,0.3528835575733003,1.0
-0.986671000086113,0.2973346992911662,2.0
-0.8165648173654434,0.3601165729626715,1.0
-0.91499652682641,0.34888471651225805,2.0
-0.9580955449353293,0.34799224022542674,2.0
-0.4128046382422321,0.09289137436245393,0.0
-0.9629411371169478,0.3479861013767309,2.0
-0.9799445695065407,0.326495135804597,0.0
-0.982203612374033,0.3088500013326313,1.0
-0.8386293124615231,0.32412962547628976,1.0
-0.9586784376865503,0.3490767411929604,0.0
-0.9258402318896057,0.3044245488022417,1.0
-0.9105300078409426,0.30610486720627883,1.0
-0.9744095979185576,0.3290871034223668,2.0
-0.988617736300335,0.2944011657806965,2.0
-0.9753995064116411,0.32687332093875093,0.0
-0.9849686394798125,0.2953065406195207,2.0
-0.8777011742805638,0.3934432554453282,1.0
-0.9129215271672578,0.40922106568777705,0.0
-0.9691826516325113,0.3607532982249062,2.0
-0.9834650469226656,0.3007965264876705,2.0
-0.9057226497957339,0.34308350805884247,1.0
-0.937944212763447,0.3523508867713831,1.0
-0.883577013140548,0.37324730738939077,1.0
-0.9286347371686325,0.31199527400990135,1.0
-0.9832167338815873,0.28605246955564967,1.0
-0.9507283471433545,0.298364189404598,0.0
-0.9330834978648579,0.3936805783914806,1.0
-0.8554072486722089,0.393915159367388,0.0
-0.9292824859208308,0.3442640008936757,0.0
-0.964893872803909,0.3535795134920742,0.0
-0.8310604121604058,0.48849651629271595,2.0
-0.952368748330807,0.3526165404546534,0.0
-0.9711583702074371,0.33061918340700136,1.0
-0.9621506523134936,0.28138253535189667,0.0
-0.9413866798512539,0.33918836489046966,0.0
-0.9576317945413843,0.3277680198280452,2.0
-0.8887832927338615,0.34901705480383305,0.0
-0.9525147156988683,0.3275919151360532,2.0
-0.9810882386585457,0.30397481800417475,2.0
-0.9713526126990514,0.3356690959661694,1.0
-0.9502063564201934,0.33002914629260194,1.0
-0.9631533075597735,0.3490785991838002,2.0
-0.9689173647230586,0.3133730076785483,0.0
-0.876295905538147,0.35221675849570844,1.0
-0.665280641627609,0.3058921750080078,1.0
-0.963524072391251,0.3385272756650602,2.0
-0.8772635048370094,0.3591582626772558,0.0
-0.9208207060644563,0.38743435382067987,2.0
-0.9640821954802716,0.3320116012026571,0.0
-0.7763780984725225,0.4781825472714879,0.0
-0.9452882940267574,0.3583052761331057,1.0
-0.7482239105859805,0.33351276836168237,2.0
-0.9674148562394878,0.31880895920101804,1.0
-0.9825347849476197,0.30782258382032124,0.0
-0.6677408099916919,0.5438166638760636,0.0
-0.8227177814409536,0.2854983168104065,2.0
-0.9362620073628101,0.3524420605950855,2.0
-0.9893660861895891,0.2974298809232781,1.0
-0.7867119986662309,0.5145381307034017,0.0
-0.9713778516700566,0.31790988021559613,1.0
-0.963216302061511,0.30104043963705607,2.0
-0.9818714467516905,0.31757018657134745,1.0
-0.983781847061072,0.32413183447885985,1.0
-0.9553769253930805,0.3504640005630385,1.0
-0.9738717069112085,0.32879063813904535,0.0
-0.9566152136426598,0.338831721314792,2.0
-0.9847584128733293,0.3214050723575388,0.0
-0.9554800419737751,0.36382244141885606,2.0
-0.9299399971010612,0.3470415868317169,2.0
-0.8079968099142865,0.5688807016725482,2.0
-0.974782416219077,0.3388121299728796,1.0
-0.8441966216807979,0.38456334755771693,1.0
-0.9391558130268108,0.3383135112882882,1.0
-0.9763837220170302,0.3280787533148032,0.0
-0.978566453843024,0.3004012717996104,1.0
-0.9687278598322635,0.32599064678088674,0.0
-0.9585353081953024,0.36547308882455504,1.0
-0.9742182712212928,0.32604664699544844,0.0
-0.9327030224915321,0.31853780329740655,1.0
-0.95209934413175,0.37807022010304947,2.0
-0.7804639704124566,0.23782297084861687,1.0
-0.9317720406295174,0.33071571211780665,0.0
-0.9869763824367016,0.31708847624566383,2.0
-0.9469354178732622,0.35570092811225995,0.0
-0.933782963637023,0.33763924087117475,1.0
-0.9728536194942619,0.31538593535985643,2.0
-0.9007185628543982,0.29529859074098186,2.0
-0.45978098077126384,-0.04221530348946817,1.0
-0.9746030443893374,0.3349209338560104,0.0
-0.9167023502227729,0.3754587373430136,1.0
-0.7530745412593867,0.3716415345429214,2.0
-0.7990809438944593,0.4637828869515501,2.0
-0.925943959698584,0.3210658605916642,2.0
-0.9886696026273414,0.2998699316162863,2.0
-0.8355973490274813,0.2961856569755713,1.0
-0.7250458669365505,0.2513906416227826,1.0
-0.9681934281946911,0.3336459243588332,1.0
-0.9459238654997074,0.3317537454390474,2.0
-0.9428682364230045,0.36111230279907813,2.0
-0.9762896502501135,0.33680606238752336,0.0
-0.9654618089185407,0.3088760446599497,0.0
-0.9120587791564456,0.3719326985647231,1.0
-0.5360260685365622,0.45392488222719807,2.0
-0.9255842557834963,0.40046135799939436,0.0
-0.9670888195581361,0.31644264422174034,0.0
-0.8859322996281366,0.39700375634689505,2.0
-0.9749190933741285,0.33302490581473926,0.0
-0.9602646386076743,0.37168560570504544,2.0
-0.8219667404948199,0.258332504873278,2.0
-0.932480331692154,0.3216795941120843,1.0
-0.9057956651263245,0.2643352017885062,2.0
-0.951869210331197,0.3779510460314289,2.0
-0.9243511327036698,0.3577195742024525,2.0
-0.9576120500209382,0.3592876444508345,0.0
-0.987036206696412,0.2947902416660291,0.0
-0.9793909338808757,0.30070661649158503,2.0
-0.6294718559966244,0.5661711853947089,2.0
-0.9767340734538342,0.3144376425364455,2.0
-0.7408370927351757,0.33181349540705746,2.0
-0.9819656004225625,0.30670683914798086,2.0
-0.9938168764347697,0.3010436798174322,0.0
-0.9891051807618911,0.30647660607611277,2.0
-0.927132166866346,0.36389265617011274,0.0
-0.7847250567931829,0.3612209886585722,2.0
-0.9818182107723772,0.3212253194284413,2.0
-0.953751793901504,0.3191951122423337,1.0
-0.9360824937704824,0.3653224117349298,1.0
-0.8650792228884377,0.31360361478442306,1.0
-0.9448506080111856,0.3542746443164552,0.0
-0.9732121541658076,0.3361361006090253,1.0
-0.990081237347183,0.3051166316471025,1.0
-0.955658514969404,0.3691815822035445,1.0
-0.11698665837071476,0.23079652103669263,2.0
-0.9499566670396407,0.3546831147464998,2.0
-0.9860229376331732,0.29261086944196596,1.0
-0.9696994593615538,0.3270727830583678,0.0
-0.9791930219939314,0.33276160738202404,0.0
-0.982398395312098,0.28947576186472046,0.0
-0.9745507996502458,0.3141378804886559,0.0
-0.8868020180826274,0.30454693749691425,2.0
-0.9174175230430713,0.39448293693804914,0.0
-0.7989333375424458,0.27573924671184813,2.0
-0.9545861180943348,0.33161012203629864,2.0
-0.9809282439464424,0.3144430726483256,1.0
-0.9370961780818485,0.3056355135360999,0.0
-0.9383154447345771,0.30964252720712654,0.0
-0.9190508746778091,0.3470162957430696,2.0
-0.9481368247364967,0.29816322134049145,2.0
-0.9599108304721674,0.34058196693155657,1.0
-0.9677604169866004,0.33971899103352216,0.0
-0.9754220433620432,0.3157411434107727,0.0
-0.9601492425686908,0.34106561611899544,2.0
-0.9900862355379442,0.29679333344409997,0.0
-0.9654573970087457,0.2968403861132684,1.0
-0.9285221245379296,0.4076940365332863,0.0
-0.8907276916556252,0.3470306447091723,1.0
-0.9290549761711226,0.2893137734407226,2.0
-0.9034780990944096,0.32210365538119895,1.0
-0.9287446134893144,0.31965968689266683,0.0
-0.951126747879413,0.35639445067894404,1.0
-0.9673628213115654,0.3109827926277439,2.0
-0.9670475933345128,0.3348072781121189,1.0
-0.9750170623831437,0.31647596469648204,1.0
-0.8594636865671866,0.34598662926741874,2.0
-0.788408169837101,0.3855611830019359,2.0
-0.8692353233959013,0.3553369594271996,1.0
-0.838789010987765,0.44280473990470914,0.0
-0.77455849720374,0.4720309424254655,2.0
-0.9587126820556646,0.3633572779718415,1.0
-0.9575734539272762,0.33684405076417423,1.0
-0.9882136095003382,0.2955310367935175,2.0
-0.938005641095654,0.330293304565105,1.0
-0.9512426053915878,0.34759408929362917,1.0
-0.9826529453288204,0.3217134439862677,0.0
-0.990422955158225,0.30441087058909055,2.0
-0.9587647208056123,0.3218020314598589,0.0
-0.9304538589598952,0.33655339704510834,1.0
-0.9429908479775865,0.3613983227618796,1.0
-0.9438734922658542,0.33754222988368493,1.0
-0.9447030560025587,0.33298835947039895,0.0
-0.9386093439419789,0.3523502180549042,2.0
-0.9679684041810747,0.32841151708626753,0.0
-0.9897632019983749,0.2932704106803352,1.0
-0.9350613666441284,0.3522739925730776,1.0
-0.9569448932189016,0.3434818013893942,2.0
-0.8983929950873969,0.4336867511247717,2.0
-0.9273749174261561,0.39232839016053317,0.0
-0.9544350993130919,0.3404282992426794,2.0
-0.8653014813275336,0.3717758553330916,1.0
-0.939863568774233,0.3545632297625074,2.0
-0.9012345317950942,0.3679269038380203,2.0
-0.9618861827381834,0.350076137085469,2.0
-0.928396752890677,0.34144549700476295,1.0
-0.9451147279543827,0.36559166534224774,2.0
-0.9469020756446728,0.3647758812138813,2.0
-0.7469916971657407,0.32924752992800577,1.0
-0.9930864857083365,0.29423774604297365,0.0
-0.9421833906603281,0.36804693049346676,2.0
-0.9794535605382368,0.3118429788931016,2.0
-0.9188758170356491,0.30752494118517254,2.0
-0.9093028974890488,0.3322043586619967,0.0
-0.9710874722511077,0.31460407058799633,0.0
-0.9618909413198348,0.3317386281107031,1.0
-0.9698641035102927,0.3180503323570448,0.0
-0.5643267242910485,0.15969337754778612,1.0
-0.9054058703830243,0.42635538073800183,2.0
-0.861687282493093,0.31513813167059035,2.0
-0.9704571711733541,0.35162121465077845,0.0
-0.9798328102492728,0.32185147881016485,2.0
-0.9859711921509959,0.30589758956539725,1.0
-0.9782605275823891,0.3395335312775276,0.0
-0.9119097100699299,0.33113901157654524,1.0
-0.7078416548202253,0.20995041359834085,1.0
-0.961822417223103,0.33798772190458926,1.0
-0.9253769190331214,0.3622148465032603,0.0
-0.6648551972351128,0.3324395922683984,1.0
-0.7514412783594873,0.31998653089314866,0.0
-0.8709467234706977,0.35641765441475676,1.0
-0.9765795514434067,0.3480764225440119,0.0
-0.9042402588077385,0.34368341397685287,1.0
-0.9614123155893585,0.33382885443298893,2.0
-0.9906984013696682,0.2975139860392434,2.0
-0.9856736438944016,0.29584371781956914,0.0
-0.9462142431978062,0.30573503165890614,2.0
-0.9675306360775423,0.3078245498655963,0.0
-0.9596770309390412,0.34678238903239306,2.0
-0.9873912603413335,0.3083143380902855,2.0
-0.9833309348934783,0.31689253743544477,0.0
-0.9852048705660494,0.306378996877546,2.0
-0.7374836375893512,0.2136176761293801,1.0
-0.9490628091691179,0.38376927096366453,0.0
-0.9643697194169657,0.33377459765509065,1.0
-0.7491545755046538,0.40209536674108515,2.0
-0.9851728505640576,0.33216296743500795,2.0
-0.9873729138798327,0.30005176541463735,2.0
-0.9765222029437506,0.33464057821058035,2.0
-0.9697079915935404,0.3097981207986723,2.0
-0.9912226635845589,0.30126112369701935,2.0
-0.9367105061657116,0.3529094540182632,0.0
-0.9117881386999316,0.3605578602844943,2.0
-0.9458551232742014,0.3636098843530057,2.0
-0.9912912712055054,0.30548675806117886,0.0
-0.9756055494137155,0.3356797963287204,0.0
-0.8358433797647855,0.3385876996352768,1.0
-0.9153279625395339,0.34802212326433013,1.0
-0.9410678208232516,0.32826503258248807,1.0
-0.950854608374318,0.31930282091481355,2.0
-0.9708881738248669,0.31059828904411163,1.0
-0.9270119770919925,0.34703936969188964,1.0
-0.9543527329948256,0.36743591465904335,2.0
-0.9222617874852989,0.3138724956341683,0.0
-0.8306182855001106,0.36872685847523934,2.0
-0.9719558626956926,0.3382028402794769,2.0
-0.9826472793055343,0.31594522139613623,1.0
-0.9603524900860664,0.3083761298124677,2.0
-0.9399788062219534,0.359510234710427,1.0
-0.8801071964309144,0.3615617600634552,2.0
-0.9652266950386426,0.32222802241861237,2.0
-0.9119790270725212,0.3305366876725343,0.0
-0.9454907259224602,0.3335297814638409,1.0
-0.8685441038690181,0.4852482391985605,0.0
-0.9071495925209141,0.37085350255552996,1.0
-0.8650060170634218,0.3601359666807184,1.0
-0.9607328325229072,0.35363815947577165,0.0
-0.9472844415573106,0.3659469419193746,1.0
-0.9732275693797339,0.332518749529196,1.0
-0.9795020318306729,0.3328169517080571,1.0
-0.986265232391551,0.29273219074878987,0.0
-0.9657769658016102,0.30881111899795616,0.0
-0.9350793260906256,0.3678496322046796,1.0
-0.9512641486625313,0.3290967680282024,2.0
-0.9336524390763508,0.29555390293201306,0.0
-0.4272950498634059,0.5184110706523276,2.0
-0.7602597223014633,0.46565981769905823,2.0
-0.854309422738541,0.3097428586425175,1.0
-0.9532141354459313,0.3512955519667404,0.0
-0.9592316859052605,0.3205433743560496,1.0
-0.8115489832918834,0.26689298700356195,2.0
-0.9135740256986908,0.34811444933671126,1.0
-0.5637597693558164,0.34045572322539047,2.0
-0.9723043426082496,0.315392072831679,0.0
-0.938712442487031,0.3732829578631052,1.0
-0.9446175090038077,0.35857879467415693,0.0
-0.986061221707427,0.3011307796216466,2.0
-0.5653111317883464,0.29831004613396167,0.0
-0.9634243252110252,0.3371638174364957,0.0
-0.8745469200286725,0.3835486421471679,1.0
-0.8414058087552212,0.39584626709011334,0.0
-0.9689724181615871,0.3459333310757867,1.0
-0.9593612684142659,0.3217084719256041,2.0
-0.9855935158365662,0.30267112909972294,0.0
-0.968703104473971,0.32671010414805995,0.0
-0.9286030886376312,0.34260508627127745,1.0
-0.9860127584222136,0.30797641529209785,1.0
-0.905211563797292,0.3696362671639753,1.0
-0.9883302441129462,0.29580366923612705,1.0
-0.9616108348270795,0.3615684621030523,2.0
-0.9837452841106983,0.3162481069720957,2.0
-0.940765279935971,0.37968191322201983,0.0
-0.9735985882363686,0.3203699558855258,0.0
-0.9040002926296976,0.343996180403751,1.0
-0.8637599764238065,0.37978961287455876,2.0
-0.8091439481540335,0.39434446733482353,0.0
-0.8609484277540235,0.28230127142537154,2.0
-0.910535876666514,0.3712218462071332,2.0
-0.949225732212953,0.29371309565274417,0.0
-0.8735138562052434,0.297346417097921,2.0
-0.9793149045494641,0.32871247569874357,0.0
-0.9701846930960809,0.32169516156855954,2.0
-0.9146460287982906,0.3371078734384058,1.0
-0.9790503492797231,0.3093549532697097,0.0
-0.9562855685268389,0.35831895849215606,2.0
-0.8967800295203611,0.3239573851841447,2.0
-0.9698571271610608,0.31492919315971846,1.0
-0.9447675012567825,0.3579503595907782,0.0
-0.9117619018964827,0.32931404127563935,2.0
-0.9414922259586035,0.354958491462758,1.0
-0.9767987307536071,0.3280831122380194,0.0
-0.9161968312721462,0.3388230484073665,1.0
-0.9446995074172257,0.3413538857984443,2.0
-0.964579727924664,0.310021029434116,2.0
-0.9778825402221976,0.32059270866479656,2.0
-0.9359640503855411,0.36042164316747083,2.0
-0.9745667068455874,0.3168172980883949,1.0
-0.9853930988796294,0.3006799176515141,2.0
-0.9705625684478849,0.3022844334624613,1.0
-0.944712447686599,0.3468987110866455,1.0
-0.9064679885290593,0.4270143742172954,0.0
-0.7430816625194799,0.4229330567693505,2.0
-0.918348839074757,0.3995464351084933,1.0
-0.9341302263667111,0.33229647575877647,1.0
-0.9584931422979852,0.3322632244106506,2.0
-0.9030281142284488,0.3252157454462983,2.0
-0.9174495314083786,0.3457860453431993,0.0
-0.8357881698053914,0.3841130465960615,1.0
-0.952036740206857,0.3027446884281613,0.0
-0.8205214478887202,0.5251565967480389,1.0
-0.9745896914249644,0.33379931625155607,2.0
-0.9572663990743389,0.33441754957805986,1.0
-0.9665334038310563,0.3270264288143246,1.0
-0.9532286488741097,0.32585384169897846,0.0
-0.9503176828867648,0.31308709655095796,1.0
-0.963239878751789,0.3519777833196402,2.0
-0.9599003710608255,0.34242086904931895,2.0
-0.5528045914644923,0.26600989291662136,2.0
-0.9719471150378374,0.31313972111120736,1.0
-0.9728814508847724,0.31992726066036786,1.0
-0.8824432344347908,0.42957259817692667,0.0
-0.9698845901013969,0.3433775645984349,0.0
-0.9021842451752642,0.35062980995069715,1.0
-0.9495887291845979,0.3387212693458575,1.0
-0.8660332989468186,0.3128953129368185,2.0
-0.9204620200146653,0.3292533553236938,2.0
-0.922365479109427,0.35200234402338,1.0
-0.9633538670316231,0.31335634264368534,0.0
-0.9844008011242172,0.2890080365513595,1.0
-0.964347222252553,0.32607334410168454,1.0
-0.9647828420922827,0.3502593013594344,0.0
-0.8121988531733183,0.39547022331113296,0.0
-0.9818121601808258,0.3018439070231629,2.0
-0.9002956627630009,0.38157135249544594,2.0
-0.9205114533209381,0.3549925050528476,0.0
-0.9881074628053402,0.30312216886331833,0.0
-0.9466778964463283,0.33392334835950366,2.0
-0.9839187214152455,0.30567986531702995,2.0
-0.9306444073706835,0.33777441294637356,1.0
-0.9608491904027338,0.3609139825469361,1.0
-0.9766684522285093,0.30942130267999646,0.0
-0.9584902190228288,0.2969870105206549,1.0
-0.9688985483516819,0.3008685841941936,2.0
-0.9106802061182894,0.3538130922065371,0.0
-0.9782891948281051,0.3342579603695765,1.0
-0.9159291996775017,0.36324128768930597,2.0
-0.8714155352430553,0.3585122220607898,1.0
-0.9613648952464985,0.34882181042320215,0.0
-0.5619580701100817,0.29385159884347745,1.0
-0.9391828002245863,0.3516692297800343,2.0
-0.9744742404941201,0.3382379620324077,0.0
-0.9825412628831456,0.2898863709247164,1.0
-0.6471669994804077,0.16648935748345467,2.0
-0.9809056113009034,0.31201022927800137,1.0
-0.9405838948194095,0.36096654810883827,1.0
-0.9726659602647704,0.32189307189630867,2.0
-0.8615167397149074,0.4850009151810529,0.0
-0.7718701629185438,0.46479243895557754,0.0
-0.6688060204484526,0.17227516494353143,2.0
-0.9774921008354441,0.3101376587515502,1.0
-0.962510771294539,0.3374290889138902,2.0
-0.9703209705436314,0.3053936562700189,1.0
-0.971741265364377,0.3377996337609178,1.0
-0.8080295039892906,0.39486753070221325,1.0
-0.91758810964603,0.36090202432543794,0.0
-0.7290509577086812,0.30180350035152914,1.0
-0.9694848842640335,0.3399681521564769,2.0
-0.974586258173512,0.34766537634510375,0.0
-0.9675598886272414,0.3138465922887315,1.0
-0.6810767090376737,0.32351114284161137,1.0
-0.9494594535639758,0.367450511783847,2.0
-0.9525297445042216,0.365182158106747,2.0
-0.939063828978803,0.37502778208340876,0.0
-0.9106256137032545,0.40184738508963447,0.0
-0.7402055021525397,0.33346121899200554,1.0
-0.7290188679146472,0.30778311704112565,1.0
-0.9628298987341508,0.32114494032223284,2.0
-0.7872158720289454,0.47357753058835944,0.0
-0.9085655710947362,0.4069783189010507,1.0
-0.9664144081529706,0.30360689729774387,2.0
-0.9839578469939777,0.3152392216338414,0.0
-0.7735488249943283,0.44519792499427197,0.0
-0.9453916694610558,0.3807342334444768,1.0
-0.9692927325889743,0.33925125906354314,2.0
-0.9914417451800732,0.2912489956327299,1.0
-0.983119318968965,0.3162987652675015,2.0
-0.76209431107413,0.2583258311029017,1.0
-0.7141530672893036,0.3284075878347603,1.0
-0.991396879313458,0.2890051065161521,0.0
-0.827116907642213,0.33413765094902137,1.0
-0.943471178572284,0.377597184316782,0.0
-0.9761192046089162,0.30404899037183936,1.0
-0.9840434782957994,0.2879572256285986,1.0
-0.7971134398519404,0.272066374758747,2.0
-0.24895226916540814,0.0662108170609409,2.0
-0.9565448730699238,0.36827204436198546,0.0
-0.954617635154816,0.3716701065631163,1.0
-0.8935790841587613,0.3231549761636706,2.0
-0.9853130511279208,0.30487295844462353,2.0
-0.9670975445500585,0.3115864725571507,1.0
-0.9283624091879096,0.36871467063649965,0.0
-0.9463754058502161,0.33340593398236285,1.0
-0.8306442545483215,0.32905576130482894,1.0
-0.9175820092311705,0.41272729961920546,2.0
-0.9891501796457512,0.2978333146868175,2.0
-0.8846280583475258,0.34806867968777266,1.0
-0.9191169628969742,0.3545956876883937,0.0
-0.9364601507664623,0.34641247584824064,1.0
-0.9844405715354732,0.30418853504836196,0.0
-0.8808587069913266,0.30909116921465835,0.0
-0.9628464427731894,0.32303762841008027,0.0
-0.9544551669543327,0.2927698987789733,0.0
-0.9640118788198356,0.34955651440250146,1.0
-0.9879098787977858,0.29027954513830545,2.0
-0.980535787356886,0.2972952625658125,2.0
-0.9664561396448879,0.34226844166500964,2.0
-0.9665525621999836,0.31339699343855826,2.0
-0.944264952999815,0.35076868319410476,2.0
-0.9753985963240422,0.31675633041413276,1.0
-0.8443709350325574,0.49016047488126147,0.0
-0.9065650617347111,0.3790346566368684,2.0
-0.9865718423881578,0.3202737529417601,0.0
-0.9715167027354962,0.3253242419195862,2.0
-0.7811736435619042,0.4152652224229586,1.0
-0.9581663994681422,0.3256400156624794,0.0
-0.6533372418246628,0.37829225549889306,2.0
-0.9077880424580294,0.38168583844978915,1.0
-0.9633909754223345,0.3476280607491308,1.0
-0.931369244046034,0.34183421117646595,1.0
-0.7524482723406649,0.518149061158014,2.0
-0.9836524660903252,0.31769991882170556,0.0
-0.9349774867602395,0.36186560095093306,2.0
-0.9680651450304176,0.3257023700090986,1.0
-0.9775111014997613,0.30746229579052914,2.0
-0.8672011962573434,0.46613846005163784,2.0
-0.9523026806031027,0.34553154479835557,2.0
-0.9822610254610726,0.31478526237559173,1.0
-0.9438411660126202,0.3954537769236749,0.0
-0.9462194710140648,0.3580479706952909,1.0
-0.9678403140609544,0.32245713403647924,1.0
-0.9567233381845829,0.33567411851515494,1.0
-0.9658127792820933,0.3202901494321834,0.0
-0.9585429093503695,0.3589699806171307,1.0
-0.9327349580187234,0.38472419093699833,2.0
-0.6720792439947654,0.3452489807440596,1.0
-0.9736030019855778,0.3122085726512652,1.0
-0.9171723620460256,0.36841187766497213,2.0
-0.9749479325555901,0.3424605643519359,2.0
-0.9789868145849089,0.2879833051760926,2.0
-0.9491019498791853,0.3848119452321499,2.0
-0.9838204168315582,0.3051116439418293,0.0
-0.9634132837755995,0.3013552658882721,2.0
-0.9602178512634405,0.35818734326800844,0.0
-0.9632736296213488,0.3002348903881375,1.0
-0.9169736233833555,0.2883856698487605,2.0
-0.9454896491097524,0.3487230144333131,2.0
-0.9820172635170397,0.29254068813500916,2.0
-0.9532366344245433,0.33461393675826406,2.0
-0.5774258801349497,0.3232079201516822,1.0
-0.919812990325468,0.3800159718965809,1.0
-0.95916417324797,0.34273240243711167,1.0
-0.9536605852431229,0.36755959824469586,2.0
-0.9589045219974776,0.3462328083878165,0.0
-0.9793306053714474,0.32631719007946547,0.0
-0.9565640682634099,0.34326956093572975,2.0
-0.9619256349220809,0.3443743410840275,0.0
-0.640646396020139,0.12286808362905685,1.0
-0.9780557940607858,0.31286251938328996,1.0
-0.9617548126091543,0.32309594238133554,2.0
-0.9757835115177711,0.3047363650890571,1.0
-0.9836322957210171,0.3063908687483231,1.0
-0.7717488379014267,0.42380411314031896,2.0
-0.9208048485216296,0.27317927239571216,0.0
-0.9592302045082,0.3506766879882359,2.0
-0.9403465849381765,0.3196746640847987,0.0
-0.8802691195712314,0.28448810412731873,1.0
-0.9754664605547375,0.3277201916053543,1.0
-0.847749111460103,0.4439879650974002,0.0
-0.9837145523422266,0.3012896284094976,2.0
-0.9542605443578317,0.33305045040960896,2.0
-0.6686029353879391,0.2778046154877638,1.0
-0.8900596215707381,0.3312090012483555,2.0
-0.9406045962222581,0.36862140269951005,2.0
-0.9044360687416754,0.4446164720428383,2.0
-0.9792892813550252,0.3194547428296468,0.0
-0.9847592603189393,0.32461550408873024,0.0
-0.9674594763602643,0.29779881980984374,1.0
-0.8769605659049686,0.38621971927722465,0.0
-0.9774037802892561,0.3252632035210982,2.0
-0.8456049642483092,0.31610793465046044,0.0
-0.8362606274985611,0.4086981831410126,1.0
-0.9804705220196608,0.3184773267194357,1.0
-0.9774796890045434,0.3411293729607449,0.0
-0.8766685402082178,0.3513024840329184,0.0
-0.9660472155212836,0.351130020980846,2.0
-0.9775053870173204,0.2885080453128799,0.0
-0.967049204788311,0.3213746124254539,1.0
-0.9870960429772868,0.29925617929551157,2.0
-0.9813830856992036,0.30092252372866274,1.0
-0.9668701100880586,0.34016503816533067,0.0
-0.965720429393907,0.35078959253605874,1.0
-0.4736241412650649,0.28577887196872753,2.0
-0.9601514615730917,0.3219919914256471,2.0
-0.9762920232013105,0.3178071585503112,0.0
-0.9781855226856492,0.3282450171664752,0.0
-0.9745928584755301,0.3253832080471542,2.0
-0.9415181922843924,0.3130929368236966,2.0
-0.9256633131830035,0.33393431468168816,1.0
-0.9584184012692907,0.3359477112902535,2.0
-0.4729448163613382,0.7017935296457765,2.0
-0.978983621866012,0.309505871544664,1.0
-0.7929887958827423,0.4996696732311848,2.0
-0.972509287945786,0.3349112421796131,2.0
-0.9822240543290363,0.3071022500305777,0.0
-0.9304560916320587,0.369621564972133,2.0
-0.9680940809478392,0.35253371701427255,1.0
-0.85719012949798,0.44188230704617787,0.0
-0.9773691608472682,0.31379200618845493,0.0
-0.9306139842274186,0.35992375319763603,1.0
-0.9382372867893656,0.38887367650954735,2.0
-0.986336572804464,0.3246755475968405,0.0
-0.9848854294525634,0.3145807918105631,2.0
-0.9852297926178234,0.2993323963334768,0.0
-0.980349954380934,0.33660389867176704,0.0
-0.9422450534242366,0.3881230688768491,2.0
-0.8820302976332622,0.3031480262034125,0.0
-0.9432945027946482,0.3693542443731129,2.0
-0.9229531607015954,0.3340800621635365,1.0
-0.9798257083309255,0.3204532956106125,1.0
-0.987591019985762,0.2948155199059701,2.0
-0.9856250806050628,0.3290900964719924,0.0
-0.8952205158354374,0.3288650966664206,1.0
-0.9791650700461796,0.3004231087618596,2.0
-0.940335836095158,0.3338690882208035,0.0
-0.9656771601089923,0.3202737327545476,2.0
-0.9848571043637481,0.3107385681480771,0.0
-0.7700879386453622,0.23230988815846076,0.0
-0.9920513170383759,0.29770768854052276,1.0
-0.7136783114210061,0.388757597743556,1.0
-0.8948908334789188,0.40164048997803725,2.0
-0.984032735593905,0.30406921645065615,2.0
-0.9769896008217199,0.3308413502946905,0.0
-0.9263517028588613,0.3621278192135021,1.0
-1.0,0.28169750725947756,0.0
-0.81900718234519,0.3419282762595001,1.0
-0.9853865276564309,0.29904372418727554,1.0
-0.9741545563805868,0.30283194423753995,2.0
-0.9853295870744273,0.3218380290091728,0.0
-0.9468685248023089,0.3493281143003258,1.0
-0.9197802108251569,0.3882667065784006,2.0
-0.9535463967600201,0.3334249759241871,1.0
-0.9250963085214023,0.3422749743941277,2.0
-0.9402622321159032,0.4160210644899649,0.0
-0.9280347964302832,0.34395384132186224,1.0
-0.9827856055578177,0.31778304874555796,1.0
-0.9683069784125603,0.30707972570046677,1.0
-0.7762013800729046,0.30785179252251405,1.0
-0.7683539703488496,0.3107570585155639,1.0
-0.9576942265105923,0.3481007433450535,1.0
-0.9028527407380703,0.3501754149665278,1.0
-0.9811765503632509,0.30274739714179844,1.0
-0.9279905297329155,0.3358910979627674,0.0
-0.9808129153218905,0.3190816166412349,1.0
-0.9816252892720996,0.2805364539056,2.0
-0.9121451240413629,0.3703274643138912,1.0
-0.9450981216224286,0.36070290719178066,2.0
-0.9145261158764082,0.3208697669012799,1.0
-0.9147896251695339,0.402786370132901,1.0
-0.9737776518275968,0.3172442301771344,1.0
-0.9607972348092805,0.334188341833043,1.0
-0.9651554238759134,0.2985788358465931,2.0
-0.9890009315023375,0.30804443155607486,2.0
-0.8834219410265582,0.3637764113184526,0.0
-0.9750122951139624,0.30526082031169177,2.0
-0.9475769979462986,0.3776465268913288,2.0
-0.9488276515278935,0.33514317407411265,0.0
-0.9744949122986293,0.3153806865680675,1.0
-0.8824068210757786,0.35559334574977386,2.0
-0.9636617162957465,0.32935331453809397,1.0
-0.8646724638739035,0.39746050338844413,2.0
-0.9858391246653341,0.3058725658418245,2.0
-0.8421830551099723,0.4142401169939879,0.0
-0.8778807857516963,0.2858496743001049,0.0
-0.9717567993026945,0.30858939770764504,0.0
-0.940779026813341,0.3538241520223412,0.0
-0.9617965170073997,0.36223932392031083,1.0
-0.7000451764225989,0.3579153542940996,1.0
-0.9491118109771041,0.3529074226106584,0.0
-0.9872870470829621,0.32535038099590763,0.0
-0.9566866701905627,0.34310663551876586,0.0
-0.9697630897011429,0.3013231848581459,2.0
-0.985796001841262,0.297813795499721,2.0
-0.8290350720250196,0.28748707317532246,1.0
-0.9617674114935891,0.3704513780923025,2.0
-0.9763350508994872,0.3077360109777704,2.0
-0.9455841719668766,0.32865374030291483,2.0
-0.9829952872395884,0.32510162387682734,0.0
-0.9730691379271801,0.3364614958181499,2.0
-0.9555192660974016,0.3530900336421368,0.0
-0.9570089554485823,0.3671807201440312,2.0
-0.9631040469487082,0.28668974518686235,0.0
-0.9132146066807673,0.39816548277663305,2.0
-0.5400822161268906,0.009992818454751418,2.0
-0.9112619647760904,0.3556707401977393,1.0
-0.9704332266667477,0.2999144442386745,2.0
-0.9599074674798455,0.35345442615378525,0.0
-0.836993374822448,0.3617407818429477,1.0
-0.8634427131936291,0.39146791705577855,2.0
-0.9853854248190753,0.3082647799599544,0.0
-0.6465146353470592,0.2882431542458591,2.0
-0.8427303525771008,0.2803417651142494,1.0
-0.9811017898720672,0.3217102971032241,2.0
-0.8931387116492202,0.32938323179212997,0.0
-0.9841996415576846,0.32045519908699466,0.0
-0.8207377473690196,0.3929294038568782,1.0
-0.957544897722349,0.3695100256462591,1.0
-0.8839627091021036,0.351949288770929,1.0
-0.9010117528402386,0.40432379371218763,1.0
-0.8694489903395054,0.39426621451078897,2.0
-0.9348422232445855,0.3345379324371297,1.0
-0.9287804918368849,0.3223754574264782,0.0
-0.9197760990110911,0.35182693002707527,2.0
-0.990134483560592,0.2995586310755552,2.0
-0.45989306915836053,0.8175071627508168,2.0
-0.9814333653139836,0.293566823478281,1.0
-0.9168506768695014,0.3491075316091724,2.0
-0.9451452747866563,0.3903543809221705,1.0
-0.9667900720031034,0.3499967536048269,2.0
-0.9866105476148422,0.2908402396146341,2.0
-0.8829732910837139,0.2702481972556876,0.0
-0.8923115031026534,0.3525723708625166,1.0
-0.8468095531899508,0.5025336486510907,0.0
-0.8642148816045163,0.4159276004862592,0.0
-0.972254388047139,0.3144499956947881,2.0
-0.38922995877608213,0.36749729194075315,0.0
-0.5531458420091299,0.7259821042936347,2.0
-0.9223599063676896,0.3369774442166279,1.0
-0.9800371473040537,0.3122895426095045,0.0
-0.7302521973694589,0.5868292396955616,0.0
-0.9464159185735495,0.3346609055672911,2.0
-0.7949565244592651,0.295700463699962,1.0
-0.9511247646086762,0.36378935747971486,0.0
-0.9762203973388934,0.3022704802851627,2.0
-0.9709778392854301,0.338940313939784,1.0
-0.9467686242473764,0.3836747655586598,2.0
-0.9703323808337655,0.3296892081711656,0.0
-0.9491159712214454,0.3578722734131003,2.0
-0.9654906283500247,0.35427018482269473,1.0
-0.9462427378023432,0.37524913646211144,0.0
-0.9084874725423231,0.4097464969708307,2.0
-0.8116287488638003,0.19089571712748438,1.0
-0.9847700591460723,0.30082508250006107,0.0
-0.9685013230880767,0.2809049485425244,0.0
-0.9761521946433798,0.3261047090629247,0.0
-0.9822388037805653,0.285233057059114,1.0
-0.962020741500118,0.33487713943602637,0.0
-0.9658759505677512,0.31595727929042733,0.0
-0.7661691323965863,0.4242090368534527,1.0
-0.9591465584753511,0.32234633986773154,1.0
-0.9544048735346614,0.3361844506452751,2.0
-0.9600216419535476,0.3329018944229458,1.0
-0.9716799469314096,0.3333455000584565,2.0
-0.8774801938155753,0.36553430832570233,2.0
-0.9808963848324934,0.3217578260600262,0.0
-0.9160963725425338,0.29883196717713445,0.0
-0.9900295601864788,0.31349187987222465,1.0
-0.974632595002786,0.30515282808929944,2.0
-0.8757541271442213,0.26801687573162136,0.0
-0.9728937041202596,0.3349003195290247,0.0
-0.9777437999405442,0.34522557133885656,0.0
-0.8924652587534121,0.31442120709610005,1.0
-0.9863678283946029,0.29554974777167237,1.0
-0.9329941611993046,0.3805543484154178,2.0
-0.9420234617671575,0.39399430935500374,2.0
-0.9551378333738618,0.3311069571951127,0.0
-0.930862746823989,0.37653549345246795,0.0
-0.9463137693678613,0.35957653703116516,2.0
-0.9626551080082854,0.34745072724067877,2.0
-0.9595583257186444,0.3384356881143131,2.0
-0.9147676529537628,0.3447637768095423,1.0
-0.9301236306606783,0.39326379646214243,0.0
-0.9302519264348323,0.35138000779166145,1.0
-0.9384385527222812,0.34691205597322106,0.0
-0.9734024755263957,0.32836711360251064,2.0
-0.9722184944751138,0.32020945483757945,2.0
-0.9893260497419034,0.29300964751592196,2.0
-0.9907079623087982,0.28994547815589,0.0
-0.6149150257108803,0.19673151004232448,1.0
-0.9724035394910571,0.3408643356107702,1.0
-0.9083515821329282,0.38061741933793547,1.0
-0.8246052715688359,0.36827564719513084,1.0
-0.8833919180573431,0.41365876925288647,0.0
-0.7696113461987247,0.31932755432818116,1.0
-0.9950327179566542,0.27658632023156543,0.0
-0.5997889232465515,0.6248268171662265,2.0
-0.9538879614607191,0.37290760414354296,1.0
-0.9843287777476099,0.3032915234809467,1.0
-0.926581521151648,0.3495023112378014,0.0
-0.9687888650701941,0.3274831438825744,1.0
-0.9686718889154434,0.3236567924422152,0.0
-0.93448719903691,0.35123855390804776,1.0
-0.9711634469369325,0.35007819538964063,2.0
-0.8576245839264122,0.34741458851281026,1.0
-0.8670395871272328,0.34410369549178127,2.0
-0.9414511040971978,0.28533115656346625,0.0
-0.9812096443822185,0.3249141239662614,1.0
-0.9172353306834479,0.3616125249600261,0.0
-0.9852403207561233,0.3205163159110378,0.0
-0.5698078686976075,0.38585014329109474,1.0
-0.9381497476855591,0.36418488649545133,1.0
-0.94798206432836,0.36029466235673463,1.0
-0.94395725917248,0.3321646380555846,0.0
-0.9766669713554533,0.33061574462541277,0.0
-0.9230549388095234,0.28460486349870645,1.0
-0.926297678464496,0.3155393159180526,2.0
-0.9103262184705622,0.3353961021150848,1.0
-0.9591156245589509,0.3735142168994341,2.0
-0.6628395795072599,0.22732102866458775,1.0
-0.8062965725345012,0.48658760826527625,0.0
-0.9427931001142683,0.34530951545459126,0.0
-0.9635160552193394,0.33646809513574505,2.0
-0.9641823206796121,0.3407536945154156,1.0
-0.9588813702499754,0.3619344649078242,1.0
-0.8298736866760271,0.4792907589180142,2.0
-0.9486657718541568,0.3059768848432669,0.0
-0.9492582286789113,0.3772367349849189,0.0
-0.9306287900000104,0.40058758571052355,0.0
-0.8490577405501549,0.36950070406168584,2.0
-0.969071074714005,0.30767035771400464,0.0
-0.8013885051015253,0.308935760696973,1.0
-0.953821341923046,0.34881620342372605,1.0
-0.9688726344525476,0.31516669369359457,1.0
-0.8382966125523647,0.43558180314856587,1.0
-0.9427748195363435,0.3381591695098567,1.0
-0.9019115857079523,0.3625356661103561,1.0
-0.834627529985358,0.41230346717609134,1.0
-0.9750157290371219,0.3216984230453653,0.0
-0.9277248185115281,0.41156642374842956,2.0
-0.9653998535011687,0.3171616637668117,0.0
-0.9460911153446472,0.38548300172695305,0.0
-0.9116726726833767,0.3286786370389928,1.0
-0.824625447609369,0.30758181223079534,2.0
-0.9641029413958253,0.2880985682593672,2.0
-0.964785364605454,0.33936213876853594,1.0
-0.6737578066581317,0.5829314652007213,2.0
-0.9809309894816963,0.30240666741061856,2.0
-0.9472644683771417,0.3932872981651007,2.0
-0.9696559176187631,0.348457342228167,0.0
-0.8951551685320738,0.42984415516288593,1.0
-0.9573104504132344,0.36148065369730764,2.0
-0.955966399081389,0.33007518114873013,2.0
-0.8905136811460148,0.3135644021765227,1.0
-0.9348843422059501,0.33106217630234724,1.0
-0.992259910176359,0.3019883487740078,0.0
-0.7069275445874488,0.16750235903280325,1.0
-0.9897483730347927,0.30340177821935127,2.0
-0.7400685552277407,0.3330799408980901,1.0
-0.9455311106732025,0.30464817654780785,0.0
-0.9625504519966013,0.3244813784714977,2.0
-0.9796737302303078,0.30912304474805985,1.0
-0.9083254529884068,0.34422399908330836,0.0
-0.8791844410093012,0.348364151014248,2.0
-0.9553440220328033,0.32026718103535906,1.0
-0.9520156144182698,0.3089131685212128,1.0
-0.6657840452964842,0.6063509747728157,0.0
-0.7142451016817979,0.2945009456416355,1.0
-0.8179701790739538,0.30773844376502973,0.0
-0.9363931020436366,0.3695961163095631,0.0
-0.9765778599304782,0.32334293411886633,0.0
-0.9265719727285991,0.3146016402499482,2.0
-0.8174718187603466,0.3813976938536303,0.0
-0.9695993738918561,0.34537300124163434,2.0
-0.9831197397144621,0.31271592795948244,1.0
-0.8941429131494801,0.3339457834921104,1.0
-0.9862719915130325,0.30974555080520666,2.0
-0.9871371719470513,0.28829739331452514,0.0
-0.9086479671737948,0.36513285792996636,2.0
-0.9499632389506882,0.3686714743847434,1.0
-0.9794762659745884,0.3211673044839806,1.0
-0.9568331053264081,0.32610238013437953,2.0
-0.994397267870963,0.2818647596250391,1.0
-0.8306318430053599,0.2700068424136084,1.0
-0.9580061439801084,0.3601901142899742,2.0
-0.9737268255869558,0.32974918165393663,1.0
-0.9094618464634819,0.33452289435570776,1.0
-0.9717236696292205,0.2996471802045596,1.0
-0.9721307357828561,0.324723112306677,1.0
-0.9144818822369404,0.35595600578616576,1.0
-0.8346607623991932,0.39880698309218693,2.0
-0.6618649073818073,0.7415769001471818,0.0
-0.813151593886233,0.34243132814881255,1.0
-0.9827138195583955,0.3113237866376448,0.0
-0.9390034975508949,0.3497166846692196,0.0
-0.833156531389694,0.3793111556709674,0.0
-0.8870164257626196,0.3745611193515002,1.0
-0.9732115216797677,0.3181940978809713,1.0
-0.953061368137428,0.3191240690835962,2.0
-0.7521728687977108,0.21336204276752,0.0
-0.868421958991288,0.3549415497931677,2.0
-0.9793178233299609,0.3053655968810576,2.0
-0.9548066803286654,0.3482703250266423,2.0
-0.9836764986659096,0.28352237721974366,1.0
-0.7959301030002116,0.2883071902354009,1.0
-0.9787324868964914,0.30120839337479766,0.0
-0.9690034794713963,0.3450115855401449,0.0
-0.9742983110838381,0.3303612913784541,2.0
-0.9596622545197682,0.3526955505265452,1.0
-0.9833200543246948,0.30453791187227836,1.0
-0.9595317598305366,0.29935873952674347,1.0
-0.9740123991897961,0.34066448345246425,0.0
-0.9355593047226467,0.35313149941876193,1.0
-0.957271246141077,0.3187294613014767,2.0
-0.9259186270157318,0.3219886314504246,1.0
-0.954645408643719,0.33461640968323875,1.0
-0.9326217711128859,0.37246510340474615,0.0
-0.6219951412216387,0.15747705936190592,0.0
-0.8667185090680427,0.36572682451338084,1.0
-0.9790806015375191,0.30196810713646044,0.0
-0.9703390064423013,0.3153163241139434,2.0
-0.927057045043261,0.37826352484068365,0.0
-0.9561747482769325,0.35046785502282585,1.0
-0.38189664352541974,0.3984775839771398,2.0
-0.9825616516365299,0.29915362884380453,1.0
-0.9074250658416599,0.35470399197826064,1.0
-0.9906533446947702,0.31034842966995146,2.0
-0.8440573640396686,0.38940489708895787,2.0
-0.6594626416577752,0.1470707379957253,1.0
-0.9741190223611427,0.33280479800818474,0.0
-0.9541695552019829,0.34140298161522586,1.0
-0.9017206277658274,0.35641331409821403,1.0
-0.9840472713257773,0.29806455469547216,0.0
-0.9683304052294561,0.3161394034596668,2.0
-0.6284519226702183,0.3345747126879076,1.0
-0.9528359121797083,0.3441112096042877,1.0
-0.7018085021400011,0.47317723601347583,2.0
-0.9680201435933822,0.34099090780999486,0.0
-0.5776544382754216,0.24769971567710775,2.0
-0.9482479301542944,0.3304675396303405,0.0
-0.9407402042175359,0.36690356128364365,2.0
-0.9169790926085821,0.3592726735145141,2.0
-0.8194667287426649,0.3906112945632017,1.0
-0.9633967066375324,0.3195968561060189,1.0
-0.9595137912811843,0.3072965041020456,0.0
-0.8834326930676715,0.4819881487297731,1.0
-0.8154300753564392,0.3368616419274588,1.0
-0.9721490807218622,0.32004627173190087,1.0
-0.7206922734570118,0.3066294868269922,1.0
-0.9430032468808462,0.34610690493227564,1.0
-0.9716333132741206,0.3460913690725272,1.0
-0.9003472189730425,0.32495096430509335,2.0
-0.9259041180638612,0.3389601643372055,1.0
-0.9834661069367009,0.2986807976107904,2.0
-0.9822858925440827,0.3142645015645757,2.0
-0.8188007280836691,0.3617891336479103,0.0
-0.7859194668520981,0.32533573316053055,0.0
-0.9769944440264818,0.32082573499967876,1.0
-0.9851628892134342,0.3085723478073267,1.0
-0.9185989214443191,0.36473007143685965,2.0
-0.9695630122429,0.3437068158279018,0.0
-0.9728355668709331,0.32298696541524496,0.0
-0.9734847179122912,0.283303065610639,2.0
-0.9890469413472287,0.30892637253603655,2.0
-0.9458892174630281,0.3792539701196837,0.0
-0.9457832589522469,0.3339945063383247,0.0
-0.9720791197120537,0.31780343604644673,1.0
-0.9779341468222489,0.3177002822488595,0.0
-0.9466459168701182,0.3209046600751414,1.0
-0.8520465280313702,0.28851371045281127,2.0
-0.952094378983648,0.39164577893984737,0.0
-0.9716326992472807,0.3339987741661968,0.0
-0.7718954953466478,0.19799727414567775,2.0
-0.9748039046324706,0.3010216685365738,0.0
-0.9401499746760997,0.28313715822266944,0.0
-0.9767016289286576,0.30367835399042103,2.0
-0.918894456165958,0.32486871212394874,1.0
-0.94382715965885,0.37356893598599084,2.0
-0.8037783180876549,0.35929929579577036,1.0
-0.9746146150618248,0.3174643324270378,1.0
-0.8018120254180617,0.4580947267711391,2.0
-0.9441352968412915,0.3776807103852157,0.0
-0.9601051866330857,0.3639376933669387,0.0
-0.9782197478237039,0.31554319670601283,2.0
-0.9364486495124774,0.37177090688900916,2.0
-0.8417534147894389,0.3472555026938825,1.0
-0.9678369266195422,0.3335515656745658,2.0
-0.9662491497096513,0.34617793087716187,0.0
-0.9831745687320244,0.29744854301731294,2.0
-0.948861408419927,0.3535911955038931,1.0
-0.8792004843114404,0.2865419472198901,0.0
-0.9846845873040915,0.312113122458079,0.0
-0.9320320448037495,0.2966018923259982,2.0
-0.9856213944904875,0.29468033128208926,1.0
-0.9526908846351309,0.34927482465742665,0.0
-0.9895784141649782,0.3022021558232336,2.0
-0.9492984053285455,0.3431477351212945,2.0
-0.8518919599388608,0.2721481266570466,1.0
-0.931757414253588,0.34686198111642647,1.0
-0.9410370350797119,0.3445188619136226,1.0
-0.890186033884422,0.37624984472751827,1.0
-0.9857691764427114,0.30396731635104557,0.0
-0.9793473787710992,0.3100516373354744,1.0
-0.8666508234642704,0.3791238817955135,1.0
-0.942661061058553,0.3532312400506784,2.0
-0.9470367728996776,0.31977307384183434,0.0
-0.922559976768825,0.39283523227459777,2.0
-0.48960289848611604,0.7992284946899298,2.0
-0.8282576909299381,0.27210927483054204,1.0
-0.9343350566314979,0.36701687413766176,2.0
-0.9662110091417817,0.328192749376662,2.0
-0.9738567993542931,0.3129610416418902,1.0
-0.9858168139981436,0.30796212272027323,0.0
-0.9838411546783495,0.3297337643020551,0.0
-0.9849638490333864,0.31463147901951616,2.0
-0.8523067552475638,0.4130812888168016,1.0
-0.8731251774343287,0.38425063601703474,0.0
-0.8352670471540905,0.4378018044455421,0.0
-0.8347045976784833,0.2653834631221538,0.0
-0.9473195374067724,0.3276396573535983,2.0
-0.974466992529559,0.33935614465084935,1.0
-0.9266447745622723,0.2631711524347013,2.0
-0.9592646595261356,0.3244615159256951,2.0
-0.9534847188117709,0.34719997866059593,1.0
-0.9625196110516798,0.31441876919413414,1.0
-0.9715969613506211,0.3480967061991181,0.0
-0.9369821187694303,0.37147340736702433,2.0
-0.8307708899720246,0.4829287580958337,2.0
-0.9643740082751034,0.3140202635809046,0.0
-0.9781728716356901,0.32938615579822156,1.0
-0.9419506061542573,0.3101613084179776,1.0
-0.9859006503275206,0.30612019341199703,2.0
-0.9496051225392684,0.293859586749394,0.0
-0.8403939687631452,0.294669016122395,2.0
-0.9362350606093801,0.34349646359190555,1.0
-0.983030963398325,0.28147349241728,2.0
-0.9267505448713579,0.3091166556689941,2.0
-0.8660334621874707,0.41049185250587444,2.0
-0.8505532322529712,0.3467232867972574,0.0
-0.9753039402790413,0.2817089423475556,2.0
-0.983477017485404,0.30416407612748997,0.0
-0.9487079032842037,0.31649687887580863,1.0
-0.9938420609953909,0.2875039712629254,0.0
-0.9956260062475861,0.2884583601295525,0.0
-0.8641707284230916,0.3266272384377232,1.0
-0.875178739190961,0.3063815857561931,0.0
-0.6445599882686445,0.3244070454466446,0.0
-0.9788309959153583,0.31401901142279276,0.0
-0.9670822041778806,0.296153739351563,1.0
-0.9395893057406699,0.33496076929102403,2.0
-0.9419520769073249,0.37046133241967144,2.0
-0.9323533181983149,0.3334248298374167,2.0
-0.8510295264716349,0.32063522232431624,1.0
-0.954379028268666,0.32307896327314967,2.0
-0.8674776054538398,0.30911694836378234,1.0
-0.9563934209924831,0.3273097073927904,1.0
-0.7557112099178239,0.3385528648091749,1.0
-0.9228438556022548,0.3423567740076995,1.0
-0.9849429706527417,0.307513075266896,1.0
-0.8992962628252716,0.3351188357404917,1.0
-0.9069058126328224,0.3728732551040924,2.0
-0.8491809681646385,0.36822666229776985,0.0
-0.8243852127879282,0.36872761817951655,0.0
-0.9868943171627467,0.3083761123153132,0.0
-0.7880957306465639,0.45102795222597947,2.0
-0.859599716980459,0.40441687935003445,2.0
-0.7840422816369013,0.48336160656409294,0.0
-0.9076310688389826,0.3306799425282708,1.0
-0.9171299989599965,0.3700042432969272,1.0
-0.9121252235453722,0.30473370627630486,2.0
-0.936446413478187,0.34339996995112343,1.0
-0.9916451437535236,0.3037610819264291,2.0
-0.9674883192108615,0.3316436532145816,2.0
-0.9514224535309735,0.3675614419090665,0.0
-0.9625944756563396,0.3071509606083713,2.0
-0.9704295241084807,0.3171437696916368,0.0
-0.9817055069246517,0.322368943701956,0.0
-0.9709145546032177,0.35328406069623086,0.0
-0.9895652129737214,0.3006172883685681,1.0
-0.9551561339655897,0.33675802944162087,2.0
-0.9911916274318556,0.28443167026134286,0.0
-0.9237248740999112,0.3277774486934795,2.0
-0.9582343132845759,0.32682866105535124,0.0
-0.7812585303321024,0.3220685861400943,1.0
-0.9627798507273149,0.358922761576235,2.0
-0.8365084242076435,0.31947163498342046,1.0
-0.9842900423907666,0.3146704925542789,0.0
-0.9623182157586552,0.3227814153525838,0.0
-0.9702436227023564,0.28724976449968287,0.0
-0.9440008300064736,0.3877679793228283,1.0
-0.928101586437522,0.4189327910329879,0.0
-0.9798585054041643,0.33371340292401647,1.0
-0.9679877215756285,0.3580854931395974,0.0
-0.9520882307329707,0.3398759481049163,1.0
-0.9786403897869365,0.331474943933697,0.0
-0.9201442519745685,0.3293341764606283,2.0
-0.9503180718271157,0.3686179577348437,2.0
-0.8512409726860066,0.37573099653081715,1.0
-0.35038502267406135,0.030405324231538355,1.0
-0.9240343543731718,0.3757524159997873,1.0
-0.9661549283398454,0.30021066044621075,0.0
-0.9692232149070824,0.3400866883936397,1.0
-0.9444782763191164,0.34738849076240386,1.0
-0.7441589381824598,0.39829662996604726,2.0
-0.9431769715762774,0.35648974796175065,0.0
-0.9604266143263656,0.33864646473189114,0.0
-0.9273138554127385,0.36498075696595983,0.0
-0.7898503516470085,0.34262520647216094,1.0
-0.941544905543443,0.38120209272010336,2.0
-0.9723431139228427,0.31565215867768837,1.0
-0.9799809326760606,0.33601912392684447,0.0
-0.8647920876379259,0.3873742606441085,0.0
-0.9151052511684962,0.377480679106509,0.0
-0.9543703925158187,0.36702107298512443,2.0
-0.9422536119015892,0.29116089047936683,2.0
-0.8946647874516488,0.2952118029485248,0.0
-0.9665425864740329,0.32271482753620645,2.0
-0.8854487450317826,0.43492347130034914,0.0
-0.9784975658028964,0.3099787189847829,2.0
-0.9766778341932101,0.31498796678785473,2.0
-0.857428945117633,0.39178821643603234,0.0
-0.9531971965316107,0.34603946263206353,0.0
-0.9833609094182971,0.2846574631693861,2.0
-0.9658438008837197,0.3263056057137337,1.0
-0.9505795430292444,0.34047921802230907,0.0
-0.9921630428367272,0.30157898105464903,0.0
-0.83891206933832,0.3188247271689794,0.0
-0.9443606632401255,0.35402651103647664,1.0
-0.9488880268161066,0.3123148031916465,2.0
-0.9115068685263161,0.4258809250768234,0.0
-0.9327201190415098,0.3968709208675746,0.0
-0.9914814913771903,0.3015434053176869,0.0
-0.9825237153390005,0.3291682853984588,1.0
-0.9145224199657246,0.36756317503343566,1.0
-0.975595810653929,0.3505320246716489,2.0
-0.9590729753602497,0.3168167356097171,1.0
-0.9767864803293463,0.32402047387971694,2.0
-0.9819328214539906,0.307320185149508,2.0
-0.8450491697620842,0.2853499355044667,0.0
-0.9416524125777643,0.32882666419080214,1.0
-0.930618118793896,0.39401932103151904,0.0
-0.9759543570163918,0.3172918740969168,0.0
-0.9659381602609124,0.31834399690235204,1.0
-0.9805095041703891,0.3254289518934887,0.0
-0.9614084543258571,0.3013766888681792,2.0
-0.8396472456194164,0.45609851293599024,2.0
-0.9721311617789999,0.3235253996412618,0.0
-0.9797720775522644,0.3270329226095412,1.0
-0.9500809172240716,0.34011889009398366,2.0
-0.9925582476735759,0.29575805150094125,1.0
-0.9572225295739046,0.333589739888058,1.0
-0.9468069821931552,0.3611683621868811,2.0
-0.9593709414627103,0.3604937795998138,1.0
-0.9162055203587663,0.336164288246135,0.0
-0.9752989179339775,0.2842091803612118,2.0
-0.9560929580640578,0.35408057637309515,0.0
-0.9599600092572395,0.2915043442027683,2.0
-0.9666961149473745,0.31450374783998186,0.0
-0.706781685608224,0.27685533594954903,1.0
-0.9741433653733365,0.3086092437754265,1.0
-0.9562208810057121,0.3268834250446324,1.0
-0.8173455843319343,0.3604118078380866,1.0
-0.9709104313616826,0.33208830436219816,1.0
-0.9705182304334982,0.3019235624064248,1.0
-0.919263487410399,0.35191482892865245,0.0
-0.46678126401029213,0.09371630095312689,1.0
-0.979127206750201,0.30328060435120247,2.0
-0.9816058264156642,0.3269727098339178,0.0
-0.9830078459606842,0.2999429300932741,0.0
-0.8079971716165009,0.2864126706191469,0.0
-0.9326634020828953,0.3136186482010677,2.0
-0.9831275772987188,0.3063803227862548,0.0
-0.9582936601630876,0.3545344616362144,2.0
-0.9642085927742552,0.33960223980928234,1.0
-0.6115169825747455,0.4599356500223958,2.0
-0.9845338417793067,0.28827266893386333,0.0
-0.7862455998017454,0.33613790708888946,1.0
-0.6776947201158929,0.3191754624991483,2.0
-0.6867592448278362,0.6066030326013212,0.0
-0.9663509902806344,0.3312622634014009,1.0
-0.9794431483917259,0.2948706737833493,1.0
-0.9491776088016622,0.3352749158321249,1.0
-0.9595698230183769,0.3594819065759861,2.0
-0.9828056660789773,0.30960736919493503,0.0
-0.9583102454115686,0.34049453133779856,0.0
-0.9787846163216171,0.3288979511615951,2.0
-0.8328637517921342,0.3320131208958105,0.0
-0.9641162290853004,0.35325934744995646,2.0
-0.9816589748939897,0.29190949399969873,0.0
-0.9760391858867896,0.309314860288752,2.0
-0.9239754082505597,0.27905363986650006,2.0
-0.884782173872725,0.4595126108248353,1.0
-0.6565256457139022,0.5071794254058097,0.0
-0.881606517476761,0.4308807155027962,2.0
-0.8744457620168187,0.3705987917746193,0.0
-0.8275244144083347,0.3223748004969583,1.0
-0.9800940419540581,0.31377627101000316,1.0
-0.8160037483900199,0.4348439522594853,2.0
-0.9649571085437787,0.3250342353690571,0.0
-0.9754280976430783,0.32675537103571667,2.0
-0.5355968243255689,0.44503282358497503,0.0
-0.8433707664722874,0.5019665810993353,0.0
-0.7771794863155108,0.34273878725713947,2.0
-0.9794473078716803,0.3204094979936098,0.0
-0.9359920999671566,0.37190197460080765,0.0
-0.8902261095935006,0.4256737902231039,2.0
-0.9655555752011499,0.32677601972351605,2.0
-0.9727657867222811,0.3328925895847314,1.0
-0.9478645940098388,0.3549471665883329,1.0
-0.9811525467200308,0.292114148375032,2.0
-0.9161196636179657,0.4000315256691053,2.0
-0.9758674356526988,0.3157102278099729,0.0
-0.9451376776521139,0.32858713825039315,1.0
-0.9310912443204434,0.3427423046532047,1.0
-0.9456838638939256,0.37247623794764806,2.0
-0.9724545693135864,0.3269032832252017,0.0
-0.9259288804225293,0.4034551431348884,2.0
-0.9857389380457776,0.3016150153152076,2.0
-0.981422292667672,0.316170181303758,2.0
-0.9850071016826624,0.31801984816719375,2.0
-0.9734577016320366,0.282917229750564,2.0
-0.8608361333393539,0.3091809011188682,2.0
-0.9533723113997166,0.34584888594648105,1.0
-0.9690208425194405,0.32073880496699964,0.0
-0.9398902001153517,0.40865799379758305,0.0
-0.9189228941550828,0.39475426143398856,1.0
-0.6888506911004375,0.2765196077247494,1.0
-0.7293876264390824,0.5442991691650982,0.0
-0.9902393539233331,0.29477900554091285,2.0
-0.9641793405814503,0.32512024405946643,0.0
-0.9700168747642253,0.3221295410359124,0.0
-0.9683354491746858,0.3378827617479248,0.0
-0.9105053254246238,0.39915184937783305,1.0
-0.9666861342347215,0.330784514829002,1.0
-0.9720459044847626,0.3276549068110338,2.0
-0.9339291301733735,0.30159463445886653,1.0
-0.79185720505215,0.5019957056625635,1.0
-0.9736595306120032,0.32104316600287724,1.0
-0.9467877098726619,0.36734428010831577,0.0
-0.903576459974005,0.308675688445172,2.0
-0.9710195095550623,0.3392968847976949,1.0
-0.9618619321337604,0.3142367813652769,2.0
-0.9505498821213562,0.31984987785596797,0.0
-0.7167308184907726,0.6565497350943678,0.0
-0.933321946224094,0.2967623205266008,0.0
-0.961472163904388,0.3245581524367997,2.0
-0.9616246233452905,0.30636071714055896,1.0
-0.9893645651700484,0.2957520731915325,0.0
-0.8824459544270002,0.4275115832861127,0.0
-0.94431649373285,0.34386086222598167,0.0
-0.9723964457230247,0.3310419188856314,2.0
-0.9742847278825794,0.3049259050702377,1.0
-0.9360874301038289,0.36997662986333146,1.0
-0.7825190223376725,0.5495910061708681,2.0
-0.9732545669827272,0.33523609379646657,1.0
-0.92446805575059,0.35369241693317005,2.0
-0.9753456109851846,0.31301792227660946,1.0
-0.9041074494466411,0.2958654079755195,1.0
-0.9666443104270469,0.3458077227173298,1.0
-0.9543934275902265,0.3162436676125107,0.0
-0.972567897252937,0.3272822813955191,0.0
-0.9758864062139041,0.32004469830760646,1.0
-0.8269045612479806,0.34458084618661017,2.0
-0.9822803175591253,0.31755176026663107,0.0
-0.8591799852637642,0.31733380474227285,1.0
-0.6994288430448339,0.3973358006059727,2.0
-0.7139035877947538,0.25029165297303047,1.0
-0.9382302675694946,0.3821587204689434,2.0
-0.9684129297523096,0.3150074219016665,2.0
-0.8135501206959534,0.27168916384189307,1.0
-0.9338245735725349,0.32704853537080486,0.0
-0.9528880456784397,0.36186655237966825,2.0
-0.9565569045703826,0.32629289824540936,2.0
-0.9732700763421576,0.2916392574864699,2.0
-0.9001798046311557,0.4186982711127367,0.0
-0.9633642535152226,0.30324425796015414,2.0
-0.9827183874739381,0.2958686269177649,0.0
-0.9205280092797018,0.37470743121220346,0.0
-0.801120150060627,0.40113920331967834,0.0
-0.7412686718700026,0.35763220026357034,1.0
-0.9643791429747445,0.34628686067928655,1.0
-0.9217934283865187,0.3387924548820786,2.0
-0.9647570168458633,0.3418154869125628,0.0
-0.9787938661205848,0.31482341212093345,2.0
-0.9553520753513138,0.33146588791848175,1.0
-0.9066258977610625,0.2847827267511263,2.0
-0.9626503752075211,0.33741274447566344,2.0
-0.9579547911435999,0.33653820998673617,1.0
-0.9730201345515221,0.2686341088771775,1.0
-0.9772231741608027,0.3035597118106999,2.0
-0.9854964067717438,0.3315574000589876,0.0
-0.9264486999560082,0.3166453441138216,0.0
-0.9729279376437276,0.331813800439306,0.0
-0.9886156568309703,0.30843837683757297,2.0
-0.9036473825632678,0.3518906059877999,2.0
-0.9753467937048881,0.3069771230334887,2.0
-0.9059121868327602,0.339919743349268,2.0
-0.9571659531441388,0.2941091918526175,2.0
-0.9523689883172313,0.30928676702738644,2.0
-0.9212878177948647,0.3441916715445603,0.0
-0.9712390991228138,0.2803917384425449,2.0
-0.966208861985542,0.3180869544856235,0.0
-0.9120531805203537,0.3352876469750139,0.0
-0.8469158164706823,0.32270992736465387,1.0
-0.9652775833318524,0.2841606980749051,0.0
-0.8960748759542708,0.3383853798155045,1.0
-0.9456704359801813,0.36204398896609263,2.0
-0.9796749580172607,0.3221946281255321,0.0
-0.5048870187978183,0.5397210504916773,0.0
-0.9574982566276551,0.3753901200864567,1.0
-0.8345129017559795,0.4082546287691282,1.0
-0.9686204729332978,0.3222851261337075,0.0
-0.7060985012186503,0.20683604669651648,0.0
-0.9614412166743339,0.3016514401924042,0.0
-0.8009344166684347,0.29201604323308494,1.0
-0.9329691027297435,0.40792683683519587,0.0
-0.9782062058997906,0.2971930511441885,0.0
-0.9373775021136295,0.3446124793515676,2.0
-0.9689474933045054,0.3462275165548954,0.0
-0.9835432656305312,0.31360164757105713,2.0
-0.9816933660800058,0.3080971395750227,1.0
-0.968732452284498,0.3398544197857017,1.0
-0.9640210832785034,0.34466674062344904,2.0
-0.9419733285372774,0.3476460233451527,0.0
-0.9810721916145342,0.2800814036537716,0.0
-0.9875560442473185,0.31186868694721726,2.0
-0.9774607563729956,0.27889514764795253,0.0
-0.9434239194588766,0.3632456300883778,1.0
-0.973853036886438,0.3335934120176307,1.0
0.15140147330667197,0.9999999999999998,2.0
-0.9603966868848102,0.31718612430618986,2.0
-0.9747752240909634,0.3202406884634132,1.0
-0.8564701683191669,0.33721791331827616,1.0
-0.9771746568475884,0.28852639863057467,2.0
-0.9166262550308267,0.35501906341075407,1.0
-0.9884771251322428,0.2813568184778454,2.0
-0.9297314633991486,0.3101683445167725,1.0
-0.9358941099964795,0.3414893239683432,2.0
-0.9863570033743441,0.3067697516577194,1.0
-0.8950495348689135,0.3351009642563812,0.0
-0.9509175818825086,0.3833087441828854,2.0
-0.9883595474791331,0.3017848919774848,2.0
-0.8921917232088564,0.35900239171618253,2.0
-0.9177749432155026,0.3361483790534347,0.0
-0.9730888913499919,0.3354774597346981,1.0
-0.9824479282123577,0.31214920688989617,2.0
-0.5966817722421873,0.10732356004722868,2.0
-0.9090014200592965,0.4290154852585214,2.0
-0.9423681580513108,0.3532819331063574,2.0
-0.9662642451752078,0.3211136523667011,1.0
-0.9400925754714691,0.3754993871100261,0.0
-0.9767318750887282,0.32292470093004055,1.0
-0.8978399950529685,0.32588201312491843,0.0
-0.9871986059426392,0.30504807497657027,0.0
-0.9532389796994069,0.34031662995836026,2.0
-0.9763802671706605,0.3200942978873915,2.0
-0.8893588485609385,0.3133582864729926,1.0
-0.9784198528715957,0.2867182361870439,0.0
-0.9211296623503931,0.4010885402063757,2.0
-0.9729293956378636,0.3274930666680408,1.0
-0.8952877858419744,0.41291292491146325,1.0
-0.9291480907734672,0.378465486829293,0.0
-0.9058150105958459,0.2835740200839476,2.0
-0.8700300321993408,0.4086658758019535,0.0
-0.8969439648134159,0.41192489461364346,2.0
-0.9685813902596632,0.3354116759126415,2.0
-0.9496859709928185,0.31833723109464607,1.0
-0.6811651103252174,0.3828284421171421,0.0
-0.965519992680802,0.30641214486250484,0.0
-0.6938289268794808,0.5406257460947085,2.0
-0.9816503352363193,0.3188009350521081,0.0
-0.9169719501418527,0.3294349952884032,1.0
-0.9782475198668567,0.31416414847814433,1.0
-0.6169390550260115,0.30135971018754004,1.0
-0.8724167875545701,0.4858570470314363,0.0
-0.9771133461956858,0.3226968900582118,0.0
-0.7492028697222957,0.3573908214402573,2.0
-0.5468665198986471,0.1090998995668325,1.0
-0.9684056248255647,0.32168863285765753,1.0
-0.9911497428646211,0.2936824030519946,0.0
-0.9453396098231757,0.29254491333425753,2.0
-0.9723168954637882,0.30800649296918614,2.0
-0.9355937189256613,0.34478677856332723,0.0
-0.9537923233798717,0.3673763658343273,0.0
-0.9828954661268122,0.3068957279644233,1.0
-0.9663068907326579,0.360479984763686,0.0
-0.9412529805813348,0.40282871836212375,2.0
-0.9734275400876585,0.3390662363867854,1.0
-0.9557200245489393,0.3262491117788725,0.0
-0.9666040701047866,0.3331661554198064,2.0
-0.9616125439049616,0.3175615076284301,0.0
-0.8389051230341584,0.4381225245384268,1.0
-0.9771678253563716,0.3150538080413446,1.0
-0.949874226345577,0.36132237482764495,1.0
-0.8728276551117463,0.3787857942766414,1.0
-0.7932606818232106,0.37294480948676956,0.0
-0.8891432224224805,0.4045122312064152,2.0
-0.9748979228162139,0.30184799175091565,2.0
-0.9256387736293744,0.35529528580681924,2.0
-0.9703274756323951,0.30122976905979204,0.0
-0.9807823041158855,0.3001905509949605,2.0
-0.9844302152552953,0.3151246984959732,2.0
-0.9890754201006835,0.3175886478556927,2.0
-0.8865383187011884,0.42176250894177353,0.0
-0.9065568832000739,0.3960390819599417,1.0
-0.9435226293509088,0.32688229118437306,1.0
-0.9860336214604254,0.2768127594618394,2.0
-0.940399958909477,0.38245384712017466,0.0
-0.9697423372429694,0.31876333937841694,2.0
-0.977861351286637,0.32251258015241924,1.0
-0.9504435319075765,0.3631444391306644,1.0
-0.9674384109037137,0.3522497969757678,2.0
-0.905311785646293,0.3061214691111305,0.0
-0.9612934683147605,0.3601163173236323,1.0
-0.762214023528856,0.2767927574362956,2.0
-0.9809491131427239,0.29504499035422854,0.0
-0.9806905792726683,0.3318328551209636,0.0
-0.9330181889728877,0.3240211553252143,2.0
-0.9348910156635243,0.3436264321822067,1.0
-0.9863776268578472,0.30941605794162547,0.0
-0.9545789423450016,0.3633297686172571,1.0
-0.9873337266853379,0.3074947950489404,1.0
-0.9748895145119023,0.32052324584950304,2.0
-0.7434580491385487,0.5051006184304436,0.0
-0.9917860862833631,0.301320700653754,2.0
-0.8978191828529389,0.3278378475714487,0.0
-0.7513738403281148,0.5664345153778931,2.0
-0.8466127657341977,0.3888978587380715,0.0
-0.9765736336275823,0.32941062584182285,1.0
-0.9194280878841551,0.3594925683170341,1.0
-0.9125417333227978,0.36972639903589,0.0
-0.9628986499894889,0.3013863050235872,0.0
-0.987124131129554,0.29449814040451566,0.0
-0.528594252623457,0.23160781456255974,1.0
-0.981404528081348,0.30711087448273205,1.0
-0.8544303877191551,0.48229386806814456,2.0
-0.9654666195780027,0.3537641873598126,1.0
-0.6674865253527394,0.5435610155184643,0.0
-0.9819724855094686,0.3115379826251173,2.0
-0.9604453528817197,0.350040685056692,2.0
-0.9340492622371832,0.39719698986330443,0.0
-0.9261692365983509,0.29598073284106036,1.0
-0.8920227350293739,0.3768902405123002,0.0
-0.9300978866378675,0.37101504517085737,2.0
-0.8875132718437114,0.3300349258011415,1.0
-0.9786314048312251,0.30564982293025494,0.0
-0.9652654869465109,0.3440588196099506,2.0
-0.9630876598672355,0.31636447579805577,1.0
-0.9676768336225675,0.3351985726407379,2.0
-0.8377308749122097,0.3763273829754649,1.0
-0.9679372102389928,0.3109267134007355,0.0
-0.8624562844713473,0.41715743383907916,2.0
-0.9533579339473438,0.30571763591171186,0.0
-0.9865440253600536,0.3086346823621891,2.0
-0.9639421272711203,0.35903261234397,1.0
-0.9883336543885369,0.2965042575714464,1.0
-0.8050964103181837,0.2398387521398241,2.0
-0.9710838909226752,0.33130694983585096,2.0
-0.9744022050947455,0.3129125568218138,2.0
-0.98187876596556,0.32855670770694395,2.0
-0.9226397294109464,0.35027626890695707,2.0
-0.8810375117255728,0.403434544587257,2.0
-0.9593312734406175,0.32833854901163256,1.0
-0.45814628412909125,0.7003078422203043,2.0
-0.9328735516389636,0.3005425808390481,0.0
-0.9430290942357462,0.3735043512637735,2.0
-0.977345520250437,0.3344760699077534,2.0
-0.7866434396444959,0.2375333811505762,0.0
-0.9577303541131894,0.3346785043538514,0.0
-0.979531387527755,0.3430511718652875,0.0
-0.9838717078799217,0.30622886139746724,2.0
-0.8942071053719407,0.31498963562369087,2.0
-0.9500069746950288,0.39031946123836614,2.0
-0.8623214186230751,0.36215187998681886,1.0
-0.9616559724711796,0.33792563849701,0.0
-0.9088294091671704,0.33332159516767207,1.0
-0.8396905760671284,0.31812926981220035,0.0
-0.881682178407757,0.31209945671977146,0.0
-0.680553851117432,0.2625912264401601,1.0
-0.9338875811863768,0.35904632574611917,0.0
-0.8402239869579171,0.3002379101178887,1.0
-0.9374016403968725,0.3513787347794024,0.0
-0.9781199647999744,0.3148743935067956,0.0
-0.9593022742282035,0.3053990270392729,1.0
-0.9424283322686189,0.33865705220847697,1.0
-0.9781509983305632,0.30918776699854633,1.0
-0.9195972515116015,0.3931299034443653,0.0
-0.8838148042390469,0.3338228666028185,0.0
-0.9840272521926307,0.3087104336273064,0.0
-0.9763006098606265,0.3340328315563812,1.0
-0.95539777850206,0.34539120735479173,1.0
-0.9661567018368482,0.3292949733265669,1.0
-0.8263846533049435,0.35806849053077133,0.0
-0.9879428698048839,0.3068732355598296,2.0
-0.9495193812917241,0.3724095855974835,2.0
-0.9834631863215006,0.2935803264120958,0.0
-0.9892217013196082,0.29538673712933916,2.0
-0.9737404401956228,0.32776882635691285,0.0
-0.8520163334305825,0.3586882652052503,1.0
-0.9251777298285576,0.30432305834522433,1.0
-0.9745918001665541,0.32649132043131596,2.0
-0.9585962374998319,0.34672972540521035,1.0
-0.9272611935216865,0.43178914291927484,0.0
-0.9819073130997761,0.293724205004531,1.0
-0.46850091873089605,0.7119283055418671,1.0
-0.9805377799604958,0.30462280386978247,0.0
-0.9782795330262102,0.30425242135191005,2.0
-0.9837005273874563,0.3013620813214421,2.0
-0.9465600173402511,0.333237716192106,1.0
-0.985982035370382,0.31263180845073457,1.0
-0.9820680471012725,0.323094866101193,0.0
-0.5122599455413661,0.22534422359486617,2.0
-0.9637811848510026,0.3503891531985928,2.0
-0.9743617297051985,0.31709395618221964,2.0
-0.9683434194320879,0.3361845060398269,1.0
-0.9752397266610598,0.3222350680443138,1.0
-0.8697044436070086,0.42991237739263977,2.0
-0.8571597450083905,0.45123165712779134,2.0
-0.99393965061825,0.28019803094487894,0.0
-0.9678681282107827,0.31012931574030017,1.0
-0.9872131958367666,0.3100845174161643,0.0
-0.9867623670016492,0.30368034641181274,2.0
-0.9565983184591561,0.39166261169959604,0.0
-0.8902868008680515,0.305417296494004,0.0
-0.9735264780013335,0.2991536039822124,1.0
-0.9712102085171725,0.3226115724957114,1.0
-0.578426214944463,0.4748052359253193,0.0
-0.9243056949899409,0.364375315595895,0.0
-0.9755708859070179,0.31858609573599656,2.0
-0.9698211594570691,0.2984648581162377,0.0
-0.9810505124249189,0.29957881956382426,2.0
-0.9390682635445612,0.3196578596650013,1.0
-0.9613239913948882,0.3297715957916747,1.0
-0.9069988054514241,0.38833947551171516,0.0
-0.8135958331892069,0.3779140286742066,1.0
-0.9674123253162679,0.3413038681386015,2.0
-0.5376393273771749,0.7584611918512247,0.0
-0.9103653066137931,0.39241484291233397,0.0
-0.9086751250974469,0.32872378551827497,2.0
-0.9766120082909743,0.2883939608057814,2.0
-0.9777194154324982,0.3012446552252725,1.0
-0.973505583242702,0.32550807993446834,0.0
-0.9635188496553145,0.35170952050500515,0.0
-0.9894808931262242,0.3057434260510092,2.0
-0.8664413301438936,0.4405428960134212,0.0
-0.9882543009818655,0.2872690713660125,0.0
-0.909549153725206,0.36713745119965363,2.0
-0.9814384574694377,0.3072632622240551,1.0
-0.9603340624530372,0.3378074706496164,0.0
-0.9517065450648861,0.3541546769187518,1.0
-0.9750369061248064,0.32473710996155286,2.0
-0.9785518204024575,0.2836770863989816,2.0
-0.9691242210486003,0.3011227105916822,2.0
-0.7693041331036591,0.29090932762837324,1.0
-0.9486386529174996,0.34019715537124906,2.0
-0.9717528420417205,0.333964857306436,0.0
-0.9270246924939093,0.34063875776715663,1.0
-0.8702252852077893,0.36876841697888485,2.0
-0.9178937401917105,0.42607540769016117,0.0
-0.9714127298236794,0.35290669701407723,0.0
-0.798116733069478,0.4509322297081662,0.0
-0.9681630518900867,0.31383603452836084,0.0
-0.9383436233385003,0.3522062335489942,2.0
-0.45223985690957236,0.2658665375485003,2.0
-0.9478536356056324,0.3192785976780068,0.0
-0.9859472041559573,0.3058270331359597,0.0
-0.9749160794478584,0.33166454925030653,0.0
-0.9322244298337912,0.3268867822825197,1.0
-0.8727730237129836,0.37871024263864594,2.0
-0.9734171950103787,0.3350866287318963,2.0
-0.9833461468942257,0.3222817665525715,2.0
-0.9113070961684843,0.3456084929531339,0.0
-0.9881650208932835,0.28707882264458,0.0
-0.9918210366510788,0.2928539374346844,2.0
-0.8648285660006794,0.40736573314273455,1.0
-0.950810985953432,0.3472960030473965,1.0
-0.9360036711873362,0.35967986250044126,2.0
-0.98998502368076,0.3014905318975435,2.0
-0.9788516066410025,0.3170598797231952,1.0
-0.6798011122369707,0.28778962950053827,0.0
-0.9715283898850928,0.31406976732003977,1.0
-0.9753675144715832,0.2974708037656197,0.0
-0.892792759482664,0.34560666240462523,1.0
-0.9418816436448413,0.34077854713345845,0.0
-0.9884202341500877,0.29754067459069145,2.0
-0.8863367181003471,0.4199236490353329,2.0
-0.9494932771783315,0.36768309698828305,0.0
-0.9678541235670887,0.3064391792087426,2.0
-0.8039096443713358,0.508097869892244,0.0
-0.9791114816469048,0.300297184191772,2.0
-0.22244265624663717,-0.3853609468284862,1.0
-0.9735120097817405,0.3148096380600537,0.0
-0.8570408810789103,0.3404989954479598,1.0
-0.9802075680812452,0.3125004360821018,1.0
-0.6662482636466189,0.5512418330757057,0.0
-0.9388886940563301,0.34928211448083174,1.0
-0.9629056112202508,0.3638116020043805,2.0
-0.9925637618910017,0.31612655040063053,0.0
-0.9677358689108871,0.3504122829658479,2.0
-0.9588140653226856,0.3193430948655154,1.0
-0.9742538375621524,0.33532695565964243,1.0
-0.8995756515836353,0.34331768722347344,2.0
-0.8170506373644002,0.4635045236899519,1.0
-0.8804496180806489,0.3740012320825996,0.0
-0.9920955293740343,0.2991531488838045,1.0
-0.7122209153527745,0.19909336705993722,0.0
-0.9613444470315221,0.34855958088112743,1.0
-0.9114999771430468,0.3418199844224196,0.0
-0.9023931673636658,0.35616989919920994,1.0
-0.9444768999459019,0.3318099184665961,0.0
-0.9054285139649206,0.3575222941562805,1.0
-0.9312029994771067,0.4093203813354603,0.0
-0.8660577926931594,0.4096429173484269,2.0
-0.9572947002599628,0.3326135056942806,0.0
-0.9752003101796769,0.3145601353653955,2.0
-0.9771148180736486,0.2900230861327185,2.0
-0.9561321564730483,0.3623969890202601,2.0
-0.8122244644041267,0.3439787116677686,0.0
-0.9408594041470454,0.39782702699165695,2.0
-0.9041110488332222,0.2911729494120358,2.0
-0.586021542646477,0.34929262848295634,2.0
-0.8999652413802592,0.34001655773366235,0.0
-0.6504399197283259,0.5216607251865519,0.0
-0.36120415697980657,0.24012756032164445,2.0
-0.9632534852254068,0.36825968037601997,2.0
-0.9277841680519481,0.3934373078386464,0.0
-0.7410484096926893,0.3245204166470406,1.0
-0.9537318232378016,0.3776809750949299,2.0
-0.9819334035236332,0.3061415758123798,0.0
-0.9650537817729251,0.3202942618642984,0.0
-0.6303848972700887,0.3191079000734491,2.0
-0.9420453227625444,0.32818551767098464,0.0
-0.8157020872887122,0.2753561390864775,2.0
-0.9678523078805821,0.3166110532491961,2.0
-0.8247425753361998,0.30054642264622017,2.0
-0.9337177283293642,0.3599669514440797,1.0
-0.9600833949511975,0.37306160105691255,0.0
-0.9911840617037668,0.3027195133813997,1.0
-0.9799117168321637,0.31003436041959237,1.0
-0.8633349865797155,0.31344589142957885,1.0
-0.967980108960743,0.31568874001560554,0.0
-0.981134596287434,0.3310255750975641,0.0
-0.984278029210397,0.3113862623499108,1.0
-0.9580656615437694,0.32171391048830494,0.0
-0.9806949523145759,0.31060751540080844,0.0
-0.9875897805171463,0.29766722176212707,2.0
-0.9780765383714096,0.31624021848724837,2.0
-0.7581929747071828,0.19866626070601143,1.0
-0.9747502224853731,0.31475621545548704,1.0
-0.7640662094111829,0.5202688823294227,2.0
-0.8631592213924593,0.3953092839114098,2.0
-0.9675214064178019,0.3392174972506308,2.0
-0.8994305359241791,0.4367775262792553,2.0
-0.9041669244793968,0.33591226973632604,0.0
-0.7844539673996506,0.31402094380924,1.0
-0.9722089143894669,0.31800167684922515,1.0
-0.9909283805705733,0.29928123429646314,2.0
-0.9753891857693335,0.3073881112183232,2.0
-0.9632191287183124,0.33046392409855263,0.0
-0.897552525984718,0.2856709333435755,1.0
-0.981212075469973,0.3083634928168725,0.0
-0.9437275628074682,0.4048135465043856,2.0
-0.8653953498116539,0.3715105055028296,1.0
-0.9635256752085471,0.3591282112537792,1.0
-0.9648461652519095,0.3305922563019182,2.0
-0.9563107949406342,0.3117596549938018,2.0
-0.9743043930595191,0.33113975871050744,1.0
-0.92683153138061,0.2777799136625766,0.0
-0.9212818870695415,0.2890998418219434,2.0
-0.9529886354522076,0.32007148110461775,2.0
-0.9897487064810955,0.2869867442026271,0.0
-0.9761465283152525,0.2828596566131917,0.0
-0.8639107747877913,0.36095039097672643,1.0
-0.9150266701562594,0.2964325231085566,2.0
-0.9087441774287119,0.3877254276887293,2.0
-0.9467623305427101,0.37957719444363963,2.0
-0.9598039479549181,0.31864834859743785,2.0
-0.9825734420272645,0.3081981012869108,1.0
-0.9545063561772934,0.33918496792259284,0.0
-0.8902214028022902,0.3099647097881976,2.0
-0.9221077787364904,0.278384615747706,2.0
-0.8487478262404262,0.33306908768517074,1.0
0.2571747843961394,0.08697473482515555,0.0
-0.9883949477460179,0.2900126708482774,0.0
-0.7430903182023476,0.44265164170506943,0.0
-0.9863111451242396,0.30396264924133204,2.0
-0.9854403234899264,0.30271909079710135,0.0
-0.8415581247711994,0.37109699071094865,2.0
-0.959023572493217,0.32774899266648355,0.0
-0.9440248804575891,0.3542254273618718,1.0
-0.9158207834939024,0.36106975040129596,1.0
-0.9241666995907186,0.34144220839652345,2.0
-0.9869525603398512,0.31773873533787284,0.0
-0.9110634379098187,0.42838418187054517,2.0
-0.9648112273401315,0.3555159070756993,2.0
-0.9847651473069812,0.3137337061070908,1.0
-0.9197629059520541,0.3018569702269249,2.0
-0.9796871842300691,0.3262945865452142,0.0
-0.7750970347613226,0.2944398664556207,1.0
-0.9327491671177834,0.35772742937259144,0.0
-0.7167965963543222,0.40762654778302465,0.0
-0.9058595523583491,0.3482612201077673,1.0
-0.951167929219114,0.34036984245010626,1.0
-0.9325133658483329,0.3147615984142085,1.0
-0.9556424867423761,0.32511460822498034,2.0
-0.9826216055444059,0.2876678545346067,2.0
-0.9799728432082413,0.3279076238084463,1.0
-0.987641417718515,0.2975509510663681,0.0
-0.9309028158276335,0.36063160952366496,1.0
-0.9374650777912288,0.3277210018728395,0.0
-0.9454665485516115,0.36275331799211485,2.0
-0.9498083393800549,0.33979765544963975,1.0
-0.8119013419768379,0.41489463146428396,1.0
-0.8644461996280903,0.3045466431241628,0.0
-0.9884870665118765,0.3153004026343974,0.0
-0.9733318009837177,0.3272220025220008,1.0
-0.9739984723857996,0.3015579924639116,2.0
-0.9497265750449002,0.3188553659857171,1.0
-0.7322060867979316,0.3287371015185227,1.0
-0.9877864573097463,0.30872682709961213,0.0
-0.9791833641816575,0.2968891505505135,2.0
-0.9646193606474632,0.33063768077117245,2.0
-0.9769366605982746,0.33818248338230017,2.0
-0.9697897714652568,0.32578217047432806,0.0
-0.9890963513163195,0.28962309500438743,1.0
-0.9650991524766986,0.34635286803470094,0.0
-0.8367310241143158,0.2933524230244749,1.0
-0.7726704227097271,0.40848775218084005,0.0
-0.9680364181783712,0.32720643694873486,0.0
-0.9602685457623484,0.3645149887271598,2.0
-0.9569952359019093,0.33768451352150586,1.0
-0.8578143479639307,0.3102367364249566,1.0
-0.8656310302829353,0.36851496626557695,1.0
-0.5229163410040547,0.31945895942338465,2.0
-0.9758868517400447,0.31778559786643296,1.0
-0.779637373459461,0.5840848627993417,1.0
-0.9252295429597343,0.35401711750808723,1.0
-0.9728073909191279,0.32167541869341887,1.0
-0.9434898061904053,0.32751369182182427,2.0
-0.9600983814969805,0.3371374127181488,2.0
-0.9327028234962937,0.4040872725268282,2.0
-0.7487912020998747,0.2257182915402527,2.0
-0.9567121521143038,0.2986065822946512,1.0
-0.976269206155225,0.32118263454245044,2.0
-0.9624579135697221,0.31033111464763635,2.0
-0.9336273980149931,0.37767479219613587,0.0
-0.9300575026457832,0.3642888300587386,2.0
-0.8239887352600361,0.33570793860397485,1.0
-0.9376151328557444,0.34754863031719324,1.0
-0.9421889334536604,0.322218906125616,2.0
-0.9783789466135727,0.3145208653738068,2.0
-0.9772033637655958,0.32132586348571657,1.0
-0.9635081150649797,0.33957379739845,1.0
-0.955768842535646,0.35211475652197904,2.0
-0.8736252660155115,0.376062632574372,2.0
-0.8743470632258847,0.47654626232202124,0.0
-0.9885156956823256,0.297162656683304,0.0
-0.9059192250564123,0.3904727639574551,2.0
-0.8289088245432674,0.4507396647475975,0.0
-0.9505510660650409,0.38306386221362904,2.0
-0.9363999752740072,0.3329682844201277,0.0
-0.979162853353652,0.3081327122952331,2.0
-0.8838093136719454,0.28541750386816256,0.0
-0.8374075310113591,0.38226442125678595,1.0
-0.9026343965265602,0.3440959786973875,1.0
-0.9585799428323799,0.3523450381232167,2.0
-0.9736008303414951,0.3267720663461512,1.0
-0.9767930170079699,0.32688070975572453,1.0
-0.9622774754797819,0.3544412191683192,2.0
-0.835454904914132,0.30123703741359975,1.0
-0.9529804549584103,0.33836265676072036,1.0
-0.8429043481918913,0.299114173767094,1.0
-0.9417575234359215,0.37165984664883783,2.0
-0.6391689350767941,0.3257070006449442,2.0
-0.9793058103061116,0.30960381623668504,0.0
-0.9351098939571254,0.3129230582053826,1.0
-0.9690203010708484,0.34082206147790367,0.0
-0.9016747866243218,0.272435864179903,0.0
-0.6641534749001365,0.10383947447704722,1.0
-0.9510874878391382,0.3053252661472229,2.0
-0.9893539371302846,0.28811595748328134,2.0
-0.9150963708321833,0.3078158758958711,2.0
-0.9381724585175025,0.32727320020449624,2.0
-0.9701505499951839,0.3384823674710662,2.0
-0.9682099495354484,0.3177335292722545,0.0
-0.9714921582843407,0.3355402496803891,0.0
-0.9173934587753471,0.3915268606010235,0.0
-0.9709517574409258,0.3334588117271002,1.0
-0.9663113198379685,0.31998433011416805,1.0
-0.8973695491740261,0.421308901543546,0.0
-0.7875616317045117,0.3548359071096276,2.0
-0.9626874701620847,0.3526125178531171,0.0
-0.9547034737638468,0.3787869634325924,2.0
-0.9762871375106021,0.31719101857176196,0.0
-0.8049197793785862,0.3763531229790166,1.0
-0.9426197423843359,0.37688999703086723,2.0
-0.9376854767556374,0.35565645119953376,0.0
-0.24146110163679801,0.400015732729613,2.0
-0.9034738939757091,0.427787658944625,2.0
-0.8980228653971206,0.43318036464836784,0.0
-0.8317718794074567,0.3901035668367582,0.0
-0.9405785346438209,0.3919336816391603,2.0
-0.8624008433147764,0.30918898511662746,2.0
-0.5460281350252056,0.22108201529506505,0.0
-0.9232258262820154,0.3785174097982268,0.0
-0.982718404944136,0.3176344527564209,1.0
-0.9571440297911307,0.31268052011803704,1.0
-0.9595965586675066,0.3362016710820516,0.0
-0.9644414392255061,0.355208965760151,0.0
-0.9766946117364639,0.31142088946690477,1.0
-0.9392582574535415,0.36751095412300877,2.0
-0.9719129904380727,0.3176545005478912,1.0
-0.9228231313827727,0.36657555696495564,1.0
-0.8337230868563882,0.3235810383143296,1.0
-0.8311297768914406,0.26276340829818734,2.0
-0.9849858068726015,0.3025708312039976,2.0
-0.9723488610344553,0.3349010650413739,2.0
-0.9599759093341542,0.3061434263076662,0.0
-0.9232383831111101,0.3505735960701468,2.0
-0.9505414035374211,0.3578678991117253,0.0
-0.9881020159607852,0.30711223623826556,1.0
-0.9480608388699711,0.38635296172451206,2.0
-0.9716142430561118,0.2999547253901403,1.0
-0.9509788104435682,0.2873153336657972,0.0
-0.9071083098630552,0.3324852064004188,2.0
-0.9750626581473353,0.30357415860586406,2.0
-0.9496577321076844,0.3293351890733443,1.0
-0.9528732647608453,0.3370062138052676,1.0
-0.8725497632129714,0.40041202675747783,2.0
-0.9950095151255169,0.28554469666445487,0.0
-0.9475317501597574,0.3697150369364477,1.0
-0.9875577996932439,0.31447932071778517,1.0
-0.9679744760409755,0.3170806557286548,2.0
-0.9733991054013538,0.31645582921146104,1.0
-0.7768551426001498,0.3149010210413899,1.0
-0.9280437328744905,0.3687586836930131,1.0
-0.926043495622643,0.3969316975819967,1.0
-0.9020873138283858,0.3043291575046706,2.0
-0.9808727382866417,0.3141901992959588,1.0
-0.9193490057406425,0.31370479239952825,2.0
-0.9812322154909242,0.3316588737839903,1.0
-0.862245050265033,0.29557871200574665,2.0
-0.9882524589414293,0.32031683748335715,0.0
-0.9726346636435003,0.31282524041016624,0.0
-0.8932143482352509,0.31532752837536177,1.0
-0.9110856606456765,0.4048795423638272,2.0
-0.9199858658870761,0.3454837303155007,1.0
-0.9480935273499933,0.33065166036972776,0.0
-0.8239764585847507,0.30697813013734326,1.0
-0.9576144951897587,0.3533559750419272,2.0
-0.9760268746408023,0.3336423801144452,2.0
-0.9576807682602275,0.3365862440816148,2.0
-0.9847976983190196,0.31269875658211976,1.0
-0.9389175707736195,0.3858549826938559,2.0
-0.9412756954127837,0.336423243211818,1.0
-0.9742182339470711,0.3186887074426242,0.0
-0.9275141588535011,0.3325966162980876,1.0
-0.622455873337568,0.4147594221753542,0.0
-0.9766012892478355,0.3320221624802897,0.0
-0.9742220792474687,0.33146908581576945,1.0
-0.9742841336526954,0.3391269099201783,0.0
-0.9788831503766997,0.3194693375250478,0.0
-0.9697076982894021,0.3442916942811996,2.0
-0.9196965410514183,0.4093831617914695,2.0
-0.9416622986067649,0.32698287431766737,2.0
-0.9852696995610793,0.32158501174903864,1.0
-0.9815797584361962,0.2991672038888832,0.0
-0.8227343469662982,0.33667747723436015,2.0
-0.9595783857441059,0.36483532086161397,1.0
-0.6285734377421218,0.6960306192440076,2.0
-0.9721074229539822,0.3166777259650023,2.0
-0.7697373328341744,0.34383701254462895,1.0
-0.9566072810493637,0.3388892854629421,1.0
-0.9683597284268205,0.3461063038994331,0.0
-0.9196231929173672,0.34603329171329755,2.0
-0.9931593326676277,0.29017781056898906,2.0
-0.9780139508048109,0.2885092658415119,0.0
-0.7460040635272595,0.3363810294807515,0.0
-0.9674100216003249,0.29805648028477805,1.0
-0.9465359885997202,0.3671580964460117,2.0
-0.3105159518538353,0.3154077598269212,2.0
-0.9702649199207545,0.33580069612833563,2.0
-0.7581984202542874,0.33954678345334105,0.0
-0.6746922667089315,0.4808361348767157,2.0
-0.9895905725480617,0.2896537980615604,1.0
-0.9706579194777796,0.3142963501491127,0.0
-0.9265939895425842,0.3420429643304526,0.0
-0.8714746974581398,0.3522729737631368,0.0
-0.5188746181455645,0.2864684296180698,0.0
-0.9562287414243883,0.3280977782433785,0.0
-0.9818571218859223,0.3216315487607136,2.0
-0.9720392720196455,0.34648503564110084,0.0
-0.9756843827263044,0.32375965412160607,2.0
-0.9807385969389989,0.31228141952588967,1.0
-0.7004652340410282,0.6384853617152177,2.0
-0.9176444015796353,0.2752150183477769,0.0
-0.8955896150803008,0.3742477000562633,0.0
-0.8977689192551651,0.261222007697527,0.0
-0.7993712422397788,0.303172196696878,2.0
-0.9749728816908855,0.3086943509857697,0.0
-0.9608910215295601,0.3631274457808049,2.0
-0.9837668474831158,0.3073870247970813,1.0
-0.9768866041656111,0.33243515839644955,2.0
-0.9271754010125062,0.385642439460862,2.0
-0.960478009118431,0.3463880938417608,2.0
-0.9470715001103079,0.3432380539607227,1.0
-0.947807546098631,0.3471181525755134,2.0
-0.4627964378849441,0.6853783755063909,0.0
-0.8553291470960733,0.4156843309118639,2.0
-0.9625577475342709,0.32121685044401427,1.0
-0.9740683507817041,0.3291102976897304,0.0
-0.9404279158929253,0.31998924711702464,2.0
-0.9654258711230814,0.34031252720438415,1.0
-0.9898639400404267,0.2980216806224177,2.0
-0.9761880325230802,0.3154410408876822,0.0
-0.9892458587692748,0.2999825199230361,2.0
-0.9498629555583606,0.32058329145959313,1.0
-0.9949846002445799,0.2848531845834581,2.0
-0.9461708869773436,0.3377128306036729,1.0
-0.8711675832704008,0.3734651258927277,2.0
-0.9751960104112806,0.29156858011132186,1.0
-0.9709385466388802,0.2990791974350933,1.0
-0.9873594689079854,0.29985105986347926,2.0
-0.9492170707626757,0.3537026679076447,1.0
-0.948862237708424,0.34522467516765903,1.0
-0.8330432530456116,0.360613867569755,0.0
-0.8908977312889838,0.29168145220431324,0.0
-0.9454994564373684,0.3884220742051832,2.0
-0.8743400883099359,0.37263959485876835,0.0
-0.9743567645153702,0.3263726428084609,2.0
-0.8942995331751628,0.4224267482875149,0.0
-0.9378982625528539,0.38796332026704844,0.0
-0.9842114489546092,0.32787069184568457,0.0
-0.9822374003401307,0.32938581995162763,1.0
-0.8362721096331674,0.4316228904746912,2.0
-0.9690212764236747,0.34429959705752206,1.0
-0.9850578038063086,0.30773978944162433,2.0
-0.9627444909260816,0.28783766840032626,0.0
-0.9753333888015201,0.32202796948694956,0.0
-0.9779921860211873,0.31222613478963623,1.0
-0.9754900233974084,0.3237313067507955,0.0
-0.9544066716903171,0.374106456125931,2.0
-0.9370215963566794,0.32930726983727854,2.0
-0.8226570480195183,0.36244804078364556,0.0
-0.9699045695522436,0.2984640553039279,0.0
-0.9693523994242951,0.331007653139946,1.0
-0.6232828400099324,0.7649911227873114,0.0
-0.9052432950213711,0.353946936413498,0.0
-0.9725925463143513,0.2872373752143496,2.0
-0.9365583578646762,0.35846610066617834,1.0
-0.7500006720147645,0.21955456100070314,0.0
-0.9529478365501036,0.3467409822017465,2.0
-0.8386984495447909,0.34683918545548786,1.0
-0.9461689186662066,0.3566885270463953,0.0
-0.9063241751500865,0.3789858100932515,0.0
-0.9428478965629558,0.29972860856696537,2.0
-0.7560868248165284,0.2591513662467259,1.0
-0.9272654723540475,0.35078446156263066,0.0
-0.8362753825792604,0.46792532316581437,1.0
-0.9460153884641721,0.3317699377193222,0.0
-0.9869390447672336,0.29845040930776146,2.0
-0.9783223595443807,0.33664186502255433,1.0
-0.8360725843021581,0.39547604864060476,1.0
-0.7559803004061016,0.3389739739232119,1.0
-0.9515507544924161,0.38476664575790714,2.0
-0.9765371256391874,0.3382201137651192,0.0
-0.9129088903087221,0.3619868348164526,1.0
-0.9311520422427673,0.3744598919331414,1.0
-0.906664609776613,0.3296010217085294,2.0
-0.9737247203535686,0.3311802816595423,1.0
-0.9598626252484763,0.3634723418062329,1.0
-0.8293763317658405,0.2677075003945651,1.0
-0.923519786805068,0.35576389015007026,1.0
-0.8024525791224362,0.41558385940822806,0.0
-0.9523157330687123,0.3295987549599243,1.0
-0.9522700303667703,0.3223582365220696,1.0
-0.970016245790498,0.31676301841866056,1.0
-0.960158020238772,0.3385908602094005,1.0
-0.9869042644392406,0.31203423987603834,2.0
-0.9841623507289393,0.29922394686020604,0.0
-0.9421967247792337,0.28725602810694534,2.0
-0.9889516319988402,0.3084470895726992,0.0
-0.979737845467719,0.3145999169883494,1.0
-0.9796246587262726,0.2814229069547655,1.0
-0.9610836786118697,0.2937773705146567,0.0
-0.9063836828878745,0.30726258746324997,2.0
-0.9203767173604994,0.336314728480261,1.0
-0.8924865649376044,0.3649630648499702,0.0
-0.9691889042466713,0.33873377353677236,1.0
-0.7395707194958167,0.44009081081946644,2.0
-0.8983086045576193,0.35455774105897464,1.0
-0.9732595595747613,0.3034250709682539,1.0
-0.9754472004231276,0.32072567788366735,0.0
-0.985544233734395,0.28325487454483245,0.0
-0.9778225534729889,0.3059102059479097,0.0
-0.9901498197082749,0.29377762546682795,2.0
-0.9051437012205072,0.31641704957220584,0.0
-0.9484611700758472,0.3294497386745455,2.0
-0.9501500695665155,0.3679371082489901,2.0
-0.9836916821849676,0.29623240939458645,2.0
-0.9771278746012845,0.3322507501510521,1.0
-0.9612502882835084,0.34052053681778505,1.0
-0.9484839918955408,0.3535286661818086,2.0
-0.8585511300060166,0.3002165751211819,0.0
-0.8207447236747847,0.2597024776065926,1.0
-0.8805465577828676,0.3650268063091109,1.0
-0.8765003607462466,0.3447879131635504,1.0
-0.9571641696335739,0.35137707216442315,1.0
-0.9748079016725627,0.33160353379885793,0.0
-0.7747969681374427,0.39526240631259446,1.0
-0.973692950051434,0.32490839444986214,2.0
-0.9552822184572578,0.3319150350004762,2.0
-0.9008431211752583,0.2966297873388351,0.0
-0.8343298834023131,0.35559738647026734,1.0
-0.9350250851722708,0.3143898010781296,2.0
-0.967248092992515,0.29949302833880276,0.0
-0.7809699248287757,0.26643118077707306,0.0
-0.9533112345350682,0.3348872902662799,0.0
-0.84402096188301,0.3933463128388021,0.0
-0.9779060058449975,0.32618467519449335,1.0
-0.882518424248812,0.2794224146084322,0.0
-0.9562245512110323,0.3615058341457026,2.0
-0.9623458906186898,0.3397288392377638,1.0
-0.9477868187114092,0.31556970565767023,2.0
-0.9317829228065981,0.3827356059713964,2.0
-0.9689772027677638,0.32234347834470867,1.0
-0.931674050334658,0.3875160186662161,0.0
-0.9930344029805607,0.28111725524346387,1.0
-0.9644488367094551,0.29974265487628593,0.0
-0.9603429816443316,0.3306010184817011,0.0
-0.9335926536727966,0.3764806078294066,0.0
-0.971911617106677,0.33012129299991666,0.0
-0.6694346476805961,0.30969748350184795,2.0
-0.8766142264513109,0.3354537567723838,1.0
-0.8330391939842526,0.2755398224934302,2.0
-0.8758168345226454,0.2852484712886869,0.0
-0.9776386660277667,0.3275372385507648,1.0
-0.9498254441847578,0.324398078713319,2.0
-0.9518988713429773,0.36309002111823907,1.0
-0.9065952087587817,0.33697928600679267,1.0
-0.9755928263806373,0.3133495565520142,1.0
-0.9366022933739403,0.3522024359316291,0.0
-0.9495956364278874,0.27669206442940014,0.0
-0.6773032663945768,0.5975866411819835,2.0
-0.9646310006296304,0.3350769257836705,2.0
-0.95231162356894,0.37826934211447455,2.0
-0.9060625877023329,0.4134489889001891,2.0
-0.9844165570093069,0.3004459761743947,2.0
-0.9603662422284818,0.3288847630458639,0.0
-0.8245752133432481,0.4077987917547494,2.0
-0.9780675925640867,0.32746758204996146,1.0
-0.852182239528904,0.3791736966159386,0.0
-0.9906159420963362,0.311744760533935,2.0
-0.9711665211247945,0.2807897282019377,0.0
-0.9069960509563204,0.3559754763556511,2.0
-0.8530623140765752,0.3270939634820472,2.0
-0.8308750641016543,0.39920779440619686,1.0
-0.8889861139352251,0.35278328948970183,1.0
-0.9154185732716253,0.3338035838716993,2.0
-0.9143602078350007,0.3878594268797676,0.0
-0.9629273645634736,0.32815532633876626,0.0
-0.9761531004790128,0.32702819172227465,2.0
-0.9110526896104212,0.3570906904273255,1.0
-0.9636938752051081,0.30205685581700564,1.0
-0.9131564627589404,0.36532727573559315,1.0
-0.9548951671274226,0.33419325745968076,2.0
-0.8503624025407405,0.3842143027652243,0.0
-0.9332332105352619,0.3680735667670667,0.0
-0.9653282089175669,0.3446457882649288,1.0
-0.8584999768411822,0.2862477889109731,1.0
-0.957258472601592,0.343032639475539,2.0
-0.9276231671748132,0.29606056766900435,1.0
-0.9811345507133338,0.3144410511475736,0.0
-0.9853368509608048,0.3068273625618781,1.0
-0.9936427162789536,0.29776422361507293,2.0
-0.9812196070824233,0.3067384145169051,2.0
-0.5280193218338662,0.7907162430616625,0.0
-0.9635164392746487,0.33305144753277793,1.0
-0.9399613246874596,0.3442614458271738,1.0
-0.6272004910992626,0.49478616235948725,0.0
-0.9876653396501812,0.31728064280197965,2.0
-0.9629522910396062,0.3158217879418185,1.0
-0.7273410950616677,0.6570774490030769,0.0
-0.8378543673541732,0.4623984694230857,2.0
-0.9759470760503709,0.3248414546018068,1.0
-0.977332270530758,0.3147109072786912,1.0
-0.9500756332839272,0.3777394656521717,2.0
-0.9372171257151888,0.36795660272970426,1.0
-0.5958958823485008,0.1307600430037563,1.0
-0.9650439804898454,0.3560249318972282,2.0
-0.9541645691253522,0.3691896350585169,2.0
-0.9910755696012186,0.26892921012539944,0.0
-0.9526926912964616,0.3263146909368704,1.0
-0.9090306405093574,0.4129195051942422,0.0
-0.9784222385007313,0.2999310358577667,2.0
-0.9717779265157729,0.324591660482867,0.0
-0.9436172952111342,0.3153519906465131,1.0
-0.9376321112000304,0.3478942596529543,1.0
-0.7768384848577184,0.2458383984837112,2.0
-0.9663267149680911,0.33363483538522765,0.0
-0.9910241791301723,0.29150770352610994,2.0
-0.9734202757181137,0.32192594072248176,0.0
-0.9197367414841865,0.37896948442368406,2.0
-0.7911144839057189,0.32336672899960905,2.0
-0.9802466356040447,0.30413249784965724,1.0
-0.9869345027954222,0.2958845688992449,2.0
-0.9613382266626387,0.354478763730422,2.0
-0.9635654754502743,0.31530022783972583,0.0
-0.6827207886813811,0.2871703670950543,2.0
-0.9577535458265637,0.3268415843058024,0.0
-0.9466774859082968,0.32104800241576037,0.0
-0.9676632759112385,0.3311589530978962,1.0
-0.9141359951327169,0.1932668349054767,0.0
-0.9753874075669255,0.3261629914361033,0.0
-0.8568475930906284,0.3914909924436399,1.0
-0.8374205556665845,0.3288765628482098,1.0
-0.27406534846439357,0.6346236658609192,2.0
-0.9410527304044368,0.3663694962090978,2.0
-0.9884728381153288,0.2857555815986981,2.0
-0.825885842804353,0.3761759013231868,1.0
-0.850921888895682,0.3323856622104028,0.0
-0.9182605605752009,0.3069149743568101,1.0
-0.9133152576090523,0.3742771806634828,1.0
-0.9906949163767312,0.2883966884441477,2.0
-0.7805701446747674,0.3312527855645762,1.0
-0.9838112620297644,0.30163005730167064,1.0
-0.8793336810674678,0.36604078953516817,2.0
-0.5589692136977267,0.22045161280117667,2.0
-0.9578061925573929,0.3240668240534289,1.0
-0.963971321607246,0.3520264963093452,0.0
-0.9303796613168811,0.34858760028947094,0.0
-0.9296565652368414,0.41409555769702233,1.0
-0.94341724031194,0.3255944556225407,0.0
-0.9544655345296155,0.3828207715346012,2.0
-0.6464316461323247,0.6437134709353268,2.0
-0.972353094740081,0.34452160453260633,0.0
-0.9378631124369514,0.32139584913155983,0.0
-0.971460137481767,0.3167631207550954,2.0
-0.9875816038150419,0.302997979607626,0.0
-0.9556096825254782,0.37378570666367283,2.0
-0.9533548251299374,0.35055993256841056,0.0
-0.9858943470181546,0.3086270945081091,0.0
-0.9750755762672321,0.3119267890455175,2.0
-0.9869607977426836,0.31372428435709954,0.0
-0.9078504477564256,0.3312206065426079,1.0
-0.9209323438392056,0.33476475200957206,1.0
-0.9654535890962984,0.33189117523030837,2.0
-0.9795509467258139,0.3131138659681707,1.0
-0.8565146914463048,0.2665402484800727,0.0
-0.6809059624186299,0.33988760720246797,1.0
-0.9640715895493064,0.35613405057591,2.0
-0.9737409352677958,0.2991072361509658,1.0
-0.9022930218959271,0.383997379259298,2.0
-0.9929890974754931,0.29460288325552014,2.0
-0.8656953773106757,0.33361969946838427,2.0
-0.9522927174938857,0.3723288591420505,2.0
-0.9514745097608777,0.3278379949564014,1.0
-0.6459185552282023,0.527341016123815,2.0
-0.9355184082998822,0.3244842933397716,1.0
-0.931967957083494,0.37159374949773505,0.0
-0.9297767255373178,0.3551760734171164,2.0
-0.9065473323228586,0.33828246548681007,2.0
-0.9099544541836225,0.3589467354922937,1.0
-0.9328202000467023,0.3748746593539069,0.0
-0.9640778575940456,0.33091997743586915,0.0
-0.9697237571687866,0.3389541162960027,2.0
-0.9739136119642138,0.34025232290275226,0.0
-0.9460134838786827,0.3272495925483678,0.0
-0.8826111755630407,0.27784667994745604,2.0
-0.9792537658129237,0.31415601751172495,0.0
-0.9818677320547206,0.3238150669806263,0.0
-0.9706331345510549,0.3420436383470992,0.0
-0.9834127759972399,0.32115029358933156,2.0
-0.9050652128986768,0.3860870914446345,2.0
-0.9520323063357172,0.3130171068332326,0.0
-0.9294826126221399,0.33795854738229036,0.0
-0.9252333518272361,0.35897801179185373,1.0
-0.7949945699586369,0.27507402623073607,1.0
-0.9694190043773809,0.33328085151133646,1.0
-0.9194256839766503,0.3637190792157804,1.0
-0.9425045577484773,0.30285825109180803,0.0
-0.8636863620837086,0.30644615906522943,2.0
-0.9468813866350562,0.3432286092276776,1.0
-0.9785206580662065,0.28013747379347526,2.0
-0.8021404326756202,0.26805856310214066,2.0
-0.9766010381025082,0.3076158439205362,2.0
-0.9878826285586415,0.2961831109624835,2.0
-0.9232401435091293,0.35179364672290764,2.0
-0.9915291857377608,0.3098591160553894,2.0
-0.943211694031051,0.40415092497998195,2.0
-0.9479608891820883,0.342549330888016,1.0
-0.859188640209866,0.3459839218987794,2.0
-0.7766745934476125,0.23726399397389814,0.0
-0.9660924264623367,0.3081349520421698,1.0
-0.939176900831918,0.36326062638451073,2.0
-0.9900127216622909,0.30370732543251794,0.0
-0.9732347688637196,0.32540946894357925,1.0
-0.8901806838310921,0.37476905849108066,1.0
-0.7332378670058397,0.3620610157671871,1.0
-0.9753413275201825,0.33221939072932616,1.0
-0.927780590436898,0.32354841435049814,2.0
-0.9377807260515714,0.31969097469691543,2.0
-0.8303753892915432,0.321839451268966,1.0
-0.927422477927416,0.40318578067836874,2.0
-0.9233370997218121,0.3425384762745732,0.0
-0.9512736366670638,0.3421887369186181,1.0
-0.9686514442524407,0.343084749886547,0.0
-0.9040543426277343,0.4238775091610405,2.0
-0.9909486179835136,0.2715932089990934,0.0
-0.9807527680540529,0.32334850176136737,1.0
-0.8734476793790619,0.4143893531342429,2.0
-0.9783725824382946,0.31258178034855133,1.0
-0.9701836753103342,0.3395078390892488,0.0
-0.9811605472888537,0.3038536305169006,1.0
-0.9355234550435763,0.32185130598515965,2.0
-0.984172747767048,0.3024895290222879,2.0
-0.9541292416464835,0.3642862574771608,2.0
-0.9770636557270136,0.32055041775826215,0.0
-0.6866811370128995,0.335365853547129,2.0
-0.9790715123764948,0.30687020529339604,2.0
-0.9821335264377734,0.3098386222982624,0.0
-0.8519661708596813,0.46497190709272396,0.0
-0.9564383324460115,0.3321972446801494,2.0
-0.8906064868322897,0.3607007685608592,1.0
-0.8112172839818299,0.39543495246952354,1.0
-0.625972869640787,0.25754130512741097,1.0
-0.9510682082392649,0.32917244692245357,0.0
-0.8070777694179498,0.26962334488719103,2.0
-0.852865479353721,0.47844489283370584,0.0
-0.8991648014104616,0.29283056306802085,0.0
-0.9772409204314491,0.33297654990114794,0.0
-0.9474083066205877,0.3259006228385429,0.0
-0.8642664896819843,0.3275469299225641,1.0
-0.9290097026837987,0.33979891417766905,1.0
-0.9279269294458549,0.36384858745222953,2.0
-0.9551703550047593,0.3465444994771234,0.0
-0.9243489881984673,0.4139662283768097,2.0
-0.9633520439840337,0.3360288824860033,1.0
-0.9666199264561878,0.3218591559506193,1.0
-0.9658603746171085,0.3208030502855209,1.0
-0.9457961361273385,0.3947744198169483,2.0
-0.47948709344663054,0.15064300440543785,0.0
-0.9483328883553014,0.3280472119337775,2.0
-0.9339251489166298,0.3331424245592776,0.0
-0.9547428438477116,0.34347647072840776,1.0
-0.9230452045220882,0.28113116270012484,2.0
-0.886408706404783,0.3665764438712905,0.0
-0.9632799708784338,0.3247556219318082,0.0
-0.9611147410900842,0.35192616211803607,1.0
-0.9703864352726701,0.34326949203629215,0.0
-0.9718659549912119,0.3140783189496658,2.0
-0.968713759633582,0.3278732338100315,0.0
-0.8751578805455786,0.38402393210282304,2.0
-0.9607186672254684,0.3530046735420539,0.0
-0.8236612506294627,0.2701889326792477,0.0
-0.9744930208628241,0.30651226051646246,0.0
-0.6053703516848612,0.3395973725832786,1.0
-0.9502452056168778,0.3277664795172277,0.0
-0.9779316194585319,0.3195236682007105,1.0
-0.96528327877235,0.33549957675569925,0.0
-0.9454907135532234,0.3807196008325219,2.0
-0.9311938333530386,0.3907541185656093,2.0
-0.9174360771082375,0.2642896597614728,2.0
-0.9703262152646921,0.3393746690558416,2.0
-0.9655439251930459,0.3260912841631996,0.0
1.0,-1.0,2.0
-0.9593595717209493,0.31401578364656013,1.0
-0.8059865882173471,0.4958705506877822,1.0
-0.814724357825188,0.3330875387116983,1.0
-0.7521941761763815,0.31474842893122357,1.0
-0.971781526188707,0.3366364307647256,0.0
-0.9531513989641074,0.32475928595755743,0.0
-0.8830472346962388,0.3541274354953422,1.0
-0.9349194800170395,0.34630393270448084,0.0
-0.9493447747460689,0.36194752541678,0.0
-0.612544069542314,0.48585173593252595,2.0
-0.9704003508851408,0.33684833620304705,0.0
-0.9738077676315489,0.32458673134712895,0.0
-0.9451398002149776,0.3662820069432561,0.0
-0.9179305326858106,0.3298611038270362,1.0
-0.97100848179159,0.3296789613419108,2.0
-0.8839424182989388,0.3678939515668492,1.0
-0.8069686625071972,0.31739530596929716,1.0
-0.9786718947401144,0.2870444588534783,1.0
-0.5950506697469171,0.2660060488016759,1.0
-0.9674683993098455,0.33200481718474617,1.0
-0.9595398317442416,0.35027247896628,1.0
-0.9410964153634187,0.3318812834091466,0.0
-0.989942003231455,0.2841476199810569,0.0
-0.9848856990496069,0.31164693004335337,2.0
-0.9897317039858851,0.31344060440694743,1.0
-0.8617201766233218,0.3304717811009356,2.0
-0.8758909643171982,0.333367039217795,2.0
-0.9698451994138958,0.3274656615197324,1.0
-0.8948946012761227,0.3432790533563542,2.0
-0.9608934621172065,0.3521434735916372,0.0
-0.8947136539532454,0.32633837312913366,0.0
-0.8265288417608408,0.4135972192451291,2.0
-0.9209063216852226,0.3025978483676901,2.0
-0.9207477160895035,0.38175835740698133,1.0
-0.9479489937037603,0.3741855837614696,1.0
-0.9734263811176185,0.3335296233888406,0.0
-0.966048001175891,0.3230113016211994,2.0
-0.7496901717563151,0.30061418340724533,1.0
-0.9639575761327089,0.3557002920725049,0.0
-0.9773934880971361,0.3329085968948571,0.0
-0.8536549683788206,0.3173085656926939,1.0
-0.9683416252279935,0.3111747875759135,0.0
-0.9654936822091422,0.34818999097480563,2.0
-0.9723535137229443,0.29849382769528526,0.0
-0.9667733998392882,0.3043475812942928,2.0
-0.9848641688984956,0.3061642307447057,1.0
-0.9222827836436948,0.34985974442593054,0.0
-0.9505295053588002,0.2884321087149659,0.0
-0.899320801786211,0.31297556255693654,1.0
-0.866620731590872,0.29550351785508844,1.0
-0.9827305603067904,0.3161065927766158,0.0
-0.9463193835633192,0.3034795749691796,0.0
-0.9684724427496514,0.31890930356744296,2.0
-0.8645558867089693,0.2732438976235274,0.0
-0.9529120264455123,0.35915099555723123,2.0
-0.9761718276012836,0.3217484659220106,0.0
-0.9722677038272263,0.3193090028478424,1.0
-0.9000380500031756,0.3551367035346231,1.0
-0.9579895345980998,0.34033277591047856,2.0
-0.9721346524339666,0.33090107058186174,0.0
-0.9604434039112556,0.36597777878115423,0.0
-0.9022963074292883,0.3030870616309716,2.0
-0.9521722677475442,0.3301433838462569,2.0
-0.8811696356470496,0.38711941306090325,1.0
-0.915153283224405,0.3486687910017001,1.0
-0.9786063674429964,0.32656099463599036,0.0
-0.9811407438806437,0.29731591438291166,2.0
-0.9817759646763045,0.30520560582961287,2.0
-0.9619039991462468,0.3134546652496158,1.0
-0.8952160578279492,0.1955734563654055,0.0
-0.9670019229035383,0.34642149682702206,1.0
-0.9734133715885805,0.33407367921650344,0.0
-0.9603101741252869,0.32138401812202033,0.0
-0.26634807694691176,-0.16977581490465388,1.0
-0.8077064233051621,0.2992827187305077,1.0
-0.9609684989310275,0.3314697603747188,1.0
-0.9704596128702511,0.3080691943195189,2.0
-0.9766651486743302,0.32639490128563897,1.0
-0.9523906196849798,0.3486887642892591,2.0
-0.9734019738102121,0.30929966003012666,0.0
-0.6771721091232971,0.3719582836250289,2.0
-0.9825838210938309,0.3216998819066969,1.0
-0.9647491514638503,0.30265639787377685,2.0
-0.9865125596414351,0.303365936105672,2.0
-0.9741209812730988,0.31800478482734923,2.0
-0.9356971938787433,0.37858393669507373,0.0
-0.9790178440618482,0.3010144404311671,2.0
-0.8808721398497408,0.42289600299700564,0.0
-0.9325150422851431,0.3443452164649625,0.0
-0.8890332467683577,0.31469417591875054,2.0
-0.7312433522578999,0.16854191925281903,2.0
-0.9687588754376034,0.31660037433314797,1.0
-0.933977953365143,0.33358461331846434,1.0
-0.9718968296801325,0.30887524775220954,0.0
-0.9777633814324944,0.3194880167260974,1.0
-0.9747880094204044,0.3056643176680465,0.0
-0.919928962773931,0.2936589702869515,2.0
-0.9707982709394536,0.3267701893312604,1.0
-0.9310738099201502,0.3895667928211509,2.0
-0.9509828036723607,0.33817833406644005,0.0
-0.9024906286792678,0.3428084943666049,1.0
-0.987686455127759,0.3058099437101081,2.0
-0.9867008053779923,0.29806273043688153,0.0
-0.9923956843018551,0.29389037509425536,2.0
-0.9443556087455586,0.3291439652211335,1.0
-0.9753698871093528,0.31901944421097966,1.0
-0.9510796315477785,0.3254298304284253,0.0
-0.950595702706674,0.36189063172904606,2.0
-0.9856390121433637,0.3112796225067043,0.0
-0.917001001676299,0.3524072486802873,1.0
-0.9656157932057197,0.32723362721066585,1.0
-0.9757711538711232,0.3379112089531081,1.0
-0.9733832588800467,0.3278104620754451,0.0
-0.9543206596225005,0.3487179363017636,0.0
-0.9688170067639184,0.3352985695420087,2.0
-0.9779368180426606,0.3031204104101829,2.0
-0.9641281794504704,0.3366930873849899,2.0
-0.9485900383194218,0.35292891554402867,1.0
-0.8591245183364128,0.4854485402315185,2.0
-0.9812984973723794,0.3190493903088873,0.0
-0.8913612253343526,0.39090313998484116,1.0
-0.8198414868585278,0.2722446974028716,0.0
-0.9904964068417692,0.3005912798235728,2.0
-0.953574598455863,0.3423433744757423,1.0
-0.9709147384784408,0.31698809662572763,2.0
-0.8882983860354798,0.31820979603780764,1.0
-0.9693478834697449,0.32970704183554755,0.0
-0.9535256363814443,0.369982235837532,2.0
-0.9584629841301499,0.3277723012699833,1.0
-0.9458801539191878,0.3754544314227891,2.0
-0.9583806515303359,0.3220626892614309,0.0
-0.9567545518566177,0.37396462043021417,0.0
-0.9709031435887373,0.35677922481460866,0.0
-0.9792477516651408,0.29944753954018893,1.0
-0.9841879240254654,0.3080135164220569,0.0
