-0.932369948776313,0.0776509394059757,-0.619522402260397,-0.06297037124269905,0.028930082992667673,-0.5312404375007066,-0.15165954769247153,-0.14512017112557635,1.0
-0.9060237718964573,0.007048495975978446,-0.6052797967739154,0.049292540770603244,0.040523712790035527,-0.591902673128238,-0.08082594421749131,-0.1526102952178424,0.0
-0.570702279171202,0.019090861677999758,-0.9632503544879427,-0.22187276653274,0.2176569762097679,-0.3165089936699538,0.2086094439561491,-0.07837389404552067,0.0
-0.9688305732692086,0.03127272179965743,-0.5149277095440311,0.013741483283167488,0.06520636402821042,-0.5222564381004932,-0.1360275830825507,-0.16401419648852783,1.0
-0.7970091566446272,0.10039522408715408,-0.8446863213497092,-0.24231475052547347,0.025774919671173006,-0.4856586644265306,-0.03228667799501071,-0.10305257454642029,1.0
-0.9430064994404154,0.048207392761418055,-0.5838514636716174,-0.01645743900262414,0.04317865771860213,-0.5498549610500313,-0.11621526748841765,-0.13863838517373206,0.0
-0.849169675800932,0.05261885117378589,-0.6771197820582955,0.08300492271854731,-0.0004178655336720405,-0.5477405419374128,-0.17590642375480817,-0.15452891581628997,1.0
-0.254950467879415,0.20555773606491332,-0.901036285091152,0.06642854161217832,0.2997513547950226,-0.2645718694856611,0.3431168605138866,-0.12504774610709476,0.0
-0.9289920060200714,0.09429867253498475,-0.5670793791237381,-0.6117657293320947,0.05036963368802185,-0.5353766565916787,-0.12999127590619183,-0.16939536459186502,2.0
-0.9794420961109375,0.03910877284079048,-0.4955362299906555,-0.004504927103501671,0.06614457175767495,-0.49451799147261777,-0.12886310975054427,-0.16826988656839606,0.0
-0.9432935586368559,0.09059790467930653,-0.5785961022610191,-0.314724147657426,0.039651748727888826,-0.5316392495744052,-0.15261859989812648,-0.15019449010348068,0.0
-0.9739544919114936,0.02493202753447336,-0.5180134391965409,0.07543553768530814,0.07281393933840585,-0.5200464877946871,-0.10227975807365768,-0.15594958942142387,1.0
-0.929547329690919,0.1320329993463925,-0.5700167038481139,-0.7916413801112,0.03943183352634276,-0.5078099952477417,-0.18097209069212314,-0.15625884604774337,2.0
-0.8941604632940036,0.13817478632528923,-0.6575680872205412,-0.640920480435341,0.010007836555239978,-0.5505351516696048,-0.15337691770867756,-0.14874941229853797,2.0
-0.9267087836412979,0.04920118760138684,-0.599369264938206,-0.17591527348824804,0.04237908693359155,-0.5611862117445322,-0.07848921106986055,-0.14009838021300974,2.0
-0.9254564304594307,0.08193654607817707,-0.6126543226387527,0.033888376418544724,0.0223036332610992,-0.5218762504411468,-0.18724265642564608,-0.16433714404135796,0.0
-0.9106649696420613,0.025596719341624594,-0.6081499551231981,-0.11046693383166918,0.04613486702090811,-0.5927068907701273,-0.0885122855712913,-0.14352454898571554,0.0
-0.9649698252310742,0.015751110849791247,-0.5170097703211571,0.03871324393179487,0.07077027237126433,-0.5475666507991086,-0.09714639494976006,-0.16330201191185567,1.0
0.23655887887480542,-0.1141251573741611,-0.6762845796838844,-0.24118701057600395,0.5381990966814105,-0.3667806099381986,0.22687853808324376,0.21601773683651648,2.0
-0.7112019776675035,0.46505044705341925,-0.5701611009284796,0.49113003615386186,0.3130477600284972,-0.8099362731005533,-0.48329248489119075,-0.3526377576103639,0.0
-0.9165231600247878,0.11737951006016559,-0.6123988236585256,-0.4566576066428256,0.026764842754443165,-0.5079876458763248,-0.1993549474443087,-0.1546578840825519,0.0
-0.8076580014662182,0.05029965848991088,-0.6302440953709132,-0.6707350133082384,0.08981195719160673,-0.5636340167450891,-0.14718129436147753,-0.15243223874142955,2.0
-0.9349106892715395,0.07677602944811393,-0.6092577010924707,-0.019958793640388273,0.026485304342330013,-0.5254796249995294,-0.14884765494725816,-0.15166548177937667,1.0
-0.8932675001937034,0.1277224020747968,-0.6101242414577729,-0.5496160906679879,0.04947754889880816,-0.5615420753093483,-0.12375856915891631,-0.15957520647204723,2.0
-0.39472404156579133,-0.304324222331185,-0.637437667125036,0.15542724599986224,0.287231975173979,-0.6725416470850152,-0.23687519356145512,-0.06569425368486091,1.0
-0.9835154882904598,0.017332773746688675,-0.4415324532425926,-0.3394316487535942,0.13323330603556055,-0.541090411591413,-0.05301702580956292,-0.16850494447805972,2.0
-0.9535140469806074,0.027834209077319517,-0.5464768182080673,0.07943480995080515,0.04896298985973306,-0.525111926687481,-0.11129428486454084,-0.15898373312381525,1.0
-0.8955503895138835,0.013926623531644158,-0.5367214663388562,-0.42321265290177024,0.11742880448077386,-0.5807855022477445,-0.07601699240582127,-0.15770358887616936,2.0
-0.9538053637353386,0.05615019320276021,-0.5638772560023607,0.008545791348187198,0.060621312047399935,-0.5099222131918237,-0.15214115003536888,-0.14016566948835799,1.0
-0.9749811023562349,0.028835987134725738,-0.5067257391768654,0.046717389915518354,0.07851867107412708,-0.5147269954760079,-0.13066964192732863,-0.1559803259779219,1.0
-0.9491378632223807,-0.015397868414187312,-0.48479671814641834,-0.0339698166080869,0.10029164462767623,-0.5592635657670757,-0.07327501431801872,-0.17398927970882466,0.0
-0.6276261756512278,0.14204631981055488,-0.7038302526770932,-0.04884388181185348,0.07999411384610029,-0.6715812113990856,-0.21057387577623593,-0.20562100930352784,0.0
-0.9293178731247119,0.04156590149789776,-0.573741198082428,0.002125287123030062,0.0252654556751784,-0.5299845517161328,-0.14959766976170005,-0.17164505654215786,1.0
-0.971818531279802,0.023528652660181316,-0.5068934760080409,-0.010147460444929063,0.0749966435698237,-0.5122749721050228,-0.10974678977143912,-0.158782996012907,1.0
-0.9708384537594654,0.027010308611391864,-0.4761956308599588,-0.3585378061461878,0.12102792182458016,-0.5750189733966127,-0.024860633428443912,-0.15492531843720492,2.0
-0.9076172782205011,0.062806209074082,-0.660595475569512,0.032857900133336004,0.03556641061404443,-0.5117893606514905,-0.1329717190757717,-0.13401103339550727,1.0
-0.9386226913082849,0.024019740621524295,-0.5528770254010443,-0.011734266170898372,0.04944169670195832,-0.5561271504685752,-0.07626949957437794,-0.16987185706999094,0.0
-0.9574160955849509,0.060001647511067,-0.5502532676195075,0.010955358743202692,0.04718834942361391,-0.5121699682856109,-0.1521017851641863,-0.16018409206894135,1.0
-0.8278142367984003,-0.0027012739663219085,-0.6562645233731804,-0.041546218593247364,0.008521676977064345,-0.6554763916448325,-0.03537006120471768,-0.161617274591276,0.0
-0.9703352014961952,0.00733049994015228,-0.48290978471544027,-0.1475351315536323,0.10712823715478376,-0.5686387460753527,-0.05106142850797325,-0.1655173034923212,0.0
-0.9236786641498577,0.12632298154540023,-0.5913965121476507,-0.7630259344361642,0.04240801855366004,-0.5341276924046953,-0.13349954609177397,-0.15109771201093108,2.0
-0.8926654985973692,0.05192228054879541,-0.5268559665148086,-0.766971264454278,0.05680765307998518,-0.5647712238128314,-0.12546295047266975,-0.18642429917503983,2.0
-0.8947983366309046,0.059367563335633096,-0.5907463079537751,-0.67374507305523,0.05860097222945136,-0.6002642556323619,-0.05124616015069655,-0.15470655172535822,2.0
-0.8500987274103171,0.003268859912986602,-0.5544268203959911,-0.5705538238310519,0.09615162890201227,-0.6316520147529368,-0.1097737987648988,-0.15325720921719108,2.0
-0.9684901192757869,0.04292928537580012,-0.4774336751917596,-0.524723189765579,0.10204295413954154,-0.5477864543041953,-0.06227300556388874,-0.17067120582468226,2.0
-0.9401751828282223,0.13018302877471957,-0.5532872183594716,-0.3982511706026475,0.02870363957497054,-0.49794728482846584,-0.22825898789215618,-0.17754621782430757,0.0
-0.9489595350978763,-0.015102154696018909,-0.5431813927163335,0.14606163052149435,0.08870155980305183,-0.5933936135339878,-0.044553362609357924,-0.14419246250757797,1.0
-0.9413898008437809,0.08112971368626942,-0.5460011697650207,-0.42916461079558677,0.0564122499122181,-0.5520338143114454,-0.12914690670508938,-0.15786696676791587,2.0
-0.9417258616371458,0.08371217433082642,-0.5812506772412736,-0.32621849149934923,0.044954803462370296,-0.5521625926996532,-0.1183901672660125,-0.14636013616875398,0.0
-0.9674932517582495,0.03335387882976701,-0.5222652617792805,0.046134452316441615,0.06698972348099333,-0.5356800762117166,-0.10960950095957264,-0.1567400963895832,1.0
-0.9683361943613703,0.04148574981792142,-0.4998695651795685,-0.1882248177774084,0.07318769989509831,-0.5249596911675832,-0.11676737132878258,-0.16091543747581502,0.0
-0.8800885040462886,0.03306421232649597,-0.6841637718886646,-0.018069610898574118,0.017080651523325108,-0.6170870336206901,-0.05359872736113001,-0.13790711460301203,0.0
-0.9822728390713763,0.002890279233381414,-0.4743582738950122,-0.019227349838967067,0.09334990437600141,-0.5432967262646274,-0.05379486057633886,-0.1622101719458154,0.0
-0.9589191842720038,-0.022588136802846312,-0.46195684034842605,-0.3351528593326819,0.1495232131172446,-0.597297308442174,0.004366039374205405,-0.1677458602462137,2.0
-0.9447735722185664,0.05504387049993466,-0.5978998517515263,-0.021553342361563893,0.04193181914564438,-0.5257851607526159,-0.12790928646780098,-0.14216636349519662,1.0
-0.9555482252115969,0.01891463086754682,-0.5456670979868989,0.05379783790610021,0.06796520898625177,-0.5493816795775583,-0.10401443558609916,-0.15029272828050366,1.0
-0.8754573039370341,-0.016182306656017463,-0.652315905551452,-0.02430028053129682,0.04637445459758299,-0.6424479931114099,-0.034049954394519466,-0.14233717208704513,1.0
-0.9491825553594061,0.02264008773407366,-0.5396866255541344,0.057365541558362265,0.05098281065591705,-0.5346963395404464,-0.1272965219195044,-0.17235436672159152,1.0
-0.8474282289720994,-0.004327725131384345,-0.6817057506376077,-0.06456520598329224,0.03457295960651575,-0.6251217036373354,-0.06811320282606856,-0.1422348622549397,1.0
-0.8466516512956956,0.18137582924201068,-0.7090714602314658,-0.3271468869439531,0.027409579410169332,-0.367030754117107,-0.16496668673664877,-0.15417879715223637,0.0
-0.9520938219992789,0.07844247455942346,-0.570295689424773,0.006559162026531812,0.03226984866555576,-0.5099518587928297,-0.15984970148656608,-0.16147299432420237,1.0
-0.9436065481686149,0.08640637267468582,-0.5605390988467774,-0.3923607651138697,0.044930395577998175,-0.5277138399941934,-0.15198394261724055,-0.1556063728956801,0.0
-0.9648403563879268,0.053116190534424124,-0.5272925155266791,-0.22413962121561196,0.06404625292958918,-0.5273733124697894,-0.10685092328203148,-0.16147274390910585,0.0
-0.9355908649242659,0.03951955137513294,-0.625136367613409,0.047932550033911225,0.04623460666444563,-0.560619768504663,-0.0857929892687973,-0.12381849725364832,1.0
-0.9622111647291876,0.01127720153134247,-0.5291490963925815,0.10465058606569838,0.06582440356925164,-0.5471552232304954,-0.08386041505916744,-0.1566710729122495,1.0
-0.9729511351495659,-0.02107338098575895,-0.45077327634501857,-0.31073685102978543,0.13258996264138695,-0.5882185068130387,0.0035128606664648343,-0.17793096800807062,2.0
-0.5505738854616553,-0.13824277507111898,-0.6941667714760411,-0.03661140233737828,0.08507849184611453,-0.7035655351202552,-0.10717631091300318,-0.09901550711181427,1.0
-0.9805527559712762,0.022604589427427876,-0.4610326298932411,-0.3664323235622684,0.11548379935513961,-0.548514759955042,-0.04749619312719926,-0.16151326454852394,2.0
-0.9680784034008891,0.012752981257086078,-0.4927941957331301,-0.29219029533355495,0.11746611750995573,-0.5838469856974399,-0.014402469926749997,-0.15396095536653187,2.0
-0.9693737570192023,0.03672079081849186,-0.5106386820904812,-0.04212650994356365,0.06744779670878846,-0.5238075092603818,-0.11759260182314957,-0.1629948795409214,0.0
-0.8619547020050279,0.08109331542324344,-0.7142905188014885,-0.10740321819179377,0.015376538552638909,-0.5464549994888144,-0.12175389127804569,-0.12453513570421382,1.0
-0.9540813320192133,0.01714309917297617,-0.4797154011206594,-0.4742113705643703,0.10525231303709032,-0.5637822309194733,-0.05875542038456683,-0.17851491434021294,2.0
-0.8466009431265688,0.040174247756780274,-0.6327721167884564,-0.1889893082914704,0.012025335961381861,-0.5092020032221125,-0.15166516543589492,-0.20135104786120236,1.0
-0.8308567551734557,0.0012562893400139968,-0.6497923310448376,-0.4587862265414575,0.07905343378983425,-0.651677445130599,-0.024148264991510723,-0.14528292224713557,2.0
-0.9632473746918016,0.09522225213783529,-0.5579102552460778,-0.13179417787670922,0.031741979724391106,-0.4885160985742021,-0.19728000626256492,-0.16057887810698407,0.0
-0.2492369237718315,-0.441611432254081,-0.36403210007957343,-0.5526450004365888,0.11667897489958212,-0.4670725107784097,-0.466784609939522,-0.24227045253837487,2.0
-0.8718568462632053,0.03167988488625451,-0.6978623272276097,-0.10886075997641186,0.04087728032270968,-0.5901085919419045,-0.05958615548460197,-0.1212604225823753,1.0
-0.9006849974273374,0.048499235808460744,-0.6564835301666367,0.019592132942514162,0.01583943077651201,-0.5866896273119182,-0.08710762270015875,-0.12947793549156175,1.0
-0.9759214708128172,0.007039887149005122,-0.49052852255080653,0.06490277551450996,0.08482950923256669,-0.5498383638453599,-0.06038520850026068,-0.15457787074513687,0.0
-0.8643652369606702,0.07744960948147689,-0.6829845289521548,-0.08415056822582062,0.027483110133142565,-0.5613790869328621,-0.1531104848095276,-0.15070492861559906,0.0
-0.9391557919388319,0.0749125454487507,-0.5888390360987839,0.05990409393467916,0.020622329063847186,-0.5099391801535597,-0.1809875181902132,-0.15656743459005681,1.0
-0.9812741706558777,0.016104604929143944,-0.433687428574154,-0.41983001418679805,0.13060229961371103,-0.5371524028437613,-0.04573021989535498,-0.1727183417226409,2.0
-0.7335023434847807,0.030864703671803093,-0.8018972174696817,-0.13633232251304633,0.011837869445449394,-0.5862291887425255,-0.051328470406681086,-0.1283972546952643,1.0
-0.876203921128813,0.04984384992232291,-0.6170980427577014,-0.4492994106044793,0.07513294830692178,-0.5989127795231439,-0.09051730790641738,-0.128938563735795,2.0
-0.9394428149562525,0.07188458268658802,-0.5585779004306505,-0.5835053520221422,0.06586461903830992,-0.5600256109631325,-0.09563865778547267,-0.1559228055881021,2.0
-0.13938449666253816,-0.3772125690956144,-0.7011053906363114,-0.09811966824617174,0.32346649628782376,-0.5500327841089675,-0.2930207075906376,-0.07527648191553489,0.0
-0.9115504094188561,-0.0010776678485292096,-0.5733524375881802,0.049662847085976625,0.08335151004679826,-0.5855166378579999,-0.09813633107192059,-0.14963264329504977,1.0
-0.9704889087149184,0.04870797704990021,-0.5183982086886982,0.027961118382012456,0.05002370587085575,-0.4993514847830027,-0.1565362640335525,-0.16274349818610634,0.0
-0.9741117053541002,0.02380474362921368,-0.5164397345517914,0.04066556275228325,0.07131235124043533,-0.5264421906172323,-0.08928712352727686,-0.15750251717922117,1.0
-0.7652344639190164,-0.0023742036047073034,-0.6889096264592816,-0.006276347838470975,0.05547374120428583,-0.6168981046187771,-0.13824295697981015,-0.140722319341832,1.0
-0.9399245788408241,0.06696839939013013,-0.5917884041045941,0.008872538256106316,0.031105449860481332,-0.5332133057105182,-0.1490590798068444,-0.15872154954968212,0.0
-0.8916969195198777,-0.014410004628375467,-0.6034937758402923,0.054750503215831026,0.05705416079289394,-0.6281836341248995,-0.03694308858637553,-0.131126677755649,1.0
-0.8704393323034638,-0.013469310293138977,-0.5929519316213856,-0.06126571105942952,0.025030273216820303,-0.5834477730238359,-0.09716695498598167,-0.18297739539186747,1.0
-0.9628533344016267,0.0528439466876882,-0.5136620416108075,-0.36550655271829435,0.09275812518231465,-0.5536805225119589,-0.08587994503604596,-0.15156314719305625,2.0
-0.9596556157190366,-0.0069785741867880585,-0.45226353912442013,-0.4471338137920642,0.12606619944740372,-0.5986259271710628,-0.01219337918151979,-0.17844598587539606,2.0
-0.9641212704535327,0.04438916191492199,-0.5446383182956257,0.00787107505692014,0.06734979268926555,-0.5447338490698859,-0.11256724651083656,-0.14451215969863293,0.0
-0.9784617713417643,0.011305061196275883,-0.4530772748495196,-0.3423353517347432,0.13254493265923317,-0.5703746068023051,-0.029715193208777926,-0.16987684667347747,2.0
-0.8223522884464023,0.10826958472164463,-0.7225646478499422,-0.0706070020887016,0.02324686957006125,-0.5414444801067769,-0.13617994744740314,-0.13748057356111335,1.0
-0.873400470923269,0.14478802299598653,-0.6617027943478548,-0.2590243086307175,0.026783161924786893,-0.4105494827884614,-0.1952218308416795,-0.17586569992020748,0.0
-0.9554903881307762,0.09459409457650508,-0.5458215158291378,-0.5060439007077481,0.0638906916023376,-0.5241585248290708,-0.12721518672212054,-0.16115719661400302,2.0
-0.9757352976210529,0.01939644411609741,-0.45101267170729864,-0.39888371487428986,0.13358902233193198,-0.5761089326256993,-0.017956263980687212,-0.16328876760393757,2.0
-0.9202804460150908,-0.009859384891206358,-0.48934547917464194,-0.5405451146868285,0.10346975419799959,-0.6152461242972379,-0.028485990364979896,-0.18202376492284855,2.0
-0.9099664494501439,0.06299831686109884,-0.6278752299239001,-0.02262214030534862,0.026435361261816184,-0.5488968938455051,-0.13989181030286174,-0.13903384335430571,1.0
-0.8807007447949055,0.10649438137234189,-0.6219465219158017,-0.39484557999254155,0.03313752299483959,-0.5664048327860581,-0.1978154148009048,-0.15486867772701296,0.0
-0.8960820008812501,-0.0012949033086558925,-0.6105378117558864,0.06229643753305719,0.047685763723932496,-0.5756273409975906,-0.07986364417379434,-0.15538696593143886,1.0
-0.9284314054955369,-0.0097559132654206,-0.5493972349356626,-0.023877050527244897,0.054368427737535065,-0.5532329752321145,-0.03627412123154966,-0.17427235840045224,0.0
-0.5731687762801532,0.2756395936915751,-0.36355491753591873,-0.8813903834593403,-0.08191942775936961,-0.6415942089403756,-0.38113212814769465,0.06490601169875262,2.0
-0.9486301473382651,0.0784708053418304,-0.5743057234552177,-0.09036946545483657,0.017126427461765764,-0.4871177367315769,-0.192184427810131,-0.16518633597712856,0.0
-0.7534274220261524,0.2576032427491516,-0.6543012313537024,-0.4500667831689776,0.0935811545803216,-0.6043489462982728,-0.1527567956548841,-0.20426636049746055,2.0
-0.930483381784211,0.06521760295843677,-0.6152733069043805,-0.11816233625258026,0.02264917224444247,-0.5590559501491477,-0.12164549985245927,-0.1438468382338712,0.0
-0.9167752112389492,0.00414520971068838,-0.6113054863358781,0.19847635687000087,0.05067289624188395,-0.5601379804483859,-0.09685015785739878,-0.14889917519813425,1.0
-0.9443706694050692,-0.02619366225489496,-0.4924794350293035,-0.018628265303791275,0.10584511392040861,-0.5790283124061477,-0.055137713439497,-0.18231111212632997,0.0
-0.9148496523518678,0.04444356715250432,-0.6074672497775233,-0.022018941486363658,0.02882768372781245,-0.5714577479885586,-0.1075487476108024,-0.15986339036864172,0.0
-0.9386844271476843,0.0415267774288211,-0.5267298451496045,-0.6206784737418759,0.09442630403480143,-0.5822880307810604,-0.047564961889687195,-0.15609244213087217,2.0
-0.836220190445913,0.050955009452511434,-0.6259904017821345,-0.18546406362210557,0.07065523961009305,-0.60224121998396,-0.1682298472991477,-0.14950785846154363,0.0
-0.9585593723275248,0.05748704040553107,-0.5648247258438751,0.09040110209541269,0.04065279723859669,-0.5021996721970488,-0.159812557274777,-0.14935678763845164,1.0
-0.9273874269457243,0.03135004848997134,-0.6172031332784199,0.045310258932468095,0.0458133091849751,-0.5837449357717875,-0.07619003726183134,-0.12966679209501142,1.0
-0.9470177260719078,0.07887267076395338,-0.5200256057368959,-0.5402428820222123,0.08050403992861888,-0.48349792354624777,-0.16258352586813538,-0.16163403844810753,2.0
-0.8194726289568424,0.030865222056629,-0.7205179046561728,-0.09643007179086155,-0.01953751445129387,-0.6491398829411692,-0.028937365749227603,-0.151190661638128,1.0
-0.5100024725655852,-0.041357260262879,-0.6704108959352766,-0.11959295208998388,0.10302297636154405,-0.5413772324007954,-0.1624859828845451,-0.1774437426210762,1.0
-0.8214889779318731,0.04947322812607576,-0.6910476959263114,-0.21211082752114316,0.01957633328616957,-0.5778585674890021,-0.14419007577236914,-0.15665454178371585,0.0
-0.9477283902255564,0.04841745160992981,-0.5481095826225613,-0.109007394509105,0.07119217859078969,-0.561007107356452,-0.0921160720882264,-0.15245611477446597,0.0
-0.6786283887839109,0.2161290636997483,-0.7145772319824315,-0.07409008044374157,-0.011367739952970912,-0.5571037877702733,0.017281403947606286,-0.21700495617715013,0.0
-0.9525038048663863,0.02750342788277009,-0.5511878258160368,0.031125965019055818,0.0598552888918168,-0.5489782826020999,-0.1121063365475005,-0.15433636773993098,1.0
-0.9760231793665287,0.00645588695268913,-0.48561663324095894,-0.006065993011482751,0.0929372157868282,-0.5353407418452047,-0.08032680947124406,-0.16007132997506363,0.0
-0.5193885632718389,0.3128722811329886,-0.5639430188667331,-0.2152184277311277,0.0240413415510098,-0.5700946264889042,-0.14601084888192511,-0.19704321870075275,0.0
-0.7426587785387733,-0.06927844627637074,-0.6338527718647295,-0.6927737670957343,0.019964976417526085,-0.6933218048350158,0.03429620630289465,-0.19927934216955306,2.0
-0.9072056649019941,0.07125553074817045,-0.5577697698104928,-0.6891279020895664,0.08349950404762115,-0.5032540963033884,-0.1349196634421092,-0.1643872768535489,2.0
-0.9841971357091808,0.008727234400431674,-0.4857516044313699,0.1063945004055103,0.08656046060792698,-0.5348988377254434,-0.07378263913695288,-0.15658499023690983,1.0
-0.9466537054579126,0.00921933064347849,-0.48110971134048713,-0.41011489547517194,0.12851591247785693,-0.5796350679034334,-0.041184397175903796,-0.17444465934842615,2.0
-0.9730371944187395,0.03349141178201243,-0.5235535813031073,0.03700527444499893,0.07372909337502151,-0.5309996751678574,-0.097775970009788,-0.14860208946472211,1.0
-0.9766569197073713,0.04765841487298765,-0.5184761342360026,0.07068015430428809,0.060312218281987726,-0.5012191610386766,-0.14819925674677661,-0.16355573385342756,1.0
-0.9618063058563077,0.05271647925882021,-0.5066534075748786,-0.310641055312008,0.07759056388130887,-0.533259475537861,-0.11750099298719695,-0.16296037484112472,0.0
-0.873365129953925,0.0868925006261515,-0.5868377293213417,-0.7474160991713613,0.05042551449514808,-0.5143464989408316,-0.13875078386199413,-0.16799447540657486,2.0
-0.937401675896866,0.06346483936059441,-0.5173896644043151,-0.5834409709756445,0.07170020016806868,-0.5507345292237336,-0.09650110653203928,-0.16327505958161273,2.0
-0.9755236985984224,0.03326045879932958,-0.47194073881140647,-0.43980270875086874,0.12326793041935508,-0.5731601825869209,-0.031463314545765245,-0.15552397419477418,2.0
-0.9459803394917788,0.07183194464318725,-0.5803461577084852,0.0078058952445252405,0.026629247788881774,-0.4998238939102131,-0.16308020478228824,-0.1579313440048629,1.0
-0.9778306163132436,0.04440273761133486,-0.5009929273109154,-0.01664800266772784,0.058970096128043624,-0.503414496405561,-0.14427433984811633,-0.1665245065191297,0.0
-0.9353147026747487,0.09517319272233188,-0.5634051564353075,-0.5223013471843033,0.05601396359854509,-0.555449834943488,-0.1313226901575537,-0.1676740873360214,2.0
-0.8985411047836077,0.06042038942635372,-0.5514794538317173,-0.6843689093466339,0.06893095481572138,-0.5670360115050699,-0.08238763209285231,-0.1690240267402127,2.0
-0.7221553514087587,0.3855708934748664,-0.5364831323370607,0.04194427262355874,0.0064715850672718775,-0.510435394843229,0.2514648501654923,-0.2558946190840796,2.0
-0.9112881103544648,0.045130119454583374,-0.6066826737109153,-0.027569278528968982,0.044666285779087295,-0.5552205222556931,-0.135565681272128,-0.16025333674662015,1.0
-0.9130543504463661,0.03720037758390607,-0.5752485847245961,-0.19306887114939242,0.057278395779658264,-0.5718103934432314,-0.12291922731595264,-0.16414220239319258,0.0
-0.965488268376029,0.04842422399336894,-0.529684648680055,-0.02017383623190175,0.054724473033081505,-0.5156550812482671,-0.13961383200568975,-0.1587325123249957,0.0
-0.9684229433749102,0.006117653468480713,-0.5085216297238065,0.09102218118383004,0.08622852803409435,-0.5532083470571576,-0.0873701316105392,-0.15607111070881471,1.0
-0.9398062906289363,0.09621151195556044,-0.5950322390935163,0.10507612318684734,0.02591618280810555,-0.5198984221697343,-0.19803884285032997,-0.1558192807742692,1.0
-0.9623779282591107,0.04573485697777039,-0.5214393847190285,-0.15085647387230974,0.07350807528903959,-0.5339707885422905,-0.12584246563661533,-0.15994468876493062,0.0
-0.9022074037182571,0.00988645433310023,-0.6000652291709159,0.012528549202729888,0.030632385466986385,-0.5744987257293399,-0.09801153936535399,-0.16481677458137892,1.0
-0.9308977159814547,0.11544015269303494,-0.5405884834554208,-0.7280650679876758,0.04952813388098679,-0.5373942269656011,-0.12859293405875716,-0.15256978130463172,2.0
-0.9008561889681884,0.03223094869621738,-0.5799210894895672,-0.3941586760716347,0.0607088822345701,-0.5947405002404339,-0.08288977213943433,-0.15696282548358806,0.0
-0.9810143304283598,0.04064598493875748,-0.4826991964523409,-0.13158965053282834,0.08883445971834057,-0.5258079415740465,-0.09342333044001727,-0.16814718504377774,2.0
-0.9038685011782074,0.04249942834420195,-0.5902250972969226,-0.03729762922394808,0.022251819648621725,-0.5495848089613964,-0.12535902077681324,-0.1580359046927369,1.0
-0.8562572258232248,-0.020796964670089527,-0.5105382912840577,-0.5930511874218118,0.10392644998345912,-0.6235325789449485,-0.050058975949018286,-0.1809592686034873,2.0
-0.1976305916490798,-0.5135233486005099,-0.44865322525557144,0.13637945815044772,0.18877627856368634,-0.6743848745941462,-0.5510755088403123,-0.10510763581976315,1.0
-0.9632943565975507,0.0572805579221701,-0.5385371016513633,-0.03535066790592992,0.035419850352503876,-0.5113621286317013,-0.1467904480359335,-0.16270209277711242,0.0
-0.8782941758763448,0.08446923150022777,-0.7123680619396722,-0.0931554347649471,0.017975132031934023,-0.5179534627538139,-0.10203270869099276,-0.13367397295999514,1.0
-0.6404837634705305,0.06229847773299388,-0.6846174954864044,-0.6394645804415955,0.08260927598259825,-0.6661454472792974,-0.13946905003597887,-0.1754943338070038,2.0
-0.8928950156778025,0.021673536692811492,-0.5353416123569955,-0.5790019442149779,0.09066861407283601,-0.5947470115539157,-0.08185353616475474,-0.16630808322254517,2.0
-0.8654090286924077,0.07320355669190981,-0.6935800823684884,-0.36409802990515816,0.014642859381406255,-0.5780308009879948,-0.09396311550370842,-0.13556969434436456,2.0
-0.9835300852649894,0.01501450745556979,-0.46257687377717455,-0.21968984534182967,0.1267295572464111,-0.5668378703060063,-0.018777275163173734,-0.15906966318152937,2.0
-0.7612153334281806,-0.05319253238651751,-0.6886091711339475,-0.08229627306087847,0.03696114509314788,-0.6976388099474762,-0.005231364381560341,-0.14438791938693457,1.0
-0.46462649153664665,0.009545930489768727,-0.6289428416750684,-0.8547085051047347,0.05016242386005537,-0.547236015999918,-0.10651701785796706,-0.20873883819748276,2.0
-0.5963666352805047,-0.13486855147398175,-0.765375931346367,-0.1403798411049966,0.07255762830238408,-0.7213554138479857,0.03527449947572206,-0.11799210508900002,1.0
-0.953605133061922,0.05299624117414237,-0.551057544190428,0.06974967553868733,0.04877444060628064,-0.5224237585749325,-0.1584577834489883,-0.16179587434906564,1.0
-0.6712407449320325,0.40852345019643627,-0.5951392514685616,0.03298581931224395,-0.05719037709960757,-0.6194978660349028,0.029925501002487698,-0.17388663767036466,1.0
-0.9696381160406875,0.001969176950769813,-0.511641930765001,0.12082276952817678,0.08590174995375502,-0.5604378152150744,-0.054144414662201455,-0.14910890964094328,1.0
-0.9786597880126231,0.013054115379554372,-0.48945695055236305,-0.03653330540030508,0.08805671776303796,-0.5379842367186063,-0.0733490211884461,-0.15914701040003243,0.0
-0.965437030409288,0.059077682311464465,-0.5533881636047199,-0.162322883473975,0.056210174728324236,-0.5079411925020141,-0.138621234323115,-0.14682959082293562,0.0
-0.8726312437511328,0.07770896854150638,-0.6882830124421215,-0.06077428865869461,-0.0020594974292556106,-0.5801175780266052,-0.12324093599658487,-0.13464159245068485,1.0
-0.6336651371827509,-0.062369977028757406,-0.7337955703683949,-0.08758422140055262,0.05083851061835355,-0.5734666737198806,-0.10875106373188811,-0.1541549856298628,1.0
-0.8922913870078586,0.137100441106146,-0.6049942869874405,-0.35997861370964523,-0.008592568798549416,-0.49819545203475796,-0.22981342523900447,-0.18002828214376132,0.0
-0.9517083926481058,0.028427983706961295,-0.5179423507779372,-0.16172229914377492,0.06994140645432363,-0.5608091828404727,-0.10100613116957208,-0.16837583506297743,0.0
-0.9634489793926769,0.05646562768411173,-0.536269637257341,-0.09887801113404902,0.057705551087185995,-0.5228829441626691,-0.12030413212450501,-0.15519648697308577,0.0
-0.9423635744888522,0.10846551302258486,-0.552059645788471,-0.5981899462238519,0.0652720781146677,-0.5055242994409038,-0.14940800875608218,-0.1524843291133258,2.0
-0.73915741379598,-0.08515243372265052,-0.5547287451979527,-0.5924531599025532,0.11880120913148262,-0.6149855172389386,-0.08808084068111277,-0.2026490014653017,2.0
-0.9015507728072816,0.011527778503011323,-0.6217655132044504,0.006748181399891751,0.041186137156834016,-0.5979877523200504,-0.06002802501651554,-0.14033218623967586,1.0
-0.8608739657712232,-0.06144400920774591,-0.5011004532776965,-0.4188022265130936,0.1590752598043207,-0.6614197567373139,-0.039159770981622335,-0.16510644805862312,2.0
-0.9694100722899489,0.030859729636484028,-0.53406310630931,0.10050160858905821,0.07004390347494578,-0.5446203352758544,-0.0923056759539602,-0.150608661077094,1.0
-0.9301147677319823,0.11077806788703856,-0.5841905057518755,-0.4740879837552526,0.040267705062858164,-0.555874132812938,-0.14254542709933826,-0.140012480380514,2.0
-0.8897584103810442,0.06583166549280196,-0.6250686952410396,-0.555866259313573,0.06995349790444572,-0.6351513906081084,-0.06794777139456995,-0.1356963699303169,2.0
-0.9808837398891492,0.004005007707856376,-0.4836791143469579,-0.07166051610829238,0.09968006885273198,-0.5490302296819538,-0.049162551695931804,-0.1657842845296258,0.0
-0.9704522681593831,0.013404318664182298,-0.4755304244930725,-0.3838454075782965,0.1147389483958624,-0.5668323866733412,-0.04129110701500115,-0.17054234222789227,2.0
-0.7154961148725021,0.2622466203700684,-0.6921500169926906,-0.4572053966570502,-0.05087188927790455,-0.47764534709663414,-0.08788292042918128,-0.19642614058594288,0.0
-0.9189061184321576,0.14063395053585415,-0.5689731087527132,-0.7618211553396778,0.03657218756536283,-0.5382038689048131,-0.13520692622674851,-0.14556512021456638,2.0
-0.9384101607429872,0.05795901790265405,-0.5664833106968375,-0.06298015477401031,0.03831339459108187,-0.5287120056141178,-0.14803556778305071,-0.1500516188115718,0.0
-0.9742110566433657,0.024767738224958376,-0.47665058336418065,-0.34189837326361827,0.11444257877326869,-0.5568137391473224,-0.03517436421468677,-0.16107694762309877,2.0
-0.7519415574579976,0.15003937303800807,-0.6558817289883728,-0.9235089471838656,0.01049629068565492,-0.49586448875428013,-0.2638249680516241,-0.18126242045964305,2.0
-0.9366285618935057,0.039893203580038665,-0.5018442196958297,-0.4523801077758105,0.08453124552132382,-0.5551422132017009,-0.11079395067832538,-0.19161773882910355,2.0
-0.8940385336097292,0.07575611285385896,-0.6527103390266824,-0.06779647138346698,0.03001701978936913,-0.5842018672415744,-0.13541042079852852,-0.13538011280608583,0.0
-0.6885042154340387,0.04633789886877091,-0.6194622271662528,-0.8719827451375577,0.0027927386668089374,-0.5679478382060201,-0.17753224930296133,-0.21571572024782934,2.0
-0.9071453347653754,0.07624377499183815,-0.6694805041048335,-0.003704013770758491,0.018444072380546288,-0.5613651153749466,-0.12108026914502058,-0.1333211579026275,1.0
-0.9635213439191243,0.01899917525145056,-0.5236110877819898,0.026321384618856414,0.07287912768198124,-0.5503699769654967,-0.09512617474629863,-0.1647377691347284,0.0
-0.8044154993333062,-0.0188966882204218,-0.6673438484735218,-0.058194771125023886,0.018222361354268253,-0.6445145013548723,-0.042127995770684094,-0.1382789737713362,1.0
-0.7586111837053806,-0.03541815723322854,-0.7337243568717937,0.26806724242108887,0.08703604053813487,-0.6399707013369254,-0.12360556492672733,-0.09834274537807505,1.0
-0.9577322008206619,0.03154890278866364,-0.5295882559131981,-0.03553561040412995,0.05933110336942476,-0.537345615967542,-0.1214757477121078,-0.17233023914949855,0.0
-0.985559818094025,0.02144170238464702,-0.4952721773306625,0.09053470478697151,0.07815116699019126,-0.5001695001641135,-0.11366988923084867,-0.15787702791264194,1.0
0.3088798910771735,-0.09369625395677361,-0.6895587791449415,-0.2822096440587997,0.600026198785053,-0.372390246098874,0.21911309721801964,0.22629092653642724,2.0
-0.9278925873389351,0.08312890910601392,-0.5302572923864703,-0.6552695469937919,0.0559258858220007,-0.5445313125857678,-0.12421178652158192,-0.17905963760445495,2.0
-0.9794059316925093,0.0005122751088868574,-0.4864710281740251,0.1472993899883952,0.08576910813493135,-0.5313971319253347,-0.08135328208804801,-0.1633071694373782,1.0
-0.9744591455699537,-0.0037182002883413834,-0.47801649021229403,-0.09830918041102966,0.11244979580364803,-0.5751051528145266,-0.03798647598351927,-0.1693404701242079,0.0
-0.8719672079021691,0.011510010249314466,-0.6442940298395653,0.02161063524092577,0.04334924635210845,-0.5929940187854027,-0.11656835771694213,-0.14644126460339202,1.0
-0.9630784142123436,0.02644189281557602,-0.5233336049128188,-0.07675485865798512,0.06863386239884822,-0.553702321906899,-0.09367693948688659,-0.156424536963679,0.0
-0.8357275700892742,-0.018243422327711034,-0.5967015283425112,-0.5457210416098859,0.07197752628124957,-0.6185459415433643,-0.02914823386316083,-0.1719162772066038,2.0
-0.8790461652224937,0.12731078669848012,-0.6329142382142494,-0.20548944741827774,-0.0004805603914936618,-0.5054016318761347,-0.22258641301115378,-0.17820923201754582,0.0
-0.7103014705982663,-0.07129187895261196,-0.5895841026899356,-0.5543027668061153,0.052855658776204476,-0.6563169898801765,-0.04014702753362305,-0.19187044371775522,2.0
-0.9342154819388019,0.04593026997557489,-0.552008254754684,-0.42916053481333716,0.07779917220556304,-0.5797597444986496,-0.06361201278763261,-0.14394938848660938,2.0
-0.7161946035886096,0.14707580965834555,-0.7827567144755778,-0.31618679417901757,-0.02747440540962741,-0.4609919339986654,-0.041028857793307276,-0.17867976842982156,0.0
-0.8881635599893192,0.01627777741108899,-0.623032099856573,-0.08466595489473318,0.04722078111235111,-0.6313509981438208,-0.058834669507876455,-0.15219506242452052,0.0
-0.9768245181106572,0.0054526906400278186,-0.46201031424578687,-0.3096954274595629,0.1249791843282326,-0.56823673749384,-0.02704634262448627,-0.16341313941362182,2.0
-0.9721606299130944,0.029689308385901017,-0.5217833395085623,0.07725550007436732,0.07057665702070631,-0.5410053007771679,-0.08660721508726962,-0.145681776884771,1.0
-0.9081483690689055,-0.0017040758284494056,-0.5575408044355031,-0.14901022144055687,0.09002189610155614,-0.6006948183062317,-0.08207591021773611,-0.1588215993960561,0.0
-0.9104025543952401,-0.001305968478668304,-0.582677766215678,-0.02806873683814387,0.06807911185358305,-0.6259220591689953,-0.05310146697886164,-0.14202108039617478,0.0
-0.9250168009778965,-0.009469412578605757,-0.5330159324646468,-0.2854948298788037,0.10014680815484912,-0.6082757648879341,-0.017494282997816413,-0.16699935575554803,2.0
-0.941030860558863,0.053542736944209676,-0.5950915837936616,0.06423206890830846,0.03904137284216962,-0.5390691816675452,-0.11699008897179872,-0.1464064837462441,1.0
-0.9531045754944093,0.061709207221032944,-0.5502494570564239,-0.06510543350158784,0.037783175133931576,-0.5074199659665682,-0.17938796977537674,-0.1682886542785745,0.0
-0.9692603968496311,0.01986895807305542,-0.5025360434762947,-0.02001801726998448,0.08423990169658074,-0.5372980841680515,-0.08834741096205193,-0.15818893299911954,0.0
-0.9427402219598363,0.06798785499545328,-0.5203163208953723,-0.5489114833018783,0.07221540802476463,-0.5405744810068387,-0.11926800757432468,-0.16657204980162071,2.0
-0.9495080631417854,-0.007463377398199793,-0.5424444115640106,0.014220228609738705,0.08531089615263354,-0.5897167382144255,-0.042879278971573266,-0.14751841948011618,1.0
-0.8965607419860112,0.15098476039646017,-0.6095100615916843,-0.3903814683970114,0.02395486900117593,-0.4792228829252849,-0.23224693970639684,-0.1793184704876121,0.0
-0.827344086501153,0.037858403466255686,-0.7220356995975155,0.09077860136634625,0.07508000747584319,-0.45874468815947755,0.013967168857881476,-0.14241108985243964,1.0
-0.8968437920815654,-0.027921089548342895,-0.5451012998215179,-0.4368733041078946,0.08868895871242458,-0.6457956772209015,0.006759623300298417,-0.1664678893262877,2.0
-0.8592467373928693,0.0028239233637587305,-0.6415262245203461,0.05704640099475178,0.040156046597385454,-0.6302502014648729,-0.10142076065553808,-0.15695207366270764,1.0
-0.9290438370565417,0.07303227649680841,-0.6294418354931144,0.035067605496450494,0.028414839450984587,-0.5558292715557208,-0.12386720469558936,-0.13694642323926787,1.0
-0.9526232439501015,0.021554691606045687,-0.49986893929728854,-0.42053565350396405,0.10563530818252481,-0.575102230592697,-0.047049913365322896,-0.16776091949113123,2.0
-0.9520368090336534,0.05031653262395743,-0.5808290848566142,0.052931794930877185,0.04129323230966738,-0.5270045552820908,-0.11541941981543524,-0.14844172864390637,1.0
-0.7279905653561537,0.06476916263112585,-0.7586678154425399,-0.06949127961418453,-0.0008099681064400663,-0.5497881441746567,-0.0834948935723167,-0.17288291585012897,0.0
-0.9634481745662847,0.032653160341307746,-0.5171546413255463,0.0641654077030196,0.0726056229354008,-0.5166003872009299,-0.14425452430465474,-0.15511278673007323,1.0
-0.7966515224252521,0.02856108800652308,-0.6712527521819431,-0.5303902510493264,0.034708528611905064,-0.6623182097124659,-0.0837526941569679,-0.1432215288837854,2.0
-0.9498757127180308,0.052637471490419814,-0.5430277147565654,-0.08487609110032579,0.04840540130417375,-0.5204592332571035,-0.14142310638192612,-0.1626288675172731,1.0
-0.69311820112648,0.07126384950240512,-0.7487963661727376,-0.5661912403296694,0.045280919395073234,-0.5667587561125088,-0.018915079404753718,-0.1289334245740483,2.0
-0.974698722232495,0.043420314345769546,-0.5111685514372346,0.03894601882161222,0.06096224294640329,-0.5030026751133921,-0.13614733912440846,-0.16425870341675064,1.0
-0.8092697666304763,0.04658648424780065,-0.7598562676582918,-0.07267864482329048,0.04465731775331666,-0.5144405209615222,-0.06901822489914729,-0.11938217195823228,1.0
-0.6784203310829071,0.21441366869194292,-0.4175365087295009,-0.87927634004417,-0.08028537339165381,-0.5660284817007393,-0.25184101685964033,-0.11762991579648206,2.0
-0.9401064537737067,0.10140587549411659,-0.5279837921625221,0.050277856686575084,0.014048615968301668,-0.44010719765145334,-0.24727365935005816,-0.1983762811198757,1.0
-0.9832808285566111,0.012672070645487449,-0.45032565653933565,-0.30195123690828646,0.12387263803151517,-0.5421678710423681,-0.04152634667410858,-0.16636875892753855,2.0
-0.9724879872046402,0.023282295033745404,-0.5266479297180593,0.03732770220982373,0.06726177408154385,-0.5339036336989667,-0.08305864049148325,-0.14837485778648976,1.0
-0.9291521108069555,0.058174526589352016,-0.6202510802874631,0.0017802450325870856,0.016945973049853506,-0.5479257648019067,-0.1297571544285251,-0.1487872893785711,1.0
-0.9749369174163302,0.04251763304641427,-0.5174975502004959,-0.08721438944716609,0.07585294591061104,-0.5318774354609865,-0.09637994166094678,-0.1536498469299669,0.0
-0.9862953625673807,0.02754777917160991,-0.44679233190595424,-0.37185292641614176,0.1229189957915425,-0.5341972874646054,-0.05716140143188051,-0.16401975947439626,2.0
-0.9399071722792695,0.03151173495025537,-0.5433766106808241,-0.12504618801340267,0.06256605599640382,-0.5530101900337925,-0.10191487176733285,-0.15658081445042393,0.0
-0.8986307702648966,0.03697391589567327,-0.6258934632536531,-0.0019143829093486442,0.03803515555636913,-0.5692765218688695,-0.09265340248954312,-0.14096408425010823,1.0
-0.9170294738437833,0.07754126916990395,-0.6340778828562349,-0.09695155587084998,0.022313927946817802,-0.5236398457068274,-0.15097931560146072,-0.13860043737298056,1.0
-0.917765072870963,0.03768069471359379,-0.6516499599712227,0.09361892241020298,0.04215283610937216,-0.5789526181215524,-0.08268792747856041,-0.12166500367885394,1.0
-0.9474687369006629,0.09698704169493666,-0.6024638390687078,-0.031172496104790642,0.02232881251351134,-0.5011106126947095,-0.18276164523648436,-0.14852893913593382,1.0
-0.9192005079267377,0.0346090447748813,-0.6196627205081883,0.013986810633251023,0.037737091328441344,-0.586064469079332,-0.0759933298803815,-0.1356671847088067,0.0
-0.9531254769905624,0.044031624945529244,-0.5393385403714015,-0.03705666410370456,0.04405026818187975,-0.5142929577070863,-0.14264011686913378,-0.17747740702224465,0.0
-0.9054549957779978,0.05979757858529613,-0.6300018341961573,-0.030083736664194255,0.020661896366132887,-0.5468578483527027,-0.12061171494818455,-0.1411147444138852,1.0
-0.9379492113418287,0.06041878037562608,-0.5616375361639508,-0.6224329786982467,0.07365149742805355,-0.5861645668056746,-0.0541272764380334,-0.1488950100491135,2.0
-0.852412679357208,0.1772199344137491,-0.6306143546979835,-0.9079972403923706,0.04189808872939259,-0.4472460105033337,-0.23919701973253113,-0.15091295214498401,2.0
-0.9343426061212697,0.06259342514943494,-0.5207703700465993,-0.6900686977157786,0.06752129249464336,-0.5503720747707169,-0.10651261975453843,-0.17649034817156942,2.0
-0.8029972380874869,0.06862074358541337,-0.7560426514497574,-0.005255571057240754,0.017217303570191918,-0.5470041321514015,-0.07616394389602658,-0.13381060408445206,1.0
-0.9138764850222839,0.07670612671808322,-0.5569624486359639,-0.6772957506203041,0.049921806663955105,-0.552099492861467,-0.10905996201654798,-0.17285740446351452,2.0
-0.8567066166452105,0.07621218402232131,-0.6320304430003226,-0.7039352560327236,0.053484852492884614,-0.6112558875377055,-0.07090233069652761,-0.14313827171975843,2.0
-0.944773121386207,0.078071194703033,-0.5462830853978435,-0.5310166158966103,0.07051525663839125,-0.5516867690401198,-0.11266398134208414,-0.1520276530122592,2.0
-0.8953558835344159,0.04587052457239674,-0.612540277515929,0.003978935209221129,0.0326381838482349,-0.5515579175341705,-0.1331565633947853,-0.15131606248648413,1.0
-0.4216832373573323,-0.21478978812505017,-0.604559891385766,-0.1617277191220462,0.03620377396065515,-0.6952159036171122,-0.28720348332727286,-0.07894471165450377,1.0
-0.9208755494112009,0.09467375350784629,-0.5647356828867751,-0.7333642542385609,0.05486009268696694,-0.5461779180948177,-0.12216761001926416,-0.1648039531616495,2.0
-0.9233530648635053,0.09420008089065504,-0.5570212231104336,-0.7455379950754167,0.06160537072521113,-0.5516904012212822,-0.10976396988364108,-0.1635112906640448,2.0
-0.9787034175874698,0.03625899829478462,-0.4851671687057839,-0.38893053671220357,0.10751882167286744,-0.5508657163377735,-0.040464748140920104,-0.15760492085569716,2.0
-0.6330878970234609,-0.002837327220999407,-0.7519204386568941,-0.0536884778052531,0.06827180234929354,-0.6364499330739462,-0.1277281045272273,-0.15181958582554939,1.0
-0.9277126315426871,0.07883113962855895,-0.6201076657652195,-0.0030458803510604593,0.015138046753115877,-0.5157009504926902,-0.16460117962246337,-0.14250038199363674,1.0
-0.8279565804414066,-0.015225847450999239,-0.6191757418275118,-0.00974243016204665,-0.00801095993922428,-0.5834299268639531,-0.09146866217855687,-0.19449301848429368,1.0
-0.9713000117237294,0.009862982229478054,-0.4704359734639534,-0.40178429827758766,0.1235688657061072,-0.5779134057473742,-0.022174479934219074,-0.16142343467952971,2.0
-0.9898026223528622,0.0099196527289113,-0.4603872313276933,0.02387951323382942,0.09393805210145162,-0.5186985615331224,-0.08960403244650207,-0.1691436257318343,0.0
-0.9528045865764988,0.041926573007431606,-0.5508995894788629,-0.056955750342043615,0.05599738291979795,-0.5404777663772149,-0.12218005326762843,-0.150500622269177,0.0
-0.91529577043719,0.0974643458691978,-0.5768848668965312,-0.7286671639374928,0.06844994021758095,-0.5017460783858424,-0.13925322448091698,-0.14722678640758052,2.0
-0.8736159357000682,-0.02177324061328037,-0.5890317892222569,-0.15294132873923313,0.08275236661382446,-0.6335411436518485,-0.03577259078464577,-0.16466229367999163,0.0
-0.9706581333534559,0.03323738863424172,-0.46425427442917655,-0.5159781076751515,0.10889728675422505,-0.5417560341422665,-0.07670536291290915,-0.17927314633252645,2.0
-0.8817969745151514,0.0030811265968926985,-0.5194927200491042,-0.6923955433575164,0.11587702293351737,-0.532610961650604,-0.0889973160926412,-0.1865492716122769,2.0
-0.834248541840322,0.030534777924438632,-0.6821120139502297,0.026004700766514594,-0.010174967600470167,-0.5801875522707819,-0.08996687486154756,-0.14957891331950954,1.0
-0.6532329141994014,0.04173787713442946,-0.695318514216643,-0.7058087954117492,0.05089479616705575,-0.6340368271532012,-0.11555581980295883,-0.160634467074556,2.0
-0.8680306906916129,0.021940537725760947,-0.6478074071810535,-0.0006711532669111675,0.04469244434646891,-0.5850755438519372,-0.09325733184244249,-0.13916875915316695,0.0
-0.9576395233341812,0.024883708441851782,-0.5341336876496687,-0.011356366190851841,0.0731587677285588,-0.568221909544109,-0.0763196706455276,-0.1552437700866461,0.0
-0.9446695382832686,0.04244090313591968,-0.585178871620455,0.012490393056417304,0.04184893830530022,-0.5453422489539123,-0.1115046784673536,-0.13642292609544113,1.0
-0.956344854153879,0.02937938929898836,-0.5409693019499925,0.013668730476442764,0.06141426947998157,-0.5591617740730555,-0.08974166689344826,-0.1525304003176075,0.0
-0.9397899503495482,0.11280426361841181,-0.5632864393032029,-0.2219178330308033,0.02808172883170766,-0.4847336318489736,-0.2294480025208418,-0.17578145430918188,0.0
-0.3692972496903827,-0.26412242858738444,-0.5496521264279423,-0.27250244542620794,-0.09125815506560697,-0.39537760697142144,-0.16198848761805507,-0.3503099741746852,1.0
-0.8623205339032837,0.17143553330184338,-0.636901797057742,-0.9332702759940276,0.03412854160336849,-0.44800243736524464,-0.22111923953717572,-0.15068026506638052,2.0
-0.9167658701052421,0.054029433806115655,-0.5419474807668386,-0.04181970764124407,0.019636104468444465,-0.4588552443882059,-0.22947724916698636,-0.19093395148843445,1.0
-0.7974479701939703,-0.07639320615113122,-0.6275501470533745,-0.058513053848879115,0.06355597874569964,-0.6131253876311693,-0.08136550563080613,-0.18775742135720142,1.0
-0.8000841740547103,-0.018746722375408434,-0.6639446771353804,-0.6438980337989691,0.02934072390514702,-0.6848870955171728,0.0055733627338843406,-0.1672706651228913,2.0
-0.9709071586332033,0.04837099604142815,-0.4735436364972995,-0.5004765694845992,0.11214980792201314,-0.5312895033760502,-0.08995760599295782,-0.16339702908451742,2.0
-0.979348455028772,0.01914169026012031,-0.5093425972738516,0.09886659106439677,0.07383009387382478,-0.5326261496117577,-0.07532610080413821,-0.15752937228253688,1.0
-0.9688416226190248,0.06782336022776499,-0.5274026443350235,-0.2903517367842517,0.06673781175537886,-0.5266109951084237,-0.11936322525335964,-0.15189565953505121,0.0
-0.5673720298642211,-0.18177965166417318,-0.6105722471080202,-0.2375777279457943,0.06231097328105754,-0.4562412995519021,-0.15329077933361135,-0.22240663858948279,1.0
-0.943991365789453,0.052474041908122035,-0.5767027531877951,0.039626741099886065,0.03357704673378249,-0.5280187891063916,-0.1268413988904299,-0.15205187651106017,1.0
-0.5122141140154342,-0.005730576426839933,-0.8259161022325338,-0.05896194443642194,0.1451964169719196,-0.596245706548913,-0.09190264443476925,-0.0953462376558562,1.0
-0.6716469351755902,0.2743972817948389,-0.6778552369293237,-0.6400007412040637,0.08085241994110526,-0.5991458252020617,-0.07796110288426233,-0.21047434186249583,2.0
-0.8127154174438747,0.04744341515701769,-0.7636004463392851,0.003256281587787291,0.04224400410186002,-0.5126536760196684,-0.07535935094157876,-0.11284229060228888,1.0
-0.982545040750768,0.0006645462075072217,-0.4628838945951935,-0.1063495571680773,0.10820327542433261,-0.5542252333955489,-0.0489702001644631,-0.16784888930680436,0.0
-0.9812408815659607,0.0219835295799597,-0.4951710422152492,0.05420053023317356,0.08101917553804037,-0.5101061744075873,-0.10370786641712275,-0.1547030141192586,1.0
-0.9661595065095033,0.08132695599254262,-0.5251590211808708,-0.26803692955834435,0.05210762471615806,-0.4917238937628604,-0.16957575181851103,-0.1617083283341882,0.0
-0.8609524751997033,0.032145062958948145,-0.6862054343187841,-0.13233920831458434,0.023882021522465366,-0.6314054963390067,-0.04932092947332616,-0.11986221956888753,1.0
-0.9636155765149386,0.06335881042240635,-0.5610115976297099,-0.11199902207815925,0.05426015189567232,-0.5296543243272881,-0.11917231151959365,-0.14050640250468147,0.0
-0.9566408417635914,0.02589012585255636,-0.5429347160122407,0.06695327592988815,0.059235044976810015,-0.5511428037534546,-0.08428260644225703,-0.15455624233778054,0.0
-0.9864368688259035,0.015169993035230752,-0.4542549093880359,-0.21071714891027798,0.12234171599031013,-0.5437579823711572,-0.04581447427282966,-0.163162775790977,2.0
-0.97914710698857,0.009420909833386566,-0.47014268376630275,0.017374212897553587,0.09276032863107336,-0.5323726195352156,-0.08672284966026234,-0.17086615978576541,0.0
-0.5072262636518985,0.3475719183259929,-0.6501917626167547,-0.2536022621235216,0.03978483527395996,-0.5585687337741911,-0.1775023282366056,-0.11412929127825,0.0
-0.9220759487558656,-0.0010995485902644334,-0.5537986117434973,-0.3326708291880246,0.09679954623082626,-0.6151371341276965,-0.0031798523793424155,-0.14714603716408844,2.0
-0.9526212147328398,0.011407180372472847,-0.5448501457442683,0.09609943264616805,0.06912828201738194,-0.5694370748034956,-0.0756980409121809,-0.15784145714326286,0.0
-0.9262616357309339,0.015362944415263736,-0.6036210059107888,0.05461688758479627,0.04949795249461321,-0.5993915197508083,-0.05178094033093694,-0.1298024919561795,1.0
-0.9819716135605974,0.03231251726301965,-0.4474487436382095,-0.40765875948410357,0.10778160716467891,-0.5224105499688501,-0.08547166216078564,-0.17394848633687116,2.0
-0.9785302791830143,0.026575594319905384,-0.4631589171733492,-0.36136332496789303,0.13082505570939543,-0.5596979794542661,-0.03774965752733121,-0.15773881583571162,2.0
-0.6164846384562341,-0.18712635868651276,-0.6712054362062932,-0.10713686001993798,0.041256373109043204,-0.6914746085797745,-0.020653626099694136,-0.17899916256151455,1.0
-0.9481343190837805,0.04827169391728901,-0.5814943471662768,0.07530230737597571,0.047350850646323855,-0.542361110573137,-0.12922828589803087,-0.13909350273927537,1.0
-0.9574055071537679,0.03885216006475893,-0.557874585157642,0.0534049429918923,0.058036611905173154,-0.5235124174638053,-0.11830905631718175,-0.14448834738123256,1.0
-0.635959586874862,0.10158838578732855,-0.6427863599808732,-0.6864915670738132,0.008858124130994766,-0.5913874143781829,-0.060812222997591724,-0.2025804470532679,2.0
-0.9785392875126673,0.06316294083063018,-0.4907347055007537,-0.49759660408950984,0.09207928090177701,-0.5314013959833624,-0.08922379804372109,-0.15706949785154428,2.0
-0.9024791534217242,-0.020999197046088977,-0.5258660368677524,-0.4282961624427948,0.11558670655997914,-0.6065846374730236,-0.025731145442639672,-0.17928300820945112,2.0
-0.9816377506528451,0.019752117020337433,-0.4519380453598146,-0.3715134073927602,0.1256397878810424,-0.5638840040644352,-0.03634609312237175,-0.1640907694407983,2.0
-0.9661728026887445,0.05980916181700469,-0.5214517623080368,-0.2557324079296848,0.08259624315057108,-0.5297040385504831,-0.09444745222209391,-0.16082751090456596,2.0
-0.9874451956656934,0.023135539821546258,-0.4404370953530786,-0.38976003900969136,0.13150233566703942,-0.541093361007247,-0.05044156154911473,-0.16118682692728023,2.0
-0.908122902813993,0.061071467061156876,-0.62602552797625,-0.07847000614000713,0.011974908649667583,-0.5826026730561515,-0.11261887730559836,-0.1376184687588577,0.0
-0.8711780460985855,0.06976541331990994,-0.6249415864679286,-0.52806223426301,0.07248329267670983,-0.5726510253650882,-0.10570192972647438,-0.15090746160665622,2.0
-0.921635593761708,0.08705996243426617,-0.5911120452631724,-0.5684965363885848,0.04887254841844592,-0.5304845048313304,-0.14287746889614758,-0.16153627514688743,2.0
-0.9872258043836976,0.024154184501529962,-0.4754597856010406,0.02105184868986848,0.08526864340393314,-0.5138498981868087,-0.0989915327528434,-0.1656407100428391,0.0
-0.9645955727135401,0.06397487477919,-0.5041659268457687,-0.4107041777767035,0.07918976763919996,-0.5353840142520202,-0.11429029364126564,-0.15907114670048175,0.0
-0.7631175743626967,0.021563021152935246,-0.6888423592497416,-0.0298189888332189,0.028107359225321996,-0.5036677334734306,-0.14840723711047302,-0.17080596461632236,1.0
-0.876566140367446,0.04541006799338114,-0.6743883316383531,0.013538607444138456,0.023406834020821568,-0.5678527619882502,-0.09761060733197682,-0.13462219095194067,1.0
-0.9282151311532534,0.023719838715180276,-0.5388647142473001,-0.4472985272298673,0.10231671624025204,-0.6133799335613144,-0.020157668771506,-0.14942082708611124,2.0
-0.9575492850759019,0.016358719936381064,-0.53836594729955,0.09869365789992096,0.06954149520356531,-0.5637954248858409,-0.08450201021883713,-0.15759728913368948,1.0
-0.8451364305757105,0.0043992985490831915,-0.664329354729634,-0.004926734629609353,0.04021476776598369,-0.5717785748098576,-0.1085860288247596,-0.16217863172357422,1.0
-0.8932486128861277,0.05260142678316501,-0.6540181305777719,-0.003579179070377525,0.04570499582429152,-0.5486854185472513,-0.1291365336156487,-0.12112738686071756,1.0
-0.7616209693327791,0.049292372467848046,-0.7472182159223855,-0.14850742384926693,0.023631089297938994,-0.5889418106863354,-0.11782003373510695,-0.15299624243358964,0.0
-0.923591211035014,0.055091555015410416,-0.609467932827953,0.14503895279999418,0.030675568173146033,-0.5398358554981373,-0.14518733845337714,-0.15014835616301234,1.0
-0.8869773669037305,0.007859862956970387,-0.5642939396522273,-0.22903023784023446,0.07680579844100781,-0.5961389002417055,-0.12267945822037259,-0.15391369587342893,0.0
-0.7527720084961499,0.06518844619468023,-0.6231202809970262,-0.7708252476745018,0.08255707271300525,-0.5555513348858633,-0.152157535110916,-0.155022050775391,2.0
-0.9599512364692284,0.06553723914159992,-0.5125078502215688,-0.5385797344462582,0.08544812288389479,-0.5326678419751608,-0.09816579193257033,-0.15868412471559507,2.0
-0.9747949743745883,0.03282581571391385,-0.5182321142550218,0.03817169377446422,0.06829673075166302,-0.5145888279011696,-0.10659408452140916,-0.14972900304963216,1.0
-0.8250086055384004,0.061763452016177306,-0.6439224365284362,-0.5577232652486723,0.07070133977220179,-0.6576646783568686,-0.10453912098245204,-0.11375269593011511,2.0
-0.9498507566517672,0.03905252748203415,-0.5078379705993461,-0.5257944355967898,0.09814941847421749,-0.583585617024731,-0.052413408326069416,-0.15679517912365903,2.0
-0.8712819109353351,0.030457555608733505,-0.5748150025365234,-0.07522943081647554,0.04209196316208873,-0.5839096209817094,-0.13512872013625415,-0.18110958520322315,0.0
-0.8652651673301648,0.0784596223019505,-0.6890227656016571,-0.012671103633559555,0.014292423528075304,-0.5597294552280431,-0.1495834335090771,-0.1504401150497687,1.0
-0.9701933531230074,0.05356323368880566,-0.5563761690566337,0.05416409767098779,0.052835622988309766,-0.5249739986054606,-0.10895901430669405,-0.14095325625168925,1.0
-0.9794683490700046,0.002925885726387835,-0.47537907500586973,-0.02816322069142832,0.11448696613211043,-0.5514562515277873,-0.051500060390453496,-0.1591672400028929,0.0
-0.9500496775175553,0.016449547746264295,-0.5178327036162262,0.08126586400949348,0.06650713367427882,-0.5274893657689828,-0.13866210121451505,-0.17509699376181734,0.0
-0.905875820235071,0.08327103180927549,-0.6527823850615269,-0.1458651507047387,0.015492686700197746,-0.5000745488649845,-0.129748787871295,-0.1363081900954252,1.0
-0.9579838393353177,0.049354387411478136,-0.5342961513836741,-0.29459930436075255,0.07297019078050866,-0.5488911022540899,-0.0921721868593161,-0.15462482667464145,0.0
-0.9730830165053629,0.029151777492973898,-0.52337780857329,0.08979196701473108,0.05639936779596574,-0.5042877122704532,-0.12554491545298704,-0.15042971257587542,1.0
-0.9195607089641569,0.0384983940908215,-0.5723823383597328,-0.09059805116470429,0.0469995736087492,-0.5173138094365576,-0.15082811681279867,-0.1671914658751833,0.0
-0.17381155832273487,0.2996888110960308,0.11217045243709267,-0.38561547290408216,-0.10509226080051076,-0.5189649608492669,-0.605063637666808,0.014992649862743956,2.0
-0.6528059061929433,0.19165731564589175,-0.612375917427993,-0.7519681442962118,-0.046867002144061226,-0.5956359223834365,-0.15724662722294522,-0.10672986128299178,2.0
-0.9702890318883125,0.05095559143232446,-0.5217921756406051,-0.09898066897943723,0.057477450883542794,-0.5280699422403697,-0.12245043406197181,-0.15296156277424663,0.0
-0.7844837912180626,-0.029475884970641214,-0.7101650327050077,0.0786760201219972,0.06441590082065413,-0.605971030461606,-0.044620638323662816,-0.13093043759362308,1.0
-0.9322131434789892,0.06315712067784945,-0.6184393148466374,-0.015525473898823666,0.015022591312085116,-0.5597864743121763,-0.11927458159999081,-0.13562512207985444,0.0
-0.9406634641045153,0.024049471215429205,-0.5914844535869698,0.0936657178616267,0.05275214145370827,-0.5631903335074927,-0.0869659417226697,-0.1336463785340608,1.0
-0.7268345791861162,-0.0858951127849027,-0.5801221715039249,-0.5510822567324701,0.035030225003131084,-0.6973752451956734,0.03538502585221018,-0.18219588447795154,2.0
-0.3642425511743319,0.016555014782353727,-0.5110079560083745,-0.576905406915996,0.09326714313580824,-0.5806843435456007,-0.2759268491082666,-0.08399931080849941,2.0
-0.9597026867364248,0.02730342685561964,-0.5161940459718332,-0.23997475079143918,0.08536960760684033,-0.5597939070684895,-0.06415785794586346,-0.16293966235134136,0.0
-0.910833579977998,0.09103566529666704,-0.6535704992518658,-0.06164488750937158,0.008358006270524722,-0.5416375275845777,-0.14733051509017053,-0.1414166403853935,1.0
-0.9195924209384329,0.07538544903909145,-0.6112822803701267,-0.17781366669422413,0.022590050392695453,-0.5261500369920774,-0.15752582672282792,-0.15068279071120294,0.0
-0.9797481889981172,0.017307359278760443,-0.47268292534021156,-0.37043148887518423,0.12630078590832183,-0.563563238616868,-0.0241700945978615,-0.15876414947056353,2.0
-0.6852135874259686,0.24988788004806928,-0.7389585561291878,-0.18523266575891656,0.029023102351310566,-0.5642108139928235,-0.11734303016668676,-0.20486518719781024,0.0
-0.372466257555108,-0.07773762325645632,-0.6663738149860137,-0.4172754565021506,-0.1299897439703417,-0.3214745532492814,-0.1461680824550557,-0.35467842344551637,0.0
-0.9460957122357129,0.049728917501817814,-0.5776281514445728,-0.060138159529373736,0.04574943501724469,-0.555640017568665,-0.09646133916434442,-0.1501484067931081,0.0
-0.8180922269117304,0.07950848754608528,-0.7881275750800807,-0.1445378990358554,0.008026787233666413,-0.5390038590755021,-0.09028557143751886,-0.10702277188862123,1.0
-0.7689863072056223,0.10379938035009151,-0.6672257299982036,-0.31272928604848355,0.028514625046232804,-0.5685887235487781,-0.19411689627234557,-0.16810826366863033,0.0
-0.9549242260336359,0.07023854353031939,-0.5698587916727,-0.029449069084319712,0.027357503832142693,-0.4981926973888826,-0.15945675969834378,-0.15062211087567437,1.0
-0.9412589898170569,0.0372115085436483,-0.4919467045033813,-0.6227564758138111,0.08986158648049683,-0.5682531303930405,-0.07966933852083549,-0.18577453435811436,2.0
-0.9789767343984789,0.017164524420444596,-0.4772931863242612,-0.08245008397326388,0.0932567375676633,-0.5417125484646003,-0.0698711965282427,-0.1641442631142723,0.0
-0.9543368233506123,0.03956847069806377,-0.5541648339261476,-0.04560474175774662,0.06355356988811248,-0.5516368555536673,-0.10154715599277163,-0.13812800333626316,0.0
-0.8959853643640219,0.03983129870802628,-0.669931543486646,0.087657937583423,0.04100403990764465,-0.5823367648691233,-0.10416505904996917,-0.12136070489929468,1.0
-0.9795368049004561,0.022148317876719115,-0.5143042195294495,0.0862230876860301,0.07229372364054185,-0.5249891155017958,-0.08521016539335756,-0.15539774332728012,1.0
-0.8620607627048053,0.07686202286432951,-0.6883601196584762,-0.09853010188631126,0.025320175602359773,-0.5472692656133584,-0.14342240362149017,-0.1356402378028923,1.0
-0.9826588668307061,0.0045211154152383914,-0.4986740628467887,0.09706730401600455,0.09093086049140088,-0.5383568678581998,-0.06459664292904166,-0.15158431623689692,1.0
-0.9450524647054787,0.094109944337494,-0.546714315657665,-0.6688015447009732,0.0581578014859563,-0.5287725057960654,-0.11748500962075736,-0.16041813128515367,2.0
-0.7074962403632948,-0.10881022559949893,-0.5370240224284603,-0.6688012435270025,0.0023731578142421467,-0.6545976527514799,0.022148304471769895,-0.23619937564227528,2.0
-0.8901513691324279,0.021164370150751153,-0.6446758467743011,0.011269371766196246,0.058025469806246475,-0.5649724273601318,-0.10866954216804639,-0.13175139129097377,1.0
-0.9770938042847436,0.04248348872270783,-0.46889623939905656,-0.34901885303507707,0.1062654183798033,-0.5248090337256148,-0.09200209439500917,-0.17177668888627207,2.0
-0.9135256328862645,0.10196284827800264,-0.636965652239958,-0.14271169382068566,-0.0024767197712542988,-0.5382034918679507,-0.16384622202476276,-0.13671191528417878,0.0
-0.961547847148398,0.03635733957982889,-0.521764209733529,-0.14360976548036364,0.07090232007310375,-0.5293260855410841,-0.1190290631476515,-0.1533456987769885,0.0
-0.8609666592801137,0.03649602975401693,-0.6705334662615478,0.049677255998057224,0.020474905799398792,-0.5761274296154738,-0.10443042257622595,-0.1340125726153266,1.0
-0.8032212607692208,0.0817925018154316,-0.6616604076048368,-0.44693577791458683,0.040267496204881736,-0.5800998127692975,-0.08793095232482209,-0.14216754469321413,2.0
-0.7224987687697334,0.09973822507495109,-0.7584332005510929,-0.13264919579441764,0.08361749170234715,-0.5413046534973944,-0.1478057873635509,-0.18094119180429202,0.0
-0.7994486284798797,-0.05541266067344584,-0.5718886913739628,-0.5205042062835438,0.04669756744801731,-0.6537994029622064,-0.0024002221831982695,-0.20096790699841874,2.0
-0.8704875347265968,0.08366384990157553,-0.6151695003173444,-0.5265357895164993,0.03548995847255146,-0.6258116851713406,-0.0803905338395852,-0.1274111554555108,2.0
-0.9258398132532857,-0.015715732747095923,-0.5391966341778903,-0.06484694909955832,0.08239811340550558,-0.5943881106977859,-0.044782979494855366,-0.17013049270991018,0.0
-0.8214248834004592,0.02991278219365359,-0.677067213752055,-0.0792428889427443,-0.00020740082948077915,-0.6342717975377503,-0.065871622017977,-0.15201692678547032,0.0
-0.8154712303103583,-0.029408850432370987,-0.5917245701781162,-0.46379468503604504,0.09592508488737217,-0.613397094821974,-0.05087225861453925,-0.16393716601422792,2.0
-0.9700697305585823,0.05248755589071628,-0.5181990627717666,-0.1815941776836259,0.06929011701153277,-0.5135992754454308,-0.12514514452749384,-0.15880127546870662,0.0
-0.6330722355991616,0.1029388187658905,-0.7289077917938614,-0.3471505888728008,0.06077856435365186,-0.4064853799671433,-0.16932917870487213,-0.18150367166944226,1.0
-0.9571811063662008,0.03988012793070659,-0.502854042755853,-0.6195242508730442,0.10351643393995483,-0.5540316340713765,-0.04463964997951929,-0.16263329468999513,2.0
-0.8752635221949412,0.03054655889932675,-0.6674852114418276,-0.022235791493371987,0.03341219826010902,-0.5677105191879089,-0.10039470327823381,-0.13784811736800978,1.0
-0.9694605931474598,0.025343434724090425,-0.49571898915013635,0.04174516898850833,0.06698764729839461,-0.5273315899110337,-0.11855273742419355,-0.17253572463243616,0.0
-0.9373368958186549,0.0893865327188964,-0.5223370836485708,-0.7431780065880134,0.07269005624139016,-0.5611780918938971,-0.09335640473311466,-0.16179338575020288,2.0
-0.8642975242472742,0.021159642318368695,-0.6682136287141939,-0.2630580852127597,0.036236637997946367,-0.6438345735624763,-0.04847516936129489,-0.1421861562085223,0.0
-0.9198991647392597,0.07110460559676966,-0.6374921696731299,-0.08926810881557055,0.026131724662206535,-0.5667092443728514,-0.12120454512196097,-0.1282325269866044,0.0
-0.8718707836194068,0.022146017037499615,-0.5987912871720411,-0.5252700761297736,0.07229527712375036,-0.6277278846844494,-0.039800852004278395,-0.15162477290204332,2.0
-0.9146302598514487,0.07532031052348515,-0.5865739614389641,0.033629090849431664,0.021532236902272732,-0.5191193662447416,-0.18923981913807542,-0.17851498238172597,1.0
-0.9536773256439935,0.040814104361250665,-0.5591787411369644,0.08835986689434133,0.04548123480490726,-0.524048314938158,-0.12765822444286878,-0.15303810789478522,1.0
-0.9664059775346425,0.04958681817132416,-0.518424573811663,-0.26159384743662056,0.08104125937798871,-0.5424740690754162,-0.10474118767185045,-0.15514767494880766,0.0
-0.8778200767421462,0.034045160775980486,-0.6399635141664569,-0.0316207100504618,0.043680621201434504,-0.5915399426081418,-0.11623826442633683,-0.1465909150535547,1.0
-0.9195573457708953,0.05188458705407958,-0.5829113726896313,-0.3366418500415749,0.06603995316456115,-0.5693001549316127,-0.09436550772485393,-0.1466580252044325,2.0
-0.9489622467303723,0.025427746739655793,-0.46955579767232314,-0.5435054516426021,0.09664629970182903,-0.5484626447691516,-0.0918090753573373,-0.19178294517685487,2.0
-0.9680745462594844,0.044032096453066674,-0.4784032862240534,-0.5068792598019143,0.10540654478605932,-0.5428703336613178,-0.08327270199948136,-0.16154422417440417,2.0
-0.9071289831674522,0.08424029895067954,-0.5637828917404082,-0.7617185608958926,0.06969573062368714,-0.4889093583819113,-0.14379400920403587,-0.1722047179141486,2.0
-0.9481560633691074,0.09112189116494428,-0.5446979611493338,-0.4223180156757641,0.06477691509669076,-0.5273408123617409,-0.15778945757527493,-0.1726623889390754,2.0
-0.8856977170675129,0.11940011372306499,-0.6700763080662798,-0.2937167948394892,0.04070323489301856,-0.42915661060826754,-0.11007082180941113,-0.1543053840769645,0.0
-0.9630768185576073,0.03130086420299379,-0.5275781310016736,0.06415398778328074,0.0596821441219768,-0.5181894713975363,-0.12411328419396635,-0.1521509960160994,1.0
-0.9789222770011069,0.01860325774687761,-0.4596823137770861,-0.41349676680558173,0.128356068743399,-0.5435829593912149,-0.0442053315055785,-0.16121050187046423,2.0
-0.9568167085687108,0.007781369543979635,-0.522193693127603,0.11866004621265303,0.07810416621477906,-0.5541726299165404,-0.09895126950152436,-0.1496707273154924,1.0
-0.9194037441575281,0.056319857590712986,-0.6288473907252978,0.0007392101644726201,0.038638932380973164,-0.5563032894191062,-0.12840361824869634,-0.14084897924694056,1.0
-0.6268803405299858,0.11928164791360159,-0.7087710182018696,-0.7814554561211057,0.010015486010188965,-0.5402167683007795,-0.1494010244699211,-0.13991666542680276,2.0
-0.881391219118763,0.12614605800320383,-0.6902020202573591,0.03199494179913187,-0.0038441901723645644,-0.515735053931633,-0.17069012951185103,-0.15422847077485918,1.0
-0.7024833010274372,-0.07573953592403439,-0.6492477196639347,-0.4874934056610418,0.027925262765146938,-0.5477014586141367,0.03476102305040735,-0.21997657697292916,2.0
-0.9046146998475103,0.027323483643260645,-0.6311206755769199,0.04974304491257803,0.02795623093494614,-0.5860882710093696,-0.07817527042305039,-0.1640796861895919,1.0
-0.9332055899036535,0.06271607341885894,-0.6120237679278959,0.038555681855453106,0.03307051836687175,-0.540839141495067,-0.13411734065019132,-0.132352941782449,1.0
-0.8583783786779129,0.008212562524887036,-0.6679981915330218,-0.23315879188236288,0.027876420278646404,-0.6103446125745116,0.004621147942721546,-0.13830260094112795,2.0
-0.9356266073070865,0.08228635231087605,-0.6074294740926193,-0.08462999140195483,0.030112524733035877,-0.512237498098843,-0.1570048592664584,-0.14478313865726972,1.0
-0.9354042665503146,0.04746105550573224,-0.5894892294342742,-0.16352511025116345,0.03764744134830513,-0.5509850756727177,-0.08652800795368848,-0.14726720034795704,2.0
-0.8809263617289227,0.04391674507632484,-0.634657638201713,-0.5026181131134553,0.04781848308416034,-0.6218934501939941,-0.04702895827905158,-0.13661657471942462,0.0
-0.8473778095926037,0.10312586164190758,-0.6527848278247993,-0.36782110815554137,-0.013586829170261022,-0.4660220296809989,-0.13825255546138426,-0.1724802020651686,0.0
-0.7617429695918103,0.07579103665224945,-0.78867439258969,0.017778160967401535,0.02373938445247569,-0.5842067767844092,-0.11045732556730622,-0.12274986050018816,1.0
-0.8976464345465632,0.047457571857705896,-0.5743481639765486,-0.03104680784549002,0.02496057920301633,-0.5547487534399002,-0.1532033615446828,-0.16881831681125034,0.0
-0.7429546609481785,0.31082099545329706,-0.726392596910862,0.10782258453474686,0.037402897618757494,-0.5718294382661294,-0.1772654582937933,-0.22191847192376157,1.0
-0.9632862136209649,0.05793808562188978,-0.5232276767135926,-0.4162291246055776,0.07822401312936236,-0.5396422555611987,-0.08525886498929067,-0.15455699023927455,2.0
-0.9375338362254806,0.042021119282878334,-0.5977801680863271,0.010904690621766966,0.04721322683865145,-0.5606578665159022,-0.1024723339965956,-0.14615797028243835,1.0
-0.9514365808271258,0.04174893357163239,-0.5639190561877927,-0.009484648161112857,0.06060850698626047,-0.5208735346353818,-0.12018437803944676,-0.1417150629582808,1.0
-0.9318719244558734,0.02782794636510133,-0.5845138778705659,-0.06521085144973673,0.056795363804054,-0.5726532403240436,-0.05749587195954748,-0.1428345107355767,0.0
-0.9467339713354637,0.08017742092984034,-0.5502617706189861,-0.30328200462296695,0.06673532077500131,-0.5194163433909809,-0.12413883302412526,-0.16249147358619317,2.0
-0.35292333751352034,-0.1089394802354012,-0.7240880191356585,-0.6830632040700417,0.0010878293995720476,-0.42651506384781684,0.1541709383311355,-0.25597137345002513,2.0
-0.9589569168055174,0.02270540276728534,-0.5434490425843885,0.17545387239174326,0.06538930319390322,-0.5366418920851206,-0.10938540963614254,-0.14590525676037458,1.0
-0.9604146619290463,0.035603097808457766,-0.5263625430627784,0.08987068762689976,0.06340150904958951,-0.5241760496687644,-0.13564634288494276,-0.15430235810222492,1.0
-0.9566190219377911,0.06952700612569632,-0.5329179872949364,-0.4270425075529488,0.05996563785157605,-0.5355825578294555,-0.11618280490790774,-0.1562073159131773,0.0
-0.8569688986499502,0.04884145598442508,-0.6656887947427339,-0.020338748731849488,0.03104783868485242,-0.556986786138409,-0.131272329704786,-0.13984227452756584,1.0
-0.926700881742148,0.04594921114395988,-0.6087299984712062,0.07271155677490776,0.03102412572016499,-0.5455852452895857,-0.13005867863725493,-0.1514161067547248,1.0
-0.9368021049201374,0.02278013331627897,-0.6006125270522752,0.06171967931165362,0.05301248495642948,-0.572706938636713,-0.08319093402330001,-0.12591992475504524,1.0
-0.8042122288538645,-0.008852372465202853,-0.5744320108194533,-0.622924072509949,0.07874918457937508,-0.6216402602913416,-0.09731368668549922,-0.185207823965346,2.0
-0.8847000032226005,0.03030879055212372,-0.5373591091788581,-0.6917694117381836,0.08984811324851148,-0.6019484507332848,-0.049534154177812824,-0.18025630901819503,2.0
-0.8874719420781725,0.05313016098865476,-0.6644734834994644,-0.013773152178297249,0.018601103394931567,-0.5781273442267912,-0.10101364728155433,-0.1328302496793485,1.0
-0.9472952727684074,0.06842088652645976,-0.5392651970668376,-0.4747205235729369,0.07766484889655871,-0.5516293180933333,-0.10739416006655161,-0.16510626718492008,2.0
-0.9421698996576634,0.10428139349315331,-0.552348844199535,-0.4842042954279237,0.047255848098599604,-0.5279405583628021,-0.16273415136131927,-0.14980071189209967,2.0
-0.9461741404430875,0.018645860167191292,-0.5427017295526236,-0.04616091278017018,0.07674309157085163,-0.5734431133664597,-0.0832095077002608,-0.14295440055904113,0.0
-0.9773264508096179,-0.00563118279610101,-0.48396102928629703,0.07271143725187462,0.08818465817705778,-0.5493302642867993,-0.05216952504842863,-0.163103552555644,1.0
-0.9479209432405394,0.03549077595148673,-0.569617036020514,0.0548096954420485,0.049697786490970244,-0.5520274284841133,-0.10292376094378403,-0.14508176002549214,1.0
-0.9488487897866137,0.07563589845027673,-0.5626523234244335,-0.19217197019336202,0.032813566936086336,-0.5019495262684704,-0.16720397056279074,-0.16005939138987002,0.0
-0.7272803936307388,0.08729296298564847,-0.7540584555528205,-0.07340363410772471,-0.03757698551161125,-0.6144922213449517,-0.029462232281056003,-0.17891954653915085,0.0
-0.9737185834844188,0.017112895028410204,-0.4658817775271995,-0.3808690400428441,0.11545684795718153,-0.5662782061094755,-0.04161733428075592,-0.16474366842300073,2.0
-0.8555937217040964,0.09475388307311233,-0.6474663514366282,-0.7099250984021895,0.042959381162066435,-0.6062441756403747,-0.0831379153734592,-0.1319595163625361,2.0
-0.8845546762860739,0.05349171688285804,-0.6774967781442708,-0.054825047927306414,0.01477027407079931,-0.5966899573236326,-0.1103636222602652,-0.14488075998972927,0.0
-0.9823788517595552,0.017385194175088214,-0.49304884236124874,-0.0038789203723108845,0.09952794183269517,-0.5537255140462574,-0.07311589645652931,-0.15595003944037292,0.0
-0.9758986519124292,0.044889442686228125,-0.47889768410160166,-0.39172340670662464,0.10242732271325314,-0.5334841390757182,-0.09194625669092203,-0.16172740793154822,2.0
-0.9871480096485657,0.017219029153621664,-0.4489378029954958,-0.32160830042678046,0.1297468787576419,-0.5568363174823845,-0.025964945459563488,-0.1627195007018082,2.0
-0.9769857431505329,0.027650656130071918,-0.4584497326720089,-0.37858468770934495,0.11276469916453224,-0.531267638371276,-0.07947645213796739,-0.1747211962503043,2.0
-0.8986313802314313,0.0346855461093228,-0.6496864171651618,-0.0628008913261793,0.04669618368854329,-0.5929688776604805,-0.08680750916780267,-0.1240144077102952,1.0
-0.9431907856758953,0.0865405390693321,-0.6094230581609834,-0.13531931170131217,0.026413138408985,-0.49354780995043857,-0.1604575230551098,-0.14432865550136253,1.0
-0.9656883146787664,0.02010978356631509,-0.5031731871656678,-0.10490632959313503,0.07888568625026406,-0.5685123795986129,-0.06568931754324894,-0.1690165592226404,0.0
-0.9396375088751892,-0.008556549497703701,-0.536817501961657,-0.0018731997249892274,0.07810851905773282,-0.580116741357547,-0.061094984072457136,-0.15524369421927625,1.0
-0.9545522370163672,0.0050373010245456165,-0.5082368208890421,-0.20987503904998098,0.12109723665601979,-0.5904353592223035,-0.011931220257864972,-0.14504332690199567,2.0
-0.8700501994767881,0.050849862607790654,-0.6646011884200952,-0.16011253671141917,0.03802815750975687,-0.6096147748455231,-0.10720091866816175,-0.13214197288817464,0.0
-0.9686882113668718,0.059546645231314095,-0.5431117114097493,0.01792551992577668,0.05162724628510771,-0.5019036077367611,-0.14723073713371143,-0.155876595091666,1.0
-0.8776970811940401,0.07415393202926746,-0.6131655719860231,-0.653206982450105,0.06116526207987653,-0.607350921670123,-0.08266736115860807,-0.13723101916642028,2.0
-0.9483799193181838,-0.0043831231370037235,-0.4696033412810137,-0.40561190699467975,0.1091658173731726,-0.5822582465742843,-0.036236554782886704,-0.19660609477616733,2.0
-0.9434952454746638,0.06894466606187602,-0.5866429906705083,-0.05655703250967964,0.037018731455467725,-0.5404040947122853,-0.13462702982202696,-0.13856564730500617,0.0
-0.35698595185419923,-0.0695690370490164,-0.7412092842096825,-0.2147106907614782,0.14785975490522102,-0.4903969904854038,-0.06650353104107182,-0.12234583070358013,1.0
-0.9125066170898122,0.07633503927435477,-0.5298438136145777,-0.4540512286019423,0.04174893193011019,-0.505156557118036,-0.18143060305299857,-0.17865120333533172,2.0
-0.9744648939520302,-0.004820594048974308,-0.48874177736289687,0.08327441444614075,0.0907251519003752,-0.5481442722847722,-0.059490792015664845,-0.16405108929305312,1.0
-0.5574541070968178,0.24647406339478053,-0.4585978239539229,-0.7873270913427898,-0.04984004253770952,-0.5686110306196569,-0.2708226524031722,-0.03410314747654902,2.0
-0.48731859872289335,-0.22765676662767814,-0.545462142185163,-0.44316743971970585,0.1900355735353507,-0.6826081838433529,-0.15299890463804466,-0.21603286979131148,2.0
-0.9717873035780183,0.025623995081846485,-0.5220948639886812,0.1755520693153687,0.06294294634533687,-0.5280885480516754,-0.11316309981762587,-0.15887470838535955,1.0
-0.9131482372932119,0.08867792221930759,-0.5789433716370728,0.08965143489921684,0.018675675168512228,-0.4753740436314118,-0.2218972681753936,-0.18214650108216723,1.0
-0.9601419925393353,0.03916615659838639,-0.5211965697125028,-0.4485360691837052,0.09925549472449793,-0.5783787488777855,-0.032619734630711314,-0.15020887349352985,2.0
-0.6630631318121907,0.18909875558138226,-0.8441781625930351,-0.26171509371521884,0.04685460858794768,-0.31661857981370767,0.052664754426307414,-0.17552325156201745,0.0
-0.5114135809319378,-0.2425364724834701,-0.6269679374543089,-0.14650252616378492,0.0693087625488811,-0.6160523386798448,0.11454492161059268,-0.1800556066489449,2.0
-0.9674709897826959,0.02179298132872562,-0.5245795359405016,0.1896734413998466,0.06098197033642106,-0.5175123543747194,-0.1337610559240689,-0.15529375948158877,1.0
-0.9460280954573383,0.0590449095457437,-0.5286709476596022,-0.6169838431337861,0.08586201281273638,-0.5596660588041698,-0.07261035691741692,-0.15106211485158363,2.0
-0.9564204793306661,0.012891818745926098,-0.5207642189297601,0.0536567436972708,0.07894170794860798,-0.5320403845532148,-0.12261721903697327,-0.15731726422742331,1.0
-0.9583934169225212,0.05884396420731734,-0.5652226094568926,-0.024140659065143094,0.04796528426147375,-0.5241899116644287,-0.13120798367694514,-0.1428820982204286,1.0
-0.5268022751153181,-0.07755378546803063,-0.5367174586028474,-0.5593003652723054,0.04404509059846178,-0.5730711635106497,0.0007679870657356369,-0.278726560777235,2.0
-0.7210744513529663,0.08209286379919145,-0.8322732284303684,-0.1878539979880093,0.03825929430981485,-0.6042252419599665,-0.09056032258205154,-0.11618104615293234,1.0
-0.8801517981176272,0.05982110143540262,-0.6858260772638076,0.027501870620254165,0.004676646332702344,-0.5897523834720034,-0.1158232568116132,-0.13800569736641466,0.0
-0.8338291921431458,0.08553907155850118,-0.715884275559319,-0.04220767156374802,0.013983381423646926,-0.5333405518872721,-0.14536379910832348,-0.13213375666426688,1.0
-0.6001163931219318,-0.055451174279512586,-0.8060518991989858,-0.05608183466066749,0.15332072855590118,-0.6100528533757302,-0.08385066373697096,-0.06973461507730865,1.0
-0.9525485497940254,0.022156287425214225,-0.5451780371333483,0.07443170347145839,0.05763725074456173,-0.5394341397559392,-0.10517084101952519,-0.1512034740687032,1.0
-0.5351492616959985,-0.012321071219804615,-0.5472459079783727,-0.07432990897867461,0.003445041131412134,-0.50155454329564,-0.22918732222712768,-0.23717461576744459,1.0
-0.7487962009046639,-0.0648168022344652,-0.6035726470273061,-0.7175596982095812,0.02060298619666407,-0.6615264460135291,0.00832614409317102,-0.20139633487662087,2.0
-0.9268869265156585,0.09403407382723085,-0.5954786290267555,-0.5375520954577818,0.04624668373735336,-0.5547387616476257,-0.10534557929948987,-0.1444485632568734,2.0
-0.930940272645084,0.09441367604407927,-0.5791014711996821,-0.6186757397217884,0.05995286946425661,-0.5249726422181097,-0.13685813930161173,-0.15586378867001355,2.0
-0.6305831854259257,-0.007582361353933434,-0.7571657325135047,-0.2638031754224477,-0.02664974383742437,-0.678465148705365,-0.13550435719033188,-0.13326909452018468,1.0
-0.9461756820830134,0.037196318862204675,-0.49984260236247485,-0.5875124252104498,0.10155325261171813,-0.5777473503678323,-0.056050070983315325,-0.15833660542831668,2.0
-0.7880330416553609,-0.04442316134679532,-0.6315332816212148,-0.03627249696746235,0.034502694451573016,-0.6643371632377223,-0.044028443826537304,-0.16203923321409072,0.0
-0.6967757950953821,0.23814804396736475,-0.6430034006004577,-0.3270742095592226,0.029727358354624867,-0.4816068590018685,-0.3031461852853755,-0.2127056369608647,0.0
-0.951543798196166,0.009471803379156193,-0.499767324250251,-0.35587724620919575,0.11693943249460412,-0.5755061478152059,-0.023393587404700517,-0.16159687044678386,2.0
-0.9209548669827755,0.10927104332473858,-0.6333964545361745,-0.017169531312494574,0.0015291331007660364,-0.4746676294259096,-0.19408740250063994,-0.15485500148600553,1.0
-0.9691105809493655,0.025565822857925996,-0.4860788622049569,-0.3928548585688963,0.11607808981816359,-0.5747287598627263,-0.02516561697778151,-0.1551658970740276,2.0
-0.9873258836855756,0.0016024275375929667,-0.47256861511171266,0.028206455301734823,0.10185322218064527,-0.5375074304157745,-0.06170192226718667,-0.16358033991166926,1.0
-0.9753748530614084,0.03397316839350331,-0.5103004910259676,-0.05769526602887198,0.07637539003338537,-0.5296483089488624,-0.08981032709196982,-0.15519781273787342,2.0
-0.6530026911392237,-0.11952568225549853,-0.6738085672971813,-0.14413755208042173,0.0501961851507388,-0.5399058240249365,-0.07782069414845486,-0.20727602525236832,1.0
-0.5845691968906308,-0.02159030874918315,-0.8057728719273366,-0.18799220363624777,0.05652375858886231,-0.5852268371019291,-0.08855291796057926,-0.10934740619199484,1.0
-0.7489369690254354,-0.00017297838492369433,-0.7286270828435903,-0.18203843777565104,0.03304071115400507,-0.6397278265224969,-0.1142327065894791,-0.12593492974833534,1.0
-0.9178206901977249,0.101143077554973,-0.6499117437435776,-0.04450164638944093,-0.00705134205238106,-0.4965359244058612,-0.1835078272549409,-0.15847057281287916,0.0
-0.9765177541330192,-0.008565202581701292,-0.49688695767388474,0.14567325584602453,0.090805064941718,-0.547712429574984,-0.04959928772745653,-0.15213805580360618,1.0
-0.9400491380432746,0.07708872175099146,-0.5511945137948709,-0.2577162467722715,0.033170643400321276,-0.5146239857014078,-0.18578342977473594,-0.1703821307657119,0.0
-0.9813099176562577,0.013024856984574798,-0.4378380893709182,-0.3819200345335681,0.1264367975882973,-0.5544975780530572,-0.03904513795471741,-0.17833503357057898,2.0
-0.9567605352697948,0.053185891805441476,-0.5527927974144609,0.010669373328909243,0.04073674628323258,-0.5111681402979771,-0.1474689761757918,-0.155149874369704,0.0
-0.7032610053034133,-0.08568317224529301,-0.6398260536107248,-0.26134296404097535,0.027228757944109575,-0.5916521846030784,-0.008839682071695318,-0.17361858465687546,2.0
-0.5896119932615287,0.37296209476552145,-0.5649497145546684,-0.42768061006712943,0.10135120726065157,-0.6791954020451765,-0.011157575166235154,-0.15427007214068392,2.0
-0.977874713855202,0.001985375460725053,-0.4365967606037571,-0.27315647360839596,0.14579067113092714,-0.5718452731285905,-0.012184294868512649,-0.16389747824548362,2.0
-0.9002501263843176,0.025670883386390623,-0.6211146763931092,0.0600129652000192,0.03826808888142736,-0.5522380974826613,-0.12170164639359286,-0.15957269703666127,1.0
-0.9341747089004341,0.10000290554722491,-0.6239894376251856,-0.07182599727350966,0.005669421075212469,-0.4903773359662863,-0.18801952298969013,-0.14396727117435665,1.0
-0.8450034792566243,0.004752338312243677,-0.6229534410934374,-0.46352743368648186,0.060233839717895546,-0.6526710896094571,-0.025776718644873742,-0.1643020272343861,2.0
-0.9786826469939355,0.024932912651551443,-0.4511548528737316,-0.5370503723431199,0.12727847848837062,-0.5543314379203008,-0.028014693812656824,-0.1658515224243149,2.0
-0.9868588664185998,0.03374741840109569,-0.46888526735582525,-0.10033365108803965,0.09372256407912807,-0.5245410078805454,-0.10462887037655803,-0.1719135109007537,0.0
-0.8960863559602733,0.08386509942325326,-0.6488165342580554,-0.06208506720442489,0.011291330515856221,-0.5583299903804796,-0.16465946274517218,-0.140516678529002,0.0
-0.7399726187881355,-0.002725788697621939,-0.7443526633832838,-0.04500924325570413,0.15225777281341707,-0.40091684217999723,0.03614577650252754,-0.14072108694386687,1.0
0.6691708614668019,0.07675697715701914,1.0,0.1852782794038793,-1.0,-0.8719099316619559,0.2294641420416127,-0.005927637977784783,2.0
-0.8799778251519845,0.14754511835753154,-0.6422603167078633,-0.7190999137459577,0.039964794053676714,-0.489479970685616,-0.18478174722071133,-0.15472192321778042,2.0
-0.984526744266516,0.015283932924455259,-0.449570222183076,-0.2481478159251415,0.12476076551207775,-0.5453761040105961,-0.04413403871832264,-0.1632770163838227,2.0
-0.7007681503756908,-0.12430122554700551,-0.6969663704746359,-0.13269593311489866,0.08602584112242712,-0.7565118601532417,-0.03513920831468735,-0.14539790567340707,1.0
-0.8326042089463169,0.03130781627795061,-0.742091265394923,-0.097301481383403,0.03096739285818597,-0.5762631882234406,-0.0559147600741468,-0.11105963963469853,1.0
-0.8829001039520391,0.05917952866086042,-0.6410042448170429,0.03427570576833813,-0.00411442349389711,-0.5336351898445826,-0.12217687241726649,-0.16528072560151438,0.0
-0.9077923516254123,0.05097749712504182,-0.6377753864488871,0.0039624400926898395,0.026054642333943417,-0.5418028233211231,-0.15298404974001434,-0.13970482335076154,1.0
-0.8261734864062087,-0.007621014706194668,-0.5842330378446027,-0.09782728609064464,0.06960698963423768,-0.6244066246880445,-0.16712922520902146,-0.1557394496823848,0.0
-0.9460137748301183,0.03137062778349935,-0.562952305707358,0.06021478006844311,0.05519949811485373,-0.5518694226090456,-0.09618214074428352,-0.15317985621713198,0.0
-0.9334921820019608,-0.017552509547701295,-0.5438491447580723,-0.09489510801469271,0.09289673636299299,-0.6108522835609183,-0.01781828828860821,-0.15557010544281444,0.0
-0.9475110501866235,0.07070586216896037,-0.5858138005013707,-0.04135033223726045,0.03392060965677903,-0.5256865896975149,-0.14966002587908822,-0.14894747659713628,1.0
-0.9515484280951301,0.06644316444386458,-0.52458341020032,-0.579542159603458,0.08004659224631375,-0.5525565667044046,-0.08396733678910978,-0.15172363087558458,2.0
-0.919920421444297,0.07365457346999929,-0.532013183337218,-0.7288958771819554,0.057064058437588674,-0.5450504457092208,-0.11053751699775921,-0.1732965724644017,2.0
-0.9639113279903345,0.030477716218187362,-0.5315715495130673,0.048912914581447586,0.06904242292778665,-0.5353344834107499,-0.11983447467751912,-0.14719932936601454,1.0
-0.8643223397803069,0.1005457890954104,-0.5974567707090703,-0.7383739888134762,0.06653866749647462,-0.5020831420025482,-0.18157463202781143,-0.1837632124535825,2.0
-0.9314242129956347,0.07557871738170249,-0.5861177379954025,-0.05926074942324039,0.028305647651639343,-0.5294727938267794,-0.1532622059766752,-0.15904156645139936,0.0
-0.9699236563585129,-0.01820106055961407,-0.4781824173528589,0.027776691851341323,0.09400587907169956,-0.5511933482307677,-0.0606338501711552,-0.18068918889494298,0.0
-0.9805710422429822,0.042734189619906326,-0.5087513072282296,-0.0029751213264417598,0.06628101917169328,-0.5101772900600413,-0.11430422134046257,-0.15661374596384628,0.0
-0.958805180726739,0.04658876063933897,-0.49998182877989594,-0.52672236425812,0.10273240392441549,-0.5596680272212818,-0.041402873682489266,-0.16016137372681422,2.0
-0.9728881812815503,0.02539305198351299,-0.47490562130656067,-0.44382263944760336,0.12219707547369948,-0.5668982206720353,-0.0318401686294984,-0.15743179737182894,2.0
-0.682434050206239,0.12644860673170802,-0.7132924509774448,-0.008567704319849712,0.02919758536966617,-0.5801023589654591,-0.13037420296676863,-0.1701121410200853,1.0
-0.4957092697849996,0.06744478911147117,-0.6349763212920418,-0.6098437812708505,0.10185324349899294,-0.5961364211858945,-0.27029473838299783,-0.1894671281463624,2.0
-0.8664124645625907,0.09444215126900833,-0.6937236930819707,-0.08270093281553677,0.0034342417308881323,-0.5592138239820209,-0.14551156109314198,-0.1435251256714428,1.0
-0.9467656613356965,0.07290633227196043,-0.5521168894306937,-0.09846634260609391,0.03582244678756967,-0.4905110612928469,-0.1870687938188051,-0.17279625380162403,1.0
-0.9001927006659737,0.04547230075295918,-0.612948603334349,-0.12128274589208174,0.05482823912059916,-0.5742877631321495,-0.0900888184061385,-0.15912867574970038,1.0
-0.9178093867658145,0.09195820349431705,-0.5331968395102169,-0.8100833794327575,0.054448991575350984,-0.5359619439965186,-0.13022601414508095,-0.17168865557757687,2.0
-0.7376009047137105,0.193097762626285,-0.6252083453201654,-0.8156279632978308,0.037555372601428084,-0.5073521587443038,-0.2828757946058083,-0.17219108408949002,2.0
-0.9441023812340564,0.06357897128605258,-0.6072906823042946,0.010446814141716942,0.03410445439100014,-0.5449319584440098,-0.11388051705078306,-0.1376478656016975,1.0
-0.9048387744899901,0.0768478571738167,-0.623568744006122,-0.42674964239388813,0.06478375984787382,-0.6038088959589123,-0.08481401845904725,-0.1287042660701881,2.0
-0.903563565439282,0.03807423995459783,-0.5472099689282321,-0.6420020508864701,0.07424112528045691,-0.5372908046991259,-0.08293673503157976,-0.1810836491998845,2.0
-0.9642696303732334,0.00944436244432368,-0.49830889727389116,-0.1693497664370263,0.09466743294361545,-0.5439715487093535,-0.07120271083214702,-0.16757041462191585,0.0
-0.9882097124114514,0.011720879639922105,-0.44392968491174745,-0.29528501777864125,0.13205553438587678,-0.5518691536782311,-0.03024884682232934,-0.1625027002607635,2.0
-0.9534601268033263,0.03943219487076255,-0.5527756628158169,0.10122552776847177,0.04561457512345178,-0.5304376078877441,-0.13239934443655657,-0.14561265762650324,1.0
-0.9678806440964169,0.024115262767724376,-0.4785421688825814,-0.393032454005695,0.11412794416756397,-0.5555987629053132,-0.050822147709138614,-0.1642402640723298,2.0
-0.8073616107417524,0.2211149593803152,-0.6391179838884768,-0.8921380277201691,0.02747972004975064,-0.41560110692809416,-0.2879815482845562,-0.17503539288013953,2.0
-0.931254477771912,0.06839560295334043,-0.5201912852830199,-0.7264012092582823,0.07502753560879165,-0.5547899733806452,-0.09135223480200044,-0.1723483017829721,2.0
-0.9740767062320504,0.03205386961020006,-0.5152304271975785,0.08255076215248719,0.06191193470294492,-0.5020438723202187,-0.13034982740741163,-0.15983450330593846,1.0
-0.9185940819078229,0.13639951528766658,-0.6063773274371023,-0.3733344502638818,0.01902740737801519,-0.4739750002506641,-0.2501254098747189,-0.1632842114244145,0.0
-0.9423961281011193,0.09435359816017083,-0.5578739779273011,-0.5507282952593078,0.058112929587101896,-0.5367308971685352,-0.13763724789962967,-0.15948554654730437,2.0
-0.9533259613660274,0.03268928816570525,-0.5664130271349489,0.12259898988515333,0.05303459197979123,-0.5292113533181203,-0.12100069555917252,-0.1454503840662933,1.0
-0.950124181966404,0.03325459069189103,-0.5343977757427438,-0.06138002747783802,0.05851154306074146,-0.5222003364943056,-0.10344327079212996,-0.16173672090935162,0.0
-0.9400015197434517,0.08467798787439866,-0.598338727721415,-0.09095314765919027,0.02649566288124023,-0.49797877321458683,-0.18345499323078043,-0.1527634990274673,1.0
-0.9036596540851768,0.11869069780778962,-0.5735965456145287,-0.7346750525479263,0.04172421943301602,-0.5529272142796708,-0.1389903892736064,-0.15601363944899244,2.0
-0.5254989049811627,0.009634030119067917,-0.6282915841965285,0.03845047214582806,-0.09946983370437895,-0.5246286446536681,0.07595454849108393,-0.2842324443800869,1.0
-0.9040570862055614,0.12809810636108393,-0.6593310416693547,-0.08843593840978882,-0.004530575940432241,-0.5436857116826395,-0.16234036048103523,-0.15000153131782296,1.0
-0.961450832631882,0.018812252100762525,-0.5516991004822707,0.02675478017510352,0.06137490698627764,-0.5369342871827222,-0.08439340880220292,-0.14260698783342912,1.0
-0.9698824758206209,-0.002418681430363813,-0.4493480140315622,-0.3047535961908774,0.12328613070394752,-0.5649112439474575,-0.04214804187503482,-0.174864023220652,2.0
-0.9272430853828487,0.1257063268224789,-0.5726164060981811,-0.7785202553508067,0.042667514606654966,-0.532998867693751,-0.14207349365633976,-0.1548031261334164,2.0
-0.976147641779956,0.017904327243147788,-0.5000304548948898,-0.004465386436536517,0.08926164017123381,-0.5315535457037941,-0.06963234776838056,-0.15743432639211713,0.0
-0.942074842685753,0.08283978997308264,-0.585619380551305,-0.19393092864108782,0.027155044955699807,-0.5026069992322283,-0.1567296024353212,-0.1548652673985913,0.0
-0.9468656328574433,-0.0018352607644492036,-0.5406598443581899,0.1502187234455939,0.04462943388242534,-0.555260225027648,-0.08779401869451033,-0.1717262703629838,1.0
-0.9211677043422182,0.06679120530711778,-0.575648587446763,-0.5888271048046618,0.07290700531492063,-0.5731766122188002,-0.0850648872781249,-0.14790252805458365,2.0
-0.9569947257955373,0.06403565099905201,-0.5303011838670807,-0.44001707999602496,0.06918229649070257,-0.5389613969985451,-0.10097809346627629,-0.15393246557695497,0.0
-0.9745300702507657,0.006745061071475371,-0.4462036703307458,-0.33358913109468114,0.12041402872605592,-0.5447053690228416,-0.06167872111397723,-0.17779987122602384,2.0
-0.9325292113580815,0.05049971304206507,-0.5333154765534651,-0.6311637330576427,0.09145630909143378,-0.5407925499875857,-0.08395653835857858,-0.1595362127054208,2.0
-0.9096100341206336,0.01204266491205764,-0.529811913058908,-0.6063406788128698,0.09920571658184027,-0.5970299434973508,-0.04412958485063119,-0.17138569090180475,2.0
-0.9733201354640741,0.031250708075213074,-0.5126198067299857,0.07115811374835873,0.06088703396523508,-0.5056311559079527,-0.1262380630532436,-0.1609240837817591,1.0
-0.38927649607856135,-0.03716314952454386,-0.844534391050716,-0.23752169074447183,0.08285347586899304,-0.3979172855504922,0.08231012157610113,-0.1492297621617046,1.0
-0.8836436121839936,0.09749424825743153,-0.6377091908244266,-0.17881375445100067,0.0035943152604506895,-0.5234136502633611,-0.14885884198596117,-0.16280507767840596,1.0
-0.932298170015601,0.09578297123823121,-0.592327119888788,-0.5258486232433988,0.06552142954118427,-0.505170296593898,-0.1320375275952304,-0.14814171686476554,2.0
-0.6453281214805262,0.3955228854162339,-0.6343901117484518,0.0011172516771242869,0.1535190056992477,-0.609974307796775,-0.34795437966495035,-0.29536042909953525,0.0
-0.9401769771639377,0.06282958308722753,-0.5875425055078164,0.027526186973363065,0.030204054824451078,-0.5401215820713828,-0.12722028438710956,-0.1517723212547008,0.0
-0.9121503745047274,0.11357137210799402,-0.6173505536071078,-0.7216903216919041,0.04399013456820796,-0.5605279079686607,-0.10244465069891145,-0.14229942096934453,2.0
-0.9696563158385773,0.04355452992882375,-0.5413570840968804,6.803204443808775e-05,0.05659889275330062,-0.5290664040296756,-0.11147438244985088,-0.15217222142046619,0.0
-0.9443618737685278,0.06119302650530327,-0.5821356001050748,-0.03741510178779814,0.03526743621482862,-0.5334554959718271,-0.13418999614469418,-0.14127227666297654,0.0
-0.9680778795707382,0.0238386278218771,-0.5346031640131308,0.034107297450640534,0.0717304071616672,-0.5507890846804766,-0.07516072352706767,-0.14840916115553054,1.0
-0.9447106254738831,0.03722489279717761,-0.5159163117418335,-0.4518144767796867,0.08266445056037247,-0.5769970754649619,-0.05652632581238361,-0.16771265623290652,2.0
-0.9646715930373568,0.008809285536051863,-0.54350152451189,0.13521310976011464,0.06526575892438218,-0.5492987543624139,-0.07602816482742969,-0.14678475068926497,1.0
-0.9679219187960844,0.016920648610679125,-0.5044987652270079,-0.0017786160563463271,0.08004357440671367,-0.5310783666774048,-0.09219414116076965,-0.1674346203594839,0.0
-0.6696171368315618,0.12861243514329213,-0.6697102463067526,-0.9037580736786764,-0.010868393681110505,-0.5619025226352217,-0.20444297649366733,-0.1451760795201247,2.0
-0.885268648865113,-0.04865908333703438,-0.5066884473246587,-0.21439512227838117,0.10256725805378339,-0.6237500028439407,-0.060177743393987584,-0.1802073549372505,0.0
-0.8819999530160472,0.11531640480113237,-0.6673812672504026,-0.06648102536217199,0.008053188300941441,-0.5021237210497665,-0.18924514317810429,-0.152221211056844,1.0
-0.9409661017579717,0.07913798708075953,-0.5446746184956753,-0.47190410514651715,0.06433989534644143,-0.5379469363145291,-0.14411820299576,-0.17343205377155912,2.0
-0.9644319506659805,0.04814701036582772,-0.5334091135175,0.0955985061953532,0.04500501888224316,-0.5087043673233747,-0.1752812513673112,-0.157975548625422,1.0
-0.7803820711850206,0.18497920561435352,-0.6821902729955036,-0.3650736207164954,0.024073494815245684,-0.340160782747558,-0.18636093395957562,-0.2169645902105567,0.0
-0.9766239661581928,0.018275246634486843,-0.4573523747163313,-0.3497334831714686,0.12266647787729656,-0.563440032347589,-0.03896195862710802,-0.1619857979116533,2.0
-0.9339067012148439,0.052070652524201455,-0.5262719437158311,-0.524769964891507,0.07075053741535298,-0.5458096145626111,-0.11981456622734458,-0.1657137585893492,2.0
-0.50125011014254,-0.07145247305536108,-0.8465034787266577,-0.023131882683731703,0.30043899731778134,-0.4603608200453068,-0.1140306861507474,0.0279380593415271,1.0
-0.8415535507878468,0.012242479930392465,-0.651466850720106,-0.569526308980674,0.04919603859916417,-0.6681833172756114,-0.012097032776429206,-0.15233505209919082,2.0
-0.9144088757300524,0.09650768238422294,-0.566686425243214,-0.6775023622122274,0.05190283743673661,-0.5670989806870939,-0.10043560123645347,-0.15540915937746125,2.0
-0.8612477073107755,0.19546351309743312,-0.6106733731022707,-0.35000970787998836,0.021039555879887095,-0.5673407163186315,-0.04478624972242213,-0.1569482999840236,2.0
-0.9696566787004063,0.035759657991267096,-0.5193874289871067,-0.11145927133875395,0.07315369382761731,-0.5357465242862456,-0.09534841414809304,-0.15182453098434648,0.0
-0.9779045105533312,0.05185787479837396,-0.48820871255289594,-0.17992535029982498,0.07525557579828843,-0.4931065551379825,-0.158747434616943,-0.16935393685136313,0.0
-0.9525322689014954,-0.0034090967376956827,-0.5343305491346984,0.05549480925723599,0.08752691612951427,-0.5749085224503702,-0.051357442728172206,-0.15113298562011346,1.0
-0.9670644246912153,0.05156530864285133,-0.4694825944561968,-0.4640750591713988,0.10417536714986869,-0.5442169270448763,-0.1105391687785196,-0.1768006775895568,2.0
-0.7745527860306815,-0.02296382530566911,-0.7022905842367935,-0.03427022890697523,0.03369766256941838,-0.6489724526196342,-0.0510470500342074,-0.14633494785381684,0.0
-0.7620468565540306,0.12138715742035346,-0.7143436762861629,-0.09310839850934394,-0.013141106928871785,-0.5685610072114843,-0.19155697005611955,-0.1653762838508468,1.0
-0.967241812820623,0.07097484403543261,-0.5269951122966414,-0.13992652763318775,0.053118054358207566,-0.4978979294913152,-0.15972814324747747,-0.16311112536432837,0.0
-0.8211835250807927,0.035464165359987976,-0.6889369955131202,-0.17805547061875912,0.013327661336404957,-0.6127762582933218,-0.10175542081086196,-0.16270072305975583,0.0
-0.8045711014097094,0.2145636322725079,-0.6357414019109394,-0.3243553440449777,0.1155616563491325,-0.6335026464820609,-0.29049681732345556,-0.2211803402365044,2.0
-0.9510910381253807,0.08387677943956928,-0.5244578372740754,-0.5130327268045528,0.07493114037817278,-0.5186162162657498,-0.1408148952324937,-0.1724859449449593,2.0
-0.9671056394346291,-0.0075834335224782765,-0.48685467800535215,-0.15803629832406657,0.11022196433515855,-0.5883798587098937,-0.014212380415468004,-0.16704789176149884,0.0
-0.981618177378376,0.017926002713214966,-0.45028411329125506,-0.378716959618241,0.13553649035753965,-0.5722807453541832,-0.01594704742944679,-0.16328161282093992,2.0
-0.9730174295318753,0.00842646123005529,-0.5131401152388346,0.1319891299509065,0.07627585205910395,-0.5444867375801342,-0.08189162543864326,-0.15571822587971557,1.0
-0.9521229925777395,0.06425942422322353,-0.5542555532673057,-0.10408991162875535,0.05171764046040585,-0.47631588007960546,-0.14633722040969863,-0.16408646789821782,0.0
-0.9653879639030635,0.03027486222476728,-0.5330330461150239,-0.09248457949041984,0.07441582673343528,-0.5590642625495195,-0.060035487125072916,-0.14897283724068855,0.0
-0.9679061438335709,0.05018129285499575,-0.5174466654091677,-0.18009318401454777,0.06158711008486651,-0.5129671750283439,-0.13414113833448957,-0.1610683626252937,0.0
-0.9632387375590956,0.05072664919542847,-0.4820512485041974,-0.39861068012273604,0.08682784004452165,-0.5234662342977864,-0.1356452672276431,-0.18881147136630638,2.0
-0.9487247436411368,0.06351983407209175,-0.538351758031956,-0.4829906939187784,0.06926879626182177,-0.5461173755148515,-0.08617260011436037,-0.15238098543632234,2.0
-0.9147990160119731,0.01270785541575109,-0.5467240273816707,-0.6637317337275987,0.1164776859609375,-0.6132089969321202,-0.011390161812511512,-0.15481498333219867,2.0
-0.8923897288154488,0.02778591130061078,-0.634521215584666,-0.04578134416221741,0.020745967346453863,-0.6197557480555111,-0.08291434090707503,-0.13834457060527705,1.0
-0.22528389558677853,0.6235123122002382,-0.4034742494885305,0.2677528214833073,0.37116271305647747,-0.5655236331686889,0.36600303927616734,-0.27912770984245044,2.0
-0.9522630839780044,-0.013319364024409051,-0.4335179836477119,-0.3921997030984491,0.1026166039439275,-0.5535285519715791,-0.07924116284145373,-0.213243623043801,2.0
-0.9692482678971551,0.018213590086615654,-0.5365867939307865,0.044185943878957495,0.07537904515309463,-0.5522087994956077,-0.07000005834924308,-0.14807473688713765,1.0
-0.6983819918427381,0.2575851666065407,-0.6105833652775414,-0.5433746575030715,0.00044444442171332615,-0.6454156958493824,0.013158019926637704,-0.17867346658881156,2.0
-0.9600706040248385,0.05909608996863337,-0.5374579768834477,-0.3533502065548999,0.08673011161351664,-0.5517053259962965,-0.09519500998359515,-0.1507042109553677,2.0
-0.8989131094031974,0.08697247431002689,-0.629745214126374,-0.4317914851111627,0.03761350981734043,-0.6024135290367609,-0.10376179514381992,-0.13254191901362491,2.0
-0.9534696059064021,0.07784625425887609,-0.5815722285590558,-0.011610927925468834,0.035259715641972306,-0.5289291507403788,-0.1406300834194703,-0.15111529981359917,1.0
-0.7927403436859872,0.17376065292997153,-0.6899460416421817,-0.7186872480986692,0.0037386426132775263,-0.5563610138055862,-0.22663820431006054,-0.14506454395284157,0.0
-0.9524005439640634,0.020496837277241168,-0.5063142304102668,-0.4259604591046245,0.10824986845281377,-0.5653281004577795,-0.032977243655042704,-0.16563364582149717,2.0
-0.9560207935839141,0.02855766011557279,-0.4957094911881551,-0.47051127893044387,0.11267251960276797,-0.6096067842252931,-0.006770265427747543,-0.15978254741651127,2.0
-0.8985305402188646,0.07242875173935268,-0.6651142539791074,0.04768637708924167,0.03456083545980976,-0.5688766948586257,-0.12209731079963565,-0.13421482795269624,1.0
-0.9111166103570542,0.12572661192562098,-0.5911093627232598,-0.7788001833626554,0.031767593688577775,-0.5207505448076494,-0.16762921312839962,-0.15912144412618293,2.0
-0.9803131253118411,0.05137003244747438,-0.5028008346521335,-0.03135231887787471,0.06454995188200201,-0.49662595642445423,-0.14518119702011797,-0.16943065749166483,0.0
-0.8949798361514262,0.0631618398058586,-0.6024605329769328,-0.49940200012975183,0.045311383618844514,-0.5854777508962333,-0.10575224276056829,-0.16197773127212833,0.0
-0.9714465584541625,0.061467599958392204,-0.537424477641936,-0.06914403335127575,0.053627316684257846,-0.5126606899742238,-0.145257231459641,-0.15173230702196772,0.0
-0.9635018542668453,0.04858716693825862,-0.49981359560127125,-0.3117734168106957,0.0779540422097083,-0.5323526627056343,-0.12847074524118837,-0.1671401184632769,0.0
-0.9165385453075532,0.12844610940448734,-0.5730168566078788,-0.7469837785590965,0.04621151629435627,-0.5137178364159147,-0.16056423801861472,-0.1449454060613601,2.0
-0.8295076466565404,-0.025580074082975884,-0.6324798739789584,-0.07242107750150734,0.04462643452103013,-0.6142381395695582,-0.12282648265623738,-0.15517785813226337,0.0
-0.9185469931320607,0.0998681105424834,-0.5619518107959994,-0.7367755432862471,0.05810859907988062,-0.5494181972503347,-0.12736986733552408,-0.15051176467515875,2.0
-0.8874887817982239,0.026347474158566867,-0.6489644946402191,-0.015710357793215918,0.0458642728205219,-0.5892974179244922,-0.08830451815063713,-0.13308354693462068,1.0
-0.9704972201554523,0.03882547317386007,-0.5298153123793151,0.04332530878235624,0.06746628574745873,-0.5263436303478438,-0.10965253306172688,-0.15475440871820748,1.0
-0.9792989009636148,0.05830477509531981,-0.5014004513409079,-0.11039392736132148,0.058934946491420316,-0.48176061369089035,-0.17963285233339793,-0.17128930411986254,0.0
-0.843516468993081,0.01598786515404987,-0.6835703802732572,0.018016174344096247,0.058475537131218724,-0.5327565623002423,-0.08671522141339597,-0.14832564698079576,1.0
-0.9533955562531631,0.05180146224947266,-0.5573010544234821,-0.0693903841346448,0.05504303522301834,-0.5480660255507606,-0.10293266269189777,-0.15630343585461834,0.0
-0.9136016457493756,0.0384597093458549,-0.5971327300284931,-0.23053409603939748,0.05466924199254213,-0.5887952635202014,-0.07884541282171645,-0.14787199887797506,0.0
-0.9498277942269132,0.033217371351461356,-0.5247458816203129,-0.29747567520553364,0.08492539283508918,-0.5814982779028309,-0.05752834862015794,-0.14645749754636986,2.0
-0.9779286090476972,0.02746261264690826,-0.4971947820179603,-0.07026990202045416,0.0787554281748079,-0.5367328119954787,-0.09239906396609324,-0.15996952699669795,0.0
-0.9436547801361936,0.01997767865632407,-0.5320248516231716,0.0099116337181758,0.056645043948760895,-0.5425372009472693,-0.136996516311725,-0.17625071655905425,0.0
-0.6690135133124281,-0.14798461498478166,-0.6016103305335017,-0.26375979660671084,-0.017837190750378068,-0.678614297056267,-0.09423925241038456,-0.2268470873038296,0.0
-0.8828357642281515,0.0818752482358297,-0.6382657622296782,-0.6254219666512164,0.05420243845906972,-0.6069110484099175,-0.08407649221743929,-0.12700572532248808,2.0
-0.5832500249811681,0.09837762880817856,-1.0,-0.10330356360292638,0.24967897598380293,-0.35373150500513195,0.1356856563753179,-0.014058521137137625,1.0
-0.8476323538797602,0.11555005229093006,-0.7111184533871401,-0.4993317244701402,0.021447130959748255,-0.5901704859009829,-0.08586664428869122,-0.11495164988978357,2.0
-0.9664327015823871,0.05389884373113876,-0.5188123211130875,-0.14370101465494614,0.05812153414078747,-0.5027122651259678,-0.14054632472031015,-0.1609364415614333,0.0
-0.8928673926011221,0.06996760267395989,-0.6553307498561565,-0.04230090746142015,0.008165260179090993,-0.5577575915272246,-0.13592376308395132,-0.14447985205392724,1.0
-1.0,-0.00039873966203626127,-0.41486088627889584,0.00016480016290257304,0.1098197843033493,-0.5018340885464817,-0.10082986689382929,-0.17952851071159076,0.0
-0.9784304475213582,0.010579568418623932,-0.48660290317574406,0.04149163014530885,0.08437464968096046,-0.531903413265115,-0.08707746602915781,-0.16322615619062,1.0
-0.8480086345372512,0.11179680951169076,-0.7583583438276019,-0.1914162061912158,0.02890678609388967,-0.5036495113245879,-0.11587946068831767,-0.10495306235496757,1.0
-0.961849878858612,0.013648995906408078,-0.48862218249575934,-0.3830098138874205,0.12313432400706448,-0.5734452470188317,-0.02725628501949988,-0.15509170762253874,2.0
-0.9788397277113994,0.04678350111768247,-0.5009482311468137,0.003388409098119105,0.05966057290023433,-0.49548339214683207,-0.15183257729431607,-0.16021758188035676,0.0
-0.7753275729589104,0.14060345595200818,-0.6850679166229384,-0.6574005599150788,0.022737448794817636,-0.5250651410791365,-0.11066863971661253,-0.15216767015947383,2.0
-0.9493197126742837,0.029471395562294448,-0.5667035524129032,0.11835492682485854,0.057688274329788757,-0.5606380824852175,-0.09581934589597856,-0.1413420153163406,1.0
-0.9218100702189407,0.062183748991090304,-0.6267404113280203,0.06044798532318818,0.0354391074274962,-0.5375584810013992,-0.13199136575958287,-0.1452532878483359,1.0
-0.8840149976201954,0.1125000449975627,-0.6329924825710996,-0.6784511066693815,0.033640991830613504,-0.5470494082992905,-0.139876858531195,-0.14576671686815754,2.0
-0.9324201458881832,0.039832407102582554,-0.5982883846280209,0.01892464457368917,0.03526519657452025,-0.5620598846047624,-0.09817924354013927,-0.13897496381176763,1.0
-0.8917342788067849,0.04976154937445432,-0.5878379672941502,-0.5171923233130915,0.07058318817883669,-0.6016411873603519,-0.08400607580095172,-0.13357302514630295,2.0
-0.9145663800572454,0.17012418400669915,-0.6206309804311557,-0.08070694007534701,0.018523172362097974,-0.5147723572175205,-0.2661180610961096,-0.17773718978427572,0.0
-0.6995490979149147,0.00940096304100671,-0.7969185576066996,-0.20219006939486875,0.038774786909028455,-0.6003375584376152,-0.04978820144689436,-0.11598759774175924,1.0
-0.8956742376047246,0.04020565026332698,-0.6499474848334394,0.029487051134411663,0.009164378243958632,-0.5791124790353812,-0.09327083866601037,-0.1283580439636544,1.0
-0.9045272537046473,0.04903963520709857,-0.6324787016044001,-0.025176357369752544,0.024278374032505975,-0.5618433697192481,-0.12867781559363006,-0.14115196887288284,1.0
-0.9748717784333338,0.03556684291860981,-0.519209913596772,0.09711758469216047,0.05833690644977129,-0.5097673276246414,-0.12512702114281468,-0.15851059841913093,1.0
-0.6684328067940426,-0.03599275364495566,-0.6457424860859029,-0.26954092548674424,0.04859519708471956,-0.4323675326411223,-0.08863694506686978,-0.22615072701972205,1.0
-0.6631068211039775,-0.046897321252514695,-0.705896608745184,-0.12924782169011284,-0.00869849358098057,-0.5661413054766483,-0.05431581039888006,-0.19259072235179905,1.0
-0.9383724279516328,0.06393131036711522,-0.6042443674419917,-0.03840638996628881,0.035529087212900747,-0.5385281855913714,-0.11174742320029223,-0.1402221705482508,1.0
-0.9186605760599785,0.08029654949137846,-0.6197764317888553,-0.16619811001983875,0.023198819627281257,-0.5422421666825564,-0.15293877123384989,-0.15274410462203128,0.0
-0.895186737500995,0.03399193806926795,-0.6176579399480959,-0.10562881012260353,0.03618148528965871,-0.5571846368083826,-0.10637552085302822,-0.16739892974905662,0.0
-0.9721230368789544,0.04054541135922088,-0.5081228087894505,-0.008673371374887162,0.07553194008378422,-0.5068300708222965,-0.1406806769929089,-0.1504146994672405,1.0
-0.8765702169428385,0.022213927118201034,-0.655404478471329,-0.17536163284853726,0.050735137930250404,-0.5999380084308511,-0.001897849189443565,-0.15091522649506617,2.0
-0.9595699463930412,0.0006716611082350984,-0.5280892749863164,0.10337354824100586,0.07799146074188759,-0.5644567949401718,-0.05966052537481693,-0.15193816784641803,0.0
-0.43756825232051727,0.05002124988819697,-0.8670585604146775,-0.3559192632124851,0.11044693873584117,-0.47567189598645804,0.06839205942564686,-0.10414793056039492,1.0
-0.9207297104688206,0.08713762587153873,-0.5523971442518126,-0.7111612049566746,0.06099236430268577,-0.5422637726925968,-0.1252098120927861,-0.15785355519860148,2.0
-0.8755217543923878,0.009669565723346256,-0.610016221028911,0.14407139740683012,0.0422376482402058,-0.607277372399914,-0.13435823792456214,-0.1603174389959179,1.0
-0.8764142741843506,0.13473350490960634,-0.6549321355938291,0.02493922385516409,-0.001446336524002917,-0.5018435708693144,-0.15766859850957787,-0.16860877934165971,1.0
-0.9616241589763934,0.027781218008579238,-0.5515205419121892,0.07147051907774482,0.05321309327495687,-0.5322754969716789,-0.0992939670925422,-0.14712425060514386,1.0
-0.9685066455169902,0.056527850804161915,-0.5435310581409534,0.07352597158886848,0.04325586188633773,-0.5004180222728808,-0.15557725356073548,-0.15910977901650683,1.0
-0.9296139849766388,0.020643489154004678,-0.5863548183864364,0.07938363919623925,0.052702001920856445,-0.5902973503841782,-0.07358207836443292,-0.1430488666441806,0.0
-0.9427576598217764,0.04535544530743969,-0.5917174067792099,0.11208568459424606,0.05039948948699621,-0.5583292665318056,-0.11377035305587531,-0.15082941029695277,1.0
-0.9496852425293902,0.0038516990023503006,-0.4991708372569309,-0.35353417797519593,0.11738592590427027,-0.5589636494457851,-0.049890012263211846,-0.17612422221731247,2.0
-0.9843321400826563,0.030821957771945206,-0.45867155972595025,-0.3751338374476844,0.11820431557482822,-0.5409960309428642,-0.0590042462557353,-0.16761929573924694,2.0
-0.8959271228714745,-0.004713236304488867,-0.6005222933504846,0.08866243861614187,0.04419138272092312,-0.562214813597467,-0.10896648248236304,-0.15936569146279514,1.0
-0.8305155335552191,0.061631568915620036,-0.6778056807606777,-0.15876187004072334,0.04860123495522052,-0.576782540187942,-0.11859690480202542,-0.14677746911146722,0.0
-0.9639375231585537,0.01969511622289917,-0.4741911925983374,-0.3652223363450249,0.12412756681241606,-0.5743864484963427,-0.02927156917922326,-0.15734900921190845,2.0
-0.918248769107237,0.0877008525907329,-0.5324499547407463,-0.7544491175473906,0.05283757496109766,-0.534400322484714,-0.13138092437600335,-0.17595811679553708,2.0
-0.9245179010950038,0.11245212756852703,-0.5741387251688299,-0.776898122425523,0.04966151782222315,-0.5317207150876203,-0.14887829830119817,-0.1541774857151965,2.0
-0.9253760737590977,0.03906902883470472,-0.6003419075983074,0.01353308300795722,0.03496268134603142,-0.5804773423806202,-0.09314706650927702,-0.1397337864405687,0.0
-0.15999639412416866,0.9999999999999997,-0.47855983624453413,0.9999999999999999,1.0,-0.7958327146612757,-0.5719786109436876,-0.77554525866617,2.0
-0.963075706636631,0.030488463044588188,-0.5152093795239676,0.057976549087961515,0.05470415055782242,-0.509251565783859,-0.15046461803159192,-0.15871472979980109,1.0
-0.8704765593272327,0.14386100787589762,-0.6000832823920365,-0.18014824352505893,-0.013075017841400263,-0.40994339361094534,-0.2461837373525174,-0.18631598736603128,1.0
-0.8291739336396826,0.05680921761045106,-0.6338946716085098,-0.5857728200367261,0.053768391668685765,-0.6283911837103588,-0.10232167779022415,-0.1639221470996402,2.0
-0.9471149552333695,0.0421528572725392,-0.5700320537947954,-0.047230450664918766,0.051361634102241024,-0.5490181618877524,-0.11697833762360393,-0.1506851407291206,1.0
-0.8047478044671698,0.11151311740154202,-0.6782100881803153,-0.6376170508082235,0.04558661246760376,-0.5634471410847971,-0.05193435270395022,-0.14068835148082884,2.0
-0.9796832793502778,0.025917398483065842,-0.4615990183071197,-0.355843662514303,0.12146157118714893,-0.5487233885662234,-0.050263669169816505,-0.16235314686380592,2.0
-0.8457405643338848,0.06780459343586981,-0.6204305091719297,-0.6334460858325286,0.05903132839997449,-0.6055224240511916,-0.10944879749757416,-0.12268457798712773,2.0
-0.7549611860149035,-0.09551660705992049,-0.6791684146291291,0.2458566913831648,0.1423362858639591,-0.6703458561473953,-0.10205799854127155,-0.11717398656398864,1.0
-0.822686152343086,-0.056011457734021344,-0.6329490511382819,0.0016102387930296835,0.02552192434358009,-0.635481429653495,-0.04893197042772433,-0.17140910235290482,0.0
-0.958861836054003,0.015606084670439915,-0.5308150981044235,0.06615186153203406,0.07291807095795769,-0.5560570291051463,-0.07296453624762544,-0.15454988727619962,0.0
-0.9138416861797937,0.06502873246667222,-0.60755172809562,-0.3148620140722008,0.033086700905487265,-0.5526806016540268,-0.13054982277010557,-0.15695110324745065,0.0
-0.9706718929924435,0.037322735949259944,-0.5351221260653796,0.09557268918883638,0.04810566955631205,-0.5195177686291906,-0.13622155112817708,-0.16126118816707521,1.0
-0.9447551058269479,0.09126538951028346,-0.5974386469947545,-0.025780611897875283,0.020805396935513268,-0.4881986130025258,-0.18835583783630572,-0.15540947396639399,1.0
-0.968703117702557,0.046519388235826735,-0.5412124499295745,0.08025332788250017,0.05550508613108161,-0.5169472572904621,-0.1278714554339393,-0.14974494880486852,1.0
-0.9256507201624465,0.06501123606930187,-0.6269191342344274,0.001923938964916938,0.01697572437162837,-0.5499937191828072,-0.1195369165359275,-0.1433147060061278,0.0
-0.9816701505631057,0.055138900456489004,-0.4895052008400362,-0.03602646446123137,0.059696020998626115,-0.4744617394684677,-0.17697620260177302,-0.17122494885134606,0.0
-0.9370034205327299,0.056838144169416106,-0.593418542203813,-0.046335793674288084,0.040583044989687345,-0.5559096205594097,-0.1055029028585333,-0.14427436795659535,0.0
-0.6173531925138024,0.0525743232256559,-0.6645078970183413,-0.820307596813594,0.026350171932754914,-0.570111419524773,-0.09956768404320374,-0.17022343449910718,2.0
-0.9792641879632025,0.014407426572138116,-0.45562683794809433,-0.370511444121697,0.13383742842994822,-0.5778766655508315,-0.019871522311009165,-0.16226080892865008,2.0
-0.976650316652713,0.012803923524191817,-0.49068786356233646,0.13704789766564163,0.07778828125898062,-0.517660487268283,-0.10213602016022709,-0.16478684280671613,1.0
-0.9489242411022798,0.08541071755885102,-0.5194001172150094,-0.5313998196648597,0.06539274655382207,-0.5219896648246539,-0.17210119076638059,-0.1860655803457774,2.0
-0.7515200664248516,-0.06559142573863341,-0.7032156673001267,-0.031129441168199712,0.06805187353926961,-0.635639211214616,-0.07190818049457848,-0.13465260797413897,1.0
-0.9446295692217261,0.10837618581963468,-0.5435326793657037,-0.6780143087422061,0.05831324980959072,-0.5231242040732289,-0.1370906854240234,-0.16270038795121622,2.0
-0.6559826761495781,0.10386658387098938,-0.9211721931679666,-0.1344058250775958,0.1500641229435476,-0.4699949892467839,0.02386080226995238,-0.06697367786874976,1.0
-0.8973582697719635,0.04207706781737414,-0.6242044283568127,-0.013056717533967949,0.02472198718793736,-0.5586259445427741,-0.13416931324254489,-0.14944274071577088,1.0
-0.9656371474428163,0.02280007868514165,-0.4792654745524478,-0.43846942943994827,0.11614578337528494,-0.5776617951598386,-0.02909478838573809,-0.16107804808176668,2.0
-0.921610922691494,0.041501996118091085,-0.5240536608245543,-0.611289423885973,0.06692162934776813,-0.5567461878694098,-0.07862231777697495,-0.17173918595485232,2.0
-0.9753218413023352,0.04987938873904919,-0.49897645618781195,-0.22255991885628976,0.07870760061702375,-0.5265050877584558,-0.10629356111878145,-0.16314236484645192,0.0
-0.9609618440621601,0.0620735482927515,-0.5158186807372416,-0.5075723466368145,0.0873346465456995,-0.5346583090082773,-0.10067967851266339,-0.14687788147069808,2.0
-0.5932203231738392,0.14244667863144403,-0.5683726530204684,-0.9140515362603284,0.03729828947622246,-0.5769995093138691,-0.24768716168280375,-0.031007438396209563,2.0
-0.9353585341571414,0.07584394691570484,-0.5670202817691358,-0.16448045095152466,0.03572546690432113,-0.5065130933115636,-0.17002018652561385,-0.16691030529491913,0.0
-0.9379117817994983,0.10262965721724304,-0.5458298281983102,-0.666967593158854,0.055730698166740575,-0.5213234016053795,-0.13754849244788692,-0.15705714912763716,2.0
-0.946196584290427,-0.021463181591895725,-0.5141209224605985,0.031402388560147515,0.07129319574470645,-0.5752405876006337,-0.019423211577515226,-0.16960543544483814,0.0
-0.874689518610512,0.13144167242424182,-0.6017344686042794,-0.7967500987674868,0.03075439838920996,-0.4590942316895964,-0.20644751926792698,-0.16939156709203723,2.0
-0.3065076924229958,-0.4466827869055783,-0.37808931390906897,-0.5823144377237373,-0.06440075162219452,-0.5829054832368462,0.20313017658649085,-0.3143302877184303,2.0
-0.9004839020969547,0.108564779962735,-0.5963159964712311,-0.7619674014085708,0.0388115789558316,-0.4863189828753447,-0.16600082191821142,-0.17380769385495876,2.0
-0.9565784954985038,0.008256797568046453,-0.486409664569164,-0.41378252675898114,0.12778769146982408,-0.5787845943709387,-0.025872860339513915,-0.1620171744770938,2.0
-0.9416061487511815,0.07197957433738943,-0.6070010803953712,-0.02096829473864434,0.02380128337624496,-0.5618873364411199,-0.1285658100303318,-0.13606863767867672,0.0
-0.8018972270362551,0.11283227869265522,-0.5983969327711001,-0.629672737273649,0.028404815500932774,-0.4902096934239862,-0.23323552007210963,-0.19410803008426933,2.0
-0.9786595989608622,0.02401691333604437,-0.4998416731544388,-0.008592681581947814,0.07944393207409937,-0.5222585621577609,-0.08409973683148525,-0.15909573276523617,0.0
-0.4839799127261094,-0.08399784279783665,-0.6447819741966094,-0.7726648327937677,0.028323829042195832,-0.5193920297772056,-0.09514309856448917,-0.21152144062986483,2.0
-0.7708119878334401,-0.06118560121028596,-0.5926719203843188,-0.06424045478043627,0.04649541537753728,-0.5956098497461324,-0.1142742343720401,-0.19064407517787643,1.0
-0.9185996044842012,0.08256665696196401,-0.5884736693361808,-0.5645217569640815,0.05601734808856946,-0.5849863823792663,-0.09260851838351537,-0.14848953063563886,2.0
-0.9725756491063977,0.04212950614321571,-0.5005240653137956,-0.3338172197587024,0.1036883743299735,-0.5611721102936417,-0.04593915285172607,-0.15734398159824714,2.0
-0.8447569188481671,0.015071314079364021,-0.6218512879313568,-0.027037194340184756,0.03036301769220134,-0.5954706043453085,-0.1273284918104958,-0.16557366219138991,0.0
-0.7400470711761484,0.08512325155702215,-0.8477255378859986,-0.17721074523875313,0.015288630511654112,-0.46240988006945033,-0.022378627680219518,-0.1188518535077932,1.0
-0.9382232383129483,0.09908437573330446,-0.6131631499344411,-0.016595615033452943,0.010850986347037378,-0.49866406780712597,-0.1721462795380267,-0.15296138884527516,1.0
-0.8322232320684761,0.04005270745378476,-0.6796924193302312,-0.04572876701986259,-0.015655886589130988,-0.546650577234086,-0.07122444092750908,-0.1716440237918709,1.0
-0.8563005954989112,0.11691957280153699,-0.7174582688567995,-0.13546126063010522,-0.036171679502925394,-0.5774507220534659,-0.14899818077037078,-0.12836209822691413,1.0
-0.8104018059457767,0.10116320475831703,-0.6703301558059274,-0.5631426073588008,0.020667632199293393,-0.6024393545483908,-0.0934667759921915,-0.15232529625572933,2.0
-0.733985574305509,0.09129764655734152,-0.6001456113322305,-0.9686713220471701,0.0702353714100591,-0.5180441989386255,-0.23346264987094062,-0.1405356722825296,2.0
-0.9049857456027688,0.03156691712503664,-0.6427768097965512,0.031299524887237085,0.03807156294816077,-0.5792121000882602,-0.07724008503297242,-0.1348450153686447,1.0
-0.9730372773489595,0.0019979070432390098,-0.481335795455181,0.056208180946422215,0.08081756948984284,-0.5414371172018213,-0.07655094005521898,-0.1692305066467435,1.0
-0.6006913435189287,-0.1730191136938766,-0.4397215831212412,-0.6308366937493965,-0.02841004900878108,-0.6090658218154336,-0.32494010542906815,-0.2474623955242432,2.0
-0.9202771280557561,0.12284054329720034,-0.6329346308654719,-0.0267659091180944,0.0003999846927138159,-0.5379380862918518,-0.15074646868058303,-0.13185961000559598,1.0
-0.97365504132361,0.0012131730488642647,-0.4860575581185478,0.08831905863558659,0.09065944146430906,-0.5408648512389406,-0.09618102885278232,-0.1674449471461348,1.0
-0.9521856292477542,0.08176470843471303,-0.5189672569291207,-0.5690914373466349,0.07149447289837894,-0.5440975467727475,-0.1089329987502408,-0.15942318947683337,2.0
-0.9808435743589399,0.002980381984651448,-0.4561048399353068,-0.33017022919946426,0.13402549207201966,-0.5810483164011634,-0.004934003433821665,-0.16177423322680978,2.0
-0.8299337534933804,-0.08137797308104142,-0.6212986205149702,-0.2188282505583584,0.07760260907636342,-0.6932687071823876,0.03978366209404402,-0.15922298534607296,0.0
-0.8412617805849687,0.0536722666999526,-0.6365640128513004,0.08209963254106539,0.020967232565473545,-0.5547072187638113,-0.12602991225404342,-0.17472754849202823,1.0
-0.7822419659715791,0.28713527470517897,-0.659489697762827,-0.23217733338000807,0.07070784364500816,-0.6854716073571154,-0.30003368742320574,-0.18474549663762765,0.0
-0.959626545775253,0.030994238496284368,-0.4781160087814311,-0.5705139674737696,0.11104830749901354,-0.5649334901068863,-0.05336919620396459,-0.17281407040970895,2.0
-0.124812859343014,0.03569509172082718,-0.8040627062423548,-0.6029068595514102,0.09001230531697003,-0.22094318796445717,0.14405672762542443,-0.1480012835132982,0.0
-0.35611771457656216,0.5644331222083468,-0.4475964063979138,-0.11541514689456624,-0.1175818790918352,-0.3852775520196994,0.9999999999999999,-0.14677885072202634,2.0
-0.8855251249529226,0.032427613085814204,-0.6680745253213607,0.02161282824327601,0.045028740412559734,-0.5659891012768458,-0.08886320425608998,-0.13160218801417858,1.0
-0.9703857354257193,0.02420591284793543,-0.515232028174933,0.05443564277838098,0.07225777983477034,-0.5535447233621907,-0.08346796560355065,-0.1615018510132104,0.0
-0.6208716319850696,0.48078185493130876,-0.5099493420693951,0.603483552941453,0.23394114086684054,-0.7702716435242379,-0.27948448292907446,-0.35372502899905856,0.0
-0.7023134561492104,-0.057963555624685206,-0.7039493872592967,-0.07670559149532599,0.02878434399145048,-0.6821061036795154,-0.06291973318372734,-0.12469521177074025,1.0
-0.9293795575799622,0.08964358514379703,-0.6057764140196328,-0.12662930459830513,0.03962092724060011,-0.4829070928549073,-0.16787392661113115,-0.1473868493428027,0.0
-0.9695230740770432,0.05356669855800089,-0.5155771196153395,0.01337672783946639,0.05729182198081817,-0.5034013886715369,-0.13393333502198151,-0.16600536764429216,0.0
-0.9578880228959957,0.06125544209192722,-0.5680063954180845,-0.00527539386585002,0.04223795417624841,-0.4962015670495998,-0.1469500569511127,-0.14808154727514983,1.0
-0.9234322704485236,0.12050976711897671,-0.5661632500395198,-0.7350126447457107,0.04534754832139905,-0.5301640695687605,-0.1471396219088486,-0.15459191446398732,2.0
-0.9566037272086244,0.04583657319661719,-0.539940702914345,-0.22788998187068904,0.07481768113913065,-0.5645185802491721,-0.07699683212747271,-0.14271028055044066,0.0
-0.9264152460725412,0.08328047859501354,-0.5628920614008369,-0.6507352933204854,0.06728410992459204,-0.5621885622721328,-0.10749040356648847,-0.14962349046612297,2.0
-0.9499870227956868,0.07891445741360024,-0.5931355530064029,0.007131964857041484,0.021421605733460636,-0.5054294109900104,-0.15936314417541417,-0.15294324052807623,1.0
-0.8023392176961233,0.28532475868603496,-0.5633810108474185,-0.57190222288525,0.020671787693246693,-0.5782996312885434,-0.31470478446114275,-0.149475631137486,0.0
-0.6496003498936884,-0.05657518077083504,-0.7318851011440632,-0.07749264771014558,0.10111308462795282,-0.5137831078673052,-0.17201513623447617,-0.1369915238214306,1.0
-0.8709907729688217,0.061289419749070956,-0.7038361086016007,-0.014809861321119555,0.030392407507359834,-0.5494627842017494,-0.12310923343962024,-0.11376474965788434,1.0
-0.8670450414158531,0.1446478194665095,-0.6333863119722845,-0.8852080494239618,0.03531843580193887,-0.5080791565419351,-0.18578540160367477,-0.14461605581744258,2.0
-0.7294668648965208,-0.1915161486033045,-0.5238164837317052,0.10677282568985902,-0.05702043592003048,-0.6212289785143909,-0.1299619762555803,-0.27291079419667785,1.0
-0.9778369646747791,0.012354135445204695,-0.4908556810746921,0.07412130143684792,0.07632245191552847,-0.5289663379900222,-0.08208467098127707,-0.1597500822713605,0.0
-0.9541438337205348,-0.021670642996442682,-0.47776994015272817,-0.029909018934984377,0.0982773399683841,-0.5614717577130239,-0.06372456490970788,-0.17067547332941013,0.0
-0.9654672269072271,0.046162693940149414,-0.5211640072961378,-0.15104243916145546,0.06482645488377545,-0.5273332222824835,-0.11133339640589851,-0.16020777176646994,0.0
-0.9738422231469535,-0.01201621097838556,-0.4811411781773919,0.1330389803015864,0.08702512403966826,-0.546072405281223,-0.06392489684936135,-0.1684068692621045,1.0
-0.950397811766262,0.025108912437911423,-0.5437902461465793,0.020525348443756003,0.058381893266322676,-0.5542255748786205,-0.10104732575294308,-0.15942906488273212,0.0
-0.9476066192506254,0.05087832810609002,-0.5305593948204393,-0.5509191526215726,0.08984848195740974,-0.5752778062528079,-0.05721644748802126,-0.14992630576453647,2.0
-0.9155196947554527,0.05123842479184767,-0.6153407898358766,-0.07169577206424341,0.02851991341031814,-0.5642767433954043,-0.12322832315182944,-0.1511577169702497,1.0
-0.8818080991141861,0.054528496556822806,-0.6272900327397691,-0.07054986017842765,0.05512312198579192,-0.5661223853364675,-0.18114605108339032,-0.14848130942178592,0.0
-0.6607138336909996,0.14233938852072683,-0.775518822354329,0.010996321832855288,0.056489197778065395,-0.4950114963597216,-0.048931788175727124,-0.17274252535173787,1.0
-0.9338736347931311,0.048924146495467946,-0.555078082073783,-0.5737191445137708,0.07886582752275934,-0.5896549944044995,-0.028907204446992102,-0.1535087801303127,2.0
-0.9813689560033281,0.0228485612150554,-0.4303968363647711,-0.37231314087420037,0.12244229382183636,-0.5252166910511958,-0.10090190565124345,-0.18140270733137898,2.0
-0.9698676191904995,0.037982815473089265,-0.521325146383362,-0.0727462906637846,0.06466681420941446,-0.5219866387382843,-0.10902746994815128,-0.15715832558124138,0.0
-0.9590564712337782,0.05742753560472333,-0.5156689091429665,-0.5037919256957308,0.10533474579901156,-0.5219375359324641,-0.08890387029414552,-0.15629834315271007,2.0
-0.9722420377101703,0.04816291310133809,-0.47922828435461257,-0.11272087710614594,0.07250643454196573,-0.49134129578355273,-0.17375215341651157,-0.1816129116700087,0.0
-0.8781688733140877,-0.02531726726498515,-0.6067827961210441,-0.004995298351676142,0.062322551138678725,-0.6448229137586624,-0.050101959843705975,-0.15495503312975833,0.0
-0.9857057247884411,0.034161158350940815,-0.5045985861268643,0.04434015278113895,0.07433993044564169,-0.5017826581153751,-0.11304774534484176,-0.14808917898691792,1.0
-0.81811249442571,-0.07492482204429422,-0.5769222556431512,-0.05547861714605504,0.11874032860552725,-0.6675754293833956,-0.08862679813979538,-0.1637510444604081,0.0
-0.8431068088653728,-0.010935400347485538,-0.6870723490227114,0.13142233357542077,0.050730931659456836,-0.5986264902905829,-0.09995095374952431,-0.13006547672129004,1.0
-0.598763116052373,0.057584932095791276,-0.7009026109591807,-0.6838592966321624,0.0582709706340485,-0.5218202701033193,-0.12042719888750425,-0.13726646293324363,2.0
-0.9798176206676473,0.00802820927033411,-0.4832894190671504,0.14787020646229326,0.09026557977752556,-0.520188256730032,-0.09483238399523705,-0.16026420964923588,1.0
-0.9034552194247529,0.10721287537599664,-0.6038443625661848,-0.7375469697023925,0.030906276636229534,-0.557206986058919,-0.13763525518339118,-0.15029540397543864,2.0
-0.9228283834455057,0.08904481798293504,-0.5433016814041417,-0.7161717588208106,0.052556230604313116,-0.5351377283538393,-0.12872218770381993,-0.17373248639098474,2.0
-0.9455417445126206,0.07660921055815305,-0.5329076695971945,-0.41252152933724934,0.07168086462688061,-0.5374643873955225,-0.13895071836168427,-0.17130323586297255,2.0
-0.9413363150410152,0.05846037761624151,-0.5350538771139661,-0.5255887624287761,0.07714076683893378,-0.5562125714532296,-0.10528009924563544,-0.16149769950276827,2.0
-0.9280784044544567,0.07276035497490091,-0.5624939903337657,-0.6100213872253071,0.06689286231136005,-0.5546271889809851,-0.10222582372107866,-0.15040914004780612,2.0
-0.8759533290211982,0.04033440738392547,-0.6639911246848618,-0.0527147725877799,0.03340399422799212,-0.5830850228701723,-0.125884526679386,-0.1447104346604564,1.0
-0.897871333048054,0.12734323046449936,-0.6603626919240406,-0.18344834725861214,0.014867551004248511,-0.39349195238864526,-0.16410758400463746,-0.1665088438366016,0.0
-0.8980022410935539,0.055498599719932845,-0.6634518685985034,0.06707747084353122,0.036282376872616026,-0.587137500181029,-0.11474489772716587,-0.13137598897344155,1.0
-0.9691083414213504,0.016873701982541827,-0.5227215622256269,0.08400213300179615,0.07042537803377137,-0.5506326453587018,-0.08988868453394028,-0.1520593814784009,1.0
-0.9105767272244825,0.06278059355344053,-0.570342190438966,-0.14671118614885967,0.03842960790771641,-0.5291193159680938,-0.20385390063312242,-0.17405545547807527,0.0
-0.961463537554334,0.05410728946618666,-0.5069760890216919,-0.4178047159317589,0.08703318917884056,-0.544567713479027,-0.10267894753194519,-0.15914386841370673,2.0
-0.9597312426131926,0.038127692713541425,-0.505646648087059,-0.507700221654989,0.09990875292675735,-0.5744416031645998,-0.03887467836279375,-0.15849230109485477,2.0
-0.9844156745990995,0.009284383688875325,-0.43776694421908935,-0.31990179695956156,0.14001128305056348,-0.5632703304054107,-0.02373518551571957,-0.16421511854333995,2.0
-0.8617061358450617,0.08471544572506992,-0.6627315073049153,-0.4149674266979248,0.024915415898940634,-0.5780963917880834,-0.1526159446861427,-0.16163442032053657,0.0
-0.43740910799125327,-0.20717830418779676,-0.7476566896665812,-0.0895304099392335,0.16478646910578137,-0.6501257953408579,-0.17426437193443445,-0.06304470453499439,1.0
-0.8663531423193331,0.09121619409185214,-0.6965497696070899,-0.14139039954121005,0.02414222374772277,-0.5528172865244174,-0.13076960017855394,-0.13004828931011245,1.0
-0.7446966899001344,0.04926030182890151,-0.7480820684397305,-0.1231432588381778,0.006328612729997671,-0.6123083708025328,-0.05962666024701027,-0.17814099017377968,1.0
-0.8304822139668053,0.1406974348377854,-0.7031210948656677,-0.2922773279682884,0.0204809666567312,-0.39801990868952775,-0.11995925028112486,-0.18498480895600297,0.0
-0.666000288018197,-0.03448552703221938,-0.7869395090485614,-0.18194540836183415,0.0371260728331283,-0.6024445799645091,-0.0652022846076131,-0.1114284982142845,1.0
-0.9927794306617337,-0.016256514485189784,-0.43911408358325643,-0.012001490039381973,0.11535494697496376,-0.5497300878498078,-0.029742220696467744,-0.1694019371656415,0.0
-0.4306648964444876,0.41606358615650385,-0.2630266465680673,-0.45722707563487236,-0.04935973488477234,-0.7188152064793832,-0.21184954365073094,0.11207497923152088,2.0
-0.9330075557277828,0.09935059752832101,-0.6285280287903201,-0.06889712671186388,0.012921151886720751,-0.5168733644056294,-0.1546931920549499,-0.14427595474546237,1.0
-0.8933968024714326,0.050241277527753626,-0.6527073739276433,-0.050602591617164266,0.013253811467812286,-0.5937129648101479,-0.09183138169429987,-0.13642180479716215,0.0
-0.9547080358977461,0.04089517637660398,-0.564107178458927,0.08323951791232265,0.0507028099016745,-0.526586796380873,-0.1327066061129903,-0.14686642609867928,1.0
-0.9539378172056836,0.03487972209545201,-0.5455870766547244,0.07764745932804701,0.050632350427294054,-0.5359841476562422,-0.12432758596904075,-0.16409400763679013,0.0
-0.9047460845996474,0.05458913411502385,-0.6633239606828859,-0.030624906760175374,0.025828608674076894,-0.5656351038133355,-0.11164858715138483,-0.12591028000813273,1.0
-0.7923857020569205,0.023849473866782066,-0.73160138000711,-0.07132120934010991,0.03409898494938725,-0.6139794928500723,-0.09385366395377394,-0.12308305208046794,1.0
-0.8079220504894546,0.025779877671282054,-0.6667742778090662,-0.5093627917238706,0.02812092598851449,-0.6661750170452655,-0.06369352458526073,-0.14767548162870653,2.0
-0.9725901610130924,0.04598419704914393,-0.5260088873763613,0.04785702415656934,0.0565579779584828,-0.4954692540762891,-0.13750680300359908,-0.14720469931513616,1.0
-0.8793038704052858,0.06599811571397346,-0.6568464904699013,-0.020498924054139167,0.009850790919704096,-0.6066183507023728,-0.11184953588281714,-0.13181811858732018,0.0
-0.978470471284939,0.044960766821788886,-0.49925752655642697,-0.05313543822833297,0.07297369579238833,-0.505597374535355,-0.13280199891915964,-0.1606715113005115,0.0
-0.37158845025586584,0.0729571482708857,-0.8241521860645441,-0.006833528201140027,0.12443504876118519,-0.4672231078491574,0.1446715449589409,-0.11609759443598097,1.0
-0.9094220173004952,0.08080175123298178,-0.6464519173696202,-0.14837995661319936,0.029623347511798993,-0.5163986795441626,-0.14179302043713998,-0.1368832064690054,1.0
-0.923019454420664,0.08288093425124593,-0.6286436857680131,-0.07845439781725004,0.02951194874503482,-0.48689988506789605,-0.15296583320233964,-0.1411145852030252,1.0
-0.9186645088817025,0.035590707731115626,-0.5914729760468842,0.044933038623379995,0.02422927735493493,-0.5353588948683791,-0.0989608748695019,-0.1710027297302423,0.0
-0.9660382963603851,0.04976988494990952,-0.5464355070422774,0.06140361568374986,0.051195703281824836,-0.5192569531066276,-0.12678928048640475,-0.14756359706486158,0.0
-0.9803320985800259,0.009661059249043903,-0.4573474212748683,-0.3028664541226088,0.12132536262462777,-0.5458152588881371,-0.05897407160315756,-0.1692293137795638,2.0
-0.8932252408417609,0.01727557220376262,-0.5000262459443361,-0.7001715678338761,0.09807100381319314,-0.5727005710560346,-0.06812704809443659,-0.1859678010262228,2.0
-0.8335716398197301,0.017798238737150994,-0.7325124349303462,0.012330450207283405,0.05221590451335881,-0.5950578600445005,-0.06857868715457616,-0.10962257380896744,1.0
-0.5123032319341456,-0.14910822042604238,-0.6622778629924984,-0.05968114964294308,0.008409735445815109,-0.6476080157335262,-0.22618466454823172,-0.1421952483524486,1.0
-0.7218292778624513,0.23817793636507667,-0.6547693627117459,-0.3336823293448933,0.01519344978515099,-0.42606953027981187,-0.2428519568052975,-0.18030116233881213,0.0
-0.9167717271824651,0.05660810725179306,-0.594002120543353,-0.152455178880834,0.03908220468132689,-0.5702079607621385,-0.11910657848354643,-0.16199159106723846,0.0
-0.9474174765640477,0.06342399995625583,-0.5053564760858148,-0.6073767142385895,0.06776657316225791,-0.5317837526020627,-0.11534884496815935,-0.1744535646744258,2.0
-0.947882227435485,0.059610265542515646,-0.5657953511936025,0.07087395485223275,0.034670073340422464,-0.5274373697185066,-0.15571369886775382,-0.16051188049096843,1.0
-0.8938010202538252,0.062259883974109434,-0.6894183362416695,0.025328138514421172,0.02560077275499574,-0.5995859110441759,-0.10182213910513888,-0.11848868593112044,1.0
-0.9053658705590993,0.16178756602817962,-0.651336256898473,-0.07871451392752972,0.00526667404715659,-0.49344575201482543,-0.23098873937737002,-0.16395365716043855,0.0
-0.9251648495481396,0.0030680874286901846,-0.541057488271424,-0.028838982304403654,0.08791591809542523,-0.5697767431312645,-0.10435603584341098,-0.15819639456070053,0.0
-0.9429099299286154,0.056082936915848106,-0.5768464596575564,0.0274594894884386,0.033074569671736276,-0.5282623106130113,-0.1587205598463758,-0.1525674700355326,1.0
-0.7207637026537936,-0.033031923132301466,-0.604921947047826,-0.644800961594086,0.09987714367453102,-0.6715798040200618,-0.08633034975798122,-0.14554023048105888,2.0
-0.5670304192105113,0.5119895347333239,-0.5525274662997685,0.09041727618043754,0.35764367114426,-0.66331906205391,-0.3534531574516387,-0.338408459304007,2.0
-0.6866414840382886,0.26272692240316436,-0.5288389432245914,0.023662233582516706,-0.04234495443622141,-0.6130930920517108,-0.05692333657402723,-0.24484540500643381,0.0
-0.7805341585503688,0.062264910838536344,-0.6857066397781854,-0.6795534391373523,0.05489449314966053,-0.6436771485855566,-0.0770986406500009,-0.12861005929472905,2.0
-0.954787208783263,0.010529556053436133,-0.5361644090233209,-0.09424765371166828,0.07838326375807933,-0.5658329878955851,-0.05476321737285289,-0.15323207914302625,0.0
-0.9321259393447718,0.06396975482659437,-0.6241742961802634,0.008598223919394465,0.0292332020807028,-0.5126949848966907,-0.13061497867857835,-0.14189266283685975,1.0
-0.7141751873770611,0.09506174874371685,-0.8049178599404683,-0.031693170395232284,0.07329533175771316,-0.5748605088010553,-0.11773771442857602,-0.10154592251952532,1.0
-0.7650114879451012,0.16274689987284674,-0.7630157008128344,-0.02944951665405096,0.01096329134156121,-0.5123066898867187,-0.12055204244055699,-0.16602310771416315,1.0
-0.8578473136009599,0.06253940854691771,-0.7029463859901101,-0.19381795516626366,0.021595378206724324,-0.5496184067403516,-0.11356904052906718,-0.1246550725566107,1.0
-0.7577584310820968,0.12529041266779467,-0.7903233926032512,-0.07809184404567866,0.04817863117513084,-0.5710097687787817,-0.10477891880011808,-0.12237803446290732,1.0
-0.9647431013201523,0.03563730114364151,-0.5140315301639099,-0.15077546612983994,0.07799869152412617,-0.5436076953005876,-0.08178422776896525,-0.16057018346789123,0.0
-0.9636737062854194,0.037107088624182986,-0.5275305199253136,-0.016130884751226704,0.06395208844553359,-0.5264018084170533,-0.11668013538649598,-0.1561205522481565,0.0
-0.8948804422180435,0.1525490411616049,-0.6494952353039606,-0.3072906617087523,0.03323820994059577,-0.5164371836722443,-0.09951709147777725,-0.16015437645481878,2.0
-0.9495345688672404,0.029251632523192114,-0.5181739210176775,-0.05501049325048804,0.06887028760876691,-0.544420370577793,-0.10038509211452287,-0.16580806273209517,0.0
-0.9214709110557449,0.11607796052229155,-0.651426098172224,-0.15002834257611852,0.0173740791955857,-0.4550901997761961,-0.1833916369679663,-0.15590027726203284,0.0
-0.871575900414157,0.023446104255141924,-0.6108489079241224,0.12574270761483053,0.031406534217387205,-0.5744740209034008,-0.15576352707857716,-0.15639562419419625,1.0
-0.7425891257120582,-0.033552353310898564,-0.6903883180213954,-0.46922955209523887,0.10415994467386913,-0.6712095824038298,-0.035180270272941655,-0.12195399235930336,2.0
-0.9482942208956479,-0.0078030689965076575,-0.44989906244681077,-0.4680129101748867,0.11662091306389374,-0.5832949544183152,-0.040204112439218134,-0.19408951805297184,2.0
-0.5320985196667285,0.41630699063698495,-0.6211011534032734,-0.3591289217434115,0.22207964450007484,-0.6408932242611806,-0.07453077688175783,-0.19315794111060017,2.0
-0.9723317755001957,0.017467569823205895,-0.4681973778625976,-0.46575231863724487,0.12225038574624886,-0.5824555135423416,-0.0054080841801456,-0.155504255690507,2.0
-0.9239546085559084,0.1371290950819168,-0.5695628308398006,-0.7369163367717144,0.02882677694401445,-0.5324217072054858,-0.16259957333756977,-0.15678519520979153,2.0
-0.9372360508833592,0.07756553810078909,-0.6129160248620666,0.04274997910652284,0.02012910814914152,-0.515514334542684,-0.16953617523837056,-0.15239864918038176,1.0
-0.9558165046407519,0.07511578188445839,-0.551363590741043,-0.07058600145991714,0.030767339764085314,-0.4820111068527078,-0.1878317882335231,-0.16955134777924177,0.0
-0.8484516164663178,0.1683034869536465,-0.6849158821677025,0.011326007509393915,0.011910795560053165,-0.551362983314791,-0.17150144078083718,-0.17496861888222998,1.0
-0.8410018810382477,-0.011872483352341714,-0.6376557369748952,-0.07103735325152924,0.015733111406528506,-0.6202624098108529,-0.0548631191400985,-0.15384849417571664,1.0
-0.9885400504284495,0.02157108489190805,-0.46040986439359205,0.030017668402304715,0.08676854780776272,-0.49986853852277313,-0.1149321847727443,-0.17116638792478497,0.0
-0.5699790931612114,-0.2505050451831892,-0.6173096496049311,0.11119206221122302,0.0933652314155442,-0.534407002105989,-0.21494503274364024,-0.19438299047578866,1.0
-0.9852232871752138,0.023331957129380444,-0.4610393167552054,-0.2633873251727677,0.11685153104899193,-0.5517794662684887,-0.04158608956010632,-0.1656043176826905,2.0
-0.8611991431431562,-0.01526904868376177,-0.5733967337453564,-0.3314876228984531,0.09628797346611903,-0.6259099059020004,-0.027718331263535678,-0.17152730938484173,2.0
-0.9451810370400971,0.036781205108276,-0.5398934085920011,-0.462921820348452,0.10149923139843228,-0.6037680786945564,-0.01799917026971444,-0.1473347734407373,2.0
-0.8236805914746854,0.18409552720803926,-0.7374677175985935,-0.3222492646608741,0.020265395794901706,-0.3947083017439058,-0.2035012035060545,-0.17114409063506203,0.0
-0.934813115934429,0.020212826631491636,-0.5813376268238382,0.035395162034742134,0.045915638032369005,-0.5812493359622958,-0.08255426132809643,-0.1600847984774755,1.0
-0.7523344584384846,-0.01392611270885509,-0.7197233856885147,-0.020593826200367205,0.020902320813125597,-0.6388827715777154,-0.06760627752358545,-0.1509641966498863,0.0
-0.5299465067332816,0.42232508786364853,-0.6002304658436574,-0.027214648129357644,0.041485827473137143,-0.6552885922965572,-0.19760360353010933,-0.13680504641160365,0.0
-0.5834414015548526,-0.05515629567106563,-0.6665849919659261,0.10484907578703567,0.09276528570620067,-0.7123151373691649,-0.11783792949595201,-0.1691351320079664,1.0
-0.9378760397956334,0.06455076732003115,-0.6198153921498042,-0.020593166588605716,0.03579285349034923,-0.5381951334138552,-0.11238416884301827,-0.13736357693663323,1.0
-0.9538325020368164,0.05553884270301118,-0.5430599292628818,-0.0679268132189641,0.04214670623481919,-0.5028276302902331,-0.15837014708222535,-0.1739232996968248,0.0
-0.9000531199304996,0.01765163940740793,-0.6221739805422212,-0.07478947079905607,0.054672837485976705,-0.5880394959256008,-0.056898473652342255,-0.14458757446992507,0.0
-0.9561701400829887,0.07575217721969339,-0.5109807748604328,-0.645856873608641,0.07965064290023902,-0.5225567790296822,-0.12097449754508442,-0.1625940364841616,2.0
-0.8457068538046564,0.015613870160692926,-0.6875915630345707,0.10994899157763988,0.04419845481659318,-0.6229939866217827,-0.11842427936331466,-0.12866687060485943,1.0
-0.9802757619325654,0.03211412094877386,-0.4681358462204416,-0.3547648488842672,0.11922562770848719,-0.5453252984896566,-0.0580846472064534,-0.15921578868996752,2.0
-0.8681857505940119,0.08052908992416127,-0.5734626106508426,-0.635143425166109,0.04986664563954878,-0.5452404243889757,-0.17731942444750876,-0.14987932792812025,2.0
-0.9298460424455516,0.0019155897189059162,-0.5732699431454658,-0.021872617522547738,0.0764930355420601,-0.5804074536241249,-0.0696686656754115,-0.150268460836329,0.0
-0.9379617954861343,0.042994046164533284,-0.5025755918187723,-0.6548649838627623,0.08750430705494724,-0.5529824201358319,-0.08016240112537845,-0.1836299579353103,2.0
-0.7540390764895739,-0.07592504653558842,-0.5864889694874602,-0.050768002873523815,0.0019055217708966246,-0.6127979572997188,-0.025210235088770558,-0.2192333406107677,1.0
-0.7224605106086062,0.026364608382834928,-0.8416361217943547,-0.2778027152755288,0.07371819878390759,-0.6068732824973765,0.02155904559861989,-0.09687212086612124,1.0
-0.9398592766903054,0.09343077281720943,-0.5280400541428869,-0.7413834455544885,0.07226286982047447,-0.5433526628447836,-0.10996122143657697,-0.16198241286830234,2.0
-0.8686360456291738,0.018658500617773934,-0.6607803004422403,0.03013521789965884,0.0051483128206467055,-0.5946419409131485,-0.07319802661336965,-0.15547296681859535,1.0
-0.9589427931978525,0.003480120588529187,-0.5251231144616693,0.08709089579237439,0.08833645307370179,-0.5491865638912236,-0.08363861046130609,-0.15411797748712514,1.0
-0.9594482867503391,0.041087289887998674,-0.5540651179568923,-0.041702747335037954,0.05974685378010818,-0.502382622533986,-0.12878501905196205,-0.1467365689656259,1.0
-0.7616768358613107,0.10765345292604014,-0.6582234567283384,-0.7943405262293357,0.0015956157414381278,-0.5739333051156216,-0.19150071270726218,-0.18536761682389885,2.0
-0.979747219281904,0.02443531985135847,-0.46312618074134415,-0.4064198485241306,0.1135242899680578,-0.5442835215016691,-0.05424070548803396,-0.17048048615595982,2.0
-0.5248185364992627,0.6431462878160042,-0.31968902332488497,0.5752804060938493,-0.03391676331786511,-0.7805057883696324,0.17408777379429374,-0.20024395149408097,0.0
-0.7294774740733866,0.004355514220963544,-0.7565286397687532,-0.17593841780506522,-0.007366409056592346,-0.6666561284664254,-0.027602468886942594,-0.133471274113165,1.0
-0.974608415005193,0.02550580563235861,-0.5101912568849867,-0.054224734492077487,0.07712256203940898,-0.5271009052994994,-0.09588373363656148,-0.15706032111159712,0.0
-0.9114696954721515,0.06132012642365224,-0.5994616904958305,-0.25291041654902313,0.044360960326139065,-0.5725244635245104,-0.1405198163789976,-0.15283926304469014,0.0
-0.7586626136986748,0.08511570389045836,-0.6920636836229229,-0.19916096923461027,0.042812544891675214,-0.5324259762749536,-0.2026574700509302,-0.1774223915874762,0.0
-0.8528536262683831,0.02196171391427192,-0.6601533128546887,-0.49922104635029174,0.06814574943149714,-0.662644763079474,-0.01982948274497265,-0.1501495849126858,2.0
-0.9635113374118448,0.0596679675358447,-0.507997167943627,-0.38478400640853927,0.07853155546348145,-0.5325205590484897,-0.1203461023439679,-0.1635093269078619,0.0
-0.8346983287229301,0.0663243528959823,-0.8018100130733302,-0.00601556373019313,0.024894230702470946,-0.635629051266178,-0.045623067019904644,-0.08696743214210767,1.0
-0.9604370720209973,0.027780823312153743,-0.5500658526829536,0.10313326472039841,0.06287736992694817,-0.543467275619985,-0.08958535768134937,-0.14176648687025722,1.0
-0.6395013090950449,-0.18950313764838023,-0.6322607920275072,-0.2690608139566953,-0.027302288019657422,-0.6871772046976943,0.04647864355500503,-0.20431714757263614,0.0
-0.8086287294079254,0.04832947118598242,-0.6620955314565578,-0.5657551413939015,0.06761854290246448,-0.6649493226963676,-0.09232623221029482,-0.11840449941007014,2.0
-0.9702510788567491,0.020818815465040948,-0.4792015988406143,-0.4780388943235195,0.12720912739975193,-0.5810597142559099,-0.007948899710472607,-0.15427878878542467,2.0
-0.9348826048731624,0.07382852715821539,-0.5357256836108184,-0.6965254326995802,0.0733461368022803,-0.5409339121120893,-0.11848167827309389,-0.16398409791219684,2.0
-0.9758854780937436,-0.014087037237528827,-0.4830914965667786,0.05882972526711289,0.11084848979528084,-0.5651769963124904,-0.02945830690513733,-0.15374095388231912,1.0
-0.7017675238556765,-0.06563918560394263,-0.6947292909705727,-0.03175120383529645,0.032246898734402625,-0.6654290323070311,-0.06433846524441919,-0.13917185287531197,1.0
-0.9689125216073123,0.007897863217647592,-0.5127788606342925,0.06057221613297176,0.075375365067771,-0.5547807925270568,-0.0595130807795579,-0.1583591526758948,0.0
-0.9631076124049947,0.054509186242077054,-0.49550988191832107,-0.5060058377248442,0.08963432183018177,-0.5448426912963698,-0.08237208080824174,-0.16823441619851087,2.0
-0.9594459588374556,0.05187156792919979,-0.5570136227425193,-0.007729738718263601,0.04282552632380364,-0.5195999722022613,-0.1269356243301034,-0.15119107210010552,1.0
-0.9759423429064633,0.015854195985509998,-0.5131871837775358,0.0615431846339598,0.07208519431134319,-0.5251016071713156,-0.10272327568619948,-0.15624525956307142,1.0
-0.941419593727853,-0.004649328768543376,-0.5480580143558051,0.09027135399560798,0.05813125989771147,-0.5516876037146755,-0.06937933634502969,-0.15938357765352099,1.0
-0.9624230709149957,0.06912302932607939,-0.5103182299499162,-0.47605353749672596,0.07243494933020259,-0.5289034497780005,-0.12218623922905891,-0.15587188917534164,0.0
-0.952186804858701,0.06202802231580331,-0.4993135840789866,-0.3958702142606371,0.08213669629198941,-0.5502108257384754,-0.1297850344884224,-0.1800222207316418,2.0
-0.9383131609538516,0.030097497979150154,-0.49139627534755226,-0.6286070775877881,0.0959113930331058,-0.5804792057579939,-0.0537576485639652,-0.17805525133632782,2.0
-0.9340824674230763,0.041764905566794214,-0.600873114718286,0.07080044878789277,0.03548221852942487,-0.5499397796970372,-0.10902945531845072,-0.14467396413534345,1.0
-0.9399832027400797,0.029006827989440046,-0.5751006572464344,-0.06589033580795622,0.06753357115715175,-0.5961807260157665,-0.07534480064952363,-0.14248912572023667,0.0
-0.4455937110334315,-0.2732941994769848,-0.57036839518368,-0.07033437716784155,0.1724214406995091,-0.5499347461783142,-0.31786172330137963,-0.19108032414356751,0.0
-0.9500044601487228,0.029084935819239276,-0.5472076771879499,0.04892092629483763,0.0611612149617009,-0.5419151028117224,-0.1078391797197565,-0.16070559500162568,0.0
-0.9690442953375665,0.008784434477565717,-0.5136974621832583,0.031063505213994036,0.08942650652945489,-0.5669931623955174,-0.046543641485293115,-0.15174129433634773,0.0
-0.9573808397800911,0.029606733318248493,-0.5054109791071812,-0.4398132555652938,0.10626548856265886,-0.556135720445205,-0.059581760939683634,-0.16141027063414104,2.0
-0.8935372117965797,0.0981228531425631,-0.6584016858787735,-0.1593599610295604,0.04058088366402902,-0.4498597786678547,-0.13253287594426302,-0.15493962901367903,0.0
-0.9359019956427908,0.06668687217933081,-0.5937368152559179,-0.061911496691726686,0.027503686735510027,-0.5541909571831234,-0.12289504278088367,-0.14570588175835242,1.0
-0.8657622190477716,0.0494945421180246,-0.6967003006663902,-0.022476751041124926,0.017055663933942825,-0.5849200006003997,-0.07962786662797068,-0.13452966225000823,1.0
-0.9751480181919809,-0.005009336247331658,-0.4927000939035751,0.1643090344452245,0.08874616893761764,-0.5506504562202271,-0.058004870606206134,-0.15667172666483142,1.0
-0.7726402294297816,0.10966214705917901,-0.5911329663599951,-0.7458946627878075,0.06290606847232502,-0.44156057772753243,-0.27738321455425885,-0.17517685455685866,2.0
-0.49946183388568816,-0.2567550328355511,-0.5812950632437566,0.061675230790009306,0.10063035441279276,-0.503782378315609,-0.1593120477808986,-0.24776591555243843,1.0
-0.9121356367153541,0.06588820005061734,-0.6440360095790961,-0.04183599165892671,0.020509302266379155,-0.5328437430761794,-0.11797645561774803,-0.14486461496782108,1.0
-0.8563647903121451,0.05248545798526475,-0.7009929251873352,0.006259356052146697,0.03522425689729983,-0.6058466894568917,-0.11386165893604423,-0.12987503763065011,1.0
-0.356485719121469,-0.35875438132302845,-0.5746403615178857,-0.4019075330952506,-0.11244872198063122,-0.3437780053615538,0.0794051197269357,-0.3702757372181125,1.0
-0.9549916337139719,0.030339255271922383,-0.49875546720147257,-0.4949291708586412,0.09864891694168115,-0.5646146468396066,-0.048307992468211804,-0.16987173059154112,2.0
-0.45770739949282957,-0.006587932009963084,-0.8328461321657598,-0.07068034028395515,0.1390233560263751,-0.6133938457516667,-0.017086674407399124,-0.10600238398030104,1.0
-0.9590330928902232,0.07620925892015501,-0.5691395232232609,0.011393934504551062,0.029157787835433102,-0.5044789212334065,-0.1623939391261698,-0.14916798438467863,1.0
-0.9313075052512311,0.05527387423272555,-0.6092860197785916,-0.04099045596767678,0.03912299881573174,-0.5493833709500365,-0.11856127008937342,-0.15471760960759662,1.0
-0.9254567923188908,0.048473346200089765,-0.604097924585957,-0.11338895891258186,0.03353950190128188,-0.5467367989381626,-0.09175998926949631,-0.15816227981526018,0.0
-0.9537541987772759,0.06538415204809729,-0.531705741510158,-0.4488967167016141,0.07097828152414386,-0.5484394468969475,-0.10724260939560093,-0.1536874846674007,0.0
-0.3773329820126301,-0.11458568814629355,-0.6657775389794967,-0.6967792502457786,0.13722937798123797,-0.5442614351404389,-0.0007693710194066339,-0.20802986407332583,2.0
-0.8804875749440987,0.069305513708789,-0.5993531717459826,-0.8243083226750144,0.07379399742922421,-0.5895793663013079,-0.055334529205161416,-0.14559839220776885,2.0
-0.9610367574084008,0.0825493173900102,-0.5574922340851741,-0.022875152953508754,0.030896255807438794,-0.488173961525413,-0.18414819333148524,-0.1595999081106003,1.0
-0.738273458604767,0.09723317232875248,-0.8481648405002213,-0.01294090277962534,0.10528733685157673,-0.4462860816359796,-0.03872159470834083,-0.10084767165730738,1.0
-0.9405287491152454,0.008733771232893144,-0.5321504467719244,0.057497141468353385,0.07685697513465221,-0.5646246086395853,-0.09904874820439763,-0.1737109022367525,0.0
-0.8323041419765952,0.2495369015808817,-0.662194404879053,-0.2260796849179645,-0.0005296997578954771,-0.5413843582891928,-0.2109986971887284,-0.17083345928824045,1.0
-0.7295709932149526,0.002726902673187502,-0.7575947971863666,-0.019723629898298345,0.04416594118521766,-0.6101665311636782,-0.04916895358145318,-0.1320126332016227,1.0
-0.9149078101997857,0.03413787213583183,-0.6538211227698472,0.019576888475739046,0.05277827889175474,-0.60624620794349,-0.0603302710056018,-0.11918366184491028,1.0
-0.9592735862893664,0.03237575001819002,-0.543654006619016,0.04943943811342694,0.05710532194834034,-0.5378077995694373,-0.09656968348347968,-0.1535261932968326,1.0
-0.5938592461335044,-0.061609378557367214,-0.7518596275447922,-0.11511525412655052,-0.050485575528781454,-0.6485429837927619,0.06229431686914924,-0.2130334914787517,1.0
-0.9169478118476839,0.052203787413300395,-0.6307274854951148,0.09032229404957515,0.022991599822439403,-0.5501095671645299,-0.13728702180941652,-0.1503685920332972,1.0
-0.9584404016431873,0.070079994411828,-0.569869781377254,-0.04632342981003382,0.03743028551657196,-0.5122933997686002,-0.14668934525727503,-0.14892833816135417,1.0
-0.8548293540015325,0.015255195482909836,-0.5973760077251342,-0.5026358944974381,0.09008735200021922,-0.6448118780768858,-0.057811332967033814,-0.14620732798537955,2.0
-0.9411226612536278,0.065214641066657,-0.598482267883495,0.01707868755654751,0.03108969305320364,-0.5230769362735002,-0.13953160882987262,-0.14695465836692012,1.0
-0.8923737111593244,0.03254836186566265,-0.6821903251201318,-0.02236787414325553,0.03966627552855439,-0.5807069065626821,-0.06171544453281356,-0.12654840217183422,1.0
-0.9747349300476751,0.036998760347079884,-0.47873887263284115,-0.3665533721192773,0.10380583393348239,-0.5307317021010088,-0.08543989802238307,-0.16699525562744616,2.0
-0.7360888415763855,0.04089323046762769,-0.7557031953715229,-0.1236963808917709,0.029160774136231443,-0.5510115691411587,-0.0789375148123387,-0.14543269628909186,0.0
-0.966576877718075,0.03670842799177236,-0.53960244980446,0.08685115131952958,0.06053485338716395,-0.5343624271939559,-0.10957914609411726,-0.1534889446422499,1.0
-0.9782924601755734,0.022198274647414546,-0.5151184391607095,0.05477847709813083,0.0731865198571546,-0.5335693691973254,-0.08736827026746913,-0.14625472193119435,1.0
-0.8824734711746198,0.08450420866065761,-0.5774432014275107,-0.8156996887114114,0.04565342675242676,-0.5304672572591451,-0.13533964998434322,-0.1847542717126927,2.0
-0.9553483487269578,0.06634341035291083,-0.5579594362436384,-0.050123214204460365,0.03692202481494309,-0.5197831224876777,-0.14392482975066584,-0.15225548190349766,0.0
-0.9602109571403852,0.03968980314884318,-0.5327347690649797,-0.00725167163499893,0.06081193353345727,-0.5310543932627154,-0.11048041059916115,-0.15144173966936114,0.0
-0.9617578049618487,-0.012817541893253945,-0.4535721540602354,-0.40912961199830505,0.13383162211794003,-0.5933235759989516,-0.00214607044961293,-0.18597206478496095,2.0
-0.9842904109197117,0.030582399255144582,-0.465451054147935,-0.35190310591805557,0.11209084309243511,-0.5323060233179286,-0.06479127808603703,-0.1647703300273536,2.0
-0.9384363873262765,0.08295425916885596,-0.6083830199377619,-0.23845003966652517,0.028475281345440438,-0.545499024321496,-0.11824712683353003,-0.1395201250229802,0.0
-0.9218691986313459,0.11086526438152447,-0.6210503890820829,-0.20707535655849743,0.0195165683945209,-0.4332102769010593,-0.1871763282808206,-0.16115557495684943,0.0
-0.9211423172722646,0.03838622442232594,-0.6036755897374841,-0.048846565019399435,0.035954352249065895,-0.5568452342984036,-0.0804822836026503,-0.15024503629353678,0.0
-0.9505494862594015,0.08613429451054253,-0.576874828961612,-0.03212382136594791,0.017795655707311432,-0.49447830677743815,-0.18980917558161356,-0.15210049675442852,1.0
-0.9226421725706992,0.021059280895896832,-0.5759805240386605,0.06564018905105784,0.03462294803241518,-0.5320367135524616,-0.12953866081397858,-0.17024974534281365,1.0
-0.9590174770738138,0.051768775179498024,-0.5559821879146408,0.05677775441521882,0.034439663327342135,-0.5105336673896608,-0.14839127071665892,-0.15212014353631348,0.0
-0.6645289382929973,-0.16685111734863975,-0.42152857853049863,-0.45702033155771193,0.025192290127895367,-0.4801904490219646,-0.26272640057033747,-0.2871099872105769,2.0
-0.913409348564073,-0.033692769811885584,-0.532763182573697,-0.06129078164335522,0.08474529079693283,-0.6079551321290185,-0.0573452384435395,-0.163189109514481,0.0
-0.9660307508574755,0.017317562349817694,-0.4656518274313432,-0.40212550276816417,0.12047306015908325,-0.5681203307542975,-0.045577514618678636,-0.17487492123483186,2.0
-0.8819920986762869,0.011415946255765037,-0.6480511834277652,-0.1025472990853194,0.07023504619577702,-0.6367964183895142,-0.059294430378478376,-0.11590374071168855,1.0
-0.9192004540823212,0.10448205142224896,-0.5595415476155576,-0.6995879058888133,0.059810406893909894,-0.5622471296992486,-0.11769844556833353,-0.1514235813138452,2.0
-0.7146799339817276,0.03657699609441138,-0.7372425615989637,0.026123602128416634,0.03273120638304945,-0.6106073455543356,-0.09320825478554572,-0.16604004028138508,1.0
-0.9628540547667075,0.02710744179917814,-0.5486785036123304,0.05271547261603188,0.055609946148559714,-0.5381940636527961,-0.08949993196330548,-0.14247718431100537,1.0
-0.7157807087459549,0.19355188106028565,-0.5510034756456935,-0.8143067124401258,0.005274365431265429,-0.5666060928310088,-0.3100683062798282,-0.11475009423436658,2.0
-0.9183538129462426,0.10721318212350198,-0.5867539471965442,-0.23572176057706545,0.026945227815874898,-0.4941081093118358,-0.21208582990901165,-0.1590915812187103,0.0
-0.9416103224684065,0.08627019400166525,-0.6203981716375161,-0.06561236273862059,0.019258144765809275,-0.5287761168545235,-0.1373009132735756,-0.1401403311697854,0.0
-0.9683435046804192,0.036914616069962373,-0.4643636258465349,-0.38502358632961375,0.11614195499034213,-0.5513183638979041,-0.08142237106931999,-0.1725693536028165,2.0
-0.9597003214175731,0.062128041383487834,-0.5628551361451579,-0.13289074916288235,0.05142421740670009,-0.5158332263782056,-0.11630879558271286,-0.14426565406186156,2.0
-0.9079811477932557,0.0964787530983924,-0.5967050924875784,-0.5983666624965474,0.04426859110054894,-0.5530550520209455,-0.126628012514321,-0.14385277139951913,2.0
-0.9135860417664192,0.13336887464275438,-0.5864543175734296,-0.8240406902226451,0.04233388501779466,-0.5482501430961526,-0.13373143438445434,-0.14591039740191625,2.0
-0.9535821424127837,0.057892697407089466,-0.5110746423579995,-0.5694021611047512,0.09675155447137149,-0.5608156383114794,-0.07856881678162521,-0.16364383588697134,2.0
-0.9512395818092818,0.0726838273409354,-0.5394649804888675,-0.42239981003156035,0.06552693977818691,-0.5370712516993558,-0.11317151998438296,-0.15046511248235322,0.0
-0.975765914595873,0.012651029493880764,-0.4590912688436594,-0.44702819372101515,0.11923235723429944,-0.5707995643560714,-0.026766908475393925,-0.16618475879853875,2.0
-0.8258183330963091,-0.056981618730715944,-0.6292534116348245,-0.28290861257496136,0.05963826114451708,-0.6693178895400145,0.016048832615100622,-0.16798903880718616,0.0
-0.9776239863733617,0.03220005552671502,-0.478598718204012,-0.18852580575414093,0.09523002695303033,-0.5301078596523127,-0.08602052103008401,-0.15683930369913188,0.0
-0.9841950065811141,0.009079168750142363,-0.4490560681305364,-0.3412635830850814,0.1300956051718954,-0.5605710341701088,-0.02093998636322894,-0.1673874158523221,2.0
-0.9791636038607854,0.0036938847102441358,-0.49244367990849236,0.11724456768645347,0.07716789865627101,-0.5346355789402187,-0.0893831828148389,-0.1606975525388992,1.0
-0.7840704762474775,0.0769891130888482,-0.6859031993739175,-0.25046598477196624,0.06287657838086344,-0.595059752263658,-0.24262317917420284,-0.16009645115482224,0.0
-0.9311774946995647,0.06625764378575497,-0.5963904715854242,-0.12393731726687289,0.03064504198857309,-0.5414501280471875,-0.1367140780831193,-0.14878270261881124,0.0
-0.9853373744077072,0.025030613015009612,-0.4447990571620368,-0.3891471512856186,0.13310524026654283,-0.5413484730366158,-0.050602818032491226,-0.16653166414531523,2.0
-0.785322744051919,-0.07952306345711085,-0.6281708801525299,0.024000002742917304,0.06691225988238081,-0.6154276231961072,-0.11000973189881995,-0.17901896236219098,1.0
-0.9007071150082092,0.04684698790404064,-0.6541969909022215,-0.02212175782201728,0.013508598039590085,-0.5804387329147289,-0.07973236761611396,-0.13088648634239552,1.0
-0.9144171407133151,0.053243318505367676,-0.6181094363002936,-0.045474719536867936,0.013121814029103784,-0.5407627995955818,-0.12554604355978913,-0.14976288057112375,1.0
-0.8410141907602577,0.08725824076344715,-0.6155940480094585,-0.14432304770656604,-0.026495068579988304,-0.5627488891274873,-0.10355964409224189,-0.18417426516451335,1.0
-0.9329576327279047,0.11305575541936871,-0.5624747454256552,-0.7239964527478725,0.045927269064670456,-0.5166221192997066,-0.15341566318589753,-0.15448604157689105,2.0
-0.8229250176448941,-0.004497146822407691,-0.7024034868819191,0.05235090909979273,0.04366572159447206,-0.6095265111324766,-0.09184125101931984,-0.1308949429382359,1.0
-0.9694853051750995,0.021358945181943555,-0.5206721819241479,0.14863620952934964,0.0690547949159446,-0.5322308857134854,-0.10672078881728862,-0.158198519362276,1.0
-0.9169549033414942,0.0644381890898788,-0.6141006911511006,-0.5038174871013774,0.04766096021048946,-0.6157639209281328,-0.053685220684596774,-0.13231550686509605,2.0
-0.9227689270420152,0.017482950646081907,-0.5929635287841625,-0.03966011896549493,0.053618336741849716,-0.5862051971611324,-0.044258246349238826,-0.15570304882364575,0.0
-0.8882075656425404,0.1222922095433368,-0.6114627753826911,-0.769160861906395,0.042363897690474925,-0.5521982481118494,-0.13775653389127426,-0.14361094326121496,2.0
-0.2319811024704177,0.759992696776246,-0.6139319584142364,0.2084353640960821,0.5120059040569576,-0.4098124426868096,0.5464138459000493,-0.2828692872234513,2.0
-0.9041642691318297,0.091078769988697,-0.5830903975966176,-0.6474436224501275,0.07364497939537659,-0.49836327612663806,-0.15279136479603822,-0.15585603363289494,2.0
-0.9509894766499755,0.050701079054563516,-0.5094966089079346,-0.43424817768594226,0.08475489798631589,-0.5415741211503916,-0.11358262116137338,-0.18330850785529895,2.0
-0.9617091844747954,0.021973975704273008,-0.5409754816994217,0.05600972994883041,0.05717262961827177,-0.5318024726098409,-0.10258174034080196,-0.15059846418972972,1.0
-0.9793830938833094,0.02431205364391301,-0.49377354622575803,0.01884374815475462,0.07116506210388143,-0.5144464651363139,-0.11695823540422544,-0.1594674357354452,0.0
-0.976316394362744,0.055059734609650815,-0.5199474070096259,0.026508060435319586,0.052159947124294996,-0.4945715974297143,-0.14584194021623678,-0.1598025225064519,0.0
-0.978330148153882,0.03416841207292049,-0.49120942694016734,-0.310020000603931,0.11019315034029542,-0.5261269272509523,-0.056023407304034975,-0.15197222345096764,2.0
-0.8639550008583318,0.008060633816444,-0.6416597146152011,-0.07045216536279134,0.07044061208765721,-0.6088909252319951,-0.10133190597776634,-0.11492343841945081,1.0
-0.7858367699973536,0.12531694494731266,-0.757143040307428,-0.2246612542147723,-0.011047651183228202,-0.496747632902383,-0.14897701432282318,-0.16559511494555096,1.0
-0.8148955656402005,0.09600354081764834,-0.7005300401646647,-0.03043892834126838,0.023375216210994657,-0.4995345689783556,-0.10520626603015962,-0.16912390632907642,0.0
-0.5992949291288088,-0.06284131853826505,-0.730363370490532,-0.13934167850142654,-0.049189424234580725,-0.5912764322724197,-0.010063652318043292,-0.19685611363825853,0.0
-0.7588681146428045,-0.08584017309357606,-0.6084609223905323,-0.14197244136372572,0.08437569994481857,-0.6497363482470465,-0.11083214869288156,-0.1553204055660288,0.0
-0.9233338202190766,0.033636431800504255,-0.5634660582481313,-0.2820511570435713,0.08234150516518085,-0.6076373985374399,-0.04844899345229663,-0.14219454607977047,2.0
-0.9623334213211407,0.06103368259131283,-0.5625288986139866,0.04811766271147244,0.045452047332295555,-0.517339825657918,-0.12919034984979028,-0.14714643363163762,1.0
-0.8933697908100594,-0.06579168853130661,-0.5185110314217515,-0.4099998108470501,0.09944397064982535,-0.6435778948070795,0.03933495468681136,-0.20227725170750038,2.0
-0.9414057640565198,0.0430255048412082,-0.493822529209877,-0.6420675902691804,0.08413495572230142,-0.5419496894944381,-0.09632503085289104,-0.18073973537098567,2.0
-0.9326669090009477,0.06457171413058017,-0.5890060732465503,0.05695210367693998,0.02100251339387301,-0.5081849494424623,-0.15088219748430282,-0.15466797753438666,1.0
-0.9455689295691745,0.018486435320546262,-0.5561319685648267,0.036544653277126166,0.05488719380547821,-0.5523725422993924,-0.0805701364139565,-0.14334984096664552,1.0
-0.9586567816366464,0.07616005947202727,-0.5545159085823983,-0.07914968439033572,0.0395704261785936,-0.5005187810298563,-0.15476217819880142,-0.15691413199634485,0.0
-0.8205307025628572,-0.028212465388918237,-0.6196266552882811,-0.04142543379177541,0.07486779882936961,-0.6309085461024269,-0.11147843456549927,-0.16106989372416752,0.0
-0.9078096689906471,0.10327756198715093,-0.5851017652314868,-0.6188950959145394,0.0650272966637673,-0.4609883529760163,-0.15480571464509646,-0.16811047070646232,2.0
-0.9480154533303076,0.019415110473039614,-0.5396362844887932,-0.04655712869863457,0.06912406998063204,-0.550969795594494,-0.10120854354768234,-0.15547957015725117,0.0
-0.9684400743055036,0.052350198096960884,-0.5416480909087643,0.04402028989252513,0.04983496735819915,-0.4948865486677228,-0.16145107829721494,-0.1537798078618475,1.0
-0.9158512309266262,0.0004125661112015927,-0.594805923994248,0.07113188786938479,0.03281107790924558,-0.5733837241936283,-0.07580364160849767,-0.16542214915506173,1.0
-0.9797247807603235,0.024079228183962305,-0.472546348906268,-0.3275485261213899,0.11411325586173136,-0.5479417706485713,-0.059596386490919355,-0.16472658623599618,2.0
-0.907014354930164,0.05280602090294697,-0.6035320483576398,0.06833353327893815,0.01969661619795344,-0.5336776707249706,-0.18073505841609577,-0.160338925614627,1.0
-0.8940752121429916,0.0026159856954187446,-0.5345714888454611,-0.6604524101751682,0.0804811733634355,-0.6135701628605129,-0.022784622609285543,-0.18841491903107793,2.0
-0.8050532523425847,0.13886750316387353,-0.664821496216505,-0.4897707818558956,0.05778349996424803,-0.6293769822007922,-0.09994369708672417,-0.1779468294596035,2.0
-0.7822463438005564,0.0272067555106119,-0.6954119270184035,-0.21258855065194976,0.018735444185608463,-0.6473341737077919,-0.06562482049899782,-0.15861988961417386,0.0
-0.9642102757710045,-0.014174516226074428,-0.44183155413631336,-0.35224452154076785,0.1429524565938534,-0.5855204032289472,-0.022428622003260165,-0.1806243837016565,2.0
-0.975774617965451,0.01653690985558292,-0.5047461014149648,0.01732513950552189,0.08097180292473943,-0.5523809357286463,-0.07141182601914213,-0.16022668357946557,0.0
-0.9248833932341585,0.010523922446714504,-0.6026036732856471,0.032506559020526626,0.06287695036390127,-0.5940695757460904,-0.06792922310748598,-0.13813167864489118,1.0
-0.9908785435042163,0.0009657323336222795,-0.4447468393234945,0.029953817397527838,0.1033017041946708,-0.534665328164798,-0.056102364210066875,-0.17063167276137042,0.0
-0.9931194265645877,0.0034122232192524415,-0.4392979317562471,-0.015961143945348116,0.11619674010648565,-0.5283763425699224,-0.07260707535758962,-0.16837825560385528,0.0
-0.4841428183909037,-0.023447497357001953,-0.7139174694785231,-0.06567701737290171,0.08047433602983531,-0.5414916687248459,-0.18318395387943767,-0.197058989344105,0.0
-0.9689796657072397,0.03047559702672953,-0.5082319793949238,-0.027016559670980766,0.07729849411953386,-0.5339932240173234,-0.0961219686472314,-0.15178537306056444,0.0
-0.9553562182036721,0.07682867720481937,-0.5680267097112138,0.013834488624660607,0.02687786466537099,-0.46167303700057255,-0.19399414152448594,-0.1659959065788785,1.0
-0.9515666622707635,-0.004459169686744487,-0.5261943642433854,0.15399578142765802,0.07800326030747756,-0.5593971505204761,-0.0936035749671186,-0.1490356735979633,1.0
-0.9020199438813555,0.03494492947491609,-0.5949963438256874,-0.49036839470890486,0.08153702769605353,-0.6004692822089002,-0.03503551763474147,-0.13500826397579796,2.0
-0.7805444804085978,-0.016602053020113403,-0.7634946639697664,0.126298469821569,0.07403135477736898,-0.6658193312074246,-0.06972203560195989,-0.10061720097823289,1.0
-0.9334017050919392,0.030712713269468984,-0.5421958827304142,-0.29059662524070473,0.09169494708154328,-0.5963444716256624,-0.05952891694091836,-0.14641738102932794,2.0
-0.8064512249986424,-0.02620385507915425,-0.6936148333762224,-0.07253934553363336,0.05725915380027488,-0.6180636221764176,-0.05350340654399163,-0.14608980659525966,1.0
-0.9365350067690279,0.03504133851214961,-0.5763229131714794,0.1453865929971513,0.03503712385979406,-0.5259236043180949,-0.14007851341727054,-0.16105902792410062,1.0
-0.6421890877319236,0.004476410261043437,-0.7952611016665481,-0.0032276194592649743,0.08902728354879906,-0.5592961824764583,0.017665060959389037,-0.13697797159301506,1.0
-0.9778294626576527,0.024116196606572153,-0.4853432297641359,0.023237858561683894,0.08079128045547539,-0.5134418305441905,-0.11641143635865915,-0.1675585248084641,1.0
-0.8529887995162916,0.02983423404539226,-0.6142352258007583,-0.08966644938479962,0.043280622006767494,-0.5553304374118995,-0.16404335065431994,-0.19323789998833424,1.0
-0.8649964685600355,0.08171502509589697,-0.6826148545020078,-0.589586951851226,0.06669837689520561,-0.6505487913082754,-0.029759018221584416,-0.12543102002531625,2.0
-0.7803919909837013,0.054671608077647316,-0.7454426109539551,-0.13561039557905746,0.0033648575356462623,-0.5320902360138982,-0.01293523512295039,-0.1648984236101322,0.0
-0.7455015478874872,0.05188003692650388,-0.7509199966030577,-0.1563249409344208,0.015980764421890677,-0.5898766621995836,-0.15977583283265526,-0.15692769254531988,0.0
-0.980744145818063,0.024978065435524572,-0.4911578261500497,-0.009943468117581455,0.07878213192971315,-0.5227810714928538,-0.09624033258776811,-0.16147549217699997,0.0
-0.6933971289793774,0.19156540846615758,-0.4589563150525118,-0.8407510742171018,-0.0008993562976866432,-0.5471236418177183,-0.302097762503011,-0.14791752496937757,2.0
-0.6920684727023736,0.24380393394324684,-0.7478827882900062,-0.08443613396129625,0.0714774646811746,-0.5881538880074452,-0.18149368238487285,-0.24245170703542152,0.0
-0.9052657026103502,0.07622253851215285,-0.6500577445264231,0.005577709339884385,0.0131490298507069,-0.5391017044224226,-0.15011483204141993,-0.1409409173955038,1.0
-0.8656164618912704,0.02124484929877585,-0.6615861058138038,0.027667274551306936,0.04280156454068874,-0.554238749154766,-0.10604172914714506,-0.13924963931313322,1.0
-0.8798933691940506,0.08016595958363965,-0.6728228371594919,-0.08011437958732505,0.005245526679918754,-0.5565515060146808,-0.14836431419018917,-0.1390206792328776,1.0
-0.871927456631832,-0.015157930292583777,-0.5896445451145664,-0.37994151905681656,0.08355072278988031,-0.6384541142029053,0.010592270117862401,-0.15898446823793191,2.0
-0.9070652072473474,0.04787336284735533,-0.6407223077399552,0.11387047007155321,0.04156892070073619,-0.58591304601355,-0.11664071548916079,-0.13903615432110406,1.0
-0.7439943105746861,0.005372518396713086,-0.6917703138060775,-0.11318277778503592,0.034476424694096536,-0.5688267668718762,-0.09487567492603872,-0.20508518079955107,0.0
-0.9759664907769247,0.04256924291395449,-0.48886282670167425,-0.10671581884496578,0.07559856937594182,-0.5072803031904399,-0.13412312724519723,-0.15821908059148498,0.0
-0.8660018648818802,0.06492460694993817,-0.637625143464903,-0.49803160574058347,0.03688711052058709,-0.5625559930126757,-0.12906025111569902,-0.15140180802815822,2.0
-0.9879885567575126,0.027342057014886227,-0.44207331347822676,-0.3301138328958061,0.12310564267036962,-0.5455572187157888,-0.054743969433999035,-0.17015659779992592,2.0
-0.9528563825368028,0.052314768178848205,-0.5231096298075238,-0.34867169121241715,0.07929287549599076,-0.5588355288908939,-0.09352366665417991,-0.148438904979455,2.0
-0.929478856313615,0.09674230448592255,-0.5750637724274736,-0.3610358488300269,0.03968092087095064,-0.5279983887633363,-0.15654675749779665,-0.15846891872697472,0.0
-0.9453189375943531,0.012414877000321414,-0.5237334029133914,-0.37096957894139443,0.1219153805700024,-0.5839332089479529,-0.018087166699386717,-0.15448349654329083,2.0
-0.9733145375213766,0.044709083507234515,-0.514744602637907,-0.005683887331811716,0.06546497890051142,-0.5119645772969385,-0.12612133874828438,-0.15317826227557668,0.0
-0.9658572931579644,0.04679633745312114,-0.5274176835509874,-0.08588913989985783,0.059594745219832344,-0.5307146668982453,-0.12181482975808942,-0.15755324462661896,0.0
-0.9868672650237149,-0.004585256746675301,-0.4385274154553917,-0.0839474896555849,0.11869055761065303,-0.5374686748603483,-0.0610500627119303,-0.1743265864971211,0.0
-0.8885421042381472,0.02453183242948073,-0.5989302434808406,-0.4557045013573592,0.09204515765614835,-0.6235822275050935,-0.03733548996021725,-0.13354631054524843,2.0
-0.939471469775174,0.03696424026675262,-0.560087959836441,-0.08001531129785303,0.05243251553974507,-0.5503066837501257,-0.12851698296763095,-0.15923730809713124,0.0
-0.9460632390315868,0.08846482430154994,-0.5666003142727888,-0.5023594915013103,0.05881187111090309,-0.5501535678440789,-0.11836200127289052,-0.14676964374355828,2.0
-0.6220726669482713,0.025501858432441776,-0.567723928001629,-0.021096758034627072,-0.05325180024941567,-0.4785975042633263,-0.04397443565610558,-0.2680303719747914,1.0
-0.9427055158542266,0.09893751875878626,-0.5727335321874577,-0.18338414692747598,0.024436128962135914,-0.5037483280294427,-0.1740770114492733,-0.15876735439205306,0.0
-0.7607144207573098,-0.022962168671993147,-0.7575205486970502,0.012734365403551162,0.06781049046614067,-0.6527527958386806,-0.034992178933078294,-0.1110290874385182,1.0
-0.9769538588329266,0.03174810543435121,-0.5079275560453674,-0.002904321506357277,0.07941297013148975,-0.526807574732991,-0.09248434734954132,-0.15685939768825777,0.0
-0.9452571229638421,0.03212673341796225,-0.555845425995914,-0.08989871616479785,0.05577043179697755,-0.561128344933461,-0.07636594081184087,-0.1499225892109142,0.0
-0.956744931079183,-0.01380000404645887,-0.5031109839390059,0.10149213795999495,0.09291724246119523,-0.5664534588101288,-0.07213151734820235,-0.16657848749867665,0.0
-0.9190520901625842,0.11467479338642765,-0.6691894955366052,-0.07422257092090245,-0.011663558947288363,-0.5150133207207267,-0.18084449166085848,-0.13835152082266375,1.0
-0.9534548348314467,0.08818405222943629,-0.5701317478743545,0.008768183990613077,0.02081346297077491,-0.48534315154719554,-0.18788508213327507,-0.16194285868972402,0.0
-0.968762317702676,0.05489141502121831,-0.5250989900489483,0.04351164723368059,0.04590081210117075,-0.4972201601619562,-0.1575727864436744,-0.16216194846167825,0.0
-0.9281535840191145,0.09857092999056057,-0.5653590353039,-0.48683884555739576,0.0437708867070624,-0.5584848449267429,-0.13590763942885947,-0.14272374299096896,2.0
-0.7836722052151213,0.07750049993293473,-0.7365442221357917,-0.06815752826278229,0.02190164505309114,-0.5027825815177948,-0.10932907702118438,-0.13802595204023294,1.0
-0.8925830717041053,0.022216013056491134,-0.6372612795385835,-0.12137781977232663,0.03167937047800573,-0.5690178750454677,-0.05094911328120934,-0.1500675846190645,0.0
-0.03632883757674732,-0.4196800157289778,-0.5551941036165573,0.11319804288776592,0.3477705408557865,-0.473883863621892,-0.5128799696010949,-0.10213826288410441,1.0
-0.8898854920917297,0.09402090167550266,-0.6739637632255114,-0.09202705748678597,0.01684117070706445,-0.4853817639353349,-0.16656748619790857,-0.14258903546952564,1.0
-0.950823055391316,0.0003839915630723667,-0.5338214849955056,0.03733257852654187,0.07686773393803903,-0.5685792972425557,-0.052988165207241,-0.15725517567876462,0.0
-0.9549842198277378,0.062273352419247044,-0.5497439990088914,-0.025197421547905885,0.03872779864708567,-0.515624731097392,-0.16499078701421754,-0.15745521047657665,1.0
-0.6281283395673631,0.08757123705902911,-0.7628299586535593,-0.3839024445788236,0.05770178667720781,-0.5046539551897576,-0.07461619012160779,-0.17293382513990604,2.0
-0.9460338000055981,0.05551870303339554,-0.5905605723176407,-0.0023781563149621043,0.0390969185842464,-0.5425018931117204,-0.12348843961114934,-0.139395723648335,1.0
-0.9593239299659673,0.025668445112173956,-0.5427377459373566,0.13288002758546713,0.06324600488210808,-0.5371813944990714,-0.10984274962070815,-0.150613700619236,1.0
-0.9705704020816697,0.060620485324825,-0.5411656624081375,0.01470973589458624,0.04967710618131776,-0.5080579236141162,-0.13645077059177096,-0.15266884352136173,0.0
-0.8034782008654163,0.0932259584770101,-0.7242122881814308,0.021234920287211717,0.031168738919315965,-0.6218288755407791,-0.14033584171318647,-0.14164177877453976,0.0
-0.8767207488405921,0.0863621405508408,-0.6872617700329138,-0.1299804914480886,0.009689665601171092,-0.5941248968670706,-0.099723432437858,-0.14217460278256933,0.0
-0.9336308977519757,0.09657925666167341,-0.562096706727664,-0.6691307220155245,0.06631402715412267,-0.5490227353044536,-0.11219503859506301,-0.15273243497253958,2.0
-0.9512018417509436,0.08842540851320838,-0.5741697681773477,-0.08393513839594353,0.02463346347719598,-0.5069298041701675,-0.1692976725222653,-0.14542587954529662,0.0
-0.9161656923882476,-0.020495118387822392,-0.5229274351182165,-0.33648095681654,0.11139570960532699,-0.6275660557698459,0.004809141991063859,-0.16210985821190513,2.0
-0.9472298994581724,0.07431242524178389,-0.603008883054331,0.016854017469302318,0.027178316427294097,-0.517982703346834,-0.14863940713535162,-0.1416903112364501,1.0
-0.9207103753133452,0.0315831439562456,-0.6059785569197734,-0.054792091843909485,0.025149602041961816,-0.5613461644450335,-0.08591362960061735,-0.1414578907254381,1.0
-0.8470619650461383,-0.03607932382805995,-0.61623119519302,-0.03814896637746512,0.04513462104047118,-0.6168526619869883,-0.07129975164998595,-0.16555642235389798,0.0
-0.9515277051238887,0.03656996214275379,-0.5267077820522297,-0.341466832035333,0.09991306230939337,-0.5602151259459918,-0.06419250533623652,-0.14556776816594744,2.0
-0.8341072670103665,0.16389397081945972,-0.7109145753812535,-0.474614234523614,-0.0006434607326332095,-0.5872932116697255,-0.17827495538670152,-0.1683484851348628,0.0
-0.968903456745541,0.026909885321606597,-0.4855926555391527,-0.3820601209961415,0.11476495938630718,-0.5601656200130403,-0.049017644261482286,-0.1566948756649914,2.0
-0.9659283718656799,0.05109901625003853,-0.5241512162705744,-0.01461740959043975,0.04188011112348122,-0.504396999538445,-0.15453774472361687,-0.16672553095257653,0.0
-0.8399221819445976,-0.010270045150009947,-0.6708898827879733,-0.04728190307330862,0.008682720589415972,-0.6634059278523874,-0.020453064460388373,-0.14344878015888418,1.0
-0.44169935610607947,-0.19068575583139963,-0.7406185842075561,-0.16279996148023934,0.15034803616873205,-0.5849363755546376,-0.14914575464363858,-0.11169233029818412,1.0
-0.9320151373912321,0.06149287085550752,-0.5959246082162509,0.022355546459849163,0.029618030885390348,-0.5176079851984026,-0.14848566567573557,-0.15927384761748356,0.0
-0.9760456719765415,-0.005774566295507773,-0.43547775898401064,-0.35456495294036017,0.13875047568434612,-0.5680906056218807,-0.026311306009820887,-0.1777389624991696,2.0
-0.9501160824246709,0.03561164371762534,-0.5868728845510679,0.1502063639819018,0.05298828289561999,-0.5498660617151871,-0.10047651728488617,-0.13783655856216154,1.0
-0.9282051871172851,0.05053589397632021,-0.6011673077048222,0.06329897040395349,0.02696468941058343,-0.5306076762786857,-0.1357253791300968,-0.15604918497879933,0.0
-0.9884131230309267,0.024253333340364978,-0.44172534721633894,-0.25160602385127645,0.11426552220873368,-0.5302847675910112,-0.07676849902978879,-0.17164011509724292,0.0
-0.9188156027787928,0.06944674629196136,-0.626538411277635,-0.005237074936963543,0.02340496378382654,-0.5149518077096846,-0.15628695247793759,-0.15048834261122637,1.0
-0.9258708005778855,0.011125961949564993,-0.5522248237058733,-0.36575044709522175,0.10437593963314251,-0.6085516097288772,-0.010663263711225182,-0.14528815286889374,2.0
-0.872027936496184,0.164956814778923,-0.6339760831896942,-0.626980372214734,0.0025054501196179815,-0.5340456917859571,-0.21828918137702283,-0.15116689472084496,0.0
-0.9023174062260084,0.13134638246235597,-0.6337028943526722,-0.2379114783734428,0.013653994005327047,-0.5109818549808369,-0.21469221589830778,-0.161595240515495,0.0
-0.9879545851101903,0.023713729298673453,-0.44829541506981696,-0.149592543617028,0.0957148958933128,-0.5004650881985955,-0.12297128979385105,-0.1715131308589258,0.0
-0.9643038019635601,0.08341500210071215,-0.5242246923992927,-0.504788726761241,0.07722042776874484,-0.5414333960765484,-0.10291417674498525,-0.15510338146420372,2.0
-0.8989641050772472,0.02839062075890299,-0.5437967352171471,-0.5813194484387176,0.08652252085369369,-0.6051666660318172,-0.08012300948251894,-0.1663728413918773,2.0
-0.9400430376955949,0.013852075533276782,-0.6038808413909575,0.03608760034098976,0.05717101532777472,-0.5664822371054666,-0.05006474822843097,-0.13759784226400001,1.0
-0.9667158597007413,0.047482308423527936,-0.4899187811870045,-0.4957233302857503,0.09584683382252471,-0.5398040770517616,-0.07719370901973178,-0.1694026406784215,2.0
-0.9741423881044116,0.028126254429120947,-0.4566203989272006,-0.41699668126380124,0.11822548676834382,-0.5536218164836819,-0.0585565288704094,-0.1702089568385419,2.0
-0.7750262710745508,-0.061585343294199096,-0.6322801642185467,-0.06890292643891793,0.06632428734411293,-0.6442851600088224,-0.10912443721927306,-0.186147135884595,0.0
-0.9548929480659936,0.050707364725636556,-0.5590230978921719,-0.03871156620313787,0.0541786755094025,-0.52610562796431,-0.13181177833406058,-0.13946798163332896,1.0
-0.9202059731303316,0.07184395297035523,-0.64459920073596,-0.14582563719262015,0.02727505157660983,-0.5440180545067986,-0.10784585121856106,-0.13733005360280803,0.0
-0.8992961309062496,0.12517049517847223,-0.6231005760432303,-0.3542381507654937,0.019385171863374268,-0.5474658223288978,-0.18832833194859422,-0.14511388413366574,0.0
-0.9075750842176407,0.08406811589192707,-0.6320037227467457,-0.09892422250918903,0.0202610488792834,-0.5614262350013357,-0.12950901882993981,-0.15164269914470915,0.0
-0.9712915090480715,0.04511909895087593,-0.5222597134666496,0.07376005584747586,0.05976407222774075,-0.5325892013145227,-0.11716549759945503,-0.1597936267641931,0.0
-0.7689598809279187,0.2086274857801929,-0.643854308406716,-0.572542631599066,0.09650305659872903,-0.6423789528409629,-0.1075523725273116,-0.22680709448251887,2.0
-0.9039138623435313,0.05998528986406243,-0.6377872842228169,-0.11526794430600303,0.02655429195107161,-0.5708796295522892,-0.12445511356442324,-0.14570150289506967,0.0
-0.9591491724413506,0.033457638272692644,-0.5628015752991775,0.0077469212482207395,0.06614919101439898,-0.563129161993871,-0.05895060685377737,-0.1389455185451209,0.0
-0.9705620951276893,0.04715587829548785,-0.5452743536390953,0.08965746748983722,0.05273533285719772,-0.509125363650979,-0.13738130683361738,-0.1533488425202553,1.0
-0.9280280947876056,0.06195855406473767,-0.513994635856496,-0.7045109957372625,0.07256541444405287,-0.5396790055460303,-0.11143538411504403,-0.1811019269356552,2.0
-0.902857022722877,0.04072951764231161,-0.6017352440308328,-0.33240777605318717,0.06948486615474488,-0.5810570992814956,-0.04222110106896303,-0.13550503335643158,2.0
-0.937550562578307,0.04342993119698659,-0.5843938440676404,0.10648719174817195,0.024657178380821695,-0.5188314961843637,-0.14815354574663214,-0.1599606956215741,1.0
-0.9601247422196616,0.057788099196749425,-0.5480255532665257,-0.017117911822008725,0.03872909139690015,-0.5055644155780542,-0.14887728959302587,-0.15865482904762454,1.0
-0.9228878231972524,0.07993216280556921,-0.6133021816880752,-0.5116956666123923,0.04633821203357594,-0.5698945975266972,-0.0828951661719557,-0.14244239041066128,2.0
-0.9410365151251444,0.08412671618744522,-0.6087171503037374,-0.05177865791779046,0.023405524134155815,-0.5241977067141189,-0.14668026903793088,-0.14103709631157313,1.0
-0.9642110920308746,-0.008991206792983805,-0.44405996476142967,-0.40757212452192526,0.1269833823767478,-0.5791283445578419,-0.023135914193416304,-0.19190522878390595,2.0
-0.8089356570749473,0.06100210954491489,-0.7444281877895845,-0.06807497974854804,0.05662887330933475,-0.594601926936221,-0.11337761052457403,-0.11992664571536213,1.0
-0.9202892331055168,0.12661651721100647,-0.5899411327959851,-0.5681973225649021,0.04053004297645535,-0.4963165912769249,-0.19801221655603624,-0.1626398490889035,0.0
-0.8866510192651677,0.09065355030374656,-0.5773908668420904,-0.4166406096239299,0.06631001881446166,-0.5356130944761254,-0.21286972309480193,-0.19196310844084463,2.0
-0.9360211547328893,0.07113139880404762,-0.6219806546246839,0.03279653619252079,0.019293011264477918,-0.5350547788832253,-0.1313878904094814,-0.1448774602605701,0.0
-0.9424305757777959,-0.0022952752824243056,-0.4549537737191282,-0.5113481538159153,0.11392849027942192,-0.5754997949088988,-0.0747607457577799,-0.19113294459812288,2.0
-0.951662163133933,0.019951521676259007,-0.547465219669888,-0.07105547859202929,0.06815360995372892,-0.5566468308760443,-0.07467245441338578,-0.15621670833256232,0.0
-0.9623344229949706,0.018977743471889904,-0.5141093029745742,0.027809416198845777,0.07005023901801033,-0.5345903939130638,-0.09813130070045724,-0.16918015479344922,1.0
-0.732840731600577,0.03560577635234312,-0.7959859100704583,-0.15047038347444214,0.05563526516638286,-0.5697095967032245,-0.06580949851332653,-0.11138020276759196,1.0
-0.9574271803829874,0.046843013951264494,-0.577696978742583,0.0026909365833097387,0.053541531614896276,-0.5312741610253884,-0.10737364337921594,-0.13653210721636228,1.0
-0.9569619853948182,0.003015197570199857,-0.5345590236355721,0.14132461286888842,0.05875032688593878,-0.5472297529249971,-0.07786294011149877,-0.1669779376263568,1.0
-0.9257179736662848,0.07673565501718616,-0.6120640302047352,-0.14334053422937526,0.017876178064037185,-0.55600370036302,-0.1463179695229001,-0.14815359056702776,1.0
-0.8233307120613512,0.04368596710966237,-0.7302903259400775,-0.19044197590882242,0.010554287002448065,-0.6406667830883388,-0.03364978807588162,-0.14489328198973,0.0
-0.9435406544148516,0.0308200578867664,-0.5058181019002351,-0.5036238945271746,0.10929342935856912,-0.5509628871969786,-0.0738364037127692,-0.172280867603989,2.0
-0.970382896551453,0.016412286169925575,-0.4590246680600524,-0.42668661591726875,0.11463592546031394,-0.5674288600911376,-0.03590875871004334,-0.17149700536579715,2.0
-0.882426721150112,0.054536659379670366,-0.644041136777967,-0.013513491762782187,0.024357958315076166,-0.6010455446761783,-0.12197624442791732,-0.12341227074086585,0.0
-0.939547005158025,0.029548250054782527,-0.583367517384245,0.03229695645201655,0.062193876047075825,-0.5614090033902843,-0.0931945487194009,-0.13590265306186594,1.0
-0.21562834755318672,-0.3292725628978638,-0.5642004009315493,0.10504652224990574,0.28844586296053565,-0.4701594662608711,-0.48383569064851334,-0.18607935277474608,1.0
-0.9698184611441504,0.017982180750797955,-0.45739240842634915,-0.47003160579673525,0.12592953837705478,-0.5788709375441099,-0.02362528630611073,-0.17194106884055346,2.0
-0.9752388295990917,0.010487580047252254,-0.4946386224916528,0.030640124803121893,0.08264432145471096,-0.5353690330375757,-0.09171095530579106,-0.16733832358679618,0.0
-0.9021887226139925,0.008786815992609484,-0.5563008294070012,-0.34247350540134947,0.09112893063774721,-0.5957550542748649,-0.05907178228809463,-0.16647064822929517,2.0
-0.9750323140245113,0.017271307548926577,-0.5140513218777147,0.11780854175613514,0.07793015311942078,-0.5405363745787743,-0.08160819334647132,-0.1617797530820087,0.0
-0.948195923777101,0.057545702482338645,-0.5769947782688639,-0.10216943742735245,0.05427773530224077,-0.523858875916052,-0.1282294510425844,-0.14284253265659097,1.0
-0.9775726808286074,-0.002257349343524201,-0.45847854300465096,-0.12865125731288318,0.10748488268732159,-0.5336771632604878,-0.07585208017978912,-0.17430948992552056,0.0
-0.6874116225483202,-0.0017885720430835805,-0.7631572072359775,-0.12634910138679578,0.04607584414505308,-0.5898761959222127,-0.06926506169203343,-0.1251324052795579,1.0
-0.9831926829410795,0.0018830456407870483,-0.460011481827452,-0.051312535792571334,0.10413667077291697,-0.5437536241260494,-0.0656529750118649,-0.17120418521356476,0.0
-0.9256201550152108,0.07774131340416926,-0.5408132752886613,-0.7005766591094544,0.06461638288059163,-0.5530674286951526,-0.10967711449237574,-0.1676209799398147,2.0
-0.9778494005802995,0.032247374783677035,-0.47405866865672663,-0.2919983203200176,0.11077912946740356,-0.5328765934932419,-0.06741961638189428,-0.16556560183002267,2.0
-0.560384071276288,0.4484745398470331,-0.350773704443859,0.04394489629446813,0.04069119553903289,-0.7361069252596472,-0.3675688761086628,-0.09304557358702509,0.0
-0.9509331381714377,0.04589240516290654,-0.5686003825483671,0.03312076244032411,0.0507671591451807,-0.5428928899043852,-0.09724819219246546,-0.14108659498480483,1.0
-0.9617346336568938,0.07306541546437711,-0.5588950315582174,0.03574412959240181,0.02653908339256645,-0.4936874146672874,-0.17542043562339832,-0.15394406519796733,0.0
-0.9259028954895128,0.042704118484858083,-0.6093047720524188,-0.0047277831744230725,0.04665633480187388,-0.531506921221652,-0.11181895022621781,-0.14624979076612948,1.0
-0.9409894582360998,0.08728863545125125,-0.5550934048382404,-0.5944651907664498,0.06335497602805007,-0.556093973258466,-0.093847407997124,-0.147319507802499,2.0
-0.780532156893086,0.1301574680900952,-0.6575514144653485,-0.24879344808345744,-0.004289271807451367,-0.5975572433171745,-0.1827797588324408,-0.15635818114512254,0.0
-0.9707025215121676,0.04866118792450941,-0.5268589993209098,-0.10815942832295974,0.05845325243214735,-0.5267271014755006,-0.11529464821425425,-0.15778868152718434,2.0
-0.8638907812105435,0.09292825679045566,-0.6470965471435361,-0.4946290251836696,0.00753367443721982,-0.5884508245549551,-0.11315316113761074,-0.13503013537311495,2.0
-0.974842030349317,0.025785500501299723,-0.4916654753164341,-0.055486223452967554,0.0793956293383522,-0.5239608227073902,-0.12334335235439833,-0.16842424908876383,0.0
-0.32436354527639844,0.0300570202134958,-0.5326168734757334,-0.5374861180066401,0.17155644019509608,-0.7523308260657711,-0.2842775028113475,-0.23123817246157313,2.0
-0.939251382014536,0.055843873765628035,-0.5800324499464377,-0.03361140057440437,0.03578492255405184,-0.5413167406771354,-0.12946806970541994,-0.14373528945630512,0.0
-0.9693703507886055,0.054566957707010484,-0.4966275057345464,-0.517727983606433,0.10198287420438004,-0.5482825027236352,-0.06137198367535251,-0.15506354372182543,2.0
-0.7588792083467593,0.0061423439229034565,-0.6633565300281223,-0.06304680714020139,-0.013413944827971341,-0.6443040581126606,-0.15122692774381938,-0.14564817562376212,0.0
-0.9479440510478164,0.08084327313611533,-0.5480808471601364,-0.537502337760711,0.07218091626759406,-0.5360118968519232,-0.10811715975393728,-0.1594712247189307,2.0
-0.9734443655525616,0.004609567144580037,-0.4589299584208514,-0.05241544824034594,0.10399454288309305,-0.520442034748295,-0.10423002631103216,-0.17634565646037573,0.0
-0.9652980684855104,0.02607029819676797,-0.47520517444454274,-0.5126872511166265,0.11792296846612943,-0.5452283873743056,-0.055770612900781565,-0.1675841850663143,2.0
-0.8888137900802946,-0.036807096787003626,-0.4914572183423265,-0.5925987750483146,0.1377022568357511,-0.6026206572132448,-0.02858948983356681,-0.18327323471509208,2.0
-0.8344002582166963,0.22486448205995674,-0.6520423635894078,-0.06517314220571968,0.004858488899996044,-0.4771024288662179,-0.23191863975400628,-0.20329709482934957,1.0
-0.5036356502970116,0.2526761004755749,-0.7040634189207926,-0.27242917407871564,0.08725983395363608,-0.5639470156163329,-0.173455509065512,-0.19573496965095893,0.0
-0.8427106732584556,0.18042048710007927,-0.6971971831374453,0.0375950486800295,-0.0017225299904821273,-0.5014388729978722,-0.19033946433933885,-0.19814968662960836,1.0
-0.8276791052578615,0.16730445499762342,-0.6294801216460211,-0.8564201342856483,0.046383637620209965,-0.501767632283373,-0.21055946110951812,-0.14491963672157449,2.0
-0.8179934884751836,0.062446481888793,-0.7272028362675039,-0.14889950799876614,0.015028520477978542,-0.6017050991619907,-0.08339799579068166,-0.1416502113756079,0.0
-0.9305939693424686,0.027361853112833012,-0.5172919548413164,-0.5033457654447626,0.11293128089628876,-0.5325725288540267,-0.09526094651584079,-0.16659732662466667,2.0
-0.7485076572315191,-0.014916385295099463,-0.7582986315960957,0.11990810543233732,0.051203397155615456,-0.6151109202654698,-0.07847282955776615,-0.11291076117754237,1.0
-0.7321947114604637,0.1570734450260704,-0.7987709691237024,-0.26324858028830067,0.06616161083376976,-0.5032189206981331,-0.09915279996991644,-0.14896769833373838,2.0
-0.9489717278074079,0.03318755501825456,-0.5697872316149225,-0.009530679183271162,0.06244512374576226,-0.5716318052396515,-0.0887798341086245,-0.13728663227391327,0.0
-0.9645893302827915,0.05141218900580614,-0.48536993501116354,-0.565590994347905,0.10009586038638166,-0.5452409588672774,-0.06791886181999504,-0.16282095899179846,2.0
-0.3471346611435323,0.2942000313652907,-0.5354653129642122,0.6395666205059753,0.5024976706655693,-0.8935695983429714,-0.5810533235017731,-0.4106232068044746,0.0
-0.9769314380310892,0.02025222208577162,-0.5012676985815697,0.08297122303915566,0.07676506501434506,-0.519192444939414,-0.10690942167079477,-0.1564081704575435,1.0
-0.7739977374613174,0.2579260244608355,-0.695699450723393,-0.41376073602838326,-0.01502996497491807,-0.46718309260235796,-0.06771335096424583,-0.17046718158547375,0.0
-0.9699973051533581,0.04019758104548446,-0.5048352910231729,-0.16426774465516802,0.08021480842599138,-0.548633241234565,-0.08176865964057412,-0.16413771072817626,0.0
-0.9067129448374124,0.08966593578794346,-0.6259765840817233,-0.30327335559159363,0.021676723741668014,-0.5704230708331021,-0.11785563377261073,-0.1493818940313798,0.0
-0.9167184211456378,0.15409887195484445,-0.5998112839801806,-0.7671371182357816,0.019087085531374552,-0.5230637442680266,-0.1658124266343946,-0.14622020601845642,2.0
-0.8398456793417355,0.16458958084871184,-0.6237384190656705,-0.7648762694667305,0.02650757247391758,-0.47260683360673233,-0.21344072560786248,-0.1439833781064193,2.0
-0.9506143601427217,0.04913783109559265,-0.49494900674088627,-0.5706550343770949,0.0899462991256399,-0.5445593361009624,-0.0868155904864522,-0.17516185152692793,2.0
-0.9603667379002606,0.05220696646543487,-0.5487471366328751,0.018309792588562107,0.05252220533101404,-0.5350828222404616,-0.13788856724714973,-0.15833081955472092,1.0
-0.9724749993479632,0.003908308601578786,-0.46004733326244,-0.30187455800497665,0.13579598675622284,-0.5791557316678655,-0.02014172648709603,-0.160035895887162,2.0
-0.8771930455809319,0.13482378273245738,-0.5948152156119171,-0.745516268453439,0.0508313781863842,-0.5137880446578841,-0.16654611873140862,-0.14531407823057044,2.0
-0.9650927640241431,0.034544620989165276,-0.49927732448365153,-0.1582041972174386,0.07049719512111666,-0.5113937753109304,-0.1132898502140357,-0.17031793593924754,0.0
-0.9199174179426357,0.034247428579961034,-0.5968871821207741,-0.07091740782247563,0.06453312299491888,-0.5713045862486228,-0.10201075738358871,-0.13231019880544312,1.0
-0.8997736986233463,0.048676246642356924,-0.6394326465546974,-0.15585680267683616,0.04514092311276301,-0.5244066051095431,-0.09065888199095574,-0.14712940424261264,1.0
-0.9208952610638799,0.10323608604804371,-0.5671468310981242,-0.6670282059173072,0.04237766533979286,-0.5341579504257947,-0.14049231595468104,-0.1636943576889519,2.0
-0.9364806308158689,0.04641533929952417,-0.5802027031091826,-0.26548953051847135,0.058195125403369644,-0.5723419509378666,-0.08189887217316547,-0.14993171280894088,0.0
-0.9599207303727724,0.044794988102328355,-0.5389719131012499,-0.0612899777108398,0.056870632855259104,-0.5252377425792641,-0.12219190607738052,-0.15486593708191654,0.0
-0.8934041011774578,0.14346743769546733,-0.6158322975938659,-0.6589018800658324,0.028437918951973264,-0.5439551783400103,-0.1473267132672752,-0.15859240499801788,2.0
-0.9791474337338288,0.021207171332464973,-0.4528472534908248,-0.37322581641926333,0.12358259691410362,-0.5600367720521123,-0.0451261683126684,-0.16376696756663445,2.0
-0.9409661532278302,0.03262362906005469,-0.5637937367210956,0.07752561586580214,0.037802207672620686,-0.5365768421663368,-0.12760351486598648,-0.1613523487761707,1.0
-0.9735418542369821,0.04040010615825383,-0.4714340166956438,-0.3777122723330961,0.11027129524847507,-0.5347574345265901,-0.08008622661543073,-0.1625716522922604,2.0
-0.9614083405790389,-0.013573120078376223,-0.46463667959671295,-0.38696189856167273,0.1521631081930721,-0.5895724903176506,0.00597333638512873,-0.16207551505833787,2.0
-0.7984842543188893,-0.015597347580012785,-0.5971880884270597,-0.6710527087471776,0.05347743365682518,-0.5693490394104052,-0.07616816373678008,-0.19855569685802493,2.0
-0.9316423983902433,0.059034674693145286,-0.6013450307743703,-0.04265202319658254,0.03841164755260505,-0.5511471597876223,-0.11462592042339195,-0.13965356256520733,1.0
-0.9544735122964869,0.032988310546422525,-0.5412701151778351,0.0637657206026645,0.048690443826101895,-0.5386587493210762,-0.10648656545069925,-0.16308500497950412,0.0
-0.9121945157969535,0.1505515976939874,-0.6301398639959734,-0.25845194279524414,-0.001865411577057885,-0.4836169317202915,-0.24219490017096296,-0.1661269195248714,0.0
-0.8811559229883822,0.11579514837947251,-0.7002626421382974,-0.1204713549731756,-0.0055246404906322405,-0.5141978877064028,-0.16510851166573998,-0.14490016063267122,1.0
-0.5395911592607217,-0.08612718250363657,-0.7008349723462775,-0.13553329705400266,0.14174756538795424,-0.6207173101636665,-0.27807758408602656,-0.16414954696751474,1.0
-0.6165706973231234,0.3366801983962299,-0.6441511018551572,-0.2624173142084014,0.02578296927612435,-0.5504408476765973,-0.10448357441842307,-0.24112172350488242,0.0
-0.9284652115417624,0.026438952994848233,-0.5668098843879505,-0.036786876014591824,0.05720327639427508,-0.5758855566145559,-0.051172005795413644,-0.1607388862464409,0.0
-0.9410966248481768,0.07554097180287678,-0.6038217904825153,0.024454825407458525,0.023221355853397962,-0.48969777466318937,-0.15221616163986518,-0.151567095667704,1.0
-0.8698144638344538,0.12559480909295023,-0.653788189135751,-0.12530521034356584,-0.009268942009537998,-0.5435443808629183,-0.16413048478392755,-0.15539274179465748,1.0
-0.9425226037957753,-0.010820319586593054,-0.5189723610355069,0.018308468486397667,0.06277014781292906,-0.5507112337717134,-0.067396825662519,-0.17790040772303775,0.0
-0.951267817257355,0.04221868936332534,-0.5657234473006064,-0.03714558088788833,0.04572726596711467,-0.544869060045907,-0.09350875392289616,-0.15386088123388694,1.0
-0.010024397020122477,-0.4244728365446156,-0.3253715047873778,-0.3443978662482773,-0.23470682634565354,-0.18256563693140299,-0.049591821196449934,-0.4944634015825385,1.0
-0.9251939664777565,0.049686584463598235,-0.5643738727466839,-0.4593190812898442,0.07566088056201514,-0.5794242850224521,-0.07716984383385322,-0.14590120733298662,2.0
-0.9614669165274176,0.03408704006357818,-0.543989759161582,0.05964380089492333,0.0554599915522678,-0.5377620303522282,-0.09854550043206045,-0.1453823838298538,1.0
-0.9226934546005756,0.08885061746669869,-0.6133219484199445,-0.2593085287290344,0.026164557931474833,-0.5499581658772532,-0.14738734419288554,-0.15355066534537284,0.0
-0.8601309584219653,-0.007312924884770963,-0.5855234018731913,-0.47306965290518754,0.07097158373860787,-0.6441376400740141,-0.030600254524713266,-0.15823098951229336,2.0
-0.957583671965353,0.05946522923407575,-0.5704766772871505,0.04437540700552714,0.03336851447624831,-0.5171767969724755,-0.13724258615783486,-0.1497643379669077,1.0
-0.9598107054152988,-0.0038252864904938094,-0.46616381360767484,-0.3595397387374031,0.13708986350691607,-0.5899168440126256,-0.02443751394144865,-0.16701090431641558,2.0
-0.6006448593941113,0.5648412571072956,-0.4402200263051663,0.5427882075517555,0.11444488649249052,-0.7701637950880189,-0.03466051809637956,-0.34552101863949225,0.0
-0.9027802075752426,-0.020980217573213195,-0.579889359417495,-0.06636669467702144,0.07346696333098038,-0.6214621736796491,-0.02299252828855093,-0.15833978247649072,0.0
-0.9438412404696755,0.03453896612387786,-0.5403829563147501,-0.33107470875456113,0.0767686080491599,-0.5632573736822478,-0.04622108802796774,-0.15461642497067563,2.0
-0.9710623638427336,0.05179316855111878,-0.524113955203559,0.05355698041279794,0.0462309562040536,-0.4871357723303443,-0.1524075893902616,-0.16886513271819512,1.0
-0.925705108554939,0.06284207578159111,-0.5220987169591013,-0.6955750527579521,0.06793434505159912,-0.5509111544729388,-0.10204777493471102,-0.1779925429102349,2.0
-0.9438002121751808,0.006819558815164002,-0.5536443637647567,0.1603665916374798,0.07594051498332549,-0.5725314047492877,-0.10073190110191346,-0.14186973564639926,1.0
-0.918835847344562,0.05702105832193476,-0.5696201978866047,-0.043969001803795565,0.026039798431567472,-0.5498811595132737,-0.0986512773120169,-0.18217995892266886,0.0
-0.9600468755418048,0.05498899349979444,-0.517145271125266,-0.5551502434531972,0.09554189112215272,-0.5700347357338688,-0.06294096074214026,-0.15276189562272244,2.0
-0.6913939259836305,0.32462113498119366,-0.5260236207125129,-1.0,-0.020317660826367365,-0.44043781240288166,-0.2835891634606147,-0.13328269023019335,2.0
-0.9609385589653532,0.05734727027696982,-0.5406999151332639,-0.009938629257047443,0.04349882779957807,-0.507556264066533,-0.14592346370154854,-0.1594421585729535,1.0
-0.8906378349447258,0.05827067931819284,-0.6327065710369819,-0.41036689539048765,0.05471172963166078,-0.6058957594340756,-0.05924703680204239,-0.13785427156729596,2.0
-0.9636963176314529,0.025302917956584303,-0.5245335687472549,0.1160262328307507,0.06692380763300763,-0.5348870587647901,-0.10601276149203206,-0.1572152405583853,1.0
-0.9516581562541528,0.07067587231618902,-0.5622422861636653,-0.0033415027043547374,0.025505503663345447,-0.4959519492850081,-0.17505195267103058,-0.15319452506864445,1.0
-0.9648513327167432,0.03389794091176975,-0.5388570065689529,0.06541679533213146,0.052739281318933386,-0.5250009262338908,-0.10445163885790645,-0.15206577991524925,1.0
-0.9607270853168307,0.046171185730134345,-0.5324213899395289,-0.3421561845415819,0.07748050025063528,-0.5601865706116987,-0.07377457391058853,-0.14434942118437258,0.0
-0.7372782274825789,0.04092806906772969,-0.5808317725000633,-0.7652911300533137,0.1495498896592311,-0.5036538348042415,-0.25589600104350035,-0.16286962140364067,2.0
-0.9741520145659213,0.03775429336320793,-0.5029976353957704,0.01662637672652595,0.07394129097120734,-0.5108514670160578,-0.12511787329508095,-0.15858064893290952,0.0
-0.7934410560431024,0.0033682767295126273,-0.634329136453331,0.07901447800462091,0.07402878813455367,-0.5243248188270848,-0.20653972855906105,-0.13486710081728417,1.0
-0.9842029947613036,0.03239556951212468,-0.49064104153401034,0.058347731688026316,0.07650921992856193,-0.5191151939314087,-0.11961453456198089,-0.16472478897217568,0.0
-0.5592294334163254,0.08322014939096331,-0.7523586094633699,-0.6777475869495806,0.12944592836551494,-0.5368212538329332,0.04342598485703167,-0.14863621419922968,2.0
-0.8672783110554823,0.03468958519574455,-0.6921496214328927,-0.039087880165956795,0.023999115517661936,-0.6170792578731616,-0.0640919651383916,-0.12347423253067676,1.0
-0.9542318683299783,0.02396195815187633,-0.5354853220682566,-0.2606907030384786,0.09350417748227237,-0.5691325372838595,-0.03389260832525279,-0.13983491374238166,2.0
-0.7244369866643405,-0.08593672519353496,-0.7224816167514178,0.23236262333125446,0.13490172825029734,-0.6703490186556118,-0.12597021969559397,-0.1053780536556681,1.0
-0.9305657672219873,0.07893774061002432,-0.6181378068452528,-0.12096189751186258,0.03106094361796825,-0.5530297033039812,-0.1244831307455417,-0.13290129795232408,0.0
-0.9041505140667098,0.030083792704570986,-0.5660805268934251,-0.21876020843668165,0.06443907722413668,-0.5840812434097784,-0.14721896227607698,-0.1541545261944634,0.0
-0.9323110889184082,0.0941764828113408,-0.5508803537061111,-0.49037740136044866,0.06017601753382733,-0.5442058494539973,-0.16101186748404528,-0.16601381295549708,2.0
-0.936642792586905,0.036826937951823374,-0.5421934762916196,-0.42183828992695505,0.09416879561243871,-0.5780970518087358,-0.07746286690795891,-0.15563099781811746,2.0
-0.9609197632331088,-0.0007997754705281954,-0.46066864189060286,-0.37842121227124,0.1423418098349632,-0.5730292955446177,-0.0342108310933138,-0.17183631627847373,2.0
-0.8557154358923836,0.15693879373409764,-0.6718662788952792,-0.01699913973225975,0.023693418938880766,-0.4593409403289552,-0.20039027314374988,-0.19197989016308956,0.0
-0.5274133847277229,-0.2938453291847641,-0.5772249864228247,-0.11723411642120467,0.06819426085589458,-0.720200640980177,0.0036176986033287367,-0.18215859018735084,0.0
-0.7150966002424131,-0.1429476477154314,-0.6240407627034873,0.04893777375153818,0.05008446084312551,-0.6253587224837285,-0.16007357286378585,-0.18462508386937557,1.0
-0.9742575306698366,0.03595500033408938,-0.5091227180684404,0.06991955613409095,0.06472460360388992,-0.5115654655786351,-0.11542039596408665,-0.15702388872234072,1.0
-0.9462214812197495,0.010844805038698349,-0.49745704870944984,-0.4619055636838458,0.12421432477226046,-0.5793655913723158,-0.04847814264300758,-0.15905538366424338,2.0
-0.9745268207405952,0.003079017452528962,-0.4868381390994646,-0.09541720545806788,0.10666296185644975,-0.5686035351131444,-0.034238587092249945,-0.15773022036065104,0.0
-0.8847411644682298,0.09330361374129573,-0.6199976858699234,-0.48821338724769553,0.03444505770960845,-0.5752117248040686,-0.13270067354217288,-0.1449775265250476,0.0
-0.7117358493651137,0.08936995297620176,-0.7931836627340356,-0.11295100546801,-0.000914400092309961,-0.587368272892032,-0.004602992891784924,-0.16256054384021776,0.0
-0.9287861831950701,0.06715935854469214,-0.5638347741909124,-0.5001672267851518,0.08423503165294866,-0.5489938934625151,-0.09380117013137763,-0.1505645901534596,2.0
-0.9721176784210701,0.056727756296356714,-0.4959824496324606,-0.3813991329364647,0.09986570409908152,-0.544359941346786,-0.0828623936344598,-0.15457200869399956,2.0
-0.9416678177311751,0.11026914605689843,-0.545337074140719,-0.680958162098708,0.06328096749776525,-0.5142156491956079,-0.14389792500622395,-0.15562182193851468,2.0
-0.9486039428077842,0.05836157079887931,-0.5822793488546729,-0.060926060243467306,0.04305959170689748,-0.5508810877145989,-0.11077593213299691,-0.1384033111038869,0.0
-0.9348578648608805,0.0390747077654851,-0.5860304707394997,-0.018229701823318595,0.04407771994959952,-0.5358730922620457,-0.11900224274892862,-0.15375242061404218,1.0
-0.9160675074353345,0.045397832785722264,-0.6211306424927799,-0.06718818509947763,0.011623199819831578,-0.5721769664601174,-0.1067125302791516,-0.137103208305427,1.0
-0.8643549147184302,-0.04369935644535286,-0.5644590746203627,-0.3723085044567232,0.0932467079961988,-0.6537034969692032,0.04215721874891065,-0.17397461406697132,2.0
-0.94602540859212,0.05947488782606761,-0.5348838499687384,-0.6129359555878737,0.08520017849662864,-0.5611344504803983,-0.07034826226630833,-0.15490435304258293,2.0
-0.9608944884597931,-0.04054479495289198,-0.48835956853268836,0.07045918194347511,0.11578682456000547,-0.5856103701088831,-0.004926344515618353,-0.15593272445767534,1.0
-0.967243526407889,0.017187983931215647,-0.48088039410269023,-0.25259005616596447,0.10002720355708139,-0.552827288944142,-0.07181085957133194,-0.17167469778434832,2.0
-0.8931983444513992,0.00563858442101095,-0.5967148317097647,0.03119085302811822,0.03341853188080996,-0.5747235042014357,-0.1479932025328304,-0.1706245467943471,0.0
-0.9837985474215851,0.03287583277820017,-0.4565671461211841,-0.3405236305146022,0.11697861500065979,-0.5449844738958144,-0.06209833644739686,-0.16172414425194181,2.0
-0.8592347890249383,0.04966407151978712,-0.6661872491358172,-0.5580067389407721,0.070013298161741,-0.6416214474853842,-0.035363375722254856,-0.1287176339392501,2.0
-0.9642143453586711,0.020566613011605218,-0.4778263538164259,-0.4260796462375349,0.10257752750061752,-0.5489436822706304,-0.07166285163670999,-0.17752522471017884,2.0
-0.863001162392563,0.03388847726594308,-0.6159401181030382,-0.5562510403074696,0.062270229134425245,-0.6389274048017366,-0.04075749364872535,-0.15487824771734454,2.0
-0.9376983282241466,-0.009156692631546823,-0.5095117647676864,-0.43204247805926566,0.1214126398882919,-0.6066115615233628,0.005946330383533413,-0.15879037593133996,2.0
-0.9308689752677588,0.018109182851603397,-0.4958181566926848,-0.4865410789145918,0.08767107964027404,-0.5608781561907338,-0.07879566269993643,-0.19730140630152046,2.0
-0.9433140526189805,0.054706721480637203,-0.5099401705267866,-0.684698068376101,0.08948153520452261,-0.5478180333666214,-0.06647493424248893,-0.15639639099211936,2.0
-0.9579275658287619,-0.01809763869085146,-0.4573696110746323,-0.36018311075497284,0.1540417603763286,-0.5914682204817058,0.0012482256808092201,-0.1691828223976666,2.0
-0.8718769343851669,0.02304529614477638,-0.6573350557114884,-0.30129153712828743,0.04105822805466917,-0.6332351572692407,-0.05166754350702994,-0.14539828057069173,0.0
-0.8686149476566499,0.05137664448925008,-0.6850436818681896,0.11524886859131561,0.013851869143472272,-0.571871319767024,-0.11198567041507619,-0.15024975869985568,1.0
-0.775849175327805,-0.01172576307609973,-0.7323538323253129,0.005067839909081495,0.056930183293061716,-0.6025989808886124,-0.06867380972764456,-0.11789102109807392,1.0
-0.9492022950850614,-0.022440040916256093,-0.50388303078821,-0.0577410609441536,0.09829975774267824,-0.5739581241836876,-0.0378062582612224,-0.17024203181835829,0.0
-0.8490429138571164,0.025988356708443624,-0.6862464672647522,-0.06912528206485752,0.039501340832430745,-0.5540453571238566,-0.09076876684316508,-0.1347363709119242,1.0
-0.9211420153080597,0.08771740248287174,-0.5732204431896477,-0.5863896125924823,0.06440107190577775,-0.5614770945017991,-0.12522633288043022,-0.15183646071373266,2.0
-0.9702355561396293,0.04125256169934406,-0.5130241669102489,-0.11451459449419789,0.07023013433106332,-0.5189845638451525,-0.12237125130654303,-0.16155402751353193,0.0
-0.288839322439042,0.41332465807106966,-0.34582427869701227,0.949548986906806,0.36375065139539475,-0.7873347128640507,-0.3099090810442731,-0.4124201277000588,0.0
-0.9456157185928619,0.027644425506136435,-0.5080373803937132,-0.3555867672458687,0.1042369969801879,-0.5511826459511012,-0.09376525097296258,-0.164424121138969,2.0
-0.7594336435968261,0.12425754221707726,-0.718273964234111,0.06207339805250528,0.029436242777130153,-0.5343462328768834,-0.12180108017517544,-0.17090471616438913,1.0
-0.9541480734258233,0.03411396654600066,-0.555202241970976,0.034718114913205006,0.05481636407892588,-0.5446256182071066,-0.09587386200636536,-0.15311669858869847,0.0
-0.5539513982704827,-0.17180158797823522,-0.5892531502378949,-0.16614436129445925,0.23817500799074867,-0.6928661691735256,-0.411600830143731,-0.14594189570523827,0.0
-0.943464645220986,0.0002582837224928275,-0.5252686921060445,-0.2600417333296119,0.10290312860436229,-0.6119396664094039,-0.021359772015267953,-0.1635499422285409,0.0
-0.718925150742906,0.18705185550074754,-0.854181312037794,-0.19693393105424445,0.05218597400933842,-0.37051324485510573,-0.018627051140519865,-0.16058232045182225,1.0
-0.9023394239523505,0.14682635997846383,-0.6521609503017267,-0.15540795035324828,-0.007773747037884485,-0.45974447956328723,-0.21069096843179816,-0.1658797403533642,0.0
-0.9683087022762159,0.004167880724744992,-0.49739306904195374,-0.05753140720550168,0.0880700573907934,-0.5414577671327941,-0.07197461579440706,-0.16716942659396838,0.0
-0.9090250083297079,0.052584300166148304,-0.59903582921785,-0.48348446925234884,0.06828965340242156,-0.6179675335987249,-0.053589130075671294,-0.141980864470733,2.0
-0.9762539761057236,0.03169724578062578,-0.49279635068014477,-0.2706344174952626,0.10883200275201839,-0.5624905246770605,-0.038184484073073,-0.15476292357299218,2.0
-0.8659372147329708,0.008793009044835536,-0.6607902865412779,0.10743534893389889,0.030676907560477723,-0.6016439454703348,-0.10283265851381912,-0.14416529966727337,1.0
-0.9734294876895233,0.02326704402919381,-0.4957387566949926,0.016188878351419994,0.07547112853353674,-0.5289502041518089,-0.09614925570908456,-0.16551212330765402,1.0
-0.8976070828607239,-0.015638457634732067,-0.555495679902268,0.08108789481089962,0.06419607234248617,-0.5828180583938732,-0.0772872493316975,-0.1699371315919988,0.0
-0.9658687289241014,0.02885480896323945,-0.4756949784084799,-0.511079718106763,0.12060836780517384,-0.5557712661293991,-0.05812057171615977,-0.1611065163672119,2.0
-0.9543986324096524,0.059921317835784,-0.5644022294707488,-0.011550478839379014,0.044332343693806286,-0.521861942889972,-0.14438213299911895,-0.14961804153438837,1.0
-0.9477894254632805,0.07067543697281296,-0.518359367168381,-0.698861569571491,0.09069261130712905,-0.5546697197945156,-0.0868051987175814,-0.15526499181401301,2.0
-0.9156337513194792,0.05566230282770121,-0.6135941461372986,-0.08878324804807947,0.022956524920181166,-0.5796906133697055,-0.11341322848832458,-0.13377396282235143,0.0
-0.9717353040948454,-0.01832673572910007,-0.46248929311428544,0.06758147485113158,0.1040589500146733,-0.5603783376733776,-0.0534589534205902,-0.1787944600832615,0.0
-0.9714797331964459,0.02488245762205486,-0.5108092079471774,0.01647259327626832,0.0738828052037718,-0.5308313037870603,-0.09683638663328639,-0.1558396093292826,0.0
-0.9821355423998531,0.03613324680783992,-0.46463146016237555,-0.5154654578126058,0.11429803004461572,-0.5382095712633113,-0.05499369167210098,-0.15804342267716834,2.0
-0.9674648428050154,-0.023541386628380095,-0.4855729280260794,0.12818772673773893,0.08610707344032704,-0.5532088691307226,-0.053281570091878235,-0.17276043451469197,0.0
-0.9176616988073754,0.08282387127535534,-0.6303319863975537,-0.062024017546662646,0.019591946946610747,-0.5293345751376669,-0.15231538976494863,-0.1475461950925817,1.0
-0.9621986973726452,0.05808274951585119,-0.5260272549685083,0.023973212125180082,0.04522563400024886,-0.5048803966190136,-0.15462561085857995,-0.16490597385174968,1.0
0.6128875594366832,0.9468852039719766,0.8273264559667051,0.8286574767428595,-0.4469361766806079,-0.46386061350435603,0.43181959801352865,0.18978329209021588,2.0
-0.9631108937505165,0.03233490239169364,-0.5576703220799896,0.06311722712548101,0.06233351619330392,-0.5332552281368522,-0.11085670677066713,-0.13979033121145015,1.0
-0.7902243544271497,0.02021157617504806,-0.726205645808506,0.06348075406551967,0.04535956660607139,-0.5093204847861043,-0.10041966781351794,-0.14553819668370757,1.0
-0.9668489264677684,-0.001148700355034088,-0.4490270892018714,-0.3634597408859428,0.14002134826950907,-0.582076314607693,-0.019356552876047567,-0.16755873377802102,2.0
-0.8792909213569732,0.058547917162772536,-0.685218269710143,-0.01005772679735184,0.023074416780110296,-0.5228777683705783,-0.11993770841539104,-0.1375099897348389,1.0
-0.9587319968069783,0.05603051638069042,-0.5716092717974248,-0.05140265424918211,0.04581420275963212,-0.5217730720021316,-0.11218593769252831,-0.14500835743170884,1.0
-0.8479132582094088,0.08078838291588392,-0.7058555509581672,-0.2783776086116827,0.025922970673178496,-0.5003547391626686,-0.10920860592886845,-0.13967195394269316,2.0
-0.9831554540288543,-0.01050472741051972,-0.43752600861704766,-0.34793681307098934,0.14875078947734854,-0.583268523649995,0.020931188057363048,-0.1677866156424685,2.0
-0.9463919945760365,-0.012260828505348507,-0.530553733509711,0.12311670093325394,0.07319726312678897,-0.5702448997825442,-0.051203571480001785,-0.16137161765260788,0.0
-0.9073294467907927,0.052912076562262975,-0.5680294694771254,-0.6297057157914436,0.052945617382886626,-0.5841166634810911,-0.06676846450280209,-0.16603323447240068,2.0
-0.8466079208308785,0.022832671026688085,-0.6392353436579339,-0.014398812893007262,0.02827572561087073,-0.5754845755823348,-0.1503386625845256,-0.16981477882875948,0.0
-0.9297080242262403,0.1227009771538864,-0.5692308343019316,-0.763735797990532,0.04792146714972015,-0.5383715769394428,-0.13607987687995662,-0.1538647789538976,2.0
-0.9828772976348576,0.02123533971558144,-0.455832254120254,-0.3595656544107112,0.12534090011077284,-0.5552159968674888,-0.04118088281614569,-0.161736612979781,2.0
-0.6826210883213488,0.42485514392915197,-0.6170529566921963,0.1130964492806662,0.2450556212605518,-0.7254779193416975,-0.28283413534544577,-0.3427307539532685,2.0
-0.8433786476199139,0.045238484829709796,-0.7443198005266924,-0.30305709284209936,0.00500643985227555,-0.6098372129086383,-0.017639386261159712,-0.12550896887420432,2.0
-0.8805806627105853,0.030540266029205513,-0.6343572205826383,-0.01362369330821242,0.02062195633972104,-0.5701225234723574,-0.11507453317465562,-0.155714696874124,0.0
-0.9611378027967377,0.05615778362258724,-0.5610296745440643,0.04849486305957079,0.03411611881877569,-0.505393030562406,-0.14841555232311976,-0.1514139632913867,1.0
-0.8447411770000546,0.1765963745878895,-0.6836327994290413,-0.08562545149534274,0.027237962057105013,-0.5309313546439149,-0.19500762889391932,-0.1741193426277743,1.0
-0.9744215102709688,0.032107247502541764,-0.48111459846572463,-0.4407270417914619,0.1226756259293617,-0.5849088441107039,-0.018396818428934633,-0.1541075792333675,2.0
-0.399961528168238,-0.3252416870262326,-0.4961581699665698,-0.7895000520905995,-0.04634231117933783,-0.59798164987723,0.12787420327667562,-0.2871426700523121,2.0
-0.8686029580852859,0.17643201362034855,-0.6509198744335418,-0.7251838121717257,0.016321839293235954,-0.486913519684923,-0.2098519540224214,-0.1777116466864536,2.0
-0.9160632398592844,0.06681645564638748,-0.6094942357189428,-0.4277755297251329,0.05957689377930591,-0.5752793193015429,-0.07584068719681432,-0.1368451425961815,2.0
-0.9394275159900969,0.06169763342479059,-0.5474054042051715,-0.5075549694182575,0.07039178563105654,-0.5732237711315564,-0.08474438092741712,-0.1500872057950375,2.0
-0.91294120855406,0.09997087479661333,-0.6301686361521067,-0.21496911432461516,0.025293237845103858,-0.49570478590181566,-0.1479044439802913,-0.15713312756892167,0.0
-0.9658951210215173,0.03638400363207569,-0.5539999498945687,0.10081336383932854,0.05574851818400261,-0.532047308634317,-0.10639268185859539,-0.14799849468507398,1.0
-0.8582360741089398,0.04068597424358905,-0.6662419087848229,0.008491398733097816,0.03590043041316571,-0.5810813787870925,-0.13533285136940365,-0.14590775596105335,1.0
-0.8497469731121097,0.006020498137069154,-0.6501463495326928,-0.07548336757677349,0.05044377954171318,-0.5958833826915644,-0.02201766850473899,-0.16503887773094655,0.0
-0.9808386141026914,0.0215009976692299,-0.47884460083594294,-0.15066641125361693,0.09940040586535978,-0.5356742518523889,-0.07187027824630537,-0.15921379715011744,0.0
-0.9325579468365801,0.05851603582259774,-0.5584726925752064,-0.5115992903698764,0.06828798049166585,-0.5695954663289641,-0.0788600305322783,-0.14256333814533184,2.0
-0.9689190220591376,-0.011659647940456153,-0.4883025768949749,0.10562776477046082,0.0837743330760656,-0.5533487565969291,-0.059680617776369745,-0.17228161958748564,0.0
-0.9605846028460233,0.04428485146090554,-0.5508163125712543,0.0024717606369081824,0.05266384218846306,-0.529475697746666,-0.11063071604087192,-0.14540577940188806,1.0
-0.8462564889790094,0.14634374916356233,-0.7131633036039046,-0.1721198463900654,0.030150788154582588,-0.4927077111655953,-0.13533928343568813,-0.1453497607679717,1.0
-0.8628259299775606,-0.03752704994349271,-0.5263775349648201,-0.42135092248410055,0.10147422378551471,-0.5930539587383844,-0.029132547589452953,-0.18353024495106413,2.0
-0.9534860401713827,-0.013893496180332705,-0.506543946275582,-0.02364322419601006,0.10136630351609047,-0.5711177160278647,-0.031101796951704383,-0.16662820073365078,0.0
-0.8122202686104094,0.13101005450091235,-0.6689938206437297,-0.3699734017821776,-0.002453885206242762,-0.5501358428676806,-0.1935392547818852,-0.16604980909780476,0.0
-0.8501326958164792,0.1455654958741961,-0.6077883688658273,-0.8127365173389268,0.06396932028123074,-0.48190456946588084,-0.21256395269502032,-0.15151083679869037,2.0
-0.9267469981748632,0.024192811556831256,-0.5466649149490634,0.09002580386254533,0.04482659207452844,-0.5396294626104642,-0.13300965174408602,-0.17566690413750605,1.0
-0.5321609108473069,0.07508534719644541,-0.9954243839959676,-0.28376946187636715,0.20733690140096517,-0.340840896909429,0.18593493566300268,-0.06419884303514384,0.0
-0.9495770771796395,0.008102952101640179,-0.5264906918269544,-0.1117114101426733,0.07649906871889212,-0.5786899123786574,-0.05057793956427203,-0.1673704144756762,0.0
-0.9730331939567535,0.03387691676367227,-0.5300730360642711,0.04551733166820493,0.05896540064136208,-0.5310948547591458,-0.08621971629811298,-0.1501899253432531,0.0
-0.878175653650637,0.01845408152358852,-0.656214320271058,-0.06762827644721384,0.05542861735308928,-0.6090885408537599,-0.06648084379584265,-0.12883072872481563,1.0
-0.7960945584187142,0.059623539312329846,-0.6401859421238371,-0.6324951181972223,0.05416490767348418,-0.6239615895602573,-0.10056572276105367,-0.14241708919096777,2.0
-0.8054257135014,0.14509686449509013,-0.6744881642013502,-0.009557507409895388,0.05285457482378091,-0.5729514687397508,-0.26844640210195536,-0.1779819434886313,1.0
-0.45398441808920725,-0.04530434281070039,-0.7125347572097498,-0.21365435957733184,0.011127447896333513,-0.5316195770539685,-0.18727166494590475,-0.06700997761628368,1.0
-0.8170935751402401,0.2595270246301723,-0.6267756152434697,0.009175901698186356,-0.0008553827317112489,-0.6071066541356334,-0.13721572883327907,-0.18005692384522273,0.0
-0.9796338700770977,0.022308619830278674,-0.46487551342598593,-0.3302180645368586,0.11330342366494757,-0.5619285747838757,-0.034466215137179235,-0.1615685920986989,2.0
-0.7521887679436892,-0.14503313411753696,-0.46656651969460017,-0.1535611742775731,0.10219286474528083,-0.5293321026718658,-0.17572161939862863,-0.21948232923018066,1.0
-0.6365798077147556,0.028324717521826883,-0.7344686626226112,-0.765692947202902,0.04020506042130387,-0.5959126993695545,-0.044022207273976814,-0.14645814164904042,2.0
-0.32851495104970274,-0.3427478257256171,-0.7255902178272018,0.0727564975617414,0.24776853321046258,-0.6479012280581044,-0.07727090049142016,-0.060789743084349354,1.0
-0.954016888631944,0.02960183964364996,-0.5625788759886362,0.09591506488583934,0.04283932068198433,-0.5440022146676844,-0.1114471108036978,-0.14486780685164782,1.0
-0.9867543920722986,0.008160895086696242,-0.46107350190014995,0.1512315351178003,0.09356382853264558,-0.5247806295412522,-0.0902477263113653,-0.16638042299410902,0.0
-0.9207555473454507,-0.012765079473860276,-0.4984761754191955,-0.5302417975093274,0.11296027298799464,-0.5987279806063857,0.0006478740164585078,-0.18019555435640244,2.0
-0.9601630813921901,0.021075245073098374,-0.4951744851871352,-0.3935150770348334,0.1016768038515343,-0.5764432168757082,-0.033998886440902404,-0.16063477705493787,2.0
-0.9059993695887689,0.04963597521873208,-0.6266207629813262,-0.06927181563908463,0.03650024058454577,-0.5694094682919358,-0.0958559010983211,-0.13844941414349193,0.0
-0.778849591934649,-0.0459963165486373,-0.6202525924093794,-0.2569751270823652,0.05918190107538829,-0.6370883520546574,-0.08265394883636383,-0.1679744233400053,0.0
-0.9326800871594022,0.1006652948384919,-0.5719704523489386,-0.27324246313853456,0.023170111498167036,-0.4784502909505984,-0.21403294327463296,-0.17474343841373663,0.0
-0.974774499019962,0.018785398047229115,-0.5101317045842063,0.06833237005467652,0.07436173358081521,-0.5425495021739308,-0.06785972495180895,-0.15321746935875008,1.0
-0.9718111178330342,0.020675564510394373,-0.4841197803337229,-0.35355190612710463,0.12146603332148594,-0.5896268835701947,-0.005169804420677812,-0.15675795970535666,2.0
-0.9152292401783679,0.14631898264319487,-0.6123696114143209,-0.7488269710390318,0.025354508295387948,-0.5354668467637469,-0.1606841585138068,-0.14513291649457621,2.0
-0.9355965307542201,0.037130820237162784,-0.531110098465234,-0.40401195385111355,0.07506011529431265,-0.5762403359042318,-0.07957359670571629,-0.16061418311803588,0.0
-0.9519801065343798,0.05539583025303725,-0.5218189884652027,-0.5182482511393247,0.08583575074535471,-0.5330703641901231,-0.11792727100834569,-0.16647955508738388,2.0
-0.9439651412804703,0.02370908447129509,-0.5561102923825507,0.10361302330837246,0.043259832006136326,-0.5494685834077728,-0.10122685835092678,-0.1639419521592076,0.0
-0.9668278130385247,0.02762722288843037,-0.5411166639800096,0.08709759717189036,0.06010583451427916,-0.5364089547323361,-0.10482599307153741,-0.14989539141017544,1.0
-0.959260256318639,0.006185852280551199,-0.49835978530107616,0.05439287304498969,0.08342117647552486,-0.5362267386835927,-0.11337190936615363,-0.16679000034870278,1.0
-0.9272054288655496,0.07923841209401808,-0.6265694698181135,-0.06184028376398015,0.022015265402708706,-0.5140274601473304,-0.14736543082601297,-0.14320449358788465,1.0
-0.9221811987396068,0.09574433179623967,-0.572384709134551,-0.47822411626148503,0.03168706963281959,-0.5394882383942091,-0.1639883598859145,-0.1540278134296774,2.0
-0.8151483154881504,0.08475386390772946,-0.687236603507213,-0.14848172886139682,0.00893901828247596,-0.5557423304604179,-0.17501179173427184,-0.16084427347332317,1.0
-0.7008409320659709,0.05926173739451808,-0.73010592430512,-0.21106399585071908,0.031780363564345146,-0.598752106877612,-0.16385616271305808,-0.18188448122550682,0.0
-0.8386450033100744,0.13091336969330689,-0.6354291923388253,-0.6622216363460314,0.03321264859078804,-0.5480788194481673,-0.16697286224037683,-0.16147876137583794,2.0
-0.9409278854564934,0.10667801694274631,-0.531901270214383,-0.7639150900091354,0.0643772149271499,-0.530006140319287,-0.12166098871639983,-0.15709335657781173,2.0
-0.9636461246051805,0.01237810934949908,-0.4880473546219687,-0.3645838595647271,0.1193223617344486,-0.5802482875785943,-0.023878882997056303,-0.1609472199451325,2.0
-0.7956523508614008,0.10376821629892752,-0.7579244977007817,-0.1453637785062326,-0.0016959614574892506,-0.4852695854059925,-0.0965744763697181,-0.14146483394384848,1.0
-0.8897715921230359,0.07719123354825053,-0.5978229470262122,-0.4843228619541892,0.09072598467969427,-0.4711898748963515,-0.13856389294527954,-0.1666514137679431,2.0
-0.8873204386904382,0.010101012107492258,-0.6013252390514512,-0.5368314582566458,0.05197899763213561,-0.638975481021546,-0.0023124272923628203,-0.17149218634238955,2.0
-0.9721978563600502,0.01601698195753437,-0.4708853959679484,-0.3138247954154848,0.10962653864024033,-0.5546237170383875,-0.07190553492286829,-0.16778336657111353,2.0
-0.9847569111761191,0.04407283585920734,-0.47558683561951054,-0.28263613011682764,0.1033439650387262,-0.5103692452568249,-0.09112415609781314,-0.16162640860319882,2.0
-0.835959038881186,0.15065197175481793,-0.7140112406013862,-0.1281437252750783,0.007961241952071652,-0.5027891964641292,-0.1855287233011283,-0.17185195778656384,0.0
-0.9175850293480032,0.01993086514204335,-0.637874893279653,0.032189312092988615,0.042675043289437345,-0.5975953846639408,-0.04645021278803418,-0.1308257720782772,1.0
-0.9139040721630216,0.11797806056912882,-0.6071759178277519,-0.11906996030461119,0.024512742751660946,-0.5284000862917404,-0.22025086230173493,-0.17144952324651097,0.0
-0.9566920036148735,0.03875253482910628,-0.48038184303834497,-0.6391003505860045,0.10190901845654127,-0.5498680061462039,-0.06684303307626234,-0.17467474168709043,2.0
-0.9885739828244922,0.023086973874412095,-0.457991196166506,0.0439258958250788,0.08428794245125272,-0.502358391771631,-0.12704012589775965,-0.17224466063576246,0.0
-0.9677269721543209,0.0376092083702819,-0.5479489662761852,0.052701735309403086,0.05854245536669094,-0.5297576517324929,-0.10136035379062579,-0.13923473992675556,1.0
-0.9397880801427789,0.050053664535641106,-0.5162877605764908,-0.45354022891109125,0.08000427358483704,-0.5642250443566039,-0.09093715559422497,-0.16039085616627968,2.0
-0.9446725409315729,0.0358211263148974,-0.5185482635010178,-0.06839132883067886,0.05369743036281158,-0.5245285889397012,-0.15260920903314612,-0.18212480193951344,0.0
-0.9035193046575426,0.1080946313441749,-0.6505679363101743,-0.16242193096760202,0.003947954578371549,-0.5364936873498481,-0.14010959856993685,-0.15827760346619807,0.0
-0.9279639866359498,0.07981930012988127,-0.6373220150542569,0.029980358569715954,0.011941609517360563,-0.5340656777096712,-0.15446602712464197,-0.13960920236722674,1.0
-0.9533049018605102,0.08880195558615099,-0.4999397568268655,-0.7182460393878554,0.07861011039373596,-0.5098423921663684,-0.139979831297923,-0.168891067314101,2.0
-0.8631473698889707,-0.011009645164748949,-0.5859849421364783,-0.12133201505214529,0.05139372373026601,-0.6409613577974527,-0.08706117293277504,-0.13642445344447343,0.0
-0.9437255170383353,0.08662384032487655,-0.5961489501684146,0.022519088086826372,0.013683825934838051,-0.4942740342776954,-0.1827082188655616,-0.14895081148756825,1.0
-0.6508295212699035,-0.0744505878069609,-0.5966224683949155,-0.5209510603345269,0.15739347653946467,-0.6338895933402018,-0.14129112531274982,-0.14259964599814134,2.0
-0.9721576611897766,-3.8794113925433305e-06,-0.5053961077894724,0.03241985728609528,0.09004679780034108,-0.5564825768933251,-0.04327286036384001,-0.15710483597449587,0.0
-0.971704931768626,0.05416587354162657,-0.5368847329171733,0.023725437017106082,0.05118445167778407,-0.5115745573075805,-0.13183190994003818,-0.15347084247877946,0.0
-0.903105653400773,0.028573671450649023,-0.5346306185248276,-0.7020058659719871,0.08824385632256934,-0.5745957790449651,-0.06528683286629461,-0.18138136323309895,2.0
-0.9802321481074736,0.030270797498283607,-0.47036734399361974,-0.16127604086957625,0.09892781438384551,-0.5272990055872285,-0.09250296591527046,-0.1680555988752447,0.0
-0.9817160773851914,0.025106392363168886,-0.49059411149398474,0.09128821081161476,0.07148713117920154,-0.5086448352174632,-0.1280014595976876,-0.16525229983108153,1.0
-0.9634553605062017,0.03545086996981209,-0.5394220673425232,-0.15712672486062484,0.07215881949121922,-0.5474711161709878,-0.05844137164010978,-0.1522509615300108,2.0
-0.45566538917388394,-0.2401999756806173,-0.5286800437110034,-0.8114814848760666,0.1392030888463301,-0.5489495851698659,-0.1690083572232533,-0.19350550725244553,2.0
-0.8936721845129224,0.023648494251781428,-0.6476253478014766,-0.11800655461902043,0.04250824206799978,-0.5919759667131662,-0.03422526422075879,-0.14028587508983545,0.0
-0.9882374780673224,0.02191800699511844,-0.45104193847419244,-0.2894140011775638,0.12212498599937248,-0.5274953375051149,-0.06288981772012789,-0.1653876311706454,2.0
-0.8507987081524548,0.013765764154009263,-0.6582074075504196,0.009302077793230223,0.05370187808636122,-0.5890294862628229,-0.11676756651488887,-0.13955955082094681,0.0
-0.840192224518616,0.16966043072270193,-0.6921919863163066,-0.4040539348675919,-0.040094297715752236,-0.3761984545638225,-0.15621786452104514,-0.17560417172523965,0.0
-0.8720798695712939,0.0772056130936753,-0.6471690996014517,-0.4722437926269629,0.015238488671408014,-0.6059148287408344,-0.08539308814353667,-0.1382228184934529,2.0
-0.7770895720488349,0.08708470501275067,-0.7121532068195302,-0.04004830849286911,-0.0011235232446138305,-0.5791668620005594,-0.0450867906488283,-0.1641232285907848,0.0
-0.9697039951766792,0.009401507596303461,-0.5128288390003727,-0.07922964550942695,0.09375641927448225,-0.5659801376157872,-0.04049400853463939,-0.1581537763756434,0.0
-0.9656836741036529,0.04519233575269129,-0.5603070105412213,0.12371979782001824,0.04569999042766355,-0.5443104426787778,-0.10861050235413267,-0.14855621893664406,1.0
-0.8826104167388261,0.06237443673302118,-0.6652511261781409,-0.161475767672337,0.023367317690997612,-0.5850354313045177,-0.10896519987493376,-0.12972840164004515,1.0
-0.8727804963465087,0.07904401091626591,-0.6529594995174468,-0.25978253477778673,0.02434565216033195,-0.611985572376208,-0.12426939542395163,-0.14601762687837375,0.0
-0.9524148517687844,0.0523312249964025,-0.5513100392643093,0.04590572007304877,0.04833702481723355,-0.5214679570415223,-0.14893961391744417,-0.15543132736658197,1.0
-0.9459144475905688,0.0015141000669092394,-0.5254926978023606,0.04478396480375468,0.05992051023312118,-0.5544948984082071,-0.08147232159615077,-0.17282237989531968,0.0
-0.7896920013429071,0.2417430340363683,-0.5828027143788599,-0.9372440174102654,0.025634265374147577,-0.4426667471112073,-0.2851806714268683,-0.1455127966118234,2.0
-0.9495602510208809,0.07517197158820804,-0.5932590376984883,-0.009349021480778708,0.03138648116520687,-0.5329558012441529,-0.13840658816912954,-0.1438626360832188,1.0
-0.9740780394681869,0.03244902128766977,-0.47868194001915,-0.35114521128738163,0.1123256027649963,-0.5128473014226823,-0.08837850139872205,-0.1708373044612785,2.0
-0.9041395964265421,0.12927259060959106,-0.6238783532262271,-0.3601404772747251,0.006946714405448751,-0.5525491142578738,-0.17165130973695364,-0.16445289205556857,0.0
-0.8928599242537459,-0.0238398471590245,-0.5982119380813897,0.11515526655916902,0.05534095537607133,-0.5776221904825495,-0.08166958727637393,-0.15641645656462244,1.0
-0.842831144096184,0.08288250955224635,-0.7056535576538596,-0.2844099279437273,0.014941946513908122,-0.47510069835672425,-0.07728311356609004,-0.1579581438374305,0.0
-0.8993500449505553,0.09475429822529925,-0.5725030343967713,-0.846601408799795,0.0720021186375118,-0.5772502392392523,-0.09524072342141564,-0.15155481370077484,2.0
0.5075266557170761,0.6229486244517829,0.48259902930407894,0.17078016850969885,-0.27850113730166753,-0.5258636687617446,0.12804226952575407,0.15880741759149541,2.0
-0.9489687405681956,0.0732731186552332,-0.5419582475260427,-0.4096074653829308,0.07616872869357891,-0.49679579439288574,-0.15638957114395063,-0.16500693465865504,2.0
-0.9464279338043128,0.020833853657201144,-0.5672770206738283,0.11018046039311397,0.05278334524624159,-0.5588412365527813,-0.09972270344414473,-0.14954306317014576,1.0
-0.956601137462395,0.04363308838238967,-0.5084546938327046,-0.5480869363041247,0.09389169844180223,-0.561950897245178,-0.0499553047262582,-0.15561327026145766,2.0
-0.8575734923584506,0.03582640815769558,-0.6644334610748066,0.02343057712835772,0.011553968127103208,-0.5703633609315955,-0.10477695234482547,-0.13999896527132855,1.0
-0.7641922834640297,0.07321213059137124,-0.7549716035478311,-0.004473698013496424,0.01559024578280787,-0.5626156095995186,-0.10062484847349415,-0.14572043659022507,1.0
-0.9531811111326239,0.012031115517830752,-0.557363234843697,0.041746286343989414,0.08120961963422589,-0.5722230673946415,-0.0356398682290331,-0.1383895359273769,0.0
-0.9633176480946879,0.011088256215984534,-0.5401263579713907,0.06606896128393036,0.06688254954759099,-0.5489320460026256,-0.07860213411886754,-0.15042818564669966,1.0
-0.8023306112770991,0.1422303141352403,-0.6716760610440915,-0.654412095870081,-0.01695098938711262,-0.5165621908049912,-0.17470736288166888,-0.17064270194606207,2.0
-0.932109397728254,0.0033136763058252625,-0.5419119441199142,-0.0018472517891690021,0.061496348066957175,-0.5728259015918745,-0.09638827686146972,-0.16735799906326818,0.0
-0.9805885730277962,0.028869194865699246,-0.47513321579331713,-0.37085434285503976,0.11768478416069,-0.5695791968017921,-0.028550803352404938,-0.15872362773451382,2.0
-0.9475509915190052,0.08445046256827016,-0.595523526340379,-0.05891834742185023,0.02558582286474738,-0.5201401680131783,-0.15955399169232257,-0.15690795101788374,1.0
-0.9827829602911502,0.009962709481638299,-0.47837863947443726,0.11367378096538228,0.08978035632170457,-0.5266673572138728,-0.08954704296361667,-0.16025935041761452,1.0
-0.9458718030744429,0.07045556663908673,-0.5831056920549279,-0.1583842857206967,0.04294476412718633,-0.5299627882523831,-0.12609837022626708,-0.14603543498383026,0.0
-0.7107071631534643,-0.11156441646550294,-0.5694770869648018,-0.27759536517699346,0.19076897840107637,-0.7409144554260382,-0.04483430051614065,-0.110849146366057,2.0
-0.9575654406161606,0.048295004785392955,-0.5563647020805542,-0.11572109905598639,0.05603173881597282,-0.5387108811687106,-0.0928205612867033,-0.14700583600985645,2.0
-0.7066842989343354,0.10585217112468048,-0.6141509821697927,-0.8516966873228144,0.055246855775553244,-0.5678229410065623,-0.24860487589602728,-0.15243998023672473,2.0
-0.974059076050263,0.056592186027904154,-0.49113019489450727,-0.38672283356364634,0.0910944409987268,-0.5207976989473241,-0.1063657582293794,-0.1621347945280849,2.0
-0.8875083408526623,0.055861043378274244,-0.6293184074615225,-0.5614109700900102,0.05506513486028174,-0.5996191188969211,-0.05844925943195916,-0.15131713031742752,2.0
-0.9189798702703691,0.06238258843177446,-0.5937656250980663,-0.5049519878216122,0.05294736160689185,-0.5981845620184787,-0.06725131268172252,-0.14005366063605806,2.0
-0.9407843608221772,0.038946489395720055,-0.5754379762919719,-0.055064731043274084,0.04010401264332776,-0.5294751271657243,-0.1024606856077935,-0.15715736116030632,1.0
-0.22019899288494837,0.5350718421773876,-0.17331915605139653,0.10539131861395995,-0.2703856709615629,-0.6261391150526693,0.6983862869218384,-0.19317628294937308,2.0
-0.9021503304036573,-0.010461709118937484,-0.5559795074528107,-0.1613219829937773,0.09311793963384862,-0.6055836966808505,-0.08222251946009532,-0.16221036040299838,0.0
-0.6856044617725756,-0.12242075451371384,-0.5487051911248778,-0.20586009001118225,0.07678962697985375,-0.6500092702193851,-0.23139669421850437,-0.19718323741833535,0.0
-0.9385155307252958,0.04415658341593017,-0.5969836219502911,-0.05973136580417332,0.03871714717886282,-0.564028940268218,-0.09781152417251023,-0.14379638942955117,0.0
-0.9702994951100673,0.07276962514648555,-0.5378873061087796,0.0377660213818887,0.035927234098077875,-0.48048311482475325,-0.19210248980538144,-0.16757179132100986,0.0
-0.5569972696395166,-0.2493546048579416,-0.5120871114186999,-0.06614214650466257,-0.15428695340928048,-0.5498483777873506,-0.023085858464632833,-0.3688172002817046,1.0
-0.9771247713657844,0.025828966232294696,-0.4648299201379715,-0.4265471924254142,0.12141833974318546,-0.5455015226124725,-0.04852015119180829,-0.16292622911945398,2.0
-0.8467327503570278,-0.002959431614721071,-0.5914774744906363,-0.6336112393087416,0.0619897015059361,-0.640931580106851,-0.025346327490005136,-0.17623384187495866,2.0
-0.8225208957363976,0.017006450477016908,-0.6497882004541959,-0.0916429172754323,0.043621570558015445,-0.5772746119034564,-0.1415836010313167,-0.15772928489734722,1.0
-0.9441633394875031,0.05513059339942977,-0.5436116760021299,-0.18777940399423276,0.05641141813118295,-0.5420174786898883,-0.13035664139035819,-0.15665450950425058,0.0
-0.7659963502072238,-0.01621439654892503,-0.6417116023006734,-0.11650439174332973,0.012761500933498073,-0.6128228235009335,-0.09176415796693702,-0.18141591181128683,0.0
-0.9862379285661269,0.014631005870435691,-0.45079693920120395,-0.27890254002139775,0.116626851302355,-0.533768410552141,-0.05943953481722282,-0.1713804473512446,2.0
-0.8279623728442383,-0.019902279955839527,-0.6660650883740306,-0.009278050036104574,0.0345730027052832,-0.6438370137759477,-0.06199260025917488,-0.15505207551140526,0.0
-0.7702393620408768,0.13709966189245587,-0.626425870636685,-0.5162836636673509,0.0724838796939776,-0.6050037220717362,-0.11203787204087266,-0.17577446815990683,2.0
-0.9482160335800326,0.04150765354232411,-0.5189893382853406,-0.4827485526063114,0.0878309786982541,-0.5647967920437185,-0.08587126952094257,-0.17053549744244026,2.0
-0.8961396510910337,-0.013434721893267582,-0.5638242667835057,0.08078469204118321,0.06531549008220174,-0.5792106982509535,-0.07816041445907145,-0.1627367970813268,0.0
-0.532343040516044,-0.10567935829260247,-0.5556165480536038,0.036046853906875065,0.02209045189177429,-0.5544832487689888,-0.10482789693901935,-0.23810118571798278,1.0
-0.9038676586539375,0.07104220196385322,-0.6226344145551411,0.00782927778130657,0.0010171087110127305,-0.5413458002147596,-0.11714340758036897,-0.1694717732253857,0.0
-0.9087538678550533,0.06413306892956833,-0.5922458995276249,-0.2713789714733468,0.048324402261042385,-0.5629034487989375,-0.13668181655951583,-0.1513500232434182,0.0
-0.9677979899372926,0.028477000671517056,-0.5201673359185118,-0.03396361989535296,0.07689382645286474,-0.5413657425719087,-0.10285620200807222,-0.1535073138126457,0.0
-0.9163269619700245,0.0402629813384504,-0.6375419411124721,0.05988863564793184,0.03291302166600182,-0.5624520181943469,-0.1044405438113984,-0.12936807339290202,1.0
-0.8584823770522207,0.11735136838182744,-0.7042350856007016,-0.07336979404856106,0.008948076032263878,-0.5610111428378863,-0.1536695468621217,-0.14604576153700585,1.0
-0.9269009000467419,0.06452026652483706,-0.5315119561132808,-0.7021005581119091,0.07285753158177231,-0.5656616826929849,-0.08356523390920656,-0.16719662792222006,2.0
-0.7581142784835652,-0.07042009873934636,-0.6375230251252499,0.008910666570293713,0.06286357925056635,-0.5993971912135402,-0.1311928096433035,-0.17927728365662077,1.0
-0.8830342122929703,0.11292088094805296,-0.693253221638463,-0.19036574272202852,-0.003788114870212883,-0.5363748855852173,-0.14176656534955676,-0.13685726618127894,0.0
-0.9651855634691938,0.054840083304858976,-0.5492702988773532,-0.09438342062865691,0.057874478776521986,-0.5332708073344782,-0.11113243317070952,-0.15054616091780448,1.0
-0.935021637750568,0.06158480190182489,-0.5983633136482593,0.07985684395806908,0.03401700847474296,-0.5390165816709966,-0.1393145739715539,-0.14212693209341792,1.0
-0.9504251153630208,0.041138281610439566,-0.5604418620073156,-0.0238199414407618,0.04531067851755191,-0.5311878757387639,-0.1066483650459591,-0.15679592747383533,1.0
-0.7467886790768042,0.036049784762084314,-0.7173104711436717,-0.26204080655451767,0.011548416993570391,-0.6594514645544303,-0.0680974950872596,-0.15644394314188614,0.0
-0.9275113130965764,0.1086994593172322,-0.5528726175773513,-0.6685164195400418,0.05380335524371989,-0.5539798669735116,-0.13665679047563467,-0.1521966186853818,2.0
-0.9844864308830565,0.011880612968294471,-0.4463889344155197,-0.3289265381502857,0.12471637460217244,-0.5519981832990006,-0.0342256084075266,-0.16803950163181017,2.0
-0.9408217642441437,0.08279555028671354,-0.5361508827267976,-0.5272328531356247,0.07165922119302517,-0.5311108380790249,-0.14307622189135857,-0.16843860744062333,2.0
-0.7822082947941166,0.06680684007719348,-0.6340216659664029,-0.17704188195594406,0.04790431282568554,-0.4866482381660795,-0.24171279189030492,-0.19265502209493734,1.0
-0.8871373349877157,-0.011761719314072744,-0.6291066708023682,0.09818600961751528,0.06952937191304144,-0.5173293564362677,-0.051908207327143796,-0.16008801088237776,1.0
-0.939854893462101,0.06463857090428442,-0.5929418620457885,-0.0058046077597569135,0.022504697954933824,-0.5334425086026547,-0.1382653274014972,-0.1420491548793119,1.0
-0.934512405465221,0.01469217318914029,-0.5054616571389641,-0.3861742047114615,0.11573029824647785,-0.5480632455062484,-0.07857944700245116,-0.16307192489648922,2.0
-0.8938660895538758,0.1832721510114044,-0.6308513482079072,-0.6181127564033682,2.2112657455525264e-05,-0.4771453964550185,-0.24545082629857726,-0.15981180977851228,0.0
-0.9734776878794331,0.002577020928771663,-0.4887466247799348,0.11494683272873446,0.0856659835048555,-0.5290653718266285,-0.08282940929433383,-0.15853400320232247,1.0
-0.9716456920454656,0.01767444523418714,-0.4914165926501791,-0.0949139227595029,0.0925368367823882,-0.5507115256810665,-0.07788823047744647,-0.16359054929227684,0.0
-0.9684566791505335,0.018520281452954274,-0.48571821761962,-0.3287498153524875,0.11353564370391456,-0.5754589933980881,-0.02265573943474812,-0.15387333399864048,2.0
-0.8784414358217038,0.14627096718607666,-0.6618225002223301,-0.4529265178800589,0.017617963437202108,-0.4221975024194622,-0.197256160709843,-0.17114733831298679,0.0
-0.9720684409806212,0.03379953633785884,-0.5267152356496236,-0.01165024120718619,0.06863245118753986,-0.5444488772376445,-0.08215421697640377,-0.1453739679814215,0.0
-0.9221278692702889,0.03312571699268419,-0.6211081023366932,-0.015765515660193824,0.034295681440551735,-0.5800479456775167,-0.0678329115914408,-0.13648555909695229,1.0
-0.9799046357224981,0.03146179802091302,-0.5106466369750992,0.06015891196340556,0.06734184862294744,-0.5030446224658524,-0.13546176226628834,-0.1624873322738161,1.0
-0.9483963534702504,0.015352988822869128,-0.5470660629588089,0.0744178208579176,0.06906735507221276,-0.5470452985206172,-0.09277587065708337,-0.1495816805718102,1.0
-0.2847142995851565,-0.14897627562557655,-0.5697054294683076,-0.714374453153764,0.1276271475574346,-0.549684998080381,-0.32180634428497523,-0.1821958934739314,2.0
-0.9473911491703438,0.0769940116337,-0.5653512549622545,-0.4614630632773974,0.0637041478133053,-0.5444545521867886,-0.10711926818056196,-0.15585413485398655,2.0
-0.9624593685658149,0.03507424710286586,-0.4874845766904242,-0.4485622190876346,0.1044723735404422,-0.5605233636044172,-0.07375009496689526,-0.16764357698793564,2.0
-0.9537553538185082,0.053035044977137256,-0.5687094212523428,0.02189086085817929,0.050585611168238925,-0.5461511931181947,-0.11181709893524756,-0.14994994825166788,1.0
-0.9636266145012443,0.04026184595039715,-0.5283819002549812,-0.07198220148442236,0.07786900272754711,-0.52699970844329,-0.10587554828382517,-0.14504695383460237,1.0
-0.8043775003904001,0.16627087159233297,-0.6976669978358868,-0.3679429607463436,0.054731208320151256,-0.4844346922871525,-0.00295483886100828,-0.15861621806834372,2.0
-0.7929561910135775,0.18832066705463335,-0.642184271036067,-0.9488474488390949,0.023825855044575697,-0.48083882882657325,-0.24966708720914702,-0.14345338226821713,2.0
-0.991095742404169,-0.010984423620569415,-0.44479490790266885,-0.024451158865693573,0.12039194282735671,-0.549457938793212,-0.03343588259765379,-0.168580500723153,0.0
-0.9756803278850376,0.027944128417701948,-0.4707705437993702,-0.40007243563155265,0.11935213223671662,-0.5633939847668943,-0.04490462708078548,-0.15544291077164013,2.0
-0.981314420436658,0.027243450216578813,-0.5003705432982506,0.05219371657802152,0.07239331566152668,-0.5168040622671276,-0.09991970113022505,-0.15815281716217458,0.0
-0.9806509660575728,0.024216514774553284,-0.4530536334391557,-0.31829756352502536,0.11740980033140225,-0.5494099804608951,-0.06324448419644824,-0.17108348383590954,2.0
-0.9363915330844094,0.11233550194193137,-0.5635605463557444,-0.10166573219903535,0.012419106771720152,-0.4923762985852493,-0.2211361528543565,-0.1596471918769322,1.0
-0.9549171731416521,0.03490037529924145,-0.5281338037958048,-0.17472500462951523,0.06730413475719957,-0.5386171432803405,-0.10017700593989426,-0.15785573860246543,0.0
-0.9371839360847436,0.13402282831873252,-0.6093129940520313,-0.17623536596058104,0.0038137760270676307,-0.4895029105693357,-0.23722322940359555,-0.15529108890128385,0.0
-0.9628502940572446,0.022113431518047785,-0.5156777960890695,-0.20055469253874858,0.08647166544104432,-0.5561191799039833,-0.06520945506482644,-0.15721866899414708,0.0
-0.9613827446077823,1.3338175635646543e-06,-0.5251940948353958,0.06846096723117656,0.0707864170114707,-0.5604247141353362,-0.06806698422208635,-0.16541655853633877,1.0
-0.9580264357024141,0.035807641912235184,-0.5455739771846357,0.06854338663407233,0.04945766867359909,-0.5108107723296829,-0.13198188048992177,-0.15741142082534082,1.0
-0.958810335840471,0.05442303674035042,-0.5489468124247128,-0.104747096832173,0.0531141987881699,-0.5219717927600205,-0.14033991510435292,-0.1546507705118906,1.0
-0.9648303599361367,0.040674809371501974,-0.476215368593283,-0.5081423401902316,0.09995851962103666,-0.5468904323241126,-0.08007380117616975,-0.17485154988369458,2.0
-0.9406458433325728,0.06753211148754343,-0.5916615299165985,-0.04706595931579885,0.03989761885983936,-0.523535428314841,-0.15935651350798136,-0.1528525821555696,1.0
-0.9561623104127519,-0.0024606928022913935,-0.5338347396924308,0.13535967394057413,0.06923393519810667,-0.5642039426120813,-0.06613601867820405,-0.15959648688027075,0.0
-0.9726315727625257,0.015121401960360503,-0.45293394806977516,-0.4258899312748621,0.1288149324889782,-0.5704776028867481,-0.04405511636485289,-0.17816247631329515,2.0
-0.9119079269327666,0.01765437733614137,-0.5872139791454979,0.0051079399278322335,0.03175412390909328,-0.5453496638771475,-0.11948358583152446,-0.15569546558694355,1.0
-0.9436026472341686,0.03841741489914404,-0.5829675166752075,0.0590016125490066,0.048652656727812486,-0.5659377066281748,-0.09905084620991875,-0.14069797622288724,1.0
-0.8648005697229814,0.10125706852635291,-0.6823308032252005,-0.3878449289036287,0.004241693739380117,-0.5939447199820931,-0.12345434197405582,-0.14137467293200184,0.0
-0.9581333589656517,0.04612565913186886,-0.5145037892536413,-0.44558693515857795,0.0922723241952044,-0.5608062100875038,-0.061024463467637534,-0.15528144078786707,2.0
-0.9483961888498862,0.03665078876081556,-0.5582914062364654,0.06382270345427027,0.05309156341124659,-0.5356975706756028,-0.13569398880876726,-0.15099449779069757,1.0
-0.952946097050097,0.0676083796042525,-0.5254741500473865,-0.5911979399707639,0.0843635754411659,-0.5545545916856987,-0.08381442927668052,-0.15404307744351767,2.0
-0.3470406915529817,0.641825803934711,-0.33546780743985827,0.400344827717223,-0.14803143625403664,-0.5310937634099471,0.422089128501146,-0.2785195497620491,0.0
-0.9856514205386693,0.01913899896465907,-0.4336836834590165,-0.35266496895285854,0.13526673745469064,-0.5346094236651989,-0.0500293098246338,-0.17031635446712678,2.0
-0.8691672021093143,0.11561740365851912,-0.6377585996507757,-0.28214576999678653,0.01838753624286449,-0.5392975717359172,-0.20553486026608137,-0.16363594195096764,0.0
-0.9541246722667093,-0.008074736261725536,-0.5052293330008387,0.06067310429422579,0.09799797792948195,-0.5627466208306687,-0.08606986786130363,-0.16289663802319912,1.0
-0.8682879573034823,0.02245700418016251,-0.557000969844404,-0.6453877040216942,0.08737297558599785,-0.6340595374145253,-0.03702529889575572,-0.16148423730130193,2.0
-0.8764645311380329,0.009051506821328166,-0.5576104026832326,-0.5315355220609685,0.08587815163793361,-0.6304710256287726,-0.03395740204710805,-0.157681159841293,2.0
-0.9663291978279773,-0.0077100710875430065,-0.46539867800746837,-0.4097887920096182,0.12266894221348562,-0.5872511642405444,0.0028852514916950373,-0.1815651198279753,2.0
-0.9676687545977827,0.01010245207438737,-0.5054221489347178,0.11307290272104425,0.0640139143567104,-0.5215104518891909,-0.11358664448905867,-0.15607931449114856,1.0
-0.6551029685716632,-0.210014181364241,-0.5782717996576461,-0.0038730784394282736,0.09994105672535084,-0.7176919455295011,-0.16490306569553176,-0.18698080633851924,1.0
-0.9611204856913946,0.03883542386062362,-0.5459527088676683,-0.05093714043618905,0.05859569736348569,-0.5411111534093759,-0.10081086345861791,-0.1540471816692642,0.0
-0.9465670987322371,0.07253736795258311,-0.5905557461812684,-0.07249085650461912,0.031164388275730953,-0.5184203867263393,-0.14150919730389674,-0.1486184241937747,0.0
-0.9803829168014018,-0.0039212248197466396,-0.46147131437921934,0.03456111970735257,0.09114805221607061,-0.5309413801069849,-0.07441182853019515,-0.1691395407011335,0.0
-0.8075126277638554,0.17510805813789826,-0.7248515762857287,-0.21043074434752376,0.006480420631624358,-0.4717099084606457,-0.15477599634036582,-0.18615027858051203,0.0
-0.9829084152237657,-0.002011905083755469,-0.4540989016289684,-0.08213864373798908,0.11090785268627754,-0.5334925552833175,-0.07266568663967261,-0.1726187990730215,0.0
-0.8688618742950307,0.07089324185267593,-0.6775220858785753,-0.5953610388749295,0.04479526672715231,-0.6247001492284795,-0.04752258990846394,-0.12899403013404762,2.0
-0.9365126573439643,0.05076799673087101,-0.5934393801248503,0.12048661542174066,0.018625172172671157,-0.5256507868192335,-0.14256750150052433,-0.16397400163089906,0.0
-0.6515365806572575,0.11249732680022517,-0.7906121759660497,-0.23215323976451013,0.006476864410743764,-0.4830284651862172,-0.07590206476981466,-0.1336367969510542,1.0
-0.9729419513280461,0.018033934737067363,-0.5177492314357954,0.04036190480296026,0.07470214210655816,-0.5385808558382298,-0.08416377220330076,-0.1481675531482489,1.0
-0.9425662055899576,0.05245378936456649,-0.578098038804003,-0.12970689231695803,0.04412103304489025,-0.5403809029890447,-0.1106800459868268,-0.15108982707377047,0.0
-0.07020308501514094,-0.3520839485478912,-0.40589440403567334,-0.2279888135391208,-0.14564564560327023,-0.3148141055150769,-0.2342772300481426,-0.4061035443984429,1.0
-0.9634852644294406,0.04369710950994822,-0.5125984504764601,-0.2408462939096342,0.07929952623917694,-0.5366950535959648,-0.07945976881257191,-0.15386145504081084,2.0
-0.9556863614883133,0.009307606155467711,-0.4746090894905533,-0.4962510537317101,0.11580060683077051,-0.5828042893666564,-0.025738199506239526,-0.18158841301604814,2.0
-0.6654207546725104,-0.06726894976755601,-0.6834967432396796,-0.0645009084981672,-0.03466895414811018,-0.6066650086446518,-0.005702132619540626,-0.1956875065443941,1.0
-0.9259715951176454,0.061944365383696846,-0.5279165036865575,-0.5311794712738527,0.06416994078422515,-0.5479039544998274,-0.13563604359141002,-0.18810396130001691,2.0
-0.8231356975110182,0.15912407773415516,-0.6683683206794783,-0.7766564521090895,0.02689654258830932,-0.5049440875127235,-0.16355533308321749,-0.15332439529476766,2.0
-0.9126184675549593,0.10310693883855404,-0.5886104267785212,-0.6560492590157332,0.04678537161439304,-0.5402442783550494,-0.14442829175805166,-0.15355145064408388,2.0
-0.9589022503910121,0.051325955278744076,-0.5594970571515578,-0.048956994501257095,0.05222780827474922,-0.5322349147754302,-0.11881840733439075,-0.14515003534961546,0.0
-0.9583176770423587,0.08060200748689321,-0.5677522859705112,0.010575950955393432,0.029447111038447618,-0.498406413254778,-0.17217323872353368,-0.15484902866582298,0.0
-0.9779221197573944,0.020752909467040725,-0.5068866795898335,0.033138538295436865,0.07185961265437911,-0.5161740976871264,-0.10358579609325284,-0.15414131718224036,1.0
-0.9536729580182077,0.01958441025679566,-0.5462781664260361,0.019049414862982256,0.04626279525830772,-0.5531433984697376,-0.0821378826893005,-0.1627560925506816,0.0
-0.9105761336103712,0.06631978549814407,-0.5914345706195552,-0.5465106036353466,0.06639495303295313,-0.5989385812916259,-0.06680535557203153,-0.14336869292092763,2.0
-0.2029346335690304,-0.10518549686736847,-0.775206092553184,-0.6515547279785163,0.13120218195506797,-0.40993910230115216,0.18983620530090028,-0.16953684175407924,2.0
-0.9238816952319725,0.018187350955476304,-0.5779314666070281,0.008521313486816007,0.05788167258823601,-0.5726068938848016,-0.1090439434556749,-0.15137921434178597,0.0
-0.9833056970882974,0.011148813117009028,-0.4409314146897823,-0.24556804467844526,0.12503016117375293,-0.5495174010203492,-0.05891367841405169,-0.17372176017282084,2.0
-0.9595460544909943,0.06426629231970152,-0.5540547797205736,-0.036188840051089605,0.04207935957017998,-0.5070305278929957,-0.1565043420939783,-0.15479558951064978,1.0
1.0,-0.12706347329321738,0.9924487583312294,0.3359086243303103,0.17137156989588387,-0.7180409905330989,-1.0,1.0,2.0
-0.9823660560356167,0.04026477358995143,-0.473804679605504,-0.44307270659767073,0.10573676229135992,-0.5387689245022871,-0.06607101370345614,-0.15713189640398117,2.0
-0.9635657723330642,0.05171037771201416,-0.5443341875319557,-0.09358427455611057,0.06250623234768445,-0.5292739715728625,-0.11825357138343495,-0.14169933970726678,0.0
-0.9341790823862252,0.09237601307871478,-0.5959557390250825,-0.09121027401878068,0.023422558943411026,-0.4767218970733701,-0.16205003229924764,-0.15863969508353046,0.0
-0.9016113450927874,0.02170413284785672,-0.6213516393013395,-0.014257338913129608,0.027763885406577482,-0.5576226151588934,-0.06897211004679639,-0.1482922667253915,1.0
-0.8149045627539171,0.08843591625534841,-0.6487523477381916,-0.5703869144156797,0.0700904948893784,-0.544428995583963,-0.18663358728137389,-0.15999182254962827,2.0
-0.9613559814401694,0.06056087054493764,-0.5004214251364913,-0.46354428273823445,0.0891455233453311,-0.5372784292533072,-0.10500577932441058,-0.16872182711493836,2.0
-0.9763117047824004,0.0482407443050681,-0.482062558520049,-0.3718460071464874,0.10688505207075116,-0.5338386837378073,-0.08204026323948385,-0.15699059604847457,2.0
-0.9825294212269655,-0.004030104009511037,-0.46644599572897794,0.07293969932138783,0.10281584369957486,-0.5459431960641694,-0.05242631596018549,-0.16576977675550383,0.0
-0.9378033057465408,0.08254762453569522,-0.5364523838846759,-0.41313446823379224,0.07182056404902692,-0.552074890076434,-0.13259930687561056,-0.1806945708051255,2.0
-0.9884218717682798,0.011688122753960174,-0.4387169646335099,-0.36809217830006924,0.13439529159391056,-0.558993078820691,-0.03422754900756814,-0.17087067365661576,2.0
-0.9279216775373554,0.05997981747616062,-0.626631967144826,-0.04067728900525197,0.042482779284120795,-0.5341315566107064,-0.13638760625397853,-0.12922286684073636,1.0
-0.9079885409170475,0.08206274179590548,-0.5658822859968787,-0.8000621659500519,0.03832455635660929,-0.5244040990857246,-0.13109798419609517,-0.17535372337374397,2.0
-0.9855710925262029,0.020280061872776603,-0.46182693036210865,-0.15422592073459504,0.10194640694669255,-0.5251171570142082,-0.07150417943640625,-0.16580838506071435,2.0
-0.9689265193495807,0.03291158448312325,-0.5206834477771509,0.0780901710324125,0.06437959033056331,-0.515424358017581,-0.13160974569776002,-0.15881514084575482,1.0
-0.532713596296005,-0.08443247976897891,-0.7310901725555174,-0.40214896217886686,0.09239946881932685,-0.6663368824151887,-0.18840523340468562,-0.12728410495587644,0.0
-0.9643113263294487,0.0050226942954912784,-0.48577458594325323,0.04709605894103347,0.09225738376109273,-0.5453229515523343,-0.10585815997984543,-0.16474995493126857,0.0
-0.8439591788369074,0.0315389394344312,-0.6925863836673906,-0.04805126464666576,-0.005697735304645193,-0.5993359310243318,-0.06317996949627766,-0.1477502959323266,1.0
-0.9152721152228044,0.052371942052588966,-0.5898700080635044,0.07966438731307152,0.0446058270638474,-0.5497120421001368,-0.1564288573345463,-0.16555338151019586,0.0
-0.98309899643644,0.014448193009388488,-0.45487204701571476,-0.2943197605207063,0.1299245256431962,-0.5675045194585825,-0.011681104625169428,-0.1585379553409031,2.0
-0.9743376560041078,0.037133507602874455,-0.48601489850693497,-0.35890295069588496,0.10069752466720272,-0.533277357214183,-0.06261865786186988,-0.16328322943870635,2.0
-0.9266953175189399,0.09456751154661786,-0.5907465501483524,-0.3853145544098453,0.026085498809616872,-0.48395672595272676,-0.19487686147800562,-0.1618077766496956,0.0
-0.9534668765991345,0.01698896289425895,-0.48847772253127697,-0.408830916626091,0.11145840921105418,-0.5511878468724477,-0.05650216389275903,-0.17414074307880376,2.0
0.1263180509543672,-1.0,0.10558941793509524,-0.32356729047474087,-0.7692149696904537,-0.41149689360246683,-0.16834220445714732,-1.0,1.0
-0.9612396566049453,0.02874727383523182,-0.5200904063600992,0.0019606746809100184,0.06450874933624812,-0.5343238587382134,-0.1129820429519756,-0.1583394109558768,0.0
-0.792852587853974,0.018629311061013606,-0.7195614742965866,-0.01901202191519047,0.028177060490858143,-0.5659007503693798,-0.11288620621927067,-0.13635530262149542,1.0
-0.6262870227292564,-0.017710518570056413,-0.7198973875449357,-0.086510536377496,0.009844854950752324,-0.6772561314988832,-0.12429259830740289,-0.11876195707008891,0.0
-0.9709931717746043,0.026380226187412016,-0.5185644685241674,0.049772958266458944,0.07024020350250709,-0.5408675008722633,-0.08907201182480166,-0.15514958804772702,1.0
-0.9818040240375138,0.005856232179827392,-0.48865984461495576,0.05416957965719993,0.09831867589415108,-0.5394108870289527,-0.06768151083874455,-0.15406593760817883,0.0
-0.5195127950403169,0.36385853776093047,-0.5740196598527978,0.33085286901874533,0.011232513622177857,-0.5146464841753718,0.11860193069137276,-0.35109010077052305,0.0
-0.9108072060969163,0.05722599271090985,-0.615739267174191,-0.08241847478010728,0.017070453722047414,-0.5815003496630472,-0.10655020475458173,-0.1479156461965083,1.0
-0.9465712676553214,0.09802726717738375,-0.5460096361838853,-0.6825258692850855,0.05995962436233983,-0.5307225744763008,-0.1272119738043734,-0.15471817403518612,2.0
-0.9890894861232787,0.04334891765930081,-0.47298025121192017,-0.14147153281195549,0.09545030036034283,-0.5169122982463543,-0.09828422782603165,-0.1664300383577768,0.0
-0.952962457824328,0.07889356608436587,-0.5289356909443492,-0.5366026864060773,0.07507682328920606,-0.5409907714732896,-0.1142864854779446,-0.16863490103247647,2.0
-0.9400338626913423,0.02138694902402435,-0.5811760828158118,0.06092562790446909,0.04519614820156982,-0.559913280582508,-0.07999308917477732,-0.1407969369157634,1.0
-0.8541238930020831,0.03907980120188888,-0.6175031316702577,-0.6210562654591973,0.06496097534382865,-0.6321960504795104,-0.06976152347654713,-0.15015028747166967,2.0
-0.8252145014852084,0.07287890019135265,-0.6988716194522041,-0.13869454834926748,0.037273969046560745,-0.6305751549162225,-0.13549358628091263,-0.1393672491254095,0.0
-0.9517740197963458,0.019640111332285045,-0.5069572818398842,-0.41560284380417967,0.10094517331702961,-0.5570450825549266,-0.04488014135083898,-0.16438049570220356,2.0
-0.5590544593099018,-0.18268153675343832,-0.5873156256301808,-0.10757140689277084,0.26801925705181495,-0.7190319184559157,-0.406513542824478,-0.1185758819620379,0.0
-0.9436689664972877,0.06630778087982173,-0.596866229567308,-0.06103624134228772,0.041240895193184544,-0.5424747405730106,-0.11764283099128087,-0.1417469590350814,1.0
-0.8720573787833328,0.03790462098352537,-0.6502538932563053,-0.09911927562594873,0.02232822030124424,-0.5977963440118423,-0.11530750366754325,-0.15489084989326612,0.0
-0.8486857028075668,0.018433833401990497,-0.7050446120819766,-0.05975901629338906,-0.0036047146402512775,-0.6320280552987734,-0.01641897689590517,-0.14174827018122266,1.0
-0.8574042093485067,0.05772630952385915,-0.6821958144995766,-0.06716030751843827,0.03737088500490014,-0.548966819173648,-0.14844845018031888,-0.1290038171110793,1.0
-0.9189492442926165,0.03668816743494486,-0.6042497394483852,0.018673796432827433,0.038973731839529735,-0.5650063858417583,-0.09131804535521548,-0.14554489741735455,0.0
-0.8246913107741702,0.022500327696869635,-0.5989396564436348,-0.5798698253112031,0.047841425199292006,-0.6057640105442078,-0.09433226346508963,-0.1777890888627526,2.0
-0.8723144124728897,0.032899843664135266,-0.6802350511531224,-0.2538602926232556,0.04239671023275644,-0.6571829778689491,-0.026765838454063162,-0.1324758324785467,0.0
-0.8629445745046521,0.05744166323773911,-0.6677101202139245,-0.10008527732843539,0.011606903282272145,-0.5773230837200211,-0.1643406330387551,-0.13567732995005158,1.0
-0.9347690329306819,0.008897376197647577,-0.5631393249371107,0.21236426776604678,0.055058761554326874,-0.570067582462594,-0.08970538418322742,-0.15874758153405016,1.0
-0.9379001228157265,0.04270877494574913,-0.5795881775878975,-0.00498522400288956,0.049993814837726844,-0.5515549624348742,-0.1125455019039991,-0.15069709422894637,0.0
-0.963948894240473,0.029371322054090522,-0.5095783329693708,-0.35632928491946964,0.10406749041888444,-0.5762548195443741,-0.030308582026570927,-0.15091876904452978,2.0
-0.7275352621883979,0.017807762716265833,-0.7083859374490049,-0.15676244463394917,-0.007796181920448175,-0.5120655450686494,-0.03543621021440077,-0.1857279044364577,0.0
-0.9110935917734265,-0.0440720799254236,-0.4687613580342988,-0.4375926655933372,0.11371665841434386,-0.6330178595416199,-0.021224379410303,-0.19490450679045906,2.0
-0.9536783286465189,0.06660108723812479,-0.5185063573496831,-0.4646836372671457,0.09056843830724536,-0.5128919050003056,-0.11499046179014653,-0.154907106369844,2.0
-0.860818343316359,-0.03562387322590074,-0.5879382844968511,-0.4870724292676538,0.08566420401773905,-0.6937918825300066,0.011826706037756873,-0.15868453869009727,2.0
-0.6739875973477447,0.0917832595759224,-0.7318213076602773,-0.10678903886019671,0.011266847815698436,-0.4485821230161816,-0.188356522934431,-0.1994166379729799,0.0
-0.8543827772758681,0.032160797071196956,-0.6541813977889874,-0.03959323665519868,0.04111684017805338,-0.5930646247864226,-0.08041652404752937,-0.14426997235124833,0.0
-0.9367333583339987,0.1368427405187428,-0.567655080010961,-0.7021055270914581,0.0360143073789334,-0.5140681099883149,-0.172730177786179,-0.1513154403984926,2.0
-0.9342278853200348,0.09786207020581275,-0.5828896507228086,-0.26199139209710876,0.021728602821701047,-0.4798547187583724,-0.20490019360406797,-0.16634188186083992,0.0
-0.5034081453963356,0.3077178804092048,-0.564021438593788,-0.03881468621240616,0.14870799058327433,-0.732552432078041,-0.29644173306792054,-0.2325388540786253,0.0
-0.0702842937408038,-0.12180113537516651,-0.38709802393044973,-0.7118314013138296,0.017789839977583634,-0.5297486862213747,-0.16939718075624072,-0.16728313250314308,2.0
-0.9367495666442827,0.012284364959475214,-0.5606843346521769,-0.1282058660271932,0.07767145564302158,-0.5993524484420762,-0.04100402219992572,-0.15779421267270569,0.0
-0.918116629962773,-0.01715125803382493,-0.602327130588789,0.1000350523825489,0.06948998438276797,-0.6051503890004715,-0.02765085331603742,-0.14705474233321686,1.0
-0.8942845624549122,0.12227905479748674,-0.6645964662439869,-0.2505234774872832,0.01677954961052628,-0.46052985447438644,-0.14243698897093526,-0.15249949103854774,0.0
-0.8819155016188017,0.0778191852914615,-0.6316039944541106,-0.5296328431541218,0.0589856828089976,-0.6155427310589163,-0.08399674712217534,-0.12061732936851288,2.0
-0.9330486313957125,0.11259359253844563,-0.5718640557038985,-0.7534316029270214,0.050403994559304985,-0.5434740882612229,-0.11549911953485173,-0.14776543110309245,2.0
-0.9735703417763125,0.019822985624973033,-0.49863041528439167,-0.020963923025168973,0.08388838244884293,-0.5327284889795557,-0.09073399903954493,-0.16168884428531177,0.0
-0.9490140942346559,0.028052099354474558,-0.5527487443382637,0.03952037981451259,0.04593422739140595,-0.5369320987533361,-0.11980102190409404,-0.1556709777658423,0.0
-0.8355582866893762,0.10734123186882277,-0.564977068285399,-0.7971439403768817,0.04568278181121228,-0.6261418373708023,-0.10760700829804103,-0.14014388829840466,2.0
-0.9167405483210203,0.045529842687546125,-0.6242518655993659,-0.33112192300816523,0.04217056925919589,-0.5907416648839203,-0.05942395271248772,-0.14866922840236493,0.0
-0.9153976735015787,0.025910526398366773,-0.6022755331532269,0.05568940938448502,0.03098730130408122,-0.5683203811774208,-0.09387523430897787,-0.15232818104372736,0.0
-0.7339631772623869,-0.07835481983540865,-0.6133596906029385,-0.6756122479458821,0.014818819313456744,-0.6594957383430987,0.008355706997786705,-0.21032242445689775,2.0
-0.6684249425943186,0.006224928765241437,-0.8823595689359223,-0.19017309842366822,0.09166370421930947,-0.5959355138693856,0.019927189756448138,-0.06794175544369248,1.0
-0.9534461610558465,0.024518244042888028,-0.5412783239672353,-0.225201109741099,0.08505442543509863,-0.574494075142911,-0.03528806372711549,-0.14107040421527203,2.0
-0.7455835507350502,-0.04613617915012805,-0.6560087515484679,-0.6216937504317408,0.08807809341266203,-0.6445598173401036,-0.01835662491972191,-0.163006564488373,2.0
-0.9416153902821991,0.10349054257637068,-0.5983843573425695,-0.23442442279242875,0.02132721210004415,-0.522379596054928,-0.16250936871726765,-0.15122282385574579,0.0
-0.9874170046067298,0.019573791472724814,-0.49058226885115497,0.07811058174887864,0.08201946328674473,-0.5204818607252174,-0.0923114793950268,-0.1611426632206618,1.0
-0.9706131720936222,0.019949835276438746,-0.5230638865902205,0.11223718369272717,0.06720806082449134,-0.5334826335520306,-0.09462215754674008,-0.15537577449411605,1.0
-0.9383854644017617,0.021065649002035062,-0.5642516918302692,0.08298423871722094,0.05454549898885202,-0.5553822430455374,-0.08763357260449475,-0.1472780843980244,0.0
-0.8000955148376654,-0.02619591933784922,-0.7288467504613225,0.11717169053218873,0.06194524271423735,-0.6690701763411793,-0.060577910444175743,-0.09702239170536563,1.0
-0.9533834124944142,0.023354585874546002,-0.5424462371265486,-0.08346283006778574,0.07500572320547289,-0.5571873988162515,-0.0768545259201121,-0.15516635055635802,0.0
-0.9725075221512084,0.05986674445199547,-0.49547031969343436,-0.2533359500299997,0.0673775898349388,-0.49860257356459914,-0.1449873601593381,-0.1646141912469461,0.0
-0.9770024372498318,0.025282650786356737,-0.5204271173587339,0.018816958531168715,0.07397548536600862,-0.527590095589681,-0.08483807650541755,-0.1486414720543157,1.0
-0.9387497338289451,0.027643332936858514,-0.5642249907661747,-0.08238490960403617,0.06663083033007364,-0.5492826757450036,-0.09540269363794565,-0.15000378908154094,0.0
-0.9719349699692578,0.026754714406597508,-0.49476999679925093,-0.19711042581518545,0.08926614055439085,-0.546537051128472,-0.08811201842039848,-0.1594706159780955,0.0
-0.9681899035360332,0.03394734438946441,-0.49103992533317775,-0.4653661107318302,0.1079578476351909,-0.5714071118301511,-0.03278970841167966,-0.1596762014606548,2.0
-0.6463671292431626,-0.19916838898886297,-0.6100058294283233,-0.12090634200066858,0.012256621461633255,-0.5908321228537714,-0.04571405927255252,-0.23326901916079537,1.0
-0.9628930353107922,0.029960019227720593,-0.515250057805318,0.008810658334970745,0.08371612641627327,-0.536678955418835,-0.11178006447086868,-0.15883679340051846,1.0
-0.6556622037168733,0.29037549941507085,-0.6246609092120157,-0.4043141422177115,0.04865664363420166,-0.5919416355477254,0.1101572193636777,-0.25260920744658977,2.0
-0.8017707893856909,0.11330779818829696,-0.6281623363450128,-0.7697731984029705,0.039094297430036895,-0.5044462495924249,-0.23579819648144387,-0.15437310301749493,2.0
-0.9528624135640325,0.06589127393981577,-0.5119519429859933,-0.511462264650846,0.07695969177593504,-0.5557503181466316,-0.10384946212078705,-0.15878426255630723,2.0
-0.8547656559651841,0.17859556037222798,-0.6793415125516175,-0.3432898097638786,0.009111380529366483,-0.5334244208965022,-0.07330498694480227,-0.14149261541084052,2.0
-0.9325088841120577,0.03961065989198879,-0.56367782877017,-0.1147952208902744,0.05767298576361487,-0.5545021559811864,-0.11704684388598573,-0.1471013199714686,0.0
-0.8594703466575264,0.020017868625222802,-0.6607510996606922,-0.10447144229819973,0.049514228103843025,-0.6461377079888921,-0.049181824745762256,-0.14649996544963995,0.0
-0.7530401434316478,0.022691876054457123,-0.5926361563017153,-0.7306561202733483,0.06430372952686216,-0.5669046584971245,-0.19749502371124872,-0.20390395255475124,2.0
-0.6842741134716005,-0.01920549156078244,-0.7590847154146769,-0.06407543993649259,0.09993448238668473,-0.38444792492246405,-0.06230918774407372,-0.18022808223581052,1.0
-0.7367604079886183,0.004172231487017446,-0.7251916346876595,-0.07819328265041293,0.08076193733436798,-0.5813919228100194,-0.1383103358516073,-0.12803562463246534,1.0
-0.9593461118873654,0.027658218724636377,-0.5497493431075671,0.038081091037508036,0.06823024611207816,-0.5514897421031991,-0.06862094841208898,-0.14266655438645934,1.0
-0.9869960387529882,0.020134927135734806,-0.4375939930400401,-0.3413992133927771,0.13316034014078268,-0.5360020733467012,-0.04832168463276845,-0.1690236845075171,2.0
-0.9464065986934495,0.0385853760608188,-0.5943582940180983,0.054805434132440434,0.03903804492856949,-0.5517588220909209,-0.09297447900817947,-0.14084894633749392,0.0
-0.8507203533757735,-0.04100793002022032,-0.5967237601240333,0.03236184771811865,0.09734548600511983,-0.650833368032396,-0.11091991152423442,-0.13183704397747106,1.0
-0.972621116196067,0.02639062756492738,-0.4821897977116696,-0.054001558085579354,0.07389364343355524,-0.5078417002278561,-0.11489111065549067,-0.1751457452167549,0.0
-0.8041787142204497,0.0735176618833889,-0.7479969509844505,-0.11178005635894989,0.044093956860328055,-0.5253048509084323,-0.11295082130018314,-0.1212602934667778,1.0
-0.9466933898881843,0.0840984351461975,-0.5946876021176789,-0.04390048356602383,0.026574396540495017,-0.5303891293756074,-0.13267735159771396,-0.15112439183284573,1.0
-0.9365143949877025,0.014142830624381979,-0.5306896510950943,-0.36474900263506493,0.11092007028702004,-0.6053141608811459,-0.014482019173419444,-0.14034167921641322,2.0
-0.9626101409321962,0.04897006429693107,-0.5622210905279763,0.04983403893509175,0.05462763708704359,-0.5331779174175515,-0.13613073381443494,-0.14406999878977853,1.0
-0.9316859476433531,0.026231328726856594,-0.5507933217381976,-0.3846419526336565,0.0877683425595065,-0.5934687569393279,-0.05497287593256868,-0.15085824941174972,2.0
-0.9850044945543941,-0.003943267747569083,-0.46225566129447837,-0.04324868814395022,0.11130723512080334,-0.5532791181270125,-0.04713123667115014,-0.16339104297926127,0.0
-0.9654650106788771,-0.018860148902554635,-0.49942573002496093,0.24419495134148061,0.07818087608514143,-0.5419786668880594,-0.08152688828094909,-0.17491462070238895,0.0
-0.8770151558633219,-0.02224533536503949,-0.5607506058467402,-0.4632532414081478,0.09339881284631367,-0.633373953022532,-0.017084683134025128,-0.16971068019053367,2.0
-0.8676139689283568,0.1023434622665034,-0.6667027823238016,-0.6362003750453729,0.030893390298952876,-0.6189227231321897,-0.10100953380871265,-0.13575567828182558,2.0
-0.9230148658270637,0.11553629078544761,-0.570941394338645,-0.7718424321369708,0.0554444298351007,-0.5458524858056139,-0.13776491627111265,-0.14889230404643117,2.0
-0.9416030200754177,0.0281786134452243,-0.53519135526354,-0.4129986620037174,0.11157609614989906,-0.5788609042456186,-0.032251128570129434,-0.14989987935948276,2.0
-0.8677349463971572,0.007321792563686029,-0.6171380934493099,0.02171318280500034,0.04014243650587468,-0.5946992348320765,-0.10582514213648425,-0.15741787680872218,0.0
-0.9747056471638417,0.023582852100283675,-0.5017403932082126,0.030324153579900925,0.07780671631264183,-0.5190751267987734,-0.11075807428716264,-0.15809466694661273,1.0
-0.9331742087437362,0.048764978535534534,-0.6037128787534702,-0.019337964834253374,0.04533704277259032,-0.5794016793300982,-0.08807058319093494,-0.13670762196985378,0.0
-0.8403356715658791,-0.010377508387543637,-0.6061838316238468,-0.6135308213523357,0.08051298982152418,-0.6366606672731656,-0.028643266293196107,-0.1704768647793909,2.0
-0.7798893882358322,0.003928391727626254,-0.7198103950906206,-0.1031136745698839,0.044760878905446985,-0.6441520499453663,-0.07757320921025024,-0.11259205742525873,1.0
0.8839029567873493,-0.21601530566610522,-0.2924744102705777,0.4003365067957011,0.8925575433993531,0.9999999999999997,0.42871937847887365,-0.16220509972676184,0.0
-0.9830597667969613,-0.0006264156463660492,-0.4761543364220446,0.16236211864894823,0.09108471086351351,-0.534011341998796,-0.07100160494400277,-0.16475160280882478,0.0
-0.6254515597845449,0.15980754589682616,-0.7735563147109586,-0.11241529201321256,0.023151932328584028,-0.5234135951058165,-0.021221028877234427,-0.20449247678091265,0.0
-0.9800994396455026,0.025652396950043718,-0.44655504297222653,-0.4155775288187994,0.121830767634235,-0.5513689579119074,-0.061808607980633624,-0.16581358986478556,2.0
-0.9786931349254974,0.015598661018832501,-0.49397769220795584,0.07758539171895601,0.08269262845093191,-0.5399698042672658,-0.07971590416397448,-0.16646234002881977,0.0
-0.7590433932470777,0.06986632678203272,-0.706862601157303,-0.44971312185511436,0.1032044077396624,-0.4355067880580393,-0.027172163144017727,-0.1495728445543303,2.0
-0.9401714216543187,0.03840617702566543,-0.546769506471844,-0.03253085669305522,0.04219640330534909,-0.5481280528009541,-0.10346342818939672,-0.16526614010524476,0.0
-0.5845302313688137,-0.016981602402463464,-0.8524575118332691,0.0030309354678469125,0.24669641401474737,-0.3676801129275578,0.012679013794982583,-0.0664400617435379,1.0
-0.940904139251034,0.05427902889078393,-0.5482944741756686,-0.4029638823803827,0.08077803059305266,-0.5756981339416897,-0.07626001269398322,-0.14285486747877243,2.0
-0.8963392875859386,0.034365081764058086,-0.5732005952424046,-0.0267668616595666,0.062054894982785234,-0.5731845406361784,-0.13332236998862107,-0.18147589755865076,0.0
-0.918083625473348,0.06607586015353922,-0.6514561449561356,-0.0076680167079912764,0.025324528672665915,-0.5324343646337294,-0.12625202881408926,-0.1276134102002461,1.0
-0.8776811938406288,0.06498807850592592,-0.6762259035858234,0.005765117459001712,0.02044429993646843,-0.5702625312013807,-0.13780742163359463,-0.12453285266087778,1.0
-0.8897913060990793,0.0486263319516118,-0.5782718195231946,-0.5623082032722909,0.07440330935553288,-0.605821712351241,-0.0708338259423258,-0.15023813805281444,2.0
-0.9378729662864971,0.022599982359051817,-0.5294656126859645,-0.43060012404667114,0.1014412865976515,-0.570193021155346,-0.04792108826480904,-0.1591483015927155,2.0
-0.9496488502505922,0.06516791237217451,-0.5442218438464081,-0.21670583167128393,0.04880532334736643,-0.4985260055393656,-0.1615934922100225,-0.17283002210343873,0.0
-0.9490031059552474,0.08545018144135283,-0.5479746375250587,-0.4572995781476722,0.05794695868637197,-0.5327736169922032,-0.1269922956348961,-0.1602556349543905,2.0
-0.9778897920187857,0.03274630804111526,-0.4997413703864845,0.05142415812862294,0.0665949340862032,-0.5114025601812922,-0.12131263550607335,-0.16634179820464798,1.0
-0.8837213039860728,-0.019695002431563927,-0.5875990219290106,-0.4195933530459163,0.10221552115072091,-0.6422480220588859,0.008731572366142429,-0.14803270950343733,2.0
-0.9845170355842436,0.027266412833680944,-0.4492794054684701,-0.33055758037845995,0.12049418559384018,-0.5469538653786976,-0.060983553499241894,-0.16165749874674995,2.0
-0.9703438285710586,0.048278032206283655,-0.5146991396787756,-0.09601384803546063,0.06561658911151677,-0.5266883932956665,-0.13468600538818254,-0.1729996936212772,0.0
-0.6744252208184552,-0.057523840206688714,-0.6882045363921766,-0.08053402239291375,0.013314542205517796,-0.6625456061012286,-0.07575296035247416,-0.13949387384480458,1.0
-0.9022168155244086,0.06525556866643233,-0.6490245644832485,-0.050306707115048005,0.02115613956466105,-0.5619052765848467,-0.12015748927789904,-0.14784698280338812,0.0
-0.5880581599809164,0.1166432246623076,-0.7772222655569059,-0.0948108971605554,0.10011357417144981,-0.49910380235915025,-0.15964162210040417,-0.1596796234292432,0.0
-0.8090381408921955,0.10109109927313631,-0.6507296602264752,-0.2757403945893379,0.02463752922213057,-0.6253886516274016,-0.13236316283908156,-0.14406622114007517,0.0
-0.9020362335777032,0.008896086475780406,-0.5802379460144063,0.093880285153769,0.03331689687310051,-0.5563448989908478,-0.15018602377143075,-0.16674937715062424,1.0
-0.9354969728582699,0.03166881295970451,-0.5615224035151339,-0.3306774227575601,0.09236445282040873,-0.5977993316572506,-0.018849338549391303,-0.1376121843216562,2.0
-0.8530088572337737,0.004151182728106696,-0.6312343574006913,0.045443670443534895,0.02908903047434158,-0.5643737062745491,-0.1007269274975493,-0.1607223881108857,1.0
-0.9062722576022637,0.11952905344533846,-0.6547816342229754,-0.23021710619014124,0.037666766870320376,-0.4534782429723687,-0.15811483850058863,-0.1559727182865211,0.0
-0.9748883280212102,-0.0028484801968656423,-0.4466636035095662,-0.32639558593632323,0.13102083877108034,-0.5790711895958456,-0.0028163230941564976,-0.17058906292282458,2.0
-0.9708650862551467,0.05070705630167801,-0.523779547034254,-0.0397569483677252,0.05401309122872815,-0.5028578388098051,-0.14553337497076912,-0.16188833195045718,1.0
-0.3688143310654143,0.2257351092800181,-0.7584875281192345,-0.26608440850670856,-0.08628507479980085,-0.10073446415552656,0.110093020257188,-0.32524281450726955,0.0
-0.9817815538221157,0.013269352910798546,-0.4676082929358388,-0.06486119130537474,0.10329088371418949,-0.533158817266013,-0.0784819797405351,-0.1620465059169423,0.0
-0.8997798480207851,0.07345646133613788,-0.6259763026054055,-0.06156542421416114,0.013388742761936558,-0.55602271182524,-0.13560113457646403,-0.1461817787881659,1.0
-0.9091044323030595,0.024072830238509882,-0.6235746984568218,0.0905901558855981,0.04106286030211179,-0.5844851788835793,-0.0809095864836491,-0.13902670173955275,0.0
-0.9213079734889944,0.09040597164793063,-0.555878146679977,-0.6987135761669886,0.056269979192840595,-0.5347482376889666,-0.13180134995281576,-0.15692927639108648,2.0
-0.9271673369263053,0.04883619441815593,-0.5966642593545721,-0.042943914753794304,0.019606887076698,-0.5517095575990937,-0.11645263650891882,-0.14479257899486808,1.0
-0.7242104991715166,0.12765528800246906,-0.7416142741716689,0.028356078000843887,0.049868045529620084,-0.5578287122156524,-0.15372965932813693,-0.13419193462005263,1.0
-0.8040150755501947,-0.024087421599743766,-0.6130205385682459,-0.12782836201786163,0.04996559413742699,-0.6564026567049805,-0.13323512337358406,-0.15266110026009416,0.0
-0.9833352801790058,0.033811076617845826,-0.5125599340460909,0.10266554704551145,0.06836418713884486,-0.5130080402778672,-0.11591903722934507,-0.15295907581002688,0.0
-0.9613660484055406,0.04732131466140845,-0.5274574856444685,0.05484314497587395,0.043423254481387424,-0.48889998270906665,-0.17860836289751972,-0.16338853783496327,1.0
-0.9314955787971855,0.11864411957418095,-0.5830039087207821,-0.4579739732222725,0.023173644223099865,-0.49556706318195254,-0.21349943999256252,-0.16263849028652244,0.0
-0.9576443130842591,0.03636930794900246,-0.5534382340470492,-0.03775672767362789,0.0703861281525462,-0.5435715992783722,-0.08866778328365006,-0.1359862655496476,1.0
-0.9823370129127649,0.026662422356238842,-0.49143732497115455,0.038454802107436264,0.08161005860301204,-0.524876430200274,-0.10582249885540494,-0.16401126101823016,0.0
-0.9700854550214674,0.009878806328636136,-0.4551312217992327,-0.3944407450562963,0.11787280261278024,-0.5654727164933206,-0.03397450349591938,-0.1743663871455191,2.0
-0.9485809442631035,0.05103873721191781,-0.5209222350130741,-0.4052589512128604,0.08822790869048361,-0.5590118069116596,-0.10040084819790815,-0.15836954312178467,2.0
-0.9667635615628343,0.07084914991705724,-0.47857209001560685,-0.5396705492575818,0.08622444601586166,-0.5108851135482019,-0.14908479545833536,-0.1786823087653912,2.0
-0.9840389359033618,0.000545578642055719,-0.4641531435489644,0.11460199615340927,0.09214169812236882,-0.5293265196890654,-0.0804513943587628,-0.16621921402384676,1.0
-0.949332054725877,0.06574322520203592,-0.5801381623044548,0.01196605207972068,0.028223405160175977,-0.5309934707603007,-0.13211118847442055,-0.1417484563689288,0.0
-0.6679787531186712,0.1186382954451073,-0.6288925402129478,-0.20394195313644395,0.008769790815299265,-0.6021760585968987,-0.20707174552798097,-0.18120883107276156,0.0
-0.9531311781282378,0.0403597517311413,-0.5615846090439272,0.03329984095582836,0.054287595850075476,-0.5667216874128574,-0.09399893892277801,-0.14974230613163814,0.0
-0.9425471466057931,0.0950579541153797,-0.5629181663830273,-0.6244305191686763,0.052854805300621886,-0.5358975006121924,-0.12079192784686063,-0.15146002404811312,2.0
-0.9280563215156732,0.0828726789226491,-0.6276943900290208,-0.06489468422215244,0.011331802674920365,-0.5286947754607799,-0.13190096696547515,-0.13232210658377208,1.0
-0.791641432079395,-0.03045654334643423,-0.7227866601621021,0.13138010502986697,0.06761207573168387,-0.6720116862744828,-0.06831988719191508,-0.10350361619374598,1.0
-0.7942232168944816,0.07078472773150865,-0.7344481293029351,-0.18216223685059368,0.10767343764377846,-0.44613439459309007,-0.07110158627822462,-0.12666699199408013,1.0
-0.30026831672322674,-0.038709280532087734,-0.5748843903518216,-0.8979428569991479,0.11814084374715239,-0.44100149093272184,-0.18503817121256058,-0.14934162098375536,2.0
-0.9647783989380606,0.03051764973187268,-0.543317628254907,0.024155903031330028,0.06471585490619321,-0.5258169973758846,-0.11126505905331283,-0.15119588558546052,1.0
-0.6888257381738709,0.4196082243050176,-0.5668274691667479,0.21364932633025557,0.07621642539178071,-0.6407023002869768,-0.11720579152395066,-0.21160603896106536,1.0
-0.9589919756597226,0.033567181755364585,-0.5418126231321674,-0.08300697639311579,0.07153268745583526,-0.561289664919362,-0.06481027055430055,-0.14751240230759796,0.0
-0.6292358278039027,-0.15189547637548798,-0.5972768101538243,-0.12346895610971675,0.03645746395114011,-0.6151325053879171,0.024221568848438346,-0.20197288376160255,2.0
-0.9654663845576229,0.039750623632970696,-0.5070702287578629,-0.36551102497874777,0.09769453489877829,-0.5577173198802093,-0.06045135538709906,-0.15366149675870264,2.0
-0.8341907189574603,0.13759126570273145,-0.7121166060896615,-0.27093481609822245,0.02184264182882329,-0.4988155905054789,-0.1547043272831447,-0.16647914854718995,0.0
-0.8991551082537227,0.08829342788459763,-0.5630629160039229,-0.6419489608407558,0.04867815898700663,-0.5563208515615604,-0.13839340276871165,-0.16334896214147285,2.0
-0.9833218631895375,0.006728014413462366,-0.46880877421416045,-0.14359576843808797,0.11112141018111762,-0.5429209328833853,-0.03815473348731151,-0.16480882947448403,2.0
-0.9741716714821366,0.026754313942416005,-0.47088763905503356,-0.3117384579967779,0.11156076261515602,-0.5495777596948818,-0.06174466079737061,-0.16096314074757959,2.0
-0.7445127464663293,0.005929849937992601,-0.7180183125179692,-0.24555331044904974,0.018212553712418658,-0.5904441625574856,-0.11994332041543443,-0.12811039819898068,1.0
-0.9399250745080062,0.1357791065486794,-0.5665964504419044,-0.7309423959972968,0.04532470159746368,-0.5034107012865319,-0.17246083836206005,-0.15803197671706132,2.0
-0.8991506524098017,0.07238243027873392,-0.5621055183222609,-0.7226010224000123,0.07284130528529015,-0.5203785543447446,-0.11484919513399863,-0.16901048504523522,2.0
-0.909149910489496,0.05321004460942108,-0.647315175557969,0.011282700135084783,0.02643445715300606,-0.5589668160654111,-0.10494973471636129,-0.12429222305078877,1.0
-0.915650153808254,0.03145781891889003,-0.5430204514900844,-0.34538240095212963,0.09565560772877615,-0.6147898798216216,-0.05804928027258147,-0.15511762912441796,2.0
-0.9684759340735364,0.034516066681354624,-0.48373746605967216,-0.40069303390768873,0.11075427916064345,-0.5684557024111481,-0.05525911043657147,-0.15931060048308876,2.0
-0.9666251583965172,0.039341845958597535,-0.5195420922063894,-0.04296612560748095,0.06804624366514674,-0.5246744890599646,-0.12056257821580998,-0.15864930917008405,1.0
-0.9465283787021953,0.05751531466832489,-0.5720798400737019,0.061642478231305364,0.03578446645826263,-0.5197043329168292,-0.16404983557468164,-0.1482398205629289,1.0
-0.8161790069544096,0.08280369159460459,-0.6507229124122471,-0.6740733001334482,0.04469756218423001,-0.6051861435171721,-0.1037405370589024,-0.1435262937190922,2.0
-0.9508668572171535,0.06163024641849057,-0.5029506094769103,-0.4634034710315556,0.08691492505053207,-0.5504750705352227,-0.10022527838884279,-0.17508752071689995,2.0
-0.820828314630947,0.26173479514452913,-0.5929055011999692,-0.0688521352474909,0.06597938375645344,-0.5700357169268772,-0.3285327373893623,-0.2096964214648881,0.0
-0.9832772373524369,0.0109675614817119,-0.47437183630355223,0.006411124163603149,0.09272213417812217,-0.5376059389383273,-0.07214394911368291,-0.16020656249543022,0.0
-0.9633317163912052,0.04858683751065925,-0.543438126545024,0.07649545964338117,0.045504370987940176,-0.5205370441697783,-0.11820180135404165,-0.15741972093001805,1.0
-0.9282426656756054,0.09600362665522143,-0.6159551509587781,-0.03442557501399582,0.005073914255122783,-0.5098697800817574,-0.18274713592725275,-0.15762568905914956,0.0
-0.9697913845881089,-0.0053491842540112355,-0.5175386750660933,0.1518913240873221,0.0791238526201561,-0.5669941847481891,-0.046028784511643286,-0.1502653466894913,1.0
-0.9782266820404665,0.0044496272871289155,-0.4582896621715115,-0.26290569198227554,0.11936939897713666,-0.554674258459589,-0.03378395265017889,-0.1705165312880996,2.0
-0.9701860754549829,0.027566984856924263,-0.4602083726729337,-0.5175150775878885,0.11334187646201815,-0.5528446832079618,-0.045034196209896044,-0.1699147365523992,2.0
-0.8302765205540381,-0.049919149098563625,-0.6040568084954444,0.04223923817005781,0.05791165058782413,-0.6206310618204093,-0.09311517711682599,-0.16864476259649075,0.0
-0.938235118946478,0.0009393867273760417,-0.5147539429830738,-0.3582881844811534,0.11055901185851487,-0.5772013224990009,-0.023273586149087838,-0.16410134871453064,2.0
-0.7634684150698725,0.09225077535160363,-0.8574485561634686,-0.06575977888874016,0.11304410444720485,-0.428747106051401,-0.016444960454892632,-0.07524800129072401,1.0
-0.9292217101427289,0.0336199597563724,-0.5869696784591887,-0.026889867382242555,0.061360617881710634,-0.5531321193868709,-0.09903493058874115,-0.1371530924754025,1.0
-0.9402717345748086,0.07794367922051065,-0.5454835371357996,-0.6645921942791577,0.06015882084218456,-0.5442865782415729,-0.1051180077659732,-0.15906329262478358,2.0
-0.9614335182468147,0.04294325024024712,-0.5510285321109318,-0.0321506937979022,0.05513419978666955,-0.5360899599273854,-0.09796013168321112,-0.14301626953056024,1.0
-0.9839222340251469,0.02379937107877556,-0.4500616500611453,-0.3299748827874234,0.1197390389757563,-0.5378165305597473,-0.05048193140867322,-0.16471265975727611,2.0
-0.9662664139319629,0.04766491094594407,-0.5371265036707593,0.0371272369315159,0.045183782486777166,-0.508833764063055,-0.14393665484539742,-0.15434026152436747,1.0
-0.9689960843370036,-0.028381615856959072,-0.43182365249992594,-0.33359841272739876,0.15636681015720344,-0.5868866800188419,0.007009395568512794,-0.1751776823129205,2.0
-0.7033085940519807,-0.143684941231458,-0.6303766936336033,-0.01612202399353574,0.06752858355135789,-0.6790892655560178,-0.07882879066805334,-0.18289756335107626,1.0
-0.9456151832070362,0.08546963101863876,-0.5280542675561781,-0.6079518208979888,0.06724190070878355,-0.5261815104574951,-0.13153321331146925,-0.1597352722093546,2.0
-0.760538467205009,-0.049473902211191356,-0.713266405957277,-0.00178643731252065,0.04208380552623401,-0.6723648028767272,-0.07661120860917839,-0.1445849284715147,1.0
-0.9293444519314613,0.050175379671007644,-0.6045305569608285,-0.012760870929763857,0.050576320040420404,-0.5051064364717236,-0.11488679168342104,-0.14374660626559452,1.0
-0.9578926317219612,0.034171853474845165,-0.5485398143929516,0.039377889873516536,0.060741194865600236,-0.5335518932599255,-0.11741788387681301,-0.1496693192408752,1.0
-0.7712840862666112,-0.04586367882443132,-0.6941971439896845,-0.002890426467840851,0.053740155867923745,-0.6194658820551807,-0.0971132175087619,-0.13563030126963294,1.0
-0.9157264766297569,0.10470005222232967,-0.550135340511628,-0.8084804644237356,0.06287470276895751,-0.5141058884569374,-0.14182055551991657,-0.1524439312196994,2.0
-0.47982945228371493,-0.02113201459803639,-0.6570140271842305,-0.9510591386355545,-0.06928395952253369,-0.5526053316922293,-0.1458513247991341,-0.24385943803459653,2.0
-0.969756957925215,0.019650448499074796,-0.5152054250567357,0.009068899466078029,0.07326423807638234,-0.5531995703162335,-0.07380146334793432,-0.15308982413662336,0.0
-0.9052404689888868,0.00228434356953279,-0.6001241602968472,0.044854797426117726,0.05267424835552891,-0.5927329503323672,-0.07034782185060322,-0.1594217580539732,1.0
-0.9516831594117889,0.05190805371645616,-0.565926133684738,0.09437763437713215,0.04305022799380927,-0.5309503648695563,-0.13457815572640203,-0.15947036405404783,1.0
-0.8567403915835876,-0.06313838563675107,-0.5878645969773578,0.08263283537152183,0.05648408063458685,-0.6241675910103682,-0.03683528104480986,-0.17365014956542818,0.0
-0.5179648682824033,-0.29315067328378036,-0.3270926318327936,0.030051998479775466,-0.13473723180470043,-0.613541632442534,-0.4675976447582942,-0.3157946016121198,1.0
-0.9840734892955568,-0.001227858247893364,-0.4439417411340042,-0.3402423420365703,0.14368013887749415,-0.5912339627827625,0.01743597420069902,-0.16232663962789667,2.0
-0.876943045451617,-0.001618899627092045,-0.5547210648577411,-0.5687919146696967,0.08700199828215079,-0.6274195915154309,-0.020221841029299664,-0.16924937597830023,2.0
-0.95059230741417,0.036623015359596424,-0.5748093528325594,0.1430903901112402,0.042887875950158014,-0.5413041092123377,-0.11240192587228584,-0.1529160438465409,1.0
-0.9107463072394018,0.03550410257926246,-0.5409555978457791,-0.6291568092744203,0.0717566207335275,-0.5771219046672116,-0.056012115724384394,-0.17015487055959458,2.0
-0.9809904165691441,0.020739211751310355,-0.49750388838980414,0.09397369978711206,0.07739638731728053,-0.5243394454940712,-0.09880813169581235,-0.15749599467567246,1.0
-0.7542985615262551,-0.014448124766601213,-0.6673467183304356,-0.03192721962535269,-0.0021149805404671734,-0.5782798796096726,-0.05269450397454915,-0.18335288431885247,0.0
-0.9567911259202372,0.06861314981545046,-0.5019610398386074,-0.4421841530560212,0.08659577372005205,-0.5277727329555614,-0.14338977564477473,-0.1781258817774423,2.0
-0.9538103888572603,0.02765978695427062,-0.5410263202398861,0.05546178349285841,0.04954161746840828,-0.5271969993771933,-0.12782213176559512,-0.16289773392944024,0.0
-0.9555884618327253,0.023587508065303048,-0.5388111461942118,0.034295713149622736,0.06291351348962,-0.5517302368093165,-0.08025495742146761,-0.15754712089106693,0.0
-0.9581885625735999,0.052874932360598134,-0.5557173014874098,-0.12896480405535032,0.05794431525749343,-0.5356918578242299,-0.1189596491226425,-0.15320762688130302,0.0
-0.8805946320848022,0.11859786321749487,-0.6571045903310154,-0.10537348171735458,0.015307164293795403,-0.5595186637541224,-0.1881429650934618,-0.143836043352868,0.0
-0.9573327618344295,0.04967171676488019,-0.5606519080362867,0.03223977677097847,0.04481692855226804,-0.5333833192579045,-0.11226446956347079,-0.145231457360136,1.0
-0.9790288682984941,0.010060378900330298,-0.5072151922403669,0.07331851989227045,0.08157611063864058,-0.5380625928360514,-0.06845648651773743,-0.15094954012649803,1.0
-0.16878649859177808,-0.13270744447590263,-0.5947412131344307,-0.7660497343507012,0.26401424028252507,-0.425896535862925,-0.1701505331005267,-0.10077472967854464,2.0
-0.9509829569387305,0.02774468848958563,-0.5609872749904029,0.10737654331615037,0.0526156164164402,-0.5530412431357923,-0.10331624048680552,-0.14572047457861467,1.0
-0.8509572367268172,0.15440562537204516,-0.7155567858262782,-0.09480341090904268,0.005618541880383965,-0.4374774515516338,-0.16191608612284014,-0.1684614460855101,0.0
-0.9348297100828352,0.11995774519834275,-0.5666605592642115,-0.4987025160266491,0.034878520853548665,-0.5206407173250571,-0.18544584385755328,-0.1518509248480744,2.0
-0.9657415906446936,0.03062359428223498,-0.5257448664419938,-0.13977552192354403,0.06945681147275032,-0.5389275326395521,-0.08943828037303046,-0.1614124732433216,0.0
-0.9702994616289633,0.035642765860936725,-0.5169862157089558,-0.049278292187610484,0.07352995996511776,-0.540151905927342,-0.0868866348382627,-0.16182434292954867,0.0
-0.7172023405989087,0.07042435820391624,-0.7180744629764192,-0.02098462437790541,0.06345174551776625,-0.5857396821414066,-0.16228200913645316,-0.1639374932747768,1.0
-0.2998429622933678,0.8729452521074615,-0.4640677519275777,0.8971230987787587,0.7495406050520741,-1.0,-0.5667020732060799,-0.5333674005087724,2.0
-0.4101318644133902,-0.16454764031935984,-0.4266289691070798,-0.06188499942662529,-0.19983583266493982,-0.49441995971708286,-0.08350873292455827,-0.49394478837011524,1.0
0.097896733158371,0.23547335918032522,-0.24888750337884874,0.08361457722300963,0.5619068228868418,-0.6750881688436254,-0.8434035943703357,-0.3229056008294364,2.0
-0.8601647800801765,0.1691522432151923,-0.6293739667563708,-0.8782475472356714,0.03819046237916354,-0.4757491540470677,-0.20253256159658212,-0.1441307435250119,2.0
-0.8533617901866559,0.19322365775372477,-0.6123852257935891,-0.059471810762963595,0.031750683594319165,-0.5704912114845401,-0.27593002313763537,-0.21083949366373367,0.0
-0.7557534648907361,0.07685444955146147,-0.7684060829907469,-0.13781822876591945,0.006469311191578356,-0.6303590560936396,-0.02425758088515026,-0.1513034581831678,0.0
-0.8970533226845726,0.0815821450742335,-0.6515732135554402,-0.050864770507013046,0.011032921341032821,-0.5128050939735335,-0.14569639576340637,-0.15348498464438454,0.0
-0.8002671165593255,-0.02875124293428645,-0.667766612524701,-0.5925988241637743,0.03635264533789062,-0.6978932566971106,0.03577375282285433,-0.15970631066224172,2.0
-0.3351047562056223,-0.2018595538632683,-0.7971700815939984,-0.1995898184575582,0.18349660658898015,-0.5820810318673593,-0.19154788704061848,-0.1174079851718782,0.0
-0.8888157467837072,0.0962387087211734,-0.6606526941663549,-0.05732417914362481,0.019411917046400183,-0.5154495856636467,-0.16310620461755865,-0.15741022938543242,0.0
-0.9750305794755344,0.03676777425347026,-0.5109157938843579,0.09717701742863943,0.056048356381586485,-0.5063391359664933,-0.14283768166693822,-0.16112802119438033,1.0
-0.9375171076521254,0.01416901685547866,-0.5744675300466683,0.07470510431438276,0.06311878694374892,-0.5522167503884664,-0.0882065813961804,-0.148253982718055,1.0
-0.9412063212063447,0.04717564231097569,-0.5869308713367234,0.04219064474669043,0.03537824807671847,-0.5550110746863827,-0.10464906291938364,-0.14571350031743535,0.0
-0.9352064688090778,0.07317560208380916,-0.6032493896956267,0.009918236279442855,0.020343092695382668,-0.5210272670932619,-0.1657308871058945,-0.1502631864152532,1.0
-0.9484424344645238,0.08647022199935876,-0.5449761654788289,-0.089480595895712,0.03265834201583073,-0.5040842301913494,-0.18226641908174906,-0.17486065963867498,0.0
-0.965886330795422,0.024146311921182214,-0.5182662848259709,0.06569851705009194,0.07191621982959455,-0.5250258982290401,-0.12314897995796568,-0.14788782540461473,1.0
-0.9041927449341154,0.07270317837658645,-0.6595123368129069,-0.0904919846869163,0.02311119964028445,-0.48784788163614223,-0.12500183156295805,-0.14683623758241646,0.0
-0.9509410398800884,0.04601383359460903,-0.5358208213373948,-0.3072967329861295,0.06697346790155752,-0.551656360488877,-0.10042700383189845,-0.16264826079922462,0.0
-0.9591348251952563,0.02738298868166088,-0.556173702060523,0.11102639824759669,0.061028436709048194,-0.5348837122066198,-0.10310686630850696,-0.14187600625295588,1.0
-0.9641861604313315,0.014420887698951348,-0.5101212229850604,-0.023489533848630395,0.09054466032962755,-0.5480538353850204,-0.09041338912676156,-0.16138407266986055,0.0
-0.7565722550065641,-0.005082708744927118,-0.660673777723408,-0.0567009503377863,0.05604722790293031,-0.6328939297700704,-0.1441899406012074,-0.15894173404988785,1.0
-0.7546949427450114,-0.09518730229220274,-0.625181792179822,-0.40238582560104136,0.08993229398459511,-0.6638560491114078,-0.048760243954072885,-0.1620314500286662,2.0
-0.9783576863972265,0.02296146632681165,-0.45948784700142253,-0.3361042059776319,0.12036393101005348,-0.547822123915463,-0.06603719149680234,-0.16734104860995092,2.0
-0.9602911385390568,0.06061098145329846,-0.5062484130716879,-0.4817782057750737,0.0803643322367233,-0.5258732895110927,-0.11590482598524876,-0.17410163857312846,2.0
-0.9420047729042977,0.0028133706795062594,-0.5673883543279704,0.15842115649333866,0.050486575960886716,-0.5681924847590951,-0.06739620480307804,-0.155006200971578,0.0
-0.9281803159619287,0.0805228039583894,-0.6043345916206584,-0.15848220088765502,0.03782438115631673,-0.47012289917434175,-0.13958694651361678,-0.1547445959571651,0.0
-0.9824423345698462,0.02408419348723447,-0.4940485043674317,0.046537887479164514,0.08150501950160455,-0.5171462362690191,-0.10928374954413095,-0.16051414728661542,1.0
-0.981134961865719,0.033836417839844694,-0.5018334120180017,0.027613600876992078,0.06938702261858594,-0.5059657984444594,-0.1213185146233931,-0.15907485208052352,1.0
-0.9248919322293818,0.12155249954503053,-0.5901526947515757,-0.5272933236386554,0.032215562994475255,-0.5562091777802741,-0.1443932078154839,-0.14313232314468938,2.0
-0.9588515033098175,0.004188272097536527,-0.5187116680596743,0.11328278730082314,0.06124093470446601,-0.5335890723773914,-0.09053331056031994,-0.16234585988885802,1.0
-0.9286869315846272,-0.022031849715225496,-0.5213458559944497,-0.1177824081526092,0.09304786492761355,-0.5866957994649938,-0.05026902310699214,-0.16288381802744165,0.0
-0.8652977856489289,0.025613016243476686,-0.6143708675101898,-0.5198027415970587,0.050555195834037565,-0.616128016661614,-0.07476200088849677,-0.1675648179115963,2.0
-0.9636507418379548,0.01372629763402379,-0.4879456998635458,-0.2156387315558586,0.11041313339512465,-0.5707894092049972,-0.027130245357978963,-0.15466696137592958,2.0
-0.9265284955060495,0.028002985723872376,-0.6236963759719942,0.10141841855464545,0.04584918914181889,-0.5848224504547717,-0.0853793678195772,-0.12610057085760215,1.0
-0.9310053112968498,0.04709713761184033,-0.6108870783883432,0.06536563336148227,0.045265477078519634,-0.5327845990220018,-0.12491501212492659,-0.1308879460529655,1.0
-0.9015956126425665,0.023643439531731716,-0.6257146240337149,0.06888256333681025,0.03034602282982478,-0.5806368665376406,-0.09574675649125156,-0.1617743008188684,1.0
-0.9576461680937232,0.06414738648586059,-0.5729153524696314,0.0545601395462022,0.03412079642512126,-0.5105025024633161,-0.1459914610459789,-0.1507497853447911,1.0
-0.8140077965726097,0.11199590029194995,-0.694176326048926,-0.6827744683077195,0.049924863313138036,-0.5203170913393499,-0.13046495095593447,-0.13617107618841578,2.0
-0.9927024066007978,-0.001774174347489478,-0.4508442196548297,0.10685309690861555,0.10079488485013374,-0.5242157621486687,-0.0787499093860231,-0.16249501344759834,0.0
-0.9237750242774806,0.09067014232269732,-0.6378043404298063,-0.10949559604074914,0.013867165724040793,-0.5289480934391954,-0.14342340264659953,-0.12874474227639293,1.0
-0.8533017999129511,0.032390636689791426,-0.6778449473481345,-0.007378523006619481,0.028602101203665874,-0.6319879320712632,-0.05753605413283779,-0.12807894920967441,0.0
-0.981776432377932,0.032101789820640526,-0.5080891198333676,0.038919736179984815,0.07159330236047884,-0.5161621722939157,-0.10321769266846066,-0.15598721950046285,1.0
-0.9610603483062652,0.027652101442517802,-0.543949497962263,0.027964119552200184,0.06671570652709498,-0.5483558318706067,-0.10115818850960376,-0.1467222693853917,1.0
-0.6776153315665779,-0.03167023444304437,-0.6961859690809531,-0.1536297426134216,-0.04261528664345124,-0.545890089643483,-0.046114362883776544,-0.19522383934428628,1.0
-0.8961795482574169,0.08701095735601898,-0.6426095720468948,0.06081676844974454,0.004082757132792436,-0.5033622324990733,-0.17565271571095978,-0.17165163973404607,1.0
-0.8928067927165346,0.1274901527924669,-0.6607064850022146,-0.06567939893209146,-0.0053717692956694735,-0.5015739291927777,-0.21438983325968775,-0.15668233624415137,1.0
-0.8484738014458146,0.04716041901397963,-0.7102393569549752,0.03690361704507594,0.05083788386654494,-0.5985457947223675,-0.09187638870825507,-0.11128458892223247,1.0
-0.8963395131098354,0.056861049914711394,-0.6094327757508385,-0.3666164593801603,0.05560326547421081,-0.5839847578693879,-0.12014448769558411,-0.14770539586154136,0.0
-0.9720851099758905,0.02769890392921615,-0.5215899038048054,0.023571499280453906,0.07116778692321206,-0.5461024203842108,-0.07443316098453905,-0.1468218292302767,1.0
-0.8830340679142169,0.004657583957889136,-0.5737704716836373,-0.4760017527218594,0.07966268542720928,-0.6295668579102761,-0.044578707638298784,-0.15743740674943238,2.0
-0.7861527876591492,-0.08298994344608035,-0.638934031490078,-0.12738167613416168,0.05335596605418166,-0.6765255595909814,-0.038524180383646536,-0.17130943273530275,0.0
-0.9726754739339442,0.0549433186420867,-0.5333124401282626,-0.04456807988358899,0.0525503728400154,-0.5043300074088146,-0.1453229903821058,-0.15213536283345203,1.0
-0.9830849877392338,0.04643000939132296,-0.49065454709433637,-0.050330129300893034,0.06805675485259001,-0.504173679314897,-0.148505858125142,-0.16710313558306694,0.0
-0.9602863232342822,0.023116885931885718,-0.5296507391317843,0.0072896522867070546,0.05971467884540029,-0.546278909842095,-0.08568672855845608,-0.15770599704570898,0.0
-0.8450246340584404,-0.005949233611278797,-0.6245157752889259,-0.06242378735381551,0.016149166961749853,-0.6155557524535887,-0.045496050061243944,-0.16499125385829244,1.0
-0.966516344604314,-0.0019227062568300118,-0.5091447840249268,0.0854526993471082,0.087229646393906,-0.5608098829019462,-0.05286833105345209,-0.15958978431956597,0.0
-0.8036182889331029,0.0398278788650884,-0.6735017482407175,-0.43991167424462796,0.04973261743843072,-0.6183479012712744,-0.035375893957729804,-0.12973688561278002,2.0
-0.8834587936625447,0.04100402697675411,-0.6537858471155016,-0.10428468290267028,0.01738607133164783,-0.6110777503740323,-0.05904933000534397,-0.13875731650870532,1.0
-0.9248496219477723,0.03777762141518887,-0.5919240765656621,-0.059543921397753885,0.05193257493518905,-0.5450986712210595,-0.11244601210357713,-0.1490449308941391,0.0
-0.7400613332122823,-0.02042620057257563,-0.6647589020346573,0.07935619522709586,0.06476317290301215,-0.5690054417195832,-0.15341683258695224,-0.16002430694114553,1.0
-0.9387232132909737,0.07817122084039055,-0.5576863141311004,-0.5283844604382344,0.0689499764794195,-0.5681256540204168,-0.09731583008180489,-0.14460376222891277,2.0
-0.8437054499064898,0.1048933189727814,-0.6246959478463302,-0.2764633253087686,0.020594604275631596,-0.5180251323691673,-0.205119663956658,-0.18616438726378778,0.0
-0.9653694415929887,0.06323116027566418,-0.4936037869618817,-0.4747556521315178,0.08664939522351492,-0.5246297148826452,-0.11269950515292562,-0.17504902976221282,2.0
-0.9777413275376937,0.03199772637688531,-0.4934081325030988,-0.01251670911534808,0.07393437303475822,-0.5043064298984024,-0.12796821216891072,-0.1631473370482899,1.0
-0.9149035815102748,0.04198092158674037,-0.594853056189939,-0.06871156998297043,0.02340492265115078,-0.5594801925696897,-0.11272538917124715,-0.14967519159664797,1.0
-0.9625838948156077,0.03297158119347273,-0.523061951329458,-0.14150598387432722,0.06812265417568897,-0.5442461810411124,-0.09860360131639026,-0.1596281239936528,0.0
-0.8938492387055164,0.024070257067687815,-0.6502223105026419,0.0010722263738968119,0.025797594398624668,-0.5970132580240202,-0.06339508987254139,-0.1521229163545919,1.0
-0.45453878774306034,0.10840170586184023,-0.8080829783232664,-0.17851439547769474,0.08129486580189235,-0.32927311377716006,-0.03497392917923747,-0.21965940168309384,0.0
-0.9661242416730632,0.05811979602977678,-0.5038252260526357,-0.2485883545262642,0.06954471924217646,-0.5180872470451868,-0.14129022188141138,-0.17105145137209787,0.0
-0.9623239034507712,0.04741516033848047,-0.5635601451384887,0.04656939255689621,0.03852549370228219,-0.5141227819531936,-0.13511738561323405,-0.14580672464363884,1.0
-0.9624828474970418,0.06064903635160746,-0.5628102193641292,-0.03166211588618387,0.040679775282626826,-0.5154265684805388,-0.1406301878752282,-0.14227049886577586,0.0
-0.956133027871692,0.07427782856391076,-0.5093448104350347,-0.5486018183084034,0.08861701597275565,-0.5339082478093563,-0.11613004471246344,-0.17346812115759688,2.0
-0.915833017877807,0.03821528874498482,-0.5224198423361737,-0.6277425004372914,0.07358620579835905,-0.5833876531494867,-0.06856703840351519,-0.17976531848207863,2.0
-0.9787444247474103,0.04573347832361452,-0.5073349796185199,0.022871960422372745,0.06737862744609484,-0.5070219252225566,-0.14307633935338435,-0.16507443644795214,1.0
-0.9729075353878032,0.008451783943336871,-0.4892575398945681,-0.057909193457278796,0.08976017665076513,-0.533967695925252,-0.08920271212502479,-0.16288061814340898,0.0
-0.7422291298695773,0.010895037062265508,-0.6556994846223833,-0.6297770866048246,0.06006105981991153,-0.6498805936486554,-0.11760050547456093,-0.1603686089254784,2.0
-0.9577879394853717,0.020439718881384426,-0.5354031101100918,0.10239932079355213,0.05464120250009407,-0.5285705091235107,-0.11877239403474665,-0.15681235773742483,1.0
-0.8677866604143127,0.022624540791266304,-0.6436061569570599,-0.04273514930120556,0.06035601947092251,-0.5777137594197571,-0.1145419574618273,-0.12447954814380383,1.0
-0.9415845920669018,0.0906159393062416,-0.615504583929354,-0.03702244883137781,0.014135811243812156,-0.5197692329296517,-0.15149029538835468,-0.13660830247679884,1.0
-0.45166734732294633,0.5473477004874828,-0.5051460593592436,-0.045998895883593044,0.014277760008959715,-0.5552910813090499,0.6062591012351716,-0.19323662466883518,2.0
-0.9598236841553464,0.03584620675660251,-0.47742441601777696,-0.4092152230182412,0.10124953488747757,-0.54598403733222,-0.0887115149743325,-0.16531072486170112,2.0
-0.9306457529888431,0.07679462843889052,-0.5281590364665275,-0.727384241355704,0.07104376854321799,-0.5540725071684495,-0.10590747597717258,-0.17100430066114586,2.0
-0.6559828806653956,0.017113632151192812,-0.9181585298234931,-0.16308466107045172,0.10950193927527802,-0.3352059773643506,0.17349863470035337,-0.11056340654698046,1.0
-0.9367220213636739,0.05197799454023554,-0.5990854929373992,0.01258722888539171,0.03880266021317502,-0.5338938212125347,-0.1342719806007735,-0.14337302335496738,1.0
-0.9541244548078542,0.07196697581541125,-0.5417183434374319,-0.4568499949765778,0.06752630800052757,-0.5403292177877442,-0.1239857953256565,-0.15911350904748495,0.0
-0.8834009410387735,0.053524500473211896,-0.5915819966694582,-0.5669898003799521,0.07007266808356694,-0.5986563586608322,-0.10861495865851353,-0.1542764679862893,2.0
-0.9542202031961612,0.0657843212469924,-0.5054733316957628,-0.5031369144990319,0.08934103624843664,-0.5511601163541935,-0.11530829035117737,-0.1772756978723494,2.0
-0.9679344758768376,-0.008357647189813279,-0.49304895394677933,0.1220990555120618,0.08409678630663492,-0.5423172832646974,-0.06931361355319882,-0.16418459108929673,0.0
-0.9524809005792041,-0.003446696918274539,-0.532761136497584,0.10847869906425434,0.06874543102723171,-0.5703165290960475,-0.05073859412689939,-0.15468928275163182,1.0
-0.9224420772380055,0.09779486645485558,-0.5611260092233163,-0.5021244007021534,0.05841624771013367,-0.5371298937904565,-0.16403229386363305,-0.17650208251729507,2.0
0.007979275329425661,-0.02067470784248343,-0.31485916476833475,-0.6226930221064964,0.15421558378609934,-0.5479255998398311,-0.2820971498248982,0.08593129880766295,2.0
-0.9568872320753571,0.05672996145793946,-0.5396742164563004,-0.3932134286090825,0.07380904669313199,-0.5510801548651846,-0.07578463454602194,-0.15556232415432847,2.0
-0.9712120161738502,0.002410447159993681,-0.4637950038587011,-0.42189413763371864,0.13585413609281322,-0.5868753033681262,-0.018309359572480935,-0.17158534148179444,2.0
-0.45505977213242077,0.14984536340648297,-0.8566830635379022,-0.028773073885380418,0.03974690632964364,-0.44874930310555156,0.008170222469955163,-0.2601480946361691,0.0
-0.9543646514943418,0.043868362388620505,-0.5546760550412074,0.024631765455383203,0.04785281774370425,-0.5081269234231918,-0.12495222711641685,-0.14989925649522826,1.0
-0.6493221350571919,0.015725853751766168,-0.6033323387531047,-0.04942672991532934,-0.061362624250320935,-0.6360179112906399,-0.08597726888149132,-0.2558856573250559,0.0
-0.9767710755432042,0.016105822329297467,-0.472721957533638,-0.1440029302043917,0.10030450138416012,-0.5420548074485921,-0.08417159423380421,-0.1681465118969281,0.0
-0.5308246884964904,0.21826935977740844,-0.4555858417361084,-0.7612455417027769,-0.05068735023982143,-0.5914121348764652,-0.14527423336634296,-0.12187610768708096,2.0
-0.9848660588922885,0.0017192551272262671,-0.4688693970508586,0.09273424333368308,0.09941946377868952,-0.5269177791909262,-0.08519204103967093,-0.1605362570883245,1.0
-0.9568711186817911,0.023268020800424893,-0.5389057661270062,0.04355883039001554,0.05807667155247999,-0.5499468857382048,-0.08235103132769392,-0.15472668267304668,0.0
-0.8399522692350218,-0.005337800395082561,-0.6338180207289155,-0.01854540642612157,0.03943210475670117,-0.5646693587412446,-0.11778047435264011,-0.18380584049454993,1.0
-0.8932943017863201,0.03987282848934309,-0.6527808100759428,0.05779716307476357,0.023791965940446566,-0.5879994486997023,-0.09353805206082842,-0.13928425165533617,0.0
-0.8129770227444907,0.04247899503819329,-0.6856440399331818,-0.07390746856751268,-0.008304252929230774,-0.6181745983665738,-0.07478655934902018,-0.15777161980907567,0.0
-0.29657748884433066,-0.0502029630752093,-0.540539497218669,0.23529229620703318,0.09011369253765232,-0.5962171095816957,-0.13253344529510883,-0.18158189398849628,0.0
-0.8991319395257673,0.03704130689911153,-0.6388578190946522,-0.001206898280772778,0.024099161358687837,-0.5836448348482952,-0.08951848885220401,-0.1324432220799718,1.0
-0.936381388886257,0.03775911052316183,-0.5585088144461796,-0.012551087260381733,0.04051991257845054,-0.51882575083847,-0.16344188880621524,-0.17963962181583054,0.0
-0.8380439043203392,0.16010466452072958,-0.6110069802388044,-0.9342301955970524,0.06147748917327757,-0.46681060700968297,-0.23926148091029542,-0.16508734143147297,2.0
-0.9737026879452486,0.04164942382633317,-0.520962342348761,-0.1299670872285736,0.07005282904447965,-0.5273610299200343,-0.090157258919214,-0.15279961175632215,2.0
-0.9590504405242901,0.07456201322214705,-0.533825443815344,-0.3326263174482319,0.05633834660107545,-0.5228981585990267,-0.12330774359679442,-0.15668828997008252,0.0
-0.9647219897202045,0.042923036396645534,-0.527334975165536,-0.1598983366125434,0.06411520246373993,-0.5273494180254857,-0.10197723508932144,-0.1559612902134859,2.0
-0.9670425168368468,0.03388201330687423,-0.5256018116898695,-0.0851573134816386,0.06964886088727919,-0.5255610922611815,-0.11154739999636494,-0.16214225911306848,0.0
-0.9717748009499985,0.02700963720578782,-0.5146248086352841,0.046999902324673826,0.0662376191013831,-0.5121887097673712,-0.11096627345260622,-0.15177304279581988,1.0
-0.5695719289702204,0.4628332838615048,-0.5960009836986514,-0.006497093179844732,-0.06594623853499368,-0.5035215366076801,0.5271620692325764,-0.22119743480251208,2.0
-0.8803256362413303,-0.05080699719660037,-0.5488495008713098,0.1390309601879346,0.06921772581904607,-0.595421946677964,-0.09594240794824382,-0.17916969122689222,0.0
-0.8482259068718404,0.07967563256984178,-0.6764580949588213,-0.10193402308081094,-0.005045465446161537,-0.5830609953042333,-0.12998177470545838,-0.14441758512976072,0.0
-0.8517194702876728,-0.06388510474346407,-0.4850036969882553,-0.27910046393949606,0.10054675779935096,-0.6047928048121826,-0.13338041889159813,-0.19581838247070385,0.0
-0.7060385419503846,-0.039567579441728284,-0.675201884757379,-0.4942659834144152,0.1020936048924009,-0.6553552874295501,-0.06727237203040859,-0.1329777764604863,2.0
-0.9589896078769842,0.06927272762623969,-0.5200576944134568,-0.35290788740847534,0.07646885103307818,-0.5103271246976987,-0.12466916617736057,-0.15654977134158995,2.0
-0.9632882942104252,0.01710261746435969,-0.5210906487928302,0.0898516207999463,0.06841948783336207,-0.5419103974073272,-0.0913423304335105,-0.1557688862389629,0.0
-0.9328352940107008,0.033848281962051044,-0.6062375031176717,0.008994573324137778,0.03940496437941428,-0.5732831328954854,-0.0778977870197824,-0.1382831648916485,1.0
-0.8751882749853319,0.052029925724861856,-0.6712989053163521,0.026322627610324945,0.029848069965885966,-0.5570050299492502,-0.14249414140485672,-0.143183364251153,1.0
-0.9435512101529856,0.09924096974400075,-0.5311858739534122,-0.6461207213713622,0.061416761192588744,-0.5125169323901132,-0.15128593486756692,-0.16546315088190602,2.0
-0.9761227985902134,0.02131648437061187,-0.49941563186672366,0.0451007542354237,0.08163660040354095,-0.5396379413178096,-0.09716197181409826,-0.15646839837187673,1.0
-0.966802213717912,0.0603959535809135,-0.5006196302211509,-0.43303974287582825,0.09050585271669528,-0.5296744887759649,-0.09444483143101835,-0.1531125409870298,2.0
-0.9518821234393781,-0.009560922140103179,-0.516683989752496,0.07918165789436404,0.09340193534515152,-0.5566399349498983,-0.0752129945637489,-0.1566502093117689,1.0
-0.8948166562193335,0.10919033535395399,-0.6502577328444871,-0.4791053675712433,0.013767323431541911,-0.5702041195068308,-0.12263169049087558,-0.1339260903915427,2.0
-0.9228912052280003,0.050820550903342435,-0.6266854721171125,0.008992892725973589,0.04129336442903741,-0.5640825056266311,-0.11727576265831474,-0.13307980241586717,1.0
-0.6335958020972987,-0.05956744930301407,-0.7646381632865388,-0.26644723817600996,0.08846587916971287,-0.6059755559649668,-0.04086507723072538,-0.10849209456366776,1.0
-0.9246551705326069,0.06957850712661359,-0.5277959086945173,-0.6937572289874832,0.0710165660580762,-0.5591051591723073,-0.09410712230299244,-0.17206018946380391,2.0
-0.22972573636282567,0.5268214306278953,-0.19732109475220988,0.5102608690411071,-0.12143933167530285,-0.629764175900744,0.5006224735706415,-0.24836976265345834,0.0
-0.7900303376572787,0.13460425195931727,-0.6857432870446644,-0.5721080257578419,0.035906084455787746,-0.5603844604171325,-0.09118965902408188,-0.12860153283627393,2.0
-0.9447585949088402,0.028555702438344602,-0.5844845989075864,0.03870308871021022,0.05934117996916793,-0.5054062413649476,-0.08227844371667084,-0.15207086478034484,1.0
-0.9622591193882337,0.04839741145837844,-0.5376481781425273,-0.055692560545676784,0.05103716753990113,-0.524890309666439,-0.13166961672757171,-0.15289124378398997,0.0
-0.9496467926675359,0.06080866747110615,-0.5688495810471843,0.05171132280199203,0.04005835437629737,-0.5096316312495002,-0.17505130298017108,-0.14922484290535953,1.0
-0.9653801355029925,0.027464880359028093,-0.5320242115749804,0.047138764472159145,0.06475488188061841,-0.5294281914061157,-0.10209668036445932,-0.1612686840253899,0.0
-0.9848040290602058,0.018905486506362135,-0.45440271313883546,-0.31625603348230014,0.11401557139841836,-0.5320784271053327,-0.06331394767903979,-0.17169715373861938,2.0
-0.9215584269444735,0.0426189180520693,-0.6154090219148821,-0.005205801475982347,0.037975429129525465,-0.5552063754375074,-0.11189382069818324,-0.14601510017497968,1.0
-0.2874984826432585,0.5649303657689595,-0.40991809571972737,0.25407174878175237,0.28770864658059514,-0.6528331434948633,0.28350000625540606,-0.2819342590728623,2.0
-0.8148189423709843,0.07115618780330751,-0.6761590750350174,-0.7046646847962721,0.00595456457260591,-0.6363745717123355,-0.06816779790716747,-0.14422292027336103,2.0
-0.963759283774833,-0.007353432098816559,-0.515305341665116,0.10421194166035425,0.08316626703957575,-0.5599108070010635,-0.06332626960972151,-0.16267840028600028,1.0
-0.9263443662577647,0.06959202545645528,-0.6132142033999783,0.005358616627369112,0.024230232699874184,-0.5028221611471921,-0.17809548046025178,-0.1505892947918175,1.0
-0.8410941738631716,-0.03547935500156009,-0.5723926733331369,-0.15936764773938739,0.07860497755001554,-0.6522268083588212,-0.11850143026959205,-0.1561829169946694,0.0
-0.9219619697524462,0.1262209322757188,-0.5939696421922558,-0.7875872731480207,0.043212464356396044,-0.5456280858991115,-0.1250174640092096,-0.14338295352259542,2.0
-0.9094917976847698,0.11654299589997251,-0.6297303848615157,-0.22561228572005937,-0.006665630594672942,-0.5338402651705362,-0.16634433029398565,-0.14762011711689016,0.0
-0.9767878078306427,0.05067597149693243,-0.5231589903409046,0.027946564249773737,0.05999583344174568,-0.5111091654062887,-0.11955834534607626,-0.1544635042852344,0.0
-0.9742284734692155,0.05277997113139976,-0.5294509228177531,-0.04846835027948665,0.059303081381974355,-0.5155520971630329,-0.11914515078814754,-0.15113795710108008,1.0
-0.9784295570896462,0.023926379525589438,-0.48327886992832536,-0.28060719823069136,0.12037307338817493,-0.5711277621834779,-0.022468175845786878,-0.15710346672844025,2.0
-0.9455537741369984,-0.023699198404495345,-0.53575852973079,-0.03529304043473036,0.09962416504345496,-0.6240696454577218,0.00677673701820844,-0.15650470773175354,0.0
-0.9676782006698125,0.024262389246802792,-0.5143863239788362,0.1268105735352556,0.06437280940578947,-0.5357912680651432,-0.10714338748408805,-0.16458557767073706,1.0
-0.9645781702159025,0.03975938005039444,-0.5433998396219749,-0.029926912100448205,0.0611671214404532,-0.5358397443117935,-0.1075461988812459,-0.14619628853610558,0.0
-0.9170571121906036,0.11467858042466018,-0.6660666022186805,-0.06606581812798776,-0.004676622494779792,-0.5312839170849362,-0.16329188644683426,-0.1318891824077074,1.0
-0.9471793210702458,0.02034917861944442,-0.5606136964930852,-0.09832384774111513,0.06860906141212796,-0.5860372643930358,-0.057122345309086754,-0.15007110557512662,0.0
-0.9340719657386566,0.10997557920482844,-0.5600036836179347,-0.5378550512886275,0.043527885693418436,-0.5356543249385332,-0.15854726394611562,-0.1443649364671381,2.0
-0.8975957206795512,-0.008142715785127305,-0.6285379019942582,0.05838285902223128,0.05904275796917663,-0.6204842755816267,-0.05439132722431236,-0.13145864030792936,1.0
-0.9619635319346193,0.041941273429412354,-0.5427965365227316,0.0185607847303417,0.04825731412989085,-0.5240983692925163,-0.12244075292050727,-0.15986083176247984,1.0
-0.7150745086230885,0.4365228975066121,-0.49750561915812896,-0.06517170309272535,-0.00792549393443602,-0.6988201682479239,-0.1470550738797085,-0.16174024916776053,0.0
-0.7781549861632796,0.04843784328002224,-0.7293863693833174,-0.07920557924258347,0.009121321714190458,-0.6121044554975814,-0.08996195944116993,-0.11872264692016264,1.0
-0.9566665974980169,-0.000336336050181997,-0.5319087262469585,0.21134568296907918,0.06669640630394488,-0.5478127152326028,-0.09465456136767281,-0.16713515540095522,0.0
-0.9552871105772586,0.046204376388810184,-0.5607309655100027,0.11112749657569654,0.04219611548470746,-0.5165638628361369,-0.14136067802021818,-0.14868611717396732,1.0
-0.8623239594176352,0.05079121683738509,-0.6761568949919018,0.02292885943830586,0.013536309296520319,-0.5977817616091007,-0.09116265401832374,-0.13808941322420437,0.0
-0.6397180358235504,-0.15324450754304034,-0.5437599299636748,-0.24704835345985005,0.03749766600854705,-0.6346972839729432,-0.22496315475187145,-0.2071164058837992,0.0
-0.9318363648400428,0.06811677302425181,-0.5539166350598633,-0.5646793400318895,0.07357294944524025,-0.5703944257855662,-0.09085917075436392,-0.1514319696490421,2.0
-0.7663930434281484,0.018696917449373004,-0.7412676052739573,-0.10694464758887025,0.022994695397693395,-0.6236871842149383,-0.11857258078577168,-0.1511588321429062,1.0
-0.8852424951359923,0.12189503757061765,-0.5838625340923277,-0.868324851084168,0.05367230079167685,-0.5688778240416942,-0.1319982366728473,-0.14549953083666506,2.0
-0.9215606156027454,0.06684637961274088,-0.6447791632357724,-0.026335593704933324,0.009026973568526594,-0.561137947489951,-0.09766485784709306,-0.13306274732525075,0.0
-0.9598010822876418,0.004381145100178042,-0.4752603065735549,-0.40478149380516926,0.12429410250551132,-0.5879905066892612,-0.011452326982884162,-0.1700642165345271,2.0
-0.863753404074789,0.08683992949621465,-0.691767478964718,-0.22145786493804387,0.018222246003819664,-0.5923972968286335,-0.1314290165084777,-0.1391786234591122,0.0
-0.9167567342320544,-0.001143157460029319,-0.5013813853993073,-0.3892951897434707,0.11266966347459387,-0.5913277558379805,-0.036475811220080104,-0.17490920349285916,2.0
-0.6445703621189676,-0.11363452223762638,-0.6949150673487744,-0.06492945767010339,0.038993989711480936,-0.6937808620031306,-0.03764166188835645,-0.12883528316763027,1.0
-0.8944599679363122,0.05615367814977221,-0.6220947339466807,-0.38045483053794604,0.051124361223796884,-0.5790554947105057,-0.10089487452396674,-0.15865668763408494,0.0
-0.7632872010880372,0.219655684767448,-0.664941310944997,-0.013161715950162856,0.011963448981434768,-0.595029025201509,-0.18897235042053154,-0.19220011870706435,1.0
-0.9811357737738865,0.015868476139055045,-0.4529044260290225,-0.3796599080742153,0.1218348961892405,-0.5411465243392455,-0.04028597755038448,-0.17181309568597988,2.0
-0.9683258263557072,0.06215855568797004,-0.5385131190455863,-0.06035375428629994,0.05210928203935945,-0.5117058693954801,-0.14512822245747237,-0.15642122864094785,1.0
-0.7612621473384911,0.09906110891458375,-0.7263243472664008,-0.11374400515212199,0.019253571056994434,-0.553817100620033,-0.09912006029297507,-0.13631897064955717,1.0
-0.6431076021597693,0.003876459459979574,-0.7853386078378124,-0.10819928080945256,0.062368167918118264,-0.508829582794527,-0.06611494354410805,-0.14168769205896783,1.0
-0.930304996670357,0.12476756535943012,-0.5653286867196589,-0.7972759759023567,0.05070732571667666,-0.5483801752363262,-0.12003328979172054,-0.1448674361772774,2.0
-0.9657305129104112,0.06306415874361816,-0.5439646141246421,-0.09336431534375392,0.053433643400869486,-0.5094379010357108,-0.13988246986205635,-0.15167568566590195,0.0
-0.8714128249230663,0.06707719860306054,-0.6879523393039206,-0.09355663303703421,0.04008432854390075,-0.5436066370840321,-0.1244600397382855,-0.12783688712901653,1.0
-0.9470458456596411,0.036331929824553785,-0.5757334437877661,0.027768640646622433,0.05027552644589538,-0.5487838423796678,-0.09868904671031556,-0.13393281504509263,1.0
-0.9001464888361079,0.09098406568502938,-0.6640985442616785,-0.16289997496771919,0.006316071554351058,-0.5077286400234189,-0.14876285694709024,-0.1458735442108006,1.0
-0.8633846251914568,0.011337360462283022,-0.6875530507425422,-0.23856857137691848,0.030591205694289744,-0.6371319301966181,0.031070009081775735,-0.13302503242195796,2.0
-0.9615411480527378,0.047919929443589825,-0.5540615568175292,0.07022569945108292,0.0453078361164394,-0.5348930376059242,-0.11157398159253033,-0.14924668156027887,1.0
-0.9418560828893892,0.09497456190769873,-0.5735140489082259,-0.08548011520089666,0.021443779330227834,-0.48316037110122745,-0.21650035490963032,-0.16289634180569815,1.0
-0.7522660907296521,-0.07956967595358572,-0.6008446273552159,-0.08191803167294272,0.02852707960123091,-0.5696595812237655,-0.1835806567015522,-0.19139040750479164,1.0
-0.8878874077994426,0.06257747365031505,-0.654607385525602,-0.01670285325319454,0.027293842872161106,-0.5208453099134477,-0.1452174599949112,-0.14084243426630327,1.0
-0.8763236067313482,0.043751147863860786,-0.6807197034878758,-0.00554027084405237,0.030407535289094977,-0.5653974629436036,-0.10007863674132429,-0.1324922011427162,1.0
-0.9304714335630092,0.03248345545685982,-0.6105011534779348,0.009122604804396361,0.0497469071177988,-0.580117735112701,-0.08414416582495825,-0.13533425306928884,1.0
-0.9563206854586068,0.02573298442454516,-0.5455918357862775,0.01895430475059598,0.06269797270259496,-0.5381062694882883,-0.10484291904481564,-0.15129553368855533,1.0
-0.9796387442684102,0.03915112657762142,-0.5111192521106374,0.06178685609489015,0.06440855068631354,-0.5042847022173556,-0.13423455129033596,-0.16183815267468302,0.0
-0.942139530829861,0.04894130734585481,-0.6038302614554997,0.060583320093730075,0.03795919811427982,-0.5406777684644046,-0.10548945935113128,-0.13380507963665514,1.0
-0.981314613325343,0.03427888962098649,-0.46712073247508384,-0.3848823469120053,0.11003894123627123,-0.5409524941914253,-0.06833629329278065,-0.167439544122617,2.0
-0.9223106842727169,-0.036524788696020064,-0.5489733108420556,0.15296775341603885,0.07837121329329202,-0.5914262124817081,-0.06863642361062328,-0.16171710354324867,1.0
-0.976949761028879,0.00856930914968941,-0.49989781257752586,0.0167038154594758,0.08903224029101392,-0.5578827184836997,-0.05958189895347602,-0.15972482461173865,0.0
-0.9159862535074409,-0.023247090632456002,-0.514801031585946,-0.2578735892068668,0.10806226940960686,-0.6046596276818249,-0.027749807009088814,-0.16922908381156818,2.0
-0.8942947644794331,-0.06286389008499983,-0.49306158789533117,-0.3673906175717756,0.13271064275618003,-0.6166678553223035,-0.03340922429835326,-0.1870825447344658,2.0
-0.9837905596677312,0.02751383263625256,-0.49114414714893395,0.022652067129929482,0.07480640826338496,-0.5067690930956168,-0.10552953535908473,-0.15853143723138144,0.0
-0.9705975813971254,0.02764468005253838,-0.5396148060829811,0.08004333524120655,0.06410115550588445,-0.5399614909723938,-0.08760911712204004,-0.14674057649876132,1.0
-0.9699316828977806,-0.018070851138746374,-0.4867737121910308,0.1534633756690293,0.09066005325632534,-0.5460298920954341,-0.053198946958087356,-0.16181892080836754,1.0
-0.8603786838101707,-0.0004661211231575743,-0.5230781504812158,-0.5748572304956876,0.10704990155547814,-0.6299372794732329,-0.10017746566232208,-0.1644848352957759,2.0
-0.9512227087007108,0.031200029247745523,-0.512278036903863,-0.4071756349675484,0.09888027736565222,-0.5412024143727164,-0.07536370692677953,-0.16907504448639638,2.0
-0.9605996602184353,0.047384247870814876,-0.5328534672310601,-0.05911384391891758,0.07345809361652864,-0.5412708453412293,-0.12023890411989775,-0.15174112554483152,0.0
-0.8844912874916744,0.0290384827732227,-0.6607859238072417,0.001593732670597925,0.03145355647786564,-0.5898755818308881,-0.07264726057828298,-0.13429435473693052,1.0
-0.8429078801090899,0.06435722912216842,-0.6744275403257697,-0.3239677827107701,0.03464847428583748,-0.6026715203385425,-0.11942938734292445,-0.1378578617544062,0.0
-0.9554103188632426,0.05886544276982911,-0.5649711514998371,-0.015339829104540431,0.04458960807836023,-0.5272533642424777,-0.1335189622321683,-0.1558732923274233,1.0
-0.8532317728741633,0.06610726940055604,-0.5931083593858447,-0.07759399758574023,0.004582371050833728,-0.463124390933227,-0.21065295985794769,-0.1879456460802961,1.0
-0.9640166158545781,0.03689714722521941,-0.5203318360758401,-0.01635527053915925,0.06474165477798534,-0.5175117780219026,-0.1283810295901439,-0.1545954411910356,0.0
-0.9788471701743524,-0.01352233628691659,-0.47519939421809576,0.06872043701050579,0.10171900343551474,-0.5696591656259674,-0.027396575413205296,-0.17513992350440227,0.0
-0.9677070613084223,0.01683076332316018,-0.509112710083835,-0.022842090805904852,0.07988747609547607,-0.5489201009342841,-0.09219817011810147,-0.15647340924863704,0.0
-0.9860770706504184,0.009065512410010135,-0.4549784773916602,-0.2904769294106102,0.13034554432810957,-0.5612012971949656,-0.017987730351880976,-0.15995435630586058,2.0
-0.9259087730923143,0.0464432584285388,-0.5114118686842813,-0.6179186689074888,0.06769791212060675,-0.5457310937386446,-0.10738029186780737,-0.18144505616001375,2.0
-0.927811186644427,0.0977797986023862,-0.579999922411013,-0.499184167000836,0.049041064065961905,-0.5434843634011076,-0.14556115570842432,-0.1698592438749813,2.0
-0.9820335936535308,-0.004122153017849649,-0.43948245416089377,-0.2536488125649008,0.14118451282480915,-0.5708078554466313,-0.0058420970226956415,-0.16549599812182947,2.0
-0.9766044832611214,0.01019752519487186,-0.4559903818251837,-0.3452670023294776,0.12639214786095687,-0.564327475963626,-0.037070507090776264,-0.17161194195530627,2.0
-0.9668230217693355,0.05708465666546335,-0.5270258295431142,0.046122427460547205,0.05214467717679912,-0.48898495346203585,-0.16365497774364246,-0.16041019806192297,1.0
-0.9430649611461571,0.05697720099861677,-0.580539218482336,0.1099235193494239,0.04036597272779015,-0.5178349369834174,-0.1581235865358824,-0.1462658486210749,1.0
-0.9258718616468302,0.07879300920552373,-0.5551673034290813,-0.6257277583717105,0.04845742017393794,-0.5250486650873131,-0.1239627038084712,-0.16802455840210023,2.0
-0.7940001457627568,-0.031574541090090225,-0.6220932520849273,-0.17482404003564253,0.08834217833408381,-0.6304623836683686,-0.1344009464457405,-0.15933641722822758,0.0
-0.7401888405251957,-0.09385689201827191,-0.5890356354392584,-0.061904012270201036,-0.008706108961239092,-0.5838279062250565,-0.08245719315316578,-0.24633199260704364,1.0
-0.9736478275890215,0.08144881278325847,-0.49701530497398483,-0.2537067137312982,0.05234765627746529,-0.46753010408196083,-0.19229554947915983,-0.16926139364004214,0.0
-0.8248354615036066,0.05686683683492575,-0.7104364712987672,0.0018324970348240766,0.03027447776543809,-0.6310253385688296,-0.05199197497466512,-0.13836475736093892,1.0
-0.8197335586901504,0.03289841006855724,-0.7092425431452445,0.015830296143557687,0.03697699345431442,-0.5667967735555117,-0.1294567468168395,-0.14080349193596098,1.0
-0.9631708271437578,0.05287102923208423,-0.5248113513874205,-0.19196974998922195,0.05897151682839825,-0.5263892663724191,-0.11217830327285934,-0.15626406058438733,0.0
-0.9349033977613433,0.03953734711303841,-0.5773536841193306,-0.32170194232492894,0.08533478730531988,-0.5979482776199404,-0.024933299186614175,-0.13541495276553944,2.0
-0.7585727226269281,0.03066220716650822,-0.7913352392403271,-0.10159473333341665,0.03998423980825765,-0.5303396276987105,-0.0863145458727618,-0.112123499186991,1.0
-0.9054232481092558,0.01439898361368952,-0.539090246495746,-0.4334856302093184,0.10354247129051813,-0.5902920740746798,-0.03972024407111147,-0.17130884557093368,2.0
-0.9097006547892021,0.09074919771202336,-0.5625264829113278,-0.08683848198828095,0.01723125620296729,-0.45926845288798096,-0.17825042204184835,-0.18591367116477553,1.0
-0.6822086521788645,-0.10637894054617408,-0.6817511085903277,-0.13504177186545513,0.03386670308730563,-0.6744213405633823,-0.07706514244734483,-0.1693861331710457,0.0
-0.9317276061166372,0.04354396204443431,-0.5949593177895429,0.0418377613278757,0.04392781089825362,-0.5787396559895623,-0.09620717165677246,-0.14466865697052372,0.0
-0.7745913556812611,0.09869915481160989,-0.7009275136571855,-0.0957020498280425,-0.018307791973073972,-0.5229333428193652,-0.09686397056776573,-0.18551188070528576,0.0
-0.82942972430661,-0.060716900654794514,-0.5937877674247835,-0.28653225986943925,0.08920095463095663,-0.6719405029078477,-0.021258434799606693,-0.16236772889816192,0.0
-0.9017480350602104,0.11275961142344985,-0.5767737033617083,-0.8204507558079379,0.0664563649210792,-0.5609991837081355,-0.1179012000536159,-0.14325585957915585,2.0
-0.9477867743792188,0.060451319381803946,-0.5828358051457836,0.07308637438411969,0.032758123735224826,-0.5149707085768122,-0.14506251010651494,-0.14929194941168822,1.0
-0.9006373165002228,0.1098959499274799,-0.650594559438189,-0.25293757425076246,-0.005576061951593436,-0.5163171158248119,-0.18994646749612712,-0.14373037845356898,0.0
-0.9599598137290956,0.015460398495736917,-0.5252700984420833,0.03301115473835406,0.06655886579591093,-0.5392754490385767,-0.08145408561940579,-0.1578620484470258,0.0
-0.9898333713941814,-0.009270332351069992,-0.45692642337030737,0.17384032199144678,0.09715046038863046,-0.5111213163786421,-0.09040833949350702,-0.16535649162223212,1.0
-0.9418840034850211,0.0409276629360948,-0.574989836084916,-0.04773149896110909,0.053097082838520694,-0.5490612026007039,-0.10031391586001777,-0.14486193215558366,0.0
-0.9591521116112303,0.04889067342348374,-0.5375783593858394,-0.06873367066583702,0.040893498747279544,-0.49896236268387617,-0.15597584617337285,-0.1667394813365838,0.0
-0.5111930968404925,-0.04090743183552285,-0.6504770534618343,-0.7331304392148255,0.12766315953674467,-0.6068844595660716,-0.20749312973336032,-0.11171626530382196,2.0
-0.8198816540972071,0.015720593283844026,-0.7189452651208158,-0.006078575792793861,0.04210140084257419,-0.569196764886257,-0.07063951065776754,-0.12007903205714204,1.0
-0.7580878939107534,-0.07908929588858757,-0.61297841976751,-0.6422122946165678,0.024923176097044857,-0.6914493193820996,0.05333250617887253,-0.20800597539317273,2.0
-0.8196789495369197,-0.0529646743506144,-0.5983911825575946,-0.30247689750843587,0.08520700486956073,-0.6636918230035996,-0.05365426894038089,-0.16249824113528993,0.0
-0.9674179781291368,0.04605373399358064,-0.5464313736478366,0.06015670880602625,0.05754993252278968,-0.523119746053704,-0.11577290360851196,-0.14675018568154882,1.0
-0.9276619434002906,0.0389757610537971,-0.5079043604026491,-0.6020991016934026,0.07670993428827433,-0.5420004174382996,-0.10342760085687752,-0.18287719261934016,2.0
-0.9301631313596563,0.08606691066194068,-0.6089413822268036,-0.12558001621820758,0.02287322390310996,-0.5154374685779899,-0.16639629865327468,-0.1454355835348683,1.0
-0.8642933579406404,0.020403648522471653,-0.6909470580965003,-0.1274156574635616,0.03049932316588312,-0.6498703092297848,-0.02614097363899784,-0.11508208994695614,1.0
-0.9647293545905011,0.025063829052840526,-0.5380112678019947,0.07573208069764537,0.05536795828485319,-0.5166453417417877,-0.11532887519289853,-0.15977199739622389,1.0
-0.9076101543304433,0.06297579475232017,-0.6218988505142464,-0.07841494871268193,0.0201013145143241,-0.5639545136721075,-0.11017040332664317,-0.14763725248291287,0.0
-0.9258731229253185,-0.04184089721461759,-0.5345682352952319,-0.044013395253323706,0.10971501728755173,-0.6311256850471247,0.009000528930359478,-0.15065181862133595,0.0
-0.5450192346994651,0.4390802425804417,-0.6219252439416121,-0.30471808753219,0.16208993303943756,-0.6365126738068503,-0.007775820610284201,-0.15942042980132415,2.0
-0.9632476133141431,0.009155782331733843,-0.48539128560713796,-0.321671293886556,0.10861622053186851,-0.5740068510083847,-0.0420931567633475,-0.15791247351204435,2.0
-0.9805795503103355,0.05188242407554665,-0.5151860589463305,0.004582917208553278,0.05530735707182454,-0.4957124959207523,-0.14397510326717122,-0.1628403393733794,0.0
-0.9312727914212924,0.11325617157269857,-0.5709500872687379,-0.784364988985728,0.05044376702156942,-0.5497788407382093,-0.10614616999510454,-0.13965497738165739,2.0
-0.8934776210770752,0.009655799173354768,-0.6255013981391323,-0.2090610943997569,0.0921190631030609,-0.6783629633653389,0.018997192282976194,-0.1228351573239912,2.0
-0.9774733994036942,0.015205690611532235,-0.4653008265814411,-0.3393980963825157,0.12343734909975566,-0.5582386943910213,-0.03704962691632145,-0.1632341139597342,2.0
-0.9280749626438963,0.03795070855315118,-0.5845285173302299,-0.05952600868443564,0.031109308292512496,-0.5643133208444922,-0.11718634177321381,-0.15328152156127936,0.0
-0.9698479953630588,0.04869926038456637,-0.5322137570371706,-0.1436447811757754,0.06865264947462567,-0.530520941336275,-0.09447619767724638,-0.14857852396250082,2.0
-0.9652462278690765,0.00808062078600387,-0.49263028302960354,0.029271988118412084,0.08511352423897785,-0.541127326700435,-0.09686677559803614,-0.1689011752196906,0.0
-0.7446220077274261,0.12816697786890685,-0.5738129484764989,-0.9330771343990666,-0.009196285235248416,-0.5021056399230129,-0.2507402505701095,-0.16904244338842322,2.0
-0.968388399974218,0.04680736831042151,-0.5485886581769548,0.005490618091753385,0.060407504385182206,-0.5311966528542457,-0.10641262859970048,-0.14849019593544843,1.0
-0.9865669528651275,0.039887940919855994,-0.4483017365387596,-0.4462994938911735,0.12262380504054592,-0.5281191254300269,-0.07414236982845229,-0.16133186096928842,2.0
-0.9578824279477343,-0.024008612192267048,-0.49562859494452094,0.06386087811887131,0.10275238486927128,-0.5812612149460239,-0.03095475384516233,-0.16504297125067624,0.0
-0.8648641323611305,0.058152777356624365,-0.6406924828009564,-0.41538396193633703,0.05482455531269716,-0.5844119223956842,-0.08576972578216105,-0.14028866665782214,2.0
-0.7865731422302852,0.010374614784274386,-0.6146469486018747,-0.6141572471343166,0.07290002887468852,-0.6531343577166031,-0.08811948151286245,-0.18263812046320343,2.0
-0.7542247961112458,0.10304877909041507,-0.8725246059148162,-0.25242824389576546,0.07213140042418276,-0.4354073701276341,0.015188595335534766,-0.07581498887626882,1.0
-0.8391255110960926,0.05301825729397111,-0.6576622467330355,0.05009442345377435,0.018576694904095317,-0.5813676126320106,-0.15116651867245262,-0.18281796752366386,1.0
-0.8781823639984478,0.034946407474739136,-0.5474072875912516,-0.7437806527531184,0.08622970224963471,-0.6042154538951793,-0.04552841278697217,-0.16622074727851077,2.0
-0.8759132949781926,0.11109000123591829,-0.6400185737353367,-0.4964663607803965,0.02140485352282731,-0.5278805664993674,-0.19593039676421453,-0.15097554044544845,0.0
-0.9459566954648103,0.04113960580065971,-0.5579394459677226,0.05067897219034495,0.049882506171925065,-0.5282027938208282,-0.1361049666418035,-0.15961082327420836,0.0
-0.9655486988311732,0.0509348671512745,-0.49517353071704207,-0.5044597524135597,0.09864903956736396,-0.5531018579045442,-0.07390989119892927,-0.15528577402421861,2.0
-0.8687655780322037,0.057912577127663026,-0.6877254918850296,-0.025689217214168808,0.046242538855285044,-0.5767530317140956,-0.11165953778960425,-0.11350508372010289,1.0
-0.9350379338619806,0.05142686984042115,-0.5217163578932116,-0.6184233370327427,0.07487028983369495,-0.5540667237530879,-0.09118156848815026,-0.17401209050406824,2.0
-0.9491141553433282,0.06237927132697196,-0.5869797119126081,0.06530669519936,0.032117258217379374,-0.5167346365954485,-0.14654939599665914,-0.15073808333814337,1.0
-0.7884788536418963,-0.041520509358760616,-0.6002973739460735,0.05170105427663718,0.08415710544749327,-0.5422342310289794,-0.22057792429424722,-0.15008663500052047,1.0
-0.9379840426759801,0.060631552746563934,-0.5636189839454366,-0.34998300662406256,0.0750649029203009,-0.5543848227522652,-0.09787277253887883,-0.14583324464784736,2.0
-0.9838965843061782,0.011375780077785454,-0.48281553562748597,0.10637146549368448,0.08041276712575962,-0.5260598436919762,-0.08725500241643007,-0.16604233635014298,0.0
-0.9202678815906897,0.04450027414753063,-0.6277562439472213,-0.02504718387547114,0.03557553040452719,-0.5777327570122859,-0.07539920290524571,-0.1378653278214479,1.0
-0.8816077580498721,0.09875493269483877,-0.6121783525902451,-0.35570663851064344,0.0240113865982469,-0.5231091724061971,-0.19995720576764825,-0.16748617510491617,0.0
-0.9784509284539756,0.020615596780780874,-0.5029612835693202,0.07796939150570564,0.07772324184687054,-0.5234138659361732,-0.10493114732755704,-0.15183909896899897,1.0
-0.7024952093584753,0.10090109643207266,-0.6279421386282118,-0.7856962902883904,0.04005393002257727,-0.5220065669533893,-0.2180762518723222,-0.1539423254518722,2.0
-0.9908457290685573,0.022151804292040785,-0.42548447000906897,-0.3339314236047882,0.12973246401185365,-0.5302112041153102,-0.07491571622259723,-0.16879892544708028,2.0
-0.9750513074585619,0.034148635974857476,-0.5186128389352012,0.07672168471524349,0.06212535543508075,-0.5153927434098063,-0.10709130816674362,-0.15425130302738996,1.0
-0.8591463360855253,0.07523721053411724,-0.7414546697749789,0.03708548254038563,0.0069221421925510715,-0.5865175714938661,-0.12058014385155774,-0.11911545399047281,1.0
-0.3357537460581358,0.7644769839092918,-0.3522763395862335,0.9589684251063143,0.1745608213630769,-0.850488007888696,0.11066728614029347,-0.34690626965969595,0.0
-0.8572244869288529,0.06478506392725301,-0.7137438421696125,-0.004065018646371404,0.030355930373836156,-0.5969446149303126,-0.11706943930222123,-0.12481765793372085,1.0
-0.4686777310764208,0.30997634639671345,-0.5486711672909236,0.38636579210437794,0.25774930719828226,-0.7947381175238045,-0.29714824498491454,-0.33682287008486184,0.0
-0.6174684601941878,0.5693601202695803,-0.4769140668263053,0.6134374687294836,0.17580233937799966,-0.780623874849754,-0.1508924894388841,-0.3372935471732695,0.0
-0.7654622305093999,0.20727985132700255,-0.6375916311326916,-0.9011545899559525,0.021692262215352212,-0.47087353832174333,-0.2561747669597692,-0.1543176016520925,2.0
-0.9671371362391216,0.029996145418912153,-0.5198252192367656,0.05195735148570618,0.058737458484999325,-0.512103234739643,-0.13771232063316752,-0.1611641550397813,1.0
-0.8864130485362864,0.2142709691557391,-0.6575149199410939,-0.43345211625008806,-0.0011845403368880986,-0.5141487699911867,-0.2823393080234428,-0.15845289124868567,0.0
-0.9279627450314234,0.11357002671384615,-0.5506337040354039,-0.6999864486700772,0.05160226678394147,-0.5354122570492954,-0.13866370316683085,-0.14675290350186837,2.0
-0.9092590407383503,0.08594580409984592,-0.6290110296584341,-0.08875743872823193,-0.00585767249720924,-0.5137817627189926,-0.1670257511951159,-0.1587104224547189,1.0
-0.9498572958943473,0.08778401987328253,-0.5331250631944324,-0.6466099753639802,0.06609200458552965,-0.5330311066328516,-0.11696616053661386,-0.15401640650630724,2.0
-0.9871562714290243,-0.029203815225366858,-0.4410755702792535,0.006571945862518358,0.11636835074491961,-0.5595582034505158,-0.023159793278124105,-0.18394542355960414,0.0
-0.9313894408356134,0.034250774262023644,-0.5727533197518776,0.058542737573076986,0.039413833992208304,-0.5336861738392323,-0.134927590164945,-0.16365342140598846,1.0
-0.8673341904750671,0.14616395687769168,-0.6814303578111277,-0.3487734049734681,0.023289996541329676,-0.4205202547796464,-0.1626568117505795,-0.16408874284302133,0.0
-0.9591065389013491,0.03823588166454905,-0.5478243285706671,0.04303812441096819,0.04778263864840993,-0.5222092721856892,-0.1253853484799778,-0.15669054101217472,0.0
-0.9179675683231591,0.011375453146672813,-0.58419360091707,0.08357182176206895,0.04159400846530728,-0.54097944852756,-0.11193453312545651,-0.16016801912721063,1.0
-0.981724247668009,0.029574484439767,-0.4553983389580632,-0.3525382956590564,0.1286949676341772,-0.5514364236199939,-0.047973965627180704,-0.15533500800842,2.0
-0.9087761125194547,0.05407403968850562,-0.6398646943267456,-0.043038859714027405,0.03198359943231706,-0.5674655829121251,-0.11710336511321026,-0.1316602522254468,1.0
-0.680196332699911,0.1618608752431166,-0.7955597670216696,-0.1059424459265796,0.005195330178288063,-0.40572584168592674,-0.04671060427583302,-0.18821554982616126,0.0
-0.9495257847329565,0.016693994438379267,-0.5322261771635933,0.012116686219566741,0.058998321378200755,-0.5429468950777029,-0.07913571091599118,-0.17022858143944086,0.0
-0.672461788417158,-0.13931968423328667,-0.696729415666942,-0.2451906810861109,0.051495601602094106,-0.6209219107240327,0.06775716999138248,-0.16244109557277803,2.0
-0.9509265957080323,0.047495883788756056,-0.572342147804407,0.020487901488616928,0.03993188459042979,-0.5401173970766134,-0.10559262509162004,-0.15364740552624173,0.0
-0.906068438689569,0.09714833287758548,-0.585675338886544,-0.8546686737220734,0.06256333835479257,-0.5621772868501076,-0.07904889483729464,-0.1479350811167886,2.0
-0.926971202142012,0.04922331064477379,-0.5447252859555146,-0.4988148587029723,0.07973797564523788,-0.5815396140569096,-0.08716974014875052,-0.15996121543267786,2.0
-0.9118492599742627,0.09465319494606285,-0.6151445302848887,0.11216776488175179,0.028444888962654735,-0.5324195444609827,-0.20974301573113277,-0.17698115448531665,0.0
-0.8849588341411985,0.10314562862440191,-0.5890446193731335,-0.8350433522758055,0.054435651518362924,-0.5705625461110397,-0.1077240676326234,-0.1479040014743921,2.0
-0.9264808853955702,0.030100780310920935,-0.6073100966181316,-0.04008503916222081,0.04288843079222694,-0.5774630586143369,-0.07584703149077451,-0.1368827588974,0.0
-0.6964249524819142,0.005778775977553961,-0.586985229283179,-0.5501649971245866,0.07329875042370629,-0.6308505891317995,-0.10100554234069259,-0.2064959532940489,2.0
-0.980779977197252,0.010625428427982551,-0.4594336570454841,-0.3975288258952771,0.1329462296335568,-0.5844761443882589,0.005551188021126738,-0.15956945660207666,2.0
-0.9441567128192921,0.08483469291255794,-0.523921161846244,-0.7319069119615265,0.0725179185556874,-0.529208075820735,-0.12380198892391679,-0.16171230364193845,2.0
-0.9093769232534464,0.057424815595913024,-0.618809119223498,-0.3605889518853682,0.0595480627167586,-0.5735427276397952,-0.05974242144779786,-0.13139824753910342,2.0
-0.8150721423315207,0.04663358627110946,-0.5181689100616436,-0.3556563665165138,0.03193363605418116,-0.5987452693730445,-0.2366274899231222,-0.18525238813561967,0.0
-0.9283688195301095,0.03695359352895444,-0.5819851529588386,-0.4106224269223103,0.07942362459590174,-0.6191820206830307,-0.03404858834678193,-0.13668881131669713,2.0
-0.5389374026466437,-0.07009906683953844,-0.5008347312109753,-0.721843006721189,0.1244429310094328,-0.5734334284981757,-0.2186192583873674,-0.16255019385524713,2.0
-0.8940097345787391,0.015101236954286772,-0.6312854611454481,0.03297372303927423,0.013650293409834945,-0.52837057990055,-0.09578145650496664,-0.16089226595641115,1.0
-0.939561037833143,0.04277189156781302,-0.5331043638074974,-0.4915966564207884,0.07842712576793512,-0.5614245802812574,-0.08769522568352976,-0.16389762081976922,2.0
-0.9380942468568857,0.03330764012913663,-0.5730789459237071,-0.09269691452753223,0.07470009342293106,-0.5823936110347296,-0.06733425940714272,-0.14445440556796602,0.0
-0.9878359804949203,-0.006567188386149024,-0.4445975027634561,-0.06836939076216428,0.11967785183863297,-0.550362314628573,-0.0493936525238458,-0.17367429100363865,0.0
-0.9378228013145167,-0.020607568396465853,-0.5441879369539075,-0.011605285094783091,0.09309986725960316,-0.5912042653820169,-0.04043981334477345,-0.15710260337379453,0.0
-0.9225167934667733,0.025225657894331323,-0.5403968256862408,-0.40468858600509516,0.07714702176143068,-0.605411386623808,-0.06107098540758214,-0.16385623909628688,0.0
-0.953142093237517,0.04437173761265833,-0.5745127038299612,0.05745878739240223,0.04396895098669214,-0.5301199480310187,-0.12273555503516492,-0.15289373321575456,1.0
-0.9656186470671284,0.03395106411586809,-0.527974021219937,-0.12170953749863408,0.07477405636350612,-0.5205689050362831,-0.09604280393657277,-0.15384171552924425,0.0
-0.7929121179773505,0.09838291771171317,-0.6946089661719381,-0.05744020176298681,0.013488186027666701,-0.5519494070024971,-0.1942394149414173,-0.15574643571475147,1.0
-0.7626404710865232,-0.010101887962397686,-0.744003952359914,-0.15930699716864122,0.03945363126719695,-0.6627706835074882,-0.06561417283344244,-0.12459778622259907,1.0
-0.9146642126186237,0.08494189783264405,-0.6059513682181558,-0.45841314175705594,0.03710138383962548,-0.5330470148682727,-0.11799475611120996,-0.1545755607527385,2.0
-0.9829299947376388,-0.0036149410903345766,-0.4333792860786655,-0.34328771150663107,0.14831080621682613,-0.5978346558587744,0.017734543641879985,-0.1647478688489489,2.0
-0.7430946882458455,0.0754027591775931,-0.8071685374202544,0.04612428928624018,0.09569721190713815,-0.5131841433850317,-0.06091323419513734,-0.1306447757624798,1.0
-0.7821495206080022,0.007017138641530189,-0.7049541598210245,0.020537282118176653,0.04704849707869621,-0.6081551177605885,-0.10216122100202531,-0.14058346746039974,0.0
-0.8806148465547822,-0.015311274626709268,-0.6260671484314588,0.033200396927856424,0.057939634419996874,-0.6531979445881093,-0.011904320858711001,-0.12990741802695266,1.0
-0.8742447901932792,0.07794450055294258,-0.7090400289872186,-0.002838160097135639,-8.406734844040864e-05,-0.5785175860820269,-0.09232197736745705,-0.14870624985495332,1.0
-0.9866123363565233,0.004098405868142994,-0.4279020069319457,-0.2607363465153922,0.13962772554761504,-0.5552070167023716,-0.03673915986277819,-0.1734435366177827,2.0
-0.6826606221212212,-0.011432636120332788,-0.7703584530634352,-0.19535788074079033,0.016519707551899528,-0.578152490066019,-0.09701899034797762,-0.12738228595109835,1.0
-0.9764521547365328,0.013359394104821412,-0.5045771303570804,0.09627238210747857,0.07573974907441575,-0.5289975633204178,-0.1007045613239871,-0.15837333282307137,1.0
-0.824398626980864,0.06155411445961081,-0.6830023618317947,-0.6306539763465719,0.04892942622549071,-0.6247314943767461,-0.07727659845025596,-0.14141324425441532,2.0
-0.3599050064295236,-0.15131689944973334,-0.641745484623449,-0.7244534599028275,0.11205000082719987,-0.630450653822257,-0.12984456810012598,-0.2384159249253046,2.0
-0.9344653628607045,0.08277991986330038,-0.5709405289707167,-0.5422751232873699,0.07042946461260602,-0.5811262135726044,-0.08333263650265854,-0.1550569339275018,2.0
-0.9389731754009871,0.026648730855976008,-0.5925862642834991,0.05690838773400653,0.05553604145204583,-0.5608032705076202,-0.09279289420350657,-0.13151105258468318,1.0
-0.9473820033321705,0.07661175953345593,-0.576601666616901,-0.058733090818497063,0.035216733937858735,-0.5376485785534324,-0.15789866869767497,-0.15019921455620783,0.0
-0.9073311464773395,0.13077963933235676,-0.5758808719400785,-0.846898024441471,0.03380013480768745,-0.5311590274697485,-0.14027199014718414,-0.16383967151886558,2.0
-0.8987168642327307,0.05573783586411658,-0.6212816898964274,-0.10073379514721448,0.025092433047995126,-0.550038280424114,-0.11481227071590934,-0.16699504138928137,0.0
-0.8987669992666908,0.15689522867865818,-0.6504803803575084,-0.14932600011564268,-0.004414904083602775,-0.482386945830617,-0.24074964698490348,-0.16681448965709136,1.0
-0.9340692099093487,0.12166809128870772,-0.583913016934022,-0.5980398049957287,0.04184091716061794,-0.5405485255228758,-0.15532828051811073,-0.1493435248030706,2.0
-0.9536954415126875,0.028700006119303033,-0.5405886314034486,0.04413631197918255,0.05448372711986829,-0.5378268863517411,-0.101020636672957,-0.15586157234552334,1.0
-0.9757927893980248,0.0005134512543077049,-0.4488469114367766,-0.264556944293877,0.12570102732984204,-0.5603175114713363,-0.039405596506755264,-0.17676428774291414,2.0
-0.9193357382436792,0.06522222881815248,-0.6235351471779998,-0.40421468099226976,0.06570314848708803,-0.6072835370703674,-0.04877916496906358,-0.13660003919727948,2.0
-0.9251264429849825,0.07443138679194514,-0.6136134727319288,-0.3274907198496078,0.04111426544928007,-0.5647678707545588,-0.09637376970330291,-0.1382366281574669,0.0
-0.976216976376,0.016483662361309798,-0.46139861472554466,-0.40751438349260394,0.12232288951043856,-0.5711208469974222,-0.022354035344281237,-0.16008083102365622,2.0
-0.9528441037590165,0.018939064115226525,-0.5470721131736215,0.03831921692674356,0.07495700508048767,-0.5493067554572851,-0.09364511419625923,-0.1421332349054582,1.0
-0.9598925896422829,0.07386526865644084,-0.5305271046226471,-0.21476678663052487,0.04282664711114147,-0.49915889329609686,-0.16216879002228496,-0.1643932328300359,0.0
-0.9344287970150001,0.10234627161820861,-0.5638531510873629,-0.732511108995707,0.05309032044927206,-0.5423972458078801,-0.10749514251959241,-0.14619346988528703,2.0
-0.9094211955874293,0.014921046748311701,-0.6195508266707724,-0.16302037337950842,0.06338733639829855,-0.5980414814951021,-0.030846502932216385,-0.1344247131101365,0.0
-0.9352022041485509,0.08690154480631362,-0.5913676949768315,-0.21308518161411702,0.04461032226499946,-0.4872584260849622,-0.14697397750853403,-0.15670212952920723,0.0
-0.9816635145317714,0.01865747390038026,-0.4704398851662533,-0.21083964480091627,0.10284488649683393,-0.5417267809188195,-0.07144875459135093,-0.16653554555572325,0.0
-0.8562027932460414,0.023191925703610755,-0.6802711219977893,-0.01814769099754948,0.03183797565596667,-0.615985288525922,-0.05002837398199411,-0.13028665334943162,1.0
-0.9359798020259327,0.10800063032563278,-0.5766453359088762,-0.6653676790997911,0.04869935533995047,-0.5403288177608753,-0.1196474271157531,-0.15506215207364074,2.0
-0.9323885767441098,0.07178378750269532,-0.5679962760003613,-0.2950020179940004,0.04383054097300258,-0.5308825321286301,-0.1499487677496046,-0.15390677270348657,0.0
-0.9431535712913134,0.05628526730673547,-0.5854626119684752,-0.03201031473281066,0.037384677014377775,-0.5401587236435603,-0.13136296572977113,-0.14239542646181003,0.0
-0.9812869064982714,0.03428011632968636,-0.5039051579238605,-0.014994519802413314,0.07684359918604601,-0.5263268617026625,-0.10932984323901636,-0.1565296700418381,0.0
-0.8647472182388587,0.01786612250783841,-0.6894821004966766,0.05754245432255012,0.055909004847616635,-0.5904270738904106,-0.06735333996618965,-0.11456081175120575,1.0
-0.9507365066680064,0.054115766799716025,-0.5113428284313918,-0.6020885667673508,0.0884887165844343,-0.5643771603091208,-0.05795227849627178,-0.16279471338569781,2.0
-0.7943190465868816,-0.07387728711624908,-0.5862688322068434,-0.09469695459120352,-0.0011512442155084956,-0.5019798964836608,-0.04296628968302523,-0.22335401799658847,0.0
-0.53432770262048,0.0008915549721890265,-0.8504833440902908,-0.0031774655634338456,0.156463076812004,-0.5877775161804302,-0.0768883775155401,-0.07424697332887752,1.0
-0.9483723786531205,0.08713444080038765,-0.5410848547229712,-0.5968150915128321,0.06082011440142473,-0.5287873047269814,-0.12245984875574265,-0.15888877119636402,2.0
-0.9618162407604266,0.002043726928592754,-0.5277087511150462,0.15472882181441483,0.07038540739387487,-0.5500230219816713,-0.08044187519815565,-0.1569834063005654,1.0
-0.856836417766586,0.09456805642981503,-0.7101075438416697,-0.26129755948180144,0.045317513478623395,-0.5599316989503272,-0.012522145241415206,-0.13950462502051086,2.0
-0.9899167460998476,0.01211728455995819,-0.44864145114404685,-0.24280616011113326,0.12480533648067707,-0.5543266411268577,-0.042757625788645504,-0.16590951021418812,2.0
-0.805778351965186,0.01676760400002114,-0.6228679774075433,-0.6844727402078847,0.02130108510098612,-0.609431827244357,-0.11142900828518976,-0.1978925288364248,2.0
-0.9310466238814619,0.10637592416361312,-0.5697082898072832,-0.7186040300370076,0.0463113586705525,-0.5166612176977157,-0.13006996190149425,-0.1563364224356963,2.0
-0.9295120630082164,0.030568786085442855,-0.6027443726079222,-0.007137537174690595,0.05247623831735734,-0.5736270576316912,-0.0879059902031277,-0.1290347117263254,1.0
-0.9060322081025061,0.017201763389279444,-0.6377443045790494,0.0011245621963955343,0.0539095797848026,-0.5842523669146658,-0.07541905147741076,-0.13161406975165696,1.0
-0.9010627047358487,0.08856106891789994,-0.6478608001434651,0.01740459372467157,0.012386370246717258,-0.5392372053539493,-0.14922001776172295,-0.15054531171827637,0.0
-0.8574600122027276,0.16021364422075546,-0.6817893681158389,-0.8218556180403799,0.031083821739468474,-0.46812991131379783,-0.2007433679133822,-0.15038930003738474,2.0
-0.922562028219419,0.09779418597966603,-0.6212312130506836,-0.031909958156786544,0.010861408078781838,-0.5332799434510187,-0.16229279637958716,-0.16383587828662333,0.0
-0.8655679398317798,0.04120960642807814,-0.5614957232842975,-0.6642039803134037,0.05985577604110592,-0.578238957907875,-0.10832546948980169,-0.169365287005968,2.0
-0.8691929852698002,0.062931031253982,-0.6579149404496246,-0.00833525215572059,0.00952494598731065,-0.5580862629486731,-0.1629273089750003,-0.1361038104298187,1.0
-0.7985016742086918,0.037055999227644146,-0.7735552193360271,-0.050159342996372536,0.014026365099142568,-0.6362386731655238,-0.05760819334208596,-0.12147423381427783,1.0
-0.9560224186262349,0.020295421593097517,-0.49499266493715877,-0.39826748102938814,0.11868203236552426,-0.5508020968323132,-0.05046741965473493,-0.1646311637001846,2.0
-0.9558796076643761,0.06562428199711265,-0.5247946336561997,-0.4653903233245782,0.08930432159040154,-0.49459742856232597,-0.1256968009333805,-0.16054071093247055,2.0
-0.9620237184587214,0.06353806331351866,-0.5473181185047962,-0.08456275795332104,0.04000555698174264,-0.5149221059029886,-0.14339263592872076,-0.1560534479421068,0.0
-0.9543974191040197,0.06493708911662868,-0.5239830183963002,-0.5198126670401106,0.07787499178092011,-0.5354099234371431,-0.1107424866227851,-0.16016687114181785,2.0
-0.9701858944190704,0.03452288424297187,-0.47881637616677153,-0.31600894643606603,0.09082169550500971,-0.5246537614313066,-0.10118166297165908,-0.1694118938195375,0.0
-0.9734243770056947,0.04526606283886169,-0.5096968737892578,-0.013063881420926987,0.06614326406031891,-0.5133619440406041,-0.1309571703268761,-0.16433189774681922,0.0
-0.8461751002411302,-0.010613051966386212,-0.6445736252413328,-0.12735770739199126,0.020437145870706497,-0.6223207878864265,-0.0473075959535135,-0.1660704310443573,0.0
-0.9574805980927786,0.06430895545434258,-0.5473620360680387,-0.29837156039142565,0.06446069067038522,-0.5501096410067232,-0.10657629612125466,-0.1449010190895381,0.0
-0.9761918185126083,0.04931004842438898,-0.4757039716381493,-0.4935133488838354,0.10468149904984467,-0.5097124677338649,-0.0896331255811617,-0.1678048589876582,2.0
-0.8616607151977163,0.09915982290626177,-0.668942629560465,-0.5730720806234764,0.046574366921646765,-0.5553592027687974,-0.10715428971352886,-0.13237073535101415,2.0
-0.9108814500723613,0.12235307269332917,-0.5551709957483196,-0.8420846119866305,0.03196299694072259,-0.5194025664818803,-0.1561229492049839,-0.1696683471790821,2.0
-0.9536104115367102,0.027911345342112745,-0.5444971302882938,0.10548322027519424,0.05078312329564015,-0.531879929525333,-0.11761777872781179,-0.15515694824231707,0.0
-0.9300495864257343,0.009479585657576707,-0.587057817178816,0.14235574220107955,0.04595040735858211,-0.5864045775840292,-0.057086469253514925,-0.14793464276337132,0.0
-0.8447538964913075,-0.03962494288332356,-0.6175158657951613,-0.029885795452701952,0.055354842319520745,-0.6419043812565866,-0.058108950874165705,-0.1605554103185041,0.0
-0.8914633341335277,0.06235859859742053,-0.6738235993800346,0.02671552104011396,0.009349702791954531,-0.5579935362123649,-0.13845831731680208,-0.14818689317324857,1.0
-0.9553921655858655,0.04995677753991965,-0.5524694576277545,0.004784742449453205,0.03960808665506796,-0.5265161424333016,-0.1430734735953209,-0.15702809631568548,1.0
-0.8829129869589599,0.0687610560709711,-0.7004496392887366,-0.06374584784446366,0.027389445612335292,-0.5666188705163687,-0.11020776622289377,-0.12821432343866063,1.0
-0.9751348318995273,0.030050454368870404,-0.4690136171082183,-0.392938944823124,0.11024237570898304,-0.5566738480901223,-0.04795149751146934,-0.15803352599121945,2.0
-0.8005041981051849,-0.020190995425261246,-0.6228225210240833,-0.5132150205597575,0.10464652025186691,-0.6712351295811961,-0.04958822791556611,-0.15189062012946913,2.0
-0.9107348311583575,-0.004955439619699194,-0.614290832010215,0.03028819344646544,0.05845990698468794,-0.6053625142067915,-0.03008623151184049,-0.1440832056384523,1.0
-0.9690985710099552,-0.012140117999170918,-0.43111682836422444,-0.3486627316760588,0.14223422371680533,-0.5789082518425871,-0.017267608850317168,-0.1724727380596787,2.0
-0.9652179007325796,0.04824668206592957,-0.5048076786079023,-0.4590669796512384,0.09085781549218877,-0.5599087003319471,-0.059031811063193294,-0.15487176773096198,2.0
-0.7149164320132186,-0.09375285704931696,-0.6322695588194468,-0.5411341252846549,0.03949255832991952,-0.6935394786387952,0.017006209627159236,-0.17452271202967698,2.0
-0.9658592645105321,0.02100728421329843,-0.49288831603062316,-0.3549511454364811,0.11783626410204906,-0.563184045591226,-0.04353266369870242,-0.15177962490645486,2.0
-0.9638037591309115,0.05736725625426825,-0.52467941989463,-0.02713388397104835,0.048323262004788356,-0.513797713782749,-0.15026155009619727,-0.1653133812543591,0.0
-0.9156386171617775,0.03948182431572221,-0.5340668479393862,-0.5503683248801932,0.10137706550914943,-0.5994227375898685,-0.06284295626326471,-0.16238750213932138,2.0
-0.8898113322292193,0.06352969357652705,-0.5630928665412901,-0.7778873260156471,0.055667388341426476,-0.5742530497800337,-0.07809150649536459,-0.166995261072585,2.0
-0.7554474118543847,-0.009860560645788642,-0.6227409132691065,-0.6097325612360733,0.06517296257071759,-0.629436022816813,-0.13221435824193525,-0.1732399806268239,2.0
-0.9436112400704922,0.06139238528863734,-0.5286162624801024,-0.6859885679904496,0.08827982145665617,-0.5422077561837515,-0.08460805614993612,-0.16605411569256603,2.0
-0.9183845642550706,0.14940301327281236,-0.5737818488551516,-0.8131255399906975,0.030534035919330363,-0.5390857987193344,-0.14183346767589608,-0.1379866972719737,2.0
-0.9221278167552277,0.03202398366060861,-0.6092225739036159,-0.002662123664965127,0.047481254303166825,-0.5777124755237601,-0.1103165441786881,-0.14867448576727538,1.0
-0.9165630368746142,0.052431032055153,-0.6032002353364078,-0.12146851213405645,0.049402399442440764,-0.5671856791306725,-0.11452675209319471,-0.1454117151165268,0.0
-0.9248050760278729,0.052760514291711115,-0.6105421016886055,0.010815956948602823,0.030199758679184903,-0.540922522322311,-0.1294377955486101,-0.14301022692811236,1.0
-0.7954270561576117,0.029636687828531703,-0.6804996979805403,-0.49062203382168484,0.06032323649421543,-0.6740835376237841,-0.08161599506540831,-0.13340432689089343,2.0
-0.6782536015937964,-0.14618982293001068,-0.6254244944850996,-0.20367316099195865,-0.01146574688892918,-0.7033013940268518,-0.04197222098170402,-0.21767921912028304,0.0
-0.911304499900379,0.08762173051788405,-0.5726105382990907,-0.6984506034394395,0.07877124873831794,-0.500661344386714,-0.13542570111124655,-0.15619443685782788,2.0
-0.9855805755557567,0.02250473920508611,-0.46881466429351937,-0.20234027915671896,0.0991296587823032,-0.5358144336839771,-0.07803866804395768,-0.1655673098727308,0.0
-0.9608156550459895,0.04170759882375316,-0.5471470461619743,-0.0009204755542757959,0.05863832463737913,-0.5394694803843603,-0.10909795382893388,-0.14458776736802814,1.0
-0.945009819184003,0.041265899603965046,-0.5807123537818084,0.011422049584157518,0.04460215106323612,-0.5541567509609351,-0.08945652490438806,-0.1471232529216453,0.0
-0.903721310072432,7.65042099640928e-06,-0.5609253202450369,-0.4624650069611561,0.0896622458172908,-0.638135283635924,-0.042111921880357436,-0.16279292001790188,2.0
-0.6122819700261155,0.02663250063143075,-0.833696081827066,-0.06249058707019778,0.047686174339541566,-0.5709057028318745,0.01779692348943958,-0.1327461431920346,1.0
-0.9642219668978421,0.05301061466535427,-0.547758084191801,-0.0023600146234762087,0.04767104343641749,-0.507735819332265,-0.1531380544992002,-0.15425310410257403,1.0
-0.8949314387429402,0.019792080555232697,-0.577496910161779,-0.45807230580201724,0.06582351983955965,-0.6305066100977839,-0.038403160560012486,-0.15708854699509778,2.0
-0.7477987290699069,-0.007061402997868858,-0.6592910564436769,0.011311951821549537,0.06875326282395536,-0.5389615896447029,-0.095668217802064,-0.1782052153135292,1.0
-0.8943120816476688,0.13664593819204623,-0.6272515308485996,-0.6989572442140712,0.036975004814855966,-0.4929608800987837,-0.18304876270677262,-0.1403497838129996,2.0
-0.8884354131875816,0.043000859186324264,-0.6350979676496754,-0.06820966644833074,0.02904865381992039,-0.5926298704061157,-0.08256291847551916,-0.13982998308818423,0.0
-0.9291415971393003,0.05537461662157876,-0.5867867972157247,-0.00375821964712722,0.034264496243899364,-0.5279883155084003,-0.1311094270410874,-0.14796378061371337,1.0
-0.9546789669273036,0.06433190023609864,-0.5639811008506356,0.009776759148266256,0.03282521122060007,-0.5278900522220257,-0.1376137311031641,-0.14394952435915925,0.0
-0.9519661976995368,0.017286861089117228,-0.5002653937704773,-0.35977302224049645,0.1066375937119885,-0.5671182256807514,-0.044235363841397396,-0.16380115064503628,2.0
-0.9347288707612694,0.018673449515318408,-0.5456488851360036,-0.3610883730121148,0.09690255920700835,-0.6164256767316926,-0.004129811122812702,-0.15233191574203547,2.0
-0.8614005364943242,0.15876707183641606,-0.6655910632236366,-0.7799815912249872,0.025928807831532355,-0.5014725715956024,-0.18322510598109024,-0.13899920750080336,2.0
-0.9868388469983042,-0.024709021635726955,-0.43490455277694356,-0.03163439505026458,0.11199220865212964,-0.5441577047718897,-0.041695228488885815,-0.1818669809021726,0.0
-0.97196418688257,0.04118998550759015,-0.5287210061584479,0.08323416466143102,0.05614044688345863,-0.5129406016663532,-0.12513484914406092,-0.15504050769699895,1.0
-0.9564957973991477,0.06285506147188964,-0.5282738973918433,-0.4350192921536632,0.07285740595395773,-0.5380686211977357,-0.10427080426186018,-0.15264111297956823,0.0
-0.9728468952204604,0.01704973675364223,-0.5026102917665316,0.14641090908071097,0.07242614170786145,-0.5061564293734133,-0.13524730900774937,-0.16192220310234975,1.0
-0.9057643381098684,0.018898638590938422,-0.5788258409959354,-0.37615298245331197,0.08910385475298954,-0.629486536099495,-0.04008303764423113,-0.15346915664044924,2.0
-0.9771938764884993,0.0203524049366543,-0.4561513472284877,-0.49621296379702706,0.12721547774153763,-0.5580728869075058,-0.027489614414519886,-0.164327677474246,2.0
-0.9666206181987388,0.03967812978206943,-0.5186220282768008,0.007918836439209265,0.06489006811863796,-0.5319056484377763,-0.12592389706427712,-0.15809349929422573,0.0
-0.5374647529975181,0.024339734859870968,-0.6033222188285461,-0.6702476956744456,0.14609105277758117,-0.5669135289361333,-0.2956202314889247,-0.170578585250567,2.0
-0.8308968920095994,0.0066060937027319425,-0.6477066231725516,-0.5775379721879398,0.049820335159216085,-0.6691095277041526,-0.011363431973363217,-0.15335043239170446,2.0
-0.9698732777045626,0.021117176601853548,-0.48789152120089574,-0.3437927950247781,0.11612736362066199,-0.577371652030241,-0.0241751586870034,-0.14411015408025662,2.0
-0.9737300582473403,0.025974578181643018,-0.5002223962573458,-0.006403369878773046,0.08141832031434301,-0.5285435073042999,-0.09076422542916789,-0.16373016312123953,0.0
-0.7857557812659285,0.2148257296528748,-0.6852298702807726,-0.05848672978386321,-0.031053005991779667,-0.5214205025743721,-0.12374169058758981,-0.21958623143170652,0.0
-0.5585994627738474,-0.16252304033575188,-0.6020223754030172,-0.13899363519925542,0.02618486281956279,-0.5037464071195153,-0.33594228474903287,-0.26880785326444645,1.0
-0.9366183205526315,0.044726452792738396,-0.555630694139585,-0.2476241770584045,0.08287433912491612,-0.5775606658370512,-0.07302344812439496,-0.14031047167227612,2.0
-0.8399734282071616,0.05561319307499773,-0.7053001289974397,-0.039511026488310785,0.024879169169458884,-0.5721594151158457,-0.09878547829120682,-0.13574358104184875,1.0
-0.7994719260624651,-0.03597251125055877,-0.6220581749895955,-0.2693457031763773,0.07159217945875919,-0.6532585108939833,-0.13105997680102713,-0.15124088613384343,0.0
-0.7254172140709934,0.09984115770091505,-0.861000002228901,0.06179748076086228,0.08961469550154197,-0.5231514975189293,-0.060266245678097734,-0.098610309883919,1.0
-0.43448742112349925,-0.09091086333900505,-0.8007996670506898,0.09790564367960147,0.38280873682418953,-0.4999787137167118,-0.18445119240915703,-0.044134264386684885,1.0
-0.7199849221970682,-0.08622544827109488,-0.6203550955917545,-0.6434250627285063,0.02824095272035658,-0.6785110818327701,-0.01961277822516727,-0.20977890474359567,2.0
-0.7906113489358293,0.25080111926626514,-0.6247060440770646,-0.05385946700262512,0.06039117023926233,-0.6512298572518828,-0.22048941623382218,-0.20115043442277258,0.0
-0.9232787517090839,0.021989519842358987,-0.6139326901815718,0.03964458882645655,0.03889018654054663,-0.5883230596950833,-0.0642951759199759,-0.1491173459203073,0.0
-0.8012018785570129,0.011001898696762796,-0.6586932707267106,0.014995462323235342,0.03669243963968752,-0.5113065840285109,-0.08600954183349363,-0.17094677753751658,1.0
-0.8960478760111784,0.08253857175201279,-0.5589053429479185,-0.7433747081141905,0.054201811415447984,-0.5662451587296773,-0.1156501612535031,-0.15296663995349533,2.0
-0.9343019692443031,0.0584399758467619,-0.6061338788004252,-0.006001251528537949,0.03184664885799804,-0.561685711901663,-0.11419675725429203,-0.1362599379067282,0.0
-0.8901250107859101,0.1588279932992771,-0.6070378267421126,-0.7333342816323632,0.051347159938965936,-0.4375148108064666,-0.2146310565867761,-0.15751252019755058,2.0
-0.9468622977651975,0.054053199606795214,-0.5670827108653047,0.01360609553888667,0.04944126082114124,-0.5112902466105818,-0.154407700738782,-0.15414764735359301,1.0
-0.9510231892749978,0.03173008193399979,-0.5527467883837504,0.08802597358587427,0.06178268763813886,-0.5489792856815828,-0.10473572878177592,-0.14368475731995947,1.0
-0.9503987462287058,0.029726476609588767,-0.5593498146758525,-0.028839951617370324,0.05611015059899711,-0.5442900336873658,-0.10580021308471164,-0.1484372028542712,1.0
-0.2384236798048558,-0.2513043468562318,-0.47673831227568,-0.05211535042759388,0.024108853803545632,-0.6474330286412298,-0.09819817036742813,-0.30813333418631966,0.0
-0.9250998492693586,0.04071190107075365,-0.5375017584181053,-0.5597017513024074,0.07056554349471099,-0.5642422414014122,-0.0907912042100153,-0.1670638095168604,2.0
-0.9040185750553484,0.03377529531214153,-0.5930244545117762,-0.28373627201393564,0.0670977419172503,-0.5974186505972674,-0.07890909464259367,-0.14692270783200678,0.0
-0.9341609242282145,0.05658859680060557,-0.6165933470701317,-0.0189720716429784,0.04224058623251109,-0.5341298483503556,-0.12098238974758567,-0.1316044156205426,1.0
-0.8868410556197196,-0.031113178938156308,-0.4776564985561226,-0.5992679289150222,0.1386122516341215,-0.5787917985892826,-0.049094826179952415,-0.19277795451925578,2.0
-0.35792372270653094,0.15981988276816378,-0.7054226152252621,0.05873075377727199,0.0671054900979884,-0.5561670770187123,-0.015396165595223152,-0.31054364604458173,0.0
-0.835450677473081,0.06647742069647275,-0.6878934614817681,-0.05021119673107008,0.007555215072300503,-0.5490205699715613,-0.09802727623067178,-0.15832821025626845,0.0
-0.9465666386276836,0.03519702866232306,-0.5524492874713046,-0.14363769383864827,0.07720170515284178,-0.5750238685426673,-0.08315054069630007,-0.14256450891740582,0.0
-0.956733749968036,0.06641804500364079,-0.5614635794934936,-0.1465775451048522,0.0440593467225671,-0.5251812166918872,-0.1309890822017904,-0.1572346306402854,0.0
-0.9589633568685128,0.028766272605780515,-0.49952580816836173,-0.3552291614329038,0.10825161764724754,-0.581311973889197,-0.03568207540658454,-0.15076743739226897,2.0
-0.8628163236624304,0.06575299797964601,-0.6818801645933508,-0.06764905723670209,0.022124572148747405,-0.5964610565769213,-0.12962155868829875,-0.1311520860118789,1.0
-0.6807863237449061,-0.07175964606405257,-0.7203541397576905,0.04685357996636974,0.07905773742948013,-0.6551714220194153,-0.11595705446232743,-0.13910835313759537,1.0
-0.9541799777447024,0.04228198148034386,-0.5469109687364457,-0.1880067775487421,0.07319441823363187,-0.5650132542458258,-0.0649019322475663,-0.14771916111078243,0.0
-0.9660719286376457,0.03128992428365741,-0.5129872357198223,-0.06710114538386933,0.07362947198988985,-0.5147142247518937,-0.1164926890824028,-0.16216698722979264,0.0
-0.9351032831280696,0.044363773731341795,-0.5392607753424437,-0.5701084029344586,0.07705894694165076,-0.5740966302553834,-0.06846068382805406,-0.16443921994883162,2.0
-0.9424843516166949,0.07209965884884816,-0.5936339625182512,-0.05607118903601871,0.032596503678714216,-0.5541940869771734,-0.137826109021081,-0.14058404462606075,0.0
-0.7437507177046702,-0.08895362813070334,-0.6406012436080536,-0.24920942878059124,0.06567701680950262,-0.66239211351296,-0.056228758297194904,-0.16854711621678634,0.0
-0.9629271586062683,0.01734658758478412,-0.5092475267801444,0.02409662764658238,0.07131273060599408,-0.5364337011186641,-0.09699201677424829,-0.17131386087529799,0.0
-0.43166033805241477,0.01242675983917644,-0.5198064896485931,-0.08686500252459933,-0.1560499480763388,-0.4615796862654131,0.026142100082770514,-0.4459932026551056,1.0
-0.9282349099692755,0.03515052197656164,-0.5694535439172626,-0.10372399181752344,0.04720229444709671,-0.5011916589038798,-0.10293354278576429,-0.1735948458360274,0.0
-0.9360561574556343,0.05531311634746221,-0.6126537476220228,0.01085117219749518,0.039227921802887714,-0.5701554439451619,-0.0998821474255406,-0.13780548024460998,1.0
-0.9677658398686727,0.03486882472860277,-0.5324028682542234,0.05555992440872953,0.05448369420129127,-0.5107045716632762,-0.1353025847152194,-0.1537978148758957,1.0
-0.9491174372455875,0.05422196458839137,-0.5571185748030677,-0.05152854474385471,0.05911937553222792,-0.5476175877212057,-0.12133806331377434,-0.13513942414232266,0.0
-0.9211622651776414,0.11001193910526547,-0.6039336341728974,-0.5928231869435248,0.04442270249487709,-0.5354346426422874,-0.1474857809171907,-0.13623985835166136,2.0
-0.8998956442412179,0.12394482667688367,-0.6007983611323864,-0.7695778162498338,0.06086638034950176,-0.48388154946833406,-0.16756847779925832,-0.15153975793049215,2.0
-0.8806048697490213,-0.06240774039596625,-0.4896232952127984,-0.4476038849294329,0.08310647063876556,-0.6222408156926137,-0.016281104141593936,-0.20575424899468495,2.0
-0.9909890577642332,0.0026227167129903375,-0.4143747450186288,-0.37618304613245257,0.14033427043722313,-0.5414943795206725,-0.029366464937693446,-0.17613268391148817,2.0
-0.7734692447305997,-0.08895561487124842,-0.6487873041119777,-0.03585995021353497,0.06030464937861703,-0.6210482161658826,-0.0739666421537655,-0.1827321942247958,1.0
-0.9411202623469702,0.014729320021615103,-0.5748600710096189,0.009514308156220425,0.06861827008581466,-0.5638466829780989,-0.0827110033355617,-0.12846148849858452,1.0
-0.9629972677627825,0.07221972758349585,-0.5393073649229754,-0.03238038812504615,0.04085210069467954,-0.4919942734484255,-0.16689783621766505,-0.151794097610797,1.0
-0.7221533354247331,0.25116005295319777,-0.6751705523274747,-0.0294752529765257,-0.0010718945043592665,-0.6275452576019718,-0.07775925092092907,-0.1539207305819579,1.0
-0.7308828700957098,-0.005569216390882946,-0.7518598098250158,-0.18230583383127705,0.03127221821102676,-0.6454144864533045,-0.10765270745615112,-0.11487323165088162,1.0
-0.9704990740684052,0.021184713796040564,-0.512810765068559,0.02142194337664019,0.07306987863565252,-0.525951777190356,-0.1043070433694631,-0.1569853742743011,1.0
-0.6357588919758596,-0.029557737863191783,-0.8244544873161044,0.00614008891463691,0.14951895366585763,-0.597062302388343,-0.05037631149288256,-0.0746485902861122,1.0
-0.9590468541961481,0.06234608286881399,-0.5187289240993423,-0.24521483606086839,0.052754269409612226,-0.5101567266069127,-0.1530564672207071,-0.1751460633542286,0.0
-0.636068121185907,-0.15328061835155196,-0.660896361131948,-0.07815768426361402,0.013956042845943005,-0.5153478357395582,-0.08694472947522469,-0.2177912663999562,1.0
-0.9318277821492493,0.029236676591591338,-0.5781071948163133,-0.16027755658119303,0.05303965430337504,-0.5655066872208334,-0.06264902739182453,-0.15313088876696457,0.0
-0.8304932716430384,0.0427692219569783,-0.6859392403858969,0.02713445877351872,-0.007542751506110307,-0.5800468444993618,-0.10120905698359926,-0.14986210514957438,1.0
-0.9457890156367745,0.028038273457504908,-0.5717452506180218,0.13561131833469353,0.038524875264954336,-0.5299352868082702,-0.13164844922442642,-0.16071687061829334,1.0
-0.9046072672099827,0.049326555305307954,-0.629977040998328,-0.17025556187515983,0.04871159667531516,-0.5702082886550072,-0.11663239704669053,-0.14124127937900882,0.0
-0.9784475062241471,0.028173199618985803,-0.4856113555004991,-0.1988631898598506,0.10721100964585689,-0.5390983359419271,-0.049507914226323106,-0.15669322123231225,2.0
-0.9568924071603477,0.06247089677005166,-0.5165871285786732,-0.35938171919020756,0.07015385224165481,-0.5275101607189928,-0.1259377354177055,-0.1655519133335733,0.0
-0.9618334426181048,0.03924872275722244,-0.5496681796031768,-0.028540231791005427,0.059337212503838804,-0.5392649431439357,-0.11067433222315633,-0.1485662027578325,0.0
-0.7712311107494453,0.05358352710647972,-0.6572445516032515,-0.49963906773139005,0.0761317502171422,-0.6450151564518942,-0.09246372221535824,-0.17032033262027246,2.0
-0.9201363596856598,0.08480335734512351,-0.6285247137369749,-0.08240909313029435,0.011489889833096727,-0.5410372473914594,-0.13570955366467233,-0.1528243999558756,0.0
-0.9582101989614962,0.051857967606723336,-0.5153475478440042,-0.42308743090343326,0.10090514245465566,-0.5354080071938209,-0.09629648391214306,-0.15666521069285502,2.0
-0.9777795815584549,0.009903209587037477,-0.4571404575364893,-0.3564962498648272,0.12700431345399193,-0.5788674763336713,-0.028635509677089985,-0.1588175725940453,2.0
-0.8303559323958284,0.07665065823244564,-0.7259716700149552,0.049858027851193976,0.06992836659325427,-0.5260753695847762,-0.14514233942965438,-0.11751996292021394,1.0
-0.7202670818951018,-0.024697721283341453,-0.6780556134156361,-0.1328539282185975,-0.017043989369730242,-0.4990200222674083,-0.13921635164421042,-0.23085412751152862,1.0
-0.9688070896800403,-0.011367767354121781,-0.5020299616225488,0.16139677482553172,0.08607180525931443,-0.5431644714840007,-0.08053792913468555,-0.1547483636089477,1.0
-0.39133285508805016,-0.09510872666054854,-0.8592484979354937,0.08679965975109655,0.32919070804235967,-0.41695106648828095,-0.015114365491010834,-0.06273851599729403,1.0
-0.9524621377508392,0.04512912410036978,-0.5715206884076112,0.027146977707562414,0.0430191675778502,-0.5475694013347719,-0.09047315453951806,-0.15075786065231692,1.0
-0.9145146925788529,0.03859793682123127,-0.5587220936101998,-0.38193722542847264,0.058927321762860335,-0.5879670185735516,-0.0913580184845769,-0.15756249944375547,0.0
-0.9684137854736817,0.04438138159924496,-0.5151847097081593,-0.40594566578421826,0.09848975249914543,-0.5762111841234185,-0.03953084702834623,-0.14509333140819564,2.0
-0.9780165720891264,0.03542628258869997,-0.47275021997897176,-0.3509410381910242,0.11722836254519176,-0.535725958208115,-0.06659355822274238,-0.16037066343872342,2.0
-0.9851885881877891,0.03427750931432062,-0.49993190168415685,0.04756016892784237,0.07403576962927229,-0.49332989648550646,-0.13334803105795787,-0.16054397091129466,1.0
-0.7993563020455174,0.010905320148910755,-0.6505239544064709,-0.5243396434541678,0.060227297356110585,-0.6543471069353707,-0.0517245229449791,-0.14623532217093907,2.0
-0.9563773001547748,0.042480619656749964,-0.5553808057159234,0.06113402687485675,0.04719799714782753,-0.5340380484534211,-0.133741367714254,-0.14901238568821304,1.0
-0.8470111105881271,0.044251960341785516,-0.575481210901674,-0.8249241212417814,0.09112168621934713,-0.5530523769297717,-0.137005842814673,-0.17722966054440087,2.0
-0.9429133975698998,0.07620501323217423,-0.5762750143256177,-0.15848913782287827,0.04975105657475136,-0.4785007307634677,-0.1516932749850936,-0.15573993414577594,0.0
-0.8472905681538062,0.008917666537082043,-0.653369286917414,-0.1315824736697721,0.037264579958417726,-0.5889938642626656,-0.09463547135976354,-0.15547557760985178,0.0
-0.9748727723591277,-0.005784397299891643,-0.45560739113515414,-0.3270157929658588,0.1288396586902768,-0.5843481982272655,0.01000160161429589,-0.1681631773197856,2.0
-0.8855281488688495,-0.011809026858061351,-0.5578936417482555,-0.44903612756547145,0.09485998419962322,-0.6310819125257108,-0.015610552664774596,-0.16614779739409188,2.0
-0.9713695012384608,0.04125296408582231,-0.5087696046760609,-0.003694044053224127,0.05946162673553327,-0.5044176137078414,-0.13617945350756827,-0.15762706734672483,0.0
-0.9317183034587292,0.0102550871812555,-0.5845965530165774,-0.10821120398855605,0.0626024217759578,-0.5772034294014052,-0.03378192952589426,-0.14357762121656487,0.0
-0.9263412758709997,0.058791757148231975,-0.6027690245418299,-0.017213324077822972,0.02980822405955731,-0.5390410697391665,-0.14478123298716247,-0.14916035773783945,1.0
-0.8835183103546063,0.09773657758858517,-0.7157420437670132,-0.05910135694475463,0.017766434103591425,-0.5066492254385621,-0.13108129254893539,-0.12421890591071573,1.0
-0.9239163054347348,0.099528619379189,-0.6209198162950623,-0.07039677754500889,0.017954085296751507,-0.5405577353492006,-0.1348059109645599,-0.13717094869050214,1.0
-0.9612651201433554,0.05649813023817873,-0.5204033833399924,-0.26955778639774697,0.06564411923960012,-0.5151089896942154,-0.1340409317295852,-0.16083286906152455,0.0
-0.9670128974075899,0.05488236096382931,-0.5286513523293495,-0.16427559637306438,0.06133916209561485,-0.5188334428291408,-0.12793808055399103,-0.15589505545781468,0.0
-0.9137845687087797,0.0013971433220547197,-0.5276494689826365,-0.37795830406829156,0.10589213059167468,-0.609848724315013,-0.061530989642934616,-0.16807351166335419,2.0
-0.7880743612542495,-0.014114728869464868,-0.6617099892399473,-0.15853509481377787,0.003737194775173744,-0.6072844514793925,-0.08812021235777436,-0.14725813917900227,1.0
-0.9502127097568549,0.07997576956562338,-0.5263019994766338,-0.4067738139344431,0.07312652566197386,-0.5296746279796362,-0.15978574010789465,-0.18021217082798133,2.0
-0.959831001261216,0.0068373661234567285,-0.48581055754649544,-0.040521107134036505,0.09932871666479878,-0.55058995509226,-0.08794452864818066,-0.17194928457154787,0.0
-0.9517069537402535,0.012015876000046652,-0.49866991048226506,-0.432069928803844,0.12355069754087922,-0.5599714457186031,-0.03255698113965899,-0.16563101916633172,2.0
-0.9777560596280324,0.018815363598203575,-0.5054129360866979,0.11747703058273501,0.06650279070582718,-0.5161282332683677,-0.10906145759546317,-0.1572837688639543,1.0
-0.8869772158271247,0.050867578016835766,-0.6461451073448571,-0.0464924813370409,0.013457628983017847,-0.5475159068804427,-0.12425075199046369,-0.15034596235780615,0.0
-0.9279574742412644,-0.018401157684498362,-0.5111081017463905,-0.0224616706392351,0.07818299406818478,-0.5636862519460426,-0.08930601183660004,-0.18096352812835637,0.0
-0.807121537761973,-0.03652588403177513,-0.6264806589129045,0.028977647707449344,0.020081012174209142,-0.5672042928762752,-0.11818044987338604,-0.2019580184547296,1.0
-0.9749740304285568,0.03505995055126356,-0.5060230903524919,0.024693472948809442,0.06289881095849259,-0.5119664651745985,-0.12307787044650349,-0.16070849783786006,0.0
-0.890274233051664,0.029849443498420725,-0.6642539806710528,-0.06481195112573487,0.04788378005592142,-0.5937778231477105,-0.07777382589346049,-0.11953927040549125,1.0
-0.9218614849838797,-0.004792359053388026,-0.5515914427973175,-0.04963527790506536,0.06260161766191248,-0.5941168974949574,-0.08152828332778903,-0.1685507009648436,0.0
-0.9538899596354135,0.036821838269532225,-0.49912462019684994,-0.38327831514283595,0.10809245977749435,-0.5824136984159383,-0.054089309608041786,-0.17096780525458952,2.0
-0.8048632324065657,-0.06733220126199035,-0.576399792442231,-0.20736671381199778,0.06242460001238335,-0.6671872669123086,-0.09683075155936242,-0.1740069124600361,0.0
-0.931732314352509,0.08794509341071569,-0.5526504227102429,-0.4248523897507718,0.051273670461366654,-0.5257964332290307,-0.14403874100766223,-0.1578085178678392,2.0
-0.8546733017053731,0.046157049092852044,-0.7085315594582051,-0.0401797345606017,0.020031633915383262,-0.5882251521961889,-0.06588720010502651,-0.12248108322541623,1.0
-0.9398717744105565,0.061019829176913495,-0.5331924004423305,-0.6303228624166903,0.07668553258792239,-0.5733050739325585,-0.05816828809460224,-0.15748054383293617,2.0
-0.9592507077787894,0.04906867685267211,-0.5370797553418463,-0.12346257595829713,0.06315174993113384,-0.5522766292284101,-0.10142657279370652,-0.1556771088992813,0.0
-0.8579862522043632,-0.013067731711668112,-0.5676086542767855,-0.6298227780358856,0.09172719271756863,-0.6323979541223628,-0.03433801359737684,-0.17588317599739886,2.0
-0.9308791835737089,0.042374613870447386,-0.5268883036336686,-0.6162137730904476,0.08113293306906869,-0.5805442120703791,-0.057497089514926596,-0.17245110272897513,2.0
-0.8286698401100739,0.10248260543372507,-0.7049278974377782,-0.12664350969828098,0.04199121432998029,-0.5900904697927964,-0.17402181925535587,-0.15175612386915446,1.0
-0.8194665523358957,0.02207695199178976,-0.6306484226002315,-0.6327098976568292,0.03206647377012051,-0.6467859923714867,-0.0700514728999122,-0.159799350020909,2.0
-0.8759193495503643,0.048117654299892856,-0.6798331786676433,-0.03190871291653094,0.04142973759249044,-0.5694824250073196,-0.11025822427625846,-0.12619536405158277,1.0
-0.9687548076722932,0.045269455531156085,-0.5375344693311879,-0.04519171563029914,0.06550364336757766,-0.5399930401475709,-0.09782605698977481,-0.1472226967316502,0.0
-0.9727377014357831,0.00854434743501703,-0.47249736848687535,-0.3391395610946596,0.12645814379517167,-0.5671612126727943,-0.021828449751884194,-0.1634399192064875,2.0
-0.9735008534800479,0.021642502282368203,-0.47361969374989116,-0.3062353260308635,0.11974525074351916,-0.5668292253433904,-0.04452959732526533,-0.1603827547582533,2.0
-0.9443812330657972,0.01758843683235432,-0.5598374588233302,0.049438903633447995,0.06018659426268163,-0.5489133138371998,-0.09237212100115655,-0.14894182643632367,1.0
-0.8474641487689812,-0.15849730195848277,-0.43788534136702273,0.164070507647063,0.06548969152265986,-0.6227014660420497,-0.09951158697108223,-0.24276100908281129,0.0
-0.9517793527915205,0.0698031059498102,-0.5638004925262164,-0.08128328660113857,0.04734618511270428,-0.5206127833362773,-0.1599262591099495,-0.15545500308755558,1.0
-0.7556359938689432,0.21452661814206364,-0.6179325335441742,0.13152654423595977,0.07933192252162394,-0.6674448004621459,-0.24687329533563887,-0.2570785824052727,0.0
-0.9618845999601698,0.08799820035146486,-0.5580139044622954,-0.02822017977813701,0.018703047892149792,-0.46828042523028757,-0.2128726807771097,-0.16215625601526887,0.0
0.0912779183107042,-0.7109779123530804,-0.09869166750707675,-0.0910479501406239,0.01737284481974733,-0.27692371360562457,-0.9701113054876922,-0.37392603268012903,1.0
-0.7201103745222448,-0.05268569705801451,-0.7167513428542569,-0.10341202301710505,0.06252645817232837,-0.6577045477606872,-0.06955706547974486,-0.12712454689632072,1.0
-0.9432474934503906,0.045345057591237595,-0.5641257980320572,0.03986891094863343,0.03514703568326391,-0.5187255414130783,-0.15749655826125872,-0.16361088634837603,1.0
-0.9611873498009978,0.016478953699922264,-0.5385062918938427,0.1297682712668501,0.06255610860997728,-0.5439418119917577,-0.09045596102839337,-0.157974638197703,0.0
-0.2289841499101043,-0.02831909399546788,-0.7937356094235875,-0.5710048276757016,0.06669177542994942,-0.1992798692097814,0.19355887001484867,-0.1562573702551995,0.0
-0.5337191208809247,0.04576980196227919,-0.6590546997802849,-0.8523970878049532,0.049034856769503234,-0.6313531873621511,-0.1844604751703883,-0.21071007254923718,2.0
-0.9746267705820607,0.042714672981397,-0.5138403947820029,-0.016155400159136385,0.06780798163482539,-0.5140131146853318,-0.11376136226117524,-0.1574700371153703,1.0
-0.9486088078017131,0.012028201453804115,-0.48198850473514687,-0.5471124458799357,0.11739261297039992,-0.5888979982512613,-0.031226491270699014,-0.16267261660335086,2.0
-0.962459214745311,0.03545173700144118,-0.4927528103179362,-0.49860875895081525,0.10872268910115476,-0.5449855457145858,-0.06092143901925717,-0.1679524501121888,2.0
-0.8453562703220256,-0.01815388346715706,-0.6597562007580282,0.008380104333801375,0.03922405113150159,-0.6303894113648709,-0.07746861558002434,-0.1442918199456224,1.0
-0.9066393800056481,0.09776729283227559,-0.6533330096973151,-0.11317315430049159,-0.0064520927226322244,-0.5343126249841547,-0.15873715742265537,-0.1428933359317016,0.0
-0.9769500507558969,0.005458413252749372,-0.4960621853246656,0.12328691207656511,0.07525224946937918,-0.5222082841334432,-0.0975154893943575,-0.16083430691946704,0.0
-0.9691203349019937,0.011215894594349088,-0.49076022983354745,-0.34136876126514015,0.11775013961698347,-0.5766459093469419,-0.010504835467678178,-0.14934175223993096,2.0
-0.8261489892482988,0.16405201856895008,-0.6583317992287014,-0.10037697307826204,0.04417259014925483,-0.5677237995901834,-0.26012349497144593,-0.17894685687832662,0.0
-0.9021363868612271,0.04783716671399029,-0.6331880176381438,-0.044953507354388855,0.020455790595711107,-0.5850459668411062,-0.09197114901744556,-0.13997226625165732,0.0
-0.6006155905062089,-0.21033368296362254,-0.4287601399725831,-0.5342036197953459,-0.013499133816900238,-0.6287631396863002,0.09838477627505587,-0.2700450630130707,2.0
-0.904170872943656,0.03246145991876184,-0.6249758892639915,0.06232000495521761,0.022981227283971534,-0.5517687503802793,-0.11459640887013174,-0.1440681578200228,1.0
-0.9591797307188143,0.01708514856040721,-0.5292000403678838,0.1046651716867057,0.06471187404767886,-0.5412779362718334,-0.08489281934413198,-0.160785107789596,0.0
-0.9478847174531099,0.06475379725992571,-0.5462891758326883,-0.4569665362211837,0.07165591728141825,-0.5560423539786752,-0.09926930195193699,-0.15170373177035515,2.0
-0.9632126755762036,0.015458959805319798,-0.4961555559280567,-0.2128830995963136,0.09244118445577736,-0.5571253298219049,-0.06170509896217525,-0.16655640292506727,0.0
-0.957318864278486,0.037833583546797334,-0.5679967387549812,0.08575571096948276,0.05279383032357791,-0.5521115114456112,-0.09097501840274413,-0.1414384622941474,1.0
-0.8579524567425215,0.02827277751388137,-0.7330773984943988,0.07446629578967012,0.03525544807003975,-0.583721718491627,-0.06896783858941669,-0.11510820257220818,1.0
-0.9824572195170169,0.02504607153444323,-0.4728563797212295,-0.33178719973275966,0.11638299392087431,-0.5567431741720642,-0.03797957715395267,-0.15708705795541755,2.0
-0.9891839380550604,0.012264947985471376,-0.43271786680491914,-0.27375332264782265,0.13165915147358667,-0.5410955743438518,-0.041576231795431046,-0.1703738352025043,2.0
-0.9183705105463258,0.03152017231214267,-0.632133670687202,0.14500381706940751,0.04943815614856034,-0.512729056485367,-0.08708818682730832,-0.14813343529851147,1.0
-0.9637826299702129,0.03261382376477946,-0.5358050003371845,0.022765543817159423,0.06422536009224672,-0.5293671745486547,-0.11046412921505559,-0.15171894377988132,1.0
-0.9286027311771528,0.03054608306716304,-0.5607440193775095,-0.11762285496574999,0.0635444588081311,-0.5845384403570459,-0.08625937970128449,-0.14793015769282963,0.0
-0.9288677080629375,0.08854568640591493,-0.5629758309263838,-0.6981331475858356,0.04673033213679581,-0.5521266224679252,-0.1117357983051964,-0.1672987372285292,2.0
-0.9767648280300015,0.03622751468455274,-0.47164801068665396,-0.40268100863082507,0.11430377202294381,-0.550076348521049,-0.06233092129752132,-0.15670984108435723,2.0
-0.9791665594258641,0.03129185243680408,-0.487052083535115,-0.1434557676329686,0.08354722529431044,-0.5187959457058281,-0.10382093402637767,-0.1619037806861347,0.0
-0.9498094577542985,0.03897251620288461,-0.5573784935284948,0.03035988484115773,0.049727845557755536,-0.5472841158503068,-0.10708538388846946,-0.1422795103088233,1.0
-0.04224734746191117,0.2875292938002773,0.11107663842289117,-0.24998063066135362,-0.09689861981223036,-0.6951310524955732,-0.4727279871705817,-0.16151143360665077,2.0
-0.9613081115761748,0.04516057685912798,-0.5354342538133026,-0.25921858591008673,0.08500057901431243,-0.567035698672877,-0.058083681093655304,-0.1472042627785909,0.0
-0.9550102938575528,0.05962910117539852,-0.5223173542965225,-0.6228180412080792,0.09365410301529146,-0.5464983336131527,-0.07270817273517259,-0.15674195423945153,2.0
-0.9678907120930461,0.018082209634199587,-0.47025435686313694,-0.37037536747213395,0.1136106075659492,-0.552953309371276,-0.050345465983119925,-0.1660148974565151,2.0
-0.9482655886038039,0.05558969626525377,-0.5423092210515715,-0.4412067039543437,0.07992457843928065,-0.5558346605205984,-0.07637321155630597,-0.1499197628315715,2.0
-0.9251202825778149,0.06523310113665368,-0.625711844032855,0.005970416393810379,0.017797731728281536,-0.5413488517713412,-0.14612809376245858,-0.14838825046429224,1.0
-0.7979557504747868,0.24605973174920284,-0.5894291500536957,-0.8899669663522153,0.011189921438523535,-0.4539772758060988,-0.30028485014192746,-0.12815777411997956,2.0
-0.9729127639889366,0.038236124170679515,-0.5078083076119212,-0.05707000895318942,0.0713303657902161,-0.5230981188639034,-0.13040737365924643,-0.16777902900199387,0.0
-0.7365419846694028,-0.08068887417926882,-0.6366900280125757,-0.1716553783590999,0.12612930539855666,-0.6856763778872382,-0.09808296211006605,-0.13892027769060855,0.0
-0.9861673955481028,0.019895638106820136,-0.4495971053827469,-0.28195812963070044,0.125834248351748,-0.5541567133399916,-0.03420673881687497,-0.1683272528548472,2.0
-0.955390373185152,0.02894085172713091,-0.5542594774437168,0.023701244335181254,0.0496319329433274,-0.54331894228865,-0.11329135996639343,-0.15482078696542598,0.0
-0.9578863487577093,0.029784960095591853,-0.5201576186400537,-0.2236865783441244,0.08768792715985715,-0.5590909339559371,-0.05392011982936063,-0.15163187273518092,2.0
-0.8357172390072228,-0.007035052476131405,-0.6834342792163138,-0.07771884558478709,0.059669858741766627,-0.6017190774533138,-0.036608407349852115,-0.13124307196018836,1.0
-0.9186099877914315,0.09186321744671953,-0.6365368265368273,-0.0157325151491719,0.013423820468266429,-0.5227660754634741,-0.1671233329369024,-0.14668900707593088,1.0
-0.6814417204639834,-0.1444624255950417,-0.5790281581715628,-0.7232558733676283,-0.02259509056354604,-0.6354052382045141,-0.02605109544518633,-0.26195559080264774,2.0
-0.9326811495119604,0.10221654377825765,-0.5763289213985507,-0.5544901439051949,0.0512009162802335,-0.553985231366396,-0.13540663884477186,-0.16733849706334664,2.0
-0.9391474067872384,0.031008753478148986,-0.5927237660744266,-0.041186433933412286,0.05308187836601664,-0.5605059709441855,-0.06932027795808023,-0.13151754092147042,1.0
-0.9217152198787634,0.1049906161885257,-0.5933628661377012,-0.7192250256623617,0.04923659896112048,-0.5610719680117572,-0.11045074973579641,-0.1521479812938643,2.0
-0.9373687692012177,0.10347002391053811,-0.6114546208196565,-0.07583103783706677,-0.0018029864450883198,-0.49611321001297337,-0.19249955252377848,-0.15188076077700147,0.0
-0.9578442582623419,0.09046755489439423,-0.5529615709316299,-0.2119767026430192,0.03279412979405008,-0.48117160781159657,-0.2038374312151351,-0.1668289968114307,0.0
-0.9769201410476346,0.02266194928449473,-0.5111448745611026,0.0732739411147329,0.07517718441380376,-0.5379099644246189,-0.08515346356157608,-0.15615240919490186,0.0
