-0.9323699487763298,0.07765095959003251,-0.619522400823771,-0.06298101446103413,0.028900262584515918,-0.531253320877049,-0.15139908309766537,1.0
-0.9060237718964698,0.007048510023605022,-0.6052797796396425,0.049278626609631226,0.04049392902856626,-0.5919252122185372,-0.0806766434393273,0.0
-0.5707022791713333,0.019090894636653553,-0.9632503349421131,-0.22189862408443828,0.21761221636084904,-0.31648989477596684,0.2090561083299377,0.0
-0.9688305732692238,0.03127274777816291,-0.5149276994828995,0.01372606315054195,0.06517234049306475,-0.5222668798595582,-0.1357594366721968,1.0
-0.7970091566446893,0.10039523352641735,-0.8446863429781302,-0.2423243314778944,0.025750264417970667,-0.48567497638630464,-0.0321420424487639,1.0
-0.9430064994404009,0.04820740125518249,-0.5838514565938615,-0.01646476366014077,0.0431568588093768,-0.5498847867977875,-0.11614310794311829,0.0
-0.8491696758009929,0.052618874483706196,-0.6771197758949598,0.0829876521790126,-0.0004497303199412703,-0.5477434907369569,-0.1755983977476419,1.0
-0.25495046787951103,0.20555778182398152,-0.9010362882004777,0.06640030684693282,0.2996920848426743,-0.2645798843674862,0.34347341611240606,0.0
-0.9289920060201212,0.09429868631653304,-0.5670793906657928,-0.6117824219878902,0.0503410821978399,-0.53538530959727,-0.1297349944265229,2.0
-0.9794420961109472,0.03910878381905554,-0.4955362285485131,-0.004517511588220752,0.06611215111928524,-0.4945392143180034,-0.12870555269229705,0.0
-0.9432935586368308,0.0905979139309674,-0.5785960893644118,-0.3147356944812961,0.03962945678537492,-0.5316711276280565,-0.15252105606591534,0.0
-0.9739544919114836,0.02493203943022247,-0.5180134344885526,0.07542120158333793,0.07278640956083811,-0.5200705389398275,-0.10214139986067153,1.0
-0.9295473296909628,0.13203302132788464,-0.5700167125052928,-0.791655997296944,0.03939857058521108,-0.507819273463232,-0.1807418678410941,2.0
-0.8941604632940252,0.13817480464240814,-0.6575680868291442,-0.6409321304382211,0.009985166493094437,-0.5505481282859429,-0.15314092218006253,2.0
-0.9267087836413274,0.04920118425646039,-0.5993692963691726,-0.1759095629173908,0.04236995470948887,-0.5612169860589679,-0.07852456152246398,2.0
-0.9254564304594675,0.08193657431336056,-0.6126543157253028,0.0338775043639942,0.022273970736760004,-0.5218828752861956,-0.1869676762354053,0.0
-0.9106649696420734,0.02559673566598863,-0.6081499457470585,-0.11047924859275288,0.046109284416802135,-0.5927279645326434,-0.08835051043824946,0.0
-0.9649698252311156,0.01575113104123091,-0.5170097761271998,0.03870689908867689,0.07074148101793017,-0.547578235123825,-0.0969811515557678,1.0
0.23655887887456195,-0.11412510709326373,-0.6762846441690554,-0.24117231182679727,0.5381699863073495,-0.36679996647487456,0.2269062919681059,2.0
-0.7112019776674506,0.4650504533348489,-0.5701610766028021,0.4911181957908083,0.3130392373427603,-0.8099665629435939,-0.4830955862699174,0.0
-0.9165231600247645,0.11737952312019818,-0.6123988068213453,-0.4566733370738885,0.026737959975932014,-0.5080149806253013,-0.19921025787113847,0.0
-0.8076580014661859,0.05029965146243577,-0.630244085160118,-0.6707575630217703,0.08979408108763136,-0.5636730261305488,-0.14715020332941214,2.0
-0.9349106892715634,0.07677604714203824,-0.6092576974482771,-0.01997013306318876,0.026463512878990125,-0.5254927023549772,-0.14863490634194013,1.0
-0.8932675001936977,0.12772241412859586,-0.6101242350834256,-0.549613491279098,0.04947173844959803,-0.56156854308828,-0.12363566245759945,2.0
-0.3947240415659772,-0.3043242042476241,-0.637437643626382,0.1554402816201213,0.28719404378439417,-0.6725269258629027,-0.23664435879985188,1.0
-0.9835154882904258,0.017332770060251964,-0.4415324526407613,-0.33944395397683125,0.13322130238483998,-0.541126866241589,-0.052966444845697264,2.0
-0.9535140469806213,0.027834218042917476,-0.5464768182215064,0.07942076948221516,0.04893836312724026,-0.5251293750160507,-0.11110463838643567,1.0
-0.8955503895138213,0.01392660867129581,-0.5367214449966046,-0.4232301004515291,0.11741006805099684,-0.5808319699242084,-0.07602775662827033,2.0
-0.9538053637353318,0.05615020049713844,-0.563877263308013,0.008534424090454934,0.060605466313645336,-0.5099486512641391,-0.15200953167827774,1.0
-0.9749811023562255,0.02883599869904799,-0.506725742113104,0.04671153641764289,0.07849905972934092,-0.5147527844098776,-0.13054737553792342,1.0
-0.9491378632224121,-0.015397854274853288,-0.48479671406581915,-0.03398128579483192,0.10026297131619297,-0.5592777308943311,-0.07306958905967682,0.0
-0.627626175651296,0.1420463510463187,-0.7038302608552511,-0.04885289066406609,0.07997397157126042,-0.6715894038976769,-0.21031327487724844,0.0
-0.9293178731247392,0.04156592628079038,-0.5737411877846343,0.0021136862994475536,0.025231070882964897,-0.5299939564415016,-0.14933935064327253,1.0
-0.9718185312798173,0.023528666352530887,-0.5068934835391112,-0.010158157648523819,0.07496578217924145,-0.5122949372652793,-0.10960329915978456,1.0
-0.9708384537594392,0.027010302219131463,-0.4761956530519466,-0.35853589488403304,0.12103138489003781,-0.5750615615068744,-0.024916635105689006,2.0
-0.9076172782205277,0.06280621970512953,-0.660595486032264,0.032853441861225796,0.03555102688539163,-0.5118095776785317,-0.13283881676827447,1.0
-0.938622691308311,0.02401974985926072,-0.5528770217941531,-0.011743627116699712,0.04941922601102917,-0.5561441163143058,-0.07613049921865414,0.0
-0.9574160955849925,0.060001664275666576,-0.5502532733050881,0.010948415935951833,0.04716089084477067,-0.5121779749360442,-0.15189292455088724,1.0
-0.8278142367984629,-0.002701257577251953,-0.6562645265953226,-0.041561436002700125,0.008498317799512718,-0.6554864514287702,-0.0351754073624916,0.0
-0.9703352014961741,0.007330516372210917,-0.4829097655242166,-0.14754652739484989,0.10710430654315761,-0.5686616675022798,-0.05089263913618145,0.0
-0.9236786641499188,0.1263230052306214,-0.5913965279929582,-0.7630328985095439,0.04237967989985786,-0.5341326726389127,-0.1332724833807245,2.0
-0.8926654985974771,0.05192231335774154,-0.526855972758597,-0.7669842611386478,0.05676780832073076,-0.5647604364533458,-0.12510997859941597,2.0
-0.8947983366309371,0.05936757928224909,-0.5907463033350915,-0.6737573518205564,0.058570738288617544,-0.6002792177877042,-0.051113343463088164,2.0
-0.8500987274103511,0.0032688661148214046,-0.554426814763467,-0.5705669933568803,0.09612736562277362,-0.6316747201027049,-0.10966277776786086,2.0
-0.9684901192757593,0.04292927853356766,-0.47743367497856803,-0.5247354646148417,0.10203029610065155,-0.5478254775939075,-0.062264157086242375,2.0
-0.9401751828282248,0.13018304640201156,-0.5532872075100319,-0.39826144602086844,0.028682376447811977,-0.4979702692496722,-0.228092711005123,0.0
-0.948959535097901,-0.015102140846565484,-0.5431813980429758,0.1460586792306494,0.08868244944742934,-0.5934098437118475,-0.04442425587193791,1.0
-0.9413898008438026,0.08112973538257254,-0.546001177317599,-0.42916528047310987,0.05639146739140785,-0.5520489553208955,-0.1289683753907484,2.0
-0.9417258616371397,0.08371218775298764,-0.5812506598908955,-0.32623099770842445,0.04492487647710143,-0.5521889235806354,-0.11826712788692793,0.0
-0.9674932517582524,0.033353886296084156,-0.5222652644004837,0.046129810083666234,0.06697363798167781,-0.5357072702009457,-0.10951638544253448,1.0
-0.9683361943613669,0.04148576418112552,-0.49986955780109354,-0.188241031297078,0.07316095081200709,-0.5249826915831077,-0.11660977891565112,0.0
-0.8800885040463045,0.033064224647261165,-0.6841637536758944,-0.018079501951021315,0.017054712948565635,-0.6171069355309291,-0.05347924380170528,0.0
-0.9822728390713606,0.0028902806420208205,-0.4743582778640941,-0.019236659569488085,0.09332878196379014,-0.5433323284332813,-0.05378389355992433,0.0
-0.9589191842719956,-0.022588131495015637,-0.46195682296493595,-0.3351697454063368,0.14949210425718323,-0.5973192056131178,0.004489358678912578,2.0
-0.9447735722185864,0.0550438813528872,-0.5978998575764389,-0.021565346556559617,0.04190451404428751,-0.5258044053659537,-0.12775588422301862,1.0
-0.9555482252116091,0.018914650356852983,-0.5456670957832063,0.053787104184786105,0.06793860743331057,-0.5493954767799464,-0.10383113759275964,1.0
-0.8754573039370789,-0.016182279443497198,-0.652315888084917,-0.024315081366822394,0.04633777554501861,-0.642453458179925,-0.03378534434291962,1.0
-0.9491825553594797,0.02264011439372484,-0.539686635354139,0.057361866563956976,0.05095535896192606,-0.5346949688293233,-0.12703347633735218,1.0
-0.8474282289721443,-0.004327702440410933,-0.6817057459569804,-0.06457117126042566,0.03454313208130162,-0.625134248700322,-0.06794989302907889,1.0
-0.8466516512956459,0.18137581667127048,-0.7090714786639432,-0.32714807536037843,0.02740271446785291,-0.36708921753960805,-0.16510466027981485,0.0
-0.9520938219992995,0.07844248714617626,-0.5702956935426662,0.00655032221662738,0.032250192817833284,-0.5099698001712825,-0.15967106808295445,1.0
-0.943606548168597,0.08640638334285936,-0.5605390886042515,-0.39237673067008505,0.044911183544417435,-0.5277420799070075,-0.15184753870435913,0.0
-0.9648403563879198,0.05311620308944999,-0.5272925033469568,-0.22415675994909368,0.06401818325715931,-0.5273976660507574,-0.10671456441220997,0.0
-0.9355908649242677,0.03951955869203403,-0.6251363733656556,0.047926727449270956,0.046209238913203,-0.5606447514935264,-0.08569330832893607,1.0
-0.9622111647292209,0.011277223888029965,-0.5291490939847773,0.10464154266712367,0.0657943814332841,-0.5471621189501097,-0.08359608814775644,1.0
-0.9729511351495576,-0.021073362368200205,-0.4507732569753839,-0.3107521634326697,0.13256225404168742,-0.5882329719094281,0.003740249609688745,2.0
-0.5505738854616434,-0.1382428007233957,-0.6941667985356942,-0.03661137569243583,0.08507134853586015,-0.7036287558636564,-0.10749569088949167,1.0
-0.9805527559712676,0.02260458576631038,-0.4610326385778921,-0.36644137066511384,0.11546800598016256,-0.5485497544472877,-0.047470331783609425,2.0
-0.968078403400849,0.012752984715744119,-0.49279418867477903,-0.2921983868403946,0.11745109578671854,-0.583882175467198,-0.01437027368168621,2.0
-0.9693737570192317,0.03672080213418764,-0.5106386961710397,-0.04213366537911581,0.06742800993364731,-0.5238296493752779,-0.11748209508023257,0.0
-0.8619547020050451,0.08109331153172258,-0.7142905361680981,-0.10741367939667425,0.015359255613004018,-0.5464868858827409,-0.12171044422762983,1.0
-0.9540813320192211,0.01714311842330739,-0.47971538712497985,-0.47422880389158184,0.10522371937659304,-0.5637944209875174,-0.05851782549169981,2.0
-0.846600943126603,0.040174275043852604,-0.6327720720726461,-0.1890156775865198,0.011978095120163193,-0.50920227670842,-0.1512853748162855,1.0
-0.8308567551734518,0.0012562910268032051,-0.6497923205269971,-0.45880590389654063,0.07903201574881309,-0.6517024952596522,-0.024008809996275193,2.0
-0.9632473746918231,0.09522226787569357,-0.5579102563208492,-0.1318062062140324,0.03171847793994289,-0.4885342614670301,-0.19710888181959535,0.0
-0.24923692377185047,-0.4416114604788671,-0.36403207671261106,-0.5526518214584011,0.11667176965553305,-0.46713539981284635,-0.466925264338348,2.0
-0.8718568462632446,0.031679900091604034,-0.6978623334584735,-0.10886561770702934,0.040851593511580034,-0.5901231327298508,-0.05944721904518246,1.0
-0.9006849974273072,0.04849922628167266,-0.6564835379739954,0.01959019070488041,0.01582971437516107,-0.5867365279827268,-0.0872087494571279,1.0
-0.9759214708128254,0.007039887012956929,-0.49052854735645013,0.06490995191995469,0.08481810337812035,-0.549876253781195,-0.06044726688021108,0.0
-0.8643652369606502,0.07744962830894363,-0.6829845050044685,-0.08416704015804659,0.027451909778689908,-0.5614017041957424,-0.1529298534499281,0.0
-0.9391557919388245,0.07491255702276473,-0.5888390325940421,0.05989366307498506,0.020601813050909683,-0.5099625767218073,-0.18083471169069532,1.0
-0.9812741706558532,0.01610460243574012,-0.43368743091304796,-0.41983821486155515,0.13058313859107362,-0.5371884695392335,-0.045712431332280576,2.0
-0.7335023434848041,0.03086470840357374,-0.8018972302716901,-0.13634635913537524,0.011817706565539265,-0.5862582080293662,-0.05125261180170398,1.0
-0.8762039211288156,0.049843851996222564,-0.6170980478417031,-0.4493076947929888,0.07512649796705168,-0.5989430644013224,-0.09050085191770357,2.0
-0.9394428149562934,0.07188460825435967,-0.5585779018664927,-0.5835216550955837,0.0658332857032509,-0.5600281664274503,-0.09535859385058582,2.0
-0.13938449666266206,-0.37721255560479405,-0.7011054469589296,-0.09811082407852295,0.3234779352853932,-0.5500603393468192,-0.2928700766085911,0.0
-0.9115504094188882,-0.0010776528007691855,-0.5733524364893189,0.04965690277987228,0.08332707236943426,-0.5855320568960776,-0.09798276305692628,1.0
-0.9704889087149383,0.04870798547145138,-0.5183982175770642,0.02795105453788066,0.050004285245885106,-0.49937594284703646,-0.15643381314512736,0.0
-0.9741117053541024,0.02380475376627175,-0.516439734811048,0.04065737557361648,0.07128304565837168,-0.5264665872526186,-0.08917750813433742,1.0
-0.7652344639190126,-0.002374200203464606,-0.6889096177689327,-0.006290844310801069,0.05544772420269266,-0.6169292963044779,-0.138147923546722,1.0
-0.9399245788407966,0.06696841632257362,-0.5917883738086042,0.008850598130726334,0.031076214964550913,-0.5332371617767598,-0.14887196048293458,0.0
-0.8916969195199023,-0.014410008688527015,-0.6034938056551343,0.05475203576452203,0.05704535647715974,-0.6282183371537458,-0.037010053810073607,1.0
-0.8704393323035162,-0.013469285244360564,-0.5929519267719078,-0.06128104766346981,0.024992329442281795,-0.5834522548437325,-0.09690503004457095,1.0
-0.9628533344016026,0.05284395251701351,-0.5136620476455465,-0.36551148915184617,0.0927495350326689,-0.5537129946474532,-0.0858184829996361,2.0
-0.959655615719042,-0.00697855876931177,-0.4522635253871197,-0.4471520813756283,0.12603585468479767,-0.5986403605325349,-0.01197824106684453,2.0
-0.9641212704534895,0.044389169581948475,-0.5446383100596164,0.007862526137541653,0.0673344926341076,-0.5447680588813968,-0.11249122886456485,0.0
-0.9784617713417487,0.011305070392029118,-0.453077270210312,-0.34234171746971553,0.13252606690604685,-0.570400835281118,-0.029622934443290408,2.0
-0.8223522884464152,0.10826959481315906,-0.7225646548149531,-0.07061801477896479,0.023226110823259538,-0.5414680995753588,-0.13601987140936397,1.0
-0.8734004709232354,0.1447880256817664,-0.6617028031097207,-0.259030626950428,0.026773929356324125,-0.4105939816525621,-0.19520173392529333,0.0
-0.9554903881308159,0.09459411543259905,-0.5458215260781568,-0.5060607439504748,0.06386654292749373,-0.5241642002487994,-0.12695606368324935,2.0
-0.9757352976210242,0.01939643968085696,-0.4510126911441387,-0.39888116014252945,0.13358810619098171,-0.5761520804941842,-0.018023082789622016,2.0
-0.9202804460151549,-0.009859364736154057,-0.48934549367613284,-0.540561054440109,0.10344485791020175,-0.6152504785664348,-0.02825606877881616,2.0
-0.9099664494501396,0.06299832845150645,-0.6278752332672961,-0.02263131231189333,0.026412412519455183,-0.548922586539594,-0.13978444316195676,1.0
-0.8807007447949339,0.1064944049561583,-0.6219465123024833,-0.3948550717368434,0.03311057557992024,-0.5664189842022178,-0.19756011018531672,0.0
-0.8960820008812692,-0.0012948902709579158,-0.6105378070378659,0.062274424547307305,0.047654153448499645,-0.5756383839761267,-0.0796000796538706,1.0
-0.9284314054955647,-0.009755908397323015,-0.5493972227437851,-0.02389091212846378,0.05433914052374332,-0.5532503183405569,-0.03613685307284012,0.0
-0.5731687762803053,0.2756396253456063,-0.36355492357263913,-0.881403853832591,-0.08195539221565704,-0.6415919514687103,-0.38081841128388716,2.0
-0.9486301473383036,0.07847082351916483,-0.5743057285494664,-0.09038686664157988,0.01710076551706704,-0.48712888439875485,-0.19195928181944982,0.0
-0.7534274220262147,0.2576032657555878,-0.6543012714999376,-0.45007127520243917,0.09356760178333919,-0.6043762280042666,-0.15269400194092259,2.0
-0.930483381784266,0.06521762647671953,-0.6152733168770883,-0.11816843541086838,0.02262214962256299,-0.5590673212439758,-0.12146019530102589,0.0
-0.9167752112390027,0.004145238377415553,-0.6113054854221733,0.19846018388783104,0.05064186314099384,-0.5601349372217916,-0.09651979068253579,1.0
-0.944370669405122,-0.026193637290920904,-0.49247943181818776,-0.01864029579169124,0.10581792742472766,-0.579032657967493,-0.054871437626689744,0.0
-0.9148496523518668,0.0444435866385622,-0.6074672255019533,-0.02203361885409061,0.02879575763760904,-0.5714761199277986,-0.10733333512970554,0.0
-0.9386844271476904,0.041526782874975084,-0.5267298548162622,-0.6206914765618003,0.09440800643709851,-0.582313788508795,-0.0474784645408499,2.0
-0.8362201904459234,0.05095501408020511,-0.6259903954743595,-0.1854815939930485,0.07063790002526818,-0.6022660029393309,-0.16804909109739996,0.0
-0.9585593723275259,0.05748705260917168,-0.564824731031709,0.09039539445842365,0.04062775075687661,-0.5022240944754649,-0.1596945117282758,1.0
-0.9273874269457225,0.0313500625875221,-0.6172031312250646,0.045305216745159055,0.045790581548734194,-0.5837684790720129,-0.07607839310742541,1.0
-0.9470177260718635,0.07887266613656269,-0.5200256014312781,-0.5402573058539373,0.08048234350932054,-0.4835437191982092,-0.1625959503848723,2.0
-0.8194726289569206,0.030865228647348388,-0.7205179169859891,-0.09643897188552376,-0.01956000118466515,-0.6491532260165015,-0.02881772992159269,1.0
-0.5100024725656161,-0.04135725142816325,-0.6704108749162068,-0.11961044693556977,0.10298622984035852,-0.5414007018676131,-0.16232027693204437,1.0
-0.82148897793188,0.049473243140687226,-0.6910476869409774,-0.21212985393492784,0.019549040058396257,-0.5778792017438241,-0.14397215117474338,0.0
-0.947728390225558,0.048417457303534694,-0.5481095837328771,-0.10901114827676703,0.07117806399970786,-0.5610370585638729,-0.0920648803253524,0.0
-0.6786283887839627,0.21612907268964526,-0.7145772339384011,-0.07409460294300779,-0.011394976205577417,-0.557129100488794,0.017342741877942255,0.0
-0.9525038048664234,0.0275034573141147,-0.5511878118381066,0.031111935184558404,0.059822750601754106,-0.5489787556352663,-0.11180252004587529,1.0
-0.9760231793665329,0.006455900965364393,-0.4856166342780032,-0.006081054757815008,0.09291030069955582,-0.5353618576541853,-0.08019579886511535,0.0
-0.5193885632719875,0.312872328000857,-0.5639430415470106,-0.21521904117502239,0.024024091093412095,-0.5700922817541185,-0.145716531614358,0.0
-0.7426587785388613,-0.06927842057297509,-0.6338527637304703,-0.692804220524611,0.019925487236656513,-0.6933161598410857,0.03463176073969759,2.0
-0.9072056649020033,0.07125553722700646,-0.5577697724857031,-0.6891483061936684,0.08347339493987177,-0.503277020122796,-0.13479097271764923,2.0
-0.9841971357091873,0.008727236950468363,-0.48575162203590494,0.10639120320885498,0.08654493603340659,-0.5349285097168397,-0.07373536534538705,1.0
-0.9466537054579042,0.009219328488625667,-0.48110970366637545,-0.4101272904600397,0.1284977521758651,-0.5796641402851634,-0.04111438780276069,2.0
-0.9730371944187807,0.033491420443522685,-0.5235536035462294,0.03700214666655699,0.07371227341174066,-0.5310159575957291,-0.09764870669956544,1.0
-0.9766569197074005,0.04765843777134133,-0.5184761339231027,0.07067326180012429,0.06028119493229686,-0.501225768399783,-0.14795934915511963,1.0
-0.9618063058562862,0.05271648927458544,-0.5066533935460423,-0.3106588622471882,0.07756721803148867,-0.5332874258591119,-0.11735035449848502,0.0
-0.8733651299539594,0.0868925171327179,-0.5868377323645153,-0.7474368377222581,0.050387483668631806,-0.5143586039985193,-0.1385271066800171,2.0
-0.9374016758968764,0.06346485112645983,-0.5173896748317497,-0.5834455986457551,0.07167685529439621,-0.5507560762506202,-0.09638823176120517,2.0
-0.9755236985984085,0.033260459727712105,-0.47194075769334276,-0.4398003333525973,0.12326195350014169,-0.5731962743821285,-0.031472027425487034,2.0
-0.9459803394917935,0.07183195279901873,-0.580346160363132,0.007798842223715713,0.026604029858966732,-0.49984782707435604,-0.1629762521977639,1.0
-0.9778306163132543,0.044402748341634074,-0.5009929265866788,-0.016655551678181973,0.05894707755668456,-0.5034411469712359,-0.14416089118361988,0.0
-0.9353147026748015,0.09517322276480247,-0.5634051590177649,-0.5223146706615747,0.05598720149775052,-0.555447790105421,-0.13101876054493247,2.0
-0.8985411047836367,0.06042040315355216,-0.5514794416273034,-0.6843888723293254,0.06889559233753728,-0.5670496288465879,-0.08218702927224679,2.0
-0.7221553514087846,0.38557089412018136,-0.5364831104902531,0.04194872222272625,0.006449475437035723,-0.5104593004558067,0.2515032507621249,2.0
-0.9112881103545297,0.04513014581601629,-0.6066826772909856,-0.027571868170547215,0.0446374589031847,-0.5552206384938652,-0.13528880216142244,1.0
-0.9130543504463998,0.03720039833005152,-0.5752485773767724,-0.19308937804395065,0.05725203467652744,-0.5718165477855425,-0.12261051426191374,0.0
-0.9654882683760502,0.0484242358964897,-0.5296846562277081,-0.020181711916699152,0.054701945506700655,-0.5156787952941713,-0.1395033419491836,0.0
-0.9684229433749298,0.006117670543229814,-0.5085216325193885,0.0910132652007899,0.08620510973157033,-0.5532232121888953,-0.08717079720451491,1.0
-0.9398062906289408,0.09621153160027149,-0.5950322345599298,0.10506967193011818,0.025893196602180334,-0.5199184196348351,-0.19784178318904388,1.0
-0.9623779282591427,0.04573487605790151,-0.521439395832634,-0.15086329994241526,0.07348384106456352,-0.5339867664187884,-0.1256927657882089,0.0
-0.9022074037182837,0.009886473872275349,-0.6000652266198306,0.012511676610370087,0.03060112243232161,-0.5745084123349582,-0.09776634986754656,1.0
-0.9308977159814936,0.11544017084677856,-0.5405884910446297,-0.7280717034716327,0.04950619651275111,-0.5374066691457849,-0.12841893929552792,2.0
-0.9008561889681732,0.03223095468834219,-0.5799210871972352,-0.3941729441604029,0.06069016952962754,-0.5947700741029249,-0.08277504586935752,0.0
-0.9810143304283517,0.040645986951125646,-0.4826991971208193,-0.13159658346614306,0.08882572735476259,-0.525836293581079,-0.09333156103012591,2.0
-0.9038685011782243,0.04249943035971384,-0.5902251164442597,-0.03730338980808229,0.022229926447491603,-0.5496143486083809,-0.12533999748644595,1.0
-0.8562572258232468,-0.02079695516803151,-0.5105382739771791,-0.5930677702261871,0.10389942008118183,-0.6235501725520484,-0.049921729116521665,2.0
-0.19763059164928998,-0.5135233181179577,-0.448653237253265,0.1363959368678509,0.18874309400061384,-0.6743835579641604,-0.5509018277574103,1.0
-0.9632943565975653,0.05728057641783503,-0.5385370968858216,-0.03535998264748311,0.03539163662469473,-0.5113828472126136,-0.14661418734652396,0.0
-0.8782941758763633,0.08446923511374523,-0.7123680716449893,-0.09316214566432794,0.017957626203966105,-0.5179816523446326,-0.10194806781630997,1.0
-0.6404837634706082,0.06229853178831617,-0.6846174560155144,-0.6394872076277268,0.08256967446520824,-0.66613026164469,-0.13900962876769363,2.0
-0.8928950156778488,0.02167356062982312,-0.5353416036597632,-0.5790212562690429,0.090639549415277,-0.5947486944331116,-0.08156973314730379,2.0
-0.86540902869249,0.07320357695954052,-0.6935800907357151,-0.364104475837581,0.01461054299515583,-0.5780319270425592,-0.09372763869048276,2.0
-0.9835300852649626,0.01501450811609794,-0.46257688413267717,-0.21969373163806089,0.12672578442336668,-0.5668719135707307,-0.018733905194829703,2.0
-0.7612153334282481,-0.05319252308415007,-0.6886092029127069,-0.08229382680484713,0.03694480548717956,-0.6976569878240046,-0.0052348077249489144,1.0
-0.4646264915367481,0.00954593981860509,-0.6289428388685857,-0.8547221581981765,0.0501256628583978,-0.5472509929390075,-0.10639172912311971,2.0
-0.5963666352806152,-0.1348685318479865,-0.765375945009438,-0.14037738326358803,0.0725337213672686,-0.7213685029076689,0.035302544889524695,1.0
-0.9536051330619464,0.052996258268311315,-0.5510575401809522,0.06973988737567577,0.048745988307591456,-0.5224372199473343,-0.15826025351448497,1.0
-0.6712407449321326,0.4085234464328411,-0.5951392893677965,0.03300961050289744,-0.057199172359326755,-0.6195236755754466,0.029849353959918834,1.0
-0.9696381160407251,0.0019691833149952653,-0.5116419604534908,0.12082698721051954,0.08588891961666577,-0.5604596585557334,-0.05406706231288416,1.0
-0.9786597880126565,0.013054123961130405,-0.48945696360430213,-0.0365375673297782,0.08803863581575533,-0.5380052295473539,-0.07325745822676054,0.0
-0.9654370304092768,0.05907769655065476,-0.5533881493950904,-0.16234628361999964,0.05617372825125509,-0.5079611555912995,-0.1384208862155742,0.0
-0.8726312437511301,0.07770897428500165,-0.6882829993992541,-0.06078782965057189,-0.0020939518456714323,-0.5801440833963688,-0.1231426645337692,1.0
-0.6336651371827592,-0.062369978706278514,-0.7337955691171791,-0.08759460592573408,0.05082293413712061,-0.573496218389686,-0.10869409917147371,1.0
-0.8922913870078825,0.13710045559725517,-0.604994279505066,-0.359992161517114,-0.008618263730968342,-0.49821447726517665,-0.22963141648682925,0.0
-0.9517083926481307,0.02842799502715853,-0.5179423451265597,-0.16173246039865474,0.06991390510281749,-0.5608307074877296,-0.10086621165220165,0.0
-0.9634489793926537,0.056465635145467014,-0.5362696234286679,-0.09889072385645813,0.057682843773404116,-0.5229142692079825,-0.12019468862439388,0.0
-0.9423635744888096,0.10846550591700144,-0.5520596557122014,-0.5981980029993168,0.06526467748000714,-0.5055731046814804,-0.14946309421024434,2.0
-0.7391574137960502,-0.0851524148383021,-0.554728743518623,-0.5924713306637664,0.1187684953412369,-0.614995625940965,-0.08787054336114167,2.0
-0.9015507728073346,0.01152779167825569,-0.6217655165396075,0.006743165386764061,0.04115356419016989,-0.5980039029935313,-0.0599275321162526,1.0
-0.860873965771281,-0.06144398222136424,-0.5011004368039331,-0.4188084319047488,0.15904597680110516,-0.661414749333803,-0.03884157418474796,2.0
-0.9694100722899568,0.03085974251937431,-0.5340631119714414,0.10049525479833382,0.07002593593872662,-0.5446407096664415,-0.0921464284689484,1.0
-0.9301147677320164,0.11077808877317491,-0.5841905184319266,-0.4740917059338897,0.040248616343809995,-0.5558868907761636,-0.14234430295178369,2.0
-0.8897584103810614,0.0658316764812037,-0.6250687070645914,-0.5558715839592959,0.06994438609108704,-0.6351718256573111,-0.0678419456684348,2.0
-0.9808837398891737,0.004005022516306231,-0.48367911554744336,-0.07167143220319488,0.09965825879640794,-0.5490479269167033,-0.049009897901277466,0.0
-0.970452268159373,0.01340433507984301,-0.4755304024373189,-0.38386520228524157,0.1147089960919856,-0.5668460778103848,-0.04102474889794178,2.0
-0.7154961148724917,0.2622466185649195,-0.6921499949302101,-0.45722831898488203,-0.050896336732662334,-0.4776830994710466,-0.08781191684698081,0.0
-0.9189061184321845,0.14063396064991424,-0.568973111822013,-0.7618334880094624,0.03654557580103701,-0.538222837791784,-0.13505570182095583,2.0
-0.9384101607429868,0.05795902096033704,-0.5664833227715651,-0.06298271874031403,0.038294395316362244,-0.5287447290949886,-0.14802772294797925,0.0
-0.9742110566433236,0.024767738316111957,-0.4766505808312307,-0.34190575454995276,0.11442745714286515,-0.5568529433180247,-0.035168014268253694,2.0
-0.7519415574580968,0.15003939550985557,-0.6558817447637585,-0.9235155731133335,0.01047513309726781,-0.49586487310122895,-0.26353083819895323,2.0
-0.9366285618935934,0.03989322907267466,-0.5018442445137983,-0.45238674773124715,0.08450291898602946,-0.5551449875407551,-0.11057454053322016,2.0
-0.8940385336097068,0.07575611866715311,-0.6527103404492618,-0.06780269983162932,0.030006453176120086,-0.5842350631394501,-0.13535244442112543,0.0
-0.6885042154341343,0.046337931720267636,-0.6194622237041605,-0.8720064661387048,0.0027424440663131947,-0.5679465158021142,-0.17720867782555427,2.0
-0.9071453347653695,0.07624378575031909,-0.6694805012583492,-0.0037042929869709196,0.01843568305662513,-0.5613942180935592,-0.12099567202761771,1.0
-0.9635213439191517,0.018999207964493274,-0.5236110684738466,0.026300778081221082,0.07284188779689271,-0.550368927755805,-0.09477424850621718,0.0
-0.8044154993332825,-0.01889670378847208,-0.6673438653466727,-0.05819917272767641,0.018208442521332996,-0.6445655210054645,-0.042262821486454896,1.0
-0.7586111837054579,-0.03541813290020335,-0.7337243561575516,0.2680540459527052,0.08700961066909824,-0.6399683828482782,-0.12331495380950235,1.0
-0.9577322008206819,0.03154893329552976,-0.5295882409949316,-0.03555016841619005,0.05929746458182898,-0.5373493298952695,-0.1211800020882271,0.0
-0.9855598180940357,0.02144171178753548,-0.49527218848690446,0.09052499774058875,0.07812895643843097,-0.5001903083138893,-0.11355299215322327,1.0
0.3088798910770173,-0.09369622409143136,-0.689558844840089,-0.282199269546882,0.6000085747003103,-0.37244180455811315,0.21896125594695504,2.0
-0.9278925873389625,0.08312893473220492,-0.530257282409809,-0.6552826459617267,0.055891740892735645,-0.5445377097897148,-0.1239504158717187,2.0
-0.9794059316925079,0.0005122845545854418,-0.48647103030715694,0.1472869201920643,0.08574734009472412,-0.5314182553390139,-0.08119167607882156,1.0
-0.9744591455699679,-0.0037181748513455404,-0.4780164797743791,-0.09832159100328554,0.11242138902878579,-0.5751121741089389,-0.03771201880181774,0.0
-0.8719672079022331,0.011510041966519086,-0.644294023857716,0.021605134288019218,0.0433207373117087,-0.5929949476383667,-0.1162896879467307,1.0
-0.9630784142123524,0.026441908913561334,-0.5233335956190982,-0.07676576606487828,0.0686052341117793,-0.553722798827991,-0.09352039113015051,0.0
-0.8357275700893017,-0.01824342007465278,-0.5967015285619753,-0.5457355829903945,0.07195010304471187,-0.6185711744642799,-0.029075293247528555,2.0
-0.8790461652225402,0.12731080739260886,-0.6329142219539071,-0.20549164310614731,-0.0005086052407631755,-0.5054155705928731,-0.22239117627394903,0.0
-0.7103014705982273,-0.07129188589018585,-0.5895841034330764,-0.5543112065524312,0.05283757710597532,-0.6563598906249518,-0.04018240370587349,2.0
-0.9342154819387708,0.0459302696949474,-0.5520082636444418,-0.4291646629046202,0.07779001732840421,-0.5797998315440679,-0.06361442075340343,2.0
-0.716194603588576,0.14707579565138357,-0.7827567235207459,-0.3162015339896264,-0.027482823278182925,-0.46104965498689165,-0.04115583459834686,0.0
-0.8881635599893821,0.01627779456884334,-0.6230321181114735,-0.08466846336653214,0.047203736958747744,-0.6313606881907151,-0.058654712064041215,0.0
-0.9768245181106285,0.005452696963257057,-0.462010300528897,-0.3097077640563908,0.12495677800113598,-0.5682647629538506,-0.026928370938828994,2.0
-0.9721606299131141,0.029689309431537355,-0.5217833682184866,0.07726297563403633,0.07056587635445394,-0.5410369399055752,-0.08660377107241504,1.0
-0.9081483690689789,-0.001704056821576802,-0.5575408233552791,-0.14901791815545434,0.09000303598699633,-0.6006997498696808,-0.08184686612904106,0.0
-0.9104025543953235,-0.0013059418829786604,-0.5826777933801579,-0.028064610275774116,0.0680623865207785,-0.6259269000193798,-0.052901271690149104,0.0
-0.9250168009778874,-0.00946939885249206,-0.5330159196972607,-0.28551386266207357,0.1001206938445901,-0.6082892704782549,-0.017245307869745582,2.0
-0.9410308605589043,0.05354275247709722,-0.5950915887384196,0.06421914854151412,0.03902032860399606,-0.5390801114648307,-0.11675599456508182,1.0
-0.9531045754944363,0.06170923278289168,-0.5502494507481857,-0.06512020129510804,0.03774815120085111,-0.5074327797536321,-0.1791493457045817,0.0
-0.9692603968496258,0.01986897065186685,-0.5025360357087197,-0.020032410422556712,0.08421323970245674,-0.5373193861545138,-0.0881776166531029,0.0
-0.9427402219598474,0.067987870568219,-0.5203163310260897,-0.5489164284057209,0.0721918959857212,-0.5405923792703696,-0.11910507751783816,2.0
-0.9495080631418235,-0.00746335766934729,-0.5424444130123091,0.014213322998851086,0.08528188145605821,-0.5897296863242396,-0.04270364254266978,1.0
-0.8965607419859831,0.15098476832455573,-0.6095100528617867,-0.3904027119493816,0.02393073490767437,-0.47925596620617605,-0.2321166366386707,0.0
-0.8273440865012314,0.03785841531902313,-0.7220356758371591,0.09077688245647286,0.07506055367180582,-0.4587537488680997,0.014150954959195439,1.0
-0.8968437920815646,-0.027921074084800185,-0.5451012709611041,-0.4368980669742919,0.0886541418712123,-0.6458175818654951,0.00688227632326574,2.0
-0.8592467373929524,0.002823959554646545,-0.64152623462493,0.057039802653674754,0.04012600614700565,-0.6302425943187754,-0.10111841266352227,1.0
-0.929043837056543,0.07303228687433595,-0.6294418405930697,0.03507195162606047,0.028391452602506036,-0.5558559530723787,-0.1238009575867076,1.0
-0.9526232439501344,0.02155470970605675,-0.4998689454465194,-0.42055000741671855,0.1056156535540721,-0.5751104368009432,-0.04678819452331731,2.0
-0.9520368090336513,0.050316545999122796,-0.5808290773947615,0.052917603645640854,0.04126258359747291,-0.5270230941446362,-0.11525219156179427,1.0
-0.7279905653561336,0.06476916038348433,-0.7586678117018613,-0.06951003195343516,-0.0008316432383894817,-0.5498277979194467,-0.08345666588529893,0.0
-0.9634481745663184,0.03265317011406106,-0.5171546620954256,0.06415857874166797,0.07258398181618504,-0.5166206462105931,-0.1441010600112068,1.0
-0.7966515224252491,0.028561098257419554,-0.6712527599956342,-0.5303995676584561,0.034699360097280516,-0.6623447563240792,-0.08363245605743547,2.0
-0.949875712718036,0.05263748725153576,-0.5430277036632275,-0.08488934884584844,0.048374325881932134,-0.5204803040869529,-0.14125503196743722,1.0
-0.6931182011264232,0.07126382479912596,-0.7487963637311349,-0.5662112465244705,0.045265355775078744,-0.5668158486840619,-0.019008557142975738,2.0
-0.9746987222325183,0.043420325557902616,-0.5111685679557667,0.038947056063021956,0.06094235273656121,-0.5030259916339592,-0.1360759216481664,1.0
-0.8092697666304864,0.04658648843304846,-0.7598562698840337,-0.07269154736561714,0.044630658907456024,-0.5144650431371572,-0.06891841124607835,1.0
-0.6784203310830184,0.21441371106202387,-0.4175365036333506,-0.8792893092293451,-0.08033122517291374,-0.5660168040107891,-0.2514383255748134,2.0
-0.9401064537737195,0.10140588264952127,-0.5279837932055582,0.0502749967292887,0.01403626940908153,-0.44012578827070437,-0.247110730340741,1.0
-0.9832808285565893,0.012672070949346345,-0.45032564987709345,-0.3019636675417241,0.1238498571488238,-0.5421994667128074,-0.04144657746617857,2.0
-0.9724879872046259,0.023282298124259835,-0.5266479276863097,0.03732002787508673,0.06723477264957732,-0.5339356524051108,-0.08301201339027711,1.0
-0.92915211080699,0.058174542109237275,-0.6202510793475696,0.0017696259706346251,0.016913814297798042,-0.5479387582544322,-0.12957891517731607,1.0
-0.9749369174162965,0.04251763657367946,-0.5174975479408963,-0.0872160957657752,0.07584093088885416,-0.5319180472953079,-0.09639061926450775,0.0
-0.986295362567352,0.027547772817727093,-0.44679234061594697,-0.3718568015058957,0.12291141157754153,-0.5342382993899951,-0.057184656871366625,2.0
-0.9399071722792711,0.03151175298448516,-0.5433765982613695,-0.1250621628012124,0.06253388840529338,-0.5530266032199636,-0.10170883198523958,0.0
-0.8986307702649036,0.03697390824519946,-0.6258934858494376,-0.0019135825683830876,0.038021910793022,-0.5693122511997694,-0.09269927823144296,1.0
-0.917029473843775,0.07754128020171583,-0.6340778730394755,-0.09696801047173352,0.0222911944935988,-0.5236636031698911,-0.1508341260828013,1.0
-0.9177650728710113,0.037680709830317696,-0.651649971894272,0.09362060329016553,0.04213331785417552,-0.5789655190016437,-0.0825260738467252,1.0
-0.9474687369006708,0.09698705351049478,-0.6024638485409434,-0.031175474875110715,0.022308413712591908,-0.5011342385164982,-0.18264373141775792,1.0
-0.9192005079267196,0.034609049117221166,-0.6196627167383945,0.01397852781120379,0.03771889227880036,-0.586098136796871,-0.0759507653939891,0.0
-0.953125476990655,0.044031666597712446,-0.5393385355441532,-0.03707812171300748,0.04400361047878126,-0.5142756682853156,-0.142230986009923,0.0
-0.9054549957779795,0.05979757552221071,-0.6300018350778848,-0.030093937608938665,0.020644503447151803,-0.5468895311277224,-0.1205693356875891,1.0
-0.9379492113418184,0.06041878962786457,-0.5616375274011091,-0.6224471331341332,0.07362676393207519,-0.5861903971503271,-0.05402071377022098,2.0
-0.8524126793572047,0.17721993737638955,-0.6306143555103836,-0.9080142276891366,0.04187041856071629,-0.44727939071188294,-0.23909491952357873,2.0
-0.9343426061213325,0.06259345490611193,-0.5207703649365585,-0.6900846428873795,0.06748258806868283,-0.550369975293215,-0.10621899762655804,2.0
-0.8029972380875542,0.06862076612686208,-0.756042647714622,-0.005268861581106898,0.017190507893990292,-0.5470102679778229,-0.07589471459295774,1.0
-0.9138764850223222,0.07670615522373703,-0.5569624352953065,-0.6773154977559708,0.049880541320805674,-0.552097999811894,-0.10872760717260678,2.0
-0.8567066166452109,0.07621218988808559,-0.6320304421396359,-0.703949306524303,0.053463800767992495,-0.6112791618012058,-0.07076731919810841,2.0
-0.9447731213862101,0.07807120131783671,-0.5462831032407885,-0.5310178410251982,0.07050464830532036,-0.551717558133392,-0.11263520509136994,2.0
-0.8953558835344608,0.045870536810701724,-0.6125402776226989,0.003968410511102527,0.03261097643047341,-0.5515730212704814,-0.13294482752514727,1.0
-0.42168323735745267,-0.21478976448001758,-0.6045599314527204,-0.16173067009542028,0.036171077911911834,-0.6952341818749822,-0.2871745948807327,1.0
-0.9208755494112483,0.09467377372288796,-0.5647356895494593,-0.7333758458831561,0.054830513429946465,-0.5461833546604791,-0.12192263616114621,2.0
-0.9233530648635571,0.09420010323380199,-0.5570212266368473,-0.7455515519743132,0.06157271677492575,-0.5516923706677972,-0.10949197103000693,2.0
-0.9787034175874428,0.03625899937666112,-0.4851671696395634,-0.3889433722557442,0.10750011911748264,-0.5508990209636824,-0.040398476091829005,2.0
-0.6330878970235605,-0.002837300291241525,-0.7519204360950924,-0.05370420799734216,0.0682331867711797,-0.6364450315620986,-0.1274302412177382,1.0
-0.9277126315426748,0.07883114518689771,-0.6201076658726086,-0.003051188909806879,0.015117674817025313,-0.5157325784029198,-0.16451421783116893,1.0
-0.8279565804414499,-0.015225831245674365,-0.6191757466879532,-0.009756066475164471,-0.008044517348323371,-0.5834441559277213,-0.09128704351332159,1.0
-0.9713000117237338,0.009862987339438356,-0.4704359806017061,-0.4017908798243912,0.12355269709761109,-0.5779399727105543,-0.02208605304057458,2.0
-0.989802622352887,0.009919664069933734,-0.46038724046242296,0.023872700756031956,0.09391489772832007,-0.518719798950544,-0.08949284559724784,0.0
-0.9528045865764783,0.0419265831317012,-0.550899578969015,-0.056970510515505696,0.05597683715974286,-0.5405049058583893,-0.1220101833240598,0.0
-0.9152957704371811,0.0974643458462727,-0.5768848716963744,-0.7286806356137532,0.06842986625329237,-0.5017822940696591,-0.13922395985965424,2.0
-0.8736159357000718,-0.021773222926939673,-0.5890317581545398,-0.1529611406295809,0.08271682125302965,-0.6335548680913662,-0.03551262454426002,0.0
-0.9706581333534663,0.03323740162822912,-0.46425426530911096,-0.5159900915339058,0.10886886280419367,-0.5417733509379584,-0.07653852416369153,2.0
-0.881796974515177,0.0030811467652524516,-0.5194926959364805,-0.6924159952118598,0.11584084024164225,-0.5326185943601521,-0.08876943152166253,2.0
-0.834248541840369,0.030534778509577233,-0.68211205024341,0.026006560319777633,-0.010184590292476661,-0.5802167268247493,-0.08996910939240296,1.0
-0.6532329141994037,0.04173786658260848,-0.6953185169297573,-0.7058245609507485,0.05088564969360143,-0.6340744612268219,-0.11554538368225244,2.0
-0.8680306906916018,0.021940531091106573,-0.6478074168296482,-0.0006809096516332269,0.04467547228274316,-0.5851129906209429,-0.09325107980241025,0.0
-0.9576395233341838,0.024883724702992244,-0.5341336749948543,-0.01136570845030746,0.07313849801660456,-0.5682413139187672,-0.07615273637113767,0.0
-0.9446695382832809,0.0424409150982575,-0.5851788779291841,0.0124863092868438,0.04182978335632572,-0.5453653316020622,-0.11138346936118652,1.0
-0.9563448541539299,0.029379404721606137,-0.5409693147774305,0.013673649889416412,0.06139524075424035,-0.5591752319890498,-0.0896177459474835,0.0
-0.939789950349529,0.11280427933360455,-0.5632864244523408,-0.2219353699402905,0.028054952436512993,-0.4847582336763024,-0.2292726692616915,0.0
-0.36929724969045763,-0.2641224094873537,-0.5496521120993051,-0.2725136901547386,-0.09128058969867339,-0.3953869467160819,-0.16172546612028132,1.0
-0.8623205339032957,0.17143553914960102,-0.6369018061385507,-0.9332855195195091,0.03410533479202047,-0.4480303917839568,-0.22100452871037748,2.0
-0.9167658701052643,0.0540294287134322,-0.541947507989187,-0.041817685099991314,0.019635696346000764,-0.4588862686890311,-0.2294580255056029,1.0
-0.7974479701940469,-0.07639317670709982,-0.6275501565130464,-0.058518698977572225,0.06352747833997556,-0.6131279692499109,-0.08107018258588072,1.0
-0.8000841740548229,-0.018746680583790767,-0.6639446738532594,-0.6439117278918056,0.02929409438931732,-0.6848651786733585,0.0060343800044570794,2.0
-0.9709071586332017,0.04837099361450891,-0.47354365429592254,-0.5004801425705951,0.11214073324467866,-0.5313253044276058,-0.08997557807533198,2.0
-0.979348455028781,0.019141699190927994,-0.5093426064647385,0.09886348527383781,0.07380978361777712,-0.5326503364261216,-0.07526408303785433,1.0
-0.9688416226189958,0.06782336298141523,-0.5274026432333517,-0.29035522905898337,0.06672134806128825,-0.5266484641463623,-0.11933111380586654,0.0
-0.5673720298644038,-0.18177961451467708,-0.6105722592537282,-0.23757450223648985,0.06228592099884554,-0.45622275413521657,-0.15291585912118905,1.0
-0.9439913657894704,0.05247405037070101,-0.5767027564408419,0.03961193718217482,0.03355575214858135,-0.5280384804707942,-0.12669519594701803,1.0
-0.5122141140154447,-0.005730580896631254,-0.8259161230730658,-0.058980125576070325,0.14517721556579827,-0.5962828452428831,-0.09182062482901415,1.0
-0.6716469351756206,0.27439730602232837,-0.6778552579228627,-0.640010435016449,0.08083042079006789,-0.5991870782098185,-0.07799604641898701,2.0
-0.8127154174439102,0.04744342543808981,-0.7636004619022613,0.0032461571046039916,0.04222921031057332,-0.5126678600195725,-0.07516674867537187,1.0
-0.982545040750776,0.0006645606144402502,-0.46288389158734594,-0.10635830678344337,0.10817779418567114,-0.554244683431489,-0.04881846040219396,0.0
-0.9812408815659741,0.02198353118694202,-0.4951710652023539,0.05419728220817521,0.08099958573695396,-0.5101374929936411,-0.10367003025865693,1.0
-0.9661595065094923,0.08132696651016856,-0.5251590207864192,-0.26804858522268127,0.052086063302392606,-0.4917509928485938,-0.16944073619220923,0.0
-0.8609524751997141,0.03214505815331112,-0.6862054517840752,-0.13233249408512882,0.02386532092671685,-0.6314474246272652,-0.04944056302498644,1.0
-0.9636155765149315,0.06335881741327641,-0.5610116030246542,-0.11200751499072621,0.05424435995410104,-0.5296815856634152,-0.1190829289503033,0.0
-0.9566408417636143,0.025890131434407094,-0.5429347319480617,0.06695360865407851,0.0592204359183508,-0.5511697047525013,-0.08420978430546745,0.0
-0.9864368688258685,0.015169991419757695,-0.4542549164459861,-0.21072556764259187,0.12233328126503112,-0.5437944133613558,-0.04578586888841917,2.0
-0.9791471069885814,0.009420921265684994,-0.4701426879932931,0.017367643159097612,0.09273607482647835,-0.532398829372953,-0.08665641577521412,0.0
-0.5072262636518624,0.3475719242036043,-0.6501917646559725,-0.2536255197768567,0.03976098102569475,-0.5586350511928245,-0.17760069808887602,0.0
-0.922075948755855,-0.0010995453848175463,-0.5537986066748783,-0.33268682710144326,0.09677584236088839,-0.6151638351082349,-0.003038827716173212,2.0
-0.9526212147328478,0.011407198845417445,-0.5448501378641241,0.09608996969241618,0.06910612312467493,-0.5694513720358793,-0.0754917632251503,0.0
-0.9262616357309463,0.015362944995514095,-0.6036210195900217,0.05462115529930034,0.04948371241468923,-0.5994258844814004,-0.051844719909814714,1.0
-0.9819716135605717,0.0323125180583887,-0.4474487434235024,-0.40767171881932107,0.10776794252616864,-0.5224448727079327,-0.08539716620179409,2.0
-0.9785302791829775,0.026575591615463637,-0.46315891702811873,-0.36137014956145813,0.13081542978776373,-0.5597346253575689,-0.037728863510931354,2.0
-0.6164846384563383,-0.1871263346335799,-0.6712054333469626,-0.10714658431249553,0.04122055017528494,-0.6914710155999447,-0.020389732104612257,1.0
-0.9481343190837833,0.048271705991974,-0.5814943501165444,0.07530057940393559,0.0473351274488191,-0.542385859392869,-0.1291286550360295,1.0
-0.9574055071537793,0.03885216210914537,-0.5578745959223982,0.05339905180078541,0.0580139302344282,-0.5235403140761253,-0.11825085674075467,1.0
-0.6359595868749446,0.10158839370628103,-0.6427863683786432,-0.686508219546674,0.008835524086468184,-0.5914004523765086,-0.060606845413935365,2.0
-0.9785392875126293,0.0631629396605472,-0.4907347024428905,-0.49760535946661005,0.09206601970705613,-0.5314421372393043,-0.08922842276143363,2.0
-0.9024791534217523,-0.02099918783723609,-0.5258660353462353,-0.4283067108434824,0.11556199655803148,-0.6066011463104654,-0.025594841936605536,2.0
-0.9816377506528303,0.019752116843660586,-0.4519380620270955,-0.37151242345785207,0.12563280166551918,-0.5639203156157844,-0.03636718123360018,2.0
-0.9661728026887253,0.05980916357503213,-0.5214517643572892,-0.25574400501888295,0.08258121653338005,-0.5297345168753492,-0.09437960715974279,2.0
-0.9874451956656524,0.023135531998699062,-0.4404371071323814,-0.3897684304923326,0.13149151350075033,-0.5411386227224115,-0.05047343235532891,2.0
-0.9081229028140159,0.061071463594537204,-0.626025565514685,-0.07846212986165779,0.011969590355751937,-0.5826432678037768,-0.11270881519965537,0.0
-0.871178046098557,0.06976541931346374,-0.6249415841008886,-0.5280683711502702,0.07247226762392033,-0.5726859743369964,-0.10565874270413336,2.0
-0.9216355937617215,0.08705998617849296,-0.5911120289819564,-0.5685181345240476,0.04883784872817046,-0.5304942323734252,-0.14261487237966758,2.0
-0.9872258043837032,0.024154188101944904,-0.4754597884942998,0.021047535580491744,0.08524737185309848,-0.5138791288074706,-0.0989356160691376,0.0
-0.9645955727135328,0.0639748835053517,-0.5041659272734915,-0.410715843386814,0.07917099081402416,-0.5354142157289049,-0.11422089194022567,0.0
-0.7631175743627157,0.021563017923059227,-0.68884239324293,-0.0298090391001144,0.02810675432447699,-0.503705037017729,-0.14843850445803633,1.0
-0.8765661403674432,0.045410080223703346,-0.67438831497492,0.013525368359073336,0.023381902368550284,-0.5678755078643262,-0.09742026585370978,1.0
-0.9282151311532348,0.023719835680003014,-0.5388647229350867,-0.4473069909966112,0.10231076086200452,-0.6134136051461295,-0.020146030199353043,2.0
-0.9575492850759156,0.016358745399468334,-0.5383659347202431,0.09868095703993102,0.069515845126146,-0.5638014504831809,-0.08422544260046058,1.0
-0.845136430575774,0.004399330017666306,-0.6643293445016106,-0.004941034145061862,0.04017862334791801,-0.5717723662001266,-0.10820024988226391,1.0
-0.8932486128861418,0.05260143035169356,-0.6540181363239235,-0.0035878893564831316,0.04567578167472603,-0.5487100301351961,-0.12903886265120398,1.0
-0.7616209693327823,0.04929238661176137,-0.7472182055686796,-0.1485219038182908,0.023612001092058493,-0.5889698794514446,-0.11772487870623059,0.0
-0.9235912110350303,0.05509157298907345,-0.6094679214761507,0.14501996067404505,0.030641038442673026,-0.5398459044296672,-0.144930559165071,1.0
-0.8869773669037625,0.007859879765373542,-0.5642939480720353,-0.22903619674780207,0.076785304669669,-0.5961613638689723,-0.12255451365944113,0.0
-0.7527720084961818,0.06518844014219415,-0.6231202794172798,-0.7708356001288033,0.08254060171658235,-0.5555850964138687,-0.15209813832926844,2.0
-0.9599512364692044,0.06553724550665424,-0.5125078372880667,-0.5385990814098804,0.085423675452499,-0.5326949696996505,-0.09803545789254958,2.0
-0.9747949743745651,0.03282581882734782,-0.5182321135709181,0.038162343515662944,0.06827294367836492,-0.5146221767570851,-0.10651264719382662,1.0
-0.8250086055384045,0.061763451545314846,-0.6439224480418624,-0.5577298395134799,0.07069441797137663,-0.6576996155593818,-0.10450312361743977,2.0
-0.9498507566517593,0.039052537030130875,-0.5078379708719236,-0.5258003218995373,0.09813111077989006,-0.5836119644372172,-0.05232545177665559,2.0
-0.8712819109353199,0.030457562905014703,-0.5748149880006939,-0.07524735827404955,0.04207023803760265,-0.5839369838281209,-0.13501979584846313,0.0
-0.8652651673301678,0.07845964137186029,-0.6890227575579242,-0.012682964466688817,0.014269207006834712,-0.5597494398550323,-0.14939898723726874,1.0
-0.9701933531229755,0.053563233548759095,-0.5563761739245418,0.054163944054294644,0.05282495754597995,-0.5250133780973352,-0.10896686213700117,1.0
-0.9794683490700088,0.002925893509018708,-0.4753790813254058,-0.02817801922886054,0.1144739823705345,-0.5514784061844552,-0.05135680565482558,0.0
-0.9500496775175757,0.016449572514671936,-0.5178326891148936,0.08125236130978603,0.0664761504505885,-0.5274992409977624,-0.13839093248489448,0.0
-0.905875820235059,0.0832710335058342,-0.6527823806380977,-0.14588786038706525,0.015466929587386248,-0.5001014923022172,-0.12959124715561388,1.0
-0.9579838393353244,0.04935439955413173,-0.534296149857503,-0.29460861121657944,0.07294716752375952,-0.5489159351130785,-0.09205390541010033,0.0
-0.9730830165053501,0.02915178533417758,-0.5233778084893803,0.08977686087643161,0.05637293032909049,-0.5043160720636365,-0.1254326063513024,1.0
-0.9195607089641038,0.038498404819915844,-0.5723823084139112,-0.09062643087367454,0.04696425939574533,-0.5173426452649548,-0.15066629024072486,0.0
-0.17381155832297968,0.29968887500255614,0.11217051166985181,-0.38565062169976383,-0.10517729722130165,-0.5189288774765537,-0.6044676660277142,2.0
-0.6528059061929825,0.19165732493790266,-0.6123759062486451,-0.7519890251670724,-0.046895407674536385,-0.5956579927845809,-0.15706090358375935,2.0
-0.9702890318882812,0.05095560357374232,-0.5217921589377446,-0.09899289553617614,0.05745316597778299,-0.5281027811366723,-0.12234753848683119,0.0
-0.7844837912180618,-0.029475891802906024,-0.7101650306023968,0.07866094290367576,0.06439782056115459,-0.6060055092859088,-0.0445886271138183,1.0
-0.9322131434790079,0.06315713012466259,-0.6184393195438203,-0.015528154246500392,0.015006384130160366,-0.5598133428176951,-0.11921532855959896,0.0
-0.9406634641045268,0.024049484572373086,-0.5914844637686181,0.09365653312853156,0.052729367293989284,-0.5632114246748416,-0.08685906749080892,1.0
-0.7268345791861301,-0.08589511080505643,-0.5801221849466438,-0.5510935068851532,0.035010161650604374,-0.6974045024080018,0.03537792094011891,2.0
-0.36424255117438464,0.016555021884812608,-0.5110079312197207,-0.576929414504032,0.09323850875541931,-0.5806973361063332,-0.27563107400295195,2.0
-0.9597026867364117,0.027303433927646264,-0.5161940451831544,-0.23998436955921054,0.08535410342188457,-0.5598221472983961,-0.0640595899916506,0.0
-0.9108335799780112,0.0910356649556209,-0.653570515328896,-0.061650247826161464,0.008345988006175677,-0.5416647268210377,-0.14725500922592138,1.0
-0.9195924209384438,0.0753854619458768,-0.6112822739295029,-0.1778288122621403,0.02256054838478136,-0.5261734182503797,-0.1574139454220849,0.0
-0.9797481889980981,0.017307362693059436,-0.4726829309704186,-0.3704425129787543,0.126285017306002,-0.5635959486326485,-0.024126873821172526,2.0
-0.6852135874260161,0.24988789161358768,-0.7389585614139821,-0.1852445439290001,0.02900066415757248,-0.5642331794380027,-0.11721901607612494,0.0
-0.3724662575552078,-0.07773765978114994,-0.6663738601694987,-0.4172555903495666,-0.12997914360378973,-0.3215171650712363,-0.146320072770588,0.0
-0.9460957122357591,0.049728929530723005,-0.5776281566833055,-0.060148493966680566,0.04572851704525813,-0.5556574880055585,-0.09627525870629466,0.0
-0.8180922269117447,0.07950848781944463,-0.7881275962270938,-0.14454892038311457,0.008005860045601165,-0.5390371719014796,-0.09023828774482409,1.0
-0.7689863072056411,0.1037993964472166,-0.6672257148554512,-0.3127475924701319,0.028479152272444075,-0.5686091492629154,-0.1939588867511715,0.0
-0.9549242260336458,0.07023854935850629,-0.5698588035432033,-0.02945305749694807,0.027336408419735947,-0.4982214147244544,-0.1594152684571546,1.0
-0.9412589898171135,0.03721152999056682,-0.49194671573320364,-0.6227632295036788,0.0898396456421348,-0.5682566524583962,-0.07943888194118141,2.0
-0.9789767343985075,0.017164530843908028,-0.4772932103290495,-0.08245458415850496,0.09324416982908844,-0.5417368523885816,-0.069821257348721,0.0
-0.9543368233505818,0.039568474368498176,-0.5541648274587575,-0.0456176282747513,0.06353396873671759,-0.5516695385628388,-0.10144327845113396,0.0
-0.8959853643640336,0.03983130984930732,-0.6699315489291857,0.08765164258977531,0.040983480355634226,-0.582357619102451,-0.10402751173352238,1.0
-0.9795368049004377,0.022148327095182913,-0.5143042096382107,0.08620893288175835,0.0722638482965157,-0.5250155910835513,-0.08512403100692156,1.0
-0.8620607627048331,0.07686202860114817,-0.6883601310121773,-0.09854074249589279,0.02529828830282295,-0.5472921122645971,-0.14327778709014105,1.0
-0.9826588668307197,0.004521120579050117,-0.49867407007184184,0.09706022558044536,0.09091234353758448,-0.5383802808037598,-0.06449765534290017,1.0
-0.9450524647054838,0.09410995851487056,-0.546714306702081,-0.6688200057600534,0.05812833210758028,-0.5287877806534947,-0.1172991296522915,2.0
-0.7074962403632901,-0.10881021935739693,-0.5370240247548321,-0.6688058298490032,0.0023541977977090817,-0.6546302012402985,0.022127336944742296,2.0
-0.8901513691324409,0.021164387732877116,-0.6446758444406883,0.011249455943572406,0.05799267671474502,-0.5649866449195072,-0.10844247924436644,1.0
-0.9770938042847243,0.042483498077650506,-0.4688962383901428,-0.34902846216916866,0.10624487624046952,-0.5248358252501795,-0.09188090003127732,2.0
-0.9135256328862611,0.10196284546712771,-0.6369656671144472,-0.14270986475378808,-0.0024889206891969273,-0.5382426077614065,-0.16389847317723413,0.0
-0.9615478471483815,0.036357351779829176,-0.5217642001311005,-0.14362483743956336,0.07087838367488256,-0.5293531092629395,-0.11889887020346224,0.0
-0.8609666592800542,0.03649602106630347,-0.67053346217433,0.0496682320646431,0.020456177710307014,-0.5761737130386761,-0.10446124803016722,1.0
-0.8032212607691681,0.08179248521441909,-0.6616604053372122,-0.44694721499194295,0.040254545225232446,-0.5801497035529033,-0.08796445589041622,2.0
-0.7224987687697085,0.09973822918825537,-0.7584331920351393,-0.1326682286824234,0.08359075411659607,-0.541341658124113,-0.1476989471518128,0.0
-0.7994486284799078,-0.05541264975330551,-0.5718887021307009,-0.5205152211879454,0.04667414893221757,-0.6538178607973475,-0.002262803899022156,2.0
-0.8704875347266257,0.08366386612126758,-0.6151695030884083,-0.5265413669683703,0.03547628795788772,-0.6258308635081193,-0.08025223897674114,2.0
-0.9258398132533185,-0.015715710044986807,-0.5391966125532841,-0.06486506069414391,0.08235999445300562,-0.5943936329658782,-0.04451135596394252,0.0
-0.8214248834004838,0.029912797885214122,-0.6770672030075562,-0.07925450738348701,-0.00023737914851141434,-0.6342898415089767,-0.0657270918041147,0.0
-0.8154712303103495,-0.029408853286176123,-0.5917245490497823,-0.4638110997225041,0.09589744534696198,-0.6134305064615537,-0.050819573924882774,2.0
-0.9700697305585736,0.05248756224155401,-0.5181990678028403,-0.1816013679580356,0.06926973866861703,-0.5136319736601574,-0.12507031954769102,0.0
-0.6330722355992167,0.1029388304745578,-0.7289078093383087,-0.34715240294909744,0.06076066496695801,-0.4065125929543195,-0.16922394900282733,1.0
-0.9571811063662206,0.039880137221693854,-0.5028540539496009,-0.619539288685081,0.10348839805011184,-0.5540485902857081,-0.04452122431417704,2.0
-0.8752635221949376,0.030546567629867696,-0.6674851974484954,-0.022247657421820333,0.0333873412242823,-0.5677359878119173,-0.10025444154468699,1.0
-0.9694605931474832,0.02534345104848987,-0.49571899464839475,0.041736854469572565,0.06696658239124229,-0.5273491789113287,-0.1183992784532752,0.0
-0.9373368958187065,0.0893865539481314,-0.5223370898366273,-0.7431882146560831,0.07266189537117632,-0.5611840374846492,-0.0931601937646026,2.0
-0.8642975242472632,0.021159656687123565,-0.6682136074590819,-0.26308017292032526,0.03621073013389327,-0.643857838646657,-0.048280355119849516,0.0
-0.9198991647392578,0.07110461519735069,-0.6374921737629102,-0.08927282472660635,0.02611354369329759,-0.5667399651642404,-0.12114259099904702,0.0
-0.8718707836193808,0.022146014468096602,-0.598791286827966,-0.5252872733832747,0.07228258896604167,-0.6277610075895165,-0.03973735184786097,2.0
-0.9146302598514678,0.07532033835054268,-0.5865739356647819,0.033603061269830314,0.021494279146062452,-0.5191242381803989,-0.18889091551287476,1.0
-0.9536773256439866,0.04081410846250696,-0.5591787480658079,0.08835079421437408,0.045466605119588055,-0.5240788444513259,-0.12759738365067144,1.0
-0.9664059775346528,0.04958683096965068,-0.5184245776519038,-0.26159901658294515,0.0810222059763025,-0.5424954428340094,-0.10459082345879903,0.0
-0.8778200767421803,0.03404517890193915,-0.6399635180840257,-0.03162396961061098,0.04365998980163747,-0.591554152743874,-0.11606286697015833,1.0
-0.919557345770911,0.0518845878566995,-0.5829113668073627,-0.3366483562738375,0.06602485665059463,-0.5693275509086059,-0.09426554726990843,2.0
-0.9489622467304542,0.025427777257801813,-0.4695558172547805,-0.5435156532450115,0.0966172429744145,-0.5484557138377437,-0.09150356382662268,2.0
-0.9680745462594895,0.04403210435680199,-0.4784032984555285,-0.5068883476035777,0.10538685941191567,-0.5428952933355655,-0.08316839200835183,2.0
-0.9071289831674679,0.08424030567884593,-0.5637828939652758,-0.7617331364744258,0.06966705217087112,-0.48893435207798175,-0.14369599385093507,2.0
-0.9481560633691392,0.09112192224153423,-0.5446979550608211,-0.4223390149857844,0.06474894800143607,-0.5273386842517045,-0.15742977893453403,2.0
-0.8856977170674563,0.11940010176415879,-0.6700763216202443,-0.2937183923090404,0.0406925723541893,-0.4292153430802238,-0.11022793400234622,0.0
-0.96307681855764,0.03130087123329414,-0.5275781502433851,0.06415088265495494,0.059659494271461715,-0.5182147638245045,-0.12402758034959933,1.0
-0.9789222770010972,0.018603255300203715,-0.45968231849834146,-0.41350778952761624,0.12833630038210841,-0.543617118669937,-0.04419513131618197,2.0
-0.956816708568743,0.0077813831793819566,-0.5221937122042055,0.11865225561578674,0.07808490550298325,-0.5541888202395944,-0.09878965276551965,1.0
-0.919403744157557,0.05631988016063247,-0.6288473876731236,0.0007263239750928407,0.038607733747863575,-0.5563110456269001,-0.12810332988485285,1.0
-0.6268803405300623,0.11928165300108691,-0.7087710355696298,-0.7814608843675397,0.009999862531338631,-0.540248949951402,-0.14938279393838633,2.0
-0.8813912191187896,0.12614607861069912,-0.6902020180164468,0.03198478484145861,-0.0038685401666743863,-0.5157487129749058,-0.1704636670771822,1.0
-0.7024833010274828,-0.07573953916389291,-0.64924774456102,-0.48749583938919183,0.027924186957165885,-0.5477310119180232,0.034750169028429784,2.0
-0.9046146998475333,0.027323516162790676,-0.631120651645106,0.049726393201590724,0.027916236452440638,-0.5860885787961784,-0.07783711365427241,1.0
-0.9332055899036555,0.06271607551591066,-0.6120237768851333,0.03855252313163107,0.033062133644902014,-0.5408722388212096,-0.13406315120622753,1.0
-0.8583783786779542,0.008212563349828686,-0.6679982042237599,-0.23316458751929042,0.027853092171640413,-0.6103654339448097,0.00463657230896361,2.0
-0.9356266073071028,0.08228637179922069,-0.6074294782287992,-0.08463972424328634,0.03008385477320643,-0.512250071558113,-0.1567916381948474,1.0
-0.9354042665503408,0.04746106005245124,-0.5894892464244355,-0.16352051220554034,0.03763354895602331,-0.551009097168238,-0.08650043995758697,2.0
-0.8809263617289286,0.04391674752656942,-0.6346576514309017,-0.5026163569195912,0.04781114400047416,-0.6219311751441818,-0.04706305090178884,0.0
-0.8473778095925683,0.10312586669980367,-0.6527847947816868,-0.3678493909306638,-0.01362075330234,-0.4660488258441687,-0.13805586223774774,0.0
-0.7617429695917962,0.07579105618699532,-0.7886743870131725,0.017760177656835546,0.02371587464240181,-0.5842317909524236,-0.11025378113785617,1.0
-0.8976464345466107,0.04745758884070343,-0.574348169385173,-0.031054607242713417,0.024930792482762636,-0.5547626498153195,-0.15299133049216102,0.0
-0.7429546609482163,0.3108210021923148,-0.7263926259305908,0.10783585572896903,0.03740054113280743,-0.5718594226565327,-0.1772827430045672,1.0
-0.963286213620923,0.057938088303678914,-0.5232276684721432,-0.41624174971552297,0.07820854205349922,-0.539680099303166,-0.08522391015182311,2.0
-0.9375338362255362,0.04202114123712684,-0.5977801739727204,0.010898409613826487,0.04719138226707053,-0.5606630946899239,-0.10222864207518556,1.0
-0.9514365808271301,0.0417489400630482,-0.5639190661467188,-0.009492809088458953,0.06058267029023909,-0.5209022438445899,-0.12009926472218753,1.0
-0.9318719244558485,0.027827938567402184,-0.584513879777776,-0.06522047485367163,0.056784026685062536,-0.572693088979563,-0.05752488296536241,0.0
-0.9467339713354553,0.08017742952585324,-0.550261754578071,-0.303302649465725,0.06670881222019963,-0.5194333225274621,-0.12390381030007916,2.0
-0.35292333751366234,-0.10893946525400933,-0.7240880213380039,-0.6830837831197294,0.0010606461790280547,-0.4265029865779237,0.1545804823409181,2.0
-0.9589569168054991,0.022705407211594912,-0.5434490464428527,0.1754479543616545,0.06537435762224532,-0.5366760109470025,-0.10931713377321323,1.0
-0.9604146619290326,0.03560310824512502,-0.5263625398047063,0.08986010050438914,0.06338125122621552,-0.5242013417162663,-0.1354953279672845,1.0
-0.9566190219377582,0.06952701130816104,-0.5329179738943574,-0.4270564875160609,0.059943190463398716,-0.5356166198083354,-0.11612784585844146,0.0
-0.8569688986499386,0.04884145534328899,-0.6656888061631585,-0.02034490513278575,0.031038466697890107,-0.5570232839078884,-0.1312251637995798,1.0
-0.9267008817421406,0.04594922772408271,-0.6087299858599778,0.07269850605491524,0.030998064283353704,-0.5456048596758367,-0.12988118305088855,1.0
-0.9368021049201335,0.022780139873835047,-0.600612527543832,0.061715640253979076,0.05299054553358069,-0.5727363232229025,-0.0830988616024619,1.0
-0.8042122288538731,-0.00885236878208033,-0.5744319936148709,-0.6229478325192636,0.07872209460756383,-0.6216635578482002,-0.09718933010401974,2.0
-0.8847000032226555,0.030308803506692253,-0.5373591062615699,-0.6917816427064638,0.0898222623414229,-0.6019569847374094,-0.049322880288431396,2.0
-0.8874719420781616,0.05313016675561522,-0.6644734785271785,-0.013780641765343132,0.01858125977127969,-0.5781563523425004,-0.10091672615640775,1.0
-0.9472952727684629,0.0684209101633248,-0.5392652164178535,-0.47472800706530405,0.07764491935590523,-0.5516327040035541,-0.10712548109946021,2.0
-0.942169899657693,0.10428141406561246,-0.5523488621756149,-0.4842075244524813,0.04723665908852018,-0.527954232157231,-0.16254908998820394,2.0
-0.946174140443083,0.01864587009493257,-0.5427017296330658,-0.046172158503735544,0.07672449847957316,-0.5734712731997175,-0.08311398010324655,0.0
-0.9773264508096435,-0.005631174120156582,-0.4839610405731078,0.07270840851629351,0.08816126794891666,-0.5493520936539832,-0.052085348521208656,1.0
-0.9479209432405102,0.03549078324208122,-0.569617026034455,0.054798108317070326,0.04967928186567097,-0.5520578413251057,-0.10280732098449158,1.0
-0.9488487897866024,0.07563591005085035,-0.5626523078492047,-0.19219124004264024,0.032783163584778466,-0.5019751145977744,-0.16704209804227427,0.0
-0.7272803936307584,0.08729297128979173,-0.7540584646740178,-0.07341695371007437,-0.03759298555837197,-0.6145201212948667,-0.029401558250367277,0.0
-0.9737185834844051,0.017112903238836432,-0.46588177346407456,-0.3808796495884015,0.11543644266635425,-0.5663057528015989,-0.04151907338005362,2.0
-0.8555937217041016,0.0947538939538917,-0.6474663431367049,-0.7099420022339047,0.04293517643112446,-0.6062637650727137,-0.08297192670660962,2.0
-0.8845546762861191,0.05349173678812325,-0.6774967758535053,-0.054830509396055244,0.01474422723135748,-0.5967034249405608,-0.1101697898101438,0.0
-0.9823788517595639,0.017385210997414816,-0.49304884163221274,-0.003886698308046027,0.09951163801486593,-0.5537430128244583,-0.07295369214702237,0.0
-0.9758986519124035,0.044889448319977265,-0.4788976789542386,-0.3917344076952493,0.10240965222333945,-0.5335143654870084,-0.09184615707873789,2.0
-0.9871480096485425,0.01721902613509556,-0.44893781065801297,-0.3216156625402262,0.1297357953188179,-0.556872716459874,-0.0259641802705617,2.0
-0.9769857431505345,0.027650664409023633,-0.45844973227608077,-0.37859096943185466,0.1127427070393037,-0.53129120055954,-0.07935368795245677,2.0
-0.8986313802314982,0.03468556318907275,-0.6496864390713568,-0.06280258939613856,0.04668115176210881,-0.5929819483688018,-0.08665745671835456,1.0
-0.9431907856759274,0.08654055198297758,-0.6094230689704603,-0.13532938750567944,0.026381330203453034,-0.4935643702075363,-0.16031426144584648,1.0
-0.9656883146787824,0.020109802540870237,-0.5031731754284218,-0.1049198217316354,0.07886162603306197,-0.5685271067449204,-0.06547280217645632,0.0
-0.9396375088752462,-0.008556535692914861,-0.536817519351007,-0.001875854024119411,0.07808582233175507,-0.5801306564779555,-0.06096083081383793,1.0
-0.9545522370163546,0.005037293895884441,-0.5082368399711769,-0.20988035449985595,0.1210964928796256,-0.5904728708593111,-0.011950014337831882,2.0
-0.8700501994767499,0.050849868216907186,-0.6646011751312016,-0.16012998386237176,0.03801238424736298,-0.6096501546158678,-0.10711102677042586,0.0
-0.9686882113668833,0.05954666187133616,-0.5431117233176215,0.01792569185220369,0.05160304820171966,-0.5019273424531278,-0.14714167599409006,1.0
-0.8776970811940622,0.07415393514392972,-0.613165583838671,-0.6532198217586418,0.06115438917953181,-0.6073734661015444,-0.08254533799657182,2.0
-0.9483799193182211,-0.004383093337279806,-0.4696033265278621,-0.40562783293413157,0.10912792097768112,-0.5822583176040662,-0.03591274305504928,2.0
-0.9434952454746577,0.06894467136455767,-0.586642995579625,-0.05656220014660179,0.03700431794578251,-0.5404369705877374,-0.13458566545877343,0.0
-0.35698595185420734,-0.06956903901258997,-0.7412092658361187,-0.214735028017067,0.1478207835266747,-0.49043471303322245,-0.06644213816859179,1.0
-0.9125066170897571,0.07633503733440065,-0.5298437925108065,-0.4540614577785035,0.04173505861095684,-0.5052018517388009,-0.18143910122160245,2.0
-0.9744648939520448,-0.004820585125388972,-0.48874178720572015,0.08326622328608396,0.09070112095159226,-0.5481669896974396,-0.05940855057250472,1.0
-0.5574541070969599,0.246474071610255,-0.4585978292224524,-0.78734071852804,-0.04985520335392844,-0.5686177109135522,-0.27059120253043684,2.0
-0.48731859872299105,-0.22765672742972543,-0.5454621193637954,-0.44319283083569017,0.18998571895040572,-0.6825942370815283,-0.15258347403922898,2.0
-0.9717873035780523,0.025624009899190343,-0.5220948794261181,0.17554668151891295,0.06292180724299472,-0.5281068184167438,-0.11304228670187429,1.0
-0.9131482372932017,0.08867793565297794,-0.5789433581862482,0.08963036080022696,0.018650915707982364,-0.4753924651778746,-0.22162442607346622,1.0
-0.9601419925393275,0.03916615973181857,-0.5211965735289811,-0.4485395665997454,0.09924008753835635,-0.5784103199545386,-0.032587639202814114,2.0
-0.6630631318122162,0.18909875443324484,-0.8441781565780913,-0.2617402964395633,0.04683232934851139,-0.3166496522051554,0.05276602256707966,0.0
-0.5114135809319229,-0.2425365238624313,-0.6269679973575543,-0.1464866465841057,0.06932339867830396,-0.6161223782463202,0.11411096640519283,2.0
-0.9674709897826911,0.021792997204405657,-0.5245795339961546,0.18966674802089234,0.06096192448892111,-0.5175322920737871,-0.13356850329206282,1.0
-0.9460280954573307,0.05904491452354379,-0.5286709452724261,-0.6169951657202004,0.08583725599251146,-0.5596937828109244,-0.07253423656339647,2.0
-0.9564204793306715,0.012891832378146846,-0.52076420377701,0.053640270985183314,0.07890979786549995,-0.5320587996866039,-0.12239849249540975,1.0
-0.9583934169225277,0.05884396973386999,-0.5652226227418362,-0.0241422788837114,0.04795315918826573,-0.5242207748825041,-0.1311782294984611,1.0
-0.5268022751153475,-0.07755379826559322,-0.5367174566249876,-0.5592957736723523,0.04404199473189478,-0.5731191911025506,0.000640954952274439,2.0
-0.7210744513530358,0.08209287948605817,-0.8322732528133018,-0.18785210902601415,0.03824766243262147,-0.604237657007674,-0.09043861302529924,1.0
-0.8801517981176561,0.0598211163273406,-0.6858260817332777,0.02749187491580804,0.004654452674662066,-0.5897709886472196,-0.11565244216257385,0.0
-0.8338291921431356,0.08553908059967677,-0.7158842690300458,-0.04222465065897921,0.013964675881959494,-0.5333657879488821,-0.14518896574721304,1.0
-0.6001163931218819,-0.05545120319710413,-0.8060519212374193,-0.056087724484628815,0.15331201188548468,-0.6101181190054724,-0.08401404322865325,1.0
-0.9525485497940354,0.022156303461395622,-0.5451780269184742,0.07441678902782173,0.05760362419295232,-0.5394506747619122,-0.10499574337833513,1.0
-0.5351492616961145,-0.012321079992702391,-0.5472459573704226,-0.07431636544984146,0.003444206725570109,-0.5015811839060537,-0.22921305617352233,1.0
-0.7487962009046896,-0.06481679119829975,-0.603572643324962,-0.717570586354771,0.020572174920679608,-0.6615564550089136,0.008366352725582046,2.0
-0.9268869265156545,0.09403408162867341,-0.5954786428740703,-0.5375602153408781,0.046229041714243205,-0.5547662735042631,-0.10523548694277311,2.0
-0.9309402726451304,0.09441370198257662,-0.5791014742955815,-0.6186942147072299,0.059921309377203844,-0.5249739595108783,-0.13654705341680443,2.0
-0.6305831854260693,-0.0075823367556209845,-0.7571658008710043,-0.2637879262281409,-0.026664434672781193,-0.6784804910673974,-0.13546241403263726,1.0
-0.9461756820830064,0.03719632304305042,-0.4998426127202102,-0.5875229740057539,0.10153939466386792,-0.5777771106391344,-0.05599269057768125,2.0
-0.7880330416553364,-0.044423173511163344,-0.6315332986516585,-0.03628023325355381,0.03449903587525158,-0.6643877397899168,-0.044118073911969063,0.0
-0.6967757950953752,0.23814805538711284,-0.6430033875705565,-0.3270908499850208,0.029700391869777784,-0.4816431610207889,-0.3030348063635058,0.0
-0.9515437981961439,0.00947179753643685,-0.49976732507497856,-0.3558917009903337,0.11692101952390944,-0.57553849592711,-0.023327484591540354,2.0
-0.9209548669827415,0.10927103847353829,-0.6333964554072031,-0.017179960416548568,0.0015134579305937507,-0.4747073311332168,-0.19407444223135742,1.0
-0.9691105809493415,0.025565820393395767,-0.48607887114232223,-0.3928579287434766,0.11606852290304498,-0.5747701969518546,-0.02520461037524567,2.0
-0.9873258836855958,0.0016024386558886189,-0.4725686232753352,0.028202742625888427,0.10183061078952307,-0.537527738720867,-0.06161218701769154,1.0
-0.975374853061409,0.0339731623733218,-0.5103005109034874,-0.05769805935258157,0.07636401266773436,-0.5296826180777991,-0.08981054121932808,2.0
-0.6530026911392596,-0.11952567117732701,-0.6738085376332015,-0.14415848230056552,0.05016696462226624,-0.5399193117818532,-0.0775693590345212,1.0
-0.5845691968907267,-0.021590285228974868,-0.8057728885575842,-0.18800828700297456,0.05649005502573963,-0.5852320038611889,-0.0882761484895949,1.0
-0.7489369690255239,-0.0001729605433780923,-0.7286270893180908,-0.18205431135796563,0.03300786199303467,-0.6397333098524296,-0.11398332019391615,1.0
-0.9178206901977046,0.10114309028344615,-0.6499117293629851,-0.04452263491437278,-0.0070771009203201285,-0.4965620622146227,-0.18333716872036399,0.0
-0.9765177541330214,-0.008565196760071878,-0.49688696061040083,0.14565939860454535,0.09077935148472079,-0.5477359251100062,-0.04951133196835375,1.0
-0.9400491380432817,0.07708875252924248,-0.5511944897029591,-0.2577383879881922,0.03313184144468666,-0.5146318707432326,-0.18545068081396876,0.0
-0.9813099176562441,0.013024853420688737,-0.4378381006019677,-0.38192607759622244,0.12642985240487922,-0.5545346484347254,-0.0390260459351977,2.0
-0.9567605352697791,0.05318590122249139,-0.5527927936632704,0.010654893402742865,0.04071163378922539,-0.5111971051039521,-0.14733576558317646,0.0
-0.7032610053034288,-0.08568319822375936,-0.639826101723654,-0.26133526498876075,0.027228967672397214,-0.5917023391756008,-0.009037649207095738,2.0
-0.5896119932615718,0.37296213052757027,-0.5649497316216865,-0.42768991797260913,0.10132783698164013,-0.6792321719899745,-0.011133782533042369,2.0
-0.9778747138551666,0.0019853610168499916,-0.4365967835677666,-0.27315369697751757,0.14579080034529446,-0.5718946734858064,-0.012309493997818832,2.0
-0.9002501263843314,0.02567089683330286,-0.6211146703341035,0.05999417754767872,0.038238472430750306,-0.5522495816109113,-0.12144400999740326,1.0
-0.9341747089004496,0.10000291237605294,-0.6239894471040007,-0.071836395337911,0.005642629491893383,-0.490403483259678,-0.1879165717947036,1.0
-0.8450034792566318,0.004752355958199568,-0.6229534161963413,-0.46355173897642793,0.060203504113531994,-0.6526798797202029,-0.025504538158383577,2.0
-0.9786826469939222,0.0249329136989551,-0.45115485054599874,-0.5370685466015832,0.12725519230008728,-0.5543611340607767,-0.027979376815051915,2.0
-0.9868588664186099,0.03374743342591967,-0.4688852715948875,-0.10033874133708416,0.0937109122029706,-0.5245600742970459,-0.10447195631530065,0.0
-0.8960863559602498,0.08386509798633904,-0.6488165200807108,-0.06209210154371622,0.011268725140191005,-0.5583700575283219,-0.1646665022944217,0.0
-0.7399726187882747,-0.0027257667984597056,-0.7443526741906712,-0.04499670490112204,0.15223520417845662,-0.4009130565843419,0.036367314008249524,1.0
0.6691708614667741,0.07675696346230539,1.0,0.1852389581366536,-1.0,-0.8719506935174286,0.22960135298794027,2.0
-0.8799778251519705,0.14754511858299393,-0.6422603140410972,-0.7191120200717082,0.03994851215599549,-0.48951798614582637,-0.18475269781006576,2.0
-0.984526744266478,0.015283928194273176,-0.4495702276264135,-0.24815185016590688,0.12474865921894528,-0.5454166395600982,-0.04416473624576648,2.0
-0.700768150375833,-0.12430117804757865,-0.6969663610483298,-0.13271145018433236,0.08597398761700487,-0.7564834699599228,-0.03468497129866392,1.0
-0.8326042089463346,0.03130782526864416,-0.7420912674933235,-0.09731503201654884,0.030936678891080774,-0.5762829724308336,-0.055783449256127014,1.0
-0.8829001039520155,0.059179532305262794,-0.6410042301109696,0.03425828749386428,-0.004138137671970785,-0.5336664377703219,-0.12205615415185238,0.0
-0.9077923516253984,0.05097750998399485,-0.6377753750798869,0.003941268779873636,0.02602765475537428,-0.5418220471073325,-0.15273767771469424,1.0
-0.826173486406242,-0.007621002350914945,-0.5842330439890435,-0.09783660788460424,0.06958319864901694,-0.62442557296652,-0.16696837110370968,0.0
-0.9460137748301232,0.031370632150405135,-0.5629523108963286,0.06020703520869358,0.05517608041147297,-0.5518963582881516,-0.09608172153412974,0.0
-0.9334921820019835,-0.017552488279909212,-0.543849133889229,-0.0949076904266932,0.09286731539415141,-0.6108651921139971,-0.017604883089859177,0.0
-0.9475110501866272,0.07070587769696995,-0.5858137865067241,-0.04136175189153374,0.03389595165746413,-0.5257036502020918,-0.14944245086669364,1.0
-0.9515484280951335,0.06644316891253717,-0.5245834095743783,-0.5795568276819845,0.08002108661201443,-0.5525812818140806,-0.08385436448215287,2.0
-0.9199204214443287,0.0736545949954829,-0.5320131747575179,-0.7289144213855189,0.05702796287754257,-0.545056957291543,-0.11028124981244786,2.0
-0.9639113279903526,0.030477731370301825,-0.5315715609877123,0.04890058773782696,0.06901818131138002,-0.5353500305516956,-0.11965008896030127,1.0
-0.8643223397803204,0.10054580504790749,-0.5974567699112244,-0.7383950317303696,0.0665089053990066,-0.5021024986783809,-0.18138392153943522,2.0
-0.9314242129956484,0.0755787267304346,-0.5861177443128629,-0.059267527485724864,0.028288893173848736,-0.5294990568455838,-0.15315159183945934,0.0
-0.969923656358557,-0.01820103682742459,-0.47818240495217956,0.027757596079635266,0.09396787721660795,-0.5511973585573106,-0.06036191461078621,0.0
-0.9805710422430057,0.042734199592644954,-0.5087513333974716,-0.002972210421096244,0.06626139397417422,-0.5102016010979256,-0.11426471371976266,0.0
-0.9588051807267028,0.046588748724698544,-0.4999818397117076,-0.5267291422943021,0.10272170766817088,-0.5597138567350685,-0.04151182494860961,2.0
-0.9728881812815426,0.02539305397142227,-0.47490563435403566,-0.4438276069743781,0.12218183286289667,-0.566933178703892,-0.031812100192276205,2.0
-0.6824340502062973,0.12644861197220425,-0.7132924789987485,-0.00856679193452084,0.029180596723374128,-0.5801279195058074,-0.1303205360935691,1.0
-0.49570926978498286,0.06744477356041026,-0.6349763025767207,-0.6098634589987744,0.10183029105774327,-0.596184564313035,-0.2703285214312324,2.0
-0.8664124645625945,0.09444216107030479,-0.6937236882352334,-0.0827144995716455,0.0034020681329380853,-0.5592346604230511,-0.14535807760586583,1.0
-0.9467656613357252,0.0729063570659149,-0.5521168792536042,-0.0984858274079683,0.03579084795204823,-0.490516738233343,-0.18673827514208874,1.0
-0.9001927006659942,0.045472313963302355,-0.6129486005351664,-0.1212873174237329,0.05480813990915473,-0.5743086208463062,-0.08997385301114191,1.0
-0.917809386765883,0.09195822821236911,-0.5331968532537887,-0.8100951783549503,0.05441892612746234,-0.5359603176931009,-0.1299649038013236,2.0
-0.7376009047137633,0.19309778397176014,-0.6252083716485235,-0.8156178030279481,0.03754778860014227,-0.5073806128147358,-0.28284846120121354,2.0
-0.9441023812340607,0.06357897665383874,-0.6072906909176127,0.01044019363749138,0.034089757856054656,-0.5449597548544712,-0.11378186090339626,1.0
-0.9048387744899673,0.07684785026921573,-0.6235687621293899,-0.42675062790110413,0.06479115015344303,-0.6038484591139154,-0.08484891153185155,2.0
-0.90356356543931,0.03807426116341254,-0.5472099623139786,-0.6420262422352856,0.07420285882567766,-0.5372975559720916,-0.08268287443241829,2.0
-0.9642696303732511,0.009444377363751873,-0.498308897440681,-0.16936598490038188,0.0946380864652148,-0.5439915541099288,-0.07108916411907348,0.0
-0.9882097124113935,0.01172087016404199,-0.4439296875677652,-0.29528980266726496,0.1320470171235619,-0.5519177987088725,-0.030303902672852837,2.0
-0.9534601268033405,0.03943220400219094,-0.5527756720051156,0.1012212327988744,0.045592459321802684,-0.5304615671791014,-0.1323124642188444,1.0
-0.9678806440964087,0.024115268441980947,-0.4785421693427574,-0.3930395246549721,0.11410541004812699,-0.5556244890524773,-0.05070484604842141,2.0
-0.8073616107417501,0.22111494375447452,-0.6391179981215449,-0.8921516506255671,0.02747037979702171,-0.4156496603343325,-0.2880125232292703,2.0
-0.9312544777719746,0.06839562329926559,-0.5201913033711015,-0.7264069410548838,0.07500338116914966,-0.5547948566006752,-0.09114850391944639,2.0
-0.9740767062320591,0.032053876193290705,-0.5152304308459043,0.08254013713431468,0.061890784132187654,-0.5020687512503287,-0.13022766319873574,1.0
-0.9185940819077781,0.13639952406441092,-0.6063773040041063,-0.3733568914901222,0.01900123313463805,-0.47400957897478296,-0.24997443526394927,0.0
-0.9423961281011524,0.09435361636890843,-0.5578739936295716,-0.5507389475383859,0.05808504484441001,-0.5367443044485667,-0.1374272099911112,2.0
-0.9533259613660314,0.03268930132976108,-0.5664130321757177,0.12259349256294821,0.05301472402508352,-0.5292360664203617,-0.12087891429000723,1.0
-0.9501241819663959,0.033254593364812714,-0.5343977801974132,-0.06139315122170619,0.058488030893286844,-0.5222344933383778,-0.10339988045342484,0.0
-0.9400015197434591,0.08467800304408897,-0.5983387355633251,-0.09096432234385504,0.02646806122033256,-0.4979986376913784,-0.18327285061066917,1.0
-0.9036596540852364,0.11869071863652701,-0.5735965715834377,-0.7346752648347189,0.041707628889241996,-0.5529349879979616,-0.1388054547104563,2.0
-0.5254989049812661,0.00963405180226664,-0.6282915983833022,0.03844853833545753,-0.09948236022125825,-0.5246399072008129,0.07612102089773035,1.0
-0.9040570862055569,0.12809811394451714,-0.659331039607377,-0.08844100521219686,-0.004546871286567389,-0.5437137455337564,-0.16224622528007435,1.0
-0.9614508326318859,0.01881226218902616,-0.5516990937679612,0.026738294714632654,0.061342299099792996,-0.5369575889149552,-0.08425493472542439,1.0
-0.9698824758206425,-0.0024186684249141444,-0.4493480114862786,-0.3047660413584411,0.12326208972855224,-0.564928030439552,-0.041964945325270814,2.0
-0.9272430853828766,0.12570635320039636,-0.5726164085658861,-0.7785284446380686,0.04263745465281891,-0.5330066976810651,-0.1418340092309765,2.0
-0.9761476417799935,0.0179043316746673,-0.5000304702534899,-0.004472406427827896,0.08924181144369787,-0.5315730804005976,-0.06951889438366066,0.0
-0.9420748426857666,0.082839801928596,-0.5856193811817857,-0.19394439472368755,0.02713232032355875,-0.5026267542813788,-0.15655842635004313,0.0
-0.9468656328574754,-0.001835234359905541,-0.5406598244895151,0.150205929300044,0.04459180648187921,-0.5552648727847991,-0.08753539627997062,1.0
-0.9211677043421952,0.06679120686265463,-0.5756485825149563,-0.5888387073321046,0.07288892332223104,-0.5732071213306594,-0.08497312548030476,2.0
-0.9569947257955068,0.06403565536486773,-0.5303011684326562,-0.4400335242895609,0.06915761502610905,-0.5389956652190371,-0.10090537788556572,0.0
-0.9745300702507567,0.006745075083169641,-0.44620366688844043,-0.3336060354287232,0.1203866153403167,-0.5447253729322958,-0.06151805115300917,2.0
-0.9325292113580681,0.050499721571131126,-0.533315470886908,-0.6311837388625812,0.09142716175842847,-0.5408164503875832,-0.08383737495924004,2.0
-0.9096100341206705,0.012042681427907112,-0.5298119004847205,-0.6063560699136756,0.09917210003907923,-0.5970413937261794,-0.043927963500591895,2.0
-0.9733201354640864,0.03125072512751264,-0.5126198027059482,0.0711456187124021,0.0608525184893109,-0.505647367352692,-0.12605485736612262,1.0
-0.3892764960785787,-0.03716313504041997,-0.8445344115743246,-0.2375465008328359,0.08282223332456806,-0.397962973473285,0.08229844734661443,1.0
-0.883643612184014,0.09749425194707079,-0.6377091877984666,-0.1788285271813815,0.0035675219491819385,-0.5234361886357963,-0.14872563492440757,1.0
-0.932298170015557,0.09578297657926714,-0.5923271015410535,-0.5258705683496385,0.06549959933396217,-0.5052005006972925,-0.13190508759763872,2.0
-0.6453281214804757,0.39552288416344994,-0.6343900983121677,0.0011095171250885827,0.15351534080960338,-0.6100243032531633,-0.34792946648550793,0.0
-0.9401769771639514,0.0628295901679081,-0.5875425168674226,0.027523953617619196,0.03019346593625685,-0.540148053961302,-0.12711513807539107,0.0
-0.9121503745047789,0.11357139189655979,-0.6173505682165258,-0.7216976501841736,0.043962848382168,-0.5605375752446162,-0.10225369568507174,2.0
-0.9696563158385811,0.04355454084495955,-0.5413570889824044,5.306245329181336e-05,0.05657717239406644,-0.5290913105421151,-0.11134555910131623,0.0
-0.9443618737685036,0.061193027235277406,-0.5821356043681879,-0.03742599071479566,0.035254352605343126,-0.5334942439662328,-0.13414953989813372,0.0
-0.9680778795707417,0.023838640038851833,-0.5346031662917708,0.03410295543480091,0.07170721049884257,-0.5508134144492027,-0.07507195420532628,1.0
-0.9447106254738513,0.03722490089055621,-0.515916287015587,-0.4518291047969064,0.08264218150083408,-0.5770262408959449,-0.05639365123170444,2.0
-0.9646715930374034,0.008809301575593988,-0.543501541097294,0.1352051343864697,0.06524134105734815,-0.5493108852579361,-0.07584326697583421,1.0
-0.9679219187961293,0.01692066307137652,-0.5044987779832749,-0.001788606742145954,0.08002132639842732,-0.5310909808324865,-0.09203752581415835,0.0
-0.6696171368316823,0.12861245579400393,-0.6697102620021907,-0.9037713660215303,-0.010891369550134075,-0.5619091688766706,-0.20425337005019206,2.0
-0.8852686488651116,-0.048659064738094907,-0.5066884334942954,-0.214427133865064,0.10252849442674378,-0.6237649700980424,-0.05992613053945672,0.0
-0.8819999530160775,0.11531640140559307,-0.6673813024234723,-0.06647273641248849,0.008047546779761286,-0.5021549118022594,-0.18923863991798018,1.0
-0.9409661017580175,0.07913801844639276,-0.5446746123603536,-0.47192215784636316,0.06430463236011678,-0.5379441179789689,-0.1437665012344302,2.0
-0.9644319506659887,0.04814702989244163,-0.5334091130599607,0.09559558522251771,0.044981066883418686,-0.50872544651826,-0.17512017473393093,1.0
-0.7803820711849817,0.1849791942268933,-0.6821902788032677,-0.36507955586006813,0.02406928749532436,-0.340213759183994,-0.18640720738426653,0.0
-0.9766239661581709,0.018275245147954207,-0.4573523837724963,-0.34973312686161995,0.1226597090786723,-0.5634799036368198,-0.03898400479076709,2.0
-0.9339067012148576,0.052070673007675095,-0.5262719412865552,-0.524791871909212,0.07071876458209223,-0.5458198628721312,-0.11955686293519326,2.0
-0.5012501101425728,-0.07145248888112044,-0.8465034959056792,-0.02314055197478132,0.30042219550531984,-0.4603998490436731,-0.11398371374274097,1.0
-0.8415535507878896,0.012242505428626808,-0.6514668522420971,-0.5695239810579371,0.04917638226636603,-0.6681984034440047,-0.011986638971177313,2.0
-0.9144088757300793,0.09650769866367233,-0.5666864353366284,-0.6775099480639815,0.051884827915360754,-0.5671157201040709,-0.10029558598623609,2.0
-0.8612477073108039,0.1954634972136736,-0.6106733976625023,-0.3500024362954016,0.02104051518152958,-0.5673790754180955,-0.044834389426493454,2.0
-0.969656678700402,0.03575966507871309,-0.5193874267365002,-0.11147096637856821,0.0731316598838834,-0.5357744539652962,-0.09525239953715829,0.0
-0.977904510553319,0.05185788954841257,-0.488208702792831,-0.1799441579971743,0.07522963653674007,-0.49312746423121767,-0.15856888480613057,0.0
-0.9525322689015238,-0.0034090735943006004,-0.5343305517786816,0.055487665224562,0.08749940939521465,-0.5749180918078579,-0.05113894995113221,1.0
-0.9670644246912673,0.05156533374312806,-0.4694825992611401,-0.46408838939388775,0.10415178131464581,-0.544219534583814,-0.11025412160987255,2.0
-0.7745527860306849,-0.02296383225818477,-0.7022906019185133,-0.034286840964224324,0.033684300159357514,-0.649006114744382,-0.05098012756258507,0.0
-0.7620468565540783,0.12138715798598916,-0.714343688756369,-0.09310402362702856,-0.013158496716257587,-0.5685960536757576,-0.19158850801295266,1.0
-0.9672418128206254,0.07097486187547908,-0.526995109050629,-0.13993933268311676,0.05309220384402978,-0.4979178088795374,-0.1595687467620402,0.0
-0.8211835250808057,0.03546420448518271,-0.6889369501641187,-0.17809269917728343,0.013281927149310396,-0.6127689170901613,-0.10129022880919822,0.0
-0.8045711014097277,0.21456366234313462,-0.6357413882821793,-0.32437208927304995,0.1155389028275951,-0.6335074974034713,-0.29014625076374645,2.0
-0.9510910381254049,0.0838767995436851,-0.5244578385078328,-0.5130510824505139,0.07490157105900597,-0.5186244784135638,-0.14055243929946534,2.0
-0.9671056394346441,-0.007583414197447444,-0.48685466912591824,-0.15804767393988534,0.11019509350769646,-0.5883948508919702,-0.014048863433060638,0.0
-0.9816181773783323,0.01792599933219757,-0.45028411572386273,-0.3787175144363556,0.13552877962917775,-0.5723218560815746,-0.01597849540937865,2.0
-0.9730174295318879,0.008426476735575283,-0.5131401158925242,0.1319798943572844,0.07624768132790438,-0.544504140972914,-0.08170267174306353,1.0
-0.9521229925777166,0.0642594328947432,-0.5542555537397447,-0.10410419920396392,0.05169243391651891,-0.47634804377286466,-0.14625198847807325,0.0
-0.9653879639030781,0.030274865502214934,-0.533033059477599,-0.09248867596805198,0.07439661221986692,-0.5590964847999054,-0.060014853238872325,0.0
-0.9679061438336156,0.05018131203020306,-0.517446671566363,-0.18010556651877638,0.061559969386880575,-0.5129810623939565,-0.13397142544325386,0.0
-0.9632387375591517,0.05072668799787637,-0.4820512414084522,-0.3986307909186128,0.08679075233128375,-0.523458648201602,-0.13526462586315557,2.0
-0.9487247436411202,0.06351983792688848,-0.53835174460012,-0.48300858753188547,0.06924248466552914,-0.5461470760009893,-0.08607361030623963,2.0
-0.9147990160120084,0.01270787084999278,-0.5467240044855551,-0.6637504796488782,0.11643754466407993,-0.6132165979939256,-0.011213374635995643,2.0
-0.8923897288155069,0.02778592877948195,-0.6345212259057876,-0.04577864067752738,0.02072496646611706,-0.6197700924416797,-0.08279006752031526,1.0
-0.22528389558686512,0.6235123451010052,-0.40347430712934773,0.2677787898993341,0.37117772111048714,-0.5656096792739255,0.3654780161521481,2.0
-0.952263083978046,-0.013319337331558385,-0.43351798617505344,-0.3922095919067202,0.10258701202114646,-0.5535314603595082,-0.07894323107851613,2.0
-0.969248267897196,0.018213605423308646,-0.5365868013552502,0.04418058081349813,0.07535064475167716,-0.5522219811591164,-0.06984235242319836,1.0
-0.6983819918428062,0.2575851784824673,-0.6105833658639015,-0.5433899306316677,0.00042321380082629284,-0.6454284571852298,0.013363931109221364,2.0
-0.9600706040248216,0.0590960962083946,-0.5374579822407376,-0.3533541831356034,0.08672005487851295,-0.5517375273706633,-0.09513980017537575,2.0
-0.898913109403236,0.08697248284856504,-0.6297452436641724,-0.4317826174582054,0.03760902975415505,-0.6024381092145464,-0.10371737522227649,2.0
-0.9534696059064472,0.07784626949905393,-0.5815722446221948,-0.011619694004086495,0.03523829060137497,-0.5289404343201385,-0.14045159185814354,1.0
-0.7927403436860344,0.17376067965795275,-0.6899460233323862,-0.7187072800941327,0.0037061368494674396,-0.5563701860393646,-0.2263429590568767,0.0
-0.9524005439640757,0.020496840897037925,-0.5063142330154796,-0.4259716268143946,0.10822384838688306,-0.5653491770793371,-0.032894422745637295,2.0
-0.9560207935838905,0.028557657933593793,-0.49570950476332887,-0.4705075052121377,0.11266909928594887,-0.609646104649683,-0.006816246018023386,2.0
-0.8985305402188624,0.07242876567029999,-0.6651142483836484,0.047681940957342794,0.03454361237259037,-0.5688982221676069,-0.12195089244713378,1.0
-0.9111166103570951,0.12572663574605508,-0.5911093617516162,-0.7788183573120014,0.03173294795611396,-0.5207548540201842,-0.16734387868983264,2.0
-0.9803131253118341,0.05137004863844365,-0.5028008315906868,-0.031358910292153847,0.06452846106846519,-0.4966531084590511,-0.14506972281476316,0.0
-0.8949798361514522,0.06316185433718666,-0.6024605297649953,-0.49941342441246567,0.04528819098833864,-0.5854941520362623,-0.10553888130409973,0.0
-0.97144655845416,0.061467613626023265,-0.5374244714078842,-0.06915473832745508,0.053605614882737074,-0.5126817447522399,-0.1450685777329449,0.0
-0.9635018542668423,0.04858719249546024,-0.49981356982110764,-0.31179380590134564,0.07791973790994658,-0.5323669902624902,-0.1282313622073553,0.0
-0.9165385453075735,0.1284461229414557,-0.5730168567157695,-0.7469984717042423,0.0461851674355228,-0.513734902753896,-0.1603830426019776,2.0
-0.8295076466566015,-0.02558005399072054,-0.6324798793982424,-0.07242910603425867,0.04459912742904872,-0.614249369589245,-0.12262694433796392,0.0
-0.9185469931320811,0.09986812841682513,-0.5619518102787667,-0.7367895142255503,0.05807550402916855,-0.5494323606089905,-0.1271730685158767,2.0
-0.8874887817982655,0.02634748483340853,-0.6489645138828822,-0.015713266971169232,0.04584721472649269,-0.5893165633686668,-0.0882005649003571,1.0
-0.9704972201554558,0.03882548266010335,-0.529815323111795,0.04331813210081284,0.06744478946259462,-0.5263689438148285,-0.10955898722511355,1.0
-0.9792989009636376,0.058304795331496975,-0.5014004477428489,-0.11040751313039661,0.058904278766918054,-0.4817757969877522,-0.17941147318621853,0.0
-0.8435164689931512,0.015987885592489568,-0.6835703816099643,0.018008654090990034,0.058451493430355786,-0.5327625889243286,-0.08647287744936559,1.0
-0.9533955562531813,0.05180148051683088,-0.5573010410449444,-0.06940380748945879,0.05501776504075391,-0.548079491907732,-0.10270960163216156,0.0
-0.9136016457493594,0.03845971763875571,-0.5971327288281716,-0.23054374307634884,0.054652166874750066,-0.5888255465617332,-0.07875333817425594,0.0
-0.9498277942269049,0.033217377295634676,-0.524745889827935,-0.29747950201194784,0.08490989094615323,-0.5815286203148525,-0.057447059377776125,2.0
-0.9779286090477143,0.02746262577754593,-0.49719478748443874,-0.07027589493937084,0.07873265319670475,-0.5367541632935876,-0.09226664792360588,0.0
-0.9436547801362362,0.01997770659697742,-0.5320248367323577,0.00990019573392334,0.05661040664935704,-0.5425429791505396,-0.13672386732914973,0.0
-0.6690135133124869,-0.14798458464175146,-0.601610315131221,-0.26377368658301686,-0.017876414191368428,-0.678624803727033,-0.09404490948108123,0.0
-0.8828357642281557,0.0818752460076961,-0.6382657835390607,-0.6254229512568977,0.05419607333638312,-0.606946316945499,-0.08408768243473476,2.0
-0.5832500249812012,0.09837765206332078,-1.0,-0.1033352123250212,0.24963304400485564,-0.353743729461265,0.13599869762253372,1.0
-0.8476323538797604,0.11555005094914,-0.7111184593113071,-0.49933755586166567,0.021434598037412524,-0.5902064104809838,-0.0858453586968941,2.0
-0.966432701582387,0.05389885606877022,-0.5188123235264983,-0.14372166619535526,0.05809445616729988,-0.5027357519494958,-0.14042414489290264,0.0
-0.8928673926011319,0.06996762096002658,-0.6553307393674723,-0.042309671811721544,0.00813918922289452,-0.5577762061512365,-0.13575413719574042,1.0
-1.0,-0.0003987324545427495,-0.4148608862463815,0.00015520952479813888,0.1097997485715756,-0.5018628140063383,-0.10073294802423961,0.0
-0.9784304475213815,0.010579572469306443,-0.4866029167841774,0.04148831158292737,0.08435492071914916,-0.5319287391915873,-0.08700881705763243,1.0
-0.8480086345373048,0.11179683054230528,-0.7583583583377925,-0.19142179940974127,0.028884321913475598,-0.5036602203133546,-0.11567157120405142,1.0
-0.9618498788586068,0.013648990074425736,-0.4886221928741221,-0.38302013400246815,0.12312545848657792,-0.5734808082399944,-0.027274018140840156,2.0
-0.9788397277113686,0.04678351347817188,-0.5009482149065267,0.0033719587800123407,0.05963313523024194,-0.4955126476786098,-0.1516835320134612,0.0
-0.7753275729589633,0.14060344617395837,-0.6850679311887931,-0.6574115673617247,0.022721872115349574,-0.5250971195649806,-0.11064955535946186,2.0
-0.9493197126742668,0.029471403821134622,-0.566703552139157,0.1183511574812916,0.05767379354061528,-0.5606697340099486,-0.09575942663849156,1.0
-0.9218100702189822,0.06218376795730377,-0.6267404156079086,0.060440365835739474,0.03541904306570964,-0.5375678140210435,-0.13175924991623944,1.0
-0.8840149976201753,0.1125000572745608,-0.6329924593942662,-0.6784701622380246,0.03361384645484884,-0.5470704813826859,-0.13970462684074308,2.0
-0.9324201458881877,0.03983240565197792,-0.598288404627134,0.018925069049394394,0.03525610497936203,-0.5620943575907493,-0.09816300973219924,1.0
-0.8917342788067302,0.04976154313775717,-0.5878379682748229,-0.5171990742967412,0.07057466096778624,-0.6016906797373232,-0.08405724355163904,2.0
-0.9145663800572172,0.17012418695881246,-0.6206309777940614,-0.08071726270733233,0.018511059657775976,-0.5148083358552338,-0.26605108639793046,0.0
-0.6995490979149473,0.009400971830366506,-0.7969185647263007,-0.20219892789294894,0.038755112749979205,-0.6003578211621232,-0.04964241116509506,1.0
-0.8956742376047189,0.04020564472603567,-0.6499475049377541,0.02948740318877971,0.009152345951827824,-0.5791512530644197,-0.09331134232025462,1.0
-0.904527253704666,0.04903965091692911,-0.6324786957859817,-0.02518605408166369,0.0242481270178174,-0.56185786064668,-0.128479912623865,1.0
-0.9748717784333614,0.03556685234071058,-0.5192099180026662,0.09710624169991305,0.058307616081950654,-0.5097852100717841,-0.12495824334004954,1.0
-0.6684328067942031,-0.0359927351212222,-0.6457424758290184,-0.26955149783117244,0.04856321088701998,-0.43234675646115794,-0.08824232668165358,1.0
-0.6631068211040284,-0.04689731205747728,-0.7058966146203198,-0.1292569127036181,-0.008711177122306415,-0.5661551108140959,-0.05412141184955161,1.0
-0.9383724279516333,0.0639313139209422,-0.6042443799282439,-0.038417338780312754,0.03551597839684688,-0.5385533340480533,-0.11163252575633813,1.0
-0.9186605760599824,0.08029657787403674,-0.6197764063701792,-0.16621947237717788,0.0231606309553253,-0.5422514271166805,-0.15263305946219752,0.0
-0.8951867375010277,0.0339919597053656,-0.617657912559739,-0.10565164234968302,0.03614140535856952,-0.5571867117688932,-0.10604297735419214,0.0
-0.9721230368789542,0.04054542117207452,-0.5081228258930308,-0.008678136310425022,0.07551353089182955,-0.5068565127770522,-0.14057343259983576,1.0
-0.8765702169429647,0.02221394643761168,-0.6554045012966785,-0.17536015936711008,0.05071216954055332,-0.599930641425645,-0.0016640195510712885,2.0
-0.9595699463930508,0.0006716701273164066,-0.5280892800383604,0.10336036594147974,0.07797204915974412,-0.5644795003108398,-0.059535144975638415,0.0
-0.43756825232058283,0.050021261452050235,-0.8670585581738983,-0.3559479656216043,0.11040899399322093,-0.4756923701997651,0.06856732498720572,1.0
-0.920729710468863,0.08713764682363503,-0.5523971525497322,-0.7111848546997277,0.0609584481588638,-0.5422680876408053,-0.12493030822624684,2.0
-0.8755217543924587,0.009669599413486774,-0.6100162332451736,0.14406608118195502,0.04220968405925404,-0.6072753130755728,-0.1340996542443244,1.0
-0.8764142741843164,0.1347334940685369,-0.6549321427522363,0.02493435897829735,-0.001456398960866273,-0.5018918526653486,-0.15772191461793822,1.0
-0.9616241589763929,0.027781231301606934,-0.5515205293960771,0.07145545269735931,0.05318095764121356,-0.5323000187224785,-0.09914348026291846,1.0
-0.9685066455170006,0.05652786088093635,-0.5435310627698801,0.07351646817566454,0.04323703712285944,-0.5004380098337702,-0.1554193313817634,1.0
-0.9296139849766539,0.020643497515788013,-0.5863548207052859,0.07937888499991952,0.052685140387572105,-0.5903219855794236,-0.07346713969259237,0.0
-0.9427576598217765,0.04535547082234528,-0.5917173869234482,0.1120740751286331,0.050374834004442315,-0.5583398309600429,-0.11353513290641247,1.0
-0.9496852425294231,0.003851712534479239,-0.4991708208665942,-0.3535542887565683,0.1173505609212675,-0.5589724589502126,-0.04962474572258866,2.0
-0.9843321400826256,0.03082196115866352,-0.45867155419293054,-0.37514454770072525,0.11818479959539102,-0.5410301587636238,-0.05897006551904793,2.0
-0.89592712287148,-0.004713221551544099,-0.6005222778354244,0.08864261357759773,0.044152460364447824,-0.5622293739653089,-0.10875676656369129,1.0
-0.8305155335552484,0.06163157853576483,-0.6778057098620149,-0.15876652701348393,0.048591473643330274,-0.5768109489699482,-0.11853090957268944,0.0
-0.9639375231585253,0.019695118495837865,-0.47419119627084605,-0.36522951639992024,0.12411054865089431,-0.5744208326682998,-0.02924616806115886,2.0
-0.9182487691072828,0.08770087750497665,-0.53244995136684,-0.7544639315906528,0.052799496034102264,-0.5344007602597883,-0.13109466086519939,2.0
-0.9245179010950634,0.11245215439205208,-0.5741387317310865,-0.7769161028123107,0.04962687561573281,-0.5317214949077267,-0.1485931484056207,2.0
-0.9253760737591243,0.039069039101715324,-0.6003419241506553,0.013534966901111584,0.03495134256530848,-0.5805036784156641,-0.09312949247069854,0.0
-0.1599963941242578,1.0,-0.47855986125110883,1.0,1.0,-0.7958529269236999,-0.5718005716294619,2.0
-0.9630757066366593,0.030488472924835926,-0.51520938943645,0.057972183273675815,0.05468013297359219,-0.5092705725267144,-0.1503271124204379,1.0
-0.8704765593271814,0.1438609961713705,-0.6000832963037959,-0.18014856997352688,-0.013079944940287094,-0.40999729124250095,-0.2462497867456941,1.0
-0.8291739336396873,0.05680924167057873,-0.6338946598719174,-0.5857860208553706,0.053742174808244045,-0.6284079526103107,-0.10213179227163882,2.0
-0.9471149552333884,0.04215287830236752,-0.5700320486015199,-0.047239176972129954,0.05133344336800276,-0.5490329842294515,-0.11679340696141158,1.0
-0.8047478044671581,0.11151311782657376,-0.6782100792772698,-0.6376337352445727,0.0455679294833381,-0.5634799590791939,-0.05185221713483896,2.0
-0.9796832793502455,0.02591739806406343,-0.46159902038951095,-0.3558517967543633,0.12144797164576546,-0.54876102606294,-0.05026729790628266,2.0
-0.8457405643338702,0.06780459220049684,-0.620430513555021,-0.6334562435032147,0.05901522855665036,-0.605560502616538,-0.10944967108709494,2.0
-0.7549611860150154,-0.09551656512701634,-0.6791684096169908,0.24584815352389844,0.14231048759805376,-0.6703217893296162,-0.10163338248744055,1.0
-0.8226861523431306,-0.05601143845457372,-0.632949047218342,0.0015912857019719784,0.025490148697440818,-0.6354899303999126,-0.048686957480464296,0.0
-0.9588618360540249,0.015606094948466508,-0.5308151040651647,0.06614746290741158,0.07289347405068247,-0.5560780895759614,-0.07283987621701894,0.0
-0.913841686179792,0.06502874617084846,-0.607551705207485,-0.31488410162924485,0.03305577623790094,-0.552702720273668,-0.13036603727950874,0.0
-0.9706718929924602,0.03732275417060479,-0.5351221212865624,0.09556691207502754,0.04807438106656072,-0.5195363191943332,-0.13604683140161392,1.0
-0.9447551058269701,0.0912654087015265,-0.5974386465294507,-0.025791763686079716,0.02077494621492218,-0.48821023821705967,-0.18808749016865123,1.0
-0.9687031177025776,0.04651939700179063,-0.541212466418122,0.08024924392082472,0.05548886254670998,-0.5169699986686029,-0.12779552242525594,1.0
-0.9256507201624438,0.06501124782880541,-0.6269191231650536,0.00191001396020829,0.016951881445500257,-0.5500184061080966,-0.11944929197345117,0.0
-0.9816701505631076,0.05513892103512052,-0.48950519196490117,-0.03603874852389338,0.059665196158685346,-0.47447962732336124,-0.17677892209277807,0.0
-0.9370034205327388,0.056838147306465844,-0.5934185573277205,-0.04633605691687509,0.040568070530715074,-0.5559426796110128,-0.10550193861472378,0.0
-0.6173531925138925,0.05257433449936901,-0.6645079015674001,-0.8203218202826313,0.02632473348532325,-0.5701192679298792,-0.09934037932835717,2.0
-0.9792641879631935,0.014407434298890173,-0.4556268407714692,-0.37051722731289083,0.13382204927295657,-0.5779038810261555,-0.019785475476501738,2.0
-0.9766503166527164,0.012803925488569325,-0.4906878784239717,0.13704229365436005,0.07777126636448796,-0.5176930861898581,-0.10208378346493195,1.0
-0.9489242411023556,0.08541075771122972,-0.5194001124161973,-0.5314148532691632,0.06535389862906632,-0.5219749847783289,-0.17167397470100426,2.0
-0.7515200664248298,-0.06559142196353311,-0.7032156636573454,-0.0311443041040724,0.06802721977118355,-0.635670955174078,-0.07182664250448118,1.0
-0.94462956922175,0.10837620011297064,-0.5435326780569222,-0.6780316623699185,0.058283326187613574,-0.5231382270145458,-0.13689602921978314,2.0
-0.6559826761496825,0.1038666244321706,-0.9211721914365909,-0.13442762644571776,0.15001405227718262,-0.46998322830097167,0.024251468240580443,1.0
-0.8973582697719562,0.04207707333033443,-0.6242044205493162,-0.01306426055777049,0.02470074053174061,-0.5586548917703533,-0.1340631615807999,1.0
-0.9656371474428013,0.022800079732947804,-0.47926548822429726,-0.4384729996928787,0.11613860542993085,-0.5776966394170994,-0.029087016098605506,2.0
-0.9216109226914906,0.041502015146858785,-0.5240536489148224,-0.6113079392935379,0.06688397821068418,-0.556762148751078,-0.07842166602351693,2.0
-0.9753218413023195,0.049879398631852846,-0.4989764486367682,-0.22256981539840004,0.0786864645181461,-0.5265348371327533,-0.1061953102346386,0.0
-0.9609618440621341,0.062073549852587596,-0.5158186760924325,-0.5075907194691962,0.08731566921916371,-0.5346886150648658,-0.10057658881891952,2.0
-0.5932203231740012,0.142446714535447,-0.5683726701468457,-0.9140525919826937,0.037265593320407214,-0.5769897382143373,-0.24737215605624222,2.0
-0.9353585341571127,0.07584396572049458,-0.5670202472694023,-0.16450523468131215,0.035690697709911075,-0.5065358623107864,-0.16979409988846128,0.0
-0.9379117817995255,0.10262967098432788,-0.5458298338773268,-0.6669840846741748,0.05570197947572,-0.5213377876424675,-0.13734714354798327,2.0
-0.946196584290445,-0.021463173583851067,-0.5141209229012874,0.031387838656903616,0.07126705784911451,-0.5752600274601898,-0.019349060636042956,0.0
-0.8746895186104948,0.13144167176741173,-0.6017344704369905,-0.7967642203846232,0.030730948592161297,-0.45913456028543453,-0.20643164544344678,2.0
-0.3065076924229858,-0.4466828078543502,-0.3780893012774186,-0.5823137991645391,-0.06440686881785967,-0.5829764621348781,0.20279728307229355,2.0
-0.9004839020969877,0.1085647968577145,-0.5963159898737949,-0.7619855335400306,0.0387761844318711,-0.486331929639676,-0.16578190131623063,2.0
-0.9565784954984986,0.008256793285424217,-0.4864096692644583,-0.4137913085970095,0.12777641058791625,-0.5788178645632065,-0.02585207753427203,2.0
-0.9416061487511596,0.0719795850814024,-0.6070010743711999,-0.020975474418927137,0.02378396341584061,-0.5619168821593663,-0.12845836047546574,0.0
-0.8018972270362239,0.11283227839128998,-0.5983969243146438,-0.6296910568621098,0.028379180289783493,-0.4902522944740406,-0.2331688789071692,2.0
-0.9786595989608855,0.024016918258823138,-0.4998416859373511,-0.008597723543296992,0.07942254152014225,-0.5222840575684788,-0.08403731214428198,0.0
-0.48397991272626273,-0.08399779912668959,-0.6447819766745636,-0.772667012012509,0.028303339119240004,-0.5193729897539474,-0.09470162324400021,2.0
-0.7708119878334786,-0.06118559040131463,-0.5926719195945302,-0.064256115286833,0.04646539513341602,-0.595625762336617,-0.11407374347147643,1.0
-0.9185996044842393,0.08256667031384424,-0.5884736888052676,-0.5645271050191959,0.05600203751053384,-0.585002608091576,-0.09245944874225104,2.0
-0.972575649106355,0.04212950023388676,-0.5005240708631224,-0.33382453864434747,0.10368090336129482,-0.5612134826851044,-0.04597072813652472,2.0
-0.8447569188481644,0.01507132516143277,-0.6218512836371354,-0.02705723717940761,0.030340947883597903,-0.5954942201049793,-0.1271234488684963,0.0
-0.740047071176152,0.0851232521501536,-0.8477255422697527,-0.17723282755973088,0.015260737029711022,-0.46244073863288865,-0.022313174283776577,1.0
-0.9382232383129441,0.0990843819892376,-0.6131631481896153,-0.01660169947812548,0.010827268746095457,-0.49869107510020716,-0.1720249806740219,1.0
-0.8322232320684587,0.04005270350408613,-0.679692403568939,-0.04574914956622084,-0.015687911458971374,-0.5466807872210853,-0.07113380960149432,1.0
-0.8563005954989508,0.11691956661772164,-0.7174583065475517,-0.13545342993906861,-0.03617210570671964,-0.5774866700781414,-0.14907446996736792,1.0
-0.8104018059457422,0.1011631987545844,-0.6703301394652326,-0.5631533299519018,0.020653920418259822,-0.6024806251771316,-0.09344139390199802,2.0
-0.7339855743056063,0.09129767212677739,-0.6001456198462736,-0.9686820408047145,0.07019950145138046,-0.518046333711219,-0.23321276309460345,2.0
-0.9049857456027484,0.031566929427276035,-0.6427767938500064,0.031282556091971364,0.038045824900000816,-0.5792345673315784,-0.07705485844765081,1.0
-0.9730372773490102,0.001997920152934901,-0.48133580676366694,0.056203627603144346,0.08078700749597145,-0.541448906716292,-0.07640664567082614,1.0
-0.6006913435190353,-0.17301909210805205,-0.4397216207271454,-0.6308212873824236,-0.02842184455554514,-0.6090935706775088,-0.324959548052975,2.0
-0.9202771280557537,0.1228405365719275,-0.6329346528753683,-0.0267531346095852,0.00039976057017604427,-0.53797719094777,-0.15080456652175483,1.0
-0.973655041323644,0.0012131926675124222,-0.48605756369766173,0.08830985544591236,0.09062951870203297,-0.5408762016606348,-0.09596758716175885,1.0
-0.9521856292477681,0.08176472199709581,-0.5189672585690808,-0.5690989330881859,0.07147033811900955,-0.5441171601819222,-0.1087857185844169,2.0
-0.9808435743589097,0.00298038404113711,-0.45610483932102514,-0.33017352379065423,0.13401097410472868,-0.5810853394374518,-0.004928960307181984,2.0
-0.8299337534934105,-0.08137795090560643,-0.6212986009178758,-0.2188506931346558,0.07756867826148017,-0.693277000220177,0.04004672133972481,0.0
-0.8412617805850193,0.05367228893811439,-0.636564010044664,0.0820962771418225,0.020946447929183938,-0.554716287077164,-0.12580866905100746,1.0
-0.782241965971587,0.2871352873048191,-0.6594896858694004,-0.23218980673082493,0.07070090326038365,-0.6854946862978617,-0.2998547619020448,0.0
-0.959626545775292,0.030994252597534883,-0.47811601301455064,-0.570527425250106,0.11102389015448402,-0.5649441609665202,-0.053180651271970095,2.0
-0.1248128593430714,0.03569514082966297,-0.8040627153638891,-0.6029590456556188,0.08996675084728535,-0.22096903110402016,0.14438288283033288,0.0
-0.3561177145766612,0.5644331187704045,-0.44759638059165074,-0.11542298465687863,-0.11761409446530383,-0.38529211929319496,1.0,2.0
-0.8855251249529535,0.032427627774286504,-0.6680745154162959,0.021598136634542547,0.04500030071719311,-0.5660021244967578,-0.08866043513513049,1.0
-0.970385735425765,0.024205927910833345,-0.5152320425366922,0.054435326307101406,0.07224430400490048,-0.5535576274688944,-0.08331432951990783,0.0
-0.620871631985022,0.48078183545621084,-0.5099493159883963,0.6034720807622269,0.23392284828449836,-0.7703175215973712,-0.27950028276817424,0.0
-0.7023134561492455,-0.05796356313216246,-0.7039494205737103,-0.07670281422480274,0.028771736117054983,-0.6821454741520945,-0.0630364370812316,1.0
-0.9293795575799244,0.08964358209707599,-0.6057764307494077,-0.12662915501348865,0.039613027043737856,-0.48295471732230866,-0.1679314604467063,0.0
-0.9695230740770604,0.05356671028572188,-0.5155771242090661,0.013369020324743103,0.057273627564015814,-0.503424076994788,-0.13378826621886003,0.0
-0.9578880228959888,0.061255448592277946,-0.5680064060246888,-0.005280448420955208,0.04221692812373984,-0.496232027954841,-0.14687165697660165,1.0
-0.923432270448528,0.1205097833058905,-0.5661632390905306,-0.7350281956030877,0.04532023721059343,-0.5301768489441093,-0.1469159243552841,2.0
-0.9566037272085788,0.04583656966945941,-0.5399407043671108,-0.22789511210109564,0.07481372817432874,-0.5645649410163124,-0.07704166983362591,0.0
-0.9264152460725835,0.08328049811777719,-0.5628920754635262,-0.6507440657137316,0.06725940690793139,-0.5621960152037191,-0.10727311785742329,2.0
-0.9499870227956988,0.07891447258743116,-0.5931355465674621,0.007123699297270553,0.021394473229553616,-0.5054472965508462,-0.15918799846009835,1.0
-0.8023392176961138,0.28532476660369926,-0.563381012854516,-0.5718950321440401,0.020668900117387576,-0.5783468427384462,-0.3147465504324373,0.0
-0.6496003498937082,-0.056575177480651134,-0.7318850922717238,-0.07750551249894747,0.1010905584984364,-0.5138070544701516,-0.1718534186189108,1.0
-0.8709907729688224,0.061289424834166537,-0.7038361126864341,-0.01481792632544629,0.03037585163726572,-0.5494907380388446,-0.12299346485275651,1.0
-0.8670450414158855,0.14464783331988668,-0.6333863220381266,-0.8852251528919564,0.0352902666323503,-0.5080973361170906,-0.18560068037070007,2.0
-0.7294668648966527,-0.1915161155236663,-0.5238165031197242,0.10676766585336245,-0.057053016724139566,-0.621226850863377,-0.12971837141196657,1.0
-0.9778369646748153,0.012354138666504602,-0.49085569998740475,0.07411821118326162,0.0763012837913328,-0.5289907685279241,-0.08202682307517711,0.0
-0.9541438337205419,-0.021670621441798016,-0.47776993117912236,-0.0299283301331629,0.09824597868639504,-0.5614837280530459,-0.0634695372113919,0.0
-0.9654672269072136,0.04616270139815667,-0.5211639999697668,-0.15105381287169228,0.0648104890659626,-0.5273628364081187,-0.11124487805927097,0.0
-0.973842223146987,-0.01201620242353598,-0.481141196347459,0.13303453748284566,0.08700812952744183,-0.5460930322135626,-0.06382226722911986,1.0
-0.9503978117662968,0.025108935124577934,-0.5437902485756845,0.020514375419003167,0.05834894999001261,-0.5542370773073776,-0.10084154430053158,0.0
-0.9476066192506264,0.05087833739633685,-0.5305593933709164,-0.5509274984800967,0.08982576157648739,-0.5753028089842115,-0.05710540909974493,2.0
-0.9155196947554634,0.05123844037166135,-0.615340776134109,-0.07171520654794394,0.02849251853804964,-0.5642921079625608,-0.12298429147350787,1.0
-0.8818080991141919,0.05452850608502164,-0.6272900319771274,-0.07056452815105752,0.055097128492849715,-0.5661413624170499,-0.1809573976539132,0.0
-0.6607138336910249,0.14233939034135498,-0.7755188546072096,0.010997689098132674,0.0564808549394764,-0.4950555836636527,-0.04897856490296598,1.0
-0.9338736347931583,0.04892415286721129,-0.5550780988287377,-0.5737320868727547,0.07885134781896766,-0.5896722705489627,-0.028772558297442463,2.0
-0.9813689560033011,0.022848573022891935,-0.4303968282508014,-0.3723228729382896,0.12241706563475921,-0.5252458413640031,-0.10077392667031669,2.0
-0.9698676191905145,0.03798282800734035,-0.5213251437085766,-0.07275979363211416,0.06464371476781051,-0.5220050365850487,-0.10888550491158351,0.0
-0.9590564712337398,0.05742753246384724,-0.515668908102302,-0.5038036296036528,0.10531713308922191,-0.5219781162093341,-0.08891229761232973,2.0
-0.9722420377101957,0.048162927198270755,-0.4792282875257966,-0.11273485047225124,0.0724868399722265,-0.4913578329101791,-0.17356361685742905,0.0
-0.8781688733141368,-0.025317249283243207,-0.6067827941647436,-0.00500553983341806,0.06228868299311971,-0.6448330494566962,-0.04991230388780597,0.0
-0.9857057247884188,0.034161158584008366,-0.5045985978196077,0.04433582206032202,0.07431768330629163,-0.5018232418472656,-0.11308238631280979,1.0
-0.818112494425767,-0.07492479601928412,-0.5769222479237783,-0.055494126088217216,0.11870880291725888,-0.6675745744267685,-0.0883130098594904,0.0
-0.8431068088654353,-0.010935372095267723,-0.687072351273197,0.13141368386747382,0.050703605494668604,-0.5986251230041023,-0.09965900266732668,1.0
-0.5987631160523803,0.057584900554431495,-0.7009026372463949,-0.6838720931433866,0.05826279688970375,-0.5218744536482817,-0.12063645674286853,2.0
-0.9798176206676635,0.008028213947030238,-0.4832894370134305,0.1478636187651901,0.09024550340919715,-0.5202117030907734,-0.09475224694816439,1.0
-0.9034552194247957,0.10721290098385791,-0.6038443603551562,-0.7375624977931549,0.030872667259169,-0.557211557449002,-0.13735060667782537,2.0
-0.9228283834455628,0.08904484736164225,-0.5433016860608851,-0.7161876582845147,0.05251627094007338,-0.535136505771908,-0.12842108739207558,2.0
-0.9455417445126586,0.07660922792381747,-0.5329076867677087,-0.41253297870683203,0.07165970199254754,-0.5374753278045773,-0.1387376891689438,2.0
-0.9413363150410332,0.05846039829358843,-0.5350538753235338,-0.525606077821402,0.07711602832582848,-0.556222794266498,-0.10502729253047084,2.0
-0.9280784044544879,0.0727603743440228,-0.5624939954288544,-0.6100354088339894,0.06686105804120847,-0.5546352621897844,-0.10200843665546269,2.0
-0.8759533290212147,0.04033442719633641,-0.6639911095134148,-0.05272636431697006,0.033375497058688725,-0.5831004918557378,-0.12565721003244254,1.0
-0.897871333048031,0.12734323056371183,-0.6603626869222744,-0.18346553540194488,0.014842877306622183,-0.3935276622341145,-0.16403998466138647,0.0
-0.8980022410935788,0.05549861661116789,-0.6634518702704982,0.06706739948508861,0.03626188202173114,-0.5871472773097324,-0.11451177488289066,1.0
-0.9691083414213446,0.016873719548166743,-0.5227215526726607,0.08399338439476889,0.07039941508233011,-0.5506537723066779,-0.0897468434079715,1.0
-0.9105767272245068,0.06278062404713963,-0.5703421693797505,-0.14673092285985329,0.038393346773407,-0.5291246558777671,-0.20351216078030349,0.0
-0.9614635375543168,0.0541072974345087,-0.5069760942678667,-0.4178110602458702,0.08701602031890934,-0.544598708780814,-0.10260255342810559,2.0
-0.959731242613211,0.03812769898539632,-0.5056466636485012,-0.5077083638927049,0.09989003029184976,-0.5744651480081286,-0.03877299140879621,2.0
-0.9844156745990871,0.009284379070995954,-0.43776695903347745,-0.3199040519452739,0.1400059118455852,-0.563306257032421,-0.023733492045153542,2.0
-0.8617061358450882,0.08471547025450551,-0.6627314926189936,-0.41498682290091277,0.02488238334311721,-0.5781086470481092,-0.15236491306556693,0.0
-0.43740910799124993,-0.20717831706858658,-0.7476567317645328,-0.08953291483788736,0.164778227296903,-0.6501836004921214,-0.17443900378523544,1.0
-0.8663531423193637,0.09121620339459252,-0.6965497788854907,-0.14139421451809558,0.024125849888458874,-0.5528401230514789,-0.13064879277762473,1.0
-0.7446966899001862,0.0492603234022253,-0.7480820530462181,-0.12315688041212423,0.00629937877527912,-0.6123098174893548,-0.05937091317522152,1.0
-0.8304822139667569,0.14069742484097825,-0.7031210873987375,-0.2922963721887155,0.02045953543819541,-0.398065652165819,-0.11996887282609636,0.0
-0.6660002880182392,-0.03448551811873832,-0.7869395271241267,-0.18195226061674297,0.03710651316242161,-0.6024703533057376,-0.06513891110210068,1.0
-0.9927794306617347,-0.016256505838254588,-0.4391140834339738,-0.012008726216559407,0.11533429593415725,-0.5497544795125147,-0.029638558646872107,0.0
-0.4306648964446446,0.41606361885555626,-0.26302666056048385,-0.45723548309906753,-0.049381276373990785,-0.7188202902844678,-0.21166373033509678,2.0
-0.9330075557278155,0.09935061048089437,-0.6285280309388952,-0.06890680874434377,0.012893949599450089,-0.5168881946275111,-0.15451311634968043,1.0
-0.8933968024714218,0.050241284531134286,-0.6527073614286434,-0.05061230539827627,0.013230013050878356,-0.5937440495400089,-0.09173860505918773,0.0
-0.9547080358977384,0.040895186627189134,-0.5641071695567572,0.08323099711732784,0.05067669735417532,-0.5266109795637892,-0.13256048611513743,1.0
-0.9539378172057036,0.03487974306239565,-0.5455870625350384,0.07763455030234478,0.05060601143978802,-0.535995959360737,-0.12410696024979537,0.0
-0.9047460845996433,0.05458914015997403,-0.663323965704179,-0.030632257272408536,0.025809519080058067,-0.5656624101895975,-0.11154053965700084,1.0
-0.7923857020569195,0.02384946539665974,-0.7316013969565367,-0.07132468821005855,0.03408982419825911,-0.6140190008250042,-0.0939229658478421,1.0
-0.8079220504894765,0.02577989698007772,-0.6667742824882016,-0.5093747514717446,0.028105928834720434,-0.6661893532790627,-0.06349688314395671,2.0
-0.9725901610130647,0.04598419634096766,-0.526008888723067,0.04784481010100966,0.05653523606741451,-0.4955049432805343,-0.1374497839062078,1.0
-0.879303870405253,0.06599810672596877,-0.6568465032023083,-0.020497604120653434,0.009846827701564982,-0.6066662158238297,-0.11194177570828992,0.0
-0.9784704712849203,0.04496077984641434,-0.4992575166760394,-0.053148592001871,0.07294861803419485,-0.505624412563313,-0.1326578789065794,0.0
-0.37158845025590714,0.07295714171623957,-0.824152208044659,-0.006837561971397982,0.12441666272090636,-0.4672637170514387,0.14458623420680203,1.0
-0.909422017300497,0.08080175788891236,-0.6464519221959516,-0.1483864747751623,0.029602374839448553,-0.5164287236023729,-0.1417117383625131,1.0
-0.9230194544207003,0.08288094123775162,-0.6286437003672095,-0.07845705215458942,0.029492533424400863,-0.48692010125860125,-0.15285511796603368,1.0
-0.9186645088817108,0.03559070697576874,-0.5914729768671027,0.044918407902952096,0.024206243486246413,-0.5353847366128416,-0.09886085560220938,0.0
-0.9660382963603729,0.04976988444389737,-0.54643551787187,0.06139762380019126,0.051184978024436396,-0.5192907263457881,-0.12674576732596637,0.0
-0.980332098580027,0.00966107009691463,-0.4573474116334677,-0.3028830983643812,0.12129479357728667,-0.5458370651345212,-0.058834925278984415,2.0
-0.893225240841779,0.017275583900781814,-0.5000262299172794,-0.7001943131478867,0.0980318110887027,-0.5727144223614469,-0.06796863750610707,2.0
-0.8335716398197397,0.017798252130790577,-0.7325124193611051,0.012314107902803156,0.05218305127154918,-0.5950774356827246,-0.06842820142186241,1.0
-0.5123032319342429,-0.14910820458219046,-0.6622779012581276,-0.05969420385809138,0.008384723161970926,-0.6476286403753302,-0.2260502941959741,1.0
-0.7218292778624349,0.23817792834357546,-0.6547693841151042,-0.3336784101418834,0.015190086717469957,-0.4261292384262798,-0.24297277171569062,0.0
-0.9167717271824966,0.0566081312947499,-0.5940021182383226,-0.15246400946620853,0.03905829068347051,-0.5702157611380911,-0.11885502194797544,0.0
-0.9474174765640897,0.06342401892257042,-0.5053564871456608,-0.607384374723234,0.06773871586912929,-0.5317943045688767,-0.11516497667749778,2.0
-0.9478822274355175,0.059610289179790436,-0.5657953444291564,0.07086866246500356,0.034645782898942115,-0.5274490419659393,-0.15545975853388772,1.0
-0.8938010202538572,0.06225990059818154,-0.6894183428291113,0.02532229136333633,0.025585901855633843,-0.5995985182612157,-0.1016422115000693,1.0
-0.9053658705590772,0.1617875735800725,-0.6513362453810454,-0.07872729430386437,0.0052453806863065194,-0.49347691224084556,-0.2309073400099025,0.0
-0.9251648495481533,0.0030681020319265756,-0.5410574896406879,-0.028854230224286098,0.08789559192174654,-0.5697900003501287,-0.10412575792101685,0.0
-0.9429099299286307,0.056082956101352915,-0.5768464532288398,0.02744951809027399,0.03304627905439163,-0.5282795243912293,-0.1585531737284271,1.0
-0.7207637026538147,-0.03303191505835598,-0.604921922963282,-0.6448184415472913,0.09984229115454171,-0.6716046519300339,-0.08615698220919389,2.0
-0.5670304192106246,0.5119895527850531,-0.5525274394688678,0.09039449584277948,0.3576043325582042,-0.6633015129257493,-0.35297469767531126,2.0
-0.6866414840383407,0.2627269538478797,-0.5288389036570198,0.023650633860749476,-0.042389090622814984,-0.6131013042771912,-0.05668637334701817,0.0
-0.7805341585503889,0.062264918116952846,-0.6857066428914601,-0.6795672612112631,0.05487660025034762,-0.6436984553079729,-0.07697248938994179,2.0
-0.9547872087832796,0.010529571282933498,-0.536164415365269,-0.0942631672876424,0.07835725469959842,-0.5658536145629937,-0.05463156445783019,0.0
-0.9321259393447686,0.063969768985872,-0.6241742914333411,0.008590821872309057,0.02921199924492008,-0.51272053124561,-0.13048787315489604,1.0
-0.7141751873771054,0.09506175179975948,-0.8049178835210504,-0.03169543555499346,0.07327608067225454,-0.5748860230813425,-0.11765484012181139,1.0
-0.7650114879451725,0.162746923414003,-0.7630156925229135,-0.02946280579626573,0.010929051223232913,-0.5123084495338169,-0.12024227481600419,1.0
-0.8578473136009598,0.0625394097891512,-0.7029463976196869,-0.19383041012302824,0.021575387783470304,-0.5496484974384569,-0.11352609876358669,1.0
-0.7577584310821834,0.12529042642667168,-0.790323420886704,-0.07808047471087101,0.04816822279959353,-0.5710268765460609,-0.10469519509153902,1.0
-0.9647431013201591,0.03563731426288768,-0.5140315277955374,-0.15078493247505842,0.07797497105621817,-0.543632471073122,-0.08169053531249602,0.0
-0.9636737062854236,0.03710709990084596,-0.5275305260881179,-0.01614079171183641,0.06393369247410528,-0.5264269400787289,-0.11657342753227863,0.0
-0.89488044221804,0.15254903629612976,-0.6494952394416714,-0.3072952269891426,0.033230918706960016,-0.5164699632979179,-0.09950225526098357,2.0
-0.9495345688672483,0.02925163792044016,-0.5181739150775512,-0.055021286979541756,0.06884656619213966,-0.5444434244393647,-0.10026837960497327,0.0
-0.9214709110557405,0.11607796993367936,-0.6514261015779347,-0.1500359646316288,0.017354208461534057,-0.45512013608417407,-0.18331889609133123,0.0
-0.871575900414183,0.023446124439987823,-0.6108489014782251,0.12572832759535224,0.03137769728495026,-0.574488936839707,-0.15553183502034137,1.0
-0.7425891257120201,-0.03355236570914037,-0.6903883054314657,-0.46925475100446884,0.10414652566029159,-0.6712464660421023,-0.03512706525119326,2.0
-0.9482942208956933,-0.0078030420327021704,-0.44989905851480894,-0.4680258739740643,0.1165909744370292,-0.5832949895889504,-0.0398769157431985,2.0
-0.532098519666701,0.4163070070043758,-0.6211011685812867,-0.35913323370068817,0.22206864819818867,-0.6409569185145816,-0.07466014094334746,2.0
-0.972331775500193,0.01746756879089253,-0.46819739545556815,-0.4657547606899455,0.12223483734450177,-0.5824895161387389,-0.005444724616351565,2.0
-0.9239546085559645,0.1371291096617768,-0.5695628613285881,-0.7369107750647707,0.028817926185962503,-0.5324393134429823,-0.16246629947611455,2.0
-0.9372360508833906,0.07756556544276001,-0.6129160218098547,0.04273789731414296,0.020098380799485373,-0.5155189145178779,-0.16921829146141834,1.0
-0.9558165046407989,0.07511580492631495,-0.5513635908879962,-0.07060070488636619,0.030737493632265817,-0.48201900041412227,-0.18756449958535898,0.0
-0.8484516164663423,0.16830348373970236,-0.684915903722653,0.011323001792485049,0.01190346270087176,-0.5513935741889907,-0.17150436337810265,1.0
-0.841001881038283,-0.011872484582902902,-0.6376557557561918,-0.07105010965245723,0.01571650977096333,-0.6202870042578569,-0.05479616896882099,1.0
-0.9885400504284642,0.021571091203077573,-0.46040987741550576,0.0300135193464873,0.08674898785937248,-0.49989489870041837,-0.11488691903178429,0.0
-0.5699790931613489,-0.2505050055535331,-0.6173096349162778,0.11117341186749718,0.09332442178049961,-0.5343770324983634,-0.21437784567484727,1.0
-0.9852232871751612,0.023331958816061503,-0.46103930680324606,-0.26338913328933083,0.11683932672987202,-0.5518190712344687,-0.04158688852233628,2.0
-0.8611991431431597,-0.015269042941568382,-0.573396719282859,-0.3315120425278809,0.09626891674398987,-0.6259224616297638,-0.027435846244374812,2.0
-0.9451810370400833,0.03678120313890845,-0.5398934182820527,-0.4629241920529848,0.10149505784461309,-0.6038037878777672,-0.01801457451288771,2.0
-0.8236805914746363,0.18409552545155683,-0.7374677378140464,-0.32224572057408307,0.02025889217488637,-0.39476045045774344,-0.20356073345768527,0.0
-0.934813115934471,0.02021285854086513,-0.581337600916,0.03537353883050823,0.045875431819855234,-0.5812447410643581,-0.08218876642399883,1.0
-0.7523344584384788,-0.01392610659341996,-0.7197233817913321,-0.02061633812419303,0.020871703536971473,-0.6389092832957397,-0.06742918741196079,0.0
-0.5299465067332719,0.42232509461492357,-0.6002304376783706,-0.027247073884028833,0.041453002854309806,-0.6553208597806444,-0.19745817004284194,0.0
-0.5834414015548394,-0.0551563043580261,-0.6665850030443907,0.10483844663426328,0.09275200794294614,-0.7123590521131232,-0.11781796252482984,1.0
-0.937876039795672,0.06455077479178112,-0.6198154147998126,-0.02060171222163243,0.03577626614480178,-0.5382118281241665,-0.11224891941563359,1.0
-0.9538325020368862,0.055538875957270056,-0.5430599231609947,-0.06794408369420094,0.04210377522033428,-0.5028226243506235,-0.15804136066110522,0.0
-0.9000531199305112,0.01765164900323416,-0.622173978397333,-0.0748006470385206,0.054645525648506575,-0.5880605648119754,-0.05675135473837367,0.0
-0.9561701400830203,0.07575219010305057,-0.5109807794956522,-0.6458691452855352,0.07962439252126934,-0.5225734753730513,-0.12081850569310464,2.0
-0.8457068538047084,0.015613892710842407,-0.6875915721819749,0.10994154649210858,0.04418075786840511,-0.6230013561087047,-0.11818253760140217,1.0
-0.980275761932544,0.03211411893085307,-0.46813585485836806,-0.3547678821271516,0.11921343198201165,-0.5453607768851605,-0.058083780953978544,2.0
-0.8681857505940144,0.0805291070452823,-0.5734626130249443,-0.6351588004177824,0.049845553441852125,-0.5452622546471491,-0.17716528710525575,2.0
-0.9298460424455754,0.001915617526154767,-0.5732699268457089,-0.021894764228365116,0.07646065013087372,-0.5804100926663122,-0.06933375478387332,0.0
-0.937961795486169,0.04299406771540916,-0.5025755881064573,-0.6548783443740975,0.08747158153346435,-0.5529887014576877,-0.0799406129913389,2.0
-0.7540390764896289,-0.07592501715173788,-0.5864889501427311,-0.05079091261439633,0.001852676774886701,-0.6128001667360344,-0.024923194655980585,1.0
-0.7224605106086823,0.02636462381287758,-0.8416361303592591,-0.2778124598064915,0.07369209309131501,-0.6068793789264659,0.021727184726450396,1.0
-0.9398592766903332,0.09343078745723996,-0.5280400650521795,-0.7413948045066336,0.0722360501506546,-0.543365372715439,-0.10981040731090465,2.0
-0.8686360456292258,0.01865851537944486,-0.6607803080598553,0.03012210702087892,0.005127982306438218,-0.5946494340067243,-0.0729749328842187,1.0
-0.9589427931978765,0.003480139739168213,-0.5251231145631546,0.08707861623583868,0.08830790882780673,-0.5491963070061707,-0.08339787008570237,1.0
-0.9594482867503827,0.04108730329977182,-0.5540651280126735,-0.041712008722079086,0.059717812546861454,-0.5023953831362835,-0.12862487546066798,1.0
-0.7616768358613556,0.10765347328170735,-0.6582234433407983,-0.7943666007839469,0.0015589800359839118,-0.5739455842600267,-0.19124261645016216,2.0
-0.9797472192819191,0.02443532760810967,-0.4631261985929542,-0.4064239820884955,0.11350489548776771,-0.5443102693271878,-0.054193841293703644,2.0
-0.5248185364993947,0.6431462966947801,-0.319689038848046,0.5753033770768987,-0.03394395876058491,-0.7805111843216213,0.17410725159531593,0.0
-0.7294774740734251,0.004355517479960852,-0.756528663897786,-0.1759342166468507,-0.007383698554070547,-0.6666862629203786,-0.027658490518812168,1.0
-0.9746084150051926,0.025505816483347134,-0.5101912586379729,-0.0542439473245217,0.0770954419960656,-0.5271254666967639,-0.09576791208898419,0.0
-0.9114696954721406,0.06132014737227416,-0.5994616648536993,-0.2529334511625426,0.04432930144856736,-0.5725423614152436,-0.1402918947084844,0.0
-0.7586626136987064,0.08511570434705018,-0.6920636902751067,-0.19917444295509723,0.0427816646138032,-0.5324607896344157,-0.20261987993550273,0.0
-0.8528536262684168,0.02196173633712853,-0.6601532957053864,-0.4992372398674882,0.06811855173247802,-0.6626490494211719,-0.019563785305685144,2.0
-0.9635113374118542,0.059667980242696726,-0.5079971642767109,-0.3847983307001314,0.07850822127788916,-0.5325430971264854,-0.12020001924744327,0.0
-0.8346983287229817,0.06632437594915877,-0.80181001621255,-0.006021349517362218,0.024868593434665742,-0.6356337152520195,-0.04538122745761965,1.0
-0.9604370720209985,0.027780826893643883,-0.5500658640751155,0.10312325837669872,0.06286243944558494,-0.5434955218609716,-0.08950137209358873,1.0
-0.6395013090952665,-0.1895031065727579,-0.6322608370575682,-0.2690569549452978,-0.027318517653362212,-0.687164780765708,0.04668330956745065,0.0
-0.8086287294079274,0.0483294713568821,-0.6620955451472369,-0.5657620522650035,0.06761279362491737,-0.6649857984513379,-0.09230502599075179,2.0
-0.9702510788567243,0.02081881847890023,-0.47920161135619876,-0.47804360198562035,0.12719120272110856,-0.5810949246936067,-0.007968874094440914,2.0
-0.9348826048731518,0.07382852936664365,-0.5357256769093616,-0.6965382245290171,0.07332055055927018,-0.5409663046515867,-0.1184400250755267,2.0
-0.9758854780937445,-0.014087033867444906,-0.4830915093773053,0.05883006834606258,0.11083335396089494,-0.5652086511723599,-0.02945378844702877,1.0
-0.7017675238556851,-0.06563919408866235,-0.6947293072902896,-0.03175875309611803,0.032230733337201625,-0.6654702676425409,-0.06443104204912597,1.0
-0.9689125216073213,0.007897870894328564,-0.5127788644082937,0.06056406044236606,0.075352950968088,-0.5548039127472144,-0.059423240199472115,0.0
-0.963107612404986,0.054509194021945775,-0.4955098659321845,-0.5060245379144398,0.08960967282503707,-0.5448642558250422,-0.08222085034631811,2.0
-0.959445958837467,0.051871576943541706,-0.5570136301172164,-0.007736109375857808,0.04279825947043085,-0.5196255012144952,-0.12684247435774199,1.0
-0.9759423429064779,0.015854216469459347,-0.5131871796814698,0.06153340256387074,0.07205278089752006,-0.5251170456823945,-0.10254287658017255,1.0
-0.9414195937278481,-0.004649323758144634,-0.5480580092255983,0.09025767154379,0.05809674903234434,-0.5517137319347679,-0.06929072838636692,1.0
-0.9624230709149787,0.06912303104996219,-0.5103182254094358,-0.47606535398978045,0.0724156203522752,-0.5289389933963875,-0.12214471733821891,0.0
-0.9521868048587532,0.0620280532009901,-0.49931358062554965,-0.39588269513098584,0.0821084477817565,-0.5502096842226445,-0.12946845133944293,2.0
-0.9383131609539143,0.030097511884181926,-0.49139629986777733,-0.6286058111195147,0.0958930635241893,-0.5804904742308105,-0.05361183770710612,2.0
-0.9340824674230694,0.0417649110221679,-0.6008731217556778,0.07079652937715109,0.035469953744970785,-0.549970140205353,-0.10896004360153681,1.0
-0.9399832027401304,0.029006857168389622,-0.5751006542762909,-0.06589745372837871,0.06750657499625881,-0.5961862264852874,-0.07512775522303904,0.0
-0.44559371103361733,-0.2732941880419563,-0.5703684650814931,-0.07031562794739823,0.17243319341078794,-0.5499386932793492,-0.3176394172321272,0.0
-0.9500044601487481,0.029084944784500927,-0.5472076860635544,0.04891300577613744,0.06113667096632055,-0.541933958942733,-0.10770284904943726,0.0
-0.9690442953375971,0.00878443824343804,-0.5136974909541908,0.031064489209605944,0.08941743306624245,-0.5670191512187915,-0.0465060761387731,0.0
-0.9573808397800675,0.029606734897687677,-0.5054109620543943,-0.43982988311132826,0.10623619325008579,-0.5561635224387963,-0.05949723374354413,2.0
-0.8935372117965467,0.09812285319997319,-0.6584016987449943,-0.15937247951441738,0.04056981607803806,-0.4499018560141949,-0.13250776477817006,0.0
-0.9359019956428172,0.06668688087272553,-0.5937368330952684,-0.06191097379308155,0.02748566098113027,-0.5542152664687324,-0.12282120431213547,1.0
-0.8657622190477449,0.04949453811328522,-0.6967003014864958,-0.02248482774649882,0.01703535030427846,-0.5849573239846478,-0.07963547452436212,1.0
-0.9751480181919917,-0.0050093350800677686,-0.4927001139696111,0.16430567041066668,0.08873134818367218,-0.5506782399803999,-0.057943762174699216,1.0
-0.7726402294297785,0.10966213277709894,-0.5911329789819039,-0.7459103360639628,0.06289268592685796,-0.44160836231480394,-0.277471122879021,2.0
-0.4994618338857982,-0.25675500754541103,-0.5812950542268558,0.06165668561356963,0.10058981484886764,-0.5037808228649343,-0.15899397636440155,1.0
-0.9121356367153292,0.06588819772694172,-0.6440359990117479,-0.04184333582533556,0.020489767295057075,-0.5328806778100976,-0.11797400062093183,1.0
-0.8563647903121743,0.05248546876598631,-0.7009929378732294,0.006255970138910744,0.03521081183678924,-0.6058654870239754,-0.11372500965412326,1.0
-0.35648571912152993,-0.3587543791259319,-0.574640331006709,-0.4019317783421623,-0.11246454536369896,-0.34379734527078687,0.07965015621662472,1.0
-0.9549916337139637,0.030339264263147807,-0.49875546304953994,-0.49494104807453504,0.09862481751237598,-0.5646379770378975,-0.04818183226810593,2.0
-0.45770739949285794,-0.006587930349095689,-0.8328461545544136,-0.07069008803164908,0.13900190907638243,-0.613432286292231,-0.017082729673257427,1.0
-0.959033092890244,0.07620926362410312,-0.569139536141016,0.011393041513477337,0.02914187740930426,-0.5045064500242107,-0.16235527271284797,1.0
-0.9313075052512448,0.055273890526633056,-0.6092860081169013,-0.04100698191887886,0.03909732215604435,-0.5493959661457186,-0.11831512541392375,1.0
-0.9254567923189068,0.04847336192064577,-0.6040979170105252,-0.11339698544726379,0.033513942765128084,-0.5467564229055477,-0.09157909729434266,0.0
-0.9537541987772595,0.06538415526106767,-0.5317057376717085,-0.44890862743887006,0.07096120770288833,-0.5484714974658086,-0.10716229427377247,0.0
-0.37733298201261545,-0.11458570535424684,-0.6657775452446967,-0.6967889639523054,0.13722037519972868,-0.544324288018476,-0.000967831506958991,2.0
-0.8804875749441141,0.06930551809328747,-0.5993531829963141,-0.82431860734972,0.0737682456025203,-0.5896059883612057,-0.0552978700627431,2.0
-0.9610367574084211,0.08254932781210261,-0.557492242316704,-0.022879774018808863,0.030871672179425946,-0.48819689883057904,-0.18407451126211616,1.0
-0.7382734586047313,0.09723318536835002,-0.8481648177610523,-0.012972733290437688,0.10526156984822535,-0.4463095848857893,-0.03842526405561254,1.0
-0.9405287491152934,0.008733795368568359,-0.5321504414085848,0.05748548373321538,0.07682861960811513,-0.5646304158593983,-0.09877711321040651,0.0
-0.8323041419766305,0.24953689887317115,-0.6621944277295724,-0.2260745337095306,-0.0005340969435307444,-0.5414161139077213,-0.2109658978368641,1.0
-0.7295709932149309,0.0027269038348943994,-0.7575947828377184,-0.01972893127500805,0.044150025812683735,-0.6102037788711568,-0.04916416116839725,1.0
-0.9149078101998243,0.03413789621770082,-0.6538211126270864,0.019570817835695753,0.05275057350657093,-0.60625163829411,-0.060080438114104795,1.0
-0.9592735862893604,0.03237575638152816,-0.543654006706392,0.049430804989344435,0.05708344856731785,-0.5378356417783483,-0.09650074852052613,1.0
-0.5938592461335819,-0.06160934369321269,-0.7518595884277067,-0.11514024512510104,-0.050527625635625364,-0.6485370767510982,0.06264895563783618,1.0
-0.9169478118476937,0.052203812163783406,-0.6307274698747184,0.09030119332083014,0.022962507270238276,-0.5501165274021796,-0.13695874988271498,1.0
-0.9584404016431904,0.07007999844686036,-0.5698697902491154,-0.046336314929758204,0.03741102583252397,-0.5123209955481526,-0.14660478833157478,1.0
-0.8548293540015012,0.015255192970859754,-0.5973760079118768,-0.5026489805394307,0.09007649828853473,-0.6448472943000311,-0.05776606859040741,2.0
-0.9411226612536462,0.0652146547405554,-0.5984822612663296,0.01706594853080004,0.031061397251658036,-0.5230938565137755,-0.13935862021630638,1.0
-0.8923737111593649,0.032548386632644644,-0.6821903266968357,-0.02238217378523613,0.03963322959460698,-0.5807106859853447,-0.061474113007408335,1.0
-0.9747349300476672,0.03699877149324981,-0.4787388645372652,-0.36656667541221255,0.10378198009698152,-0.5307522727701299,-0.08528091595389474,2.0
-0.7360888415764113,0.04089322136461819,-0.7557032192704258,-0.12370173020624667,0.029144674790715322,-0.5510486869400038,-0.07899303877757274,0.0
-0.9665768777180809,0.03670844027067865,-0.5396024451817288,0.08684399255305902,0.06051132219222669,-0.5343841168935168,-0.10944874005488671,1.0
-0.9782924601755757,0.022198279813321887,-0.5151184470317292,0.054775466376515314,0.0731640838662765,-0.5336007509344716,-0.0873421933157105,1.0
-0.8824734711746713,0.08450423638851906,-0.5774431880592467,-0.8157223050203625,0.04560829107862612,-0.5304718162529348,-0.13507346049623198,2.0
-0.9553483487269665,0.06634341858244948,-0.5579594470659842,-0.050130262549151094,0.03690836425665901,-0.5198117979869147,-0.14382258870609083,0.0
-0.9602109571403293,0.03968980499597152,-0.5327347555629981,-0.007264824626527416,0.06079400412463438,-0.5310943686833812,-0.1104385677665023,0.0
-0.9617578049618438,-0.012817521334392547,-0.4535721256793377,-0.4091462297186864,0.13379970510511427,-0.5933352770708324,-0.0019037852568082742,2.0
-0.9842904109196857,0.030582399060331486,-0.4654510552912315,-0.35191460603675095,0.11207601718165397,-0.5323424775880641,-0.06476700174583291,2.0
-0.9384363873262638,0.08295426683080154,-0.6083830104406328,-0.23846199434791182,0.02845186044907145,-0.5455292967595375,-0.11813259759048123,0.0
-0.921869198631312,0.11086527711344968,-0.621050376825374,-0.20709068681899356,0.019486832615388805,-0.43324041340053665,-0.18702142598306243,0.0
-0.9211423172722685,0.03838622350295142,-0.6036755966752769,-0.04884922811745804,0.03593819886487225,-0.556877979639527,-0.08047858635085328,0.0
-0.9505494862594286,0.08613430770420136,-0.5768748338306238,-0.032129080697433726,0.017768472246997603,-0.49449843705004315,-0.18968035987759235,1.0
-0.9226421725707138,0.02105929378230612,-0.5759805140632939,0.06562163507810764,0.03458839193635872,-0.5320530232622752,-0.12933884013075464,1.0
-0.9590174770737837,0.051768782384573164,-0.5559821780866874,0.05676519380397932,0.0344139330976526,-0.5105675742999257,-0.14830630245836227,0.0
-0.664528938293005,-0.16685113801156495,-0.4215285721685952,-0.45703905532264816,0.02518065708495469,-0.4802375500312818,-0.26274302346088707,2.0
-0.9134093485641006,-0.03369274183048619,-0.5327631722832666,-0.06130619483470942,0.08471356082868436,-0.6079612677853654,-0.05707231313606684,0.0
-0.966030750857546,0.017317590504138898,-0.46565183803987403,-0.40214179608278733,0.1204475948184422,-0.5681125401067824,-0.045233537486283566,2.0
-0.8819920986763351,0.01141596100323914,-0.6480511946295412,-0.10254907276112048,0.07021323313467476,-0.6368136404404645,-0.05921293728136046,1.0
-0.9192004540823385,0.10448205801870464,-0.5595415478054248,-0.6995946943778226,0.05979095685523693,-0.5622724492639742,-0.11759825212962906,2.0
-0.7146799339817909,0.03657700661951999,-0.7372425826942457,0.026124663659756853,0.032720706797830304,-0.6106215152206391,-0.09310103257777314,1.0
-0.9628540547667102,0.027107446498383175,-0.5486785132440397,0.05270825033917664,0.055591971519120785,-0.538222492168543,-0.08942786458200565,1.0
-0.715780708745992,0.19355189027878583,-0.5510034541085087,-0.8143279018785108,0.005240942461094994,-0.5666303982297628,-0.30989030153129804,2.0
-0.918353812946223,0.10721319250694984,-0.5867539343312727,-0.23574020887437758,0.026922974748178424,-0.4941337567888495,-0.21192669510289874,0.0
-0.9416103224684225,0.08627020686830579,-0.6203981795457998,-0.06562228007482993,0.019240661868287504,-0.5287976390913237,-0.13716272390550713,0.0
-0.9683435046804214,0.03691462584152064,-0.46436363450509915,-0.3850315662990922,0.1161323636856526,-0.5513395790615184,-0.08125823924529105,2.0
-0.9597003214175879,0.06212804217543656,-0.562855157413589,-0.13289243434707915,0.051407869582452595,-0.5158591780883252,-0.11623416124515298,2.0
-0.907981147793242,0.0964787648962647,-0.5967051005759688,-0.5983762270496322,0.04425074350523929,-0.553083297093325,-0.12653978787597234,2.0
-0.9135860417664641,0.13336889294246795,-0.5864543368735303,-0.824046951446501,0.04231180557691798,-0.5482630494354812,-0.1335746032150912,2.0
-0.9535821424127777,0.05789270284552904,-0.5110746472896431,-0.5694055016084643,0.09673890417061205,-0.5608451435150515,-0.07849656932180088,2.0
-0.9512395818092398,0.07268383007925602,-0.539464968762317,-0.42241464352339675,0.06551113474115654,-0.5371074482137701,-0.1131045089746956,0.0
-0.975765914595883,0.012651042546050054,-0.4590912798210576,-0.447031346991118,0.11921372041204643,-0.5708232086168072,-0.02669176247180073,2.0
-0.8258183330963498,-0.05698159137183924,-0.6292533871709806,-0.2829304110608628,0.05959918893188517,-0.6693215240844655,0.016390858051886836,0.0
-0.977623986373331,0.03220005412141591,-0.4785987228132843,-0.1885347251832325,0.0952169105568546,-0.5301485727633685,-0.08601267183566338,0.0
-0.9841950065810874,0.009079174961437161,-0.4490560554525649,-0.3412781303370352,0.130072144045655,-0.5606000464869576,-0.020846012046319473,2.0
-0.9791636038607882,0.003693901666224235,-0.4924436648496062,0.11723248297788569,0.07713210063169271,-0.5346516075280651,-0.08918394642138175,1.0
-0.7840704762474904,0.07698913643468017,-0.685903168072873,-0.25048617342765,0.06283832458317115,-0.5950711184383395,-0.24231929918833897,0.0
-0.9311774946995706,0.06625765729523891,-0.5963904545047152,-0.12394840611898196,0.030613553044370193,-0.5414707969692277,-0.13654012114550995,0.0
-0.9853373744076589,0.025030609523346542,-0.4447990589548939,-0.389150542617567,0.13309342941553454,-0.5413909093611142,-0.05062430882502088,2.0
-0.7853227440519802,-0.07952303887054799,-0.6281708840187464,0.02398535990006348,0.06687664486943411,-0.6154293826843396,-0.10970073679305298,1.0
-0.9007071150081869,0.04684697754975227,-0.6541969960446138,-0.022125014556431816,0.013495614006622914,-0.5804835147713557,-0.07981803224453846,1.0
-0.9144171407133107,0.05324332004779063,-0.6181094417952888,-0.04547642734998078,0.013103405685787606,-0.5407988377253667,-0.12555205405332212,1.0
-0.8410141907602873,0.08725824494974946,-0.6155940430285012,-0.14432810899884108,-0.026522907034964613,-0.5627714389875047,-0.10347611480517549,1.0
-0.9329576327279437,0.1130557799781276,-0.5624747501058699,-0.7240137112278049,0.045888885264454476,-0.5166274097196922,-0.15312223225043284,2.0
-0.8229250176449381,-0.004497125119445174,-0.702403480098382,0.05233924928909822,0.04363337565259122,-0.6095335577369009,-0.09158730622217448,1.0
-0.9694853051751069,0.021358956870049402,-0.5206721869768928,0.1486246948718284,0.06903672504333253,-0.5322479199081036,-0.10654780703243218,1.0
-0.9169549033414739,0.06443819555136335,-0.6141006846032457,-0.5038211263521837,0.047646667911060696,-0.6157996108206346,-0.05365326081426764,2.0
-0.9227689270420386,0.017482962352635297,-0.5929635246812552,-0.039669120154959464,0.05359018933170295,-0.5862239471027724,-0.04409920360433089,0.0
-0.888207565642548,0.12229221490480414,-0.6114627856823507,-0.769173664613901,0.04234768679370174,-0.5522201466356752,-0.13762642922357016,2.0
-0.23198110247070802,0.7599927494857202,-0.6139320182118391,0.20844527013922565,0.511991166716021,-0.4098211890958526,0.5464008016205015,2.0
-0.9041642691317984,0.0910787620569015,-0.5830903918980336,-0.647461681682619,0.07362913212665535,-0.4984023782771672,-0.15279402061145955,2.0
-0.9509894766500507,0.05070110763704712,-0.5094966242132979,-0.4342581772105883,0.08472840101736437,-0.5415723532421831,-0.11329280126415792,2.0
-0.9617091844748348,0.021973993470557344,-0.5409754905662721,0.05600138619850298,0.05714871594683833,-0.531813293600688,-0.10239385380216436,1.0
-0.9793830938833047,0.02431206544889445,-0.4937735415897772,0.018831630210973754,0.07113327409641193,-0.5144737915434725,-0.11686312917560505,0.0
-0.9763163943627772,0.05505974443785246,-0.5199474215645763,0.026502641213698858,0.052136977643323784,-0.4945926917447666,-0.1457543131264407,0.0
-0.9783301481538053,0.03416839562749441,-0.49120942540854273,-0.31003480611552797,0.11018555989482512,-0.5261810489695347,-0.05613171869510683,2.0
-0.863955000858339,0.008060627687454323,-0.6416597375621943,-0.07045149181023597,0.07043227021114845,-0.6089327794658997,-0.10138759514526292,1.0
-0.7858367699973611,0.12531696151089505,-0.7571430100642043,-0.22468850676103846,-0.011080574854177322,-0.49676374196641754,-0.14869530799593014,1.0
-0.814895565640172,0.09600352705329504,-0.7005300593982762,-0.030439974255809077,0.02336906573505415,-0.4995875129317016,-0.10534480034042101,0.0
-0.5992949291288951,-0.06284131671100755,-0.7303633647030134,-0.13936224262114583,-0.04921460791364472,-0.5912864666127154,-0.009851451259244609,0.0
-0.7588681146428456,-0.08584016772201583,-0.6084609294713055,-0.14198383511142237,0.0843547575227135,-0.6497575183754598,-0.11069656435104913,0.0
-0.9233338202190705,0.0336364383878816,-0.5634660502216263,-0.28206128237884187,0.08232377143715462,-0.607660408171902,-0.048334501852965395,2.0
-0.9623334213211625,0.06103368071020545,-0.5625289252129723,0.048113065311439496,0.045443243108077805,-0.5173683841783037,-0.12916479937619138,1.0
-0.8933697908101347,-0.06579165996304193,-0.5185110261484817,-0.410018873764455,0.09941144036122049,-0.6435716077820518,0.039633605013941586,2.0
-0.9414057640565744,0.04302552399684377,-0.49382253141007415,-0.6420800259213267,0.08410317936303124,-0.5419569239094443,-0.09608026628241985,2.0
-0.9326669090009605,0.06457171793789082,-0.5890060826138642,0.05694421466006577,0.020981049485356562,-0.5082108283305451,-0.1508092983815924,1.0
-0.9455689295691646,0.01848643090640051,-0.5561319811303991,0.03653914350296003,0.0548668325965551,-0.5524083898217611,-0.08059078281112286,1.0
-0.9586567816366555,0.0761600703570754,-0.554515920785052,-0.07915692525628633,0.03954772188763654,-0.5005452892715907,-0.15465364976612256,0.0
-0.8205307025628528,-0.02821245211865818,-0.6196266515173573,-0.04144360010525963,0.0748456048616972,-0.6309316126319441,-0.11131699289738686,0.0
-0.9078096689906094,0.1032775556207709,-0.5851017583203433,-0.6189144021076889,0.0650133980834455,-0.46102553946800745,-0.1547396046701675,2.0
-0.9480154533303226,0.019415127787864615,-0.5396362758121205,-0.04657616912127746,0.06909565588990782,-0.5509818488703143,-0.10095253239654173,0.0
-0.9684400743055183,0.05235021353561882,-0.5416480973529648,0.04401344267761245,0.0498040096204264,-0.4949068706883013,-0.16131711581527525,1.0
-0.9158512309266695,0.000412579306896782,-0.5948059287308305,0.07112137700271731,0.032775162342160276,-0.5733973950311637,-0.0756206380423906,1.0
-0.9797247807603056,0.024079234005913632,-0.4725463424846486,-0.32756027028311707,0.11409211090839477,-0.5479719380681304,-0.059529617774931244,2.0
-0.907014354930239,0.0528060495065407,-0.6035320470998551,0.06831756340045847,0.019662160134086518,-0.5336772131370539,-0.18044008759688512,1.0
-0.8940752121430882,0.0026160114957703984,-0.5345714917458074,-0.660468380096785,0.0804427460017407,-0.6135582725171561,-0.022427510327628394,2.0
-0.8050532523425976,0.1388675188474082,-0.6648214811800712,-0.489791471852463,0.05776313441243712,-0.6293880242645988,-0.09965412465136432,2.0
-0.7822463438006318,0.027206781042037845,-0.695411926923395,-0.21259299854810826,0.01871057357094271,-0.647339896217713,-0.06539850494338603,0.0
-0.964210275771004,-0.014174504176315203,-0.4418315499227037,-0.3522595946723073,0.14293140830709852,-0.5855363360226723,-0.02220685003338227,2.0
-0.9757746179654533,0.016536924019745183,-0.5047460963709053,0.017316674301840806,0.08095153175890789,-0.5524018092849053,-0.07129190059271924,0.0
-0.9248833932341732,0.010523934786203976,-0.6026036708488249,0.03249566771093593,0.06285485090982088,-0.5940878184739002,-0.06777662712815744,1.0
-0.9908785435042246,0.0009657358323743523,-0.44474685097668903,0.02995022252334817,0.10328497380890792,-0.5346950288537744,-0.05607775635330006,0.0
-0.9931194265646061,0.0034122282058777972,-0.439297949794221,-0.015971583407656503,0.11618502353808233,-0.5283998152734655,-0.07250552184234912,0.0
-0.48414281839092926,-0.02344748006703984,-0.713917477316161,-0.06568886737510884,0.08045449178789627,-0.5415197074046161,-0.183022062738295,0.0
-0.9689796657072053,0.030475594281439082,-0.5082319846898161,-0.027022725995198088,0.07728633891390607,-0.5340371471746063,-0.09617494681425978,0.0
-0.9553562182036619,0.07682868706109008,-0.5680267015106454,0.01381774150773002,0.026844341425564598,-0.46169662905073283,-0.19384741262641342,1.0
-0.9515666622707893,-0.004459154363185475,-0.52619437617807,0.1539859135779063,0.07798222693001909,-0.559415784659264,-0.09343527398277075,1.0
-0.902019943881299,0.03494492118181153,-0.5949963400946722,-0.4903801885506676,0.08152514133533549,-0.6005155411808639,-0.03507059417907632,2.0
-0.7805444804086792,-0.016602020321044755,-0.7634946491153243,0.12628127973889802,0.07399782691156725,-0.6658079626969612,-0.06934833316191256,1.0
-0.9334017050919385,0.030712719179279604,-0.5421958788544632,-0.29060422479790643,0.09168163835539862,-0.5963701294452961,-0.05943789739737234,2.0
-0.806451224998693,-0.026203829677457685,-0.6936148221789563,-0.0725607301422149,0.057220137075358564,-0.6180640892098083,-0.053180046875231896,1.0
-0.9365350067690528,0.035041358013650194,-0.5763229171925687,0.1453724460311468,0.035008935553314316,-0.5259361115457643,-0.1398749384250958,1.0
-0.6421890877319927,0.004476419364848147,-0.7952611171658279,-0.003242807630643385,0.08900505745449955,-0.5593058039734594,0.017875747539775416,1.0
-0.9778294626576906,0.02411620779645415,-0.48534324518739047,0.023229063227265062,0.08076881132200714,-0.5134572173454511,-0.11622367438468928,1.0
-0.8529887995163338,0.029834267713884956,-0.614235193451925,-0.08970250643615164,0.04323086086387491,-0.5553202616249483,-0.1635532832361118,1.0
-0.864996468560101,0.0817150482702337,-0.6826148596750096,-0.5895929653966923,0.06667617274262033,-0.6505523048281847,-0.0295398281703117,2.0
-0.7803919909836623,0.05467159442776276,-0.7454426146133528,-0.13561863282172582,0.0033541201915121555,-0.5321405372554706,-0.013069292101710803,0.0
-0.7455015478875227,0.051880058941124664,-0.7509199914174509,-0.15634363088896067,0.015956501279975888,-0.5898934070228323,-0.15957478614881904,0.0
-0.9807441458180655,0.02497807434588041,-0.4911578285646292,-0.00995617766012899,0.07876318457435155,-0.5228062968257788,-0.09612038361662444,0.0
-0.6933971289794635,0.19156542851286493,-0.45895631859592134,-0.8407592181175141,-0.0009224463703810526,-0.5471384162996059,-0.30191189067189694,2.0
-0.6920684727023183,0.24380393150370122,-0.7478827650645552,-0.08445526868897603,0.07146537224486364,-0.5881980930478191,-0.1814183297585261,0.0
-0.9052657026103834,0.07622254053514971,-0.6500577720388108,0.005572593788649577,0.013134481558887058,-0.5391260902807852,-0.1500306309649777,1.0
-0.8656164618912734,0.021244864339163283,-0.6615860968404994,0.02765518558620292,0.04277257590664377,-0.5542541387561484,-0.10585736686217792,1.0
-0.8798933691940719,0.08016596475207927,-0.6728228413238528,-0.08011670989955688,0.00521942492868982,-0.5565776342547224,-0.14829456816856446,1.0
-0.8719274566318324,-0.01515792566990029,-0.589644525788417,-0.37996603998562684,0.08352477664846529,-0.6384709889958418,0.010786137695819847,2.0
-0.9070652072473845,0.047873391644461395,-0.6407223014408006,0.11385538141538909,0.041539897409229504,-0.5859115636889538,-0.11630013486997988,1.0
-0.7439943105747158,0.005372536151153719,-0.691770318559128,-0.11318573580933489,0.03444727690313737,-0.5688496820939632,-0.0947604477431464,0.0
-0.975966490776918,0.04256924837609408,-0.4888628364890398,-0.10672364351675877,0.07557927639158407,-0.5073139434617749,-0.13407301738296107,0.0
-0.8660018648819278,0.06492463493958378,-0.6376251368793163,-0.498046853546575,0.03685147383822819,-0.5625600925012892,-0.12879290875824306,2.0
-0.9879885567575164,0.027342062414631434,-0.4420733347383887,-0.3301145059083069,0.12309514903078568,-0.5455839740374587,-0.05470015142094496,2.0
-0.9528563825367986,0.05231476986207831,-0.5231096532015167,-0.3486657142775812,0.0792872658694945,-0.5588706384675939,-0.09348774312556334,2.0
-0.9294788563136192,0.09674231305150084,-0.5750637778794099,-0.361043433674504,0.03966168493923815,-0.5280272031825982,-0.15645411217148608,0.0
-0.9453189375943369,0.012414876651768193,-0.5237333857264455,-0.37099588702582786,0.12188753406846208,-0.5839564128246568,-0.017931670723176793,2.0
-0.9733145375213326,0.04470908484575763,-0.5147445968797424,-0.00568956481991037,0.06545083739034602,-0.5120053166522291,-0.1261121712575055,0.0
-0.9658572931579615,0.04679635321709391,-0.527417670725081,-0.08590606017095903,0.059563818364724345,-0.5307347742992619,-0.12161057004681233,0.0
-0.9868672650237448,-0.004585242922317281,-0.43852742268915873,-0.08396164467593704,0.11866728551032925,-0.5374849430295243,-0.060862696677681384,0.0
-0.8885421042380827,0.024531824406261393,-0.598930235125772,-0.45572129747582196,0.09203706316193634,-0.6236256025611759,-0.03734578350146189,2.0
-0.9394714697752078,0.03696426560366983,-0.5600879536606094,-0.08002985833784575,0.05240069118290845,-0.5503127287817778,-0.12823374832366988,0.0
-0.9460632390316078,0.08846484092722112,-0.5666003289889727,-0.5023627697287512,0.058795604813767284,-0.550168935851444,-0.11818108434154265,2.0
-0.6220726669482961,0.025501856857021273,-0.5677238989924265,-0.02112266332716356,-0.05327577881776603,-0.47861253619137367,-0.04374025064222588,1.0
-0.942705515854199,0.09893752774110369,-0.5727335187249835,-0.18340052426843406,0.024412821048515214,-0.5037802285611526,-0.17394832929242443,0.0
-0.760714420757297,-0.022962170908831223,-0.7575205536343175,0.012722362865532133,0.06779466971563865,-0.6527864542801746,-0.03497514442752331,1.0
-0.9769538588329324,0.03174810836095543,-0.5079275610977796,-0.0029097144698918276,0.07939261818597407,-0.526837723113566,-0.09244021516573253,0.0
-0.9452571229638493,0.03212674084669028,-0.5558454250744009,-0.08990499454413925,0.055752624366385714,-0.5611533330317462,-0.0762780101332935,0.0
-0.9567449310791817,-0.013799981437096792,-0.5031109706493596,0.10147730490222634,0.09289122206720657,-0.5664651119760286,-0.0718631577267718,0.0
-0.9190520901625934,0.11467480367536478,-0.6691894927812385,-0.07423226456395629,-0.0116950916772382,-0.515033766687431,-0.18069435150996158,1.0
-0.953454834831476,0.08818406704425646,-0.5701317516579284,0.008753630395686718,0.0207878099484076,-0.48535695898655506,-0.1876737911970339,0.0
-0.968762317702702,0.05489142711072101,-0.5250989957211871,0.04350237572297325,0.0458680009997643,-0.4972415142006745,-0.15744492925554238,0.0
-0.928153584019155,0.09857095201542795,-0.5653590522106228,-0.4868440436805609,0.0437451811302029,-0.5584957086303204,-0.13569071447674222,2.0
-0.7836722052151892,0.07750051485821674,-0.7365442279698284,-0.06816596198750963,0.021878687196367867,-0.5027892789876359,-0.10907355599832705,1.0
-0.8925830717040745,0.02221600758777958,-0.637261268545643,-0.12139471477023142,0.03165856764046815,-0.5690574101615838,-0.05089801298114222,0.0
-0.036328837576771855,-0.41968003524985975,-0.5551941498585189,0.1132223167375086,0.34778302834309377,-0.4739577781870444,-0.5131324168670628,1.0
-0.8898854920917477,0.09402090876416092,-0.6739637786468662,-0.09203668848007705,0.016821186751588717,-0.4854056103046793,-0.1664560788406891,1.0
-0.950823055391319,0.0003840019119568591,-0.5338214825494557,0.0373242353782936,0.07683908939826231,-0.5686042319106048,-0.052899695420285005,0.0
-0.954984219827764,0.06227336245295141,-0.5497440158099882,-0.025200957239748523,0.038712695399143536,-0.5156483755241857,-0.16487388091364485,1.0
-0.6281283395673783,0.08757122341180576,-0.7628300118192282,-0.38389119355768553,0.057699678175690314,-0.5046974048650424,-0.07479514793028336,2.0
-0.9460338000056108,0.055518722421529734,-0.5905605689119631,-0.002383137043280692,0.03907514560338772,-0.5425179715792513,-0.12330082545383171,1.0
-0.9593239299659533,0.02566845580703431,-0.5427377452554918,0.13287142472852653,0.06322764285705773,-0.537206982276029,-0.10970694283739635,1.0
-0.9705704020816758,0.06062049334307315,-0.5411656721439708,0.014701883759416917,0.04966579170567453,-0.5080837148738038,-0.13632585806533865,0.0
-0.8034782008654252,0.09322597255195289,-0.7242122874287987,0.021226890208092347,0.031150115016595068,-0.6218518730433332,-0.1401895968332162,0.0
-0.8767207488405965,0.086362156846092,-0.6872617641430119,-0.12998985082689526,0.00967562885766525,-0.5941456545960295,-0.09955962085583044,0.0
-0.9336308977520085,0.09657926643696059,-0.5620967114079536,-0.6691460017331707,0.06629293170171549,-0.5490374023922384,-0.11199945064507698,2.0
-0.9512018417509267,0.08842541087302833,-0.5741697698237176,-0.08394278194289553,0.024616502387542823,-0.5069663261559405,-0.16923294751791165,0.0
-0.9161656923881809,-0.02049512456550165,-0.5229274167271102,-0.33649840568518813,0.11138075656760082,-0.6276098902457536,0.004822548766308443,2.0
-0.9472298994582109,0.0743124324723633,-0.6030089074934267,0.01684543580044684,0.027156859774172135,-0.5179999225373784,-0.14849401506527143,1.0
-0.9207103753133901,0.03158315305646159,-0.6059785778124056,-0.05479457878337468,0.025124420660323075,-0.5613688348139911,-0.08585435851893929,1.0
-0.847061965046189,-0.03607930341312632,-0.6162311922861888,-0.03816527052403193,0.04509850795772234,-0.6168609895283513,-0.07108249276961835,0.0
-0.951527705123867,0.03656996008085948,-0.5267077920937812,-0.3414721472194687,0.09990256795233536,-0.5602521006811356,-0.06420179622530206,2.0
-0.8341072670104044,0.16389400107570376,-0.7109145482127129,-0.4746297390189666,-0.000674317685209043,-0.5873034399872226,-0.1780325979779943,0.0
-0.968903456745513,0.02690988480974718,-0.48559265237772314,-0.38207458099092995,0.11474851991001675,-0.5602008407499859,-0.048974181061383806,2.0
-0.9659283718657048,0.051099037404450674,-0.52415121104379,-0.014634882954138062,0.041846006705214926,-0.5044112102926223,-0.1543070092289244,0.0
-0.8399221819446476,-0.010270033415810405,-0.6708898937512354,-0.04728583465239142,0.00865590148171961,-0.6634251414755556,-0.020400578581776588,1.0
-0.44169935610610045,-0.19068576347539504,-0.7406185995087857,-0.16281091723804875,0.15033236890531185,-0.584982238987438,-0.14921232030477596,1.0
-0.9320151373912224,0.06149288420670016,-0.5959246027869588,0.022339954455748295,0.029593582487143257,-0.5176291136490453,-0.14829119365866672,0.0
-0.9760456719765483,-0.005774559223178578,-0.43547776197661303,-0.3545750119860702,0.13873254403168217,-0.5681113710827721,-0.026179378578298176,2.0
-0.9501160824246695,0.035611654999083635,-0.5868728912352181,0.15020014030578605,0.052969765647209836,-0.5498912793536227,-0.100380527728127,1.0
-0.92820518711727,0.05053590503029143,-0.6011672941955221,0.06327918848933212,0.026936302894680575,-0.530632659078873,-0.13553996954155106,0.0
-0.988413123030937,0.024253338973120455,-0.44172536091575565,-0.2516097153369027,0.11425222194064702,-0.5303123967194179,-0.07670341672815786,0.0
-0.9188156027788119,0.06944676789110858,-0.6265384002637912,-0.0052566949624048565,0.023371070768650963,-0.514961375893496,-0.155984763559189,1.0
-0.9258708005778811,0.011125958179486868,-0.5522248290470563,-0.36576138898208654,0.10435530278825504,-0.6085836066301944,-0.010609640120210331,2.0
-0.8720279364962071,0.1649568296776579,-0.6339760842296029,-0.6269865570501219,0.002488105288730974,-0.5340673591105718,-0.21812075012000096,0.0
-0.9023174062259947,0.13134638056898046,-0.6337028909644158,-0.23792574360292496,0.013637050992877743,-0.5110197929473946,-0.21466129032748055,0.0
-0.9879545851101831,0.023713749925551437,-0.448295396383522,-0.14961617442137287,0.09567335346031638,-0.5004817260542134,-0.12273756096714138,0.0
-0.9643038019635265,0.08341499752709788,-0.5242246935722122,-0.5047936285558252,0.0772121575881211,-0.5414766747895638,-0.10293339557219108,2.0
-0.8989641050772862,0.028390647160874274,-0.5437967171526804,-0.5813370042551991,0.08649087256500544,-0.6051673886471717,-0.07983999455121801,2.0
-0.9400430376956076,0.013852093079233775,-0.603880824668962,0.03606603694825167,0.05713240502003639,-0.5664952962990915,-0.04984947119526876,1.0
-0.9667158597007167,0.04748231697131789,-0.489918756011419,-0.49574690838337876,0.09581698954376601,-0.5398254915805193,-0.07702062348908503,2.0
-0.974142388104362,0.028126253224542732,-0.45662039212340777,-0.4170024216710714,0.11821235322941212,-0.5536630189882746,-0.05857444938410599,2.0
-0.7750262710746029,-0.06158531245540394,-0.6322801654186825,-0.0689164358437562,0.06629755118481072,-0.6442889289355215,-0.1088335816432986,0.0
-0.9548929480659815,0.05070737133634212,-0.5590230988535159,-0.038719877411229314,0.05415816144543746,-0.5261357978512089,-0.13175002733204652,1.0
-0.9202059731303227,0.07184394963861758,-0.6445992037594375,-0.1458366504501028,0.027261074218935047,-0.5440566848712061,-0.10784588934912373,0.0
-0.899296130906229,0.1251705035933201,-0.6231005696593597,-0.3542462283383837,0.01936524088674854,-0.5474998114679668,-0.1882445025310564,0.0
-0.9075750842176709,0.08406813296364038,-0.6320037171125452,-0.09893609494110465,0.020237854613305663,-0.5614410710876225,-0.1293036219960492,0.0
-0.9712915090481219,0.045119109472339665,-0.5222597389163369,0.0737615692338216,0.05974733147468627,-0.5326067720876583,-0.11708697920085437,0.0
-0.7689598809278879,0.20862748986954935,-0.6438542988990916,-0.5725567403591334,0.09648831099384261,-0.6424204362955168,-0.1075109953598571,2.0
-0.9039138623435359,0.05998530607551607,-0.6377872618102027,-0.11528458851663399,0.02652363466325495,-0.5708970596865732,-0.12423319328208442,0.0
-0.9591491724413113,0.033457640259909084,-0.5628015679448622,0.007738102264886637,0.06613460591611513,-0.5631659352827931,-0.05894141626179379,0.0
-0.9705620951276824,0.04715588905944093,-0.5452743531860017,0.0896504659885804,0.0527132315459817,-0.5091498610975537,-0.13726965003496627,1.0
-0.9280280947876669,0.06195857088577682,-0.5139946444930842,-0.7045197932483744,0.07253797726869174,-0.5396843738709909,-0.11119435556500387,2.0
-0.9028570227228316,0.040729498780786105,-0.601735250804476,-0.33241670106947735,0.06948085160346029,-0.5811080597458498,-0.04231775144606656,2.0
-0.9375505625783234,0.04342994609553166,-0.5843938423044669,0.10647907003018448,0.02463242448509926,-0.518851578204696,-0.148005064236364,1.0
-0.9601247422196706,0.05778810902353711,-0.5480255587757925,-0.017129935627611392,0.03870258952234745,-0.5055894334878551,-0.1488050291225454,1.0
-0.9228878231972527,0.0799321734769055,-0.6133021812447828,-0.5117131714357999,0.04631439658169956,-0.5699153000096175,-0.08269988146202442,2.0
-0.9410365151251332,0.08412671318156521,-0.6087171637029961,-0.051782904283100784,0.023389071335952853,-0.524234346507907,-0.14668002103975078,1.0
-0.9642110920308987,-0.008991182994416792,-0.44405994191515175,-0.407586073608323,0.12695244012037313,-0.5791338524527498,-0.022860588841152524,2.0
-0.8089356570750152,0.06100213725526685,-0.7444281942002023,-0.06808207225123197,0.05660946077599889,-0.5946002925331597,-0.11309573782395446,1.0
-0.9202892331055025,0.12661652963732575,-0.5899411237840657,-0.5682096053077297,0.04050413358466762,-0.49634598168035665,-0.1979060265432723,0.0
-0.8866510192652646,0.09065359956597692,-0.5773908649294196,-0.41665568074917725,0.0662702954273747,-0.5355932304092308,-0.2123863833343994,2.0
-0.9360211547328829,0.07113141512588943,-0.6219806310095156,0.0327807475664077,0.01926245549165092,-0.5350732523111031,-0.131194630198839,0.0
-0.9424305757778338,-0.0022952475146958765,-0.454953769141047,-0.5113659828280617,0.11389012286228781,-0.5755008211703512,-0.07447372012911342,2.0
-0.951662163133951,0.01995153724141052,-0.5474652048488522,-0.07107565541898411,0.06812118364451451,-0.5566578388534404,-0.0744199853187145,0.0
-0.9623344229950006,0.018977760104828288,-0.5141093041256105,0.027799478005693212,0.07002638324126047,-0.5346005057062269,-0.09793149956006655,1.0
-0.7328407316005908,0.035605775646744504,-0.7959859203819405,-0.15047869167541733,0.055613296862563506,-0.5697439408163514,-0.0657850026570217,1.0
-0.9574271803829966,0.04684302584718543,-0.5776969903132935,0.0026828159458277545,0.05352238866187552,-0.5312951114396383,-0.10725549804955362,1.0
-0.9569619853948333,0.0030152169655566496,-0.5345590069699238,0.14130997776438248,0.058720426959927984,-0.5472384737012793,-0.07762085682130841,1.0
-0.9257179736663206,0.07673567313063429,-0.6120640320759378,-0.14334765715190056,0.01784846698949287,-0.5560189643079397,-0.14614572548382784,1.0
-0.8233307120614134,0.043685979847778,-0.7302903280589468,-0.19045597319566024,0.010533426670952778,-0.6406769706329144,-0.033440865084942095,0.0
-0.9435406544148575,0.030820071033942097,-0.5058180837683076,-0.5036500582348837,0.10925841097727537,-0.5509767178881976,-0.07362972337054938,2.0
-0.9703828965514455,0.01641228936905756,-0.45902466580047696,-0.42669665260156076,0.11461963198229887,-0.5674559207365186,-0.03581863108579232,2.0
-0.8824267211500835,0.054536645771928446,-0.6440411615308473,-0.013507698470574148,0.024359208402644154,-0.6010987065356452,-0.12214464727100144,0.0
-0.9395470051580213,0.029548264761053683,-0.583367517847549,0.03228701066996634,0.06216927918644985,-0.5614288250062267,-0.0930272737288669,1.0
-0.2156283475533478,-0.32927255328284005,-0.5642004490711738,0.10508338296232228,0.2884463667276961,-0.4701742978701131,-0.48376823756511556,1.0
-0.9698184611441474,0.017982187018480148,-0.4573924057918711,-0.47004024208841916,0.12591134597999304,-0.5788949547526762,-0.023533023587389734,2.0
-0.9752388295991219,0.010487600803224306,-0.4946386229085808,0.030631465808025865,0.08261724353426726,-0.5353830608743525,-0.09154036514654539,0.0
-0.9021887226140018,0.008786828150690658,-0.5563008148966425,-0.3424966656184734,0.09109718189226065,-0.5957688995193905,-0.05882261970683019,2.0
-0.97503231402457,0.017271328119977097,-0.5140513257172086,0.11779727400129186,0.0779047456450177,-0.5405389131516509,-0.08135048585444794,0.0
-0.9481959237770863,0.05754571549895186,-0.576994774895199,-0.10218098678797956,0.05424889926130215,-0.5238871730448877,-0.12811253393089855,1.0
-0.9775726808286266,-0.002257333200485538,-0.45847853919771275,-0.1286663077398981,0.10745278949026713,-0.5336960090562478,-0.07570825276048139,0.0
-0.6874116225484103,-0.0017885652445674138,-0.7631572361757266,-0.1263595448500767,0.04605590321053061,-0.5898892432460061,-0.06909147815189227,1.0
-0.983192682941067,0.0018830635991279043,-0.46001146753059874,-0.05132464143057816,0.104108485705221,-0.5437746145493304,-0.06550307391984156,0.0
-0.925620155015273,0.07774133967557742,-0.540813279423814,-0.7005926243910459,0.06458363521734971,-0.5530647184098855,-0.10938086360788365,2.0
-0.9778494005802507,0.032247370083783575,-0.47405866905153643,-0.2920096395476986,0.11076661129666206,-0.5329177287962578,-0.06741133780665098,2.0
-0.560384071276304,0.44847454694133815,-0.35077367685856886,0.04392392393315406,0.04065738230781463,-0.7361345182080403,-0.3673774748301306,0.0
-0.9509331381714259,0.04589239774652292,-0.5686004079064396,0.033129149307147054,0.05075975980545117,-0.5429380478377785,-0.09736339876355234,1.0
-0.9617346336568711,0.07306541950117217,-0.5588950293681956,0.03573484880539565,0.026521946794646048,-0.49372404170012635,-0.175374559239391,0.0
-0.925902895489555,0.04270414136824598,-0.6093047680502804,-0.004733832770285856,0.046625114849817184,-0.5315138484834772,-0.11156418587945116,1.0
-0.9409894582361099,0.08728863615802468,-0.5550934165038576,-0.5944776297995789,0.06334129094280257,-0.5561216688540864,-0.09375676466230655,2.0
-0.7805321568931121,0.13015745817224822,-0.6575514409210863,-0.24878617594955083,-0.0042863787880757925,-0.5976027343178125,-0.18292416588635835,0.0
-0.9707025215121963,0.048661201933236864,-0.5268590094573472,-0.10816169039760262,0.05843057100737634,-0.5267410959555688,-0.11513538198164333,2.0
-0.8638907812105856,0.09292826860016865,-0.6470965684984648,-0.49462909213872397,0.007518484134154874,-0.5884723864644905,-0.11305747202703875,2.0
-0.9748420303493422,0.025785522912889245,-0.49166547512752723,-0.05550309400308939,0.07936308359590774,-0.5239718230613869,-0.12311312948204886,0.0
-0.3243635452765319,0.030057040027455087,-0.5326168892648956,-0.537499060905897,0.17151889130441866,-0.7523449087738835,-0.28420783193164717,2.0
-0.93925138201453,0.05584387615909803,-0.5800324583930125,-0.03361844992331278,0.03577407609995964,-0.5413500445729162,-0.12940845738700052,0.0
-0.9693703507885584,0.054566952879554306,-0.49662749362695985,-0.5177474355656265,0.10196393381929159,-0.548321388240863,-0.06134844865959029,2.0
-0.7588792083467671,0.006142346607094451,-0.663356551396112,-0.06304658633782279,-0.013427200780024684,-0.6443440018323126,-0.15131050153705322,0.0
-0.9479440510478614,0.08084329529708481,-0.5480808543018107,-0.5375274118293658,0.07215059035407434,-0.5360121602752165,-0.10780095828372656,2.0
-0.9734443655525447,0.004609576697429098,-0.45892994582531516,-0.05243306990209917,0.1039655669437563,-0.5204649882231928,-0.10405167709293982,0.0
-0.9652980684855396,0.026070306204136126,-0.4752051898929618,-0.5127023215189961,0.11790407937399963,-0.5452420669976834,-0.0556200574333045,2.0
-0.8888137900803351,-0.03680707648858768,-0.4914571940803614,-0.5926086406659645,0.1376679805402574,-0.6026262304879949,-0.02837463401811631,2.0
-0.8344002582166725,0.22486446775771238,-0.6520423659777081,-0.06517442344199087,0.004845137950497666,-0.47714801847108057,-0.23197710845340636,1.0
-0.5036356502969888,0.25267610888718073,-0.7040634435396789,-0.27243261362528925,0.08724966774193277,-0.5640154303597302,-0.17361341086655901,0.0
-0.8427106732584845,0.1804204995197458,-0.6971971952376681,0.037596277397624694,-0.0017322291603818069,-0.5014555853032983,-0.19020068089942227,1.0
-0.8276791052578764,0.1673044572067346,-0.6294801240421901,-0.8564330732549391,0.04636023772408816,-0.5017966856616201,-0.21046826178937875,2.0
-0.8179934884751735,0.062446494140554504,-0.7272028302042408,-0.14890948651850086,0.015007689434703403,-0.6017342653605948,-0.08330782455642227,0.0
-0.9305939693425057,0.027361858773909037,-0.5172919623344292,-0.50335979317303,0.11290933186583049,-0.5325876163642397,-0.09512762101222011,2.0
-0.7485076572316164,-0.014916359240391808,-0.7582986384568602,0.1198951692712979,0.05116669462795506,-0.6151070389456342,-0.07816574210473967,1.0
-0.7321947114604735,0.1570734379507291,-0.7987709914622023,-0.26324640449331355,0.06615620389611349,-0.5032530301588876,-0.09914819522054959,2.0
-0.9489717278074028,0.03318756779346923,-0.5697872360294073,-0.009536097264137094,0.06242882896403244,-0.5716578054250433,-0.08866520668678689,0.0
-0.9645893302827555,0.051412181956606406,-0.4853699322169607,-0.5656049086639316,0.10007958735097941,-0.5452807791800232,-0.06794726985203847,2.0
-0.34713466114349045,0.294200027220395,-0.5354652871385746,0.6395383575883983,0.5024735290567968,-0.8935994422541492,-0.5807700851708637,0.0
-0.9769314380310842,0.020252231495240983,-0.5012677056936562,0.08296097571264888,0.07674586319567189,-0.5192200696833629,-0.10680670457475133,1.0
-0.7739977374612832,0.2579260092997644,-0.6956994667335165,-0.4137501343449572,-0.015029494806159269,-0.4672466241856311,-0.06791975298398183,0.0
-0.9699973051533611,0.04019758886830079,-0.5048352940674032,-0.16426597980300672,0.08020240309412874,-0.548663995700306,-0.08171453399143902,0.0
-0.9067129448374164,0.08966595463615049,-0.6259765667874144,-0.30328948878337475,0.021649143975285973,-0.5704418597015539,-0.11765398168457504,0.0
-0.9167184211456543,0.15409887839550973,-0.5998113017740817,-0.7671435301141428,0.01907685916857274,-0.5230891378095774,-0.1657163878538089,2.0
-0.8398456793417389,0.1645895860788097,-0.6237384130614761,-0.7648950517830146,0.02648386819929712,-0.4726368813171113,-0.21331190510636733,2.0
-0.9506143601426896,0.04913783712090378,-0.4949489858958095,-0.5706736725776129,0.08992298823564795,-0.5445874182627766,-0.0866944582912543,2.0
-0.9603667379003036,0.0522069876726855,-0.5487471450801251,0.01830476321775787,0.052498327108293344,-0.5350915172033395,-0.13764671228484465,1.0
-0.972474999347933,0.003908305033618616,-0.4600473376788361,-0.30187855511064965,0.13578625909417408,-0.5791956440402102,-0.020139124450797394,2.0
-0.8771930455809728,0.134823800513057,-0.594815215931186,-0.7455251689880523,0.05080873995639555,-0.5138022009172216,-0.16634997878771984,2.0
-0.9650927640241349,0.0345446337244176,-0.4992773191798093,-0.1582243646331604,0.07046137116401899,-0.5114187775759312,-0.11317903626209486,0.0
-0.9199174179426193,0.03424744164155793,-0.5968871738826037,-0.07092513981631002,0.06450575308878521,-0.5713315498974284,-0.1019267783438263,1.0
-0.8997736986233885,0.0486762683285325,-0.6394326442370718,-0.15587150765117544,0.04510402315890516,-0.5244119014399637,-0.09041976981727058,1.0
-0.9208952610638834,0.10323609236458225,-0.5671468251844761,-0.6670427953192959,0.04235497980637162,-0.5341840693201398,-0.1403709486814346,2.0
-0.9364806308158643,0.04641535206885984,-0.5802026877669916,-0.2655007540113066,0.058172496878399205,-0.5723649957818661,-0.08173775989679578,0.0
-0.9599207303727662,0.044794997690685893,-0.5389719202205007,-0.061299121918252736,0.05684622846472109,-0.5252662117813158,-0.12210488475912555,0.0
-0.8934041011774837,0.14346745674390396,-0.6158322969626033,-0.6589111856991793,0.028412866355136776,-0.5439691120265939,-0.14711024616225546,2.0
-0.9791474337338145,0.021207173100418746,-0.45284726575959994,-0.3732290820962185,0.12357461107356993,-0.5600721928328042,-0.045096577997352054,2.0
-0.9409661532278504,0.03262363733589745,-0.5637937428873718,0.0775224109465627,0.03778311646851468,-0.5365985879985564,-0.12750012808030053,1.0
-0.9735418542369442,0.04040010854715379,-0.4714340183069518,-0.3777225047212409,0.11025672622796265,-0.5347925554409844,-0.08005237605803371,2.0
-0.9614083405790175,-0.013573118368994275,-0.46463666099114054,-0.3869781593910969,0.1521321428508693,-0.5896012065240518,0.006056056933149256,2.0
-0.7984842543189506,-0.015597327313544532,-0.5971880957078115,-0.6710652181199885,0.053446783220304155,-0.5693602502653029,-0.07597728000991716,2.0
-0.931642398390245,0.05903467008701664,-0.6013450580558004,-0.042646455070898065,0.03841020004124801,-0.551186365838956,-0.1146728610205153,1.0
-0.9544735122964971,0.03298832081770928,-0.5412701105669093,0.06375366314633041,0.04866920690057857,-0.5386809483387878,-0.10632433847648134,0.0
-0.9121945157969696,0.1505516104460225,-0.6301398605158368,-0.2584646812344074,-0.001885587999476232,-0.4836402933587209,-0.24201781839626477,0.0
-0.8811559229883954,0.11579514959959852,-0.7002626388651303,-0.1204792755447415,-0.005540983446007716,-0.5142241572309134,-0.16502850087436544,1.0
-0.5395911592608511,-0.08612716512972493,-0.7008349788219804,-0.1355228697900311,0.14172146081374554,-0.6207195788160752,-0.2778595693899378,1.0
-0.616570697323191,0.3366801901255965,-0.6441511169458635,-0.2624191952139759,0.02577279396158573,-0.5504664834774482,-0.10444165326375798,0.0
-0.9284652115417689,0.026438952612728484,-0.5668098908944561,-0.036788049505422804,0.05718824492218659,-0.5759154641795263,-0.051148996318621,0.0
-0.9410966248481694,0.07554097357356225,-0.6038218046954111,0.02445007908728067,0.02320480515466912,-0.4897297730463218,-0.1521507971432003,1.0
-0.8698144638344809,0.12559480574507276,-0.6537882074786716,-0.12530811029781055,-0.009282337975197605,-0.5435753226688176,-0.1640877873544203,1.0
-0.9425226037958003,-0.010820308080418783,-0.518972351508222,0.018288079226297466,0.0627280596056558,-0.5507255467660683,-0.06719903232541616,0.0
-0.9512678172573668,0.04221869374158295,-0.5657234550661294,-0.03715417778420246,0.0457088361890431,-0.544897162446115,-0.09345173465149317,1.0
-0.010024397020124032,-0.42447286224234176,-0.3253715098666977,-0.34439979777100527,-0.23469138785792315,-0.1826325238492002,-0.049763956360943495,1.0
-0.9251939664777614,0.04968659056475743,-0.5643738876887249,-0.4593286168842696,0.07564856489111206,-0.5794492217233498,-0.0770554407133602,2.0
-0.9614669165273806,0.03408703862418601,-0.5439897577207568,0.059637912886345734,0.0554456492294272,-0.5378025486992192,-0.09855930124597324,1.0
-0.9226934546005853,0.088850633139128,-0.6133219454823468,-0.25931748230676177,0.02614537889646091,-0.5499779721181485,-0.14722195692526183,0.0
-0.8601309584219854,-0.007312920678440242,-0.5855234216912747,-0.4730724270684332,0.07096284956691798,-0.6441657702758682,-0.030562314069007182,2.0
-0.9575836719653659,0.05946523832771619,-0.5704766787365899,0.044361887119572424,0.03334215583798709,-0.5171993770388896,-0.13711095699277875,1.0
-0.959810705415306,-0.003825275077304534,-0.46616380357327725,-0.35955296534689773,0.13706818241562838,-0.5899340908302168,-0.024282058189523836,2.0
-0.6006448593941294,0.5648412621139479,-0.4402199965992726,0.5427759324021415,0.11442115032819142,-0.7701879726120836,-0.03454488796263136,0.0
-0.9027802075752317,-0.020980207780579893,-0.579889344264935,-0.06637978176191031,0.07344182445377806,-0.6214864603482425,-0.02284765129381812,0.0
-0.9438412404696314,0.034538962239163626,-0.5403829400897511,-0.3310986290400152,0.07674669757665625,-0.5632917341265921,-0.046118533694312465,2.0
-0.9710623638427429,0.05179318476450734,-0.5241139487136409,0.05354435102917782,0.04619490962592204,-0.48715347788373037,-0.15223107102796418,1.0
-0.9257051085549889,0.06284209453273253,-0.5220987210365647,-0.6955860367758846,0.06790605199882704,-0.5509191528108429,-0.10184198143178515,2.0
-0.9438002121752068,0.006819579831879884,-0.5536443687880409,0.16036200797815375,0.07591997535976383,-0.5725460534387684,-0.10054206655552882,1.0
-0.9188358473446236,0.05702107478823772,-0.569620198923704,-0.04397805667326174,0.026011913168852006,-0.5498853294491179,-0.09841978373221359,0.0
-0.9600468755418033,0.05498900376961694,-0.517145275039494,-0.5551512108896715,0.09552412002639074,-0.570061677266664,-0.06288980537805514,2.0
-0.6913939259836854,0.32462114873683323,-0.5260236255775862,-1.0,-0.020342000876572924,-0.4404606920742262,-0.28349294079869325,2.0
-0.9609385589653956,0.05734728416405102,-0.5406999254240024,-0.00994388662543863,0.04347484045498,-0.5075703514933249,-0.1457793567024735,1.0
-0.8906378349446942,0.05827067790251941,-0.6327065667844023,-0.41037367828382276,0.05470075261210831,-0.6059334370951165,-0.0592353814449757,2.0
-0.9636963176314618,0.025302930839694437,-0.5245335686934754,0.116017180475461,0.0669010724927245,-0.5349087512978178,-0.10586531078244892,1.0
-0.951658156254173,0.07067587900727944,-0.5622422980434957,-0.00334480793838704,0.025483454599781248,-0.49597716322468427,-0.17499575457670322,1.0
-0.9648513327167465,0.0338979448681752,-0.5388570184008827,0.06540928699303328,0.0527192404239356,-0.5250287224524144,-0.10436357737410398,1.0
-0.9607270853167853,0.046171184946106614,-0.5324213833852508,-0.3421646415291202,0.0774616741831432,-0.5602325247344065,-0.0738193506817157,0.0
-0.7372782274826,0.04092805953628136,-0.5808317356788206,-0.765326075364001,0.1495077079782291,-0.5036775814931213,-0.25577933502052264,2.0
-0.974152014565928,0.03775430152496515,-0.5029976408074989,0.016618345750778613,0.07392134644758863,-0.5108766098807417,-0.12499961680153654,0.0
-0.7934410560431471,0.003368286243609575,-0.6343291572532057,0.07901567021365513,0.07401793644764901,-0.5243418254055431,-0.20637591644552367,1.0
-0.9842029947613127,0.03239558336797834,-0.49064104139937226,0.05833934043519007,0.07648986858063847,-0.5191367304253838,-0.11947733624334271,0.0
-0.5592294334163391,0.08322014970934696,-0.7523586154807205,-0.6777510197161233,0.12943828197896,-0.5368633551357902,0.043366097122693875,2.0
-0.8672783110555099,0.034689584284107344,-0.6921496445368712,-0.03908520562340903,0.023988143589602044,-0.6171098600498354,-0.06410492280031307,1.0
-0.9542318683299437,0.02396195345515624,-0.5354853150197756,-0.26070236143749215,0.09348547633623921,-0.5691689635874454,-0.03386410648371392,2.0
-0.7244369866644489,-0.08593668412242775,-0.7224816112169822,0.23235284809378798,0.13487546296484365,-0.6703272071363242,-0.1255422439954529,1.0
-0.9305657672219666,0.07893774296002906,-0.618137814638943,-0.12096455015338342,0.03104691543910822,-0.5530670033594295,-0.12447528446795444,0.0
-0.9041505140667868,0.03008382378007409,-0.5660805370696168,-0.2187606776095894,0.06441709803796879,-0.5840864300823653,-0.1469806983081637,0.0
-0.9323110889184575,0.0941765078457158,-0.5508803744666413,-0.4903816107830524,0.06015283004575888,-0.5442131396845419,-0.1607524543903548,2.0
-0.9366427925869072,0.036826957325269416,-0.5421934676205289,-0.42185118378232556,0.09414843723754765,-0.5781144921558155,-0.07730661084605045,2.0
-0.9609197632330904,-0.0007997786974627136,-0.46066862744438,-0.3784394945664459,0.14232068495066263,-0.5730574501272138,-0.03413194989806563,2.0
-0.8557154358923678,0.15693880171250613,-0.6718662793557464,-0.01700849556220238,0.023676075606846425,-0.4593755694210573,-0.20028617835024012,0.0
-0.5274133847277831,-0.29384532834419175,-0.5772249888513146,-0.1172463731863974,0.0681803454575682,-0.7202209759503327,0.0037252771503024085,0.0
-0.7150966002424479,-0.14294762734576638,-0.6240407476709214,0.04891934746248855,0.05004720255704656,-0.6253722411907192,-0.15985680602580965,1.0
-0.9742575306698311,0.03595499471918403,-0.509122737327219,0.06991970930284935,0.06471400328082903,-0.5116031887645547,-0.11545328701586768,1.0
-0.9462214812197769,0.010844808806020546,-0.49745705883986113,-0.4619100050963335,0.12419792491669994,-0.5793872030453058,-0.04838894612080825,2.0
-0.9745268207406086,0.0030790251109897235,-0.48683814081041504,-0.09542780532334358,0.10664436859550916,-0.5686281106226821,-0.0341295417466721,0.0
-0.8847411644682408,0.09330362846731989,-0.6199976914799726,-0.48821784193934764,0.03443063020598565,-0.5752330599305577,-0.13253571394176994,0.0
-0.7117358493650752,0.08936994993477151,-0.7931836476640576,-0.1129664595542106,-0.0009359692274628698,-0.5874035953848807,-0.004509501936278623,0.0
-0.9287861831950228,0.06715935203171916,-0.5638347548169316,-0.5001931288081296,0.0842148316820171,-0.549029942676365,-0.09374830026726648,2.0
-0.9721176784210402,0.05672776335304893,-0.4959824454717966,-0.38140479377568903,0.09985107822594076,-0.5443899405419007,-0.08275660065379217,2.0
-0.9416678177311841,0.1102691573962963,-0.5453370790444801,-0.6809775779422423,0.0632534852345242,-0.5142320366374455,-0.14369963051899345,2.0
-0.9486039428077867,0.05836157387190688,-0.5822793543328374,-0.06092952099746152,0.04304363498965193,-0.5509149648721866,-0.11077395267241583,0.0
-0.9348578648608787,0.03907472056134386,-0.586030463268572,-0.018251441044453615,0.044046689217699865,-0.5358947392187188,-0.11882531649711751,1.0
-0.9160675074353707,0.04539784260392745,-0.6211306564845259,-0.06719047931054598,0.011599026290820817,-0.572200128711319,-0.1066600339695682,1.0
-0.8643549147184175,-0.043699355474291296,-0.5644590567130772,-0.37233214552889926,0.09321967209266957,-0.6537247677936345,0.04231392972863163,2.0
-0.9460254085920994,0.059474890932608784,-0.534883842725062,-0.61294457193539,0.08517623855513093,-0.5611678410113796,-0.07032142572087671,2.0
-0.9608944884598096,-0.04054478188315952,-0.4883595660533163,0.0704496602911388,0.11575530959924113,-0.5856247137369731,-0.004779104743091844,1.0
-0.9672435264078874,0.017188003477238183,-0.4808803724548011,-0.2526108829842019,0.09999875304890882,-0.5528396763153118,-0.07153616114501961,2.0
-0.8931983444514668,0.005638619682732174,-0.5967148130494686,0.031161350082484884,0.03337510155064869,-0.5747148831539789,-0.1475747541701872,0.0
-0.9837985474215241,0.03287583329968109,-0.4565671390972973,-0.3405248047366549,0.11696666892456914,-0.5450291389864096,-0.06212050590704048,2.0
-0.8592347890249001,0.04966406714315382,-0.6661872466305462,-0.5580111514832659,0.07000055236020977,-0.6416654488068173,-0.035421709654414005,2.0
-0.9642143453587021,0.020566633308011152,-0.47782635377655347,-0.426096954694418,0.10254848907473715,-0.5489541973926029,-0.0714290190482002,2.0
-0.8630011623926085,0.0338885006159545,-0.6159401012524051,-0.556264090747425,0.06223789608731232,-0.6389309354964678,-0.04048517947044803,2.0
-0.9376983282241307,-0.00915669332544318,-0.5095117647068305,-0.43205892670490603,0.12139469302458605,-0.6066423621578556,0.006014651676512994,2.0
-0.9308689752677913,0.01810920648961758,-0.49581815201493745,-0.48655641396284965,0.08763679423150299,-0.5608856285317025,-0.0785679891774157,2.0
-0.9433140526189561,0.05470671763632226,-0.5099401748974948,-0.6847087859583862,0.08946135917231504,-0.547857627028279,-0.0665129710427293,2.0
-0.9579275658287505,-0.018097641867413097,-0.457369603231637,-0.36020081604304466,0.15402105199064905,-0.5914960448843929,0.0013200284381450211,2.0
-0.8718769343851634,0.02304531127595986,-0.6573350302708547,-0.3013121896720096,0.04102865233909528,-0.6332550039878677,-0.05145461025999962,0.0
-0.8686149476566486,0.05137665707283898,-0.6850436726898277,0.11523667340356669,0.013829750459379453,-0.5718924632459215,-0.11181566007363819,1.0
-0.775849175327807,-0.011725768823564076,-0.7323538378855741,0.0050611025675238175,0.05691734568790212,-0.6026318170544269,-0.06866683608711376,1.0
-0.9492022950850835,-0.022440026827849305,-0.5038830146742402,-0.05776289704004989,0.09826672183274923,-0.5739701558305124,-0.03757814933025054,0.0
-0.8490429138571212,0.025988366428584334,-0.6862464659441981,-0.06914489817975714,0.0394762355497687,-0.5540656393893982,-0.09060059205344471,1.0
-0.9211420153080425,0.08771741516514635,-0.573220439314081,-0.5863983449590209,0.0643827024241676,-0.5615069720686239,-0.12515975349797295,2.0
-0.9702355561396527,0.04125257896705124,-0.513024169716825,-0.11452422112220742,0.07020282369560434,-0.5190056504666493,-0.12225351211535988,0.0
-0.28883932243907773,0.4133246488134146,-0.3458242678081688,0.9495462244888221,0.36373868244269125,-0.7873690348656904,-0.30983779886268803,0.0
-0.9456157185928695,0.027644442197625175,-0.5080373730509729,-0.3556102718496568,0.1042040978478648,-0.5511955150495287,-0.0935260792908237,2.0
-0.759433643596872,0.1242575555715501,-0.7182739803872145,0.06207266674363621,0.02942742397002506,-0.5343671104902843,-0.12163829312997786,1.0
-0.9541480734257776,0.03411397249678461,-0.5552022228495105,0.03470071225847157,0.054792612776139574,-0.5446604548246405,-0.09575917532495405,0.0
-0.5539513982705184,-0.17180160298796804,-0.589253128249693,-0.16616146527031755,0.23814907116779174,-0.6928927715319081,-0.4115051279976479,0.0
-0.9434646452210206,0.00025830552021238046,-0.5252686792088634,-0.2600598492869093,0.10287154242414917,-0.611947503695538,-0.02111769187808661,0.0
-0.7189251507429008,0.18705187222692884,-0.8541812868348312,-0.19696555099977406,0.052149211985928694,-0.37053575223455903,-0.018379150532727456,1.0
-0.9023394239523326,0.14682637067407317,-0.6521609381473987,-0.1554246805383538,-0.007800755261029899,-0.459776468266336,-0.21054818579647994,0.0
-0.9683087022762564,0.004167907026343891,-0.4973930553021371,-0.05754944716999885,0.08803163901588681,-0.5414574162580376,-0.0716486501165401,0.0
-0.9090250083297053,0.052584322588803425,-0.599035807039731,-0.4834979015430453,0.0682643315989754,-0.6179793997134146,-0.05334955719811978,2.0
-0.9762539761057037,0.03169725329097316,-0.4927963491708911,-0.270642118555582,0.10881826622972707,-0.5625149364634459,-0.038069333494804444,2.0
-0.8659372147330267,0.008793029386302782,-0.6607902791834412,0.1074275414499336,0.030643353389368654,-0.6016494300210538,-0.10259431116899288,1.0
-0.9734294876895695,0.02326705512164912,-0.4957387807080464,0.01619511344932273,0.07544894130290075,-0.5289694618808816,-0.09608153880890086,1.0
-0.8976070828607603,-0.015638443233235468,-0.5554956854794337,0.08107744469646017,0.06416594276898521,-0.5828303858863725,-0.07711832977815529,0.0
-0.9658687289241105,0.028854809029220108,-0.4756949880457604,-0.511088239608493,0.12059279817010349,-0.5557999787639669,-0.05808443897575189,2.0
-0.954398632409668,0.05992133091054712,-0.564402236812945,-0.011560101219890623,0.04431057376773116,-0.521881277172872,-0.14421674020150452,1.0
-0.9477894254633213,0.07067544762084292,-0.5183593806224748,-0.6988747477159072,0.09066837858873256,-0.5546821985750687,-0.08664121348604392,2.0
-0.9156337513195112,0.055662305013381236,-0.6135941813750221,-0.08877690077140037,0.02295055330529016,-0.5797240649170949,-0.11343233421623006,0.0
-0.9717353040948947,-0.018326715022766615,-0.4624892964584463,0.06757063683290537,0.10403669328270163,-0.5603840715140058,-0.05319930387697748,0.0
-0.9714797331964542,0.024882464633807142,-0.5108092250405567,0.01646433230860997,0.07386866320213924,-0.5308592437607699,-0.09673970418371836,0.0
-0.9821355423998467,0.036133254032856596,-0.4646314635799101,-0.5154765889310299,0.11427373619356246,-0.5382367521228514,-0.05492376376616379,2.0
-0.9674648428050202,-0.023541374073740837,-0.4855729235409553,0.12817481435703326,0.08607969430390151,-0.553227480271486,-0.053138006085610284,0.0
-0.9176616988073616,0.08282388705739359,-0.6303319701277935,-0.062032358320316366,0.019567782400503622,-0.5293569192363492,-0.1521129595195981,1.0
-0.962198697372658,0.058082763258336584,-0.5260272614907695,0.023966238929183564,0.04519984695835785,-0.5048991736442644,-0.15449893386426644,1.0
0.612887559436463,0.9468852488429308,0.8273264395615059,0.8286757481457213,-0.4469581407936949,-0.4638531020355525,0.43205620609479745,2.0
-0.9631108937505323,0.03233491573503301,-0.5576703160906591,0.06310335323328892,0.06230130779386329,-0.5332734781846512,-0.11067473201528016,1.0
-0.7902243544271641,0.020211594479179192,-0.7262056292311403,0.0634637175413435,0.04533139744710851,-0.5093288485184345,-0.10015397857963688,1.0
-0.9668489264677521,-0.0011487014835159515,-0.4490270953140839,-0.36346529557477536,0.1400086048616199,-0.5821093968552319,-0.019328077626271326,2.0
-0.8792909213569754,0.05854792443927173,-0.6852182723620857,-0.010072144778138004,0.023053608749402023,-0.5228996236676742,-0.11977969965748966,1.0
-0.958731996807006,0.05603052215814113,-0.5716092883600367,-0.05140340957080511,0.04579556896250213,-0.5217993724477937,-0.11214712782635683,1.0
-0.8479132582094795,0.08078839238394472,-0.7058555897955614,-0.27837455099323866,0.02590872173182971,-0.5003700455887652,-0.10913936962975272,2.0
-0.983155454028823,-0.010504729146309975,-0.4375260112499487,-0.3479433583455661,0.14873983951645572,-0.5833039886504531,0.020927578196838922,2.0
-0.9463919945760152,-0.012260821784682768,-0.5305537271424593,0.12310338055237019,0.07317641583634651,-0.5702745594490831,-0.05111089271096397,0.0
-0.9073294467908274,0.05291209054738462,-0.5680294798058314,-0.6297143086975158,0.0529197990910729,-0.5841303322437885,-0.06661487572501018,2.0
-0.8466079208309556,0.02283269433851939,-0.6392353347048716,-0.01442422098612206,0.028245771254275888,-0.5754812991130133,-0.14997721379051263,0.0
-0.9297080242262739,0.1227009983033169,-0.5692308458665852,-0.7637437917360579,0.04789720140809774,-0.5383808076625991,-0.13584943119652956,2.0
-0.98287729763484,0.021235337000931394,-0.45583227266588683,-0.3595676337750453,0.12533468120688673,-0.5552543194195709,-0.041216988392254884,2.0
-0.6826210883213849,0.42485515807772056,-0.6170529411452716,0.11307847224625883,0.2450305978647974,-0.7254841570857901,-0.28251931895664684,2.0
-0.8433786476199607,0.04523850194924009,-0.7443197941975636,-0.3030653659052396,0.004973798353833957,-0.6098455541269961,-0.017440202800236795,2.0
-0.8805806627106042,0.030540278225859096,-0.6343572191247846,-0.013636696038157203,0.020595831462384154,-0.5701398640845616,-0.11489205820985356,0.0
-0.9611378027967449,0.05615779516235551,-0.5610296816693974,0.04848902967920399,0.03409339241457841,-0.5054172415587832,-0.14831323334916802,1.0
-0.8447411770000379,0.17659636609217003,-0.68363281901927,-0.0856172557780615,0.02722913224004727,-0.530978253640129,-0.19509484162239982,1.0
-0.9744215102709487,0.03210724982384391,-0.4811146110983438,-0.44072316567468706,0.12266831753732299,-0.5849449001006348,-0.01840012374155263,2.0
-0.39996152816840397,-0.3252416595357046,-0.4961581730423261,-0.7894951868093172,-0.04637089591024564,-0.5979909862805933,0.1279541357956981,2.0
-0.8686029580852785,0.176432027156643,-0.6509198553073867,-0.7252032855018712,0.01629500945270184,-0.4869357870478874,-0.2096510675254393,2.0
-0.9160632398592731,0.06681645024821449,-0.6094942414160268,-0.42778858475663967,0.05957116131835335,-0.575311400624583,-0.07575028656855606,2.0
-0.9394275159901069,0.061697640745092874,-0.5474054189590767,-0.5075518947766546,0.07037683746611213,-0.573252478414816,-0.08469362066698072,2.0
-0.9129412085540637,0.09997087682239499,-0.6301686538627423,-0.21496831334059793,0.02528024317053789,-0.49574477041927645,-0.14793905706575,0.0
-0.9658951210215355,0.03638401623442116,-0.5539999518232388,0.10080309371478391,0.05572446618150698,-0.5320643182887551,-0.10623350641010208,1.0
-0.858236074108926,0.0406859819286636,-0.6662419028002255,0.008477285706395832,0.035884234113752925,-0.5811064578142847,-0.13517947588734186,1.0
-0.8497469731121752,0.006020512938731952,-0.6501463433346701,-0.0754972530888405,0.050412969126457194,-0.5958855982429679,-0.021746179928746542,0.0
-0.9808386141027132,0.02150099891207598,-0.478844617805011,-0.15067341844175863,0.0993863722129167,-0.5357032315805841,-0.07183694907195282,0.0
-0.9325579468365393,0.058516037571610856,-0.5584726986893709,-0.5116048318885194,0.06827240013397044,-0.5696376996147652,-0.07889556769344891,2.0
-0.9689190220591519,-0.011659637202459404,-0.4883025745864211,0.10561959498847773,0.08374513107833312,-0.5533673396746639,-0.059544805662691026,0.0
-0.9605846028460503,0.044284857512228895,-0.5508163306486519,0.0024691529194609263,0.052639064188354644,-0.529498556965208,-0.11053829229259556,1.0
-0.8462564889790567,0.1463437624362229,-0.7131633074656938,-0.1721264962639779,0.03012541522545996,-0.4927265244773167,-0.13520739022117248,1.0
-0.8628259299775409,-0.03752705583730308,-0.5263775242381796,-0.4213753827279027,0.10145103107402414,-0.5930842792437705,-0.029062130196932864,2.0
-0.9534860401713985,-0.013893477222946607,-0.5065439366153959,-0.023658638444020413,0.10134231894229492,-0.571128128818206,-0.03087220445014517,0.0
-0.8122202686104041,0.1310100683258283,-0.6689938098222131,-0.3699931778301523,-0.0024795742089811224,-0.550161131990316,-0.1933412275118745,0.0
-0.8501326958164784,0.14556548912053316,-0.6077883766299423,-0.8127447828033282,0.06395389766507609,-0.48194564808215085,-0.21259264861372995,2.0
-0.9267469981748924,0.024192828299688218,-0.5466649098577945,0.09001674809346288,0.044800380770577915,-0.539640654564441,-0.13280323750292547,1.0
-0.5321609108474108,0.07508538024737164,-0.9954243809268881,-0.2837925625989701,0.20728801542820402,-0.3408306980280158,0.18632690244899203,0.0
-0.9495770771797034,0.00810297938607206,-0.5264906890442971,-0.11172548452181058,0.07646977383303323,-0.5786858638320647,-0.05024711508270452,0.0
-0.9730331939567571,0.033876916263681424,-0.5300730424191764,0.0455107712375058,0.05894750198169866,-0.5311276185083013,-0.08620022513765295,0.0
-0.878175653650674,0.018454097867604945,-0.6562143170991573,-0.06763956845752386,0.05540886427299266,-0.6091017399928668,-0.06630615530017017,1.0
-0.7960945584187189,0.059623544009271334,-0.6401859613406904,-0.6324995049837928,0.05415462639297483,-0.6239964341200521,-0.1005497996114518,2.0
-0.8054257135014524,0.14509687747626784,-0.6744881967113278,-0.009550086265915053,0.05284660970472368,-0.572976125908845,-0.26840264169763345,1.0
-0.45398441808933415,-0.045304317050339854,-0.7125348067201107,-0.21365732345245608,0.01109108501914411,-0.5316354402381465,-0.1872235731382765,1.0
-0.8170935751402315,0.2595270273952136,-0.6267756093901335,0.009174213136709047,-0.0008695599794517755,-0.6071447323607535,-0.13719411099606857,0.0
-0.9796338700770282,0.02230861277685097,-0.4648755093815526,-0.3302220194891321,0.11329138662593355,-0.5619793486501944,-0.03454759930170445,2.0
-0.7521887679438193,-0.14503311283529022,-0.46656655810875824,-0.15355242737948338,0.10217740459803767,-0.5293343377240125,-0.17558635006346246,1.0
-0.6365798077148124,0.028324724551640496,-0.7344686719707949,-0.7657092857907711,0.04018400756253318,-0.5959333223450385,-0.043885730160858116,2.0
-0.32851495104972006,-0.34274783395305075,-0.7255902112144638,0.07275251787321163,0.24775404957066782,-0.6479353135480109,-0.07725020563300625,1.0
-0.9540168886319317,0.029601848216089875,-0.5625788742223501,0.09590585721979078,0.042820079044307555,-0.5440291292271984,-0.11131893703467968,1.0
-0.9867543920723381,0.008160902738150497,-0.4610735269057939,0.15123007470955208,0.09355076938701745,-0.5248001199908146,-0.09012761565277579,0.0
-0.9207555473454304,-0.012765079258764647,-0.4984761655489726,-0.5302526901722671,0.11294130235891281,-0.5987618272667109,0.0006975676140467124,2.0
-0.9601630813921471,0.021075249341654063,-0.49517447252957364,-0.39352580538520654,0.10165600125030516,-0.5764804927186834,-0.033975991046542045,2.0
-0.9059993695887709,0.04963598325113086,-0.6266207630681848,-0.06928652740362631,0.03647820716848012,-0.5694338298869263,-0.09573169144552007,0.0
-0.7788495919346602,-0.0459963014905229,-0.6202525764965869,-0.2569920618606028,0.05915564428683284,-0.6371081619749539,-0.0825130318013737,0.0
-0.9326800871593693,0.1006653035710507,-0.5719704308399117,-0.2732647833760915,0.023138936175149297,-0.47848157894699006,-0.21391074677081662,0.0
-0.9747744990199741,0.01878540310184985,-0.5101317252699902,0.06833255076217126,0.07435118963687466,-0.5425775119761205,-0.06783813495776543,1.0
-0.9718111178330238,0.020675562251433535,-0.4841197930121085,-0.3535517344078196,0.12146043369779877,-0.5896625515580812,-0.005185495885005761,2.0
-0.9152292401783882,0.1463189996128495,-0.612369622109986,-0.7488318331125686,0.025337695702125386,-0.5354820490878364,-0.1605107702250252,2.0
-0.9355965307542216,0.037130829429199985,-0.5311101053648599,-0.4040165814133173,0.07504298511146598,-0.5762723623490975,-0.0795453041926969,0.0
-0.9519801065343733,0.0553958415924435,-0.5218189899510839,-0.5182623648089617,0.08581276950084314,-0.5330949642193019,-0.11781888325262603,2.0
-0.9439651412804606,0.023709092539426505,-0.5561102790223186,0.10359971375006088,0.043235406610031626,-0.5494955773360483,-0.10109394038401529,0.0
-0.9668278130385517,0.0276272420764738,-0.5411166648054028,0.08709114061473977,0.060075406944606474,-0.5364221740902159,-0.10465083293237919,1.0
-0.9592602563186567,0.006185865165591949,-0.49835977796928593,0.05438051993781284,0.0833934376713057,-0.5362449001841185,-0.11318035394657922,1.0
-0.9272054288655731,0.07923842341798276,-0.6265694704692616,-0.06185230198518249,0.021985525543421695,-0.5140448462649951,-0.1471873306956734,1.0
-0.9221811987396223,0.09574435081242255,-0.5723847111536444,-0.47822877215603565,0.03166353062928302,-0.5395069710156914,-0.16381348111628452,2.0
-0.8151483154881606,0.08475386813402505,-0.6872366103855245,-0.1484843727054948,0.008922268802675042,-0.5557718591689942,-0.17494805121888077,1.0
-0.700840932065942,0.059261753873661574,-0.7301058919096043,-0.21108800062570587,0.03174845607744661,-0.5987820591661868,-0.1636577090339431,0.0
-0.8386450033100652,0.13091337337800762,-0.6354291799720028,-0.6622373614502612,0.03319050674814808,-0.5481070391970942,-0.16682736035565404,2.0
-0.9409278854565132,0.10667803282895064,-0.5319012739884967,-0.7639242936701907,0.06435207081525517,-0.5300231437074192,-0.1215288858848875,2.0
-0.9636461246051953,0.01237812123352184,-0.4880473529283306,-0.36459682995793746,0.11929815829073655,-0.5802666448558741,-0.023734885142093,2.0
-0.7956523508614258,0.10376821655350567,-0.7579245112553553,-0.14537270699550564,-0.0017121264905460565,-0.48529310460095687,-0.09646143118698261,1.0
-0.8897715921230458,0.07719123978373094,-0.5978229442667765,-0.4843378463570274,0.09070487426668668,-0.47121128919342303,-0.1384161577812997,2.0
-0.8873204386904776,0.01010103087959989,-0.6013252381632117,-0.5368472833044323,0.051951782754706244,-0.6389863835769738,-0.002110592602557873,2.0
-0.972197856360077,0.01601700258792049,-0.4708854109126745,-0.3138277999827317,0.10960651016459214,-0.5546397850622685,-0.0717542448159002,2.0
-0.9847569111760711,0.044072831425141255,-0.4755868301819718,-0.2826492381997119,0.10332823082809894,-0.5104107692185249,-0.09111506109971718,2.0
-0.8359590388811379,0.1506519773314163,-0.7140112244464774,-0.12816219528693787,0.00794831453205113,-0.5028270710273184,-0.18542655294535804,0.0
-0.9175850293480181,0.019930875931487197,-0.6378748878366527,0.03217777594324209,0.04264921483711259,-0.5976123635695776,-0.04628499628496366,1.0
-0.9139040721630517,0.11797809110934619,-0.6071759049344934,-0.11907996990312267,0.024477789134343224,-0.5284111148456342,-0.21999452309700646,0.0
-0.9566920036148724,0.03875254064914071,-0.4803818392039234,-0.6391066811205994,0.10188404926870262,-0.5498972970124328,-0.06680820961028466,2.0
-0.9885739828245034,0.02308699077989328,-0.45799119864302723,0.04392253501247753,0.0842624857052749,-0.5023801204918497,-0.12689666332056704,0.0
-0.9677269721543087,0.03760921164744175,-0.547948971648672,0.0526964229261368,0.05852291564182272,-0.5297906315676455,-0.10131569336687286,1.0
-0.9397880801427387,0.05005366238364751,-0.5162877665253548,-0.4535406796635885,0.0799967286627864,-0.5642662473173026,-0.0909468158692016,2.0
-0.9446725409315991,0.03582115032556827,-0.5185482447839732,-0.06840920321627961,0.05366254719394893,-0.5245351025573599,-0.15232294187005826,0.0
-0.9035193046575622,0.10809464145741438,-0.6505679319945902,-0.16243174496934487,0.003928046203006567,-0.5365140472593785,-0.13995325458228028,0.0
-0.9279639866359358,0.07981931012302634,-0.6373220085997044,0.029972107467038572,0.011918783994803575,-0.534095291371311,-0.15436444738614943,1.0
-0.9533049018605482,0.08880197762045039,-0.49993976047493277,-0.7182631174728898,0.0785740631245011,-0.5098484694682586,-0.13975774615481346,2.0
-0.8631473698890362,-0.011009620859628116,-0.585984943126601,-0.12133919736261498,0.05135763401168298,-0.6409709633032343,-0.08690752518933942,0.0
-0.9437255170383279,0.0866238469201375,-0.596148947293907,0.02250823305318872,0.01366188431828947,-0.4943015852753041,-0.18259692700921834,1.0
-0.650829521269823,-0.07445061088648519,-0.5966224498395614,-0.5209713428301663,0.1573827362335518,-0.6339518022032963,-0.14133177574115302,2.0
-0.9721576611897915,-3.868234492249156e-06,-0.5053961139589274,0.032410549547674056,0.09002617806655157,-0.5565045160442813,-0.043169120680323504,0.0
-0.9717049317686416,0.054165883462774324,-0.5368847399162546,0.023718310811755794,0.05116795127470295,-0.5115976004505062,-0.13166971026204713,0.0
-0.90310565340081,0.028573685055726362,-0.5346306037970812,-0.7020200069839106,0.0882082271719059,-0.5746087808896989,-0.06510637706743373,2.0
-0.980232148107446,0.030270803461368265,-0.47036733682130494,-0.16128827992568193,0.09891049026991647,-0.5273315728355866,-0.09240472010350553,0.0
-0.9817160773852163,0.025106408844780128,-0.4905941097978079,0.09128251946209992,0.07145938322806983,-0.5086590384284216,-0.12781636412210712,1.0
-0.9634553605062313,0.03545087690026198,-0.5394220947786001,-0.15712452792016693,0.07213889500066571,-0.5474921805432953,-0.05839816646398218,2.0
-0.455665389174002,-0.2401999811066864,-0.5286800644918475,-0.811477210697606,0.13919238758287644,-0.5489743346395187,-0.16897035436137414,2.0
-0.8936721845129371,0.02364850414275494,-0.6476253394148354,-0.11801789365518822,0.042480705676850083,-0.5919958254336322,-0.03411248085204678,0.0
-0.9882374780673011,0.021918004312384838,-0.4510419409361658,-0.28942253629200154,0.12211008574561355,-0.5275325475661594,-0.06288011073144276,2.0
-0.8507987081524215,0.013765759868370538,-0.6582073926046621,0.009280156141784957,0.0536727406545739,-0.5890662312214378,-0.11671000081741442,0.0
-0.8401922245185953,0.16966041248919567,-0.6921919959856517,-0.404069452221265,-0.04010154662485474,-0.3762425381769657,-0.15622434438961036,0.0
-0.872079869571324,0.07720562353640091,-0.6471691104869306,-0.4722442708377031,0.015221866875266048,-0.60593691560936,-0.08530014594026135,2.0
-0.7770895720488628,0.08708471177592825,-0.7121532048581022,-0.040062230134682436,-0.0011482510954845676,-0.5791873653619033,-0.04493078678915529,0.0
-0.9697039951767086,0.009401523843423333,-0.5128288389100217,-0.07924222054582988,0.09373192517687777,-0.5659938435084905,-0.04030542593325082,0.0
-0.9656836741036898,0.045192356507579995,-0.5603070209029973,0.12371863714168008,0.045680052705778365,-0.5443220631053907,-0.10840850530003274,1.0
-0.8826104167388511,0.06237443759821005,-0.6652511477663412,-0.1614726588745461,0.023360221186839794,-0.5850704738051722,-0.10899568997367372,1.0
-0.8727804963465144,0.07904402772904692,-0.6529594867125927,-0.25979645218943903,0.024323648676247485,-0.6120059832915329,-0.12409515390095473,0.0
-0.9524148517688129,0.05233123846099358,-0.5513100538087768,0.04589932053328097,0.048320979190658205,-0.5214845568916376,-0.14877823066009363,1.0
-0.9459144475906245,0.0015141151299657082,-0.5254927075656236,0.04477618530742977,0.05989282153895644,-0.5545045046206608,-0.08128610179300415,0.0
-0.7896920013429736,0.24174304006736433,-0.5828027379270189,-0.9372399689872596,0.025617336018188677,-0.44269179001127196,-0.28507914049263705,2.0
-0.9495602510208665,0.07517198003515746,-0.5932590257346989,-0.009362941070715808,0.031367320411717386,-0.5329807094846092,-0.13823780364557237,1.0
-0.9740780394681636,0.032449027625252286,-0.47868193578758883,-0.3511683892542762,0.11230251295009237,-0.5128750163375234,-0.08826520738755789,2.0
-0.904139596426582,0.12927261685081304,-0.6238783356334755,-0.36015377465439435,0.006920871264318083,-0.5525551831304288,-0.1713592353950809,0.0
-0.8928599242537164,-0.02383983897472286,-0.5982119174380104,0.11513370066715589,0.055303838178976925,-0.5776470707002861,-0.08150083651513347,1.0
-0.8428311440961687,0.08288250414328596,-0.7056535456850318,-0.2844379270977961,0.0149151195908645,-0.4751306505753155,-0.07715899082757632,0.0
-0.8993500449506228,0.09475431850062406,-0.5725030438234593,-0.8466042188993391,0.07197644214848586,-0.5772567770738145,-0.09507603025821872,2.0
0.5075266557166113,0.6229487329258908,0.482599024652447,0.17075147628004,-0.2785784298347182,-0.5257819395223229,0.12889618818563864,2.0
-0.9489687405682468,0.07327314097847953,-0.5419582656520275,-0.4096167998757136,0.07614468809742939,-0.4968043654839236,-0.15616028917182045,2.0
-0.9464279338043401,0.020833872712919446,-0.5672770166228023,0.11017077197001607,0.05275076388863891,-0.5588521056568277,-0.09948855552406907,1.0
-0.9566011374623846,0.04363308854610281,-0.5084546990419999,-0.5480971854845318,0.09387047203907378,-0.5619859557363842,-0.04997959776644034,2.0
-0.8575734923584186,0.035826400876107875,-0.6644334659693892,0.023425587788655722,0.01153757261883008,-0.5704052556806168,-0.10477237511270239,1.0
-0.7641922834640746,0.07321215314979915,-0.7549716038440997,-0.004485004238227397,0.015565293226599546,-0.5626272498208734,-0.10039363022113881,1.0
-0.9531811111326256,0.012031128092989965,-0.5573632296087327,0.04173640126380218,0.08118524610513574,-0.572245453903611,-0.03551660401939119,0.0
-0.9633176480947225,0.011088278887788974,-0.5401263520514316,0.06605459912336314,0.06684916773767381,-0.548937742764846,-0.07833398695958067,1.0
-0.8023306112771178,0.14223032897616378,-0.6716760584022711,-0.6544229458698922,-0.016972897741408963,-0.5165821183354549,-0.17455126393411807,2.0
-0.932109397728286,0.0033136994098022163,-0.5419119270722323,-0.0018637581958484695,0.06146180207521613,-0.5728370276086453,-0.0961558900007149,0.0
-0.9805885730277694,0.028869195985212547,-0.4751332259102408,-0.370855613590212,0.11767334215156308,-0.5696157481176826,-0.028563138404518393,2.0
-0.9475509915190172,0.08445047833883138,-0.5955235254675347,-0.05893084456722897,0.025561182363476334,-0.5201595010330474,-0.159376631327431,1.0
-0.9827829602911629,0.009962713563753896,-0.47837865330913354,0.11367481665824658,0.08976544245857346,-0.5266964265017897,-0.089521964331635,1.0
-0.9458718030744163,0.07045557214031627,-0.5831056879180213,-0.15839550859311674,0.04292311027348185,-0.5299999046797677,-0.1260657138012749,0.0
-0.7107071631533253,-0.11156446978899343,-0.569477103027232,-0.2775993626342017,0.19078149912707223,-0.7410055014836179,-0.04529016365709923,2.0
-0.9575654406162152,0.048295009180053625,-0.556364737356926,-0.11572060957330776,0.0560194942762126,-0.5387277924937981,-0.09273139768422348,2.0
-0.7066842989344557,0.10585218962694473,-0.6141510028499251,-0.8517005373504425,0.05522534195507114,-0.5678329224241261,-0.24843319933564548,2.0
-0.974059076050215,0.056592183016254176,-0.49113019754885656,-0.3867264590159296,0.09108496515459268,-0.5208425071209383,-0.10639508353105823,2.0
-0.8875083408526689,0.055861057840909376,-0.6293183763935543,-0.5614248094610312,0.05503413480093677,-0.599637797397657,-0.05825662233843469,2.0
-0.9189798702703285,0.062382591409112204,-0.5937656160885478,-0.504954579075108,0.05293242050828841,-0.5982264270027244,-0.06724646384146815,2.0
-0.940784360822198,0.03894649665428737,-0.5754379776244171,-0.05507086906302336,0.04007941547745682,-0.5294976939216492,-0.10237307155013531,1.0
-0.22019899288499267,0.5350718130004106,-0.17331912296091745,0.10537621834375377,-0.2704021313136766,-0.6261708145806797,0.6983335771053718,2.0
-0.9021503304037088,-0.010461692084512725,-0.5559795150937502,-0.1613306305881907,0.09309166786521865,-0.6055954854568412,-0.08201150150629052,0.0
-0.685604461772629,-0.12242073891101271,-0.5487051758043225,-0.2058783493052497,0.07675245049246511,-0.6500207986095181,-0.23115043287074274,0.0
-0.9385155307253019,0.044156594672946,-0.5969836094158019,-0.05973723989630289,0.038690278501161156,-0.56405785068455,-0.09772331547650634,0.0
-0.9702994951100941,0.07276964503630155,-0.5378873037410935,0.03775319992221504,0.03589795868942183,-0.480495908961739,-0.19189597614275006,0.0
-0.5569972696395373,-0.2493545920720856,-0.5120870769290823,-0.0661676401967701,-0.15432082086814536,-0.5498637440702581,-0.022823633903174254,1.0
-0.9771247713657433,0.025828965775794535,-0.46482991620710223,-0.42655956916249826,0.12139854631788394,-0.5455439267517609,-0.04853981626767836,2.0
-0.8467327503570573,-0.0029594107342365422,-0.5914774607549763,-0.6336323095614651,0.06195139287859733,-0.6409413185447668,-0.02511324750379111,2.0
-0.822520895736406,0.017006459586434042,-0.6497881893280613,-0.09166054035454994,0.043586213454095454,-0.5773004369072642,-0.14141650187166874,1.0
-0.9441633394874993,0.05513060878090921,-0.5436116652378584,-0.18779361386855994,0.056386305270576184,-0.5420378166191229,-0.13018921454844662,0.0
-0.7659963502072621,-0.016214379231225817,-0.6417115814891191,-0.11651984233690074,0.012731026426494756,-0.6128316798727144,-0.09150761525191681,0.0
-0.9862379285660978,0.01463101151014988,-0.4507969337235008,-0.2789150240163818,0.11660849263488543,-0.5338001118737707,-0.05937998603816129,2.0
-0.8279623728442858,-0.01990226682827602,-0.6660650912589836,-0.009292059010612336,0.034546395118428025,-0.6438537926873049,-0.06181836452672128,0.0
-0.7702393620408982,0.13709967352416047,-0.6264258686521519,-0.5162984992490508,0.07247313681896683,-0.6050226355602181,-0.11182816301375256,2.0
-0.9482160335800873,0.04150767987536004,-0.5189893418169857,-0.4827650905064044,0.08779613499015904,-0.5647979394819633,-0.08560403865427207,2.0
-0.8961396510910508,-0.013434719224592655,-0.5638242697998341,0.08076931654039071,0.06529358570313182,-0.5792336787224005,-0.07803455868143447,0.0
-0.5323430405160896,-0.10567936038085674,-0.5556165435082706,0.036050699867712366,0.022078431884800527,-0.5545124660492828,-0.10475482411596217,1.0
-0.9038676586539529,0.0710422085047807,-0.6226344098506293,0.007815204354390232,0.0009947720953738179,-0.5413643313302965,-0.11698520357202537,0.0
-0.9087538678550497,0.06413308189745377,-0.592245891615121,-0.27139415329280875,0.048300387163658386,-0.5629280005632115,-0.13652647608146035,0.0
-0.9677979899373015,0.02847701292772827,-0.520167334257002,-0.03397635642190597,0.0768714515658082,-0.5413837904694911,-0.1026966810953931,0.0
-0.9163269619700124,0.04026298775518099,-0.6375419404193543,0.0598811986290434,0.03289135777129004,-0.5624839280319116,-0.10438765612278751,1.0
-0.8584823770522367,0.1173513738010402,-0.7042350819300499,-0.07337448368043939,0.008922576525282139,-0.5610398596345249,-0.153601797510449,1.0
-0.9269009000468055,0.06452028184041915,-0.531511976510735,-0.702108002176898,0.07283470607497113,-0.5656693761203616,-0.08337678205127068,2.0
-0.758114278483597,-0.07042007496613506,-0.6375230198128581,0.008891587249126864,0.0628279475395812,-0.5994037026970818,-0.130870835847742,1.0
-0.8830342122929833,0.11292087150730624,-0.6932532479112493,-0.19036701895635547,-0.0037907840131795045,-0.5364170397205047,-0.14181263728964547,0.0
-0.9651855634692029,0.05484009272109077,-0.5492703124894909,-0.09439122082936582,0.057858865091718996,-0.5332969766576541,-0.1110384332873597,1.0
-0.9350216377505403,0.06158481111393012,-0.5983633105713279,0.07985481179043147,0.03400398017468746,-0.5390508324088894,-0.13925924065305154,1.0
-0.9504251153630348,0.041138292305256736,-0.5604418596632381,-0.02383881936927082,0.04528302171702051,-0.5312072412159039,-0.10648635936867828,1.0
-0.7467886790768594,0.03604980601876101,-0.7173104665960118,-0.26204912543155684,0.011525705312899773,-0.659462955192573,-0.06789848023225299,0.0
-0.9275113130965849,0.10869946303751638,-0.5528726328753816,-0.6685155520353611,0.05379392310021756,-0.554014018035465,-0.1366327507134525,2.0
-0.984486430883022,0.011880611400336985,-0.4463889322877277,-0.32893340038413577,0.12470065638369068,-0.5520397353721104,-0.0342591528105534,2.0
-0.9408217642441986,0.08279557394240822,-0.5361508959213659,-0.5272467101475529,0.07163105978549116,-0.5311152022055398,-0.14279507053737048,2.0
-0.7822082947941732,0.06680684731912127,-0.6340216707861627,-0.17704467275784908,0.04787698249510582,-0.4866722057105197,-0.2416441288864203,1.0
-0.8871373349877681,-0.011761694987522199,-0.6291066427887443,0.09815790561532173,0.06948429354903231,-0.5173247230142479,-0.051518028141558064,1.0
-0.9398548934621209,0.06463857541585408,-0.5929418786917832,-0.005803886258625518,0.022487779024708353,-0.5334709057420948,-0.13823344035274399,1.0
-0.9345124054651905,0.014692163386011668,-0.5054616386767159,-0.38619507254896457,0.11570198693249048,-0.5480969051828544,-0.07850906428368049,2.0
-0.893866089553875,0.18327215284318057,-0.6308513473360943,-0.6181268086548368,5.3353199625516545e-06,-0.47718158409274225,-0.2453776774173362,0.0
-0.9734776878794321,0.00257702319741631,-0.48874664121392153,0.11493746641168917,0.08564558408634748,-0.5290965769685807,-0.08279687437362097,1.0
-0.9716456920454585,0.017674457215660536,-0.49141658572471825,-0.0949222181339162,0.09251642501906529,-0.5507370723608386,-0.07777457339906771,0.0
-0.9684566791504962,0.018520275454413,-0.4857182336408046,-0.3287509043498358,0.11353176981677995,-0.5755049477421734,-0.022719240915108616,2.0
-0.8784414358216674,0.14627096628368613,-0.6618224973081538,-0.45294192767859187,0.017595260428766253,-0.42223942044568946,-0.19721586831112203,0.0
-0.9720684409806134,0.03379953804425835,-0.5267152455642574,-0.011653114554297406,0.06862386162682185,-0.544482444305698,-0.08212701999690655,0.0
-0.9221278692703055,0.033125721409004626,-0.6211081100377147,-0.015771053149525788,0.03427886400629072,-0.5800738089484803,-0.0677818178650684,1.0
-0.9799046357225242,0.031461815011175634,-0.5106466459435022,0.060157971458492276,0.06731390773646188,-0.503063804837279,-0.13533887613413467,1.0
-0.9483963534702293,0.015352993757697941,-0.5470660573696636,0.07440833420595488,0.06904729399788154,-0.5470752386285502,-0.09270293359461709,1.0
-0.2847142995851334,-0.14897630653404617,-0.5697054250410418,-0.7143891854029015,0.1276135151344784,-0.5497516740158839,-0.32196828412499345,2.0
-0.9473911491703662,0.07699402917259567,-0.5653512561144444,-0.461477165241464,0.06367781059017523,-0.5444701257467734,-0.10690926702058305,2.0
-0.9624593685658873,0.035074276373708344,-0.4874845887370909,-0.44858083387395536,0.10444223618770263,-0.5605152588932629,-0.07338498312117656,2.0
-0.9537553538185236,0.05303506041547473,-0.5687094207659266,0.021883658526218236,0.050565105499604926,-0.5461688259022257,-0.11163629222843362,1.0
-0.9636266145012633,0.040261858123547364,-0.5283819190284862,-0.07199159402716995,0.07784426458807484,-0.5270188208902269,-0.1057324223520718,1.0
-0.8043775003904613,0.16627086958775714,-0.6976670106630656,-0.36793847438714194,0.05472058261476858,-0.4844592167848957,-0.002905319144368576,2.0
-0.7929561910136184,0.1883206761244848,-0.6421842814641895,-0.9488542319848484,0.023809365317533783,-0.48086395880821897,-0.24956649580983262,2.0
-0.9910957424041709,-0.010984417887712511,-0.44479490444250314,-0.02446195458780087,0.12036968463478998,-0.5494823764991643,-0.03332895697550586,0.0
-0.9756803278850184,0.027944129965043186,-0.4707705591104144,-0.4000705215445748,0.11934069774785891,-0.5634315866168106,-0.044921927407733174,2.0
-0.9813144204366618,0.027243454826665327,-0.5003705551119407,0.052187968854944644,0.07237514978856838,-0.5168341015604819,-0.0998841235716587,0.0
-0.9806509660575471,0.024216518397306663,-0.45305363850217767,-0.3183020806364506,0.11739968486288446,-0.5494428744206201,-0.06319409908985739,2.0
-0.9363915330844303,0.11233550302677295,-0.5635605616924168,-0.1016666047154224,0.012402835327378327,-0.49240533938561243,-0.22109924063295455,1.0
-0.9549171731416414,0.0349003850998809,-0.5281337963069682,-0.17474259096959602,0.06727930456322485,-0.5386430978212514,-0.10002687946154795,0.0
-0.9371839360847294,0.13402283865070522,-0.6093129896314035,-0.1762450011218219,0.0037933304174123522,-0.48953068761449975,-0.23711736332328087,0.0
-0.9628502940572753,0.022113446173871,-0.5156777968489217,-0.20056326880243436,0.08644469377768409,-0.5561374310395161,-0.06507648177984313,0.0
-0.9613827446078149,1.3661407562426398e-06,-0.5251940808887489,0.0684428962861236,0.07074802462771988,-0.5604247231943186,-0.06776569459604201,1.0
-0.9580264357024313,0.03580765700448694,-0.5455739778080896,0.06852516832511146,0.04942748161304446,-0.5108259270631103,-0.1317857532122767,1.0
-0.9588103358404851,0.05442305113130882,-0.548946817204028,-0.10475431294900597,0.05308650908700032,-0.5219964604202627,-0.1402177702121805,1.0
-0.9648303599361374,0.04067481363741051,-0.4762153650794205,-0.5081544581889545,0.09994190437957197,-0.5469135814322221,-0.07995648762036062,2.0
-0.9406458433326248,0.06753214481967727,-0.5916615231225674,-0.04707837304741383,0.039862610457439246,-0.5235323620581891,-0.15903172878651833,1.0
-0.9561623104127699,-0.0024606763747573174,-0.533834727432292,0.13534275405531032,0.0692019101741809,-0.5642157086885052,-0.06589369714804136,0.0
-0.9726315727625428,0.015121425337891813,-0.45293393628951406,-0.4259019663492092,0.12878675851975477,-0.5704873440943147,-0.043819505469655684,2.0
-0.9119079269327349,0.017654375659556118,-0.5872139676883096,0.00509409634404101,0.03172365656491122,-0.5453860823197734,-0.11943845141942784,1.0
-0.9436026472342189,0.038417436553868665,-0.5829675254119941,0.0590025417061974,0.04862707574133403,-0.5659471439650097,-0.09888697694106935,1.0
-0.8648005697230057,0.10125708072504744,-0.6823308052621109,-0.38785181584751394,0.004228894808231479,-0.5939694773456401,-0.12335780329158547,0.0
-0.9581333589656309,0.04612565879497514,-0.5145037997109344,-0.4455932076883855,0.09226059168391762,-0.5608418155786445,-0.061002989619854495,2.0
-0.9483961888499076,0.03665080633876954,-0.5582914085398214,0.06381014033592347,0.05306705371658903,-0.5357123654127622,-0.13548509457804786,1.0
-0.9529460970500976,0.06760838756682393,-0.5254741544060845,-0.5912052148396683,0.08434482510009284,-0.5545800846479981,-0.08372559187596126,2.0
-0.3470406915530154,0.6418257770950433,-0.33546777236077485,0.40032156105475736,-0.148055106248763,-0.5311269980806084,0.42211120645857636,0.0
-0.9856514205386113,0.019138991365367883,-0.43368368276970765,-0.35267432643258445,0.13525094662887294,-0.5346593748894285,-0.05011583277667871,2.0
-0.8691672021093253,0.1156174318521582,-0.6377585706521005,-0.2821611801400538,0.018353032100877548,-0.5393107851718556,-0.20527304854520112,0.0
-0.9541246722667612,-0.008074705037791056,-0.5052293313943196,0.060662940848797364,0.09796265954589307,-0.5627453863581765,-0.0857502501218412,1.0
-0.8682879573034774,0.022457018692648968,-0.5570009390069862,-0.6454052330278613,0.08733855159322423,-0.634076509800836,-0.036877461965384425,2.0
-0.8764645311380147,0.00905151320404271,-0.5576103794758926,-0.5315523426661858,0.08584778167727503,-0.6304960375709353,-0.03382104995969075,2.0
-0.9663291978279951,-0.007710056526682954,-0.4653986780867281,-0.4098016679158578,0.12264544680694849,-0.5872651975252714,0.0030508941758600194,2.0
-0.9676687545977938,0.010102456180191947,-0.505422160009129,0.11306643505061736,0.06399244722735618,-0.5215360117178506,-0.11349535386461687,1.0
-0.6551029685717471,-0.21001412907630734,-0.5782717614681586,-0.0039028330119386945,0.09987159489003075,-0.7176715728496451,-0.1644027647878108,1.0
-0.9611204856913853,0.03883543103260837,-0.5459526978406102,-0.050954966737013996,0.05857051132137064,-0.5411378316017206,-0.10069059689976813,0.0
-0.9465670987322494,0.0725373819413549,-0.5905557516355325,-0.07250276904749325,0.031139667608109326,-0.5184443154929945,-0.1413827925910993,0.0
-0.9803829168014351,-0.003921216339827595,-0.46147132795080836,0.03455788910339372,0.09112406296230716,-0.5309643956002121,-0.07434084837061125,0.0
-0.8075126277638419,0.17510807659587646,-0.7248515563544755,-0.21044887555277797,0.006450432597103588,-0.47173664439635005,-0.1545780666993773,0.0
-0.9829084152237737,-0.002011886919363194,-0.4540988854135182,-0.08215937940052477,0.11087221217621354,-0.5335071906882665,-0.0724472059290361,0.0
-0.8688618742950488,0.07089324894421856,-0.6775220785702674,-0.5953672315246193,0.04477406532446604,-0.6247255304445051,-0.04741559593538124,2.0
-0.9365126573439879,0.050768019575867955,-0.5934393586609811,0.12046551279049295,0.018586965287553145,-0.5256577720340145,-0.14226147321660454,0.0
-0.6515365806572356,0.11249732130829934,-0.790612204061113,-0.23216490466101075,0.006463588047636977,-0.48308502804947223,-0.07600761026315438,1.0
-0.9729419513280672,0.018033941773566885,-0.5177492454309414,0.04035855130912813,0.07467913841992317,-0.5386046370812255,-0.08407607019928412,1.0
-0.9425662055899344,0.052453797999862745,-0.5780980202486434,-0.1297215069468735,0.04409495978218873,-0.5404080549757599,-0.11055957614480755,0.0
-0.07020308501520933,-0.35208396177007417,-0.4058944573314731,-0.22796939772507835,-0.1456221339801405,-0.31486982445304523,-0.23436254429820114,1.0
-0.9634852644294218,0.043697100258935945,-0.5125984615325958,-0.24085210338418786,0.0792969521678369,-0.5367329355318764,-0.07948012731454113,2.0
-0.9556863614883444,0.009307620723941708,-0.4746090986106092,-0.496259393510734,0.11577756674749548,-0.5828178686808135,-0.025586112463208466,2.0
-0.6654207546725394,-0.06726895578997363,-0.6834967630708019,-0.0645137221040897,-0.0346864752056453,-0.606705266550198,-0.0057913110434341525,1.0
-0.9259715951177311,0.061944391551512615,-0.5279165360635042,-0.5311831400188771,0.06414224959929948,-0.5479074485878759,-0.13542700732435164,2.0
-0.8231356975110987,0.15912409754142115,-0.6683683221165811,-0.7766684608512645,0.026869147688488984,-0.5049490463535917,-0.163303191636001,2.0
-0.9126184675549559,0.10310694932845424,-0.5886104287193161,-0.6560638638441261,0.04676311106141116,-0.5402658602002993,-0.14427434308503087,2.0
-0.9589022503910138,0.05132596838960132,-0.5594970477134601,-0.04897095873156701,0.05220248897874131,-0.5322552210549063,-0.11863501081250184,0.0
-0.958317677042383,0.08060201552114984,-0.5677523066084212,0.010572154960036051,0.029430196859237298,-0.49842881479439394,-0.17205470480548812,0.0
-0.9779221197574122,0.020752921829851428,-0.5068866823267755,0.033128789260968655,0.07183390997063277,-0.5161928837173526,-0.10342747804464708,1.0
-0.9536729580182282,0.01958442144131305,-0.5462781618581057,0.019040827931999404,0.04623313052660668,-0.5531655000385407,-0.08203413302278928,0.0
-0.9105761336103426,0.06631978061157717,-0.5914345809319141,-0.5465141277534271,0.0663900302508697,-0.5989808296720455,-0.06683642538212042,2.0
-0.20293463356910058,-0.10518547625445995,-0.775206085091924,-0.6515807407677019,0.1311657606248046,-0.40995713802190836,0.19010295502763858,2.0
-0.9238816952319765,0.01818736954287032,-0.577931436359022,0.008497817582456935,0.05784293340089319,-0.5726235736533118,-0.10882114187024959,0.0
-0.9833056970883007,0.011148824280880341,-0.44093142670191066,-0.24557319795078136,0.12501789548507664,-0.5495387333435925,-0.0587756641000097,2.0
-0.9595460544910266,0.06426630467043698,-0.5540547889628699,-0.036200757382019055,0.04205118583722204,-0.5070489507763793,-0.15636653151907204,1.0
1.0,-0.12706353827753264,0.9924489137240775,0.3358691891479073,0.1713782344895246,-0.7181211171209015,-1.0,2.0
-0.9823660560355987,0.04026478131552105,-0.4738046788800187,-0.4430855911647923,0.10571027186870922,-0.5387964884626341,-0.06597218111424578,2.0
-0.9635657723330169,0.05171037842358697,-0.5443341780886951,-0.09359493159395332,0.06248580438006104,-0.5293172306785442,-0.11824372732463977,0.0
-0.9341790823862505,0.09237602553064356,-0.5959557410446756,-0.09121855704621216,0.02339558519548844,-0.4767389258949962,-0.16188449940268124,0.0
-0.9016113450928123,0.021704137993993913,-0.6213516539076425,-0.014260898078562984,0.027745627932140568,-0.5576487492274117,-0.06892351274733198,1.0
-0.8149045627539133,0.08843591936328904,-0.6487523540643455,-0.5703988480342441,0.07007663375748928,-0.5444628771540994,-0.18657034618758606,2.0
-0.9613559814401967,0.060560888107832216,-0.500421429066926,-0.463559512864786,0.089123951494458,-0.5372897984889606,-0.1047852071110914,2.0
-0.976311704782345,0.04824074333107674,-0.48206255739389525,-0.37185384854512854,0.10687491200436655,-0.5338813043460744,-0.0820614918399633,2.0
-0.9825294212269851,-0.00403009679903233,-0.4664460079648513,0.07293675234688207,0.10279554779286271,-0.5459658289461269,-0.052351536899094046,0.0
-0.9378033057465822,0.08254765732729222,-0.5364523721184494,-0.41315206567341717,0.07178917193988595,-0.5520737419958207,-0.13227557232491577,2.0
-0.9884218717682859,0.011688134803810903,-0.4387169715144528,-0.36809205445197,0.13437654469156474,-0.5590169006837176,-0.034128104790432046,2.0
-0.9279216775374114,0.05997983789757902,-0.6266319814172463,-0.04068271316742367,0.042457906610299946,-0.5341396801608368,-0.136171858794023,1.0
-0.9079885409171025,0.08206276770531909,-0.5658822843466803,-0.8000826416846348,0.03828038742157763,-0.5244091021637487,-0.13085812852256568,2.0
-0.9855710925261848,0.020280055468474986,-0.4618269369378296,-0.1542332200410607,0.10193614330763563,-0.5251544062368545,-0.07150177647952768,2.0
-0.968926519349638,0.03291160010677371,-0.5206834694114022,0.07808494319489778,0.06435673691474578,-0.5154362900938908,-0.13144581238493222,1.0
-0.5327135962960041,-0.08443247556142788,-0.7310901562436464,-0.402174228054763,0.09237421472907,-0.6663694618543912,-0.1882427271247183,0.0
-0.9643113263294404,0.00502271265366034,-0.4857745807255025,0.04708321043685504,0.09223714093801862,-0.545341400790258,-0.10564137154486644,0.0
-0.8439591788369376,0.031538945609537974,-0.6925863915406409,-0.04805904894242646,-0.005717539834379587,-0.5993600834097417,-0.06309129998545449,1.0
-0.9152721152228189,0.05237196801546598,-0.589870000273598,0.07964868519341206,0.044575232937190845,-0.5497229423273647,-0.15619040193583844,0.0
-0.9830989964363929,0.014448181607498493,-0.45487206210097975,-0.2943191978771659,0.1299220843638873,-0.5675546493641458,-0.011785864054750697,2.0
-0.9743376560040586,0.03713350411007625,-0.48601489567986195,-0.35891979321795264,0.10068122488322036,-0.5333188430498421,-0.06261185008453328,2.0
-0.9266953175189129,0.09456751718169994,-0.5907465316874433,-0.38533733783851204,0.026053822896131,-0.48399230750118677,-0.1947682729132869,0.0
-0.953466876599145,0.016988969754968896,-0.4884777182774449,-0.4088492750198832,0.11142971474477753,-0.5512054879961097,-0.05635502708409029,2.0
0.12631805095436666,-1.0,0.10558943263494491,-0.3235802096757911,-0.7692204616223624,-0.4115934586369379,-0.16841959270055396,1.0
-0.9612396566049427,0.028747285306901432,-0.5200904002683967,0.0019504623680968725,0.0644819601642352,-0.5343508327599527,-0.11289024790935946,0.0
-0.7928525878539583,0.018629311218302053,-0.7195614796633445,-0.019024559940791774,0.028153185000915744,-0.5659363219994438,-0.11285118914131781,1.0
-0.626287022729262,-0.017710522544973545,-0.719897410038028,-0.08651510594459993,0.009828282775702538,-0.6773044777913719,-0.12444838079654968,0.0
-0.9709931717745962,0.026380235527245364,-0.5185644665546868,0.04976928573704803,0.0702216310090228,-0.5408954782848893,-0.08899089107799865,1.0
-0.9818040240374913,0.00585623615603148,-0.4886598381690659,0.05415550026132093,0.09829507856058295,-0.5394428567396119,-0.06760491673479371,0.0
-0.5195127950403036,0.36385852916257344,-0.5740196330187866,0.33083674485012127,0.01120509809368956,-0.5146889942012349,0.118573469401968,0.0
-0.9108072060969754,0.05722600192898061,-0.6157393039967078,-0.08241654634300806,0.017055822721909426,-0.5815201565950837,-0.10649572027866389,1.0
-0.9465712676553442,0.09802727733549116,-0.5460096454637325,-0.6825373094076097,0.05993944822244731,-0.5307421320862631,-0.12706853965900014,2.0
-0.9890894861232544,0.04334892446002944,-0.47298024976759745,-0.14147737912598546,0.09544127036459903,-0.5169430239042834,-0.09820026517744107,0.0
-0.9529624578243885,0.07889358556143676,-0.5289357049240969,-0.5366184075313666,0.07505469664883202,-0.5409918301187122,-0.11397689630208185,2.0
-0.9400338626913571,0.021386951705700777,-0.5811760932147862,0.060919231898808324,0.04517866304898646,-0.5599402033962045,-0.07994065402111167,1.0
-0.8541238930021011,0.039079805771428555,-0.6175031405601068,-0.6210663335527579,0.06494708931661898,-0.6322190462919611,-0.06964862027685037,2.0
-0.8252145014852318,0.07287891701455775,-0.6988716083468214,-0.13871590049343746,0.037253493607834275,-0.6305880469203715,-0.13524070562207033,0.0
-0.9517740197963231,0.019640112245624976,-0.5069572710304904,-0.41561921175607675,0.10091528028813129,-0.5570763117007502,-0.04483702495536211,2.0
-0.5590544593099286,-0.18268155955016271,-0.5873156093988791,-0.10758282875909958,0.26800329249469257,-0.7190672366590756,-0.40647968580040855,0.0
-0.9436689664972948,0.06630778699628005,-0.5968662340154718,-0.06104680433888007,0.0412196411004732,-0.5424992086374639,-0.11750652104918295,1.0
-0.8720573787833726,0.03790463826769866,-0.6502539016286496,-0.09912665233243947,0.02230521890299981,-0.5978108211820728,-0.115117459880392,0.0
-0.8486857028076219,0.018433838895332157,-0.7050446238308299,-0.059762756418783675,-0.003622517756182178,-0.6320474907798462,-0.016341971580830242,1.0
-0.8574042093485117,0.05772631194001405,-0.6821958229706204,-0.06716897437958008,0.03735821026441647,-0.5489960150265376,-0.14834838620327148,1.0
-0.9189492442925914,0.03668816627571427,-0.6042497346877168,0.01866503163955338,0.03895809586453987,-0.5650442750696297,-0.09127835677412278,0.0
-0.8246913107741741,0.02250033185616577,-0.5989396549833793,-0.5798792485362374,0.047824331364347855,-0.6057938786063404,-0.09423781029953708,2.0
-0.872314412472903,0.03289986578376654,-0.6802350267520666,-0.25387533883009594,0.0423666743807045,-0.6571945462545292,-0.02654450747929661,0.0
-0.8629445745046999,0.05744168276476317,-0.6677101302166262,-0.10009012730890492,0.011581983200071304,-0.5773378899022422,-0.1641874257213456,1.0
-0.9347690329306985,0.008897396616687474,-0.5631393194934939,0.2123498082554902,0.05502623626768386,-0.5700778213585316,-0.08946699040390779,1.0
-0.9379001228157298,0.04270878481426914,-0.5795881842758108,-0.004990105716806331,0.04997544290114721,-0.5515815695310464,-0.11247372348817226,0.0
-0.9639488942404347,0.029371320182350287,-0.5095783407724574,-0.356336487836195,0.10405946245874811,-0.5762959800710793,-0.03032325935040721,2.0
-0.7275352621882952,0.01780773004220653,-0.7083859351836466,-0.15677698374047647,-0.0078039580188444535,-0.5121423662156817,-0.03569347045079013,0.0
-0.911093591773483,-0.04407205069131426,-0.46876135643359496,-0.43761189682455365,0.11368288125803894,-0.6330158605403928,-0.020916788084718335,2.0
-0.9536783286464727,0.06660108214739158,-0.5185063636750928,-0.46469955114510053,0.09055807166564994,-0.5129353168091519,-0.11500480306866873,2.0
-0.8608183433164646,-0.03562385124146368,-0.5879383165235557,-0.48705990826595685,0.08565492184259008,-0.6938038071587636,0.011894280736709853,2.0
-0.6739875973477499,0.09178327041776273,-0.7318213158344449,-0.10680256155596164,0.011246267246429117,-0.4486118971904526,-0.18823173961125164,0.0
-0.8543827772758548,0.03216079313369102,-0.6541813976636833,-0.03960177723813299,0.041095205890801415,-0.5931004553250548,-0.08039327118135328,0.0
-0.9367333583340105,0.13684274860816367,-0.5676550925103989,-0.7021149756948575,0.0359945926138515,-0.5140903052957646,-0.17260196628826513,2.0
-0.9342278853200341,0.09786208803783342,-0.5828896286892081,-0.2620149316594814,0.02169399176790999,-0.47987010809443886,-0.20465011516818069,0.0
-0.5034081453963685,0.3077178948656534,-0.5640214556686176,-0.038814422410269195,0.14869621983752357,-0.7325890202204247,-0.29638224064129104,0.0
-0.07028429374094858,-0.12180110862094187,-0.3870980320192903,-0.7118520115194935,0.017766006116258726,-0.5297677405683555,-0.16921198020207917,2.0
-0.936749566644271,0.012284377612760689,-0.5606843235391509,-0.12821699610184803,0.07764994181457784,-0.5993753278375296,-0.0408548313995807,0.0
-0.9181166299628125,-0.01715123056691381,-0.6023271115909462,0.10001715243076026,0.0694466405739774,-0.6051495002172479,-0.027370602221588713,1.0
-0.8942845624549052,0.1222790615845006,-0.6645964748341724,-0.2505330226815964,0.016764481116761952,-0.46056130362564446,-0.1423552223122086,0.0
-0.8819155016187574,0.077819174632139,-0.6316040101165792,-0.5296368434807807,0.05899186742379083,-0.6155903080471645,-0.08407422318184823,2.0
-0.9330486313957601,0.11259360545309346,-0.5718640713708301,-0.7534442970277747,0.05037943009256504,-0.5434837423164688,-0.1152847445999898,2.0
-0.9735703417763265,0.019822997282737464,-0.498630415118526,-0.020973160747312036,0.08386606514280823,-0.5327501833043218,-0.09061386617887195,0.0
-0.9490140942346749,0.02805211049626186,-0.5527487457387671,0.03950288377393721,0.04590248988092883,-0.5369497172232046,-0.11966993108380157,0.0
-0.8355582866894418,0.10734126569989838,-0.5649770522990849,-0.797154714759285,0.04563795941042588,-0.6261358667156373,-0.10732408645285865,2.0
-0.9167405483210195,0.045529856447369156,-0.624251846438789,-0.3311500785015252,0.042138253807275414,-0.5907598634300296,-0.059179028066514795,0.0
-0.9153976735015812,0.025910530639890218,-0.6022755277277583,0.05567396347013431,0.030965694462196304,-0.5683448138823123,-0.09374213290543701,0.0
-0.7339631772623837,-0.07835481264984734,-0.6133596845566262,-0.675627761214936,0.014789916888207917,-0.659531542277252,0.008390659204498607,2.0
-0.668424942594299,0.006224918280772346,-0.8823595825585407,-0.19018964705685315,0.0916434622443372,-0.5959774638037825,0.01991263749416139,1.0
-0.9534461610557975,0.024518242710618428,-0.541278306706089,-0.22521701122425708,0.0850345009360768,-0.5745286162461859,-0.03522946847789267,2.0
-0.7455835507350377,-0.04613617111429924,-0.6560087144109062,-0.6217249083174087,0.08803900607919199,-0.6445809313033481,-0.018184452304903037,2.0
-0.9416153902822042,0.10349055776812877,-0.5983843500687485,-0.23443706538163633,0.021303884116068157,-0.5224014221369268,-0.16233753533189157,0.0
-0.987417004606732,0.019573805677962363,-0.49058227407634925,0.07810887771039993,0.08199726324918756,-0.5205024649238369,-0.0922003850432211,1.0
-0.970613172093624,0.01994984223834512,-0.523063896845852,0.11223041119075594,0.06719146286066753,-0.533510785088758,-0.09453566130883792,1.0
-0.9383854644017148,0.02106564431352253,-0.5642516906970265,0.0829736140300319,0.054531781432398355,-0.5554257163437972,-0.08765094910224122,0.0
-0.8000955148377185,-0.026195903281649335,-0.7288467426490386,0.11715811439164031,0.061919383474599195,-0.6690775946916646,-0.06033228552390056,1.0
-0.953383412494403,0.023354599364272508,-0.5424462219939881,-0.08347931278465756,0.07497853764643773,-0.5572108432571001,-0.07672678053011917,0.0
-0.9725075221511984,0.059866746594157305,-0.4954703302186749,-0.2533448998018809,0.06736199708844169,-0.4986385708770728,-0.14496475859934768,0.0
-0.9770024372498173,0.025282651211003114,-0.5204271220518326,0.018809479474942242,0.07395449829815737,-0.5276242526978978,-0.08480970866405974,1.0
-0.9387497338289437,0.027643345825708494,-0.5642249918742566,-0.08239651305336707,0.06660950715409789,-0.5493078598258465,-0.09528544635312312,0.0
-0.9719349699692331,0.026754725589539452,-0.4947699804870803,-0.1971236077841019,0.08924216508311764,-0.546565509796462,-0.08796067669232693,0.0
-0.9681899035360196,0.033947340248307936,-0.4910399246810312,-0.46537761423772217,0.10794520830147293,-0.5714428487070706,-0.032781236464199365,2.0
-0.6463671292433176,-0.1991683423329757,-0.610005834444668,-0.12091450513348641,0.012225104208757998,-0.5908116685288689,-0.045292265380161935,1.0
-0.9628930353108047,0.029960030675883036,-0.515250063052965,0.008806120107258175,0.08369443731951644,-0.5367037514011077,-0.11169521899363316,1.0
-0.6556622037169264,0.290375507579663,-0.6246609080766004,-0.4043233697392824,0.04863231371353449,-0.5919658674585211,0.1102428804637752,2.0
-0.8017707893856547,0.11330779698635372,-0.6281623367003459,-0.7697892798474838,0.03907877863457879,-0.5044934635015772,-0.23579103027904588,2.0
-0.9528624135640451,0.06589128557897232,-0.5119519505591719,-0.5114634595345238,0.07694611193551554,-0.5557740838505141,-0.10374443415903167,2.0
-0.8547656559651806,0.1785955519399185,-0.6793415144972207,-0.343298873346114,0.009098291041868045,-0.5334576734410248,-0.07324459347830237,2.0
-0.9325088841120526,0.03961067563175053,-0.5636778196758977,-0.1148144194543504,0.05764304907108905,-0.5545201169787253,-0.1168299856831616,0.0
-0.8594703466575748,0.02001790788137014,-0.6607510602828301,-0.10450564359745947,0.04946970351559322,-0.6461237599867686,-0.048702280297845485,0.0
-0.7530401434316834,0.02269188302928804,-0.5926361656822499,-0.7306662820949791,0.06428366273106284,-0.5669316576227303,-0.19739864044553135,2.0
-0.6842741134716939,-0.01920545862944882,-0.759084688726935,-0.06409328211119117,0.09989845042476259,-0.3844385455060203,-0.06188839386133255,1.0
-0.7367604079886596,0.0041722369574352935,-0.7251916508168853,-0.07819808338208102,0.08074125565701543,-0.581418618767168,-0.13823692418137815,1.0
-0.9593461118873169,0.02765821736638544,-0.5497493335024878,0.038071569930768184,0.06821199338474579,-0.5515313968471991,-0.06862795278113523,1.0
-0.9869960387529536,0.020134919783356242,-0.4375940006863278,-0.34140078456648104,0.13315101943132765,-0.536045850124731,-0.048385140037790125,2.0
-0.9464065986934591,0.03858538755418986,-0.5943582909602134,0.054794385184725236,0.03901371828923224,-0.5517818131078289,-0.09283863092312705,0.0
-0.8507203533758425,-0.041007898700751944,-0.5967237687966422,0.032360337136356,0.09732372905898866,-0.650834979057556,-0.11069092272228868,1.0
-0.9726211161961162,0.02639064118047826,-0.48218981009176715,-0.054010016667690425,0.07386489687284484,-0.5078565531000396,-0.11473802380240444,0.0
-0.8041787142204362,0.07351767264869932,-0.7479969371674631,-0.11179500541816624,0.04406330028089896,-0.5253330781716253,-0.11280317673163943,1.0
-0.9466933898882122,0.0840984454458285,-0.5946876130959016,-0.043904302887055574,0.026558468106231567,-0.5304112695365822,-0.13256441496129723,1.0
-0.9365143949877062,0.01414283264384749,-0.5306896648949857,-0.36475418523495917,0.11091071309780742,-0.6053462252901752,-0.014472189618565903,2.0
-0.9626101409322096,0.04897007896150875,-0.5622210936970828,0.04983119930877644,0.05460647573622824,-0.5331995338980674,-0.13599525818541072,1.0
-0.9316859476433188,0.026231339527248425,-0.5507933049530422,-0.3846579698156193,0.08774733946744356,-0.5934932194226722,-0.05479692657893523,2.0
-0.9850044945543951,-0.003943255044455467,-0.46225566085145864,-0.04325678064709057,0.1112879153073846,-0.5533033819264451,-0.046994358184946405,0.0
-0.9654650106788708,-0.018860127176753103,-0.4994257065901314,0.24417217288951154,0.07814310456637696,-0.5419905216953175,-0.08125374144334371,0.0
-0.8770151558632941,-0.022245330361298582,-0.5607505818339992,-0.4632717917219369,0.09336960166502467,-0.6334005358414891,-0.016941197034738856,2.0
-0.8676139689283817,0.10234347822342903,-0.6667027784543524,-0.6362106680710422,0.030877168003721596,-0.61894040063854,-0.10081694113387307,2.0
-0.9230148658271035,0.11553630729959023,-0.5709414021451675,-0.7718534418909451,0.055420075007640505,-0.5458654425437337,-0.13760944687677226,2.0
-0.9416030200753756,0.028178611023874468,-0.5351913317723024,-0.4130224609199591,0.111550549205472,-0.5788902035711514,-0.03213633821278167,2.0
-0.8677349463971666,0.007321802236455711,-0.6171380873224702,0.02170510830973657,0.04011174792453194,-0.594720314893274,-0.10568382944923328,0.0
-0.9747056471638323,0.02358286197077257,-0.5017403877291524,0.030314568539638737,0.07778318084917847,-0.5190999768299873,-0.11059912819213076,1.0
-0.93317420874374,0.04876497895346135,-0.6037128933127252,-0.01933844009535457,0.04533623682862627,-0.5794356900905173,-0.08806666702455121,0.0
-0.8403356715658868,-0.0103774904897816,-0.6061838150803638,-0.6135421225453341,0.0804795160830009,-0.6366793999532653,-0.02847894193158726,2.0
-0.7798893882358393,0.003928388294996608,-0.7198104121136327,-0.10311600037588657,0.044746055539245704,-0.6441885901280947,-0.07762709110077737,1.0
0.8839029567870599,-0.21601525484327055,-0.29247428237372963,0.40031112978956884,0.8925191111537016,1.0000000000000002,0.429306813471681,0.0
-0.983059766796953,-0.0006264091879238792,-0.4761543437094742,0.16236136517822175,0.09107024232125677,-0.5340416620481675,-0.07096623021653911,0.0
-0.6254515597845834,0.15980756480027458,-0.7735563076481149,-0.11242826749895532,0.023128673010368563,-0.5234346871345235,-0.021080587641132464,0.0
-0.9800994396455124,0.02565240559174954,-0.4465550554326234,-0.41558417752437615,0.12181537323760824,-0.5513929734459969,-0.06168574980520426,2.0
-0.9786931349255396,0.015598677905306196,-0.4939777037309134,0.07758067123450779,0.08267224769768586,-0.5399803994776256,-0.07953684249826487,0.0
-0.7590433932471214,0.06986632441235338,-0.706862594671192,-0.44971698679892413,0.10319468074583352,-0.43553603828451753,-0.02712224539920234,2.0
-0.9401714216543271,0.038406185907254566,-0.5467694986681417,-0.03254366030474232,0.04217019544389079,-0.5481528675401446,-0.10332572022863341,0.0
-0.5845302313688674,-0.016981603928674538,-0.8524575101939091,0.003017077395759016,0.24667477414191163,-0.3677057724520354,0.012836920216253711,1.0
-0.9409041392510324,0.054279029102467555,-0.5482945022500648,-0.40296115913817465,0.08077477452120815,-0.5757354007904913,-0.07627787777883335,2.0
-0.8963392875859157,0.03436509597880317,-0.5732005757243959,-0.026784072697674022,0.0620315587965092,-0.5732070136717817,-0.13311419446393605,0.0
-0.9180836254733638,0.06607587046364914,-0.6514561419820841,-0.007679005895006419,0.025302481808811103,-0.532454195804271,-0.1261116507645183,1.0
-0.8776811938406055,0.06498807770124783,-0.6762259114318608,0.00576489757095805,0.02043390406228377,-0.5703015660351539,-0.13783555224009528,1.0
-0.8897913060990682,0.048626333786494245,-0.5782718238983267,-0.5623213771428377,0.07439124921374135,-0.6058498701040895,-0.0707518246597981,2.0
-0.9378729662864993,0.022599986190788388,-0.5294655990880102,-0.43061867338056914,0.1014169996457729,-0.5702135650555514,-0.04777587057374418,2.0
-0.9496488502505798,0.06516792807127648,-0.5442218244907474,-0.21672990760196956,0.04876849389433622,-0.4985488586175155,-0.16141829337882418,0.0
-0.9490031059552186,0.08545018061510085,-0.5479746381608697,-0.45731154372711774,0.05793603360524334,-0.5328109194802308,-0.1269391044463088,2.0
-0.9778897920188007,0.03274631425220196,-0.49974137350957964,0.05141832557380721,0.06656886740845364,-0.5114276732556347,-0.12121319771744721,1.0
-0.8837213039860236,-0.01969501014239268,-0.587599004207352,-0.4196144378017753,0.10219796778589672,-0.6422862637276129,0.008797916010829868,2.0
-0.9845170355841933,0.027266409660389325,-0.44927940725347343,-0.33056325009283505,0.12048817731590944,-0.5469977393578284,-0.06098286260845341,2.0
-0.9703438285710817,0.04827805492357848,-0.514699132372485,-0.09602790631699254,0.06559135238955555,-0.5267008414047373,-0.13445381472197757,0.0
-0.674425220818407,-0.05752386963920127,-0.6882045835841856,-0.08053023871377835,0.013313629524985632,-0.6626168663206988,-0.07611747530679007,1.0
-0.9022168155244162,0.06525558615203561,-0.6490245547907968,-0.050318307519404165,0.02113198437397136,-0.561922462564033,-0.11996010964992174,0.0
-0.5880581599808743,0.11664321320288114,-0.7772222911174306,-0.09481639958909586,0.1001052680504054,-0.49916772143437843,-0.15982927328900068,0.0
-0.80903814089218,0.10109111078830041,-0.6507296459802248,-0.27575249630051585,0.024611876400610154,-0.625420815974122,-0.13225611507404375,0.0
-0.9020362335777496,0.008896115345642566,-0.580237939307003,0.09386675106808146,0.03328533488398805,-0.5563469752397375,-0.1498874934903085,1.0
-0.9354969728582246,0.03166880871411378,-0.5615224010861243,-0.3306853381249072,0.0923530802191523,-0.5978381565448823,-0.018827122266313334,2.0
-0.8530088572337767,0.004151191885418223,-0.6312343489859461,0.045426302517391826,0.029055810388699366,-0.5643924333192852,-0.1005766548494043,1.0
-0.9062722576022453,0.11952906145160007,-0.654781647241022,-0.23022187090127555,0.03764874835346664,-0.45351427713823395,-0.15806212905279413,0.0
-0.9748883280211913,-0.002848480507958946,-0.44666360964688623,-0.32640298204708806,0.1310088587226128,-0.5791075226975615,-0.0028149249341494903,2.0
-0.9708650862551786,0.05070706520993396,-0.5237795634943476,-0.039758172206459136,0.05399309143413362,-0.5028814600362167,-0.14543780502026044,1.0
-0.36881433106542183,0.22573507237542537,-0.7584875496733953,-0.2660785801536487,-0.08628817725593427,-0.10078474602114629,0.10997469615686245,0.0
-0.9817815538221137,0.013269358807705245,-0.4676083038501656,-0.06486689092924619,0.10327477406037623,-0.5331889825714946,-0.07841644436353203,0.0
-0.8997798480207914,0.07345645887826398,-0.6259763125252827,-0.061566800011540385,0.013367964700335563,-0.5560562327662213,-0.13559241846814635,1.0
-0.909104432303045,0.02407283928517819,-0.6235746865886951,0.09057955811315077,0.04103770742923078,-0.5845117279120466,-0.08080655097863534,0.0
-0.9213079734890068,0.09040599028849323,-0.5558781488120426,-0.6987376506930116,0.05623662390958757,-0.5347595107540575,-0.1315579120263482,2.0
-0.9271673369263224,0.04883620463273154,-0.5966642636090992,-0.04295270585681574,0.019578220313935635,-0.5517320003895136,-0.11633151697843427,1.0
-0.7242104991715623,0.12765528670676413,-0.7416142921459724,0.028355483748546184,0.04985711936244024,-0.5578537494275195,-0.15369303502836865,1.0
-0.8040150755502526,-0.02408740110201346,-0.6130205522820646,-0.12783721120871722,0.04993880484231687,-0.6564143343614728,-0.13306959519360326,0.0
-0.9833352801789697,0.03381108215020562,-0.5125599245955407,0.10265543596185589,0.06834603821957487,-0.5130406329955702,-0.11582930766650182,0.0
-0.9613660484055158,0.047321324800130925,-0.5274574787023273,0.05482933095761189,0.0433995425858736,-0.48893066626799186,-0.17849997200551773,1.0
-0.9314955787971453,0.1186441326397608,-0.5830038795857031,-0.45799676832422676,0.023146290269282166,-0.4955969288638871,-0.21333231226162608,0.0
-0.9576443130843046,0.036369314533649076,-0.5534382656573232,-0.03775755600948533,0.0703707350267795,-0.5435923131495594,-0.08859958522849921,1.0
-0.9823370129127975,0.02666244046677632,-0.4914373257080429,0.03845002151416979,0.08158118531972633,-0.524888927902846,-0.10564579004875209,0.0
-0.9700854550214627,0.00987880796356147,-0.4551312250242963,-0.3944477924168452,0.11785348522544796,-0.5655031699275127,-0.03392051201006005,2.0
-0.9485809442631168,0.0510387547326978,-0.5209222459888448,-0.40526584901865403,0.08821535317431792,-0.5590276861810194,-0.10020702557305754,2.0
-0.9667635615629062,0.07084918098171836,-0.4785720980585512,-0.539688180869913,0.08618969757859402,-0.5108782612519931,-0.14871302225935057,2.0
-0.9840389359033619,0.0005455871320949809,-0.4641531501469886,0.11459706173736345,0.0921194564194849,-0.5293513884575483,-0.0803601371419535,1.0
-0.9493320547258899,0.06574322113597142,-0.5801381956272977,0.011971328103487028,0.028216192010177568,-0.5310311787677874,-0.13214822182546684,0.0
-0.6679787531187757,0.11863833285467315,-0.6288925311424988,-0.20394870087444264,0.008744069231267304,-0.602172650823206,-0.20672456068848954,0.0
-0.9531311781282417,0.04035976262698922,-0.5615846084953785,0.03329772285174845,0.054275036693303226,-0.5667464596517653,-0.09390186692355976,0.0
-0.9425471466058123,0.09505796938218747,-0.5629181661871795,-0.624447783356805,0.0528256542473408,-0.5359114621402964,-0.12059548878095286,2.0
-0.928056321515671,0.0828726671847454,-0.6276944173692971,-0.06488852467637554,0.011321729925692942,-0.5287417952806807,-0.1320098419825346,1.0
-0.7916414320794264,-0.030456526565554087,-0.7227866467598092,0.13136195627228736,0.0675864451063688,-0.6720217821968906,-0.06806329271057787,1.0
-0.7942232168946175,0.07078475399486563,-0.7344481522706501,-0.18215227134341963,0.10765839864994958,-0.44613544760513685,-0.07090145087784441,1.0
-0.30026831672330545,-0.038709285058074874,-0.5748843914316596,-0.897952150492677,0.11812896080455808,-0.44103550415414466,-0.18499503344092563,2.0
-0.964778398938086,0.030517666024270695,-0.5433176301143933,0.024139599013346696,0.06468520238703732,-0.5258314352350907,-0.11108309817899933,1.0
-0.6888257381739391,0.4196082213863522,-0.5668275034909807,0.213671094762392,0.0762028723430597,-0.6407313099774073,-0.11728061292917903,1.0
-0.9589919756596869,0.03356718370313534,-0.5418126173908956,-0.08301840586173342,0.07151764631885921,-0.5613287799263554,-0.06478381496010947,0.0
-0.6292358278039004,-0.15189551302225746,-0.5972768570786782,-0.12345846605142982,0.036464159022820214,-0.6151925394470484,0.023887942014230834,2.0
-0.9654663845576148,0.03975062846794967,-0.5070702306272401,-0.3655227780102105,0.09768076907719705,-0.5577439204967498,-0.060352348396474166,2.0
-0.8341907189574275,0.13759127223640868,-0.7121166007826687,-0.27094866474403306,0.02182674817310168,-0.4988506356775833,-0.1546457000994898,0.0
-0.899155108253754,0.08829343688088198,-0.5630629377042105,-0.6419543578572033,0.048666449991563956,-0.5563407817324211,-0.13825310831838047,2.0
-0.9833218631895063,0.006728015909171027,-0.4688087564865668,-0.1436122062729445,0.11109815303081978,-0.5429496135772887,-0.038021726567048664,2.0
-0.9741716714821184,0.026754311023814027,-0.4708876577159087,-0.31174667729254313,0.1115558488602269,-0.54961398335952,-0.061719745090594386,2.0
-0.7445127464664074,0.005929862396624033,-0.7180183252601638,-0.24556146766314574,0.018185011847175525,-0.5904632867101258,-0.11978708003827136,1.0
-0.9399250745080402,0.1357791292866439,-0.5665964532458725,-0.7309552522947412,0.0452976174349925,-0.5034151897530244,-0.1721970513238948,2.0
-0.8991506524098307,0.07238245135323032,-0.5621055080434701,-0.7226194767444041,0.0728097821936282,-0.5203836643156383,-0.11457355622063434,2.0
-0.9091499104894702,0.05321003978156001,-0.647315177073448,0.011278723299385507,0.026417230889367864,-0.5590056394454574,-0.10496640476852902,1.0
-0.9156501538082688,0.0314578230108159,-0.5430204748791871,-0.34537838307180685,0.09564321837439842,-0.6148161481319245,-0.058018887508874406,2.0
-0.9684759340735288,0.034516068314346476,-0.483737484534262,-0.400693638738703,0.1107491819303538,-0.5684891846633026,-0.055237209979135296,2.0
-0.9666251583965093,0.03934185061416198,-0.519542089300486,-0.042977386837362075,0.06802494911851324,-0.5247011741987979,-0.12044501580803195,1.0
-0.9465283787022206,0.05751532601852068,-0.5720798556427312,0.06163607059857523,0.035767587923033056,-0.5197256806007831,-0.16392164055372085,1.0
-0.8161790069544628,0.08280370491964655,-0.6507229219110291,-0.6740764373973291,0.044683514174397365,-0.6052012090082395,-0.10359203431391588,2.0
-0.950866857217185,0.061630263860831536,-0.5029506200044377,-0.46341162115182466,0.0869016814209549,-0.5504898150608034,-0.10005178484691589,2.0
-0.8208283146309097,0.26173478694110863,-0.5929055046188457,-0.06886008032946242,0.06598763570310545,-0.5700808335291259,-0.32850727485852493,0.0
-0.9832772373524487,0.0109675709982733,-0.4743718481719573,0.006409836759383836,0.0927007772562185,-0.5376319381370057,-0.07207738892871998,0.0
-0.9633317163912194,0.04858684759307552,-0.5434381365092041,0.07649177646074123,0.04548259470262653,-0.5205600698867604,-0.11809712137539029,1.0
-0.9282426656755876,0.09600363906569379,-0.6159551350319621,-0.03444715426380182,0.0050483266167398455,-0.509895289433994,-0.18256768681046645,0.0
-0.9697913845880832,-0.005349178841030783,-0.5175386670532048,0.15187955847766388,0.07909929460243738,-0.5670251109921463,-0.04595302231666617,1.0
-0.9782266820404326,0.0044496321994028434,-0.4582896459208642,-0.2629271292866957,0.1193420490261625,-0.5547066593461388,-0.03370325796450452,2.0
-0.9701860754549623,0.02756698937254747,-0.46020836605566906,-0.5175282341685825,0.11331323416868493,-0.5528764968425945,-0.044999626003817766,2.0
-0.8302765205540672,-0.049919137321268764,-0.6040568100185937,0.04223016425584755,0.057884100061754554,-0.6206495195937638,-0.092974698173135,0.0
-0.9382351189464448,0.0009393861559465408,-0.514753928306897,-0.358307996777839,0.11053071847871832,-0.5772323532335475,-0.023213950871465938,2.0
-0.7634684150699487,0.09225080580286507,-0.8574485704709613,-0.06578165329933705,0.11301526844500745,-0.428740159938835,-0.016043092775719206,1.0
-0.9292217101427,0.03361996726496181,-0.58696967662532,-0.02690016447072585,0.06133695613262433,-0.5531633788411358,-0.09895753227161569,1.0
-0.9402717345748278,0.07794368944459268,-0.5454835406661647,-0.6646043800276127,0.06013275092516702,-0.5443042103118092,-0.10497451806563758,2.0
-0.9614335182468449,0.0429432505177384,-0.551028560674183,-0.0321488526932788,0.05511646246246173,-0.5361223888591197,-0.09797515271660179,1.0
-0.983922234025104,0.023799370813674406,-0.45006164961141276,-0.32998294988233384,0.11972652376723579,-0.5378545963701837,-0.050455880117854214,2.0
-0.9662664139319709,0.04766492532356117,-0.5371265028893425,0.037123570131391614,0.04515354618175953,-0.508858240310432,-0.14383808622914523,1.0
-0.9689960843369969,-0.02838161634668923,-0.4318236470393772,-0.33361097428788544,0.15634332551132035,-0.5869127637078232,0.007076535424330441,2.0
-0.7033085940520319,-0.1436849222368292,-0.6303766996438426,-0.016136032001999756,0.06749714612330379,-0.6790989760636327,-0.07855356909618222,1.0
-0.9456151832070298,0.08546963727751689,-0.5280542632361203,-0.6079686704759727,0.06721821192528155,-0.5262065923640785,-0.13139790026221407,2.0
-0.7605384672051,-0.049473871732149774,-0.7132664073820112,-0.0017996026150960964,0.04204692474113254,-0.6723612439849551,-0.07630538133565279,1.0
-0.9293444519315165,0.05017539184097865,-0.6045305725916352,-0.01276894824951566,0.0505567238975729,-0.5051185048153873,-0.11472894325809481,1.0
-0.9578926317219704,0.0341718637181328,-0.5485398270361299,0.03936794947712838,0.060721993318139676,-0.5335768153434984,-0.11729182056232602,1.0
-0.7712840862666206,-0.045863670865753936,-0.6941971415675312,-0.002905829027510437,0.053710180763624674,-0.6194869905368243,-0.09695069041791458,1.0
-0.915726476629758,0.10470005752697756,-0.550135344863852,-0.8084922385847023,0.06284920110594554,-0.5141373859584051,-0.14177710706130459,2.0
-0.4798294522838183,-0.021131988846751285,-0.6570140361193618,-0.9510765860010109,-0.06931283135889643,-0.5526144770869504,-0.14566215027462992,2.0
-0.9697569579252527,0.019650458173535258,-0.5152054484827847,0.009069956241034266,0.07324610264801136,-0.5532225267587838,-0.07373488555487635,0.0
-0.9052404689889394,0.0022843706763549104,-0.6001241588559602,0.04484299036499839,0.052641268954410514,-0.5927349550259907,-0.07008742439262924,1.0
-0.951683159411781,0.05190807471635077,-0.5659261043152798,0.0943584646429434,0.04301399633699726,-0.5309637242189253,-0.13430287737581742,1.0
-0.856740391583607,-0.06313836645518305,-0.5878645810852662,0.08261139735859951,0.05644912178169192,-0.6241770931258317,-0.03657816533100136,0.0
-0.5179648682826092,-0.2931506531353906,-0.32709268850113105,0.03007102280146004,-0.13476108006413232,-0.613554159496508,-0.4675554746400753,1.0
-0.9840734892955331,-0.0012278628876924227,-0.4439417545609946,-0.340247161179246,0.14367868696619207,-0.5912727958309798,0.017399471063242272,2.0
-0.8769430454516218,-0.0016188887900907,-0.5547210605578906,-0.5688015127507041,0.08697764557707965,-0.6274425891167408,-0.02012456458979274,2.0
-0.9505923074141681,0.03662303492951016,-0.5748093306679521,0.14307303489597673,0.042853266557194694,-0.5413203294579203,-0.11216485781367114,1.0
-0.9107463072394331,0.035504120168292796,-0.5409556040125112,-0.629174226029065,0.07172533421085706,-0.5771309867536482,-0.05580017281519381,2.0
-0.9809904165691455,0.0207392203232732,-0.49750389204882073,0.09396789700237257,0.07737397685844113,-0.5243656139784335,-0.09872620780939884,1.0
-0.7542985615261859,-0.014448137919170559,-0.6673467023755002,-0.03195375390999128,-0.0021375191552756995,-0.5783315586604554,-0.05274297298240083,0.0
-0.9567911259202886,0.06861317827548583,-0.5019610508213814,-0.4421948454068173,0.08657556882484928,-0.527774542355625,-0.1431107140033951,2.0
-0.9538103888572672,0.027659800581558446,-0.5410263052286103,0.05545074670764161,0.04951204551577339,-0.5272176309359069,-0.1276652160755373,0.0
-0.9555884618327296,0.02358751112818767,-0.5388111503967817,0.03428955589642005,0.06289127653081766,-0.5517560932413534,-0.08018590214417218,0.0
-0.9581885625736514,0.052874953017009674,-0.5557173089314764,-0.12897725215443723,0.05792195174662492,-0.5356994032843106,-0.11873306267365168,0.0
-0.8805946320848314,0.1185978774937807,-0.6571046121146427,-0.10536997250506204,0.015295104361064155,-0.559543050923758,-0.18805519366818518,0.0
-0.9573327618344294,0.04967172037438434,-0.5606519185215051,0.0322354238411971,0.04480342525164769,-0.5334158421510751,-0.11221367472968435,1.0
-0.9790288682985056,0.010060387347905458,-0.5072152007678506,0.07331632154501744,0.08155353838408681,-0.5380883418870632,-0.06839663359989678,1.0
-0.16878649859202333,-0.13270740594895844,-0.5947412421926215,-0.7660464693576334,0.2639757466442798,-0.42588622306767043,-0.16983826475844596,2.0
-0.9509829569387572,0.02774470450537886,-0.5609872849629365,0.10737707551196002,0.05259511318547599,-0.553059543626602,-0.10319708912448108,1.0
-0.850957236726816,0.1544056232102402,-0.7155567859333184,-0.09482103879363117,0.005593684495512154,-0.4375071797758028,-0.16179839884518213,0.0
-0.9348297100828507,0.11995776836083236,-0.5666605646566272,-0.49870657876268226,0.034854973289809035,-0.5206547316110169,-0.1852508371793197,2.0
-0.9657415906446997,0.03062361690865812,-0.5257448487953178,-0.13979324140669486,0.06942351051072548,-0.5389400927869962,-0.08920903342869821,0.0
-0.9702994616289546,0.03564277490654019,-0.5169862161242391,-0.04928425729706981,0.07351676431724798,-0.5401784418799204,-0.08680716571410245,0.0
-0.717202340598928,0.07042435522748682,-0.7180744925090199,-0.020982316650836774,0.06344772353842419,-0.5857802282901824,-0.16231691262462922,1.0
-0.2998429622934454,0.8729452436168328,-0.4640677612019826,0.8970837142535036,0.749497115779141,-1.0,-0.566310929898614,2.0
-0.41013186441340865,-0.16454764731454868,-0.4266289511209629,-0.061890269640501816,-0.19985591338738018,-0.494461904798315,-0.0835033568353098,1.0
0.09789673315812875,0.23547340528236854,-0.24888748848968217,0.08358499509996237,0.561840360227383,-0.6750653467985646,-0.8428612508683457,2.0
-0.8601647800801545,0.16915224197898865,-0.6293739601095193,-0.8782600416752575,0.03816905220585126,-0.4757929540011374,-0.20254832571654982,2.0
-0.8533617901866348,0.19322366476114688,-0.6123852159122942,-0.05947364933154656,0.031748803498682664,-0.5705236816228394,-0.27580645879620674,0.0
-0.755753464890796,0.07685447077528901,-0.7684060822794372,-0.13781910401958897,0.006444281363594803,-0.6303678985729915,-0.024030695038078004,0.0
-0.897053322684577,0.08158214837107777,-0.6515732310859663,-0.05086440804052422,0.011021014865293506,-0.5128401188652706,-0.14570315448561239,0.0
-0.8002671165594187,-0.0287512070421774,-0.6677666024860042,-0.5926174265130837,0.0363066220143808,-0.6978776109323813,0.03619272912949614,2.0
-0.3351047562057591,-0.201859532874409,-0.7971701149183963,-0.19958473667249182,0.18349299482595915,-0.5820872052113522,-0.1913143207554732,0.0
-0.8888157467836736,0.09623871180510271,-0.6606526904450178,-0.05733917501084154,0.019396475265907952,-0.5154861870583137,-0.16300450183710374,0.0
-0.97503057947554,0.03676778369703938,-0.5109157955779763,0.09716709370260596,0.056023432447935166,-0.5063623273428974,-0.14270315305843956,1.0
-0.9375171076521265,0.014169030208408713,-0.5744675164867273,0.07469022186106794,0.06308639559382641,-0.55223576080172,-0.08802839681188321,1.0
-0.9412063212063406,0.04717565368927707,-0.5869308603676713,0.042179540483824135,0.03535322707854033,-0.5550374574399122,-0.10453042150738749,0.0
-0.9352064688090898,0.07317562087914763,-0.6032493853051065,0.009904058713986613,0.020314005639248574,-0.521046774483118,-0.16555110709285403,1.0
-0.9484424344645501,0.08647024421151941,-0.5449761597168171,-0.08949071793558426,0.03263041143128209,-0.5040973969227569,-0.18206501719503076,0.0
-0.9658863307954249,0.024146318024021934,-0.5182663008474018,0.06569338553137422,0.07190062537280853,-0.5250543208931119,-0.12304123862126279,1.0
-0.9041927449341134,0.07270317006790479,-0.6595123502368095,-0.09049869946017201,0.023095102220817322,-0.48788847292676857,-0.12502615648345675,0.0
-0.9509410398801006,0.04601385225024779,-0.5358208083693673,-0.3073089382924624,0.06694171515599981,-0.5516745281572146,-0.10025085027047272,0.0
-0.9591348251952354,0.0273829914885152,-0.5561736990938657,0.1110205600578904,0.061010055239538875,-0.5349169390284311,-0.10306930501356248,1.0
-0.964186160431352,0.014420903365739923,-0.5101212238229453,-0.023499485255400854,0.09051922565913209,-0.5480679347074773,-0.09021975909752733,0.0
-0.7565722550065538,-0.005082706664169441,-0.6606737726659853,-0.05671245144175688,0.05603072869005839,-0.6329265029454114,-0.14408563635495403,1.0
-0.7546949427449691,-0.09518730361389718,-0.625181757698774,-0.4024185325543906,0.08989970909134375,-0.6638863781999694,-0.04859709393245989,2.0
-0.978357686397197,0.02296147614798483,-0.45948784559508443,-0.33611461298292233,0.12034784433071902,-0.5478488243622875,-0.06591586311755543,2.0
-0.9602911385391051,0.060611012323302974,-0.5062484047805063,-0.4818049834160994,0.08032364439585417,-0.525866602739494,-0.11552559319356463,2.0
-0.9420047729042818,0.0028133853080340374,-0.5673883320033558,0.15840184121701611,0.050455163397411365,-0.568212196669094,-0.06720756018253088,0.0
-0.9281803159619282,0.08052281354893526,-0.6043345949645877,-0.15849603547729602,0.037797234580009886,-0.47015102369096473,-0.13948495549325857,0.0
-0.9824423345698785,0.024084210686312793,-0.4940485199468883,0.04652910424539983,0.08147985208446444,-0.5171612444844819,-0.10912199586888638,1.0
-0.9811349618657293,0.03383642777296479,-0.5018334151436876,0.027606887254329193,0.06936564000316364,-0.5059914337227378,-0.12124793459308456,1.0
-0.9248919322294233,0.12155252277064231,-0.5901527103691678,-0.5272946507155405,0.03219172570021328,-0.5562211537023664,-0.14418801219948357,2.0
-0.95885150330981,0.004188278285364291,-0.5187116619764746,0.11326927649198393,0.06121440745267946,-0.5336140871502736,-0.0904214129795379,1.0
-0.9286869315846512,-0.022031828171959325,-0.5213458505298555,-0.11779514739825891,0.09301601859150227,-0.5867074595384671,-0.050051998568786144,0.0
-0.8652977856489523,0.025613027172893148,-0.6143708626470231,-0.519811175994648,0.05053814123162122,-0.6161513876130003,-0.07465668483693753,2.0
-0.9636507418379195,0.013726295801257643,-0.4879456884458316,-0.21565250526766838,0.11039681914714321,-0.5708225609254568,-0.027067626623992563,2.0
-0.9265284955060208,0.028002999155469735,-0.6236963538395202,0.1014013591008543,0.04582268085503437,-0.5848450348659585,-0.08517646046343705,1.0
-0.9310053112968306,0.04709714205412473,-0.6108870714151788,0.06535731897383995,0.04524825227039893,-0.5328141142859524,-0.12479332753373408,1.0
-0.9015956126426039,0.023643468394446594,-0.6257146017616722,0.06886316911577206,0.030305322938849705,-0.5806365626416133,-0.09540982023500824,1.0
-0.9576461680937413,0.06414740115395008,-0.5729153510749033,0.05454900765139081,0.034093489208253565,-0.5105176126417764,-0.14580062541527197,1.0
-0.8140077965725926,0.11199588458513883,-0.6941763393886077,-0.6827837318658636,0.04992176224207049,-0.5203645947122667,-0.13054421499155283,2.0
-0.9927024066008003,-0.0017741670305231605,-0.45084422781710737,0.1068475580326732,0.10077708999258264,-0.52424332633519,-0.07865582206468756,0.0
-0.923775024277487,0.09067013255827272,-0.6378043728937939,-0.10949130498012535,0.013859403933863396,-0.5289906192359083,-0.14349698880922238,1.0
-0.8533017999129056,0.032390629855891764,-0.6778449423321276,-0.007390346022639632,0.028584535794287103,-0.6320316306553052,-0.05753770032253606,0.0
-0.9817764323779627,0.03210180278631217,-0.5080891273383098,0.03891516429478867,0.0715702405037122,-0.5161782660450209,-0.10308634854258182,1.0
-0.9610603483062956,0.02765211551907189,-0.5439495124778079,0.02796609553801485,0.06669670992228076,-0.5483775406143085,-0.10106847549915554,1.0
-0.6776153315665836,-0.03167024127262226,-0.6961859900655426,-0.15363692418162705,-0.04261603636551094,-0.545925447215063,-0.04612422293731424,1.0
-0.8961795482574405,0.08701097237751258,-0.6426095677311514,0.0608005654758384,0.004055981973129778,-0.5033751546844942,-0.17542132889936884,1.0
-0.8928067927165299,0.12749016150449083,-0.6607064863906179,-0.06568450035945683,-0.00539363914541495,-0.5016037717821339,-0.21431838840199974,1.0
-0.8484738014458315,0.047160427114932894,-0.7102393543832378,0.03689857084544515,0.050825254930733324,-0.5985693289875124,-0.09173734028828495,1.0
-0.8963395131099059,0.05686106694418173,-0.6094327997607532,-0.3666195115848919,0.05558820842218844,-0.5839962034001731,-0.11998579589292357,0.0
-0.9720851099759114,0.02769890593979983,-0.5215899294113403,0.02357431437091806,0.07115407843462601,-0.5461327489569215,-0.07442044611320392,1.0
-0.8830340679142598,0.004657595448862642,-0.5737704856771082,-0.4760065915065479,0.07964525224229015,-0.6295844531499458,-0.04446794262568915,2.0
-0.7861527876591745,-0.08298992284657752,-0.6389340337857361,-0.12739155513110628,0.053329875775023364,-0.676540109965214,-0.03832461888609387,0.0
-0.9726754739339799,0.05494332725575717,-0.5333124534391108,-0.04457303127093576,0.0525269173167524,-0.5043527909786646,-0.14522519014513036,1.0
-0.98308498773925,0.04643002548184004,-0.4906545469418478,-0.05033302370648876,0.06803530978917519,-0.5041976407104143,-0.14837162291605263,0.0
-0.9602863232342633,0.02311690167106189,-0.529650719145299,0.007277970192818145,0.05968470766516168,-0.5463031009080692,-0.08555530574207715,0.0
-0.8450246340584842,-0.005949231171122775,-0.6245157952816661,-0.06243580345383909,0.01612308569960246,-0.6155780313846713,-0.04544080335115704,1.0
-0.966516344604313,-0.0019227052600293212,-0.5091447854415674,0.08544598058937303,0.087207968704508,-0.5608397879875091,-0.05281866248068289,0.0
-0.8036182889331119,0.03982788136197884,-0.6735017337472223,-0.4399254644800263,0.04971095446920845,-0.6183740223082981,-0.035278763034577984,2.0
-0.8834587936625796,0.04100403120367008,-0.6537858642844958,-0.10428711715096319,0.017365849509831777,-0.6111035574173007,-0.0590093983043421,1.0
-0.9248496219478057,0.037777637880641736,-0.591924075098174,-0.059551718120093994,0.0519003832418962,-0.5451109914302671,-0.11224340350591004,0.0
-0.740061333212355,-0.02042617970050356,-0.6647589030850293,0.07935090623795993,0.06473696913936318,-0.5690089422800642,-0.1531699867314016,1.0
-0.9387232132909524,0.07817122111689585,-0.5576863188960627,-0.5283894624998621,0.06894048952759671,-0.5681622076893245,-0.09728621644643315,2.0
-0.8437054499064657,0.10489333261738662,-0.6246959121736558,-0.27649167144287706,0.02055644152720644,-0.5180485204977353,-0.2049086441497536,0.0
-0.965369441593029,0.0632311856772442,-0.49360377801137567,-0.4747749606417537,0.08661802610223313,-0.5246301718942518,-0.11237721607648464,2.0
-0.977741327537742,0.0319977388458306,-0.4934081590505297,-0.012519540494850934,0.07391192915784515,-0.5043251479370076,-0.12785430611379642,1.0
-0.9149035815102853,0.041980929781999056,-0.5948530635158806,-0.06871798791911676,0.02337948085029993,-0.559508339000981,-0.1126749157293579,1.0
-0.9625838948156075,0.032971598807767885,-0.5230619350593828,-0.141521231352148,0.06809194328480209,-0.5442687126180118,-0.09844662590680806,0.0
-0.8938492387055667,0.02407027513451811,-0.6502223078653513,0.001055170510729897,0.025771171570534344,-0.5970189225841446,-0.06312494914101782,1.0
-0.4545387877429845,0.10840169157230914,-0.8080829718121256,-0.17854012447254605,0.08127688460618214,-0.32933184955704886,-0.034971986832388516,0.0
-0.9661242416730871,0.0581198139227201,-0.5038252266920481,-0.24859875557779892,0.06952356545598173,-0.51810494834071,-0.14109584930514557,0.0
-0.9623239034507937,0.047415170902532874,-0.5635601535771528,0.04655860288808522,0.038500308672737064,-0.5141442524932257,-0.13499789991723918,1.0
-0.9624828474970061,0.060649039369044415,-0.5628102124357905,-0.03167267713246405,0.0406578171601497,-0.5154649461982695,-0.14056540391351385,0.0
-0.9561330278717504,0.07427785299483616,-0.5093448170614359,-0.5486145341286295,0.08859148560984481,-0.5339098173297938,-0.11585506983871334,2.0
-0.915833017877854,0.038215313422440035,-0.5224198492371275,-0.6277556963668007,0.07355211222701194,-0.5833915980288588,-0.06831519621440088,2.0
-0.9787444247474186,0.04573349558181844,-0.5073349860384618,0.022870785168074864,0.0673561392642633,-0.507044665358834,-0.1429507797434067,1.0
-0.9729075353878299,0.0084518015824838,-0.4892575444109243,-0.057930389525885945,0.08972999189765801,-0.5339825810844949,-0.08902912682038969,0.0
-0.7422291298696695,0.010895058185044507,-0.6556995122770256,-0.6297752557787597,0.0600537327626935,-0.6498917126105959,-0.11744372834829506,2.0
-0.9577879394853517,0.02043973573036719,-0.5354030951219311,0.1023869284373995,0.05460735911443546,-0.5285893830975036,-0.11858741032714674,1.0
-0.8677866604143015,0.022624534007873523,-0.6436061782921249,-0.04273576829309647,0.0603506411351157,-0.5777585168404772,-0.11456396426527804,1.0
-0.9415845920668688,0.09061593429006135,-0.6155045901940894,-0.037026710668516954,0.01411974768677586,-0.519811453628326,-0.1514993445332589,1.0
-0.45166734732307096,0.5473477231704003,-0.505146044853077,-0.04599833955479035,0.014249004810173944,-0.5553138100215478,0.6062662319093545,2.0
-0.959823684155328,0.035846214730943904,-0.4774244122314774,-0.4092299611146528,0.101232412708779,-0.5460096931795874,-0.08857439781185789,2.0
-0.9306457529888915,0.0767946538510541,-0.5281590379546546,-0.7273962196585477,0.07101041973859284,-0.5540740504050138,-0.10562691808612645,2.0
-0.6559828806655685,0.017113673871396427,-0.9181585189874631,-0.16310433586204412,0.10945601800668146,-0.33517684258194724,0.17400272528038774,1.0
-0.9367220213637093,0.051978006230638155,-0.5990855042499212,0.012583036134801828,0.03877689356412513,-0.5339125215867845,-0.13413298497152315,1.0
-0.9541244548078383,0.07196698735957222,-0.5417183360422827,-0.4568597963451955,0.06750863812655405,-0.5403566050944864,-0.12389973181430496,0.0
-0.8834009410387826,0.0535245191967289,-0.5915819945980674,-0.5669980950187091,0.07005074571648204,-0.5986749363550042,-0.10848143972896404,2.0
-0.9542202031962427,0.06578435622350526,-0.5054733458978081,-0.5031415551461802,0.08931376880574571,-0.5511540297230596,-0.11499896159351164,2.0
-0.967934475876819,-0.008357642416946802,-0.49304895267902643,0.1220881089535743,0.08407558075760155,-0.5423463623495833,-0.06924503795454288,0.0
-0.9524809005791877,-0.0034466945262974363,-0.5327611328094448,0.10847274273442986,0.0687224169622825,-0.5703477347804083,-0.050717999230255134,1.0
-0.92244207723805,0.09779489078272643,-0.5611260122252322,-0.5021456083042148,0.05838767869403845,-0.537132271414263,-0.16370586521069727,2.0
0.007979275329232816,-0.020674680627445874,-0.3148591715345795,-0.6227010114251884,0.154178807264214,-0.5479315438752413,-0.2818224268398958,2.0
-0.9568872320753138,0.05672996247735025,-0.5396742067172648,-0.39322715356713733,0.07379420875965673,-0.551117956521446,-0.07572960332087883,2.0
-0.971212016173864,0.0024104642538345586,-0.46379499535024465,-0.42190893204252233,0.13582278595318847,-0.586887227643261,-0.018087865403561,2.0
-0.4550597721324668,0.14984537688384897,-0.8566830794895621,-0.028791756895311937,0.03973268916661969,-0.44878291239748197,0.008165577345090727,0.0
-0.9543646514943268,0.04386836511329294,-0.5546760574229189,0.02462301151246918,0.047827359984513124,-0.5081593310666321,-0.12491475235970512,1.0
-0.6493221350572665,0.015725891713558694,-0.6033323018034684,-0.04945051354525595,-0.06140646796361418,-0.6360176180249437,-0.08560003707867751,0.0
-0.9767710755432121,0.016105841910515596,-0.47272194934771206,-0.1440176581611856,0.10028207133523626,-0.5420677669791991,-0.08391709910627436,0.0
-0.5308246884966005,0.21826936980594824,-0.4555858296948583,-0.7612543402814644,-0.05071342038278,-0.5914208968234542,-0.1451147864997911,2.0
-0.9848660588922938,0.0017192648639453162,-0.46886939879535156,0.09272971077707154,0.09939553700344274,-0.5269432983511803,-0.08512674771194896,1.0
-0.956871118681785,0.023268025719522967,-0.5389057607030641,0.04354835782129782,0.05805382961817883,-0.5499764078496276,-0.08225443671012936,0.0
-0.8399522692350748,-0.005337765088549412,-0.6338179979650277,-0.018553546795642084,0.03939271418248076,-0.564667021891235,-0.11746833426028461,1.0
-0.893294301786303,0.03987283743609838,-0.6527807977742845,0.057788156454686435,0.02376933034738462,-0.5880263316457872,-0.09342992138290944,0.0
-0.8129770227444816,0.04247900456120828,-0.6856440219155602,-0.07392028119587885,-0.008330735443570783,-0.6182040093365682,-0.0747117494093909,0.0
-0.29657748884437385,-0.05020296549956868,-0.5405394687842584,0.2352737554934599,0.09007815070760371,-0.5962447002863585,-0.13238988472708066,0.0
-0.8991319395257177,0.03704129588927173,-0.6388578075005877,-0.001218707579527717,0.024077061334859734,-0.583691346508165,-0.08955019440860555,1.0
-0.9363813888863133,0.03775914300078152,-0.5585088013902524,-0.012566872106064608,0.04047836542126851,-0.5188260355561827,-0.1631393067693248,0.0
-0.8380439043203783,0.16010467503646697,-0.6110069775439148,-0.9342496367193466,0.061445482831834076,-0.4668299143460276,-0.2390982116556651,2.0
-0.9737026879452633,0.04164942914178903,-0.5209623657081834,-0.12996513584275776,0.07003320130146773,-0.5273868939434042,-0.0901115378849816,2.0
-0.9590504405242978,0.0745620222038312,-0.5338254444690109,-0.33263483548945005,0.05631510946712522,-0.5229280327421726,-0.12324927598179126,0.0
-0.9647219897202556,0.04292304463689937,-0.5273350054094519,-0.15989708978135658,0.06409219360751764,-0.5273660756326136,-0.10189166648283665,2.0
-0.9670425168368264,0.033882026819230485,-0.5256017924672322,-0.0851804044730853,0.06961926477319269,-0.5255834583621962,-0.11137206318566419,0.0
-0.9717748009500105,0.02700964012142713,-0.5146248212213906,0.04699323030578417,0.06621482643379548,-0.5122174150222479,-0.1109095829360019,1.0
-0.5695719289702852,0.46283328093741566,-0.596000976875899,-0.006502291191039428,-0.0659737844854516,-0.5035441172736557,0.5271691334040284,2.0
-0.880325636241353,-0.050806976160505515,-0.548849490475498,0.13901833974511146,0.06918542666039743,-0.5954320141686638,-0.09570115569731233,0.0
-0.8482259068718166,0.07967562087181798,-0.6764581131162863,-0.10193200230086615,-0.005051803630288565,-0.5831099691522794,-0.13006826784824413,0.0
-0.8517194702876182,-0.06388509387000534,-0.4850036674384086,-0.27913431899825447,0.10050861780431722,-0.6048249544553149,-0.13323939242515986,0.0
-0.7060385419503161,-0.039567597471459645,-0.6752018715232094,-0.4942868568196789,0.10207856336529886,-0.6554026629592409,-0.06729486391482398,2.0
-0.9589896078769744,0.0692727221823578,-0.5200577006351798,-0.35291874275297974,0.07645378606094518,-0.510362661606247,-0.12466340283013667,2.0
-0.9632882942104064,0.017102622730049442,-0.5210906375849251,0.08983320991280769,0.06839359304534441,-0.5419383498442962,-0.09119699278359089,0.0
-0.9328352940107418,0.03384829404920565,-0.6062375168939861,0.008997022576618885,0.03938150193638314,-0.5733010827873988,-0.0778244003692463,1.0
-0.8751882749853677,0.052029943781677586,-0.6712989091728957,0.02630930007331625,0.02982164819223454,-0.5570178143016955,-0.14226777435164017,1.0
-0.9435512101529999,0.09924098725240746,-0.5311858638466538,-0.6461389444070544,0.06138453404620612,-0.5125299209989784,-0.15106675596655245,2.0
-0.9761227985902124,0.021316489312814983,-0.49941564542890415,0.045098445639078444,0.08162225411018721,-0.5396668315260366,-0.09708451807134827,1.0
-0.9668022137178618,0.06039594821738139,-0.500619634616273,-0.43304951383441503,0.09049200874787197,-0.5297182655139382,-0.09447992555972762,2.0
-0.9518821234393887,-0.009560905772543211,-0.5166839879367353,0.07916742390668491,0.09337059730035094,-0.5566536802368768,-0.07496365634771275,1.0
-0.8948166562193393,0.10919035360617634,-0.6502577281540273,-0.47911152301633536,0.013747231571103413,-0.5702234515679168,-0.12248880941383278,2.0
-0.9228912052280207,0.05082056929599658,-0.6266854653211426,0.008978388414580207,0.04126394622255715,-0.5640946084311305,-0.11701863006211578,1.0
-0.6335958020973159,-0.05956745391582784,-0.7646381901894769,-0.2664495869424653,0.0884536762621568,-0.6060164650642054,-0.04091478631825306,1.0
-0.9246551705326396,0.06957852598274006,-0.5277959101724331,-0.693767550011388,0.0709913278646761,-0.5591118617762565,-0.09387287990141767,2.0
-0.22972573636294447,0.5268214348104042,-0.197321050525175,0.5102651810169146,-0.12146919587196936,-0.6297732865159013,0.5006837709828352,0.0
-0.790030337657285,0.13460423971135083,-0.6857432878953511,-0.5721183440329576,0.03589341459304171,-0.5604211547234565,-0.0911895011066567,2.0
-0.9447585949088767,0.028555720305768563,-0.5844845926791904,0.038687477117246544,0.05930709790212574,-0.505413266339393,-0.0820301535113685,1.0
-0.9622591193882282,0.04839741732118642,-0.5376481804446038,-0.055698251080569666,0.05101488681728603,-0.5249239620007852,-0.13162958987843612,0.0
-0.9496467926675318,0.06080868428400747,-0.5688495847840997,0.0517051328073454,0.0400412273159083,-0.5096527986449615,-0.17488731226121154,1.0
-0.9653801355030193,0.027464894253338736,-0.5320242134777092,0.047123611744926075,0.06472836421372442,-0.5294429256461783,-0.10191207517381144,0.0
-0.9848040290601642,0.018905491176169083,-0.4544027026745428,-0.3162746281667096,0.11399234557082591,-0.5321131401453847,-0.0632443640222666,2.0
-0.9215584269444675,0.04261893995532259,-0.6154089940347975,-0.005222044145810761,0.037942628050022284,-0.5552212248686907,-0.11164341893015461,1.0
-0.28749848264341415,0.5649304192324631,-0.4099180943543387,0.25407226617828044,0.2876869089952468,-0.6528460005135797,0.2835891634913794,2.0
-0.8148189423710718,0.07115621111486249,-0.6761591067830524,-0.7046570760281883,0.005935075870701509,-0.6363860333166239,-0.06804785357991125,2.0
-0.9637592837748664,-0.00735340760177159,-0.515305341039939,0.10420316880471492,0.08313276602048975,-0.5599193021662809,-0.06307826284815737,1.0
-0.9263443662577725,0.0695920330177227,-0.6132142114921932,0.005350095192495685,0.0242137709732898,-0.5028472436040621,-0.17799488738212765,1.0
-0.8410941738632307,-0.03547933154012574,-0.5723926717794914,-0.15937434932756667,0.07857646821421677,-0.6522335466702042,-0.11827017068035478,0.0
-0.9219619697524685,0.12622095271472544,-0.5939696434596368,-0.7875964057839857,0.043184431459496436,-0.5456417358611216,-0.12482210499135488,2.0
-0.909491797684751,0.11654300392539507,-0.6297303697283746,-0.2256313079426141,-0.006688798350004466,-0.5338717372085542,-0.16621904691461026,0.0
-0.9767878078306654,0.05067597365887637,-0.5231590081462585,0.027944731120842614,0.05998204110172983,-0.5111366209478949,-0.11950326071081908,0.0
-0.9742284734692352,0.052779981972472446,-0.5294509369525447,-0.04846989783848643,0.05927699844387023,-0.5155751106650474,-0.11907900249671442,1.0
-0.9784295570896332,0.0239263851521753,-0.48327887287007,-0.28061299483823937,0.12035994022665479,-0.5711536457276644,-0.022382942993822083,2.0
-0.945553774137032,-0.023699174881793517,-0.5357585176017646,-0.035307843540452216,0.09959079454864038,-0.6240753503609424,0.007054477836383424,0.0
-0.9676782006698217,0.024262403832599845,-0.5143863313796905,0.12680278859850808,0.0643511770993004,-0.5358112768541431,-0.10695237312014265,1.0
-0.9645781702159066,0.039759390093549035,-0.5433998427753228,-0.02992875318880986,0.061144681506324114,-0.535868905044192,-0.10747344026611562,0.0
-0.9170571121905939,0.1146785829082584,-0.6660666052326603,-0.06606882742742923,-0.004701386551734452,-0.531315185945327,-0.163246592763729,1.0
-0.9471793210702711,0.020349200431558096,-0.5606136869255398,-0.09833761210269444,0.06858128978422824,-0.5860466089804445,-0.05687589339182419,0.0
-0.934071965738704,0.1099756022229915,-0.5600037008000058,-0.537855836432478,0.043502976018631165,-0.535666917466538,-0.15835448135327862,2.0
-0.8975957206795636,-0.008142699769986786,-0.6285378963054378,0.058376742418622785,0.05901713413923585,-0.6205055875107521,-0.054258080008889736,1.0
-0.9619635319346411,0.04194129004560762,-0.5427965325899776,0.0185492718901544,0.04822354467943239,-0.5241138634688541,-0.12228937974143017,1.0
-0.7150745086231339,0.4365229078229158,-0.4975056223610792,-0.06517153451138188,-0.007930520075968145,-0.6988423003001589,-0.1469593937590639,0.0
-0.7781549861632242,0.04843782103949801,-0.7293863940769043,-0.07920239771606709,0.009120008074470422,-0.6121672511691901,-0.09019211010688293,1.0
-0.9566665974980146,-0.0003363136266277336,-0.5319087057776462,0.21132683210651426,0.06665912955601264,-0.547824624278821,-0.09439837232507062,0.0
-0.9552871105772758,0.046204384769538656,-0.5607309748466759,0.11111929405053839,0.042178779888611254,-0.5165846612751521,-0.1412023797951682,1.0
-0.8623239594175935,0.05079120967835874,-0.6761568924970776,0.022917304217445394,0.013520097716203487,-0.5978254860466335,-0.09118611219627355,0.0
-0.6397180358235783,-0.1532444917862325,-0.5437599413885116,-0.24706001127734448,0.037473462264104855,-0.6347224553444257,-0.22480951533701984,0.0
-0.9318363648401001,0.06811679205570528,-0.5539166548734132,-0.5646874709818942,0.0735505765113113,-0.5704010647344852,-0.09063883115206177,2.0
-0.7663930434281564,0.01869693465476179,-0.7412675858841666,-0.10696249075280596,0.022967311315205435,-0.6237040303639543,-0.11833156048302598,1.0
-0.8852424951360662,0.12189506491255023,-0.5838625409436353,-0.8683340509805332,0.05363874198849236,-0.5688770342910697,-0.13175692034873696,2.0
-0.9215606156027536,0.06684638126678151,-0.6447791672019351,-0.026341485070169368,0.00901264232367599,-0.5611722665028825,-0.09760951556611636,0.0
-0.959801082287653,0.004381150825741982,-0.4752603241901183,-0.40478997877737066,0.12428273593406522,-0.5880121832835861,-0.011316097693617536,2.0
-0.8637534040747946,0.08683994719438021,-0.6917674691858816,-0.22146977783924332,0.018204985882769288,-0.5924178707848482,-0.13124627807504136,0.0
-0.9167567342320425,-0.0011431566336407295,-0.5013813719968798,-0.38930848400521734,0.11264410588499309,-0.5913558231214348,-0.036376260051591655,2.0
-0.6445703621189337,-0.1136345469120085,-0.6949150963016955,-0.06493660735391177,0.03898863592145922,-0.6938418849198944,-0.03788131295668977,1.0
-0.8944599679363309,0.05615369796114744,-0.6220947252075003,-0.38048062059332743,0.0510894333638397,-0.5790691868910738,-0.10064198178775184,0.0
-0.7632872010880595,0.21965567616421272,-0.664941338054233,-0.013155212774346947,0.011965738023251495,-0.5950681180329633,-0.1890428003545787,1.0
-0.9811357737738807,0.01586847730990325,-0.45290442931417313,-0.3796723551505984,0.12181520891976794,-0.5411765537240756,-0.04022551161853108,2.0
-0.9683258263557488,0.0621585662281577,-0.5385131406066459,-0.06035802192490905,0.05208744889975039,-0.5117266831958813,-0.14505352269427868,1.0
-0.7612621473384625,0.09906111598050632,-0.7263243324119706,-0.11376351903587509,0.019229638195011958,-0.5538466879630922,-0.09895048694733637,1.0
-0.6431076021598601,0.003876488577449204,-0.7853386049360842,-0.10821245442373893,0.062340928072578274,-0.5088218006674508,-0.06572910651750255,1.0
-0.9303049966704087,0.12476758587685664,-0.5653287038350068,-0.7972808737994331,0.050681695645395326,-0.5483882792913969,-0.11985071073190887,2.0
-0.9657305129104463,0.06306417488764243,-0.543964623547328,-0.09336995318827748,0.053413055538871324,-0.5094552703708661,-0.13972137505353543,0.0
-0.8714128249230864,0.0670772130407179,-0.6879523398476716,-0.09355923071569558,0.04006512376595965,-0.5436307561084374,-0.12432904033197503,1.0
-0.947045845659643,0.03633192919024179,-0.5757334521589202,0.027764487774272123,0.050256444703485906,-0.5488156087203582,-0.09865616441663423,1.0
-0.9001464888360975,0.09098406794476713,-0.6640985500494949,-0.16290306356456521,0.006290975875700086,-0.5077675842004514,-0.14875304446045973,1.0
-0.8633846251915327,0.011337366408611722,-0.6875530709616244,-0.23856479271668296,0.030569235879542748,-0.6371482065566393,0.031067386152697662,2.0
-0.961541148052762,0.04791993363634274,-0.5540615752643772,0.07023038987294195,0.04529390350694755,-0.5349222223281077,-0.11155443797629941,1.0
-0.9418560828894152,0.0949745731338066,-0.573514066662556,-0.08548135925677863,0.02142541061126539,-0.4831846421142567,-0.21640912777887172,1.0
-0.7522660907296899,-0.07956966706868551,-0.6008446316051018,-0.08192638300065387,0.028497015864007692,-0.5696897905091618,-0.18354072150651105,1.0
-0.8878874077994875,0.0625774844751547,-0.6546073972503473,-0.016709639843567298,0.027277995636488944,-0.5208608077126047,-0.14502193284742376,1.0
-0.8763236067313724,0.04375114942344183,-0.6807197123204981,-0.005554227157540614,0.030383307271367243,-0.5654219247000145,-0.09997167650639954,1.0
-0.9304714335630243,0.03248347227601189,-0.6105011520199918,0.009122613217005804,0.04972536166327916,-0.580135664701321,-0.0840131156412436,1.0
-0.9563206854586378,0.025732998524466755,-0.5455918403804755,0.01894008716781362,0.06266826484314429,-0.5381195960155473,-0.10463039443404198,1.0
-0.9796387442684485,0.03915113992471276,-0.5111192571602685,0.06177633269976096,0.06438373572575225,-0.5042998206655257,-0.13405918048120324,0.0
-0.9421395308298498,0.04894130744512417,-0.6038302644378082,0.06057477267027506,0.03793959236934197,-0.5407063218866621,-0.10539789427340572,1.0
-0.9813146133253282,0.03427889444809541,-0.46712073205331517,-0.38489295124505757,0.11001874452246965,-0.5409815000065078,-0.06823973752945206,2.0
-0.9223106842727822,-0.03652476580377806,-0.5489733179858606,0.15295761736220198,0.07834348484483024,-0.5914282850014182,-0.06838892894938259,1.0
-0.9769497610288861,0.008569323597362816,-0.49989780650962734,0.016694886516141233,0.08900698706085924,-0.5579027828508852,-0.05943451845641674,0.0
-0.9159862535073924,-0.023247093183268494,-0.5148010097674979,-0.2578960636216767,0.10804300060377939,-0.6046944540775031,-0.027636753191311106,2.0
-0.8942947644794453,-0.06286388166472444,-0.49306156302725856,-0.3674168510871316,0.1326757851295972,-0.616680511641914,-0.03317508467546168,2.0
-0.9837905596677426,0.02751383627911894,-0.4911441634639454,0.022649992541039166,0.07478737197350013,-0.5068005131633498,-0.10552764328436805,0.0
-0.9705975813971135,0.027644691011264714,-0.5396148026437028,0.08003955342804164,0.06407872431442814,-0.5399885288632702,-0.08751555868436892,1.0
-0.9699316828978053,-0.018070845629447413,-0.4867737299613647,0.15345775673919126,0.09063981119364531,-0.5460520767227458,-0.05312392736605402,1.0
-0.8603786838102051,-0.0004661185710015253,-0.5230781456484518,-0.5748702506767176,0.1070273244169346,-0.6299581938587204,-0.10005449907497901,2.0
-0.9512227087006959,0.031200040066402257,-0.5122780125074732,-0.4072069707770041,0.09884241230392032,-0.5412192685989977,-0.07514304509693556,2.0
-0.9605996602184099,0.04738425246487162,-0.5328534742225629,-0.059112691907857756,0.07345158510057019,-0.5413064571572136,-0.12020097233045425,0.0
-0.8844912874916505,0.029038481938149455,-0.66078592733588,0.0015882618833437112,0.031433845172062796,-0.5899122044679647,-0.0726546359676878,1.0
-0.8429078801090825,0.06435722876724387,-0.6744275468161673,-0.32397589543849353,0.034638969643136425,-0.6027108429787528,-0.1194175917795685,0.0
-0.9554103188632681,0.05886545721036848,-0.5649711611789175,-0.015345976099870512,0.044565780299501666,-0.5272725741054509,-0.13335817352723345,1.0
-0.8532317728741637,0.06610724800231,-0.5931084053521462,-0.07756752717151688,0.004596085805894094,-0.46317752979548277,-0.2108803670296157,1.0
-0.9640166158545955,0.03689715721908467,-0.5203318450498423,-0.01636707310635266,0.06472142618100613,-0.5175344351439009,-0.128250957402045,0.0
-0.978847170174366,-0.013522317626282053,-0.475199393034116,0.06871423332151672,0.10169878254402821,-0.569674039686526,-0.02725710484430867,0.0
-0.9677070613084112,0.016830776763147922,-0.5091127025802874,-0.022849715585335384,0.07986601482394677,-0.5489469019789963,-0.09209414465839513,0.0
-0.9860770706503775,0.009065512639533105,-0.45497847098641775,-0.29048755417583233,0.13032842974240558,-0.5612364020531612,-0.017921400959179185,2.0
-0.9259087730923303,0.04644328316832282,-0.5114118533133264,-0.6179410341206732,0.06765855404135554,-0.5457365376964485,-0.10709138628211926,2.0
-0.9278111866444535,0.0977798225132796,-0.5799999197335993,-0.49920218354562684,0.04901095298915579,-0.5434904573048865,-0.14527060167453998,2.0
-0.982033593653485,-0.004122157216283208,-0.43948245584008827,-0.2536569743525156,0.14117272484152824,-0.5708473308522779,-0.0058537715571743976,2.0
-0.9766044832611187,0.010197535998444446,-0.4559903762756957,-0.3452779825675526,0.1263708166119948,-0.5643489270364083,-0.03693937072097288,2.0
-0.9668230217693794,0.05708466987032471,-0.5270258460712245,0.04611573694687998,0.0521200881512001,-0.48899758767245016,-0.16349102182931452,1.0
-0.9430649611461595,0.05697721317861007,-0.5805392085513268,0.10990532062672387,0.0403402739028096,-0.5178534641324777,-0.15791195708874534,1.0
-0.9258718616468073,0.07879302212220568,-0.5551672887496585,-0.625747743777699,0.0484257219322793,-0.5250709082665235,-0.1237937306619147,2.0
-0.7940001457627466,-0.031574532414325604,-0.6220932457438738,-0.1748381572616733,0.0883228180922157,-0.6304930689731932,-0.13429037143320313,0.0
-0.7401888405251967,-0.09385688258893404,-0.5890356190221683,-0.06191894767403572,-0.008731144230815585,-0.5838499377270647,-0.08229874841130784,1.0
-0.973647827588995,0.08144881880801355,-0.4970153028401487,-0.2537207264768728,0.05232716198578107,-0.4675646860254194,-0.19220821600065902,0.0
-0.8248354615036608,0.05686687087062449,-0.7104364460486084,0.0018243250560462665,0.030241321728130276,-0.6310191309279617,-0.05167502180385304,1.0
-0.8197335586902074,0.032898431192996694,-0.7092425449639281,0.01582169745909026,0.03695672807948082,-0.566803924701956,-0.12920566200107292,1.0
-0.9631708271437399,0.05287103587573991,-0.5248113418831631,-0.1919838292090185,0.05895142373857903,-0.5264201771175294,-0.11208790529548233,0.0
-0.9349033977613034,0.03953734769812239,-0.5773536726640858,-0.3217143402740009,0.08532110221431453,-0.5979816824244676,-0.024840663322071965,2.0
-0.7585727226269521,0.030662218607097107,-0.7913352465875368,-0.10161125869673923,0.03996162299220753,-0.5303557575317834,-0.0861238079408333,1.0
-0.9054232481092417,0.014398982293467276,-0.5390902267863248,-0.43350709336966625,0.10351565187718118,-0.5903158862492596,-0.03957801828096811,2.0
-0.9097006547892477,0.0907492067644206,-0.5625264904506264,-0.08684302005457131,0.017204996218724088,-0.45928553849182924,-0.1780953831065576,1.0
-0.6822086521788977,-0.10637893000849444,-0.6817511147742132,-0.1350631956292047,0.03384473142345971,-0.6744400409641287,-0.07684635632849461,0.0
-0.9317276061166001,0.04354396069479243,-0.5949593149785302,0.041831488406402745,0.043919672183426794,-0.5787806165144627,-0.09620222739514842,0.0
-0.7745913556812432,0.09869915298522701,-0.7009275114321978,-0.09572230420841614,-0.01833100857746535,-0.5229656753337388,-0.09676592478150298,0.0
-0.8294297243066827,-0.060716866770377506,-0.5937877705529792,-0.28654134894479366,0.08916199611230313,-0.671942184993052,-0.02102183380271125,0.0
-0.9017480350602457,0.11275962474003075,-0.5767737130102208,-0.8204624684312647,0.06643480990991486,-0.5610121941842406,-0.11776078405685164,2.0
-0.9477867743792303,0.06045133303028319,-0.5828358087142761,0.07307517573514655,0.03273228980928085,-0.5149891726859327,-0.14486671420022706,1.0
-0.900637316500232,0.10989595094559229,-0.650594567685275,-0.25294318549542205,-0.005594131336226438,-0.5163511279216201,-0.1899299889790284,0.0
-0.9599598137290998,0.015460403410379232,-0.5252701034277715,0.033001173433242076,0.0665309137257891,-0.5393053929423688,-0.0814050664733118,0.0
-0.9898333713941976,-0.009270318704388124,-0.4569264323823543,0.17383008175047182,0.0971240050750752,-0.5111395416541427,-0.09024477508175167,1.0
-0.9418840034850358,0.04092767760434923,-0.5749898209472855,-0.047754124678334314,0.053056753245758946,-0.5490768323797685,-0.10010359846547799,0.0
-0.9591521116112801,0.04889069764782778,-0.5375783611003818,-0.0687532980605709,0.04085814993901074,-0.49896780525857987,-0.15568590481297373,0.0
-0.5111930968405396,-0.0409074453525137,-0.6504770689170474,-0.7331397326805337,0.12765351843311296,-0.6069281481423698,-0.20761923953843697,2.0
-0.8198816540972184,0.015720591449536803,-0.7189452764563659,-0.006081921841946891,0.042086106923526545,-0.5692281487187426,-0.07060195591770381,1.0
-0.7580878939108271,-0.07908927245344041,-0.6129784148350305,-0.6422369604921279,0.024891607854899224,-0.6914469404007048,0.05364323048199954,2.0
-0.8196789495369793,-0.05296464710566677,-0.5983911871254418,-0.3024858151371956,0.08516946866455473,-0.6637012120111493,-0.05344271319085301,0.0
-0.9674179781291428,0.04605373890523622,-0.5464313836506993,0.06015061746288902,0.05753091090290988,-0.5231433521614756,-0.11564584780408867,1.0
-0.9276619434003021,0.03897578304728251,-0.5079043459837649,-0.602125769204607,0.07667526726861394,-0.5420071545369711,-0.10314491620999472,2.0
-0.9301631313596912,0.08606692503433334,-0.6089414012166672,-0.125583734997045,0.02284950003322643,-0.5154535211945639,-0.1662331282135233,1.0
-0.8642933579406614,0.02040365195171697,-0.6909470676202124,-0.1274111745396351,0.03047777430593768,-0.6499034559283057,-0.026187905341141376,1.0
-0.9647293545905186,0.025063846039083914,-0.5380112649629628,0.07571855833907504,0.05533662938784564,-0.5166604281284944,-0.11511817095264043,1.0
-0.907610154330427,0.06297579659772964,-0.6218988468343276,-0.07842285843043685,0.020084406452648862,-0.563987229140714,-0.11007720523586476,0.0
-0.9258731229252989,-0.04184089057017508,-0.5345682239672164,-0.04403233828859007,0.10968845112386205,-0.6311554219929766,0.009093205064809887,0.0
-0.5450192346994561,0.43908025455305044,-0.6219252280232634,-0.3047383845184257,0.16205492090263846,-0.6365434895278995,-0.007634202877585275,2.0
-0.9632476133141683,0.009155789921120518,-0.48539130635277494,-0.32167347404911933,0.1086049083003135,-0.5740319461374356,-0.042035247505600774,2.0
-0.9805795503103442,0.05188243687246854,-0.5151860557179818,0.004573932402595848,0.05528260355880043,-0.4957363991880669,-0.14385049944732378,0.0
-0.9312727914213308,0.11325618370722312,-0.5709501070251741,-0.7843680941228754,0.05042057947018674,-0.5497990900460132,-0.10607000287794104,2.0
-0.893477621077119,0.009655811721814032,-0.6255014029295428,-0.2090710380704072,0.09210827698333855,-0.678370134106362,0.019184036262752058,2.0
-0.9774733994036611,0.015205693115284646,-0.4653008174590875,-0.339413109910334,0.12341981146895534,-0.5582726120435494,-0.0369833520474068,2.0
-0.9280749626439194,0.03795073410510317,-0.5845285061800337,-0.05953847841806276,0.03107778034153376,-0.5643247084829388,-0.11697096460425514,0.0
-0.9698479953630966,0.04869926480366917,-0.5322137869131556,-0.14364425353856422,0.06863942115533772,-0.5305394041407459,-0.09438896085041026,2.0
-0.9652462278690773,0.008080643758755397,-0.49263026480634675,0.02925643449327267,0.08508098702501968,-0.5411392858681968,-0.09662601925994198,0.0
-0.7446220077275313,0.12816699633893874,-0.5738129661779329,-0.9330904235762807,-0.009225697035610742,-0.502110389267612,-0.2504933685405102,2.0
-0.9683883999742243,0.046807378077046324,-0.5485886603406916,0.005490466842196007,0.06038545301017191,-0.531220404256512,-0.10631583429409361,1.0
-0.9865669528651174,0.03988794832229063,-0.4483017538210988,-0.4463023595959311,0.12261208565744375,-0.5281485550287115,-0.07410085163251565,2.0
-0.9578824279477611,-0.02400859755946888,-0.49562859142380616,0.06384183267677762,0.10272589161315913,-0.5812705720812616,-0.03074915901507981,0.0
-0.8648641323611326,0.05815276999686361,-0.6406924857483016,-0.41538709221381387,0.05481018668456816,-0.584448333796955,-0.0857540453020854,2.0
-0.7865731422303905,0.010374657151719278,-0.6146469413217394,-0.6141652381885159,0.07286095639406119,-0.6531162951653802,-0.08774404914658632,2.0
-0.7542247961113024,0.10304878157600666,-0.872524641812314,-0.25244031599727806,0.07211336017948339,-0.43543017856152344,0.015302658807861497,1.0
-0.8391255110961585,0.05301828677674992,-0.6576622444016256,0.05007506128644512,0.0185434665417143,-0.5813667546382406,-0.15079426093372994,1.0
-0.8781823639984736,0.03494642872768372,-0.547407254969722,-0.7437981210308561,0.08618617448577283,-0.6042261971851947,-0.04535393557364159,2.0
-0.8759132949782056,0.11109002171310438,-0.6400185672762867,-0.4964810036851373,0.02137977900418718,-0.5278974833430081,-0.19570788964517782,0.0
-0.9459566954648071,0.041139624095262034,-0.5579394345135402,0.05066261207134842,0.04985560273455966,-0.5282202557343588,-0.13587874045047604,0.0
-0.9655486988311924,0.05093487380604883,-0.49517354729287133,-0.5044624747283968,0.09863414630568568,-0.5531255120589352,-0.07381306718328011,2.0
-0.8687655780322099,0.057912583836655165,-0.6877254976445275,-0.025691252207330234,0.04623952304790292,-0.5767803426625847,-0.11156802712572252,1.0
-0.9350379338620409,0.05142689731112821,-0.5217163619857215,-0.6184407693685321,0.07483802116567673,-0.5540621352623075,-0.09085167279455243,2.0
-0.9491141553433601,0.062379278487675334,-0.586979727893516,0.06529599768877142,0.03209999165402984,-0.5167524853281841,-0.14637853462848704,1.0
-0.7884788536419931,-0.04152048725099339,-0.6002973775945137,0.05170199952188742,0.0841317616592766,-0.5422400334484159,-0.2203509186759673,1.0
-0.937984042675957,0.06063155570064002,-0.5636189672701626,-0.3499965692816606,0.0750458752714086,-0.5544117980714329,-0.09773440447222781,2.0
-0.9838965843062074,0.01137578697203779,-0.48281555574135177,0.1063672261829563,0.08039016149883808,-0.5260815987281083,-0.08717229018185146,0.0
-0.9202678815906697,0.04450028334709244,-0.6277562322275081,-0.02506119417205685,0.03555095004921971,-0.5777561133289727,-0.07525926651279603,1.0
-0.8816077580498741,0.09875494316080234,-0.6121783451092327,-0.35572743575535026,0.02397992879904133,-0.5231351255919164,-0.19980776363966762,0.0
-0.9784509284539535,0.020615599452872106,-0.5029612831545545,0.07796520067584678,0.0777068809881164,-0.52344862334368,-0.10489832690115583,1.0
-0.7024952093585398,0.10090111747794321,-0.6279421361079649,-0.7857124147486526,0.04002865344123864,-0.522014090419489,-0.21782098537299271,2.0
-0.9908457290685508,0.022151809588446744,-0.4254844815963419,-0.3339337015131474,0.12971954796298424,-0.5302412048911933,-0.07486133859065916,2.0
-0.9750513074585662,0.034148646538716625,-0.518612841228386,0.07671093115008448,0.062095374462784673,-0.5154121815756655,-0.10694751999541345,1.0
-0.8591463360855606,0.07523723221366689,-0.7414546646427069,0.03708118132382934,0.006899996364230804,-0.5865301815483566,-0.12037032277262631,1.0
-0.3357537460582084,0.7644769716234765,-0.35227636570696547,0.9589815429615464,0.17453771216152936,-0.8505270481827969,0.1104651411112623,0.0
-0.8572244869288785,0.06478508073160973,-0.7137438341642618,-0.004071210677067755,0.030343738953223592,-0.5969618552800241,-0.11692491020697501,1.0
-0.46867773107645555,0.30997634355291365,-0.5486711581776605,0.3863473236956654,0.2577279723967998,-0.7947569841786299,-0.2969208312472855,0.0
-0.6174684601942271,0.5693601291737368,-0.4769140667697509,0.6134360955647764,0.17578413764974227,-0.7806477950299624,-0.1507777812830971,0.0
-0.7654622305094351,0.2072798610338163,-0.637591637626014,-0.9011665883980572,0.021670395814848392,-0.4709025648984739,-0.25608574338199575,2.0
-0.9671371362391703,0.029996163730277362,-0.5198252314899776,0.05195119272432369,0.05871005585396782,-0.512115728669665,-0.13754072970794573,1.0
-0.8864130485362749,0.21427098543506853,-0.6575149054137792,-0.43346384853909214,-0.0012040391981178872,-0.51417486155761,-0.28218485646111746,0.0
-0.927962745031429,0.1135700351576988,-0.5506337108836407,-0.69999757018637,0.05158454607023461,-0.535434096858395,-0.13852564291419361,2.0
-0.9092590407383337,0.08594580412636704,-0.6290110181508587,-0.08876790925545762,-0.005885200199626614,-0.5138131174101981,-0.16696784830196987,1.0
-0.9498572958943524,0.0877840304873765,-0.5331250601656714,-0.6466223013733283,0.0660626065736039,-0.5330511197863603,-0.11679549004902895,2.0
-0.9871562714290554,-0.02920379300070837,-0.4410755651612201,0.006563593313199445,0.1163375456195573,-0.5595681968811687,-0.022962105203772384,0.0
-0.9313894408356281,0.03425077798793613,-0.5727533253168258,0.05853805290603825,0.039394979489989906,-0.53371011137253,-0.13482180653218018,1.0
-0.8673341904750456,0.1461639536393542,-0.6814303751534329,-0.3487809870537386,0.023282897585068338,-0.4205650274718155,-0.1626654955826656,0.0
-0.9591065389013514,0.03823589737578874,-0.5478243184396061,0.04302079602449502,0.047747988185172986,-0.5222291728930125,-0.12520256680126546,0.0
-0.9179675683231793,0.011375463807708493,-0.5841936048110604,0.08355020611774078,0.04156450573517744,-0.5409953974360875,-0.11171536779341064,1.0
-0.9817242476679324,0.029574475951829025,-0.45539834240232313,-0.3525353217516164,0.12868902250152386,-0.5514911695177199,-0.04809664914511787,2.0
-0.9087761125194903,0.054074047974358434,-0.6398647060683595,-0.043040564808982634,0.031972807010143836,-0.567487248990148,-0.11699489886855302,1.0
-0.6801963326998695,0.16186085168006747,-0.7955598026097721,-0.10594454702967279,0.005196600414741778,-0.4057905142136456,-0.04692625970119908,0.0
-0.9495257847329883,0.016694001712270378,-0.532226182944972,0.012108168900275246,0.05897125289672104,-0.5429644034518314,-0.0790064592876251,0.0
-0.6724617884172321,-0.13931967954104726,-0.696729435940844,-0.24519064488046,0.05148022016752019,-0.6209394373925825,0.0678042750172253,2.0
-0.9509265957080186,0.04749589446386893,-0.572342134560004,0.020473635535249196,0.039903194213471924,-0.5401436036685677,-0.10547449392744809,0.0
-0.906068438689588,0.09714834756730596,-0.5856753339491503,-0.8546839767187342,0.06252822650314355,-0.5621936599658192,-0.07891120662687992,2.0
-0.9269712021419959,0.049223318746496936,-0.5447252770757991,-0.49882584240977695,0.07971941340337493,-0.5815660096630015,-0.08706351286339278,2.0
-0.9118492599743054,0.09465322338002644,-0.6151445233747703,0.11215457211657243,0.028416038780712798,-0.5324232435438556,-0.209425839451702,0.0
-0.8849588341412489,0.10314564731878696,-0.589044621779667,-0.8350530967165276,0.05440153340669778,-0.5705730894495546,-0.1075569731236711,2.0
-0.9264808853955693,0.030100785119126512,-0.607310106085343,-0.04009349162800441,0.042866281347449506,-0.5774957567746389,-0.07580299309889149,0.0
-0.6964249524819552,0.005778789156897682,-0.5869852297631315,-0.5501827410944035,0.07327212146716021,-0.6308687697366783,-0.10080901691257733,2.0
-0.9807799771972474,0.010625430934134407,-0.45943367269374225,-0.3975300233297299,0.13293847502540868,-0.5845066549865393,0.005563221530231283,2.0
-0.9441567128193252,0.084834703883892,-0.5239211682103976,-0.7319211682175994,0.07249218241331393,-0.5292249641529141,-0.12363369345042691,2.0
-0.9093769232534497,0.05742480959605057,-0.6188091289958877,-0.3605965130100376,0.059535911799112884,-0.5735768909716075,-0.059721435592293336,2.0
-0.8150721423315187,0.04663361504015052,-0.5181688705034657,-0.3556881096970818,0.03188949298435564,-0.5987578882808613,-0.23634708028114992,0.0
-0.9283688195301135,0.03695360554601179,-0.5819851547936442,-0.4106272312941966,0.0794130548041535,-0.6192069767084163,-0.03398972754256631,2.0
-0.5389374026466607,-0.07009908277129318,-0.5008347345685865,-0.7218518982697186,0.12443287211372982,-0.5734760286283432,-0.2186528229165212,2.0
-0.8940097345787066,0.015101236376568569,-0.6312854477247236,0.03295676623851798,0.013621037232269595,-0.5284062828659015,-0.0957319002405032,1.0
-0.9395610378331487,0.04277191105753695,-0.5331043506981893,-0.4916180100797892,0.07839275021030032,-0.5614353611941727,-0.08744455062103361,2.0
-0.9380942468568783,0.03330764627720177,-0.5730789510857837,-0.09270758894933323,0.07469080166069264,-0.5824199771542331,-0.06722206224758243,0.0
-0.9878359804949574,-0.006567170352781121,-0.4445975123671421,-0.06837592417982799,0.1196574855386918,-0.5503757879972524,-0.0491947861553875,0.0
-0.9378228013144971,-0.020607546057386864,-0.5441879014124427,-0.011627160769073552,0.0930614328292175,-0.5912170939703453,-0.04012878808397305,0.0
-0.9225167934667818,0.025225668574080894,-0.5403968293135438,-0.4046951814205322,0.07712747865483921,-0.6054386896079405,-0.06099013312445043,0.0
-0.9531420932375277,0.04437175307538155,-0.5745126969471076,0.05744376754794045,0.04394143850861598,-0.5301347518913117,-0.122536543783694,1.0
-0.9656186470671512,0.033951079743558904,-0.5279740256599204,-0.12172474525252515,0.07474663526291911,-0.520583995346649,-0.09586762049161494,0.0
-0.7929121179773744,0.09838290463037691,-0.694608997491867,-0.05743536732243365,0.013493499659522998,-0.5519912900898349,-0.19432830608141383,1.0
-0.7626404710865701,-0.01010187423497387,-0.7440039548197317,-0.15931669775620075,0.03942752063013388,-0.6627849913729555,-0.06545460447113705,1.0
-0.9146642126185939,0.08494190313637168,-0.6059513399241352,-0.4584330875124433,0.037070564678400864,-0.5330754647724523,-0.11788242652108506,2.0
-0.9829299947376327,-0.0036149433159433017,-0.4333793061155088,-0.34328517490726207,0.14830807978292285,-0.5978698592808659,0.01770053829515876,2.0
-0.7430946882459147,0.07540278183836174,-0.8071685340162287,0.04611363499299667,0.09567162022826398,-0.5131889154529808,-0.06064639587247241,1.0
-0.7821495206080189,0.007017137745046746,-0.7049541687686748,0.020529157739899523,0.04702528772771758,-0.6081861753528313,-0.1021374152596938,0.0
-0.8806148465548175,-0.01531127846205927,-0.6260671809260615,0.033204675601495315,0.057927778455416544,-0.6532292905100543,-0.011984726495918224,1.0
-0.874244790193311,0.0779445192603239,-0.7090400272498296,-0.0028425865034278075,-0.00010482804812548402,-0.578536600631393,-0.09216059327654759,1.0
-0.9866123363564958,0.004098403832860732,-0.4279020086879635,-0.2607444231090381,0.13961860574402835,-0.5552435460698404,-0.03671255899812674,2.0
-0.6826606221213034,-0.0114326212027194,-0.7703584737336644,-0.19536174315163396,0.016502910555131638,-0.5781671514817598,-0.0968881439060005,1.0
-0.9764521547365521,0.013359411788581445,-0.5045771316288534,0.09626423351918867,0.0757130721003545,-0.5290124778196417,-0.10052055580426661,1.0
-0.824398626980892,0.06155413280443077,-0.6830023406635096,-0.6306756764053809,0.04889998427089469,-0.6247437649578863,-0.0770385208456005,2.0
-0.3599050064296131,-0.15131687108017244,-0.6417454949355217,-0.7244693150369615,0.11201490895484134,-0.6304645960578857,-0.12963258641774678,2.0
-0.9344653628606878,0.08277992226690681,-0.5709405265832176,-0.5422780527928551,0.07042224054563996,-0.5811606173126591,-0.08328153069956215,2.0
-0.9389731754009784,0.026648740057297133,-0.59258625647451,0.05690273731579781,0.055509703064119134,-0.5608311622178999,-0.09272545108702014,1.0
-0.947382003332185,0.07661177144016638,-0.5766016825541179,-0.058731474901437736,0.035205610815352145,-0.5376745436382666,-0.1578075823535521,0.0
-0.9073311464773949,0.13077966225784501,-0.575880879870005,-0.8469021696512037,0.033774365935041434,-0.5311627138033594,-0.14003403928414052,2.0
-0.8987168642327666,0.05573785965114731,-0.6212816699022622,-0.1007528716894762,0.02505156687546855,-0.5500422258328419,-0.1145181417914079,0.0
-0.8987669992666752,0.15689522715419796,-0.6504803903851495,-0.1493250470435808,-0.004422836705276309,-0.4824277437618155,-0.24077792593097805,1.0
-0.9340692099093673,0.12166810654735719,-0.5839130279222321,-0.5980439168486475,0.041824835352118284,-0.540567929425139,-0.1551837695540338,2.0
-0.9536954415126941,0.02870000682868656,-0.5405886453215281,0.04413061737196794,0.05446921301275995,-0.5378549754161224,-0.10098124838156795,1.0
-0.9757927893980252,0.0005134657429207573,-0.44884690161736224,-0.26457478390294137,0.1256763568191119,-0.5603330984734942,-0.03919541183868341,2.0
-0.9193357382436177,0.0652222348784645,-0.6235351248974919,-0.4042346819267017,0.06568889167645162,-0.6073131510750721,-0.04862328750832531,2.0
-0.9251264429849926,0.07443139393872834,-0.6136134742327708,-0.32750364957709366,0.041098322881879715,-0.564789451231846,-0.09622033960665116,0.0
-0.9762169763759849,0.01648366648645474,-0.46139862546589633,-0.40751608281243684,0.12231324152181894,-0.5711546491457931,-0.022357859523935666,2.0
-0.9528441037590167,0.01893907394124573,-0.5470721175683035,0.0383124726127794,0.07493634286388903,-0.5493336148656561,-0.09355223899049768,1.0
-0.9598925896422542,0.07386528060725348,-0.5305270848579569,-0.2147840008063473,0.042797404069410835,-0.4991872424220781,-0.16202066928612066,0.0
-0.9344287970150322,0.10234628190042702,-0.5638531685993265,-0.7325222088152746,0.05306394788310184,-0.542414759135166,-0.10737331593632561,2.0
-0.9094211955874405,0.014921059487881812,-0.6195508131363919,-0.16303366127142813,0.06335825075008468,-0.5980598823218608,-0.03067128494202552,0.0
-0.9352022041485132,0.086901545386029,-0.5913676949250732,-0.21309721496509798,0.04459389634880823,-0.4873009468373224,-0.14696163814644334,0.0
-0.9816635145317671,0.0186574872149252,-0.47043987451251174,-0.21085758063765572,0.10282119133141929,-0.541747103723187,-0.07126902373011243,0.0
-0.8562027932460442,0.023191916312578567,-0.680271142830019,-0.018145618304169664,0.03182643225874897,-0.6160257771352335,-0.05011949413003761,1.0
-0.9359798020259491,0.10800065180951668,-0.5766453201227492,-0.6653814591738607,0.04866797268648945,-0.5403390340961801,-0.11940064580812755,2.0
-0.9323885767440964,0.07178380358014003,-0.567996252642896,-0.29502655249370646,0.04379342915575952,-0.530904406935294,-0.14973187918601588,0.0
-0.9431535712912812,0.05628527718307584,-0.5854625993865198,-0.03202723230906218,0.03736021032617583,-0.5401859812115869,-0.13122243524498614,0.0
-0.9812869064982483,0.03428012469926635,-0.5039051518613432,-0.014997700099993905,0.0768213437445354,-0.5263598177580261,-0.10927585610520804,0.0
-0.8647472182388631,0.017866134812969788,-0.6894820913873585,0.05753476236580285,0.05588273378504541,-0.5904514652110675,-0.0672670436711378,1.0
-0.9507365066679838,0.054115766948354974,-0.5113428214335343,-0.6020953614105475,0.08846551244947731,-0.564412975991917,-0.05793085558190334,2.0
-0.7943190465869644,-0.073877273195652,-0.586268827900128,-0.09471407767780306,-0.0011906481070672048,-0.5019776243260885,-0.04268860568659999,0.0
-0.534327702620462,0.0008915419828483262,-0.8504833779385494,-0.0031780275542602765,0.1564628963082609,-0.5878326436295805,-0.07703318092551259,1.0
-0.9483723786531233,0.08713445795964637,-0.5410848432790721,-0.5968354412611526,0.060790340236341674,-0.5288014214336374,-0.1222581629504846,2.0
-0.9618162407604305,0.0020437393466189585,-0.5277087501288413,0.15472088430714598,0.07035532495400357,-0.5500451078050195,-0.08031928780760683,1.0
-0.85683641776661,0.09456805383037142,-0.7101075536176398,-0.26130195465157785,0.045313909322529496,-0.5599582077560992,-0.012474898827087896,2.0
-0.989916746099819,0.012117289759286526,-0.44864145208161255,-0.24281389082802474,0.12479202431095224,-0.5543571554813794,-0.04267830632699778,2.0
-0.8057783519652094,0.016767627769227647,-0.6228679568820322,-0.6844964915827637,0.021264824975532344,-0.6094448459510161,-0.1112159588876696,2.0
-0.9310466238814871,0.10637593378957888,-0.5697082954239538,-0.718621091834798,0.04628063645971389,-0.5166827035832485,-0.12994614080878353,2.0
-0.9295120630082248,0.0305687863625608,-0.6027443856121003,-0.00713937270116452,0.052455956056123756,-0.5736588951704865,-0.08788446355865683,1.0
-0.9060322081025537,0.017201782846124697,-0.6377443086654102,0.0011127148958850475,0.05387758270068657,-0.5842619025939279,-0.07521892067226012,1.0
-0.9010627047358534,0.08856107275187233,-0.6478608054437431,0.017396780987186444,0.012373234428070763,-0.5392653263822313,-0.1491134777685957,0.0
-0.8574600122027455,0.16021365819949793,-0.6817893625848169,-0.8218667219839519,0.031058272760134523,-0.46815113079324333,-0.20056191942425844,2.0
-0.9225620282194431,0.09779420903085231,-0.6212311975163027,-0.03191633535835234,0.010831466157170497,-0.5332935256688536,-0.162060300916601,0.0
-0.8655679398317898,0.041209608555482,-0.5614957392293376,-0.6642055991799016,0.0598410108891622,-0.5782729910898395,-0.10830965468568729,2.0
-0.8691929852698204,0.0629310379750718,-0.6579149542979073,-0.008330577166579728,0.009513113587562863,-0.5581128132972542,-0.16289003302473587,1.0
-0.7985016742087052,0.03705601657860731,-0.7735552076802352,-0.05016220772046559,0.014003546414658244,-0.6362596301846458,-0.05749658510600291,1.0
-0.9560224186262402,0.020295426110019495,-0.4949926544931757,-0.39828988085868555,0.11865336376026263,-0.5508201848055816,-0.050311817241648016,2.0
-0.9558796076643243,0.06562427260366331,-0.5247946319319772,-0.46540649738885614,0.08929087328036357,-0.4946449000809437,-0.12573719399442668,2.0
-0.9620237184587359,0.06353807434986826,-0.5473181211139827,-0.08456974839266485,0.03998461156287479,-0.5149496384479012,-0.1432936590843462,0.0
-0.9543974191040253,0.06493710312101797,-0.5239830188739579,-0.519828375685454,0.07785229136881908,-0.5354278833319127,-0.11055703749934591,2.0
-0.9701858944190566,0.03452289857627536,-0.47881635898407904,-0.3160325567249451,0.0907925585896334,-0.5246722509350302,-0.10095960875654515,0.0
-0.9734243770057257,0.04526607749854232,-0.5096968758429592,-0.013072615886173672,0.06611425302977017,-0.5133777525982766,-0.13081341591978646,0.0
-0.8461751002411556,-0.010613039439737869,-0.6445736154917397,-0.12737354024229097,0.02041009645567568,-0.6223404434984259,-0.047141056899985045,0.0
-0.9574805980927437,0.06430895480727729,-0.5473620397415528,-0.2983729872040192,0.06445653427509689,-0.5501531096908473,-0.10660575767410824,0.0
-0.9761918185126061,0.049310051564683856,-0.4757039896954752,-0.4935184950548013,0.10466724360826524,-0.5097443365229317,-0.08961417192570721,2.0
-0.861660715197707,0.0991598140390842,-0.6689426448392717,-0.5730771512833174,0.04657292788483997,-0.5553997280089091,-0.10717517816321626,2.0
-0.9108814500723996,0.12235309129989631,-0.555170991123611,-0.8420978676060791,0.03192871107562352,-0.5194111713659973,-0.15588177306962755,2.0
-0.9536104115367141,0.0279113547116572,-0.5444971223492052,0.10546980994075511,0.05075977884738751,-0.5319037971419013,-0.11746385675510562,0.0
-0.9300495864256846,0.009479585860463095,-0.5870577992631041,0.1423396989326025,0.04592600442260614,-0.5864459625777435,-0.05707750307706385,0.0
-0.8447538964913156,-0.03962492909975661,-0.6175158576620173,-0.02990812342365709,0.05532894530639247,-0.6419246243015683,-0.0579136250618125,0.0
-0.8914633341335364,0.062358622890035575,-0.6738235666454285,0.026687948701892034,0.009314427604627341,-0.5579974400385691,-0.13805872775656888,1.0
-0.9553921655858708,0.04995679175265701,-0.5524694515720059,0.0047705887129146085,0.03957833891358286,-0.5265356305517181,-0.14289950670778082,1.0
-0.8829129869589928,0.0687610741402952,-0.7004496494850716,-0.06375099275052873,0.02736957461577927,-0.5666305643865316,-0.1100352456843341,1.0
-0.9751348318994905,0.03005044762326536,-0.4690136271919268,-0.39293445515970904,0.11023508662807013,-0.5567234075578289,-0.04804751737755163,2.0
-0.8005041981051753,-0.020190991539988143,-0.6228225125305062,-0.5132270927363067,0.10462667720867473,-0.6712601003182197,-0.04949190202576969,2.0
-0.9107348311583745,-0.004955418410922341,-0.6142908123195917,0.030272000369456764,0.05842321389408784,-0.6053700138791549,-0.029869983824440033,1.0
-0.9690985710099791,-0.012140110008169669,-0.4311168439417758,-0.3486650470439622,0.1422145335757688,-0.5789289915160174,-0.01715743860595445,2.0
-0.965217900732539,0.04824667925436211,-0.5048076780658207,-0.4590736510537991,0.09084477576347966,-0.5599484532601808,-0.05904459706218862,2.0
-0.7149164320132014,-0.09375285582857154,-0.6322695687511101,-0.5411478761126483,0.03947514231640772,-0.6935789312226526,0.017003129956252916,2.0
-0.9658592645105267,0.021007283430555423,-0.4928883276969804,-0.3549669990801054,0.11782391350194173,-0.5632137574775787,-0.04347472714308938,2.0
-0.9638037591309592,0.05736726698553185,-0.5246794400526695,-0.027134604642858218,0.04830050425473573,-0.5138184955295663,-0.15019680106611732,0.0
-0.9156386171617835,0.03948183170940346,-0.5340668416439632,-0.5503798131191142,0.10135313755289133,-0.5994482909431944,-0.06272310333209839,2.0
-0.8898113322292404,0.06352971058830767,-0.5630928568196363,-0.7779023149168097,0.055630955090445355,-0.5742669285171116,-0.07793423950883192,2.0
-0.7554474118544736,-0.009860542545519345,-0.6227409403135775,-0.6097343017772399,0.065148941892695,-0.6294444437862635,-0.1320186678514207,2.0
-0.9436112400705233,0.06139239622735285,-0.528616276559715,-0.6860001436750147,0.08825574494045725,-0.5422243839017455,-0.08446171754596413,2.0
-0.9183845642551289,0.1494030363188773,-0.5737818575240163,-0.8131269489896263,0.030506657982986112,-0.5390928995934917,-0.14163299289156905,2.0
-0.9221278167552719,0.03202400808467995,-0.6092225711403326,-0.0026714567297643765,0.047452450748359555,-0.5777194412582461,-0.1100546960296504,1.0
-0.9165630368746072,0.052431041369458795,-0.6032002277117555,-0.12148001362515873,0.04938060522891123,-0.5672100458473832,-0.11437015997030564,0.0
-0.924805076027893,0.052760516973614016,-0.6105421273023176,0.010822934720236793,0.030188510961867174,-0.5409534814937507,-0.12945588975431546,1.0
-0.7954270561576919,0.029636709693599095,-0.6804997056352894,-0.4906325457900034,0.06029926793339302,-0.6740838578949301,-0.08134390912167912,2.0
-0.6782536015937997,-0.14618980570212975,-0.6254244663617154,-0.20369325471217622,-0.011501052246264104,-0.703324838361089,-0.04182412303785894,0.0
-0.9113044999003794,0.08762173360870204,-0.572610544047659,-0.6984662290731085,0.0787437428964959,-0.5006932167841291,-0.1353517844356342,2.0
-0.9855805755557515,0.02250474739853052,-0.4688146633307744,-0.20235089099524256,0.09910829837218686,-0.5358429966565692,-0.07796186128520675,0.0
-0.9608156550460165,0.04170760788330944,-0.5471470656571756,-0.0009175053453286675,0.05862093057072645,-0.5394938425782346,-0.10905005255422753,1.0
-0.9450098191840388,0.04126590700638145,-0.5807123709228128,0.011421618597758254,0.04458300689321011,-0.554182502977904,-0.0893794055318793,0.0
-0.9037213100725093,7.686367290898888e-06,-0.5609253162909118,-0.46246987590937677,0.08962440243843367,-0.6381291596256784,-0.04183041764880856,2.0
-0.6122819700261586,0.02663250641404949,-0.8336960966315322,-0.06251133390220015,0.04766240231586683,-0.5709203260415489,0.018017120436389214,1.0
-0.9642219668978458,0.053010621909769566,-0.5477580899257619,-0.002365791424215641,0.04764491386275447,-0.5077668433895478,-0.15307631119284515,1.0
-0.894931438742982,0.019792095699976964,-0.5774969261761911,-0.45807326512166924,0.06581706838884481,-0.6305240459919151,-0.03829721782647062,2.0
-0.7477987290699325,-0.007061384513583277,-0.6592910159961222,0.011290638281497761,0.06871413460809447,-0.5389719979985254,-0.09541742451796062,1.0
-0.8943120816476408,0.13664593811361853,-0.6272515359049858,-0.698969053359098,0.036960775446871916,-0.4930053127459844,-0.1830612239909823,2.0
-0.8884354131875661,0.043000856949110045,-0.6350979721788038,-0.06821745618107672,0.02903261761792684,-0.5926660860260209,-0.08251307364301785,0.0
-0.9291415971392851,0.05537461036170722,-0.5867868015964923,-0.003765566241908047,0.034244669515498996,-0.52802179924329,-0.13108267008413188,1.0
-0.9546789669272995,0.06433189936107399,-0.5639811206762135,0.009780557993054356,0.03281461983614098,-0.527929889690118,-0.1376377692112671,0.0
-0.9519661976995188,0.017286860507712734,-0.5002653874881557,-0.3597922515122356,0.10661496479875388,-0.567144955059176,-0.04412243022111254,2.0
-0.9347288707612323,0.01867345930560671,-0.5456488587941211,-0.36109982765983173,0.09687876378991955,-0.6164539333273252,-0.004014544535407533,2.0
-0.8614005364942704,0.15876707075939805,-0.665591045051046,-0.7800002458993703,0.02590794817885956,-0.5015154018587749,-0.18317987054664708,2.0
-0.986838846998343,-0.024709012157069957,-0.4349045649378244,-0.031641981914223405,0.11196780512432009,-0.5441772692864361,-0.041595628469924505,0.0
-0.9719641868826129,0.04118999985369251,-0.5287210207194414,0.0832247904200889,0.056113411616365676,-0.5129513254656496,-0.1249477659789778,1.0
-0.9564957973991353,0.06285505932599726,-0.5282739031161803,-0.43503230044774654,0.07284333901226447,-0.538103843363385,-0.10422372378016635,0.0
-0.9728468952204721,0.01704975696795929,-0.5026102973003999,0.14639996705601166,0.07239656253971972,-0.5061733267187055,-0.13505265548688292,1.0
-0.9057643381098718,0.018898648148390988,-0.5788258285049122,-0.37616973854135516,0.08908458538976356,-0.6295018974821904,-0.03986172016286309,2.0
-0.9771938764885074,0.02035241163946842,-0.4561513520228094,-0.4962201426213059,0.12719306219591464,-0.5581000960225543,-0.027463612179905422,2.0
-0.9666206181987442,0.03967814540534265,-0.5186220307201646,0.007915765813857667,0.06487271500479777,-0.5319296375998422,-0.12578351332996243,0.0
-0.5374647529975801,0.024339737686237817,-0.6033222138227119,-0.6702584489000192,0.14606724786803324,-0.5669405063190326,-0.29550146417810197,2.0
-0.8308968920096081,0.006606106569587676,-0.6477066285271419,-0.5775379443825737,0.049806825735604826,-0.6691374795551723,-0.01133056761939058,2.0
-0.9698732777045254,0.021117171569103962,-0.48789152463682894,-0.343794875336277,0.11611876444150353,-0.5774141527714031,-0.024214537248069795,2.0
-0.9737300582473581,0.025974588406155994,-0.5002224056805487,-0.00641374211199805,0.08139898510043056,-0.5285621740912619,-0.09061976670119744,0.0
-0.785755781265943,0.21482574645822047,-0.6852298402573009,-0.05850339125258694,-0.03108414563680395,-0.5214322897454456,-0.1234659673059673,0.0
-0.558599462773993,-0.1625230221563395,-0.6020224358300693,-0.13897737570117635,0.02618367686272393,-0.5037450189404374,-0.33566886759123404,1.0
-0.9366183205526404,0.04472645308952516,-0.5556307134392608,-0.24762648871218032,0.08287299974944877,-0.5775895103075377,-0.07296826965994091,2.0
-0.8399734282071777,0.05561320291493711,-0.7053001239004922,-0.039523559459784585,0.024854092093378098,-0.5721810348249403,-0.0986096134978491,1.0
-0.7994719260625618,-0.03597249132639006,-0.6220581932392123,-0.26934517614810016,0.07156301688259448,-0.653268090033268,-0.13089893289356916,0.0
-0.7254172140710041,0.0998411650042549,-0.8610000094442501,0.06178034719794229,0.0895961046951127,-0.5231753214450703,-0.060107415529119974,1.0
-0.43448742112356026,-0.09091087529566153,-0.8007996788963188,0.09790962031343114,0.38280243016455234,-0.5000170760353694,-0.18447075619792838,1.0
-0.7199849221971835,-0.0862254103611412,-0.6203550984564111,-0.6434316878630058,0.02820647826944532,-0.6784962899598161,-0.019244738248671206,2.0
-0.7906113489358743,0.2508011206204342,-0.6247060649320424,-0.053855202974455535,0.06039216638235457,-0.6512565637480228,-0.22044535829500894,0.0
-0.923278751709115,0.021989535304028755,-0.6139326848985157,0.039630215956993675,0.03885880193227617,-0.5883360615442546,-0.06409158785150942,0.0
-0.8012018785570475,0.011001897512352726,-0.6586932894487434,0.014997327611149441,0.036678390419048905,-0.5113358164692824,-0.08599694550317548,1.0
-0.8960478760112203,0.08253859197883731,-0.5589053431445516,-0.7433909834300133,0.054173494952970205,-0.5662525017516183,-0.1154472953468213,2.0
-0.9343019692443169,0.058439979314893226,-0.6061338936953227,-0.006000541413297061,0.03183348385709196,-0.5617145221443769,-0.11415956804195122,0.0
-0.8901250107858433,0.1588279818593879,-0.607037814959999,-0.7333538570394543,0.05132671982443213,-0.4375693288044699,-0.2146568369344949,2.0
-0.9468622977651845,0.05405321582220605,-0.567082710100654,0.013590539969378146,0.04941364719233837,-0.5113098918156755,-0.15424080327884848,1.0
-0.9510231892750071,0.0317300903602901,-0.5527467918313825,0.08801277796822399,0.0617588550588154,-0.5490017784701916,-0.10458310535663325,1.0
-0.9503987462287221,0.029726490093710166,-0.559349819892729,-0.028850059885148244,0.05608318509960033,-0.5443102590145317,-0.1056283691470925,1.0
-0.2384236798049939,-0.25130432204476033,-0.4767383010290376,-0.052104819350959286,0.02409310088322416,-0.6474400846355819,-0.0980509990088119,0.0
-0.9250998492693764,0.040711916579559984,-0.5375017572360263,-0.5597181779633619,0.07053569725571024,-0.5642572853686355,-0.09060009728415999,2.0
-0.9040185750554198,0.03377530925849323,-0.5930244841471443,-0.2837368655427367,0.06708531643152295,-0.5974328042752198,-0.0787648595128664,0.0
-0.9341609242282325,0.056588602770872715,-0.6165933635162544,-0.01897453811020211,0.042219503584276924,-0.5341563675411708,-0.12088963735246226,1.0
-0.8868410556197784,-0.031113156608042813,-0.4776564751792513,-0.5992883089603293,0.13856734344920518,-0.5787899944099063,-0.04881939967586383,2.0
-0.35792372270662576,0.15981990015298098,-0.7054226306292991,0.05871809668810429,0.06707656065839016,-0.5561913253147781,-0.01530585093104904,0.0
-0.8354506774730612,0.06647742018120645,-0.6878934523178719,-0.05022880457233553,0.007532405666778111,-0.5490504421490761,-0.09790838694746305,0.0
-0.9465666386276954,0.03519704105668666,-0.5524492886972775,-0.1436438498675262,0.07718138765442069,-0.5750438955009549,-0.08298898144399311,0.0
-0.9567337499680593,0.06641806706506156,-0.5614635711225052,-0.14659338151935303,0.04402965777607788,-0.5251943696037061,-0.130772846882585,0.0
-0.9589633568684934,0.028766266598263802,-0.4995258313864863,-0.3552296405252665,0.10825314605649214,-0.5813514864138843,-0.03571174809041426,2.0
-0.8628163236624031,0.06575300709181453,-0.68188014856798,-0.067658911637663,0.02210187927570291,-0.5964915779386979,-0.12951387368502384,1.0
-0.6807863237449234,-0.07175964229342663,-0.7203541493208258,0.04683732283685582,0.07903483207090364,-0.6551965561658634,-0.11581379961643365,1.0
-0.9541799777446943,0.042281980601220195,-0.5469109846093885,-0.18801286898842726,0.07319073709068537,-0.5650457338939725,-0.06485325585964252,0.0
-0.9660719286376523,0.03128993371871507,-0.512987244104015,-0.06711587046513912,0.07360504151247454,-0.5147407229525282,-0.11639403217501923,0.0
-0.935103283128093,0.04436379572092034,-0.5392607680798219,-0.570120262731455,0.07702567106885495,-0.5741078907518353,-0.06824473113245993,2.0
-0.942484351616718,0.07209966960326206,-0.5936339725752728,-0.05607414000258987,0.032585284132224626,-0.554218040397449,-0.13770484355606344,0.0
-0.7437507177046899,-0.08895360519798104,-0.6406012192797177,-0.24923271671612793,0.06564466837810368,-0.6624025702634132,-0.055977359271542994,0.0
-0.9629271586062799,0.017346607914380207,-0.5092475178641744,0.02408472566878489,0.07128463709709153,-0.536448829429739,-0.09677588531186973,0.0
-0.4316603380524801,0.012426749903644604,-0.5198065071605411,-0.08685879002699078,-0.15605156708906473,-0.46161613018038417,0.02611732121981508,1.0
-0.928234909969275,0.035150540188558,-0.5694535258319486,-0.10374438169600074,0.04715994323113844,-0.5012047501318799,-0.10273674154387316,0.0
-0.936056157455647,0.05531313209467128,-0.6126537494497084,0.010846620994262257,0.03920697103602263,-0.5701735905744141,-0.09972304633445857,1.0
-0.9677658398686845,0.034868836515552816,-0.532402876923143,0.05555506199921473,0.054462547257088094,-0.510727759284884,-0.13519067149647387,1.0
-0.9491174372455783,0.05422196369901811,-0.5571185914374854,-0.051526292045898675,0.059109022224515126,-0.5476579545568506,-0.12134728499708504,0.0
-0.9211622651776002,0.11001193931815917,-0.6039336290794507,-0.5928379340727832,0.04440694822208455,-0.5354738571060519,-0.14745190499976654,2.0
-0.8998956442412136,0.12394482714023274,-0.6007983646447338,-0.7695896146591413,0.060844847221666096,-0.4839150988083767,-0.16750635061292124,2.0
-0.8806048697491021,-0.062407715567832825,-0.4896233041304945,-0.4476134646572966,0.08308272366113806,-0.6222430197024134,-0.016082591258658574,2.0
-0.9909890577642033,0.0026227143881412535,-0.4143747503457508,-0.37619203026319414,0.14031656777134105,-0.5415335478141734,-0.029396997040336922,2.0
-0.77346924473065,-0.0889555937454517,-0.6487873121467196,-0.03586704587953565,0.06027952931169679,-0.621059657460356,-0.07371574904107553,1.0
-0.9411202623469519,0.014729326365456527,-0.5748600625988777,0.009507030798669158,0.06859207712180299,-0.5638787677407711,-0.08266520644531523,1.0
-0.9629972677628077,0.07221972123925816,-0.5393073986826009,-0.0323818375554874,0.04084058789677141,-0.4920266365458369,-0.16691234123596205,1.0
-0.7221533354248423,0.25116006410329406,-0.6751705838407122,-0.029462324155734104,-0.0010921807468881328,-0.6275559124382994,-0.07770170540223464,1.0
-0.7308828700957748,-0.005569207276751836,-0.7518598203215182,-0.18232322147749458,0.031245767850431195,-0.6454284338878888,-0.10745618183192908,1.0
-0.9704990740684446,0.021184726548617975,-0.5128107817370252,0.021413837718323864,0.07304693960971431,-0.5259688648016339,-0.10415973193995749,1.0
-0.6357588919758668,-0.029557733971289857,-0.8244544757999502,0.006115007830626157,0.14948901261836112,-0.597081607284459,-0.05019916362437606,1.0
-0.9590468541961585,0.06234610706954565,-0.5187289006456116,-0.24523715552923717,0.0527165499129363,-0.5101679272135187,-0.15276581692737112,0.0
-0.6360681211859682,-0.15328059547436776,-0.6608963561916144,-0.07817338837441912,0.013924823651660659,-0.5153526440484177,-0.08666579464237226,1.0
-0.9318277821492522,0.029236688988077148,-0.578107189678477,-0.16029181472734744,0.05301596086813035,-0.5655300334205605,-0.06249508547879275,0.0
-0.8304932716430792,0.04276922669583765,-0.685939267075216,0.02713276311639376,-0.0075569885787620805,-0.5800723031780115,-0.10116342063129548,1.0
-0.9457890156368197,0.028038297390072606,-0.5717452534998846,0.13559408712273702,0.03848928698290578,-0.529939779135856,-0.13137258761322157,1.0
-0.9046072672099941,0.04932656987675803,-0.629977039930829,-0.1702685883070812,0.0486908122693799,-0.5702299553223699,-0.11649214070635878,0.0
-0.9784475062241095,0.02817319795377332,-0.48561135056796706,-0.19887702300823243,0.10719545594559038,-0.5391320507857167,-0.04947011036410241,2.0
-0.9568924071603453,0.06247090988720122,-0.5165871185021669,-0.35940135953528285,0.07012696550055583,-0.5275325548506499,-0.12574087619338048,0.0
-0.961833442618093,0.039248732051651726,-0.5496681784200518,-0.02854908026404543,0.05931663013654219,-0.5392942444459393,-0.11061929725216946,0.0
-0.7712311107494668,0.0535835391592403,-0.6572445455680306,-0.4996595708863168,0.07611357353628638,-0.6450285122312617,-0.09221783738712952,2.0
-0.9201363596856639,0.08480337568188502,-0.6285246918173009,-0.08242827342761687,0.011458360397613256,-0.5410515135087791,-0.1354452310572353,0.0
-0.9582101989614382,0.05185796885821727,-0.5153475349202841,-0.4231046904327519,0.10088543410388258,-0.5354466382751565,-0.09622568886326155,2.0
-0.9777795815584571,0.009903217893475293,-0.45714046414352544,-0.35650587986006554,0.12698353298602483,-0.5788914074921744,-0.028523219819508838,2.0
-0.8303559323958832,0.07665068223640474,-0.7259716813632258,0.049843560308113544,0.06990587752544615,-0.5260754095339129,-0.14482015514361735,1.0
-0.7202670818952288,-0.024697703059236256,-0.6780556326532808,-0.1328666739260268,-0.017061982452636404,-0.4990138675154397,-0.13886466885585652,1.0
-0.9688070896800419,-0.01136775465616889,-0.5020299630118382,0.16138836558676,0.08604780475080237,-0.5431861698426854,-0.08040595145549252,1.0
-0.3913328550881311,-0.09510872266040021,-0.8592484966980418,0.08679170877078263,0.32916819326497876,-0.4169726733735958,-0.015001670549165583,1.0
-0.9524621377508415,0.04512913278413468,-0.5715206818303159,0.027139103138674597,0.04299238018605128,-0.5475946503008279,-0.09038464741963058,1.0
-0.9145146925788409,0.03859794772961088,-0.5587220887405007,-0.3819481717293335,0.0589068575275097,-0.587993755534743,-0.09123149465287868,0.0
-0.9684137854736719,0.04438138038767925,-0.5151847203345508,-0.4059523569902682,0.0984803889433655,-0.576245297288391,-0.039498817861980784,2.0
-0.9780165720890903,0.03542628221189157,-0.47275021321597566,-0.35095475244773633,0.11720989545559096,-0.5357623271439363,-0.06654338588758783,2.0
-0.9851885881878069,0.03427751553441914,-0.4999319263079011,0.047560187346331495,0.07401833988533468,-0.4933568134364175,-0.13329812697510107,1.0
-0.7993563020455328,0.01090533419553813,-0.6505239491650607,-0.5243505640917971,0.060202338185514834,-0.6543665285161889,-0.051561703591701966,2.0
-0.9563773001547833,0.04248064379493755,-0.5553807942028434,0.0611262305784655,0.04716999677918649,-0.534053256260676,-0.13350652918364792,1.0
-0.8470111105881802,0.04425198230010225,-0.5754812079692169,-0.8249311465371558,0.09109545166215277,-0.5530607546448079,-0.13682303267824059,2.0
-0.9429133975698939,0.07620502380561056,-0.5762750185626437,-0.1584994501102342,0.04973161477415662,-0.4785303026333843,-0.15159250874891853,0.0
-0.8472905681538013,0.008917673319331625,-0.6533692736268056,-0.13159639144689692,0.03723836471349212,-0.5890200161720089,-0.0945128183259827,0.0
-0.9748727723591196,-0.00578439220391587,-0.4556073910508871,-0.32702485996619235,0.12881977205593997,-0.5843780908986879,0.010061175424343774,2.0
-0.8855281488688181,-0.011809025513350599,-0.5578936244234668,-0.4490509075072493,0.09483793595581792,-0.6311140527942994,-0.015519136176377069,2.0
-0.9713695012384488,0.041252966740982694,-0.508769613247652,-0.0037037327990292745,0.05944541510992127,-0.5044535369510742,-0.13615063151633264,0.0
-0.9317183034587327,0.010255101170981204,-0.5845965299049232,-0.10822816476388844,0.06256680678862825,-0.5772221919733985,-0.033578450950459776,0.0
-0.9263412758710243,0.058791763590190026,-0.6027690331914113,-0.017217944832902343,0.029789074597316265,-0.5390647554094569,-0.14469163576275493,1.0
-0.8835183103546109,0.09773658297000856,-0.715742041417213,-0.059108622338389094,0.017748364757378343,-0.506675238784047,-0.13097260383162818,1.0
-0.9239163054347795,0.09952862090335399,-0.6209198466317677,-0.07039497655534058,0.017937764618211567,-0.5405818387526818,-0.13473831613074833,1.0
-0.9612651201433486,0.05649813591460286,-0.5204033869662859,-0.26957718422613286,0.06562213450380636,-0.5151387769049215,-0.13396363336062433,0.0
-0.967012897407615,0.054882378187169456,-0.5286513486441136,-0.16428811220739725,0.06131068942834634,-0.5188485285175727,-0.1277552339837147,0.0
-0.913784568708808,0.0013971539870689734,-0.5276494690430996,-0.37797221155941085,0.10587316726225689,-0.6098616673121756,-0.06133122720374167,2.0
-0.7880743612543114,-0.014114727961070744,-0.6617100399314256,-0.1585234775663346,0.003728144992080247,-0.6073183910773866,-0.0882421227079959,1.0
-0.9502127097569023,0.07997580965697096,-0.5263019891917902,-0.40678921354110636,0.07309294868315797,-0.5296642086979882,-0.15938524558923584,2.0
-0.9598310012612303,0.006837384142379291,-0.48581054695462766,-0.04053453664856313,0.09930341382465749,-0.5506037248686338,-0.08772418271600756,0.0
-0.9517069537402725,0.01201587722010005,-0.4986699104989581,-0.43208571060685114,0.1235269620716146,-0.559991056542729,-0.03243478129659488,2.0
-0.9777560596280684,0.01881537622606795,-0.505412953091821,0.11746830141997444,0.06647829828026336,-0.5161455173564427,-0.10894580521636048,1.0
-0.8869772158271376,0.05086758044549424,-0.64614510920608,-0.046505645980748744,0.013432753052234236,-0.5475425202626916,-0.1241283610901123,0.0
-0.9279574742412952,-0.018401139988682966,-0.5111080947526683,-0.022477089116099608,0.07815245056539202,-0.5636972167654927,-0.08905909940624611,0.0
-0.8071215377619655,-0.036525870195002336,-0.6264806443376428,0.02895965952647145,0.02005362281157777,-0.5672248392049415,-0.11799677607568074,1.0
-0.9749740304285693,0.03505996704847697,-0.5060230862031776,0.024679009158796505,0.06286805936031566,-0.51198494529503,-0.12289148861684121,0.0
-0.8902742330517194,0.029849455902830176,-0.6642540067427166,-0.06481595725797401,0.04787089884212309,-0.5937946280172827,-0.07764956574415717,1.0
-0.9218614849839142,-0.004792334171252147,-0.5515914306555455,-0.04965911926566882,0.06257239148501219,-0.5941210512888917,-0.08120222654130364,0.0
-0.9538899596354553,0.03682185933127931,-0.49912463441742977,-0.3832808120345256,0.10807732484782023,-0.5824257364675456,-0.05392172396110463,2.0
-0.8048632324065864,-0.06733217926176181,-0.5763997853883267,-0.20737765697635632,0.062394497433335014,-0.667201922820538,-0.09662769882638356,0.0
-0.9317323143525111,0.08794510504724473,-0.5526504307907039,-0.4248581607075286,0.05125870352629131,-0.5258236391104237,-0.14391833049766178,2.0
-0.8546733017053576,0.0461570413943759,-0.708531561197148,-0.04018736793672989,0.020009093663660903,-0.5882666451085677,-0.06592400588730837,1.0
-0.9398717744105347,0.06101982635687397,-0.5331923953065598,-0.6303299012561421,0.07666117841098631,-0.5733441753102434,-0.05818988532062035,2.0
-0.9592507077787834,0.049068696336211325,-0.5370797323916613,-0.12347806672978598,0.06312314748122833,-0.5522945836306056,-0.1012193134310227,0.0
-0.8579862522043696,-0.013067717079550623,-0.5676086376672135,-0.6298369364884955,0.09169276418936716,-0.6324190177499511,-0.0341750212281626,2.0
-0.9308791835737688,0.042374630602740056,-0.5268883184094277,-0.616224132824543,0.08111158312236494,-0.5805492882488684,-0.05727212342884763,2.0
-0.8286698401100927,0.10248262166435687,-0.7049278945569413,-0.12665253838707968,0.04196388968626213,-0.5901068581311404,-0.17384976766265425,1.0
-0.8194665523359603,0.022076972860564106,-0.6306484336650512,-0.6327263740271141,0.03204736087793088,-0.6467913448545972,-0.06980099450691588,2.0
-0.8759193495503765,0.04811766011398051,-0.6798331681079921,-0.0319126765981633,0.041403563473830673,-0.5695081703741995,-0.11020570553783694,1.0
-0.9687548076722747,0.04526945698991409,-0.5375344665083693,-0.04519803189148258,0.0654886752135617,-0.540027427060374,-0.09779014995221648,0.0
-0.9727377014357688,0.00854435603702814,-0.472497359802768,-0.3391580686317277,0.1264352154764886,-0.5671836863307698,-0.021676240155650256,2.0
-0.9735008534800232,0.021642502635370237,-0.473619698028527,-0.3062409383285043,0.1197382539466389,-0.5668641315881903,-0.04451305847109889,2.0
-0.9443812330658302,0.017588448547895662,-0.5598374723212265,0.049431663649380786,0.06015974821395248,-0.5489329924190489,-0.09224494999771911,1.0
-0.8474641487690814,-0.15849725502696416,-0.4378853225904865,0.16404111993799603,0.0654350575837118,-0.6226832019552757,-0.09906269049899503,0.0
-0.9517793527915355,0.06980312478798774,-0.5638004977698616,-0.08128809285280222,0.047324655756830376,-0.5206292039730965,-0.15975152560132344,1.0
-0.7556359938690496,0.21452665516831307,-0.6179325445164812,0.13152627400152533,0.07931583189402151,-0.6674385108655896,-0.2465406462813509,0.0
-0.9618845999601904,0.08799821897403667,-0.5580139012307036,-0.02823494202168708,0.01866922092516203,-0.4682948942635657,-0.21266028020604466,0.0
0.09127791831057219,-0.710977971717591,-0.09869169481368228,-0.0910139942415195,0.017386141262915968,-0.2769847862397176,-0.970350117988025,1.0
-0.7201103745222257,-0.05268570242511533,-0.7167513422578803,-0.1034301802672353,0.06250804713795087,-0.657741152473654,-0.06950767449021748,1.0
-0.943247493450408,0.045345081503691244,-0.5641257926541937,0.03985576758457396,0.03511506025246894,-0.5187368658378253,-0.15723890955373504,1.0
-0.9611873498010056,0.01647896868872734,-0.538506280685235,0.12975351472378427,0.06252491391702411,-0.5439573944074836,-0.09024416668776257,0.0
-0.22898414991028637,-0.028319023386768297,-0.793735611451059,-0.5710460235872292,0.06663829262310503,-0.19925848180941153,0.19415237781777578,0.0
-0.5337191208810028,0.04576983339977891,-0.6590546920072261,-0.8524258729611084,0.04899053382175688,-0.6313535462205674,-0.1841111904769981,2.0
-0.9746267705820806,0.04271467303257065,-0.5138404147071712,-0.016155773294999537,0.06779136750585152,-0.5140431407439413,-0.11372618811993129,1.0
-0.9486088078017694,0.012028213053295482,-0.481988529923285,-0.547119723978746,0.11737242845389487,-0.5889129418081991,-0.031117790139379695,2.0
-0.9624592147452893,0.03545173788780829,-0.49275280586505843,-0.498626699535718,0.10870523183336142,-0.5450192273622362,-0.0608731192805178,2.0
-0.8453562703220253,-0.018153864107283618,-0.6597561798183716,0.008364939730848703,0.039191411721165345,-0.6304094857680588,-0.07728611413971317,1.0
-0.9066393800056582,0.09776729837857911,-0.6533330125148931,-0.11318176677282908,-0.006470883028763266,-0.5343433586478337,-0.15865358927924658,0.0
-0.9769500507559024,0.005458431557594991,-0.49606218641358596,0.12327465765137041,0.07522498170171693,-0.5222276312178408,-0.09733158314844817,0.0
-0.9691203349019951,0.011215892098816876,-0.49076025080440644,-0.3413760559816279,0.11774375060178335,-0.576678302684447,-0.01050548208005006,2.0
-0.8261489892483067,0.16405203257605996,-0.6583317882926878,-0.10038612052005905,0.04415107422393369,-0.5677423092066468,-0.25992353295838194,0.0
-0.9021363868612026,0.0478371710282155,-0.6331880166258299,-0.044956168321665435,0.02043730377348034,-0.5850851217495822,-0.09195342876500825,0.0
-0.6006155905060969,-0.21033372460212418,-0.4287601531693145,-0.5342027528980049,-0.01349975450465217,-0.6288512961275842,0.09791255585171821,2.0
-0.9041708729436476,0.03246146671382164,-0.6249758863102004,0.06230548093118987,0.02295317578045389,-0.5517929954718805,-0.11445805345183988,1.0
-0.9591797307188092,0.01708515770947275,-0.5292000318031415,0.10465590922494766,0.06468640375180684,-0.5413021026377994,-0.08476226360547821,0.0
-0.9478847174531281,0.06475382402894997,-0.5462891773229912,-0.45697789656170007,0.07162277786254587,-0.5560518454612428,-0.09904216589904309,2.0
-0.9632126755762127,0.015458972483675296,-0.49615555377482995,-0.21289758742986822,0.09242193721521384,-0.55714495739302,-0.061548392662962415,0.0
-0.9573188642784616,0.03783358404283913,-0.5679967419076939,0.08575163372540245,0.052782355582092544,-0.5521483137678103,-0.09093842487206465,1.0
-0.8579524567425195,0.028272788779051778,-0.7330773889133596,0.07445315887425213,0.03522860541481157,-0.583745377861228,-0.06880464420210634,1.0
-0.9824572195170016,0.02504607074730069,-0.47285638242698047,-0.33179101011089573,0.11637044084559117,-0.5567787546824394,-0.03794926035733265,2.0
-0.9891839380550167,0.012264946178796067,-0.4327178641122694,-0.2737649131651835,0.13164581020311847,-0.5411354956125123,-0.041562736274171015,2.0
-0.9183705105463942,0.031520205527694294,-0.6321336613183068,0.14498704634765475,0.04940533426170474,-0.5127213801109679,-0.08671144950754961,1.0
-0.9637826299702318,0.032613833770762275,-0.5358050150477599,0.02275163877825273,0.06420464582936221,-0.5293885719839062,-0.11030822173591617,1.0
-0.9286027311771263,0.03054609534010518,-0.5607440062282585,-0.1176345280411538,0.06352434119455196,-0.5845662612558092,-0.08611860338950221,0.0
-0.9288677080629834,0.08854571439064174,-0.56297582540388,-0.698151191644259,0.0466906228776908,-0.5521261035942187,-0.11142918235080321,2.0
-0.9767648280299825,0.03622751885097505,-0.4716480175576821,-0.402690780969999,0.11429080905284678,-0.5501065589528401,-0.06224065251443401,2.0
-0.9791665594258699,0.03129186423924714,-0.4870520836130374,-0.1434657494933406,0.08352737986623535,-0.5188205584324511,-0.10368560149701588,0.0
-0.9498094577542939,0.038972515363234365,-0.5573785117873815,0.03036367363638079,0.049715779392788005,-0.5473196989175189,-0.10709565921194564,1.0
-0.04224734746220993,0.2875293370764547,0.11107663280664415,-0.2500166582279146,-0.09696509371394782,-0.6951030743041023,-0.4723290853843312,2.0
-0.961308111576153,0.04516057723124512,-0.5354342643289169,-0.25921517599082244,0.08499307904900266,-0.5670752975035005,-0.058092575739645984,0.0
-0.9550102938575386,0.0596291145819417,-0.5223173477975231,-0.6228325288748084,0.09362595004930774,-0.5465215454545103,-0.07258203136631242,2.0
-0.9678907120930168,0.018082202931654037,-0.4702543632918043,-0.3703873645360476,0.11359769964947757,-0.5529937870619105,-0.05034599992350584,2.0
-0.9482655886037678,0.055589696741512595,-0.5423092065898218,-0.4412205863228937,0.07990452603388973,-0.5558693432682145,-0.0763073582625586,2.0
-0.9251202825778206,0.06523310826909115,-0.6257118484641414,0.00595845939861564,0.017776719503629516,-0.5413733590259566,-0.14598773911133517,1.0
-0.7979557504748176,0.24605973615497945,-0.5894291628089509,-0.8899739998253229,0.01117088853479959,-0.4540121976377389,-0.3002329302915525,2.0
-0.9729127639889437,0.03823614541315722,-0.5078083010870058,-0.05708066769130707,0.07130175587285449,-0.5231149597665857,-0.1302201258385492,0.0
-0.7365419846693484,-0.0806888840078886,-0.6366900248775375,-0.17167028777806786,0.1261208925097585,-0.6857253010526729,-0.09810250339723621,0.0
-0.9861673955480507,0.019895631539199356,-0.44959710977124284,-0.2819583897087213,0.12583137056669014,-0.5542029046257112,-0.03425251892975463,2.0
-0.9553903731851647,0.02894086994354763,-0.5542594613452724,0.023685570439678727,0.04959430872250844,-0.5433349635869038,-0.11313192147311535,0.0
-0.9578863487576945,0.02978495551603391,-0.5201576227772637,-0.22369407659038068,0.08767333226140543,-0.5591266670006222,-0.05389439403721387,2.0
-0.8357172390072777,-0.007035046578695886,-0.6834342954139859,-0.07772396183019867,0.05965450024808699,-0.6017352665794722,-0.036510017260663746,1.0
-0.9186099877914702,0.09186323272733818,-0.6365368467370923,-0.01572653682531358,0.013402450559637187,-0.5227837369215103,-0.16702158929221228,1.0
-0.6814417204640846,-0.14446240178118275,-0.5790281463280683,-0.723278682628913,-0.022633222444920623,-0.6354123244405829,-0.02581414048680869,2.0
-0.9326811495120159,0.10221657327528941,-0.576328925890828,-0.5544979942802576,0.05117536308861465,-0.553985964498189,-0.1351194831030993,2.0
-0.9391474067872511,0.031008754785550048,-0.592723781317735,-0.04120313360062616,0.05306740359020867,-0.5605319293506053,-0.06920603331232555,1.0
-0.921715219878779,0.10499062990614086,-0.5933628687233613,-0.7192396188843075,0.0492116180871411,-0.5610897461477143,-0.1102777956585116,2.0
-0.9373687692011968,0.10347003797107539,-0.6114546075538333,-0.07584367208111695,-0.0018289885644047488,-0.4961413804922197,-0.19234328467855255,0.0
-0.9578442582623603,0.090467582667844,-0.5529615558297796,-0.21199385461554443,0.03275565866379021,-0.4811824195314418,-0.20359761794804768,0.0
-0.9769201410476522,0.022661958753124815,-0.5111448919843679,0.07327282902222887,0.07515797483837328,-0.5379343744752919,-0.08507434075808551,0.0
